bibliography_id	short_label	raw_reference_strings	ocr_status	translation_relevance
bib-12	12	12	not_started	unknown
bib-17	17	17	not_started	unknown
bib-184-bed-b-614-2	-184 BED B 614-2	-184 BED B 614-2	not_started	unknown
bib-1936-37-4003-1938-39-4080	-1936-37/ 4003, 1938-39/ 4080	-1936-37/ 4003, 1938-39/ 4080	not_started	unknown
bib-1938-39-brdasb-bed-b-592-3	1938-39-bRDASB BED B 592-3	1938-39-bRDASB BED B 592-3	not_started	unknown
bib-1938-39-brdasb-bed-b-595-5	1938-39-bRDASB BED B 595-5	1938-39-bRDASB BED B 595-5	not_started	unknown
bib-1958-59	1958-59	1958-59	not_started	unknown
bib-1958-59-b-rdasb-bed-b-568-3	1958-59-b RDASB BED B 568-3	1958-59-b RDASB BED B 568-3	not_started	unknown
bib-1960-61-b-rdasb-bed-b-590-3	1960-61-b RDASB BED B 590-3	1960-61-b RDASB BED B 590-3	not_started	unknown
bib-1960-p-241	1960, p. 241	1960, p. 241	not_started	unknown
bib-1962-63-b-rdasb-bed-b-622-6	1962-63-b RDASB BED B 622-6	1962-63-b RDASB BED B 622-6	not_started	unknown
bib-1962-63-bed-b-622-6	1962-63 BED B 622-6	1962-63 BED B 622-6	not_started	unknown
bib-1962-63-rdasb-bed-b-600-7	1962-63 RDASB BED B 600-7	1962-63 RDASB BED B 600-7	not_started	unknown
bib-1963	1963,	1963,	not_started	unknown
bib-1963-64-b-rdasb	1963-64-b RDASB	1963-64-b RDASB	not_started	unknown
bib-1970-71	1970-71	1970-71	not_started	unknown
bib-2	& 2	& 2 | -2	not_started	unknown
bib-265	---265,	---265,	not_started	unknown
bib-3	3 ,	3 ,	not_started	unknown
bib-31-2-3	-31 . . . . . . 2 . . . . . . 3 . . . . . . . . .	-31 . . . . . . 2 . . . . . . 3 . . . . . . . . .	not_started	unknown
bib-377	-377	-377	not_started	unknown
bib-6	-6-,	-6-,	not_started	unknown
bib-617	617	617	not_started	unknown
bib-769	--769	--769	not_started	unknown
bib-a-p-1	A, p.1	A, p.1	not_started	unknown
bib-a-p-101	A, p. 101	A, p. 101	not_started	unknown
bib-a-p-103-105	A, p. 103-105	A, p. 103-105	not_started	unknown
bib-a-p-106	A, p. 106	A, p. 106	not_started	unknown
bib-a-p-11	A, p. 11	A, p. 11	not_started	unknown
bib-a-p-112	A, p. 112	A, p. 112	not_started	unknown
bib-a-p-113	A, p. 113	A, p. 113	not_started	unknown
bib-a-p-114	A, p. 114	A, p. 114	not_started	unknown
bib-a-p-116	A, p. 116	A, p. 116	not_started	unknown
bib-a-p-128	A, p. 128	A, p. 128	not_started	unknown
bib-a-p-16	A, p. 16	A, p. 16	not_started	unknown
bib-a-p-18	A, p. 18	A, p. 18	not_started	unknown
bib-a-p-19	A, p. 19	A, p. 19	not_started	unknown
bib-a-p-27	A, p. 27	A, p. 27	not_started	unknown
bib-a-p-28	A, p. 28	A, p. 28	not_started	unknown
bib-a-p-34	A, p. 34	A, p. 34	not_started	unknown
bib-a-p-36	A, p. 36	A, p. 36	not_started	unknown
bib-a-p-377	A p. 377	A p. 377	not_started	unknown
bib-a-p-39	A, p. 39	A, p. 39	not_started	unknown
bib-a-p-41	A, p. 41	A, p. 41	not_started	unknown
bib-a-p-410	A, p. 410	A, p. 410	not_started	unknown
bib-a-p-42	A, p. 42	A, p. 42	not_started	unknown
bib-a-p-43	A, p. 43	A, p. 43	not_started	unknown
bib-a-p-46	A, p. 46	A, p. 46	not_started	unknown
bib-a-p-50	A, p. 50	A, p. 50	not_started	unknown
bib-a-p-51	A, p. 51	A, p. 51	not_started	unknown
bib-a-p-532	A, p. 532	A, p. 532	not_started	unknown
bib-a-p-54	A, p. 54	A, p. 54	not_started	unknown
bib-a-p-55	A, p. 55	A, p. 55	not_started	unknown
bib-a-p-56	A, p. 56	A, p. 56	not_started	unknown
bib-a-p-58	A, p. 58	A, p. 58	not_started	unknown
bib-a-p-59	A, p. 59	A, p. 59	not_started	unknown
bib-a-p-60	A, p. 60	A, p. 60	not_started	unknown
bib-a-p-61	A, p. 61	A, p. 61	not_started	unknown
bib-a-p-62	A, p. 62	A, p. 62	not_started	unknown
bib-a-p-63	A, p. 63	A, p. 63	not_started	unknown
bib-a-p-66	A, p. 66	A, p. 66	not_started	unknown
bib-a-p-68	A p. 68	A p. 68	not_started	unknown
bib-a-p-7	A, p. 7	A, p. 7	not_started	unknown
bib-a-p-70	A, p. 70	A, p. 70	not_started	unknown
bib-a-p-71	A, p. 71	A, p. 71	not_started	unknown
bib-a-p-75	A, p. 75	A, p. 75	not_started	unknown
bib-a-p-79	A, p. 79	A, p. 79	not_started	unknown
bib-a-p-8	A, p. 8	A, p. 8	not_started	unknown
bib-a-p-80	A, p. 80	A, p. 80	not_started	unknown
bib-a-p-81	A, p. 81	A, p. 81	not_started	unknown
bib-a-p-83	A, p. 83	A, p. 83	not_started	unknown
bib-a-p-88	A, p. 88	A, p. 88	not_started	unknown
bib-a-p-89	A, p. 89	A, p. 89	not_started	unknown
bib-a-p-9	A, p. 9	A, p. 9	not_started	unknown
bib-a-p-94	A, p. 94	A, p. 94	not_started	unknown
bib-a-p-97-and-549	A, p. 97 and 549	A, p. 97 and 549	not_started	unknown
bib-and-mm-4-no-47-p-214-said-to-come-from-sagaing	and MM 4, no. 47, p. 214 (said to come from Sagaing)	and MM 4, no. 47, p. 214 (said to come from Sagaing)	not_started	unknown
bib-another-copy-is-list-401	another copy is List 401	another copy is List 401	not_started	unknown
bib-another-copy-mm-3-no-25-p-107	another copy MM 3, no. 25, p. 107	another copy MM 3, no. 25, p. 107	not_started	unknown
bib-another-copy-mm-4-no-20-p-90	another copy MM 4, no. 20, p. 90	another copy MM 4, no. 20, p. 90	not_started	unknown
bib-another-copy-mm-4-no-9-p-44	another copy MM 4, no. 9, p. 44	another copy MM 4, no. 9, p. 44	not_started	unknown
bib-anthology-1-p-39	Anthology 1, p. 39	Anthology 1, p. 39	not_started	unknown
bib-anthology-5-p-81	Anthology 5, p. 81	Anthology 5, p. 81	not_started	unknown
bib-anthology-5-p-82	Anthology 5, p. 82	Anthology 5, p. 82	not_started	unknown
bib-anthology-5-p-84	Anthology 5, p. 84	Anthology 5, p. 84	not_started	unknown
bib-anthology-5-p-85	Anthology 5, p. 85	Anthology 5, p. 85	not_started	unknown
bib-arasi-1921-22-p-35-and-pl-19a	ARASI 1921-22, p. 35 and pl. 19a	ARASI 1921-22, p. 35 and pl. 19a	not_started	unknown
bib-arasi-1930-34-p-190	ARASI 1930-34, p. 190	ARASI 1930-34, p. 190	not_started	unknown
bib-arasi-1936-37-p-114	ARASI 1936-37, p. 114	ARASI 1936-37, p. 114	not_started	unknown
bib-arasi-1936-37-p-115	ARASI 1936-37, p. 115	ARASI 1936-37, p. 115	not_started	unknown
bib-arasi-1936-37-p-116	ARASI 1936-37, p. 116	ARASI 1936-37, p. 116	not_started	unknown
bib-arasi-1936-7-p-114-u-min-hswe-no-11	ARASI 1936-7, p. 114, U Min Hswe, no. 11	ARASI 1936-7, p. 114, U Min Hswe, no. 11	not_started	unknown
bib-aung-thwin-ceylonese-burmese-relations-jss-1976-p-53-74	Aung-Thwin, Ceylonese-Burmese Relations, JSS 1976, p. 53-74	Aung-Thwin, Ceylonese-Burmese Relations, JSS 1976, p. 53-74	not_started	unknown
bib-b-1-p-420	B 1, p. 420	B 1, p. 420	not_started	unknown
bib-b-1-p-428	B 1, p. 428	B 1, p. 428	not_started	unknown
bib-b-2-p-509	B 2, p. 509	B 2, p. 509	not_started	unknown
bib-b-2-p-554	B 2, p. 554	B 2, p. 554	not_started	unknown
bib-b-2-p-621	B 2, p. 621	B 2, p. 621	not_started	unknown
bib-b-2-p-630	B 2, p. 630	B 2, p. 630	not_started	unknown
bib-b-2-p-645-646	B 2, p. 645-646	B 2, p. 645-646	not_started	unknown
bib-b-2-p-665-first-part	B 2, p. 665 (first part)	B 2, p. 665 (first part)	not_started	unknown
bib-b-2-p-72	B 2, p. 72	B 2, p. 72	not_started	unknown
bib-b-2-p-722	B 2, p. 722	B 2, p. 722	not_started	unknown
bib-b-2-p-747	B 2 p. 747	B 2 p. 747 | B 2, p. 747	not_started	unknown
bib-b-2-p-76	B 2, p. 76	B 2, p. 76	not_started	unknown
bib-b-2-p-760	B 2, p. 760	B 2, p. 760	not_started	unknown
bib-b-2-p-768	B 2, p. 768	B 2, p. 768	not_started	unknown
bib-b-2-p-769	B 2, p. 769	B 2, p. 769	not_started	unknown
bib-b-2-p-781-783	B 2, p. 781-783	B 2, p. 781-783	not_started	unknown
bib-b-2-p-788	B 2, p. 788	B 2, p. 788	not_started	unknown
bib-b-2-p-792	B 2, p. 792	B 2, p. 792	not_started	unknown
bib-b-2-p-796	B 2, p. 796	B 2, p. 796	not_started	unknown
bib-b-2-p-796-mm	B 2, p. 796 (MM)	B 2, p. 796 (MM)	not_started	unknown
bib-b-2-p-813	B 2, p. 813	B 2, p. 813	not_started	unknown
bib-b-2-p-815	B 2, p. 815	B 2, p. 815	not_started	unknown
bib-b-2-p-818	B 2, p. 818	B 2, p. 818	not_started	unknown
bib-b-2-p-819-dated-cs-636-1274-and-list-453-second-inscr	B 2, p. 819 (dated CS 636/ 1274) and List 453 (second inscr.)	B 2, p. 819 (dated CS 636/ 1274) and List 453 (second inscr.)	not_started	unknown
bib-b-2-p-819-first-inscr	B 2, p. 819 (first inscr.)	B 2, p. 819 (first inscr.)	not_started	unknown
bib-b-2-p-821	B 2, p. 821	B 2, p. 821	not_started	unknown
bib-b-2-p-822	B 2, p. 822	B 2, p. 822	not_started	unknown
bib-b-2-p-823	B 2, p. 823	B 2, p. 823	not_started	unknown
bib-b-2-p-827-dated-cs-676-1314	B 2, p. 827 (dated CS 676/1314)	B 2, p. 827 (dated CS 676/1314)	not_started	unknown
bib-b-2-p-830	B 2, p. 830	B 2, p. 830	not_started	unknown
bib-b-2-p-838	B 2, p. 838	B 2, p. 838	not_started	unknown
bib-b-2-p-842	B 2, p. 842	B 2, p. 842	not_started	unknown
bib-b-2-p-846	B 2, p. 846	B 2, p. 846	not_started	unknown
bib-b-2-p-847	B 2, p. 847	B 2, p. 847	not_started	unknown
bib-b-2-p-887	B 2, p. 887	B 2, p. 887	not_started	unknown
bib-b-2-p-927	B 2, p. 927	B 2, p. 927	not_started	unknown
bib-b-28	/b+ 28	/b+ 28	not_started	unknown
bib-ba-1-9	BA 1, 9	BA 1, 9	not_started	unknown
bib-ba-10	BA-10	BA-10	not_started	unknown
bib-ba-101	BA-101	BA-101	not_started	unknown
bib-ba-103	BA-103	BA-103	not_started	unknown
bib-ba-105	BA-105	BA-105	not_started	unknown
bib-ba-106	BA-106,	BA-106,	not_started	unknown
bib-ba-107	BA 107	BA 107	not_started	unknown
bib-ba-109-157	BA-109, 157	BA-109, 157	not_started	unknown
bib-ba-11	BA-11	BA-11	not_started	unknown
bib-ba-110	BA-110	BA-110	not_started	unknown
bib-ba-111	BA-111	BA-111	not_started	unknown
bib-ba-112	BA 112	BA 112	not_started	unknown
bib-ba-113	BA-113,	BA-113,	not_started	unknown
bib-ba-114	BA-114	BA-114	not_started	unknown
bib-ba-115	BA-115	BA-115	not_started	unknown
bib-ba-116	BA-116	BA-116	not_started	unknown
bib-ba-117	BA-117	BA-117	not_started	unknown
bib-ba-118	BA-118	BA-118	not_started	unknown
bib-ba-121	BA-121	BA-121	not_started	unknown
bib-ba-122	BA-122	BA-122	not_started	unknown
bib-ba-124	BA-124	BA-124	not_started	unknown
bib-ba-125	BA-125	BA-125	not_started	unknown
bib-ba-127	BA-127	BA-127	not_started	unknown
bib-ba-128	BA-128	BA-128	not_started	unknown
bib-ba-130	BA-130	BA-130	not_started	unknown
bib-ba-133	BA-133	BA-133	not_started	unknown
bib-ba-135	BA 135	BA 135	not_started	unknown
bib-ba-137-138	BA-137-138	BA-137-138	not_started	unknown
bib-ba-139-140	BA-139-140	BA-139-140	not_started	unknown
bib-ba-141	BA-141	BA-141	not_started	unknown
bib-ba-142	BA-142	BA-142	not_started	unknown
bib-ba-143-144	BA-143-144	BA-143-144	not_started	unknown
bib-ba-145	BA-145	BA-145	not_started	unknown
bib-ba-146	BA-146	BA-146	not_started	unknown
bib-ba-147	BA-147	BA-147	not_started	unknown
bib-ba-149	BA-149	BA-149	not_started	unknown
bib-ba-150	BA-150	BA-150	not_started	unknown
bib-ba-151-152	BA-151-152	BA-151-152	not_started	unknown
bib-ba-153	BA-153	BA-153	not_started	unknown
bib-ba-154	BA-154	BA-154	not_started	unknown
bib-ba-156	BA-156	BA-156	not_started	unknown
bib-ba-16	BA-16	BA-16	not_started	unknown
bib-ba-162	BA-162	BA-162	not_started	unknown
bib-ba-164	BA-164	BA-164	not_started	unknown
bib-ba-165	BA-165	BA-165	not_started	unknown
bib-ba-166-167	BA-166-167	BA-166-167	not_started	unknown
bib-ba-168	BA-168	BA-168	not_started	unknown
bib-ba-169	BA-169	BA-169	not_started	unknown
bib-ba-170	BA-170	BA-170	not_started	unknown
bib-ba-174	BA-174	BA-174	not_started	unknown
bib-ba-177	BA-177	BA-177	not_started	unknown
bib-ba-179	BA-179	BA-179	not_started	unknown
bib-ba-18	BA-18	BA-18	not_started	unknown
bib-ba-183	BA-183	BA-183	not_started	unknown
bib-ba-184	BA-184	BA-184	not_started	unknown
bib-ba-185	BA-185	BA-185	not_started	unknown
bib-ba-186	BA-186	BA-186	not_started	unknown
bib-ba-187	BA-187	BA-187	not_started	unknown
bib-ba-188	BA-188	BA-188	not_started	unknown
bib-ba-189	BA-189	BA-189	not_started	unknown
bib-ba-19	BA-19	BA-19	not_started	unknown
bib-ba-190	BA-190	BA-190	not_started	unknown
bib-ba-191	BA-191	BA-191	not_started	unknown
bib-ba-192	BA-192	BA-192	not_started	unknown
bib-ba-193	BA-193	BA-193	not_started	unknown
bib-ba-194	BA-194,	BA-194,	not_started	unknown
bib-ba-195	BA-195,	BA-195,	not_started	unknown
bib-ba-197	BA-197	BA-197	not_started	unknown
bib-ba-198-199	BA-198-199	BA-198-199	not_started	unknown
bib-ba-200	BA-200	BA-200	not_started	unknown
bib-ba-202	BA-202,	BA-202,	not_started	unknown
bib-ba-209	BA-209	BA-209	not_started	unknown
bib-ba-215	BA-215	BA-215	not_started	unknown
bib-ba-217	BA-217	BA-217	not_started	unknown
bib-ba-225-226	BA-225-226	BA-225-226	not_started	unknown
bib-ba-228-582	BA-228 & 582	BA-228 & 582	not_started	unknown
bib-ba-229	BA-229	BA-229	not_started	unknown
bib-ba-244	BA-244	BA-244	not_started	unknown
bib-ba-254	BA-254	BA-254	not_started	unknown
bib-ba-27	BA-27	BA-27	not_started	unknown
bib-ba-270	BA-270	BA-270	not_started	unknown
bib-ba-271-272	BA-271-272	BA-271-272	not_started	unknown
bib-ba-273	BA-273	BA-273	not_started	unknown
bib-ba-274	BA-274	BA-274	not_started	unknown
bib-ba-28	BA-28	BA-28	not_started	unknown
bib-ba-332	BA-332	BA-332	not_started	unknown
bib-ba-34	BA-34	BA-34	not_started	unknown
bib-ba-357	BA-357	BA-357	not_started	unknown
bib-ba-36	BA-36	BA-36	not_started	unknown
bib-ba-39	BA-39	BA-39	not_started	unknown
bib-ba-395	BA-395	BA-395	not_started	unknown
bib-ba-399	BA-399,	BA-399,	not_started	unknown
bib-ba-41	BA-41	BA-41	not_started	unknown
bib-ba-419	BA-419	BA-419	not_started	unknown
bib-ba-42	BA-42	BA-42	not_started	unknown
bib-ba-428	BA-428,	BA-428,	not_started	unknown
bib-ba-43	BA-43	BA-43	not_started	unknown
bib-ba-436-1-2-3-4-5	BA-436, 1-2-3-4-5-,	BA-436, 1-2-3-4-5-,	not_started	unknown
bib-ba-437	BA-437	BA-437	not_started	unknown
bib-ba-466	BA-466	BA-466	not_started	unknown
bib-ba-47	BA-47	BA-47	not_started	unknown
bib-ba-471	BA-471	BA-471	not_started	unknown
bib-ba-472	BA-472	BA-472	not_started	unknown
bib-ba-474	BA-474	BA-474	not_started	unknown
bib-ba-487	BA-487	BA-487	not_started	unknown
bib-ba-49	BA-49	BA-49	not_started	unknown
bib-ba-494	BA-494	BA-494	not_started	unknown
bib-ba-496	BA-496	BA-496	not_started	unknown
bib-ba-50	BA-50	BA-50	not_started	unknown
bib-ba-508	BA-508	BA-508	not_started	unknown
bib-ba-51	BA-51	BA-51	not_started	unknown
bib-ba-510	BA-510	BA-510	not_started	unknown
bib-ba-52	BA-52	BA-52	not_started	unknown
bib-ba-535	BA-535	BA-535	not_started	unknown
bib-ba-54	BA-54	BA-54	not_started	unknown
bib-ba-545	BA-545	BA-545	not_started	unknown
bib-ba-546	BA-546	BA-546	not_started	unknown
bib-ba-55-56	BA-55 & 56	BA-55 & 56	not_started	unknown
bib-ba-554	BA-554	BA-554	not_started	unknown
bib-ba-57-539	BA-57 & 539	BA-57 & 539	not_started	unknown
bib-ba-574-227	BA-574-227	BA-574-227	not_started	unknown
bib-ba-58	BA-58	BA-58	not_started	unknown
bib-ba-583	BA-583	BA-583	not_started	unknown
bib-ba-59	BA-59	BA-59	not_started	unknown
bib-ba-595	BA-595	BA-595	not_started	unknown
bib-ba-60	BA-60	BA-60	not_started	unknown
bib-ba-61	BA-61	BA-61	not_started	unknown
bib-ba-62	BA-62	BA-62	not_started	unknown
bib-ba-63	BA-63	BA-63	not_started	unknown
bib-ba-66	BA-66,	BA-66,	not_started	unknown
bib-ba-67	BA-67	BA-67	not_started	unknown
bib-ba-68	BA-68	BA-68	not_started	unknown
bib-ba-69	BA 69	BA 69	not_started	unknown
bib-ba-7	BA-7	BA-7	not_started	unknown
bib-ba-70	BA-70	BA-70	not_started	unknown
bib-ba-71	BA-71	BA-71	not_started	unknown
bib-ba-72	BA-72	BA-72	not_started	unknown
bib-ba-75	BA-75	BA-75	not_started	unknown
bib-ba-79	BA-79	BA-79	not_started	unknown
bib-ba-80	BA-80	BA-80	not_started	unknown
bib-ba-81	BA-81	BA-81	not_started	unknown
bib-ba-82	BA-82	BA-82	not_started	unknown
bib-ba-83	BA-83	BA-83	not_started	unknown
bib-ba-85	BA-85	BA-85	not_started	unknown
bib-ba-86	BA-86	BA-86	not_started	unknown
bib-ba-88	BA-88	BA-88	not_started	unknown
bib-ba-89	BA-89	BA-89	not_started	unknown
bib-ba-90	BA-90	BA-90	not_started	unknown
bib-ba-93	BA-93	BA-93	not_started	unknown
bib-ba-97-492	BA-97 & 492	BA-97 & 492	not_started	unknown
bib-ba-98	BA-98	BA-98	not_started	unknown
bib-ba-99	BA-99	BA-99	not_started	unknown
bib-ba-bed-b-635-2	BA BED B 635-2	BA BED B 635-2	not_started	unknown
bib-bed-a	BED A	BED A	not_started	unknown
bib-bed-b-481-1	BED B 481-1	BED B 481-1	not_started	unknown
bib-bed-b-512-1	BED B 512-1	BED B 512-1	not_started	unknown
bib-bed-b-512-4	BED B 512-4	BED B 512-4	not_started	unknown
bib-bed-b-530-3	BED B 530-3	BED B 530-3	not_started	unknown
bib-bed-b-532-1	BED B 532-1	BED B 532-1	not_started	unknown
bib-bed-b-538-1	BED B 538-1	BED B 538-1	not_started	unknown
bib-bed-b-545-1	BED B 545-1	BED B 545-1	not_started	unknown
bib-bed-b-557-5	BED B 557-5	BED B 557-5	not_started	unknown
bib-bed-b-558-2	BED B 558-2	BED B 558-2	not_started	unknown
bib-bed-b-559-2	BED B 559-2	BED B 559-2	not_started	unknown
bib-bed-b-567-1	BED B 567-1	BED B 567-1	not_started	unknown
bib-bed-b-570-3	BED B 570-3	BED B 570-3	not_started	unknown
bib-bed-b-577-1	BED B 577-1	BED B 577-1	not_started	unknown
bib-bed-b-584-1	BED B 584-1	BED B 584-1	not_started	unknown
bib-bed-b-586-4	BED B 586-4	BED B 586-4	not_started	unknown
bib-bed-b-586-8	BED B 586-8	BED B 586-8	not_started	unknown
bib-bed-b-587-2a	BED B 587-2a	BED B 587-2a	not_started	unknown
bib-bed-b-587-2b	BED B 587-2b	BED B 587-2b	not_started	unknown
bib-bed-b-587-7	BED B 587-7	BED B 587-7	not_started	unknown
bib-bed-b-588-4	BED B 588-4	BED B 588-4	not_started	unknown
bib-bed-b-591-6	BED B 591-6	BED B 591-6	not_started	unknown
bib-bed-b-593-3	BED B 593-3	BED B 593-3	not_started	unknown
bib-bed-b-594-5	BED B 594-5	BED B 594-5	not_started	unknown
bib-bed-b-595-11	BED B 595-11	BED B 595-11	not_started	unknown
bib-bed-b-595-7	BED B 595-7	BED B 595-7	not_started	unknown
bib-bed-b-595-8	BED B 595-8	BED B 595-8	not_started	unknown
bib-bed-b-597-11	BED B 597-11	BED B 597-11	not_started	unknown
bib-bed-b-597-12	BED B 597-12	BED B 597-12	not_started	unknown
bib-bed-b-597-3	BED B 597-3	BED B 597-3	not_started	unknown
bib-bed-b-598-6a	BED B 598-6a	BED B 598-6a	not_started	unknown
bib-bed-b-600-7	BED B 600-7	BED B 600-7	not_started	unknown
bib-bed-b-602-1	BED B 602-1	BED B 602-1	not_started	unknown
bib-bed-b-602-4	BED B 602-4	BED B 602-4	not_started	unknown
bib-bed-b-602-5	BED B 602-5	BED B 602-5	not_started	unknown
bib-bed-b-603-2	BED B 603-2	BED B 603-2	not_started	unknown
bib-bed-b-603-4	BED B 603-4	BED B 603-4	not_started	unknown
bib-bed-b-604-6	BED B 604-6	BED B 604-6	not_started	unknown
bib-bed-b-604-9	BED B 604-9	BED B 604-9	not_started	unknown
bib-bed-b-609-2	BED B 609-2	BED B 609-2	not_started	unknown
bib-bed-b-612-1	BED B 612-1	BED B 612-1	not_started	unknown
bib-bed-b-620-3	BED B 620-3	BED B 620-3	not_started	unknown
bib-bed-b-622-12	BED B 622-12	BED B 622-12	not_started	unknown
bib-bed-b-622-4	BED B 622-4	BED B 622-4	not_started	unknown
bib-bed-b-622-6	BED B 622-6	BED B 622-6	not_started	unknown
bib-bed-b-623-1	BED B 623-1	BED B 623-1	not_started	unknown
bib-bed-b-628-7	BED B 628-7	BED B 628-7	not_started	unknown
bib-bed-b-645-2	BED B 645-2	BED B 645-2	not_started	unknown
bib-bed-b-711-1	BED B 711-1	BED B 711-1	not_started	unknown
bib-blagden-jras-1909-p-10	Blagden, JRAS 1909, p. 10	Blagden, JRAS 1909, p. 10	not_started	unknown
bib-bm1-183-184	BM1-183-184	BM1-183-184	not_started	unknown
bib-bm1-184	BM1-184	BM1-184	not_started	unknown
bib-bm1-245	BM1-245	BM1-245	not_started	unknown
bib-bm1-250	BM1-250,	BM1-250,	not_started	unknown
bib-bm1-262-270	BM1-262+270	BM1-262+270	not_started	unknown
bib-bm1-270-279	BM1-270 + 279	BM1-270 + 279	not_started	unknown
bib-bm1-351-352	BM1-351-352	BM1-351-352	not_started	unknown
bib-bm1-380	BM1-380	BM1-380	not_started	unknown
bib-bm1-381	BM1-381	BM1-381	not_started	unknown
bib-bm1-420	BM1-420	BM1-420	not_started	unknown
bib-bm1-72	BM1-72	BM1-72	not_started	unknown
bib-bm1-80	BM1-80	BM1-80	not_started	unknown
bib-bm1184	BM1184	BM1184	not_started	unknown
bib-bm2-558	BM2 -558	BM2 -558	not_started	unknown
bib-bm2-760	BM2-760	BM2-760	not_started	unknown
bib-bm2-768	BM2-768	BM2-768	not_started	unknown
bib-bm2-830-838	BM2-830, 838	BM2-830, 838	not_started	unknown
bib-co-pies-list-225	co pies List 225	co pies List 225	not_started	unknown
bib-copies-list-212	copies: List 212	copies: List 212	not_started	unknown
bib-copies-list-217	copies List 217	copies List 217	not_started	unknown
bib-copies-list-402-second-inscr	copies List 402 (second inscr.)	copies List 402 (second inscr.)	not_started	unknown
bib-copy-list-106	copy List 106	copy List 106	not_started	unknown
bib-copy-list-114	copy List 114	copy List 114	not_started	unknown
bib-copy-list-150	copy List 150	copy List 150	not_started	unknown
bib-copy-list-163-162	copy List 163 (162?)	copy List 163 (162?)	not_started	unknown
bib-copy-list-221	copy List 221	copy List 221	not_started	unknown
bib-copy-list-28-dated-cs-433-1071	copy List 28 (dated CS 433/ 1071)	copy List 28 (dated CS 433/ 1071)	not_started	unknown
bib-copy-list-316-317	copy List 316-317	copy List 316-317	not_started	unknown
bib-copy-list-347	copy List 347	copy List 347	not_started	unknown
bib-copy-list-402	copy List 402	copy List 402	not_started	unknown
bib-copy-list-427	copy List 427	copy List 427	not_started	unknown
bib-copy-list-486	copy List 486	copy List 486	not_started	unknown
bib-copy-list-5	copy List 5	copy List 5	not_started	unknown
bib-copy-list-918	copy List 918	copy List 918	not_started	unknown
bib-copy-mm-3-no-30-p-131	copy MM 3, no. 30, p. 131	copy MM 3, no. 30, p. 131	not_started	unknown
bib-copy-partly-list-116	copy (partly): List 116	copy (partly): List 116	not_started	unknown
bib-cp-a-p-17-first-part	cp. A, p. 17 (first part)	cp. A, p. 17 (first part)	not_started	unknown
bib-duroiselle-arasi-1912-p-149-51-hledaung-inscr	Duroiselle, ARASI 1912, p. 149-51 (Hledaung inscr.)	Duroiselle, ARASI 1912, p. 149-51 (Hledaung inscr.)	not_started	unknown
bib-duroiselle-jbrs-6-2-1916-p-88	Duroiselle, JBRS 6.2, 1916, p. 88	Duroiselle, JBRS 6.2, 1916, p. 88	not_started	unknown
bib-eb-1-1-1919-p-1	EB 1 (1), 1919, p. 1	EB 1 (1), 1919, p. 1	not_started	unknown
bib-eb-vol-1-n-1	EB Vol.1, n°1	EB Vol.1, n°1	not_started	unknown
bib-eb-vol-1-n-1-bed-b-474-1	EB Vol.1, n°1 BED B 474-1	EB Vol.1, n°1 BED B 474-1 | EB Vol.1 n°1 BED B 474-1	not_started	unknown
bib-frasch-coastal-peripheries-p-74	Frasch, “Coastal Peripheries”, p. 74	Frasch, “Coastal Peripheries”, p. 74	not_started	unknown
bib-frasch-mhrj-1998-p-23-37	Frasch, MHRJ 1998, p. 23-37	Frasch, MHRJ 1998, p. 23-37	not_started	unknown
bib-frasch-pagan-p-102-103	Frasch, Pagan, p. 102-103	Frasch, Pagan, p. 102-103	not_started	unknown
bib-harvey-history-p-331	Harvey, History, p. 331	Harvey, History, p. 331	not_started	unknown
bib-hla-thamein-bagan-hket-p-113	Hla Thamein, Bagan-hket, p. 113	Hla Thamein, Bagan-hket, p. 113	not_started	unknown
bib-htupayon-2-p-117	Htupayon 2, p. 117	Htupayon 2, p. 117	not_started	unknown
bib-htupayon-2-p-183	Htupayon 2, p. 183	Htupayon 2, p. 183	not_started	unknown
bib-htupayon1-p-249	Htupayon1 p.249,	Htupayon1 p.249,	not_started	unknown
bib-in-situ	in situ	in situ	not_started	unknown
bib-iob-1-51-bed-b-572	IOB-1-51. BED B 572	IOB-1-51. BED B 572	not_started	unknown
bib-iob-192-bed-b-600-7	IOB-192 BED B 600-7	IOB-192 BED B 600-7	not_started	unknown
bib-iob-278-bed-b-622-4	IOB--278 BED B 622-4	IOB--278 BED B 622-4	not_started	unknown
bib-iob-34-bed-b-573-2	IOB-34 BED B 573-2	IOB-34 BED B 573-2	not_started	unknown
bib-iob-418-bed-b-622-6	IOB-418 BED B 622-6	IOB-418 BED B 622-6	not_started	unknown
bib-iob-44-b-33-b-bed-b-578-4	IOB-44/b & 33/b BED B 578-4	IOB-44/b & 33/b BED B 578-4	not_started	unknown
bib-iob-446-a-bed-b-623-1	IOB-446/a BED B 623-1	IOB-446/a BED B 623-1	not_started	unknown
bib-iob-462-b	IOB--462/b	IOB--462/b	not_started	unknown
bib-iob-47-bed-b-582-2	IOB-47 BED B 582-2	IOB-47 BED B 582-2	not_started	unknown
bib-iob1-1-bed-b-493-1	IOB1-1 BED B 493-1	IOB1-1 BED B 493-1	not_started	unknown
bib-iob1-10-a-bed-b-552-1	IOB1-10/a BED B 552-1	IOB1-10/a BED B 552-1	not_started	unknown
bib-iob1-10-b	IOB1-10/b	IOB1-10/b	not_started	unknown
bib-iob1-100-a-bed-b-597-10	IOB1-100/a BED B 597-10	IOB1-100/a BED B 597-10	not_started	unknown
bib-iob1-100-b-bed-b-599-2	IOB1-100/b BED B 599-2	IOB1-100/b BED B 599-2	not_started	unknown
bib-iob1-101-bed-b-599-3	IOB1-101 BED B 599-3	IOB1-101 BED B 599-3	not_started	unknown
bib-iob1-102-bed-b-602-1	IOB1-102 BED B 602-1	IOB1-102 BED B 602-1	not_started	unknown
bib-iob1-103-bed-b-600-8	IOB1-103 BED B 600-8	IOB1-103 BED B 600-8	not_started	unknown
bib-iob1-104	IOB1-104	IOB1-104	not_started	unknown
bib-iob1-105-a-bed-b-599-4	IOB1-105/a BED B 599-4	IOB1-105/a BED B 599-4	not_started	unknown
bib-iob1-106-bed-b-509-1	IOB1-106 BED B 509-1	IOB1-106 BED B 509-1	not_started	unknown
bib-iob1-107	IOB1-107	IOB1-107	not_started	unknown
bib-iob1-108-a-bed-b-567-6	IOB1-108/a BED B 567-6	IOB1-108/a BED B 567-6	not_started	unknown
bib-iob1-108-b-bed-b-585-2	IOB1-108/b BED B 585-2	IOB1-108/b BED B 585-2	not_started	unknown
bib-iob1-109-a-bed-b-598-7	IOB1-109/a BED B 598-7	IOB1-109/a BED B 598-7	not_started	unknown
bib-iob1-109-b-bed-b-596-2	IOB1-109/b BED B 596-2	IOB1-109/b BED B 596-2	not_started	unknown
bib-iob1-11-bed-b-553-1	IOB1-11 BED B 553-1	IOB1-11 BED B 553-1	not_started	unknown
bib-iob1-118-b-bed-b-579-1	IOB1-118/b BED B 579-1	IOB1-118/b BED B 579-1	not_started	unknown
bib-iob1-12-bed-b-554-1	IOB1-12 BED B 554-1	IOB1-12 BED B 554-1	not_started	unknown
bib-iob1-14-bed-b-558-1	IOB1-14 BED B 558-1	IOB1-14 BED B 558-1	not_started	unknown
bib-iob1-15	IOB1-15	IOB1-15	not_started	unknown
bib-iob1-16	IOB1-16	IOB1-16	not_started	unknown
bib-iob1-17	IOB1-17	IOB1-17	not_started	unknown
bib-iob1-18	IOB1-18	IOB1-18	not_started	unknown
bib-iob1-19-a-bed-b-560-1	IOB1-19/a, BED B 560-1	IOB1-19/a, BED B 560-1	not_started	unknown
bib-iob1-2	IOB1-2	IOB1-2	not_started	unknown
bib-iob1-20-a	IOB1-20/a,	IOB1-20/a,	not_started	unknown
bib-iob1-21-bed-b-560-4	IOB1-21 BED B 560-4	IOB1-21 BED B 560-4	not_started	unknown
bib-iob1-22-bed-b-563-2	IOB1-22 BED B 563-2	IOB1-22 BED B 563-2	not_started	unknown
bib-iob1-23	IOB1-23	IOB1-23	not_started	unknown
bib-iob1-24-bed-b-564-1	IOB1-24 BED B 564-1	IOB1-24 BED B 564-1	not_started	unknown
bib-iob1-25-bed-a	IOB1-25 BED A	IOB1-25 BED A	not_started	unknown
bib-iob1-26-bed-b-600-7	IOB1-26 BED B 600-7	IOB1-26 BED B 600-7	not_started	unknown
bib-iob1-28-a-bed-b-568-1	IOB1-28/a BED B 568-1	IOB1-28/a BED B 568-1	not_started	unknown
bib-iob1-28-b	IOB1-28/b	IOB1-28/b	not_started	unknown
bib-iob1-29-bed-b-568-2	IOB1-29 BED B 568-2	IOB1-29 BED B 568-2	not_started	unknown
bib-iob1-3-bed-b-512-2	IOB1-3 BED B 512-2	IOB1-3 BED B 512-2	not_started	unknown
bib-iob1-3-bed-b-550-1	IOB1-3 BED B 550-1	IOB1-3 BED B 550-1	not_started	unknown
bib-iob1-31-bed-b-593-1	IOB1-31 BED B 593-1	IOB1-31 BED B 593-1	not_started	unknown
bib-iob1-32-33-bed-b-570-2	IOB1-32, 33 BED B 570-2	IOB1-32, 33 BED B 570-2	not_started	unknown
bib-iob1-32-bed-b-570-1	IOB1-32 BED B 570-1	IOB1-32 BED B 570-1	not_started	unknown
bib-iob1-33	IOB1-33	IOB1-33	not_started	unknown
bib-iob1-35	IOB1-35	IOB1-35	not_started	unknown
bib-iob1-36-bed-b-574-1	IOB1-36 BED B 574-1	IOB1-36 BED B 574-1	not_started	unknown
bib-iob1-37-bed-574-2	IOB1-37 BED 574-2	IOB1-37 BED 574-2	not_started	unknown
bib-iob1-38-a	IOB1-38/a	IOB1-38/a	not_started	unknown
bib-iob1-38-b-bed-b-573-4	IOB1-38/b BED B 573-4	IOB1-38/b BED B 573-4	not_started	unknown
bib-iob1-39-bed-b-575-1	IOB1-39 BED B 575-1	IOB1-39 BED B 575-1	not_started	unknown
bib-iob1-4-bed-b-527-1	IOB1-4 BED B 527-1	IOB1-4 BED B 527-1	not_started	unknown
bib-iob1-40	IOB1-40	IOB1-40	not_started	unknown
bib-iob1-41-bed-b-578-1	IOB1-41 BED B 578-1	IOB1-41 BED B 578-1	not_started	unknown
bib-iob1-42-bed-b-578-2	IOB1-42 BED B 578-2	IOB1-42 BED B 578-2	not_started	unknown
bib-iob1-43	IOB1-43	IOB1-43	not_started	unknown
bib-iob1-44-a-bed-b-578-3	IOB1-44/a BED B 578-3	IOB1-44/a BED B 578-3	not_started	unknown
bib-iob1-45-bed-b-581-2	IOB1-45 BED B 581-2	IOB1-45 BED B 581-2	not_started	unknown
bib-iob1-46-bed-b-586-6	IOB1-46 BED B 586-6	IOB1-46 BED B 586-6	not_started	unknown
bib-iob1-47	IOB1-47	IOB1-47	not_started	unknown
bib-iob1-48-bed-b-582-1	IOB1-48 BED B 582-1	IOB1-48 BED B 582-1	not_started	unknown
bib-iob1-49	IOB1-49	IOB1-49	not_started	unknown
bib-iob1-5	IOB1-5	IOB1-5	not_started	unknown
bib-iob1-50-b	IOB1-50 -b	IOB1-50 -b	not_started	unknown
bib-iob1-51-bed-b-585-3	IOB1-51 BED B 585-3	IOB1-51 BED B 585-3	not_started	unknown
bib-iob1-53-bed-b-586-5	IOB1-53 BED B 586-5	IOB1-53 BED B 586-5	not_started	unknown
bib-iob1-54-587-bed-b-586-10	IOB1-54 587 BED B 586-10	IOB1-54 587 BED B 586-10	not_started	unknown
bib-iob1-55-a-bed-b-587-5	IOB1-55/a BED B 587-5	IOB1-55/a BED B 587-5	not_started	unknown
bib-iob1-55-b-bed-b-599-1	IOB1-55/b BED B 599-1	IOB1-55/b BED B 599-1	not_started	unknown
bib-iob1-56-a	IOB1-56/a	IOB1-56/a	not_started	unknown
bib-iob1-56-b-bed-b-577-2	IOB1-56/b BED B 577-2	IOB1-56/b BED B 577-2	not_started	unknown
bib-iob1-56-b-bed-b-587-6	IOB1-56/b BED B 587-6	IOB1-56/b BED B 587-6	not_started	unknown
bib-iob1-57-a-iob5-563-b-bed-b-588-5	IOB1-57/a & IOB5-563/b BED B 588-5	IOB1-57/a & IOB5-563/b BED B 588-5	not_started	unknown
bib-iob1-57-b-bed-b-588-1	IOB1-57/b BED B 588-1	IOB1-57/b BED B 588-1	not_started	unknown
bib-iob1-58	IOB1-58	IOB1-58	not_started	unknown
bib-iob1-59-bed-b-561-1-b-509-2	IOB1-59 BED B 561-1 & B 509-2	IOB1-59 BED B 561-1 & B 509-2	not_started	unknown
bib-iob1-6-bed-b-541-1	IOB1-6 BED B 541-1	IOB1-6 BED B 541-1	not_started	unknown
bib-iob1-60-a-bed-b-591-2	IOB1-60/a BED B 591-2	IOB1-60/a BED B 591-2	not_started	unknown
bib-iob1-60-b	IOB1-60/b	IOB1-60/b	not_started	unknown
bib-iob1-61-bed-b-591-3	IOB1-61 BED B 591-3	IOB1-61 BED B 591-3	not_started	unknown
bib-iob1-62-bed-b-591-7	IOB1-62 BED B 591-7	IOB1-62 BED B 591-7	not_started	unknown
bib-iob1-63-a-b-bed-a	IOB1-63/a-b BED A	IOB1-63/a-b BED A	not_started	unknown
bib-iob1-64-bed-b-585-1	IOB1-64 BED B 585-1	IOB1-64 BED B 585-1	not_started	unknown
bib-iob1-65-a-bed-b-592-4	IOB1-65/a BED B 592-4	IOB1-65/a BED B 592-4	not_started	unknown
bib-iob1-65-b	IOB1-65/b	IOB1-65/b	not_started	unknown
bib-iob1-66	IOB1-66	IOB1-66	not_started	unknown
bib-iob1-67-bed-b-577-3	IOB1-67, BED B 577-3	IOB1-67, BED B 577-3	not_started	unknown
bib-iob1-68-bed-b-595-1	IOB1-68 BED B 595-1	IOB1-68 BED B 595-1	not_started	unknown
bib-iob1-69-bed-b-593-2	IOB1-69 BED B 593-2	IOB1-69 BED B 593-2	not_started	unknown
bib-iob1-7-bed-b-543-1	IOB1-7 BED B 543-1	IOB1-7 BED B 543-1	not_started	unknown
bib-iob1-70-bed-b-595-2	IOB1-70 BED B 595-2	IOB1-70 BED B 595-2	not_started	unknown
bib-iob1-71-bed-b-595-6	IOB1-71 BED B 595-6	IOB1-71 BED B 595-6	not_started	unknown
bib-iob1-72	IOB1-72	IOB1-72	not_started	unknown
bib-iob1-73-bed-b-585-4	IOB1-73 BED B 585-4	IOB1-73 BED B 585-4	not_started	unknown
bib-iob1-74-bed-b-585-5	IOB1-74 BED B 585-5	IOB1-74 BED B 585-5	not_started	unknown
bib-iob1-75-a-bed-b-587-3	IOB1-75/a BED B 587-3	IOB1-75/a BED B 587-3	not_started	unknown
bib-iob1-75-b-bed-b-586-1	IOB1-75/b BED B 586-1	IOB1-75/b BED B 586-1	not_started	unknown
bib-iob1-76	IOB1-76	IOB1-76	not_started	unknown
bib-iob1-77	IOB1-77	IOB1-77	not_started	unknown
bib-iob1-78-a	IOB1 78/a	IOB1 78/a	not_started	unknown
bib-iob1-78-b-bed-b-595-3	IOB1-78/b BED B 595-3	IOB1-78/b BED B 595-3	not_started	unknown
bib-iob1-79-a	IOB1-79/a	IOB1-79/a	not_started	unknown
bib-iob1-79-b-bed-b-595-4	IOB1-79/b BED B 595-4	IOB1-79/b BED B 595-4	not_started	unknown
bib-iob1-8-a-bed-b-544-1	IOB1-8/a BED B 544-1	IOB1-8/a BED B 544-1	not_started	unknown
bib-iob1-8-bed-b-597-9	IOB1--8 BED B 597-9	IOB1--8 BED B 597-9	not_started	unknown
bib-iob1-80-bed-b-589-2	IOB1-80 BED B 589-2	IOB1-80 BED B 589-2	not_started	unknown
bib-iob1-81	IOB1-81	IOB1-81	not_started	unknown
bib-iob1-82-a-bed-b-589-1	IOB1-82/a BED B 589-1	IOB1-82/a BED B 589-1	not_started	unknown
bib-iob1-82-b	IOB1-82/b	IOB1-82/b	not_started	unknown
bib-iob1-84-bed-b-571-2	IOB1-84 BED B 571-2	IOB1-84 BED B 571-2	not_started	unknown
bib-iob1-86-bed-b-597-5	IOB1-86 BED B 597-5	IOB1-86 BED B 597-5	not_started	unknown
bib-iob1-87	IOB1-87	IOB1-87	not_started	unknown
bib-iob1-89	IOB1-89	IOB1-89	not_started	unknown
bib-iob1-9-a-bed-b-555-1	IOB1-9/a BED B 555-1	IOB1-9/a BED B 555-1	not_started	unknown
bib-iob1-91-n-48-bed-b-598-2	IOB1-91 n°48 BED B 598-2	IOB1-91 n°48 BED B 598-2	not_started	unknown
bib-iob1-92	IOB1-92	IOB1-92	not_started	unknown
bib-iob1-93-bed-b-598-5	IOB1-93 BED B 598-5	IOB1-93 BED B 598-5	not_started	unknown
bib-iob1-94-a-bed-b-598-4	IOB1-94/a BED B 598-4	IOB1-94/a BED B 598-4	not_started	unknown
bib-iob1-94-b	IOB1-94/b	IOB1-94/b	not_started	unknown
bib-iob1-95-a-bed-b-598-8	IOB1-95/a BED B 598-8	IOB1-95/a BED B 598-8	not_started	unknown
bib-iob1-96-bed-b-598-9	IOB1-96 BED B 598-9	IOB1-96 BED B 598-9	not_started	unknown
bib-iob1-97	IOB1-97	IOB1-97	not_started	unknown
bib-iob1-c-b-bed-b-546-1	IOB1-c/b BED B 546-1	IOB1-c/b BED B 546-1	not_started	unknown
bib-iob183-bed-b-591-5	IOB183 BED B 591-5	IOB183 BED B 591-5	not_started	unknown
bib-iob2-110-bed-b-443-1	IOB2-110 BED B 443-1	IOB2-110 BED B 443-1	not_started	unknown
bib-iob2-111-bed-b-482-1	IOB2-111 BED B 482-1	IOB2-111 BED B 482-1	not_started	unknown
bib-iob2-112-bed-b-482-2	IOB2-112 BED B 482-2	IOB2-112 BED B 482-2	not_started	unknown
bib-iob2-113-bed-b-537-6	IOB2-113 BED B 537-6	IOB2-113 BED B 537-6	not_started	unknown
bib-iob2-114-a-bed-b-537-1	IOB2 114/a BED B 537-1	IOB2 114/a BED B 537-1	not_started	unknown
bib-iob2-114-b-bed-b-548-1	IOB2-114/b BED B 548-1	IOB2-114/b BED B 548-1	not_started	unknown
bib-iob2-115-bed-b-549-1	IOB2-115 BED B 549-1	IOB2-115 BED B 549-1	not_started	unknown
bib-iob2-116-bed-b-559-1	IOB2-116 BED B 559-1	IOB2-116 BED B 559-1	not_started	unknown
bib-iob2-117-a	IOB2-117/a	IOB2-117/a	not_started	unknown
bib-iob2-117-b-bed-b-560-5	IOB2-117/b BED B 560-5	IOB2-117/b BED B 560-5	not_started	unknown
bib-iob2-118-a-bed-b-570-2	IOB2-118/a BED B 570-2	IOB2-118/a BED B 570-2	not_started	unknown
bib-iob2-119-a-bed-b-577-5	IOB2-119/a BED B 577-5	IOB2-119/a BED B 577-5	not_started	unknown
bib-iob2-119-b-bed-b-591-8	IOB2-119/b BED B 591-8	IOB2-119/b BED B 591-8	not_started	unknown
bib-iob2-120-a-bed-b-579-8	IOB2-120/a BED B 579-8	IOB2-120/a BED B 579-8	not_started	unknown
bib-iob2-120-b	IOB2-120/b	IOB2-120/b	not_started	unknown
bib-iob2-121-a-bed-b-581-1	IOB2-121/a BED B 581-1	IOB2-121/a BED B 581-1	not_started	unknown
bib-iob2-121-b-bed-b-586-2	IOB2-121/b BED B 586-2	IOB2-121/b BED B 586-2	not_started	unknown
bib-iob2-122-a-bed-b-587-1	IOB2-122/a BED B 587-1	IOB2-122/a BED B 587-1	not_started	unknown
bib-iob2-122-b-bed-b-587-8	IOB2-122/b BED B 587-8	IOB2-122/b BED B 587-8	not_started	unknown
bib-iob2-123-bed-b-587-4	IOB2-123 BED B 587-4	IOB2-123 BED B 587-4	not_started	unknown
bib-iob2-125-a-bed-b-591-1	IOB2-125/a BED B 591-1	IOB2-125/a BED B 591-1	not_started	unknown
bib-iob2-125-b-bed-b-580-1	IOB2-125/b BED B 580-1	IOB2-125/b BED B 580-1	not_started	unknown
bib-iob2-126-a-bed-b-592-1	IOB2-126/a BED B 592-1	IOB2-126/a BED B 592-1	not_started	unknown
bib-iob2-126-b-bed-b-592-2	IOB2-126/b BED B 592-2	IOB2-126/b BED B 592-2	not_started	unknown
bib-iob2-127-a-bed-b-597-2	IOB2-127/a BED B 597-2	IOB2-127/a BED B 597-2	not_started	unknown
bib-iob2-127-b-bed-b-597-1	IOB2-127/b BED B 597-1	IOB2-127/b BED B 597-1	not_started	unknown
bib-iob2-128-bed-b-597-6	IOB2-128 BED B 597-6	IOB2-128 BED B 597-6	not_started	unknown
bib-iob2-128-bed-b-597-7	IOB2-128 BED B 597-7	IOB2-128 BED B 597-7	not_started	unknown
bib-iob2-128-bed-b-597-8	IOB2-128 BED B 597-8	IOB2-128 BED B 597-8	not_started	unknown
bib-iob2-129-bed-b-600-9	IOB2-129 BED B 600-9	IOB2-129 BED B 600-9	not_started	unknown
bib-iob2-130-bed-b-600-3	IOB2-130 BED B 600-3	IOB2-130 BED B 600-3	not_started	unknown
bib-iob2-131-a-bed-b-600-4	IOB2-131/a BED B 600-4	IOB2-131/a BED B 600-4	not_started	unknown
bib-iob2-131-b-bed-b-600-5	IOB2-131/b BED B 600-5	IOB2-131/b BED B 600-5	not_started	unknown
bib-iob2-132-a-bed-b-600-6	IOB2-132/a BED B 600-6	IOB2-132/a BED B 600-6	not_started	unknown
bib-iob2-132-b-bed-b-601-2	IOB2 132/b BED B 601-2	IOB2 132/b BED B 601-2	not_started	unknown
bib-iob2-133-bed-b-601-4	IOB2-133 BED B 601-4	IOB2-133 BED B 601-4	not_started	unknown
bib-iob2-134-a	IOB2-134/a	IOB2-134/a	not_started	unknown
bib-iob2-134-b-bed-b-593-5	IOB2-134/b BED B 593-5	IOB2-134/b BED B 593-5	not_started	unknown
bib-iob2-135-a-bed-b-600-7	IOB2-135/a BED B 600-7	IOB2-135/a BED B 600-7	not_started	unknown
bib-iob2-135-b-bed-b-600-7	IOB2-135/b BED B 600-7	IOB2-135/b BED B 600-7	not_started	unknown
bib-iob2-137-bed-b-600-7	IOB2-137 BED B 600-7	IOB2-137 BED B 600-7	not_started	unknown
bib-iob2-138-bed-b-603-3	IOB2-138 BED B 603-3	IOB2-138 BED B 603-3	not_started	unknown
bib-iob2-139-bed-b-603-5	IOB2-139 BED B 603-5	IOB2-139 BED B 603-5	not_started	unknown
bib-iob2-140-a-bed-b-604-1	IOB2 140/a BED B 604-1	IOB2 140/a BED B 604-1	not_started	unknown
bib-iob2-140-b-bed-b-571-2	IOB2-140/b BED B 571-2	IOB2-140/b BED B 571-2	not_started	unknown
bib-iob2-141-bed-b-604-7	IOB2 141/ BED B 604-7	IOB2 141/ BED B 604-7	not_started	unknown
bib-iob2-141-bed-b-604-8	IOB2 141/ BED B 604-8	IOB2 141/ BED B 604-8	not_started	unknown
bib-iob2-143-a-bed-b-571-2	IOB2-143/a BED B 571-2	IOB2-143/a BED B 571-2	not_started	unknown
bib-iob2-143-b-bed-b-571-2	IOB2-143/b BED B 571-2	IOB2-143/b BED B 571-2	not_started	unknown
bib-iob2-144-bed-b-571-2	IOB2-144 BED B 571-2	IOB2-144 BED B 571-2	not_started	unknown
bib-iob2-145-bed-b-604-3	IOB2-145 BED B 604-3	IOB2-145 BED B 604-3	not_started	unknown
bib-iob2-146-bed-b-604-4	IOB2-146 BED B 604-4	IOB2-146 BED B 604-4	not_started	unknown
bib-iob2-147-a-bed-b-604-5	IOB2-147/a BED B 604-5	IOB2-147/a BED B 604-5	not_started	unknown
bib-iob2-147-bed-b-601-2	IOB2-147/ BED B 601-2	IOB2-147/ BED B 601-2	not_started	unknown
bib-iob2-149-bed-b-604-10	IOB2-149 BED B 604-10	IOB2-149 BED B 604-10	not_started	unknown
bib-iob2-150-bed-b-601-4	IOB2-150 BED B 601-4	IOB2-150 BED B 601-4	not_started	unknown
bib-iob2-151-bed-b-601-4	IOB2-151 BED B 601-4	IOB2-151 BED B 601-4	not_started	unknown
bib-iob2-152-bed-b-601-4	IOB2-152 BED B 601-4	IOB2-152 BED B 601-4	not_started	unknown
bib-iob2-153-a-bed-b-601-4	IOB2-153/a BED B 601-4	IOB2-153/a BED B 601-4	not_started	unknown
bib-iob2-153-b-bed-b-601-4	IOB2-153/b BED B 601-4	IOB2-153/b BED B 601-4	not_started	unknown
bib-iob2-154-iob3-340-bed-b-601-4	IOB2-154 & IOB3-340 BED B 601-4	IOB2-154 & IOB3-340 BED B 601-4	not_started	unknown
bib-iob2-155-bed-b-601-4	IOB2-155 BED B 601-4	IOB2-155 BED B 601-4	not_started	unknown
bib-iob2-156-bed-b-607-1	IOB2-156 BED B 607-1	IOB2-156 BED B 607-1	not_started	unknown
bib-iob2-157-bed-b-607-2	IOB2-157 BED B 607-2	IOB2-157 BED B 607-2	not_started	unknown
bib-iob2-158-bed-b-607-6	IOB2-158 BED B 607-6	IOB2-158 BED B 607-6	not_started	unknown
bib-iob2-159	IOB2-159	IOB2-159	not_started	unknown
bib-iob2-160-a-bed-b-609-1	IOB2-160/a BED B 609-1	IOB2-160/a BED B 609-1	not_started	unknown
bib-iob2-161-a-bed-b-622-4	IOB2-161/a BED B 622-4	IOB2-161/a BED B 622-4	not_started	unknown
bib-iob2-161-b-bed-b-593-5	IOB2-161/b BED B 593-5	IOB2-161/b BED B 593-5	not_started	unknown
bib-iob2-162-bed-b-610-2	IOB2-162 BED B 610-2	IOB2-162 BED B 610-2	not_started	unknown
bib-iob2-163-bed-b-593-5	IOB2-163 BED B 593-5	IOB2-163 BED B 593-5	not_started	unknown
bib-iob2-164-bed-b-593-5	IOB2-164 BED B 593-5	IOB2-164 BED B 593-5	not_started	unknown
bib-iob2-165-a-bed-b-600-7	IOB2-165/a BED B 600-7	IOB2-165/a BED B 600-7	not_started	unknown
bib-iob2-165-b-bed-b-600-7	IOB2-165/b BED B 600-7	IOB2-165/b BED B 600-7	not_started	unknown
bib-iob2-166-a-bed-b-600-7	IOB2-166/a BED B 600-7	IOB2-166/a BED B 600-7	not_started	unknown
bib-iob2-166-b-bed-b-600-7	IOB2-166/b BED B 600-7	IOB2-166/b BED B 600-7	not_started	unknown
bib-iob2-167-bed-b-600-7	IOB2 167 BED B 600-7	IOB2 167 BED B 600-7	not_started	unknown
bib-iob2-168-bed-b-600-7	IOB2-168 BED B 600-7	IOB2-168 BED B 600-7	not_started	unknown
bib-iob2-169-bed-b-600-7	IOB2-169 BED B 600-7	IOB2-169 BED B 600-7	not_started	unknown
bib-iob2-170-bed-b-600-7	IOB2-170 BED B 600-7	IOB2-170 BED B 600-7	not_started	unknown
bib-iob2-171-bed-b-600-7	IOB2-171 BED B 600-7	IOB2-171 BED B 600-7	not_started	unknown
bib-iob2-172-bed-b-600-7	IOB2-172 BED B 600-7	IOB2-172 BED B 600-7	not_started	unknown
bib-iob2-173-bed-b-604-2	IOB2-173 BED B 604-2	IOB2-173 BED B 604-2	not_started	unknown
bib-iob2-174-bed-b-600-7	IOB2-174 BED B 600-7	IOB2-174 BED B 600-7	not_started	unknown
bib-iob2-175-bed-b-600-7	IOB2-175 BED B 600-7	IOB2-175 BED B 600-7	not_started	unknown
bib-iob2-176-a-bed-b-600-7	IOB2-176/a BED B 600-7	IOB2-176/a BED B 600-7	not_started	unknown
bib-iob2-176-b-bed-b-602-1	IOB2-176/b BED B 602-1	IOB2-176/b BED B 602-1	not_started	unknown
bib-iob2-177-a-bed-b-613-2	IOB2-177/a BED B 613-2	IOB2-177/a BED B 613-2	not_started	unknown
bib-iob2-177-b-bed-b-602-1	IOB2 177/b BED B 602-1	IOB2 177/b BED B 602-1	not_started	unknown
bib-iob2-178-bed-b-513-1	IOB2-178 BED B 513-1	IOB2-178 BED B 513-1	not_started	unknown
bib-iob2-180-bed-b-622-6	IOB2-180 BED B 622-6	IOB2-180 BED B 622-6	not_started	unknown
bib-iob2-181-bed-b-600-7	IOB2-181 BED B 600-7	IOB2-181 BED B 600-7	not_started	unknown
bib-iob2-182-a-bed-b-615-4	IOB2-182/a BED B 615-4	IOB2-182/a BED B 615-4	not_started	unknown
bib-iob2-182-b	IOB2-182/b	IOB2-182/b	not_started	unknown
bib-iob2-183-a-bed-b-615-6	IOB2-183/a BED B 615-6	IOB2-183/a BED B 615-6	not_started	unknown
bib-iob2-183-b-bed-b-600-7	IOB2-183/b BED B 600-7	IOB2-183/b BED B 600-7	not_started	unknown
bib-iob2-185-bed-b-617-1	IOB2-185 BED B 617-1	IOB2-185 BED B 617-1	not_started	unknown
bib-iob2-186-bed-b-600-7	IOB2-186 BED B 600-7	IOB2-186 BED B 600-7	not_started	unknown
bib-iob2-187-bed-b-616-4	IOB2-187 BED B 616-4	IOB2-187 BED B 616-4	not_started	unknown
bib-iob2-188-bed-b-617-3	IOB2-188 BED B 617-3	IOB2-188 BED B 617-3	not_started	unknown
bib-iob2-189-bed-b-600-7	IOB2-189 BED B 600-7	IOB2-189 BED B 600-7	not_started	unknown
bib-iob2-190-a-bed-b-586-3	IOB2-190/a BED B 586-3	IOB2-190/a BED B 586-3	not_started	unknown
bib-iob2-190-b-bed-b-600-7	IOB2-190/b BED B 600-7	IOB2-190/b BED B 600-7	not_started	unknown
bib-iob2-191-a-bed-b-620-1	IOB2-191/a BED B 620-1	IOB2-191/a BED B 620-1	not_started	unknown
bib-iob2-191-b-bed-b-600-7	IOB2-191/b BED B 600-7	IOB2-191/b BED B 600-7	not_started	unknown
bib-iob2-193-bed-b-600-7	IOB2-193 BED B 600-7	IOB2-193 BED B 600-7	not_started	unknown
bib-iob2-194-bed-b-600-7	IOB2-194 BED B 600-7	IOB2-194 BED B 600-7	not_started	unknown
bib-iob2-195-a-bed-b-622-3	IOB2-195/a BED B 622-3	IOB2-195/a BED B 622-3	not_started	unknown
bib-iob2-195-b-bed-b-622-4	IOB2-195/b BED B 622-4	IOB2-195/b BED B 622-4	not_started	unknown
bib-iob2-196-bed-b-622-4	IOB2-196 BED B 622-4	IOB2-196 BED B 622-4	not_started	unknown
bib-iob2-197-bed-b-600-7	IOB2-197 BED B 600-7	IOB2-197 BED B 600-7	not_started	unknown
bib-iob2-198-bed-b-622-6	IOB2-198 BED B 622-6	IOB2-198 BED B 622-6	not_started	unknown
bib-iob2-199-bed-b-600-7	IOB2-199 BED B 600-7	IOB2-199 BED B 600-7	not_started	unknown
bib-iob2-200-bed-b-631-6	IOB2-200 BED B 631-6	IOB2-200 BED B 631-6	not_started	unknown
bib-iob2-201-a	IOB2-201/a	IOB2-201/a	not_started	unknown
bib-iob2-201-b-bed-b-623-1	IOB2-201/b BED B 623-1	IOB2-201/b BED B 623-1	not_started	unknown
bib-iob2-202-bed-b-624-1	IOB2-202 BED B 624-1	IOB2-202 BED B 624-1	not_started	unknown
bib-iob2-203-bed-b-624-2	IOB2-203 BED B 624-2	IOB2-203 BED B 624-2	not_started	unknown
bib-iob2-204-a-bed-b-624-3	IOB2-204/a BED B 624-3	IOB2-204/a BED B 624-3	not_started	unknown
bib-iob2-204-b-bed-b-624-3	IOB2-204/b BED B 624-3	IOB2-204/b BED B 624-3	not_started	unknown
bib-iob2-205-bed-b-624-4	IOB2 205 BED B 624-4	IOB2 205 BED B 624-4	not_started	unknown
bib-iob2-206-bed-b-622-4	IOB2-206 BED B 622-4	IOB2-206 BED B 622-4	not_started	unknown
bib-iob2-207-bed-b-622-6	IOB2-207 BED B 622-6	IOB2-207 BED B 622-6	not_started	unknown
bib-iob2-208-bed-b-622-4	IOB2-208 BED B 622-4	IOB2-208 BED B 622-4	not_started	unknown
bib-iob2-209-bed-b-622-4	IOB2-209 BED B 622-4	IOB2-209 BED B 622-4	not_started	unknown
bib-iob2-210-a-bed-b-600-2	IOB2-210/a BED B 600-2	IOB2-210/a BED B 600-2	not_started	unknown
bib-iob2-210-b-bed-b-622-6	IOB2-210/b BED B 622-6	IOB2-210/b BED B 622-6	not_started	unknown
bib-iob2-211-bed-b-622-6	IOB2-211 BED B 622-6	IOB2-211 BED B 622-6	not_started	unknown
bib-iob2-212-bed-b-622-8	IOB2-212 BED B 622-8	IOB2-212 BED B 622-8	not_started	unknown
bib-iob2-213-a-bed-b-622-6	IOB2-213/a BED B 622-6	IOB2-213/a BED B 622-6	not_started	unknown
bib-iob2-213-b-bed-b-622-6	IOB2-213/b BED B 622-6	IOB2-213/b BED B 622-6	not_started	unknown
bib-iob2-214-a-iob5-579-bed-b-622-6	IOB2-214/a & IOB5-579 BED B 622-6	IOB2-214/a & IOB5-579 BED B 622-6	not_started	unknown
bib-iob2-214-b-bed-b-622-6	IOB2 214/b BED B 622-6	IOB2 214/b BED B 622-6	not_started	unknown
bib-iob2-215-a-bed-b-622-6	IOB2-215/a BED B 622-6	IOB2-215/a BED B 622-6	not_started	unknown
bib-iob2-215-b-bed-b-622-6	IOB2-215/b BED B 622-6	IOB2-215/b BED B 622-6	not_started	unknown
bib-iob2-216-bed-b-622-6	IOB2-216 BED B 622-6	IOB2-216 BED B 622-6	not_started	unknown
bib-iob2-217-bed-b-623-1	IOB2-217 BED B 623-1	IOB2-217 BED B 623-1	not_started	unknown
bib-iob2-218-a-bed-b-623-1	IOB2-218/a BED B 623-1	IOB2-218/a BED B 623-1	not_started	unknown
bib-iob2-218-b-bed-b-623-1	IOB2-218/b BED B 623-1	IOB2-218/b BED B 623-1	not_started	unknown
bib-iob2-218-b-bed-b-628-6b	IOB2-218/b BED B 628-6b	IOB2-218/b BED B 628-6b	not_started	unknown
bib-iob2-219-a-bed-b-629-1	IOB2-219/a BED B 629-1	IOB2-219/a BED B 629-1	not_started	unknown
bib-iob2-219-b-bed-b-623-1	IOB2-219/b BED B 623-1	IOB2-219/b BED B 623-1	not_started	unknown
bib-iob2-220-bed-b-623-1	IOB2-220 BED B 623-1	IOB2-220 BED B 623-1	not_started	unknown
bib-iob2-221-bed-a	IOB2-221 BED A	IOB2-221 BED A	not_started	unknown
bib-iob2-222-a-bed-b-630-1	IOB2-222/a BED B 630-1	IOB2-222/a BED B 630-1	not_started	unknown
bib-iob2-222-b-bed-a	IOB2-222/b BED A	IOB2-222/b BED A	not_started	unknown
bib-iob2-223-a-bed-a	IOB2-223/a BED A	IOB2-223/a BED A	not_started	unknown
bib-iob2-223-b-bed-a	IOB2-223/b BED A	IOB2-223/b BED A	not_started	unknown
bib-iob2160-b-bed-b-609-5	IOB2160/b BED B 609-5	IOB2160/b BED B 609-5	not_started	unknown
bib-iob3-224-bed-b-624-1	IOB3-224 BED B 624-1	IOB3-224 BED B 624-1	not_started	unknown
bib-iob3-225-bed-b-631-1	IOB3-225 BED B 631-1	IOB3-225 BED B 631-1	not_started	unknown
bib-iob3-226-bed-b-624-1	IOB3-226 BED B 624-1	IOB3-226 BED B 624-1	not_started	unknown
bib-iob3-227-bed-b-622-4	IOB3-227 BED B 622-4	IOB3-227 BED B 622-4	not_started	unknown
bib-iob3-227-bed-b-624-1	IOB3-227 BED B 624-1	IOB3-227 BED B 624-1	not_started	unknown
bib-iob3-228-a-bed-b-624-1	IOB3-228/a BED B 624-1	IOB3-228/a BED B 624-1	not_started	unknown
bib-iob3-228-b-bed-b-632-1	IOB3-228/b BED B 632-1	IOB3-228/b BED B 632-1	not_started	unknown
bib-iob3-229-bed-b-632-2	IOB3-229 BED B 632-2	IOB3-229 BED B 632-2	not_started	unknown
bib-iob3-230-bed-b-632-3	IOB3-230 BED B 632-3	IOB3-230 BED B 632-3	not_started	unknown
bib-iob3-231-a-bed-b-632-4	IOB3-231/a BED B 632-4	IOB3-231/a BED B 632-4	not_started	unknown
bib-iob3-231-b-bed-b-633-1	IOB3-231/b BED B 633-1	IOB3-231/b BED B 633-1	not_started	unknown
bib-iob3-232-bed-b-633-2	IOB3-232 BED B 633-2	IOB3-232 BED B 633-2	not_started	unknown
bib-iob3-233	IOB3-233	IOB3-233	not_started	unknown
bib-iob3-233-bed-b-633-3	IOB3-233 BED B 633-3	IOB3-233 BED B 633-3	not_started	unknown
bib-iob3-234-bed-b-624-1	IOB3-234 BED B 624-1	IOB3-234 BED B 624-1	not_started	unknown
bib-iob3-235-bed-b-634-1	IOB3-235 BED B 634-1	IOB3-235 BED B 634-1	not_started	unknown
bib-iob3-236-a-bed-b-624-2	IOB3-236/a BED B 624-2	IOB3-236/a BED B 624-2	not_started	unknown
bib-iob3-236-b-bed-b-634-3	IOB3-236/b BED B 634-3	IOB3-236/b BED B 634-3	not_started	unknown
bib-iob3-237-bed-b-634-4	IOB3-237 BED B 634-4	IOB3-237 BED B 634-4	not_started	unknown
bib-iob3-238-bed-b-634-5	IOB3-238 BED B 634-5	IOB3-238 BED B 634-5	not_started	unknown
bib-iob3-239-bed-b-635-1	IOB3-239 BED B 635-1	IOB3-239 BED B 635-1	not_started	unknown
bib-iob3-240-bed-b-624-2	IOB3-240 BED B 624-2	IOB3-240 BED B 624-2	not_started	unknown
bib-iob3-241	IOB3-241	IOB3-241	not_started	unknown
bib-iob3-242-bed-b-635-3	IOB3-242 BED B 635-3	IOB3-242 BED B 635-3	not_started	unknown
bib-iob3-243-bed-b-624-3	IOB3-243 BED B 624-3	IOB3-243 BED B 624-3	not_started	unknown
bib-iob3-244-bed-b-624-4	IOB3-244 BED B 624-4	IOB3-244 BED B 624-4	not_started	unknown
bib-iob3-245-a-bed-b-636-2	IOB3-245/a BED B 636-2	IOB3-245/a BED B 636-2	not_started	unknown
bib-iob3-245-b-bed-b-622-4	IOB3-245/b BED B 622-4	IOB3-245/b BED B 622-4	not_started	unknown
bib-iob3-246-bed-b-623-2-b-636-3	IOB3-246 BED B 623-2 & B 636-3	IOB3-246 BED B 623-2 & B 636-3	not_started	unknown
bib-iob3-247-bed-b-624-4	IOB3-247 BED B 624-4	IOB3-247 BED B 624-4	not_started	unknown
bib-iob3-248-bed-b-622-4	IOB3-248 BED B 622-4	IOB3-248 BED B 622-4	not_started	unknown
bib-iob3-249-bed-b-622-4	IOB3-249 BED B 622-4	IOB3-249 BED B 622-4	not_started	unknown
bib-iob3-250-bed-b-622-4	IOB3-250 BED B 622-4	IOB3-250 BED B 622-4	not_started	unknown
bib-iob3-251-bed-b-622-4	IOB3-251 BED B 622-4	IOB3-251 BED B 622-4	not_started	unknown
bib-iob3-252-bed-b-622-4	IOB3-252 BED B 622-4	IOB3-252 BED B 622-4	not_started	unknown
bib-iob3-253-a-bed-b-622-4	IOB3-253/a BED B 622-4	IOB3-253/a BED B 622-4	not_started	unknown
bib-iob3-253-b-bed-b-622-4	IOB3-253/b BED B 622-4	IOB3-253/b BED B 622-4	not_started	unknown
bib-iob3-254-a-bed-b-622-4	IOB3-254/a BED B 622-4	IOB3-254/a BED B 622-4	not_started	unknown
bib-iob3-254-b-bed-b-622-4	IOB3-254/b BED B 622-4	IOB3-254/b BED B 622-4	not_started	unknown
bib-iob3-256-bed-b-604-14-b-604-12	IOB3-256 BED B 604-14 & B 604-12	IOB3-256 BED B 604-14 & B 604-12	not_started	unknown
bib-iob3-257-bed-b-622-4	IOB3-257 BED B 622-4	IOB3-257 BED B 622-4	not_started	unknown
bib-iob3-258-bed-b-622-4	IOB3-258 BED B 622-4	IOB3-258 BED B 622-4	not_started	unknown
bib-iob3-259-bed-b-622-4	IOB3-259 BED B 622-4	IOB3-259 BED B 622-4	not_started	unknown
bib-iob3-260-bed-b-622-4	IOB3-260 BED B 622-4	IOB3-260 BED B 622-4	not_started	unknown
bib-iob3-261-bed-b-622-4	IOB3-261 BED B 622-4	IOB3-261 BED B 622-4	not_started	unknown
bib-iob3-262-bed-b-622-4	IOB3-262 BED B 622-4	IOB3-262 BED B 622-4	not_started	unknown
bib-iob3-263-bed-b-622-4	IOB3-263 BED B 622-4	IOB3-263 BED B 622-4	not_started	unknown
bib-iob3-264-bed-b-622-4	IOB3-264 BED B 622-4	IOB3-264 BED B 622-4	not_started	unknown
bib-iob3-265-bed-b-622-4	IOB3-265 BED B 622-4	IOB3-265 BED B 622-4	not_started	unknown
bib-iob3-266-a-bed-b-622-4	IOB3-266/a BED B 622-4	IOB3-266/a BED B 622-4	not_started	unknown
bib-iob3-266-b-bed-b-622-4	IOB3-266/b BED B 622-4	IOB3-266/b BED B 622-4	not_started	unknown
bib-iob3-266-c-bed-b-622-4	IOB3-266/c BED B 622-4	IOB3-266/c BED B 622-4	not_started	unknown
bib-iob3-267-bed-b-622-4	IOB3-267 BED B 622-4	IOB3-267 BED B 622-4	not_started	unknown
bib-iob3-268-bed-b-622-4	IOB3-268 BED B 622-4	IOB3-268 BED B 622-4	not_started	unknown
bib-iob3-269-bed-b-622-4	IOB3-269 BED B 622-4	IOB3-269 BED B 622-4	not_started	unknown
bib-iob3-270-bed-b-614-4	IOB3-270 BED B 614-4	IOB3-270 BED B 614-4	not_started	unknown
bib-iob3-271-bed-b-622-4	IOB3-271 BED B 622-4	IOB3-271 BED B 622-4	not_started	unknown
bib-iob3-273-bed-b-622-4	IOB3-273 BED B 622-4	IOB3-273 BED B 622-4	not_started	unknown
bib-iob3-274-bed-b-622-4	IOB3-274 BED B 622-4	IOB3-274 BED B 622-4	not_started	unknown
bib-iob3-276-a-bed-b-622-4	IOB3-276/a BED B 622-4	IOB3-276/a BED B 622-4	not_started	unknown
bib-iob3-276-b-bed-b-622-4	IOB3-276/b BED B 622-4	IOB3-276/b BED B 622-4	not_started	unknown
bib-iob3-279-bed-b-622-4	IOB3-279 BED B 622-4	IOB3-279 BED B 622-4	not_started	unknown
bib-iob3-280-a-bed-b-622-4	IOB3-280/a BED B 622-4	IOB3-280/a BED B 622-4	not_started	unknown
bib-iob3-280-b-bed-b-622-4	IOB3-280/b BED B 622-4	IOB3-280/b BED B 622-4	not_started	unknown
bib-iob3-281-a-bed-b-622-4	IOB3-281/a BED B 622-4	IOB3-281/a BED B 622-4	not_started	unknown
bib-iob3-281-b-bed-b-622-4	IOB3-281/b BED B 622-4	IOB3-281/b BED B 622-4	not_started	unknown
bib-iob3-282-bed-b-622-4	IOB3-282 BED B 622-4	IOB3-282 BED B 622-4	not_started	unknown
bib-iob3-283-bed-b-622-4	IOB3-283 BED B 622-4	IOB3-283 BED B 622-4	not_started	unknown
bib-iob3-284-a-bed-b-622-4	IOB3-284/a BED B 622-4	IOB3-284/a BED B 622-4	not_started	unknown
bib-iob3-284-b-bed-b-622-4	IOB3-284/b BED B 622-4	IOB3-284/b BED B 622-4	not_started	unknown
bib-iob3-285-bed-b-622-4	IOB3-285 BED B 622-4	IOB3-285 BED B 622-4	not_started	unknown
bib-iob3-286-bed-b-622-4	IOB3-286 BED B 622-4	IOB3-286 BED B 622-4	not_started	unknown
bib-iob3-287-b-bed-b-622-4	IOB3-287/b BED B 622-4	IOB3-287/b BED B 622-4	not_started	unknown
bib-iob3-288-bed-b-622-4	IOB3-288 BED B 622-4	IOB3-288 BED B 622-4	not_started	unknown
bib-iob3-289-bed-b-622-4	IOB3-289 BED B 622-4	IOB3-289 BED B 622-4	not_started	unknown
bib-iob3-290-a-bed-b-622-4	IOB3-290/a BED B 622-4	IOB3-290/a BED B 622-4	not_started	unknown
bib-iob3-290-b-bed-b-622-4	IOB3-290/b BED B 622-4	IOB3-290/b BED B 622-4	not_started	unknown
bib-iob3-291-bed-b-622-4	IOB3-291 BED B 622-4	IOB3-291 BED B 622-4	not_started	unknown
bib-iob3-292-bed-b-622-4	IOB3-292 BED B 622-4	IOB3-292 BED B 622-4	not_started	unknown
bib-iob3-293-bed-b-622-4	IOB3-293 BED B 622-4	IOB3-293 BED B 622-4	not_started	unknown
bib-iob3-294-bed-b-622-4	IOB3-294 BED B 622-4	IOB3-294 BED B 622-4	not_started	unknown
bib-iob3-295-bed-b-622-6	IOB3-295 BED B 622-6	IOB3-295 BED B 622-6	not_started	unknown
bib-iob3-296	IOB3-296	IOB3-296	not_started	unknown
bib-iob3-296-297-198-b	IOB3-296-297-198/b	IOB3-296-297-198/b	not_started	unknown
bib-iob3-296-297-298-a	IOB3-296, 297, 298/a	IOB3-296, 297, 298/a	not_started	unknown
bib-iob3-296-298-a-b	IOB3-296 & 298/a-b	IOB3-296 & 298/a-b	not_started	unknown
bib-iob3-297-a-b-bed-b-600-7	IOB3-297/a-b BED B 600-7	IOB3-297/a-b BED B 600-7	not_started	unknown
bib-iob3-297-bed-b-622-6	IOB3-297 BED B 622-6	IOB3-297 BED B 622-6	not_started	unknown
bib-iob3-298-a-bed-b-622-6	IOB3-298/a BED B 622-6	IOB3-298/a BED B 622-6	not_started	unknown
bib-iob3-298-b-bed-b-623-1	IOB3-298/b BED B 623-1	IOB3-298/b BED B 623-1	not_started	unknown
bib-iob3-299-bed-b-622-4	IOB3-299 BED B 622-4	IOB3-299 BED B 622-4	not_started	unknown
bib-iob3-302-bed-b-610-5	IOB3-302 BED B 610-5	IOB3-302 BED B 610-5	not_started	unknown
bib-iob3-303-bed-a	IOB3-303 BED A	IOB3-303 BED A	not_started	unknown
bib-iob3-304-bed-a	IOB3-304 BED A	IOB3-304 BED A	not_started	unknown
bib-iob3-305-a	IOB3-305/a	IOB3-305/a	not_started	unknown
bib-iob3-306-a-iob5-586-b-c-bed-b-623-1	IOB3-306/a & IOB5-586/b/c BED B 623-1	IOB3-306/a & IOB5-586/b/c BED B 623-1	not_started	unknown
bib-iob3-306-b-bed-b-623-1	IOB3-306/b BED B 623-1	IOB3-306/b BED B 623-1	not_started	unknown
bib-iob3-306-c-bed-b-623-1	IOB3-306/c BED B 623-1	IOB3-306/c BED B 623-1	not_started	unknown
bib-iob3-306-d-bed-b-623-1	IOB3-306/d BED B 623-1	IOB3-306/d BED B 623-1	not_started	unknown
bib-iob3-308-bed-b-603-1	IOB3-308 BED B 603-1	IOB3-308 BED B 603-1	not_started	unknown
bib-iob3-309	IOB3-309	IOB3-309	not_started	unknown
bib-iob3-310-a	IOB3-310/a	IOB3-310/a	not_started	unknown
bib-iob3-310-b	IOB3-310/b	IOB3-310/b	not_started	unknown
bib-iob3-311-a-bed-b-603-2	IOB3-311/a BED B 603-2	IOB3-311/a BED B 603-2	not_started	unknown
bib-iob3-311-b-bed-b-603-2	IOB3-311/b BED B 603-2	IOB3-311/b BED B 603-2	not_started	unknown
bib-iob3-312-a-bed-a	IOB3-312/a BED A	IOB3-312/a BED A	not_started	unknown
bib-iob3-312-a-bed-b-600-7	IOB3-312/a BED B 600-7	IOB3-312/a BED B 600-7	not_started	unknown
bib-iob3-312-b-bed-b-603-2	IOB3-312/b BED B 603-2	IOB3-312/b BED B 603-2	not_started	unknown
bib-iob3-313-a-bed-b-603-2	IOB3-313/a BED B 603-2	IOB3-313/a BED B 603-2	not_started	unknown
bib-iob3-313-b-bed-b-603-2	IOB3-313/b BED B 603-2	IOB3-313/b BED B 603-2	not_started	unknown
bib-iob3-314-a-bed-a	IOB3-314/a BED A	IOB3-314/a BED A	not_started	unknown
bib-iob3-314-b-bed-a	IOB3-314/b BED A	IOB3-314/b BED A	not_started	unknown
bib-iob3-314-c-bed-b-603-2	IOB3-314/c BED B 603-2	IOB3-314/c BED B 603-2	not_started	unknown
bib-iob3-315-a-bed-b-603-2	IOB3-315/a BED B 603-2	IOB3-315/a BED B 603-2	not_started	unknown
bib-iob3-315-b	IOB3-315/b	IOB3-315/b	not_started	unknown
bib-iob3-316-a-bed-b-600-7	IOB3-316/a BED B 600-7	IOB3-316/a BED B 600-7	not_started	unknown
bib-iob3-316-b	IOB3-316/b	IOB3-316/b	not_started	unknown
bib-iob3-317-a-bed-b-603-2	IOB3-317/a & BED B 603-2	IOB3-317/a & BED B 603-2	not_started	unknown
bib-iob3-318-a-bed-b-603-2	IOB3-318/a BED B 603-2	IOB3-318/a BED B 603-2	not_started	unknown
bib-iob3-318-b	IOB3-318/b	IOB3-318/b	not_started	unknown
bib-iob3-319-a-bed-a	IOB3-319/a BED A	IOB3-319/a BED A	not_started	unknown
bib-iob3-319-c	IOB3-319/c	IOB3-319/c	not_started	unknown
bib-iob3-320	IOB3-320	IOB3-320	not_started	unknown
bib-iob3-320-bed-b-600-7	IOB3-320 BED B 600-7	IOB3-320 BED B 600-7	not_started	unknown
bib-iob3-321-bed-a	IOB3-321 BED A	IOB3-321 BED A	not_started	unknown
bib-iob3-322-bed-a	IOB3-322 BED A	IOB3-322 BED A	not_started	unknown
bib-iob3-323-a-b-c-bed-a	IOB3-323/a-b-c BED A	IOB3-323/a-b-c BED A	not_started	unknown
bib-iob3-323-a-b-c-bed-b-594-4	IOB3-323/a-b-c BED B 594-4	IOB3-323/a-b-c BED B 594-4	not_started	unknown
bib-iob3-324-a	IOB3-324/a	IOB3-324/a	not_started	unknown
bib-iob3-324-b-bed-b-602-5	IOB3-324/b BED B 602-5	IOB3-324/b BED B 602-5	not_started	unknown
bib-iob3-325-bed-b-551-1	IOB3-325 BED B 551-1	IOB3-325 BED B 551-1	not_started	unknown
bib-iob3-326-bed-b-593-5	IOB3-326 BED B 593-5	IOB3-326 BED B 593-5	not_started	unknown
bib-iob3-328-a-bed-b-601-4	IOB3-328/a BED B 601-4	IOB3-328/a BED B 601-4	not_started	unknown
bib-iob3-329	IOB3-329	IOB3-329	not_started	unknown
bib-iob3-330-bed-a	IOB3-330 BED A	IOB3-330 BED A	not_started	unknown
bib-iob3-331-a-bed-a	IOB3-331/a BED A	IOB3-331/a BED A	not_started	unknown
bib-iob3-332-a-bed-b-603-3	IOB3-332/a BED B 603-3	IOB3-332/a BED B 603-3	not_started	unknown
bib-iob3-332-b-bed-b-603-3	IOB3-332/b BED B 603-3	IOB3-332/b BED B 603-3	not_started	unknown
bib-iob3-333-bed-b-608-1-b-626-3	IOB3-333 BED B 608-1 & B 626-3	IOB3-333 BED B 608-1 & B 626-3	not_started	unknown
bib-iob3-334-a	IOB3-334/a	IOB3-334/a	not_started	unknown
bib-iob3-335-a-bed-b-603-3	IOB3-335/a BED B 603-3	IOB3-335/a BED B 603-3	not_started	unknown
bib-iob3-335-b-bed-b-603-3	IOB3-335/b BED B 603-3	IOB3-335/b BED B 603-3	not_started	unknown
bib-iob3-336-a-bed-b-603-3	IOB3-336/a BED B 603-3	IOB3-336/a BED B 603-3	not_started	unknown
bib-iob3-336-b-bed-b-603-3	IOB3-336/b BED B 603-3	IOB3-336/b BED B 603-3	not_started	unknown
bib-iob3-337-a-bed-b-603-3	IOB3-337/a BED B 603-3	IOB3-337/a BED B 603-3	not_started	unknown
bib-iob3-337-b-bed-b-603-3	IOB3-337/b BED B 603-3	IOB3-337/b BED B 603-3	not_started	unknown
bib-iob3-338-bed-b-603-3	IOB3-338 BED B 603-3	IOB3-338 BED B 603-3	not_started	unknown
bib-iob3-339-a-b-bed-a	IOB3-339/a-b BED A	IOB3-339/a-b BED A	not_started	unknown
bib-iob3-341-bed-b-622-4	IOB3-341 BED B 622-4	IOB3-341 BED B 622-4	not_started	unknown
bib-iob3-342-b-bed-b-603-3	IOB3-342/b - BED B 603-3	IOB3-342/b - BED B 603-3	not_started	unknown
bib-iob3-343-b-a-4-bed-b-603-3	IOB3-343/b/a 4- BED B 603-3	IOB3-343/b/a 4- BED B 603-3	not_started	unknown
bib-iob3-344-a-b-bed-b-600-7	IOB3-344/a-b BED B 600-7	IOB3-344/a-b BED B 600-7	not_started	unknown
bib-iob3-345-a-bed-b-600-7	IOB3-345/a BED B 600-7	IOB3-345/a BED B 600-7	not_started	unknown
bib-iob3-345-b	IOB3-345/b	IOB3-345/b	not_started	unknown
bib-iob3-389-b-bed-b-622-4	IOB3-389/b BED B 622-4	IOB3-389/b BED B 622-4	not_started	unknown
bib-iob3-460-a	IOB3-460/a	IOB3-460/a	not_started	unknown
bib-iob3-bed-b-622-4	IOB3- BED B 622-4	IOB3- BED B 622-4	not_started	unknown
bib-iob4-361-a	IOB4-361/a	IOB4-361/a	not_started	unknown
bib-iob4-361-b	IOB4-361/b	IOB4-361/b	not_started	unknown
bib-iob4-364-a	IOB4-364/a	IOB4-364/a	not_started	unknown
bib-iob4-364-b	IOB4-364/b	IOB4-364/b	not_started	unknown
bib-iob4-365-a-bed-b-533-2	IOB4-365/a BED B 533-2	IOB4-365/a BED B 533-2	not_started	unknown
bib-iob4-365-b-bed-b-552-3	IOB4-365/b BED B 552-3	IOB4-365/b BED B 552-3	not_started	unknown
bib-iob4-365-c-bed-b-573-3	IOB4-365/c BED B 573-3	IOB4-365/c BED B 573-3	not_started	unknown
bib-iob4-370	IOB4-370	IOB4-370	not_started	unknown
bib-iob4-371-a-bed-b-581-4	IOB4-371/a BED B 581-4	IOB4-371/a BED B 581-4	not_started	unknown
bib-iob4-373-a-bed-b-593-4	IOB4-373/a BED B 593-4	IOB4-373/a BED B 593-4	not_started	unknown
bib-iob4-375-bed-b-598-3	IOB4-375 BED B 598-3	IOB4-375 BED B 598-3	not_started	unknown
bib-iob4-376	IOB4-376	IOB4-376	not_started	unknown
bib-iob4-377-a-bed-b-584-3	IOB4-377/a BED B 584-3	IOB4-377/a BED B 584-3	not_started	unknown
bib-iob4-378-a-bed-b-609-3	IOB4-378/a BED B 609-3	IOB4-378/a BED B 609-3	not_started	unknown
bib-iob4-378-b-bed-b-609-4	IOB4-378/b BED B 609-4	IOB4-378/b BED B 609-4	not_started	unknown
bib-iob4-380-bed-b-611-4	IOB4-380 BED B 611-4	IOB4-380 BED B 611-4	not_started	unknown
bib-iob4-381-bed-b-622-4	IOB4-381 BED B 622-4	IOB4-381 BED B 622-4	not_started	unknown
bib-iob4-383-a-bed-b-623-1	IOB4-383/a BED B 623-1	IOB4-383/a BED B 623-1	not_started	unknown
bib-iob4-383-b-bed-b-623-1	IOB4-383/b BED B 623-1	IOB4-383/b BED B 623-1	not_started	unknown
bib-iob4-384-bed-b-634-6	IOB4-384 BED B 634-6	IOB4-384 BED B 634-6	not_started	unknown
bib-iob4-385-a-bed-b-624-4	IOB4-385/a BED B 624-4	IOB4-385/a BED B 624-4	not_started	unknown
bib-iob4-385-b-bed-b-624-4	IOB4-385/b BED B 624-4	IOB4-385/b BED B 624-4	not_started	unknown
bib-iob4-386-bed-b-637-5	IOB4-386 BED B 637-5	IOB4-386 BED B 637-5	not_started	unknown
bib-iob4-387-a-bed-b-623-1	IOB4-387/a BED B 623-1	IOB4-387/a BED B 623-1	not_started	unknown
bib-iob4-389-a-bed-b-622-4	IOB4-389/a BED B 622-4	IOB4-389/a BED B 622-4	not_started	unknown
bib-iob4-389-c-bed-b-622-4	IOB4-389/c BED B 622-4	IOB4-389/c BED B 622-4	not_started	unknown
bib-iob4-390	IOB4-390	IOB4-390	not_started	unknown
bib-iob4-391	IOB4-391	IOB4-391	not_started	unknown
bib-iob4-392	IOB4-392	IOB4-392	not_started	unknown
bib-iob4-393	IOB4-393	IOB4-393	not_started	unknown
bib-iob4-394-bed-b-622-6	IOB4-394 BED B 622-6	IOB4-394 BED B 622-6	not_started	unknown
bib-iob4-395-bed-b-622-6	IOB4-395 BED B 622-6	IOB4-395 BED B 622-6	not_started	unknown
bib-iob4-396-a-bed-b-622-6	IOB4-396/a BED B 622-6	IOB4-396/a BED B 622-6	not_started	unknown
bib-iob4-396-b-bed-b-622-6	IOB4-396/b BED B 622-6	IOB4-396/b BED B 622-6	not_started	unknown
bib-iob4-397-a-bed-b-622-6	IOB4-397/a BED B 622-6	IOB4-397/a BED B 622-6	not_started	unknown
bib-iob4-397-b-bed-b-622-6	IOB4-397/b BED B 622-6	IOB4-397/b BED B 622-6	not_started	unknown
bib-iob4-398-bed-b-622-6	IOB4-398 BED B 622-6	IOB4-398 BED B 622-6	not_started	unknown
bib-iob4-399-a-bed-b-622-6	IOB4-399/a BED B 622-6	IOB4-399/a BED B 622-6	not_started	unknown
bib-iob4-399-b-bed-b-622-6	IOB4-399/b BED B 622-6	IOB4-399/b BED B 622-6	not_started	unknown
bib-iob4-399-c-bed-b-622-6	IOB4-399/c BED B 622-6	IOB4-399/c BED B 622-6	not_started	unknown
bib-iob4-399-c-bed-b-666-1a	IOB4-399/c BED B 666-1a	IOB4-399/c BED B 666-1a	not_started	unknown
bib-iob4-399-d-bed-b-651-1	IOB4-399/d BED B 651-1	IOB4-399/d BED B 651-1	not_started	unknown
bib-iob4-400-a-bed-b-622-6	IOB4-400/a BED B 622-6	IOB4-400/a BED B 622-6	not_started	unknown
bib-iob4-400-b-bed-b-622-6	IOB4-400/b BED B 622-6	IOB4-400/b BED B 622-6	not_started	unknown
bib-iob4-401-bed-b-622-6	IOB4-401 BED B 622-6	IOB4-401 BED B 622-6	not_started	unknown
bib-iob4-402-a	IOB4-402/a	IOB4-402/a	not_started	unknown
bib-iob4-402-b-bed-b-567-7	IOB4-402/b BED B 567-7	IOB4-402/b BED B 567-7	not_started	unknown
bib-iob4-403-a-bed-b-622-6	IOB4-403/a BED B 622-6	IOB4-403/a BED B 622-6	not_started	unknown
bib-iob4-403-b-bed-b-622-4	IOB4-403/b BED B 622-4	IOB4-403/b BED B 622-4	not_started	unknown
bib-iob4-404-bed-b-623-1	IOB4-404 BED B 623-1	IOB4-404 BED B 623-1	not_started	unknown
bib-iob4-405-a-bed-b-622-6	IOB4-405/a BED B 622-6	IOB4-405/a BED B 622-6	not_started	unknown
bib-iob4-405-b-bed-b-622-6	IOB4-405/b} BED B 622-6	IOB4-405/b} BED B 622-6	not_started	unknown
bib-iob4-405-c-bed-b-622-6	IOB4-405/c} BED B 622-6	IOB4-405/c} BED B 622-6	not_started	unknown
bib-iob4-405-d-bed-b-622-6	IOB4-405/d BED B 622-6	IOB4-405/d BED B 622-6	not_started	unknown
bib-iob4-406-a-bed-b-622-6	IOB4-406/a BED B 622-6	IOB4-406/a BED B 622-6	not_started	unknown
bib-iob4-406-b-bed-b-622-6	IOB4-406/b BED B 622-6	IOB4-406/b BED B 622-6	not_started	unknown
bib-iob4-407-b-bed-b-622-6	IOB4-407/b BED B 622-6	IOB4-407/b BED B 622-6	not_started	unknown
bib-iob4-408-bed-b-622-6	IOB4-408 BED B 622-6	IOB4-408 BED B 622-6	not_started	unknown
bib-iob4-409-a-bed-b-622-6	IOB4-409/a BED B 622-6	IOB4-409/a BED B 622-6	not_started	unknown
bib-iob4-409-b-bed-b-622-6	IOB4-409/b BED B 622-6	IOB4-409/b BED B 622-6	not_started	unknown
bib-iob4-411-bed-b-624-6	IOB4-411 BED B 624-6	IOB4-411 BED B 624-6	not_started	unknown
bib-iob4-412-a-bed-b-622-6	IOB4-412/a BED B 622-6	IOB4-412/a BED B 622-6	not_started	unknown
bib-iob4-412-b-bed-b-622-6	IOB4-412/b BED B 622-6	IOB4-412/b BED B 622-6	not_started	unknown
bib-iob4-413-bed-b-622-6	IOB4-413 BED B 622-6	IOB4-413 BED B 622-6	not_started	unknown
bib-iob4-414-a-bed-b-622-6	IOB4-414/a BED B 622-6	IOB4-414/a BED B 622-6	not_started	unknown
bib-iob4-414-b-bed-b-622-6	IOB4-414/b BED B 622-6	IOB4-414/b BED B 622-6	not_started	unknown
bib-iob4-415-bed-b-622-6	IOB4-415 BED B 622-6	IOB4-415 BED B 622-6	not_started	unknown
bib-iob4-416-a-bed-b-622-6	IOB4-416/a BED B 622-6	IOB4-416/a BED B 622-6	not_started	unknown
bib-iob4-416-b-bed-b-622-6	IOB4-416/b BED B 622-6	IOB4-416/b BED B 622-6	not_started	unknown
bib-iob4-416-c-bed-b-622-6	IOB4-416/c BED B 622-6	IOB4-416/c BED B 622-6	not_started	unknown
bib-iob4-417-bed-b-622-6	IOB4-417 BED B 622-6	IOB4-417 BED B 622-6	not_started	unknown
bib-iob4-419-a-bed-b-622-6	IOB4-419/a BED B 622-6	IOB4-419/a BED B 622-6	not_started	unknown
bib-iob4-419-b-bed-b-622-6	IOB4-419/b BED B 622-6	IOB4-419/b BED B 622-6	not_started	unknown
bib-iob4-420-a-bed-b-623-1	IOB4-420/a BED B 623-1	IOB4-420/a BED B 623-1	not_started	unknown
bib-iob4-420-b-bed-b-623-1	IOB4-420/b BED B 623-1	IOB4-420/b BED B 623-1	not_started	unknown
bib-iob4-421-a-bed-b-622-4	IOB4-421/a BED B 622-4	IOB4-421/a BED B 622-4	not_started	unknown
bib-iob4-423-bed-b-622-6	IOB4-423 BED B 622-6	IOB4-423 BED B 622-6	not_started	unknown
bib-iob4-424-bed-b-622-6	IOB4-424 BED B 622-6	IOB4-424 BED B 622-6	not_started	unknown
bib-iob4-425-a-bed-b-622-6	IOB4-425/a BED B 622-6	IOB4-425/a BED B 622-6	not_started	unknown
bib-iob4-425-b-bed-b-622-6	IOB4-425/b BED B 622-6	IOB4-425/b BED B 622-6	not_started	unknown
bib-iob4-426-bed-b-622-6	IOB4-426 BED B 622-6	IOB4-426 BED B 622-6	not_started	unknown
bib-iob4-427-b-bed-b-622-6	IOB4-427/b BED B 622-6	IOB4-427/b BED B 622-6	not_started	unknown
bib-iob4-428-bed-b-622-6	IOB4-428 BED B 622-6	IOB4-428 BED B 622-6	not_started	unknown
bib-iob4-429-bed-b-622-6	IOB4-429 BED B 622-6	IOB4-429 BED B 622-6	not_started	unknown
bib-iob4-430-bed-b-622-6	IOB4-430 BED B 622-6	IOB4-430 BED B 622-6	not_started	unknown
bib-iob4-431-a-bed-b-622-6	IOB4-431/a BED B 622-6	IOB4-431/a BED B 622-6	not_started	unknown
bib-iob4-431-b-bed-b-622-6	IOB4-431/b BED B 622-6	IOB4-431/b BED B 622-6	not_started	unknown
bib-iob4-432-a-bed-b-622-6	IOB4-432/a BED B 622-6	IOB4-432/a BED B 622-6	not_started	unknown
bib-iob4-432-b-bed-b-622-6	IOB4-432/b BED B 622-6	IOB4-432/b BED B 622-6	not_started	unknown
bib-iob4-433-a	IOB4-433/a	IOB4-433/a	not_started	unknown
bib-iob4-433-b	IOB4-433/b	IOB4-433/b	not_started	unknown
bib-iob4-434-b-bed-b-622-6	IOB4-434/b BED B 622-6	IOB4-434/b BED B 622-6	not_started	unknown
bib-iob4-435-a-bed-b-623-1	IOB4-435/a BED B 623-1	IOB4-435/a BED B 623-1	not_started	unknown
bib-iob4-435-b-bed-b-623-1	IOB4-435/b BED B 623-1	IOB4-435/b BED B 623-1	not_started	unknown
bib-iob4-436-a-bed-b-623-1	IOB4-436/a BED B 623-1	IOB4-436/a BED B 623-1	not_started	unknown
bib-iob4-436-b-bed-b-623-1	IOB4-436/b BED B 623-1	IOB4-436/b BED B 623-1	not_started	unknown
bib-iob4-437-b-bed-b-623-1	IOB4-437/b BED B 623-1	IOB4-437/b BED B 623-1	not_started	unknown
bib-iob4-438-a-bed-b-623-1	IOB4-438/a BED B 623-1	IOB4-438/a BED B 623-1	not_started	unknown
bib-iob4-438-b-bed-b-623-1	IOB4-438/b BED B 623-1	IOB4-438/b BED B 623-1	not_started	unknown
bib-iob4-439-a-bed-b-623-1	IOB4-439/a BED B 623-1	IOB4-439/a BED B 623-1	not_started	unknown
bib-iob4-439-b-bed-b-623-1	IOB4-439/b BED B 623-1	IOB4-439/b BED B 623-1	not_started	unknown
bib-iob4-440-a-bed-b-623-1	IOB4-440/a BED B 623-1	IOB4-440/a BED B 623-1	not_started	unknown
bib-iob4-440-b-bed-b-623-1	IOB4-440/b BED B 623-1	IOB4-440/b BED B 623-1	not_started	unknown
bib-iob4-440-c-bed-b-623-1	IOB4-440/c BED B 623-1	IOB4-440/c BED B 623-1	not_started	unknown
bib-iob4-441-a-bed-b-623-1	IOB4-441/a BED B 623-1	IOB4-441/a BED B 623-1	not_started	unknown
bib-iob4-441-b-bed-b-623-1	IOB4-441/b BED B 623-1	IOB4-441/b BED B 623-1	not_started	unknown
bib-iob4-442-a-bed-b-623-1	IOB4-442/a BED B 623-1	IOB4-442/a BED B 623-1	not_started	unknown
bib-iob4-442-b-bed-b-623-1	IOB4-442/b BED B 623-1	IOB4-442/b BED B 623-1	not_started	unknown
bib-iob4-443-bed-b-622-6	IOB4-443 BED B 622-6	IOB4-443 BED B 622-6	not_started	unknown
bib-iob4-444-a-bed-b-622-6	IOB4-444/a BED B 622-6	IOB4-444/a BED B 622-6	not_started	unknown
bib-iob4-444-b-bed-b-623-1	IOB4-444/b BED B 623-1	IOB4-444/b BED B 623-1	not_started	unknown
bib-iob4-445-a-bed-b-623-1	IOB4-445/a BED B 623-1	IOB4-445/a BED B 623-1	not_started	unknown
bib-iob4-445-b-bed-b-623-1	IOB4-445/b BED B 623-1	IOB4-445/b BED B 623-1	not_started	unknown
bib-iob4-445-c-bed-b-623-1	IOB4-445/c BED B 623-1	IOB4-445/c BED B 623-1	not_started	unknown
bib-iob4-446-b-bed-b-623-1	IOB4 446/b BED B 623-1	IOB4 446/b BED B 623-1	not_started	unknown
bib-iob4-446-c-bed-b-623-1	IOB4-446/c BED B 623-1	IOB4-446/c BED B 623-1	not_started	unknown
bib-iob4-447-bed-b-623-1	IOB4-447 BED B 623-1	IOB4-447 BED B 623-1	not_started	unknown
bib-iob4-448-a-bed-b-623-1	IOB4-448/a BED B 623-1	IOB4-448/a BED B 623-1	not_started	unknown
bib-iob4-448-b-bed-b-623-1	IOB4-448/b BED B 623-1	IOB4-448/b BED B 623-1	not_started	unknown
bib-iob4-448-c-bed-b-623-1	IOB4-448/c BED B 623-1	IOB4-448/c BED B 623-1	not_started	unknown
bib-iob4-449-bed-b-623-1	IOB4-449 BED B 623-1	IOB4-449 BED B 623-1	not_started	unknown
bib-iob4-450-a-bed-b-623-1	IOB4-450/a BED B 623-1	IOB4-450/a BED B 623-1	not_started	unknown
bib-iob4-450-b-bed-b-623-1	IOB4-450/b BED B 623-1	IOB4-450/b BED B 623-1	not_started	unknown
bib-iob4-451-bed-b-623-1	IOB4-451 BED B 623-1	IOB4-451 BED B 623-1	not_started	unknown
bib-iob4-452-a-bed-b-623-1	IOB4-452/a BED B 623-1	IOB4-452/a BED B 623-1	not_started	unknown
bib-iob4-452-b-bed-b-623-1	IOB4-452/b BED B 623-1	IOB4-452/b BED B 623-1	not_started	unknown
bib-iob4-453-a-bed-b-623-1	IOB4-453/a BED B 623-1	IOB4-453/a BED B 623-1	not_started	unknown
bib-iob4-454-a-bed-b-623-1	IOB4-454/a BED B 623-1	IOB4-454/a BED B 623-1	not_started	unknown
bib-iob4-454-b-bed-b-623-1	IOB4-454/b BED B 623-1	IOB4-454/b BED B 623-1	not_started	unknown
bib-iob4-455-a-bed-b-623-1	IOB4-455/a BED B 623-1	IOB4-455/a BED B 623-1	not_started	unknown
bib-iob4-455-b-bed-b-623-1	IOB4-455/b BED B 623-1	IOB4-455/b BED B 623-1	not_started	unknown
bib-iob4-456-a	IOB4-456/a	IOB4-456/a	not_started	unknown
bib-iob4-456-a-bed-b-623-1	IOB4-456/a BED B 623-1	IOB4-456/a BED B 623-1	not_started	unknown
bib-iob4-456-b-bed-b-623-1	IOB4-456/b BED B 623-1	IOB4-456/b BED B 623-1	not_started	unknown
bib-iob4-457-a-bed-b-623-1	IOB4-457/a BED B 623-1	IOB4-457/a BED B 623-1	not_started	unknown
bib-iob4-457-b	IOB4-457/b	IOB4-457/b	not_started	unknown
bib-iob4-458	IOB4-458	IOB4-458	not_started	unknown
bib-iob4-458-bed-b-623-1	IOB4-458 BED B 623-1	IOB4-458 BED B 623-1	not_started	unknown
bib-iob4-459-b	IOB4-459/b	IOB4-459/b	not_started	unknown
bib-iob4-460-b	IOB4-460/b	IOB4-460/b	not_started	unknown
bib-iob4-461-a	IOB4-461/a	IOB4-461/a	not_started	unknown
bib-iob4-461-b	IOB4-461/b	IOB4-461/b	not_started	unknown
bib-iob4-462-a	IOB4-462/a	IOB4-462/a	not_started	unknown
bib-iob4437-a-bed-b-623-1	IOB4437/a BED B 623-1	IOB4437/a BED B 623-1	not_started	unknown
bib-iob5	IOB5-	IOB5-	not_started	unknown
bib-iob5-302-c-bed-b-600-7	IOB5-302/c BED B 600-7	IOB5-302/c BED B 600-7	not_started	unknown
bib-iob5-463-bed-b-703-1	IOB5-463 BED B 703-1	IOB5-463 BED B 703-1	not_started	unknown
bib-iob5-464-a-bed-b-703-2	IOB5-464/a BED B 703-2	IOB5-464/a BED B 703-2	not_started	unknown
bib-iob5-464-b	IOB5-464/b	IOB5-464/b	not_started	unknown
bib-iob5-465-a-bed-b-645-2	IOB5-465/a BED B 645-2	IOB5-465/a BED B 645-2	not_started	unknown
bib-iob5-465-b	IOB5-465/b	IOB5-465/b	not_started	unknown
bib-iob5-466-a	IOB5-466/a	IOB5-466/a	not_started	unknown
bib-iob5-466-b	IOB5-466/b	IOB5-466/b	not_started	unknown
bib-iob5-467-a	IOB5-467/a	IOB5-467/a	not_started	unknown
bib-iob5-467-b	IOB5-467/b	IOB5-467/b	not_started	unknown
bib-iob5-467-c	IOB5-467/c	IOB5-467/c	not_started	unknown
bib-iob5-467-d	IOB5-467/d	IOB5-467/d	not_started	unknown
bib-iob5-469-a	IOB5-469/a	IOB5-469/a	not_started	unknown
bib-iob5-469-b	IOB5-469/b	IOB5-469/b	not_started	unknown
bib-iob5-470-a	IOB5-470/a	IOB5-470/a	not_started	unknown
bib-iob5-470-b	IOB5-470/b	IOB5-470/b	not_started	unknown
bib-iob5-471	IOB5-471	IOB5-471	not_started	unknown
bib-iob5-472	IOB5-472	IOB5-472	not_started	unknown
bib-iob5-473-a	IOB5-473/a	IOB5-473/a	not_started	unknown
bib-iob5-473-b	IOB5-473/b	IOB5-473/b	not_started	unknown
bib-iob5-474	IOB5-474	IOB5-474	not_started	unknown
bib-iob5-475	IOB5-475	IOB5-475	not_started	unknown
bib-iob5-477-a	IOB5-477/a	IOB5-477/a	not_started	unknown
bib-iob5-477-b	IOB5-477/b	IOB5-477/b	not_started	unknown
bib-iob5-478	IOB5-478	IOB5-478	not_started	unknown
bib-iob5-479-bed-b-578-5	IOB5-479 BED B 578-5	IOB5-479 BED B 578-5	not_started	unknown
bib-iob5-480-a-bed-b-565-1	IOB5-480/a BED B 565-1	IOB5-480/a BED B 565-1	not_started	unknown
bib-iob5-480-c	IOB5-480/c	IOB5-480/c	not_started	unknown
bib-iob5-481-a-bed-b-635-6	IOB5-481/a BED B 635-6	IOB5-481/a BED B 635-6	not_started	unknown
bib-iob5-482-a	IOB5-482/a	IOB5-482/a	not_started	unknown
bib-iob5-482-b	IOB5-482/b	IOB5-482/b	not_started	unknown
bib-iob5-483-b	IOB5-483/b	IOB5-483/b	not_started	unknown
bib-iob5-485-a	IOB5-485/a	IOB5-485/a	not_started	unknown
bib-iob5-485-b	IOB5-485/b	IOB5-485/b	not_started	unknown
bib-iob5-486-b	IOB5-486/b	IOB5-486/b	not_started	unknown
bib-iob5-488-a	IOB5-488/a	IOB5-488/a	not_started	unknown
bib-iob5-491	IOB5-491	IOB5-491	not_started	unknown
bib-iob5-497	IOB5-497	IOB5-497	not_started	unknown
bib-iob5-499-a	IOB5-499/a	IOB5-499/a	not_started	unknown
bib-iob5-499-b	IOB5-499/b	IOB5-499/b	not_started	unknown
bib-iob5-499-c	IOB5-499/c	IOB5-499/c	not_started	unknown
bib-iob5-499-d	IOB5-499/d	IOB5-499/d	not_started	unknown
bib-iob5-501	IOB5-501	IOB5-501	not_started	unknown
bib-iob5-502	IOB5-502	IOB5-502	not_started	unknown
bib-iob5-509-bed-b-628-9	IOB5-509 BED B 628-9	IOB5-509 BED B 628-9	not_started	unknown
bib-iob5-510	IOB5-510	IOB5-510	not_started	unknown
bib-iob5-512-b	IOB5-512/b	IOB5-512/b	not_started	unknown
bib-iob5-514-a	IOB5-514/a	IOB5-514/a	not_started	unknown
bib-iob5-514-b	IOB5-514/b	IOB5-514/b	not_started	unknown
bib-iob5-517-a	IOB5-517/a	IOB5-517/a	not_started	unknown
bib-iob5-524-a	IOB5-524/a	IOB5-524/a	not_started	unknown
bib-iob5-524-b	IOB5-524/b	IOB5-524/b	not_started	unknown
bib-iob5-525-a	IOB5-525/a	IOB5-525/a	not_started	unknown
bib-iob5-525-b	IOB5-525/b	IOB5-525/b	not_started	unknown
bib-iob5-530	IOB5-530	IOB5-530	not_started	unknown
bib-iob5-541-a	IOB5-541/a	IOB5-541/a	not_started	unknown
bib-iob5-541-b	IOB5-541/b	IOB5-541/b	not_started	unknown
bib-iob5-541-c	IOB5-541/c	IOB5-541/c	not_started	unknown
bib-iob5-541-d	IOB5-541/d	IOB5-541/d	not_started	unknown
bib-iob5-542	IOB5-542	IOB5-542	not_started	unknown
bib-iob5-543-a-bed-b-675-1	IOB5-543/a BED B 675-1	IOB5-543/a BED B 675-1	not_started	unknown
bib-iob5-543-b	IOB5-543/b	IOB5-543/b	not_started	unknown
bib-iob5-544-a	IOB5-544/a	IOB5-544/a	not_started	unknown
bib-iob5-544-b	IOB5-544/b	IOB5-544/b	not_started	unknown
bib-iob5-545-a	IOB5-545/a	IOB5-545/a	not_started	unknown
bib-iob5-545-b	IOB5-545/b	IOB5-545/b	not_started	unknown
bib-iob5-546	IOB5-546	IOB5-546	not_started	unknown
bib-iob5-547-a	IOB5-547/a	IOB5-547/a	not_started	unknown
bib-iob5-547-b	IOB5-547/b	IOB5-547/b	not_started	unknown
bib-iob5-563-a-bed-b-602-4	IOB5-563/a BED B 602-4	IOB5-563/a BED B 602-4	not_started	unknown
bib-iob5-565-a-bed-a	IOB5-565/a BED A	IOB5-565/a BED A	not_started	unknown
bib-iob5-571-a-bed-a	IOB5-571/a BED A	IOB5-571/a BED A	not_started	unknown
bib-iob5-571-b-bed-b-537-2	IOB5-571/b BED B 537-2	IOB5-571/b BED B 537-2	not_started	unknown
bib-iob5-572-a-bed-b-602-4	IOB5-572/a BED B 602-4	IOB5-572/a BED B 602-4	not_started	unknown
bib-iob5-573-a-bed-b-602-4	IOB5-573/a BED B 602-4	IOB5-573/a BED B 602-4	not_started	unknown
bib-iob5-573-b-bed-b-602-5	IOB5-573/b BED B 602-5	IOB5-573/b BED B 602-5	not_started	unknown
bib-iob5-574-a-bed-b-582-4	IOB5-574/a BED B 582-4	IOB5-574/a BED B 582-4	not_started	unknown
bib-iob5-574-b	IOB5-574/b	IOB5-574/b	not_started	unknown
bib-iob5-575-bed-b-602-5	IOB5-575 BED B 602-5	IOB5-575 BED B 602-5	not_started	unknown
bib-iob5-576-a-bed-b-602-4	IOB5-576/a BED B 602-4	IOB5-576/a BED B 602-4	not_started	unknown
bib-iob5-576-b-15-bed-b-602-4	IOB5-576/b 15 BED B 602-4	IOB5-576/b 15 BED B 602-4	not_started	unknown
bib-iob5-577-bed-b-600-7	IOB5-577 BED B 600-7	IOB5-577 BED B 600-7	not_started	unknown
bib-iob5-577-bed-b-602-1	IOB5-577 BED B 602-1	IOB5-577 BED B 602-1	not_started	unknown
bib-iob5-578-a-bed-b-600-7	IOB5-578/a BED B 600-7	IOB5-578/a BED B 600-7	not_started	unknown
bib-iob5-578-b-bed-b-600-7	IOB5-578/b BED B 600-7	IOB5-578/b BED B 600-7	not_started	unknown
bib-iob5-581-b-bed-b-559-5	IOB5-581/b BED B 559-5	IOB5-581/b BED B 559-5	not_started	unknown
bib-iob5-583-bed-b-622-6	IOB5-583 BED B 622-6	IOB5-583 BED B 622-6	not_started	unknown
bib-iob5-584-bed-b-622-6	IOB5-584 BED B 622-6	IOB5-584 BED B 622-6	not_started	unknown
bib-iob5-587-a-bed-b-624-1	IOB5-587/a BED B 624-1	IOB5-587/a BED B 624-1	not_started	unknown
bib-iob5-587-b	IOB5-587/b	IOB5-587/b	not_started	unknown
bib-iob5-588	IOB5-588	IOB5-588	not_started	unknown
bib-iob5-589	IOB5-589	IOB5-589	not_started	unknown
bib-iob5-590	IOB5-590	IOB5-590	not_started	unknown
bib-iob5-591-a	IOB5-591/a	IOB5-591/a	not_started	unknown
bib-iob5-591-b	IOB5-591/b	IOB5-591/b	not_started	unknown
bib-iob5-592-a	IOB5-592/a	IOB5-592/a	not_started	unknown
bib-iob5-593-a-bed-b-539-1	IOB5-593/a BED B 539-1	IOB5-593/a BED B 539-1	not_started	unknown
bib-iob5-593-b	IOB5-593/b	IOB5-593/b	not_started	unknown
bib-iob5-597	IOB5-597/	IOB5-597/	not_started	unknown
bib-iob5-597-c	IOB5-597/c	IOB5-597/c	not_started	unknown
bib-iob5-597-d	IOB5-597/d	IOB5-597/d	not_started	unknown
bib-iob5-599-d	IOB5-599/d +	IOB5-599/d +	not_started	unknown
bib-iob5498-9	IOB5498 9	IOB5498 9	not_started	unknown
bib-ippa	IPPA	IPPA	not_started	unknown
bib-ippa-101-102	IPPA 101-102	IPPA 101-102	not_started	unknown
bib-ippa-103-104	IPPA-103-104	IPPA-103-104	not_started	unknown
bib-ippa-105	IPPA-105	IPPA-105	not_started	unknown
bib-ippa-106	IPPA-106	IPPA-106	not_started	unknown
bib-ippa-107	IPPA-107	IPPA-107	not_started	unknown
bib-ippa-109-111	IPPA-109, 111	IPPA-109, 111	not_started	unknown
bib-ippa-112-113	IPPA-112-113	IPPA-112-113	not_started	unknown
bib-ippa-114-116	IPPA-114, 116	IPPA-114, 116	not_started	unknown
bib-ippa-117-118	IPPA-117-118	IPPA-117-118	not_started	unknown
bib-ippa-119-120	IPPA-119-120	IPPA-119-120	not_started	unknown
bib-ippa-12	IPPA-12	IPPA-12	not_started	unknown
bib-ippa-121-122	IPPA-121-122	IPPA-121-122	not_started	unknown
bib-ippa-123	IPPA-123	IPPA-123	not_started	unknown
bib-ippa-137-138	IPPA 137-138	IPPA 137-138	not_started	unknown
bib-ippa-139	IPPA 139	IPPA 139	not_started	unknown
bib-ippa-141	IPPA-141	IPPA-141	not_started	unknown
bib-ippa-143	IPPA-143	IPPA-143	not_started	unknown
bib-ippa-145-146-bed-b-545-3	IPPA-145-146 BED B 545-3	IPPA-145-146 BED B 545-3	not_started	unknown
bib-ippa-147-148	IPPA-147-148	IPPA-147-148	not_started	unknown
bib-ippa-149	IPPA-149	IPPA-149	not_started	unknown
bib-ippa-15	IPPA-15	IPPA-15	not_started	unknown
bib-ippa-150	IPPA-150	IPPA-150	not_started	unknown
bib-ippa-151	IPPA-151	IPPA-151	not_started	unknown
bib-ippa-153-154	IPPA-153, 154	IPPA-153, 154	not_started	unknown
bib-ippa-155-157	IPPA-155-157	IPPA-155-157	not_started	unknown
bib-ippa-159	IPPA-159	IPPA-159 | IPPA 159	not_started	unknown
bib-ippa-162	IPPA-162	IPPA-162	not_started	unknown
bib-ippa-165	IPPA-165	IPPA-165	not_started	unknown
bib-ippa-166	IPPA-166	IPPA-166	not_started	unknown
bib-ippa-167	IPPA-167	IPPA-167	not_started	unknown
bib-ippa-168	IPPA-168	IPPA-168	not_started	unknown
bib-ippa-169	IPPA-169	IPPA-169	not_started	unknown
bib-ippa-17	IPPA-17	IPPA-17	not_started	unknown
bib-ippa-170	IPPA-170	IPPA-170	not_started	unknown
bib-ippa-172-173	IPPA-172-173	IPPA-172-173	not_started	unknown
bib-ippa-174-175	IPPA-174-175	IPPA-174-175	not_started	unknown
bib-ippa-176	IPPA 176	IPPA 176	not_started	unknown
bib-ippa-179	IPPA-179	IPPA-179	not_started	unknown
bib-ippa-18	IPPA-18	IPPA-18	not_started	unknown
bib-ippa-181-182	IPPA 181, 182	IPPA 181, 182	not_started	unknown
bib-ippa-183	IPPA-183	IPPA-183	not_started	unknown
bib-ippa-184-185	IPPA-184, 185	IPPA-184, 185	not_started	unknown
bib-ippa-186	IPPA-186	IPPA-186	not_started	unknown
bib-ippa-187	IPPA-187	IPPA-187	not_started	unknown
bib-ippa-188-189	IPPA 188-189	IPPA 188-189	not_started	unknown
bib-ippa-190	IPPA-190	IPPA-190	not_started	unknown
bib-ippa-191	IPPA-191	IPPA-191	not_started	unknown
bib-ippa-192	IPPA-192	IPPA-192	not_started	unknown
bib-ippa-193	IPPA-193	IPPA-193	not_started	unknown
bib-ippa-20	IPPA-20	IPPA-20	not_started	unknown
bib-ippa-201	IPPA-201	IPPA-201	not_started	unknown
bib-ippa-203	IPPA-203	IPPA-203	not_started	unknown
bib-ippa-207	IPPA-207	IPPA-207	not_started	unknown
bib-ippa-209	IPPA-209	IPPA-209	not_started	unknown
bib-ippa-209-211	IPPA-209, 211	IPPA-209, 211	not_started	unknown
bib-ippa-21	IPPA-21	IPPA-21	not_started	unknown
bib-ippa-212-213	IPPA-212-213,	IPPA-212-213,	not_started	unknown
bib-ippa-215	IPPA-215	IPPA-215	not_started	unknown
bib-ippa-217-218	IPPA-217, 218	IPPA-217, 218	not_started	unknown
bib-ippa-219-220	IPPA-219-220	IPPA-219-220	not_started	unknown
bib-ippa-221	IPPA-221	IPPA-221	not_started	unknown
bib-ippa-224-226	IPPA-224-226	IPPA-224-226	not_started	unknown
bib-ippa-227-228	IPPA-227, 228	IPPA-227, 228	not_started	unknown
bib-ippa-229-230	IPPA-229, 230	IPPA-229, 230	not_started	unknown
bib-ippa-231-232	IPPA-231, 232	IPPA-231, 232	not_started	unknown
bib-ippa-234	IPPA-234	IPPA-234	not_started	unknown
bib-ippa-235	IPPA-235	IPPA-235	not_started	unknown
bib-ippa-237-238	IPPA-237, 238	IPPA-237, 238	not_started	unknown
bib-ippa-239	IPPA-239	IPPA-239	not_started	unknown
bib-ippa-240-241	IPPA-240-241	IPPA-240-241	not_started	unknown
bib-ippa-243-245	IPPA-243-245	IPPA-243-245	not_started	unknown
bib-ippa-246-248	IPPA-246-248	IPPA-246-248	not_started	unknown
bib-ippa-253-254	IPPA-253-254	IPPA-253-254	not_started	unknown
bib-ippa-255	IPPA-255	IPPA-255	not_started	unknown
bib-ippa-257	IPPA-257	IPPA-257	not_started	unknown
bib-ippa-260	IPPA-260	IPPA-260	not_started	unknown
bib-ippa-264	IPPA-264	IPPA-264	not_started	unknown
bib-ippa-266	IPPA-266	IPPA-266	not_started	unknown
bib-ippa-269	IPPA-269	IPPA-269	not_started	unknown
bib-ippa-270-271	IPPA-270-271	IPPA-270-271	not_started	unknown
bib-ippa-274-276	IPPA-274-276	IPPA-274-276	not_started	unknown
bib-ippa-277	IPPA-277	IPPA-277	not_started	unknown
bib-ippa-278	IPPA-278	IPPA-278	not_started	unknown
bib-ippa-280	IPPA-280	IPPA-280	not_started	unknown
bib-ippa-281	IPPA-281	IPPA-281	not_started	unknown
bib-ippa-283	IPPA-283	IPPA-283	not_started	unknown
bib-ippa-284	IPPA-284	IPPA-284	not_started	unknown
bib-ippa-286-287	IPPA 286-287	IPPA 286-287	not_started	unknown
bib-ippa-293	IPPA-293	IPPA-293	not_started	unknown
bib-ippa-294	IPPA-294	IPPA-294	not_started	unknown
bib-ippa-295	IPPA-295	IPPA-295	not_started	unknown
bib-ippa-297-8-9	IPPA-297-8-9	IPPA-297-8-9	not_started	unknown
bib-ippa-300-1-2	IPPA-300-1-2	IPPA-300-1-2	not_started	unknown
bib-ippa-303-4-5	IPPA-303, 4-5	IPPA-303, 4-5	not_started	unknown
bib-ippa-306-7-8	IPPA 306, 7-8	IPPA 306, 7-8	not_started	unknown
bib-ippa-311-312	IPPA-311-312	IPPA-311-312	not_started	unknown
bib-ippa-313-314	IPPA-313-314	IPPA-313-314	not_started	unknown
bib-ippa-320	IPPA-320	IPPA-320	not_started	unknown
bib-ippa-341	IPPA-341	IPPA-341	not_started	unknown
bib-ippa-55	IPPA-55	IPPA-55	not_started	unknown
bib-ippa-57	IPPA-57	IPPA-57	not_started	unknown
bib-ippa-58	IPPA-58	IPPA-58	not_started	unknown
bib-ippa-59-60	IPPA 59, 60	IPPA 59, 60	not_started	unknown
bib-ippa-61-62	IPPA 61, 62	IPPA 61, 62	not_started	unknown
bib-ippa-63	IPPA 63	IPPA 63	not_started	unknown
bib-ippa-64	IPPA-64	IPPA-64	not_started	unknown
bib-ippa-78-79-80-81-82	IPPA 78-79-80-81-82	IPPA 78-79-80-81-82	not_started	unknown
bib-ippa-83-84-85-86	IPPA 83-84-85-86	IPPA 83-84-85-86	not_started	unknown
bib-ippa-87-88	IPPA-87-88	IPPA-87-88	not_started	unknown
bib-ippa-89-90	IPPA-89-90	IPPA-89-90	not_started	unknown
bib-ippa-9	IPPA-9	IPPA-9	not_started	unknown
bib-ippa-96-97	IPPA-96-97	IPPA-96-97	not_started	unknown
bib-ippa-98	IPPA-98	IPPA-98	not_started	unknown
bib-ippa-99-100	IPPA-99-100	IPPA-99-100	not_started	unknown
bib-iub1-103	IUB1-103	IUB1-103	not_started	unknown
bib-iub1-106-2-3	IUB1-106-2-3	IUB1-106-2-3	not_started	unknown
bib-iub1-120	IUB1-120	IUB1-120	not_started	unknown
bib-iub1-123	IUB1-123	IUB1-123	not_started	unknown
bib-iub1-125	IUB1-125,	IUB1-125,	not_started	unknown
bib-iub1-126-1002	IUB1-126-1002	IUB1-126-1002	not_started	unknown
bib-iub1-13-14	IUB1-13-14	IUB1-13-14	not_started	unknown
bib-iub1-146	IUB1-146	IUB1-146	not_started	unknown
bib-iub1-149	IUB1-149	IUB1-149	not_started	unknown
bib-iub1-168	IUB1-168	IUB1-168	not_started	unknown
bib-iub1-173	IUB1-173	IUB1-173	not_started	unknown
bib-iub1-174	IUB1-174	IUB1-174	not_started	unknown
bib-iub1-175	IUB1 175	IUB1 175	not_started	unknown
bib-iub1-176	IUB1-176	IUB1-176	not_started	unknown
bib-iub1-177	IUB1-177	IUB1-177	not_started	unknown
bib-iub1-181	IUB1-181	IUB1-181	not_started	unknown
bib-iub1-183	IUB1-183	IUB1-183	not_started	unknown
bib-iub1-186	IUB1-186	IUB1-186	not_started	unknown
bib-iub1-189	IUB1-189	IUB1-189	not_started	unknown
bib-iub1-191-192-bed-b-597-8	IUB1-191, 192 BED B 597-8	IUB1-191, 192 BED B 597-8	not_started	unknown
bib-iub1-193-194	IUB1-193-194	IUB1-193-194	not_started	unknown
bib-iub1-195-196	IUB1-195-196	IUB1-195-196	not_started	unknown
bib-iub1-197	IUB1-197	IUB1-197	not_started	unknown
bib-iub1-198-199	IUB1-198, 199	IUB1-198, 199	not_started	unknown
bib-iub1-200	IUB1-200	IUB1-200	not_started	unknown
bib-iub1-201-202	IUB1-201-202	IUB1-201-202	not_started	unknown
bib-iub1-203	IUB1-203	IUB1-203	not_started	unknown
bib-iub1-204	IUB1-204	IUB1-204	not_started	unknown
bib-iub1-205	IUB1-205,	IUB1-205,	not_started	unknown
bib-iub1-206	IUB1-206	IUB1-206	not_started	unknown
bib-iub1-207	IUB1-207	IUB1-207	not_started	unknown
bib-iub1-209-211	IUB1-209-211	IUB1-209-211	not_started	unknown
bib-iub1-212	IUB1-212	IUB1-212	not_started	unknown
bib-iub1-213	IUB1-213	IUB1-213	not_started	unknown
bib-iub1-216	IUB1-216	IUB1-216	not_started	unknown
bib-iub1-219-220	IUB1-219-220	IUB1-219-220	not_started	unknown
bib-iub1-222-223	IUB1-222-223	IUB1-222-223	not_started	unknown
bib-iub1-224	IUB1-224	IUB1-224	not_started	unknown
bib-iub1-225-304	IUB1-225 & 304	IUB1-225 & 304	not_started	unknown
bib-iub1-226-305	IUB1-226 & 305	IUB1-226 & 305	not_started	unknown
bib-iub1-227-228	IUB1-227-228	IUB1-227-228	not_started	unknown
bib-iub1-253-254	IUB1-253-254	IUB1-253-254	not_started	unknown
bib-iub1-255	IUB1-255	IUB1-255	not_started	unknown
bib-iub1-257	IUB1-257	IUB1-257	not_started	unknown
bib-iub1-258	IUB1-258	IUB1-258	not_started	unknown
bib-iub1-269	IUB1-269	IUB1-269	not_started	unknown
bib-iub1-271	IUB1-271	IUB1-271	not_started	unknown
bib-iub1-287	IUB1-287	IUB1-287	not_started	unknown
bib-iub1-288	IUB1-288	IUB1-288	not_started	unknown
bib-iub1-291-292	IUB1-291-292	IUB1-291-292	not_started	unknown
bib-iub1-293	IUB1-293	IUB1-293	not_started	unknown
bib-iub1-294	IUB1-294	IUB1-294	not_started	unknown
bib-iub1-296	IUB1-296	IUB1-296	not_started	unknown
bib-iub1-298	IUB1-298	IUB1-298	not_started	unknown
bib-iub1-299	IUB1-299	IUB1-299	not_started	unknown
bib-iub1-300	IUB1-300	IUB1-300	not_started	unknown
bib-iub1-301	IUB1-301	IUB1-301	not_started	unknown
bib-iub1-302-303	IUB1-302-303	IUB1-302-303	not_started	unknown
bib-iub1-306-307	IUB1-306-307	IUB1-306-307	not_started	unknown
bib-iub1-308	IUB1-308	IUB1-308	not_started	unknown
bib-iub1-309	IUB1-309	IUB1-309	not_started	unknown
bib-iub1-32	IUB1-32	IUB1-32	not_started	unknown
bib-iub1-33	IUB1-33	IUB1-33	not_started	unknown
bib-iub1-34-35	IUB1-34-35	IUB1-34-35	not_started	unknown
bib-iub1-36	IUB1-36,	IUB1-36,	not_started	unknown
bib-iub1-37	IUB1-37,	IUB1-37,	not_started	unknown
bib-iub1-38-39	IUB1-38-39	IUB1-38-39	not_started	unknown
bib-iub1-40	IUB1-40	IUB1-40	not_started	unknown
bib-iub1-47	IUB1-47	IUB1-47	not_started	unknown
bib-iub1-49	IUB1-49	IUB1-49	not_started	unknown
bib-iub1-52	IUB1-52,	IUB1-52,	not_started	unknown
bib-iub1-67	IUB1-67,	IUB1-67,	not_started	unknown
bib-iub1-68	IUB1-68	IUB1-68	not_started	unknown
bib-iub1-75	IUB1-75	IUB1-75	not_started	unknown
bib-iub1-78	IUB1-78	IUB1-78	not_started	unknown
bib-iub1-80	IUB1-80,	IUB1-80,	not_started	unknown
bib-iub1-81	IUB1-81	IUB1-81	not_started	unknown
bib-iub1-86	IUB1-86,	IUB1-86,	not_started	unknown
bib-iub1-90	IUB1-90	IUB1-90	not_started	unknown
bib-iub1-93	IUB1-93,	IUB1-93,	not_started	unknown
bib-iub1-94	IUB1-94	IUB1-94	not_started	unknown
bib-iub1-98	IUB1-98	IUB1-98	not_started	unknown
bib-iub1-bed-b-600-7	IUB1- BED B 600-7	IUB1- BED B 600-7	not_started	unknown
bib-iub1-p-140	IUB1 p.140	IUB1 p.140	not_started	unknown
bib-iub1184-185	IUB1184, 185	IUB1184, 185	not_started	unknown
bib-iub1bm1-84	IUB1BM1--84	IUB1BM1--84	not_started	unknown
bib-iub2-132	IUB2-132	IUB2-132	not_started	unknown
bib-iub2-133	IUB2-133	IUB2-133	not_started	unknown
bib-iub2-134	IUB2-134	IUB2-134	not_started	unknown
bib-iub2-135	IUB2-135	IUB2-135	not_started	unknown
bib-iub2-136	IUB2-136	IUB2-136	not_started	unknown
bib-iub2-137	IUB2-137	IUB2-137	not_started	unknown
bib-iub2-138	IUB2-138	IUB2-138	not_started	unknown
bib-iub2-186-187	IUB2-186-187	IUB2-186-187	not_started	unknown
bib-iub2-197	IUB2-197	IUB2-197	not_started	unknown
bib-iub2-198	IUB2-198	IUB2-198	not_started	unknown
bib-iub2-200	IUB2-200	IUB2-200	not_started	unknown
bib-iub2-202	IUB2-202	IUB2-202	not_started	unknown
bib-iub2-203	IUB2-203	IUB2-203	not_started	unknown
bib-iub2-204	IUB2-204	IUB2-204	not_started	unknown
bib-iub2-205	IUB2-205	IUB2-205	not_started	unknown
bib-iub2-206	IUB2-206	IUB2-206	not_started	unknown
bib-iub2-207	IUB2-207	IUB2-207	not_started	unknown
bib-iub2-209	IUB2-209	IUB2-209	not_started	unknown
bib-iub2-210	IUB2-210	IUB2-210	not_started	unknown
bib-iub2-212	IUB2-212	IUB2-212	not_started	unknown
bib-iub2-225-226	IUB2-225-226	IUB2-225-226	not_started	unknown
bib-iub2-229	IUB2-229	IUB2-229	not_started	unknown
bib-iub2-231	IUB2-231	IUB2-231	not_started	unknown
bib-iub2-232	IUB2-232	IUB2-232	not_started	unknown
bib-iub2-233-bed-b-557-4	IUB2-233 BED B 557-4	IUB2-233 BED B 557-4	not_started	unknown
bib-iub2-250	IUB2-250	IUB2-250	not_started	unknown
bib-iub2-254	IUB2-254	IUB2-254	not_started	unknown
bib-iub2-259	IUB2-259	IUB2-259	not_started	unknown
bib-iub2-260	IUB2-260	IUB2-260	not_started	unknown
bib-list	List ?	List ? | List ???	not_started	unknown
bib-list-1014	List-1014	List-1014	not_started	unknown
bib-list-102	List-102	List-102	not_started	unknown
bib-list-1043-1044	List-1043-1044	List-1043-1044	not_started	unknown
bib-list-105	List 105	List 105	not_started	unknown
bib-list-106	List 106	List 106	not_started	unknown
bib-list-108	List 108	List 108	not_started	unknown
bib-list-109-110	List 109-110	List 109-110	not_started	unknown
bib-list-111	List 111	List 111	not_started	unknown
bib-list-113	List 113	List 113	not_started	unknown
bib-list-116	List 116	List 116	not_started	unknown
bib-list-120	List-120	List-120 | List 120	not_started	unknown
bib-list-121	List-121	List-121 | List 121	not_started	unknown
bib-list-122	List 122	List 122	not_started	unknown
bib-list-123-a	List-123/a	List-123/a	not_started	unknown
bib-list-123-b	List-123/b	List-123/b	not_started	unknown
bib-list-123a-b	List 123a +b	List 123a +b	not_started	unknown
bib-list-1248-555	List-1248-555	List-1248-555	not_started	unknown
bib-list-125	List-125	List-125 | List 125	not_started	unknown
bib-list-1251	List-1251	List-1251 | List 1251	not_started	unknown
bib-list-1252	List-1252	List-1252 | List 1252	not_started	unknown
bib-list-1254	List-1254	List-1254 | List 1254	not_started	unknown
bib-list-1255	List-1255	List-1255 | List 1255	not_started	unknown
bib-list-128	List 128	List 128 | List-128	not_started	unknown
bib-list-129	List-129	List-129	not_started	unknown
bib-list-129-bed-b-554-4	List-129 BED B 554-4	List-129 BED B 554-4	not_started	unknown
bib-list-1294	List-1294	List-1294	not_started	unknown
bib-list-1296	List-1296	List-1296	not_started	unknown
bib-list-1297	List-1297	List-1297	not_started	unknown
bib-list-1299-a	List-1299/a	List-1299/a	not_started	unknown
bib-list-1299-b	List-1299/b	List-1299/b	not_started	unknown
bib-list-1299a	List 1299a	List 1299a	not_started	unknown
bib-list-129a-b	List 129a+b	List 129a+b	not_started	unknown
bib-list-130	List 130	List 130	not_started	unknown
bib-list-1323	List-1323	List-1323 | List 1323	not_started	unknown
bib-list-1324	List 1324	List 1324	not_started	unknown
bib-list-1332	List-1332	List-1332	not_started	unknown
bib-list-1334-a	List-1334/a	List-1334/a	not_started	unknown
bib-list-1334-b	List-1334/b	List-1334/b	not_started	unknown
bib-list-1336	List-1336	List-1336	not_started	unknown
bib-list-134	List 134	List 134	not_started	unknown
bib-list-1347	List-1347	List-1347	not_started	unknown
bib-list-135	List 135	List 135	not_started	unknown
bib-list-1353-acc-to-ib	List 1353 (acc. to IB)	List 1353 (acc. to IB)	not_started	unknown
bib-list-1354	List-1354	List-1354	not_started	unknown
bib-list-1356	List-1356	List-1356	not_started	unknown
bib-list-136	List 136	List 136	not_started	unknown
bib-list-1366-bed-b-600-7	List-1366 BED B 600-7	List-1366 BED B 600-7	not_started	unknown
bib-list-1368	List-1368	List-1368	not_started	unknown
bib-list-1388a-b	List 1388a+b	List 1388a+b	not_started	unknown
bib-list-1391	List-1391	List-1391	not_started	unknown
bib-list-1399	List-1399	List-1399	not_started	unknown
bib-list-1400	List-1400	List-1400	not_started	unknown
bib-list-1437	List 1437	List 1437 | List-1437	not_started	unknown
bib-list-144	List-144	List-144 | List 144	not_started	unknown
bib-list-145-a	List-145/a	List-145/a	not_started	unknown
bib-list-145-b	List 145/b	List 145/b	not_started	unknown
bib-list-145-c	List-145/c	List-145/c	not_started	unknown
bib-list-146	List 146	List 146	not_started	unknown
bib-list-146-bed-b-559-6-b-556-5	List-146 BED B 559-6 & B 556-5	List-146 BED B 559-6 & B 556-5	not_started	unknown
bib-list-1499	List-1499	List-1499	not_started	unknown
bib-list-151	List 151	List 151	not_started	unknown
bib-list-151-bed-b-560-6	List-151 BED B 560-6	List-151 BED B 560-6	not_started	unknown
bib-list-152	List-152	List-152 | List 152	not_started	unknown
bib-list-153	List-153	List-153 | List 153	not_started	unknown
bib-list-154-a	List 154/a	List 154/a	not_started	unknown
bib-list-154-b	List-154/b	List-154/b	not_started	unknown
bib-list-154a-b	List 154a+b	List 154a+b	not_started	unknown
bib-list-155	List-155	List-155	not_started	unknown
bib-list-156-157	List 156-157	List 156-157	not_started	unknown
bib-list-157-156-bed-b-562-5	List-157, 156 BED B 562-5	List-157, 156 BED B 562-5	not_started	unknown
bib-list-159	List-159	List-159	not_started	unknown
bib-list-160-a	List-160/a	List-160/a	not_started	unknown
bib-list-160-b	List-160/b	List-160/b	not_started	unknown
bib-list-160a-b	List 160a+b	List 160a+b	not_started	unknown
bib-list-161	List-161	List-161 | List 161	not_started	unknown
bib-list-163	List 163	List 163	not_started	unknown
bib-list-163-bed-b-562-2	List-163 BED B 562-2	List-163 BED B 562-2	not_started	unknown
bib-list-165	List 165	List 165	not_started	unknown
bib-list-165-27-bed-b-566-2	List-165-27 BED B 566-2	List-165-27 BED B 566-2	not_started	unknown
bib-list-168-a	List-168/a	List-168/a	not_started	unknown
bib-list-168-a-b	List 168 a+b	List 168 a+b	not_started	unknown
bib-list-168a-b	List 168a+b	List 168a+b	not_started	unknown
bib-list-169-a-iob1-30-a-bed-a	List-169/a & IOB1-30/a & BED A	List-169/a & IOB1-30/a & BED A	not_started	unknown
bib-list-169-a-iob1-30-a-bed-b-619-1	List-169/a & IOB1-30/a & BED B 619-1	List-169/a & IOB1-30/a & BED B 619-1	not_started	unknown
bib-list-169a	List 169a	List 169a	not_started	unknown
bib-list-169b	List 169b	List 169b	not_started	unknown
bib-list-171	List-171	List-171 | List 171	not_started	unknown
bib-list-172	List-172	List-172 | List 172	not_started	unknown
bib-list-173	List-173	List-173 | List 173	not_started	unknown
bib-list-174-a	List-174/a	List-174/a	not_started	unknown
bib-list-174-b	List-174/b	List-174/b	not_started	unknown
bib-list-174a-b	List 174a+b	List 174a+b	not_started	unknown
bib-list-175	List-175	List-175 | List 175	not_started	unknown
bib-list-176	List-176	List-176 | List 176	not_started	unknown
bib-list-179	List-179	List-179 | List 179	not_started	unknown
bib-list-180-and-1403	List 180 and 1403	List 180 and 1403	not_started	unknown
bib-list-182	List 182	List 182 | List-182	not_started	unknown
bib-list-182-bed-b-573-1	List-182 BED B 573-1	List-182 BED B 573-1	not_started	unknown
bib-list-182-bed-b-579-2	List-182 BED B 579-2	List-182 BED B 579-2	not_started	unknown
bib-list-183	List-183	List-183 | List 183	not_started	unknown
bib-list-185	List-185,	List-185, | List 185	not_started	unknown
bib-list-186	List-186	List-186 | List 186	not_started	unknown
bib-list-189	List 189	List 189	not_started	unknown
bib-list-190	List 190	List 190	not_started	unknown
bib-list-191	List-191	List-191 | List 191	not_started	unknown
bib-list-192	List-192	List-192	not_started	unknown
bib-list-193	List-193	List-193 | List 193	not_started	unknown
bib-list-194	List 194	List 194	not_started	unknown
bib-list-195	List-195	List-195 | List 195	not_started	unknown
bib-list-196	List-196	List-196 | List 196	not_started	unknown
bib-list-197	List-197	List-197 | List 197	not_started	unknown
bib-list-198	List-198	List-198 | List 198	not_started	unknown
bib-list-199	List-199	List-199 | List 199	not_started	unknown
bib-list-201	List 201	List 201	not_started	unknown
bib-list-201-bed-b-598-10	List-201 BED B 598-10	List-201 BED B 598-10	not_started	unknown
bib-list-202	List-202	List-202 | List 202	not_started	unknown
bib-list-203	List 203	List 203	not_started	unknown
bib-list-204	List-204	List-204 | List 204	not_started	unknown
bib-list-205	List-205	List-205 | List 205	not_started	unknown
bib-list-206	List-206	List-206	not_started	unknown
bib-list-206-list-220	List 206/List 220	List 206/List 220	not_started	unknown
bib-list-208	List-208	List-208 | List 208	not_started	unknown
bib-list-209	List-209	List-209 | List 209	not_started	unknown
bib-list-210	List-210	List-210	not_started	unknown
bib-list-211	List-211	List-211 | List 211	not_started	unknown
bib-list-213	List-213	List-213 | List 213	not_started	unknown
bib-list-214	List-214	List-214 | List 214	not_started	unknown
bib-list-215	List 215	List 215	not_started	unknown
bib-list-216	List 216	List 216	not_started	unknown
bib-list-217	List 217	List 217	not_started	unknown
bib-list-218	List-218	List-218 | List 218	not_started	unknown
bib-list-219	List-219	List-219	not_started	unknown
bib-list-220	List-220	List-220	not_started	unknown
bib-list-221	List-221	List-221	not_started	unknown
bib-list-222	List-222	List-222 | List 222	not_started	unknown
bib-list-223	List-223	List-223	not_started	unknown
bib-list-224	List-224	List-224 | List 224	not_started	unknown
bib-list-226	List 226	List 226	not_started	unknown
bib-list-227	List-227	List-227	not_started	unknown
bib-list-228	List-228	List-228 | List 228	not_started	unknown
bib-list-229	List 229	List 229	not_started	unknown
bib-list-23	List 23	List 23	not_started	unknown
bib-list-23-27-bed-b-420-2	List 23, 27 BED B 420-2	List 23, 27 BED B 420-2	not_started	unknown
bib-list-230	List 230	List 230	not_started	unknown
bib-list-231	List 231	List 231	not_started	unknown
bib-list-232	List 232	List 232 | List-232	not_started	unknown
bib-list-233	List 233	List 233 | List-233,	not_started	unknown
bib-list-235-a	List-235/a	List-235/a	not_started	unknown
bib-list-235-b	List 235/b	List 235/b	not_started	unknown
bib-list-235a-b	List 235a+b	List 235a+b	not_started	unknown
bib-list-236-a	List-236/a	List-236/a	not_started	unknown
bib-list-236-b	List-236/b	List-236/b	not_started	unknown
bib-list-236a-b	List 236a+b	List 236a+b	not_started	unknown
bib-list-237	List-237	List-237 | List 237	not_started	unknown
bib-list-238	List 238	List 238	not_started	unknown
bib-list-24	List-24,	List-24, | List 24	not_started	unknown
bib-list-241	List-241	List-241 | List 241	not_started	unknown
bib-list-242	List 242	List 242	not_started	unknown
bib-list-243	List 243	List 243	not_started	unknown
bib-list-244	List 244	List 244	not_started	unknown
bib-list-245	List-245	List-245	not_started	unknown
bib-list-246	List 246	List 246	not_started	unknown
bib-list-247	List-247	List-247 | List 247	not_started	unknown
bib-list-248	List 248	List 248	not_started	unknown
bib-list-248-bed-b-600-1	List-248 BED B 600-1	List-248 BED B 600-1	not_started	unknown
bib-list-249	List-249	List-249 | List 249	not_started	unknown
bib-list-253	List 253	List 253	not_started	unknown
bib-list-254	List-254,	List-254, | List 254	not_started	unknown
bib-list-255	List-255	List-255 | List 255	not_started	unknown
bib-list-256	List-256	List-256 | List 256	not_started	unknown
bib-list-257	List-257	List-257 | List 257	not_started	unknown
bib-list-258	List 258	List 258	not_started	unknown
bib-list-258-rev	List 258 (rev.)	List 258 (rev.)	not_started	unknown
bib-list-259	List-259	List-259 | List 259	not_started	unknown
bib-list-260	List-260	List-260	not_started	unknown
bib-list-260-261	List 260-261	List 260-261	not_started	unknown
bib-list-261	List-261	List-261	not_started	unknown
bib-list-262	List-262	List-262 | List 262	not_started	unknown
bib-list-262-263	List 262-263	List 262-263	not_started	unknown
bib-list-263	List-263,	List-263,	not_started	unknown
bib-list-264-a	List-264/a	List-264/a	not_started	unknown
bib-list-264-b	List-264/b	List-264/b	not_started	unknown
bib-list-264a	List 264a	List 264a	not_started	unknown
bib-list-266-a	List-266/a	List-266/a	not_started	unknown
bib-list-266-b	List-266/b	List-266/b	not_started	unknown
bib-list-267	List 267	List 267	not_started	unknown
bib-list-269	List-269	List-269	not_started	unknown
bib-list-27	List 27	List 27	not_started	unknown
bib-list-270	List-270	List-270	not_started	unknown
bib-list-270a-b	List 270a+b	List 270a+b	not_started	unknown
bib-list-271	List 271	List 271	not_started	unknown
bib-list-271a-b	List 271a+b	List 271a+b	not_started	unknown
bib-list-272	List-272	List-272 | List 272	not_started	unknown
bib-list-273-a	List-273/a	List-273/a | List 273(a)	not_started	unknown
bib-list-273-b	List-273/b	List-273/b | List 273(b)	not_started	unknown
bib-list-274	List-274	List-274	not_started	unknown
bib-list-276-a	List-276/a	List-276/a	not_started	unknown
bib-list-276-b	List-276/b	List-276/b	not_started	unknown
bib-list-278-a	List-278/a	List-278/a	not_started	unknown
bib-list-278-b	List 278/b	List 278/b	not_started	unknown
bib-list-278b	List 278b (?)	List 278b (?)	not_started	unknown
bib-list-280	List-280	List-280	not_started	unknown
bib-list-281	List-281	List-281	not_started	unknown
bib-list-282	List-282	List-282	not_started	unknown
bib-list-283	List-283	List-283	not_started	unknown
bib-list-284	List-284	List-284 | List 284	not_started	unknown
bib-list-285	List 285	List 285 | List-285,	not_started	unknown
bib-list-286	List-286	List-286	not_started	unknown
bib-list-287	List 287	List 287	not_started	unknown
bib-list-288	List 288	List 288	not_started	unknown
bib-list-289	List-289	List-289	not_started	unknown
bib-list-290	List-290	List-290 | List 290	not_started	unknown
bib-list-291	List-291	List-291 | List 291	not_started	unknown
bib-list-292	List-292	List-292 | List 292	not_started	unknown
bib-list-293-1352	List-293 & 1352	List-293 & 1352	not_started	unknown
bib-list-295	List-295	List-295 | List 295	not_started	unknown
bib-list-296	List-296	List-296	not_started	unknown
bib-list-30	List 30	List 30	not_started	unknown
bib-list-30-bed-b-447-1	List-30 BED B 447-1	List-30 BED B 447-1	not_started	unknown
bib-list-302	List-302	List-302 | List 302	not_started	unknown
bib-list-303-a	List-303/a	List-303/a	not_started	unknown
bib-list-303-a-b	List 303 a+b	List 303 a+b	not_started	unknown
bib-list-303-b	List-303/b	List-303/b	not_started	unknown
bib-list-305	List-305	List-305 | List 305	not_started	unknown
bib-list-306	List 306	List 306	not_started	unknown
bib-list-306-a	List-306/a	List-306/a	not_started	unknown
bib-list-306-b	List-306/b	List-306/b	not_started	unknown
bib-list-307-a	List-307/a	List-307/a	not_started	unknown
bib-list-307-b	List-307/b	List-307/b	not_started	unknown
bib-list-307a-b	List 307a+b	List 307a+b	not_started	unknown
bib-list-308	List-308	List-308 | List 308	not_started	unknown
bib-list-309	List-309	List-309	not_started	unknown
bib-list-31	List 31	List 31	not_started	unknown
bib-list-310	List-310	List-310	not_started	unknown
bib-list-311	List-311	List-311	not_started	unknown
bib-list-313	List-313,	List-313,	not_started	unknown
bib-list-314-a	List 314/a	List 314/a	not_started	unknown
bib-list-314-b	List 314/b	List 314/b	not_started	unknown
bib-list-314a-b	List 314a+b	List 314a+b	not_started	unknown
bib-list-32	List 32	List 32	not_started	unknown
bib-list-32-bed-b-562-4	List-32 BED B 562-4	List-32 BED B 562-4	not_started	unknown
bib-list-322	List-322	List-322	not_started	unknown
bib-list-323	List 323	List 323	not_started	unknown
bib-list-325	List-325	List-325	not_started	unknown
bib-list-326	List-326	List-326	not_started	unknown
bib-list-327	List-327	List-327	not_started	unknown
bib-list-328	List 328	List 328	not_started	unknown
bib-list-329	List-329	List-329 | List 329	not_started	unknown
bib-list-330	List-330	List-330 | List 330	not_started	unknown
bib-list-331	List-331	List-331 | List 331	not_started	unknown
bib-list-332-a	List-332/a	List-332/a	not_started	unknown
bib-list-332-b	List-332/b	List-332/b	not_started	unknown
bib-list-332b	List 332b	List 332b	not_started	unknown
bib-list-333	List-333	List-333 | List 333	not_started	unknown
bib-list-334	List-334	List-334 | List 334	not_started	unknown
bib-list-335	List-335,	List-335, | List 335	not_started	unknown
bib-list-339	List 339	List 339	not_started	unknown
bib-list-340	List 340	List 340	not_started	unknown
bib-list-342	List-342	List-342	not_started	unknown
bib-list-343	List-343	List-343 | List 343	not_started	unknown
bib-list-344-a	List-344/a	List-344/a	not_started	unknown
bib-list-344-b	List-344/b	List-344/b	not_started	unknown
bib-list-344a	List 344a	List 344a	not_started	unknown
bib-list-345	List-345	List-345	not_started	unknown
bib-list-346	List 346	List 346	not_started	unknown
bib-list-346-a-bed-b-429-1	List-346/a BED B 429-1	List-346/a BED B 429-1	not_started	unknown
bib-list-349	List-349	List-349	not_started	unknown
bib-list-350	List-350	List-350	not_started	unknown
bib-list-351	List-351	List-351 | List 351	not_started	unknown
bib-list-352	List-352	List-352	not_started	unknown
bib-list-353	List-353	List-353	not_started	unknown
bib-list-353-b	List-353/b	List-353/b	not_started	unknown
bib-list-354-a	List-354/a	List-354/a	not_started	unknown
bib-list-354-b	List-354/b	List-354/b	not_started	unknown
bib-list-355	List-355	List-355	not_started	unknown
bib-list-357-a-358-a	List-357/a & 358/a	List-357/a & 358/a	not_started	unknown
bib-list-357-b-358-b	List-357/b & 358/b	List-357/b & 358/b	not_started	unknown
bib-list-359	List-359	List-359	not_started	unknown
bib-list-362	List-362	List-362	not_started	unknown
bib-list-363-b	List-363/b	List-363/b	not_started	unknown
bib-list-363b	List 363b	List 363b	not_started	unknown
bib-list-364	List-364	List-364	not_started	unknown
bib-list-365	List-365	List-365	not_started	unknown
bib-list-368	List-368,	List-368, | List 368	not_started	unknown
bib-list-368-a	List-368/a	List-368/a	not_started	unknown
bib-list-369	List-369	List-369	not_started	unknown
bib-list-370	List-370	List-370	not_started	unknown
bib-list-373-a	List-373/a	List-373/a	not_started	unknown
bib-list-374	List-374	List-374	not_started	unknown
bib-list-376	List-376	List-376	not_started	unknown
bib-list-378-a	List-378/a	List-378/a	not_started	unknown
bib-list-378-b	List-378/b	List-378/b	not_started	unknown
bib-list-378-c	List-378/c	List-378/c	not_started	unknown
bib-list-378-d	List-378/d	List-378/d	not_started	unknown
bib-list-379	List-379	List-379	not_started	unknown
bib-list-380-b	List-380/b	List-380/b	not_started	unknown
bib-list-380b	List 380b	List 380b	not_started	unknown
bib-list-383-a	List-383/a	List-383/a	not_started	unknown
bib-list-384-b	List-384/b	List-384/b	not_started	unknown
bib-list-386	List-386	List-386	not_started	unknown
bib-list-387	List-387	List-387	not_started	unknown
bib-list-389	List-389	List-389	not_started	unknown
bib-list-391	List-391	List-391	not_started	unknown
bib-list-392-a	List-392/a	List-392/a	not_started	unknown
bib-list-392-b	List-392/b	List-392/b	not_started	unknown
bib-list-393	List-393	List-393	not_started	unknown
bib-list-394	List-394	List-394	not_started	unknown
bib-list-396	List-396	List-396	not_started	unknown
bib-list-397	List-397	List-397	not_started	unknown
bib-list-400-a-a	List-400/a/a	List-400/a/a	not_started	unknown
bib-list-404-a	List 404/a	List 404/a	not_started	unknown
bib-list-404-b	List-404/b	List-404/b	not_started	unknown
bib-list-405	List-405	List-405	not_started	unknown
bib-list-406	List 406	List 406	not_started	unknown
bib-list-407	List-407	List-407	not_started	unknown
bib-list-408	List-408	List-408	not_started	unknown
bib-list-409-a	List-409/a	List-409/a	not_started	unknown
bib-list-409-b	List-409/b	List-409/b	not_started	unknown
bib-list-410-a	List-410/a	List-410/a	not_started	unknown
bib-list-410-b	List-410/b	List-410/b	not_started	unknown
bib-list-411	List-411	List-411	not_started	unknown
bib-list-412	List-412	List-412	not_started	unknown
bib-list-417	List-417	List-417	not_started	unknown
bib-list-418	List-418	List-418	not_started	unknown
bib-list-422	List-422	List-422	not_started	unknown
bib-list-428	List-428	List-428	not_started	unknown
bib-list-431	List-431	List-431	not_started	unknown
bib-list-434	List-434	List-434	not_started	unknown
bib-list-435	List-435	List-435	not_started	unknown
bib-list-437	List-437	List-437	not_started	unknown
bib-list-438	List-438	List-438	not_started	unknown
bib-list-443-437	List-443, 437	List-443, 437	not_started	unknown
bib-list-448-bed-b-622-6	List-448 BED B 622-6	List-448 BED B 622-6	not_started	unknown
bib-list-451	List-451	List-451	not_started	unknown
bib-list-452	List-452	List-452	not_started	unknown
bib-list-457	List-457	List-457	not_started	unknown
bib-list-458	List-458	List-458	not_started	unknown
bib-list-46	List 46	List 46	not_started	unknown
bib-list-46-a-bed-b-467-1	List 46/a BED B 467-1	List 46/a BED B 467-1	not_started	unknown
bib-list-464	List-464	List-464	not_started	unknown
bib-list-465-a	List-465/a	List-465/a	not_started	unknown
bib-list-465a	List 465a	List 465a	not_started	unknown
bib-list-467	List-467	List-467	not_started	unknown
bib-list-477	List-477	List-477	not_started	unknown
bib-list-478	List-478	List-478	not_started	unknown
bib-list-479	List 479	List 479	not_started	unknown
bib-list-48	List 48	List 48	not_started	unknown
bib-list-48-bed-b-468-1	List-48 BED B 468-1	List-48 BED B 468-1	not_started	unknown
bib-list-480	List-480	List-480	not_started	unknown
bib-list-482	List-482	List-482	not_started	unknown
bib-list-483	List-483	List-483	not_started	unknown
bib-list-486	List 486	List 486	not_started	unknown
bib-list-487	List 487	List 487	not_started	unknown
bib-list-488	List-488	List-488	not_started	unknown
bib-list-489	List-489	List-489	not_started	unknown
bib-list-49	List 49	List 49	not_started	unknown
bib-list-49-bed-b-469-1	List-49 BED B 469-1	List-49 BED B 469-1	not_started	unknown
bib-list-490	List-490	List-490	not_started	unknown
bib-list-492	List-492	List-492	not_started	unknown
bib-list-493	List-493	List-493	not_started	unknown
bib-list-494	List-494	List-494	not_started	unknown
bib-list-497	List-497	List-497	not_started	unknown
bib-list-498	List-498,	List-498,	not_started	unknown
bib-list-499	List-499	List-499	not_started	unknown
bib-list-50-a-b	List 50 a+b	List 50 a+b	not_started	unknown
bib-list-50-a-bed-b-472-1	List-50/a BED B 472-1	List-50/a BED B 472-1	not_started	unknown
bib-list-503	List-503,	List-503,	not_started	unknown
bib-list-504-b	List-504/b	List-504/b	not_started	unknown
bib-list-506	List-506	List-506	not_started	unknown
bib-list-507	List-507	List-507	not_started	unknown
bib-list-51	List-51	List-51	not_started	unknown
bib-list-51-52	List 51+52	List 51+52	not_started	unknown
bib-list-512	List 512	List 512	not_started	unknown
bib-list-515	List-515	List-515	not_started	unknown
bib-list-516	List-516,	List-516, | List 516	not_started	unknown
bib-list-517-a	List-517/a,	List-517/a,	not_started	unknown
bib-list-517-b	List-517/b,	List-517/b,	not_started	unknown
bib-list-52	List 52	List 52 | List-52	not_started	unknown
bib-list-523	List-523,	List-523,	not_started	unknown
bib-list-524-a	List-524/a	List-524/a	not_started	unknown
bib-list-524-b	List-524/b	List-524/b	not_started	unknown
bib-list-525-a-468-a	List-525/a--468/a	List-525/a--468/a	not_started	unknown
bib-list-530	List-530	List-530	not_started	unknown
bib-list-532-a	List-532/a	List-532/a	not_started	unknown
bib-list-533	List 533	List 533	not_started	unknown
bib-list-535	List-535	List-535	not_started	unknown
bib-list-535-b	List-535/b	List-535/b	not_started	unknown
bib-list-536-b	List 536/b	List 536/b	not_started	unknown
bib-list-538	List-538	List-538	not_started	unknown
bib-list-550	List-550	List-550	not_started	unknown
bib-list-56	List-56	List-56	not_started	unknown
bib-list-563-1436	List 563 & 1436	List 563 & 1436	not_started	unknown
bib-list-564-a	List-564/a	List-564/a	not_started	unknown
bib-list-564-b	List-564/b	List-564/b	not_started	unknown
bib-list-565-b	List-565/b,	List-565/b,	not_started	unknown
bib-list-569	List-569	List-569	not_started	unknown
bib-list-585	List-585	List-585	not_started	unknown
bib-list-598	List-598	List-598	not_started	unknown
bib-list-599	List-599	List-599	not_started	unknown
bib-list-622	List-622	List-622	not_started	unknown
bib-list-633-a	List-633/a	List-633/a	not_started	unknown
bib-list-634-a	List 634/a	List 634/a	not_started	unknown
bib-list-634-b	List-634/b	List-634/b	not_started	unknown
bib-list-634-c	List-634/c	List-634/c	not_started	unknown
bib-list-634-d	List 634/d	List 634/d	not_started	unknown
bib-list-638	List 638	List 638 | List-638	not_started	unknown
bib-list-66-a	List-66/a	List-66/a	not_started	unknown
bib-list-66-a-b	List 66 a+b	List 66 a+b	not_started	unknown
bib-list-66-b	List-66/b	List-66/b	not_started	unknown
bib-list-67-a	List 67/a	List 67/a	not_started	unknown
bib-list-67-b	List 67/b	List 67/b	not_started	unknown
bib-list-67b	List 67b	List 67b	not_started	unknown
bib-list-701-a	List-701/a	List-701/a	not_started	unknown
bib-list-701-b	List-701/b	List-701/b	not_started	unknown
bib-list-710	List 710	List 710	not_started	unknown
bib-list-72	List 72	List 72	not_started	unknown
bib-list-722	List 722	List 722	not_started	unknown
bib-list-73	List 73	List 73	not_started	unknown
bib-list-73-bed-b-513-3	List-73 BED B 513-3	List-73 BED B 513-3	not_started	unknown
bib-list-748	List 748	List 748	not_started	unknown
bib-list-75	List-75	List-75	not_started	unknown
bib-list-761	List-761	List-761	not_started	unknown
bib-list-772	List-772	List-772	not_started	unknown
bib-list-78	List 78	List 78	not_started	unknown
bib-list-80	List-80	List-80 | List 80	not_started	unknown
bib-list-804	List-804	List-804	not_started	unknown
bib-list-81-a	List-81/a	List-81/a	not_started	unknown
bib-list-81-b	List-81/b	List-81/b	not_started	unknown
bib-list-81a-b	List 81a+b	List 81a+b	not_started	unknown
bib-list-821	List-821	List-821	not_started	unknown
bib-list-875	List-875	List-875	not_started	unknown
bib-list-876	List-876	List-876	not_started	unknown
bib-list-890	List-890	List-890 | List 890	not_started	unknown
bib-list-90	List-90	List-90 | List 90	not_started	unknown
bib-list-91	List 91	List 91	not_started	unknown
bib-list-91-bed-b-534-2	List-91 BED B 534-2	List-91 BED B 534-2	not_started	unknown
bib-list-92-a	List-92/a	List-92/a	not_started	unknown
bib-list-92-b	List-92/b	List-92/b	not_started	unknown
bib-list-92a	List 92a	List 92a	not_started	unknown
bib-list-92b	List 92b	List 92b	not_started	unknown
bib-list-939	List-939	List-939	not_started	unknown
bib-list-943	List-943	List-943	not_started	unknown
bib-list-944	List-944	List-944	not_started	unknown
bib-list-958	List-958	List-958	not_started	unknown
bib-list-963	List 963	List 963	not_started	unknown
bib-list-97	List 97	List 97	not_started	unknown
bib-list-97-bed-b-547-2	List-97 BED B 547-2	List-97 BED B 547-2	not_started	unknown
bib-list-982	List-982,	List-982,	not_started	unknown
bib-list-xx	List <xx>	List <xx>	not_started	unknown
bib-lubeigt-pagan-p-339	Lubeigt, Pagan, p. 339	Lubeigt, Pagan, p. 339	not_started	unknown
bib-luce-2829	Luce 2829	Luce 2829	not_started	unknown
bib-luce-c-570	Luce C 570	Luce C 570	not_started	unknown
bib-luce-d-809	Luce D 809	Luce D 809	not_started	unknown
bib-luce-files-g-1763	Luce files G 1763	Luce files G 1763	not_started	unknown
bib-luce-g-1899	Luce G 1899	Luce G 1899	not_started	unknown
bib-luce-g-1964	Luce G 1964	Luce G 1964	not_started	unknown
bib-luce-j-2665	Luce J 2665	Luce J 2665	not_started	unknown
bib-luce-j-2667	Luce J 2667	Luce J 2667	not_started	unknown
bib-luce-j-2672	Luce J 2672	Luce J 2672	not_started	unknown
bib-luce-j-2675	Luce J 2675	Luce J 2675	not_started	unknown
bib-luce-myanmar-s-debt-jbrs-1932-p-125	Luce, Myanmar's Debt, JBRS 1932, p. 125	Luce, Myanmar's Debt, JBRS 1932, p. 125	not_started	unknown
bib-luce-obep-1-p-117-25	Luce, OBEP 1, p. 117-25	Luce, OBEP 1, p. 117-25	not_started	unknown
bib-luce-obep-p-109	Luce, OBEP, p. 109	Luce, OBEP, p. 109	not_started	unknown
bib-luce-prayers-jbrs-1936-p-135	Luce, Prayers, JBRS 1936, p. 135	Luce, Prayers, JBRS 1936, p. 135	not_started	unknown
bib-luce-u-pe-maung-tin-bbhc-1-2	Luce/ U Pe Maung Tin, BBHC 1 (2)	Luce/ U Pe Maung Tin, BBHC 1 (2)	not_started	unknown
bib-luce-u-pe-maung-tin-bbhc-1-2-1960-p-231-7	Luce/U Pe Maung Tin, BBHC 1 (2), 1960, p. 231-7	Luce/U Pe Maung Tin, BBHC 1 (2), 1960, p. 231-7	not_started	unknown
bib-luce-u-pe-maung-tin-bbhc-3-1963-p-118	Luce/U Pe Maung Tin, BBHC 3, 1963, p. 118	Luce/U Pe Maung Tin, BBHC 3, 1963, p. 118	not_started	unknown
bib-luce-u-pe-maung-tin-bbhc-3-1963-p-62	Luce/U Pe Maung Tin, BBHC 3, 1963, p. 62	Luce/U Pe Maung Tin, BBHC 3, 1963, p. 62	not_started	unknown
bib-luce-u-pe-maung-tin-bbhc-3-1963-p-65	Luce/U Pe Maung Tin, BBHC 3, 1963, p. 65	Luce/U Pe Maung Tin, BBHC 3, 1963, p. 65	not_started	unknown
bib-luce-u-pe-maung-tin-bbhc-3-1963-p-69	Luce/U Pe Maung Tin, BBHC 3, 1963, p. 69	Luce/U Pe Maung Tin, BBHC 3, 1963, p. 69	not_started	unknown
bib-luce-u-pe-maung-tin-bbhc-3-1963-p-72	Luce/ U Pe Maung Tin, BBHC 3, 1963, p. 72	Luce/ U Pe Maung Tin, BBHC 3, 1963, p. 72	not_started	unknown
bib-luce-u-pe-maung-tin-bbhc-3-1963-p-74	Luce/U Pe Maung Tin, BBHC 3, 1963, p. 74	Luce/U Pe Maung Tin, BBHC 3, 1963, p. 74	not_started	unknown
bib-luce-u-pe-maung-tin-bbhc-3-1963-p-80	Luce/U Pe Maung Tin, BBHC 3, 1963, p. 80	Luce/U Pe Maung Tin, BBHC 3, 1963, p. 80	not_started	unknown
bib-luce-u-pe-maung-tin-bbhc-3-1963-p-88	Luce/U Pe Maung Tin, BBHC 3, 1963, p. 88	Luce/U Pe Maung Tin, BBHC 3, 1963, p. 88	not_started	unknown
bib-luce-u-pe-maung-tin-bbhc-3-1963-p-91	Luce/U Pe Maung Tin, BBHC 3, 1963, p. 91	Luce/U Pe Maung Tin, BBHC 3, 1963, p. 91	not_started	unknown
bib-luce-u-pe-maung-tin-bbhc-3-1963-p-96	Luce/U Pe Maung Tin, BBHC 3, 1963, p. 96	Luce/U Pe Maung Tin, BBHC 3, 1963, p. 96	not_started	unknown
bib-luce-u-pe-maung-tin-jbrs-10-2-1920-p-67-74-and-corrected-dat	Luce/U Pe Maung Tin, JBRS 10 (2), 1920, p. 67-74 (and corrected date in JBRS 22 	Luce/U Pe Maung Tin, JBRS 10 (2), 1920, p. 67-74 (and corrected date in JBRS 22 (3), 1932, p. 151), Luce/U Pe Maung Tin, BBHC 1 (1), 1960, p. 1-28	not_started	unknown
bib-luce-u-tin-htway-15th-century-library	Luce/U Tin Htway, “15th Century Library”	Luce/U Tin Htway, “15th Century Library”	not_started	unknown
bib-mm-1-no-13-p-117	MM 1, no. 13, p. 117	MM 1, no. 13, p. 117	not_started	unknown
bib-mm-1-no-15-p-136	MM 1, no. 15, p. 136	MM 1, no. 15, p. 136	not_started	unknown
bib-mm-1-no-16-p-140	MM 1, no. 16, p. 140	MM 1, no. 16, p. 140	not_started	unknown
bib-mm-1-no-34-p-306-b-2-p-804	MM 1, no. 34, p. 306 (= B 2, p. 804 ?)	MM 1, no. 34, p. 306 (= B 2, p. 804 ?)	not_started	unknown
bib-mm-2-no-1-p-1	MM 2, no. 1, p. 1	MM 2, no. 1, p. 1	not_started	unknown
bib-mm-2-no-36-p-144	MM 2, no. 36, p. 144	MM 2, no. 36, p. 144	not_started	unknown
bib-mm-2-no-4-p-8	MM 2, no. 4, p. 8	MM 2, no. 4, p. 8	not_started	unknown
bib-mm-2-nos-38-39	MM 2, nos. 38-39	MM 2, nos. 38-39	not_started	unknown
bib-mm-2-nos-42-43-p-168-172	MM 2, nos. 42-43, p. 168-172	MM 2, nos. 42-43, p. 168-172	not_started	unknown
bib-mm-3-no-31-p-133	MM 3, no. 31, p. 133	MM 3, no. 31, p. 133	not_started	unknown
bib-mm-3-no-37-38-p-155-160	MM 3, no. 37-38, p. 155-160	MM 3, no. 37-38, p. 155-160	not_started	unknown
bib-mm-3-no-39-p-166	MM 3, no. 39, p. 166	MM 3, no. 39, p. 166	not_started	unknown
bib-mm-3-no-40-p-170	MM 3, no. 40, p. 170	MM 3, no. 40, p. 170	not_started	unknown
bib-mm-3-no-41-p-172-2nd-and-3rd-inscr	MM 3, no. 41, p. 172 (2nd and 3rd inscr.)	MM 3, no. 41, p. 172 (2nd and 3rd inscr.)	not_started	unknown
bib-mm-3-no-42-p-175	MM 3, no. 42, p. 175	MM 3, no. 42, p. 175	not_started	unknown
bib-mm-3-no-43-p-183	MM 3, no. 43, p. 183	MM 3, no. 43, p. 183	not_started	unknown
bib-mm-3-no-44-p-189	MM 3, no. 44, p. 189	MM 3, no. 44, p. 189	not_started	unknown
bib-mm-3-p-90-not-in-list	MM 3, p. 90 (not in List)	MM 3, p. 90 (not in List)	not_started	unknown
bib-mm-3-p-93-which-has-vattala-kapuil-as-donor-and-list-149	MM 3, p. 93 (which has Vattalaṅkapuil as donor) and List 149	MM 3, p. 93 (which has Vattalaṅkapuil as donor) and List 149	not_started	unknown
bib-mm-4-no-40-p-1186-third-inscr	MM 4, no. 40, p. 1186 (third inscr.)	MM 4, no. 40, p. 1186 (third inscr.)	not_started	unknown
bib-mm-4-no-40-p-186-first-part	MM 4, no. 40, p. 186 (first part)	MM 4, no. 40, p. 186 (first part)	not_started	unknown
bib-mm-4-no-58-p-253	MM 4, no. 58, p. 253	MM 4, no. 58, p. 253	not_started	unknown
bib-mm-4-no-64-p-275-dated-cs-660-1398	MM 4, no. 64, p. 275 (dated CS 660/1398)	MM 4, no. 64, p. 275 (dated CS 660/1398)	not_started	unknown
bib-mp-1-no-1-p-1	MP 1, no. 1, p. 1	MP 1, no. 1, p. 1	not_started	unknown
bib-mp-1-p-139	MP 1, p. 139	MP 1, p. 139	not_started	unknown
bib-mp-1-p-159	MP 1, p. 159	MP 1, p. 159	not_started	unknown
bib-mp-1-p-17	MP 1, p. 17	MP 1, p. 17	not_started	unknown
bib-mp-1-p-21	MP 1, p. 21	MP 1, p. 21	not_started	unknown
bib-mp-1-p-25	MP 1, p. 25	MP 1, p. 25	not_started	unknown
bib-mp-1-p-29	MP 1, p. 29	MP 1, p. 29	not_started	unknown
bib-mp-1-p-45	MP 1, p. 45	MP 1, p. 45	not_started	unknown
bib-mp-1-p-49	MP 1, p. 49	MP 1, p. 49	not_started	unknown
bib-mp-1-p-5	MP 1, p. 5	MP 1, p. 5	not_started	unknown
bib-mp-1-p-53	MP 1, p. 53	MP 1, p. 53	not_started	unknown
bib-mp-1-p-57	MP 1, p. 57	MP 1, p. 57	not_started	unknown
bib-mp-1-p-61-65	MP 1, p. 61-65	MP 1, p. 61-65	not_started	unknown
bib-mp-1-p-77	MP 1, p. 77	MP 1, p. 77	not_started	unknown
bib-mp-1-p-81	MP 1, p. 81	MP 1, p. 81	not_started	unknown
bib-mp-1-p-97	MP 1, p. 97	MP 1, p. 97	not_started	unknown
bib-mp-2-p-159	MP 2, p. 159	MP 2, p. 159	not_started	unknown
bib-mp-2-p-61	MP 2, p. 61	MP 2, p. 61	not_started	unknown
bib-mp-2-p-65	MP 2, p. 65	MP 2, p. 65	not_started	unknown
bib-mp-p-107	MP, p. 107	MP, p. 107	not_started	unknown
bib-mp-p-13	MP, p. 13	MP, p. 13	not_started	unknown
bib-mp-p-151	MP, p. 151	MP, p. 151	not_started	unknown
bib-mp-p-155	MP, p. 155	MP, p. 155	not_started	unknown
bib-mp-p-163	MP, p. 163	MP, p. 163	not_started	unknown
bib-mp-p-93	MP, p. 93	MP, p. 93	not_started	unknown
bib-myaketu-nandhale-hmattan-p-29-30	Myaketu, Nandhale Hmattan, p. 29-30	Myaketu, Nandhale Hmattan, p. 29-30	not_started	unknown
bib-nce-list-216	NCE List 216	NCE List 216	not_started	unknown
bib-not-in-u-min-hswe	(not in U Min Hswe)	(not in U Min Hswe)	not_started	unknown
bib-obi-1-p-1-and-obi1-p-4	OBI 1, p. 1 and OBI1,p.4	OBI 1, p. 1 and OBI1,p.4	not_started	unknown
bib-obi-1-p-100	OBI 1, p. 100	OBI 1, p. 100	not_started	unknown
bib-obi-1-p-102	OBI 1, p. 102	OBI 1, p. 102	not_started	unknown
bib-obi-1-p-105	OBI 1, p. 105	OBI 1, p. 105	not_started	unknown
bib-obi-1-p-106	OBI 1, p. 106	OBI 1, p. 106	not_started	unknown
bib-obi-1-p-107	OBI 1, p. 107	OBI 1, p. 107	not_started	unknown
bib-obi-1-p-108	OBI 1, p. 108	OBI 1, p. 108	not_started	unknown
bib-obi-1-p-11	OBI 1, p. 11	OBI 1, p. 11	not_started	unknown
bib-obi-1-p-111	OBI 1, p. 111	OBI 1, p. 111	not_started	unknown
bib-obi-1-p-112	OBI 1, p. 112	OBI 1, p. 112	not_started	unknown
bib-obi-1-p-116	OBI 1, p. 116	OBI 1, p. 116	not_started	unknown
bib-obi-1-p-117	OBI 1, p. 117	OBI 1, p. 117	not_started	unknown
bib-obi-1-p-118	OBI 1, p. 118	OBI 1, p. 118	not_started	unknown
bib-obi-1-p-119	OBI 1, p. 119	OBI 1, p. 119	not_started	unknown
bib-obi-1-p-121	OBI 1, p. 121	OBI 1, p. 121	not_started	unknown
bib-obi-1-p-123	OBI 1, p. 123	OBI 1, p. 123	not_started	unknown
bib-obi-1-p-124	OBI 1, p. 124	OBI 1, p. 124	not_started	unknown
bib-obi-1-p-125	OBI 1, p. 125	OBI 1, p. 125	not_started	unknown
bib-obi-1-p-127	OBI 1, p. 127	OBI 1, p. 127	not_started	unknown
bib-obi-1-p-128	OBI 1, p. 128	OBI 1, p. 128	not_started	unknown
bib-obi-1-p-129	OBI 1, p. 129	OBI 1, p. 129	not_started	unknown
bib-obi-1-p-130	OBI 1, p. 130	OBI 1, p. 130	not_started	unknown
bib-obi-1-p-133	OBI 1, p. 133	OBI 1, p. 133	not_started	unknown
bib-obi-1-p-134	OBI 1, p. 134	OBI 1, p. 134	not_started	unknown
bib-obi-1-p-136	OBI 1, p. 136	OBI 1, p. 136	not_started	unknown
bib-obi-1-p-137	OBI 1, p. 137	OBI 1, p. 137	not_started	unknown
bib-obi-1-p-138	OBI 1, p. 138	OBI 1, p. 138	not_started	unknown
bib-obi-1-p-139	OBI 1, p. 139	OBI 1, p. 139	not_started	unknown
bib-obi-1-p-140	OBI 1, p. 140	OBI 1, p. 140	not_started	unknown
bib-obi-1-p-141	OBI 1, p. 141	OBI 1, p. 141	not_started	unknown
bib-obi-1-p-142	OBI 1, p. 142	OBI 1, p. 142	not_started	unknown
bib-obi-1-p-143	OBI 1, p. 143	OBI 1, p. 143	not_started	unknown
bib-obi-1-p-151	OBI 1, p. 151	OBI 1, p. 151	not_started	unknown
bib-obi-1-p-156	OBI 1, p. 156	OBI 1, p. 156	not_started	unknown
bib-obi-1-p-161	OBI 1, p. 161	OBI 1, p. 161	not_started	unknown
bib-obi-1-p-164	OBI 1, p. 164	OBI 1, p. 164	not_started	unknown
bib-obi-1-p-167	OBI 1, p. 167	OBI 1, p. 167	not_started	unknown
bib-obi-1-p-168	OBI 1, p. 168	OBI 1, p. 168	not_started	unknown
bib-obi-1-p-169	OBI 1, p. 169	OBI 1, p. 169	not_started	unknown
bib-obi-1-p-171	OBI 1, p. 171	OBI 1, p. 171	not_started	unknown
bib-obi-1-p-172	OBI 1, p. 172	OBI 1, p. 172	not_started	unknown
bib-obi-1-p-173-and-184	OBI 1, p. 173 and 184	OBI 1, p. 173 and 184	not_started	unknown
bib-obi-1-p-174	OBI 1, p. 174	OBI 1, p. 174	not_started	unknown
bib-obi-1-p-175	OBI 1, p. 175	OBI 1, p. 175	not_started	unknown
bib-obi-1-p-176	OBI 1, p. 176	OBI 1, p. 176	not_started	unknown
bib-obi-1-p-179	OBI 1, p. 179	OBI 1, p. 179	not_started	unknown
bib-obi-1-p-183	OBI 1, p. 183	OBI 1, p. 183	not_started	unknown
bib-obi-1-p-184	OBI 1, p. 184	OBI 1, p. 184	not_started	unknown
bib-obi-1-p-185	OBI 1, p. 185	OBI 1, p. 185	not_started	unknown
bib-obi-1-p-186	OBI 1, p. 186	OBI 1, p. 186	not_started	unknown
bib-obi-1-p-187	OBI 1, p. 187	OBI 1, p. 187	not_started	unknown
bib-obi-1-p-188	OBI 1, p. 188	OBI 1, p. 188	not_started	unknown
bib-obi-1-p-189	OBI 1, p. 189	OBI 1, p. 189	not_started	unknown
bib-obi-1-p-19	OBI 1, p. 19	OBI 1, p. 19	not_started	unknown
bib-obi-1-p-190	OBI 1, p. 190	OBI 1, p. 190	not_started	unknown
bib-obi-1-p-191	OBI 1, p. 191	OBI 1, p. 191	not_started	unknown
bib-obi-1-p-193	OBI 1, p. 193	OBI 1, p. 193	not_started	unknown
bib-obi-1-p-198	OBI 1, p. 198	OBI 1, p. 198	not_started	unknown
bib-obi-1-p-20	OBI 1, p. 20	OBI 1, p. 20	not_started	unknown
bib-obi-1-p-202	OBI 1, p. 202	OBI 1, p. 202	not_started	unknown
bib-obi-1-p-203	OBI 1, p. 203	OBI 1, p. 203	not_started	unknown
bib-obi-1-p-204	OBI 1, p. 204	OBI 1, p. 204	not_started	unknown
bib-obi-1-p-205	OBI 1, p. 205	OBI 1, p. 205	not_started	unknown
bib-obi-1-p-206	OBI 1, p. 206	OBI 1, p. 206	not_started	unknown
bib-obi-1-p-208	OBI 1, p. 208	OBI 1, p. 208	not_started	unknown
bib-obi-1-p-209	OBI 1, p. 209	OBI 1, p. 209	not_started	unknown
bib-obi-1-p-211	OBI 1, p. 211	OBI 1, p. 211	not_started	unknown
bib-obi-1-p-212	OBI 1, p. 212	OBI 1, p. 212	not_started	unknown
bib-obi-1-p-213	OBI 1, p. 213	OBI 1, p. 213	not_started	unknown
bib-obi-1-p-214	OBI 1, p. 214	OBI 1, p. 214	not_started	unknown
bib-obi-1-p-215	OBI 1, p. 215	OBI 1, p. 215	not_started	unknown
bib-obi-1-p-218	OBI 1, p. 218	OBI 1, p. 218	not_started	unknown
bib-obi-1-p-22	OBI 1, p. 22	OBI 1, p. 22	not_started	unknown
bib-obi-1-p-220	OBI 1, p. 220	OBI 1, p. 220	not_started	unknown
bib-obi-1-p-221	OBI 1, p. 221	OBI 1, p. 221	not_started	unknown
bib-obi-1-p-222	OBI 1, p. 222	OBI 1, p. 222	not_started	unknown
bib-obi-1-p-224	OBI 1, p. 224	OBI 1, p. 224	not_started	unknown
bib-obi-1-p-226	OBI 1, p. 226	OBI 1, p. 226	not_started	unknown
bib-obi-1-p-227	OBI 1, p. 227	OBI 1, p. 227	not_started	unknown
bib-obi-1-p-229	OBI 1, p. 229	OBI 1, p. 229	not_started	unknown
bib-obi-1-p-23	OBI 1, p. 23	OBI 1, p. 23	not_started	unknown
bib-obi-1-p-233	OBI 1, p. 233	OBI 1, p. 233	not_started	unknown
bib-obi-1-p-235	OBI 1, p. 235	OBI 1, p. 235	not_started	unknown
bib-obi-1-p-238	OBI 1, p. 238	OBI 1, p. 238	not_started	unknown
bib-obi-1-p-240	OBI 1, p. 240	OBI 1, p. 240	not_started	unknown
bib-obi-1-p-242	OBI 1, p. 242	OBI 1, p. 242	not_started	unknown
bib-obi-1-p-244	OBI 1, p. 244	OBI 1, p. 244	not_started	unknown
bib-obi-1-p-245	OBI 1, p. 245	OBI 1, p. 245	not_started	unknown
bib-obi-1-p-246	OBI 1, p. 246	OBI 1, p. 246	not_started	unknown
bib-obi-1-p-248	OBI 1, p. 248	OBI 1, p. 248	not_started	unknown
bib-obi-1-p-249	OBI 1, p. 249	OBI 1, p. 249	not_started	unknown
bib-obi-1-p-25	OBI 1, p. 25	OBI 1, p. 25	not_started	unknown
bib-obi-1-p-251	OBI 1, p. 251	OBI 1, p. 251	not_started	unknown
bib-obi-1-p-253	OBI 1, p. 253	OBI 1, p. 253	not_started	unknown
bib-obi-1-p-255	OBI 1, p. 255	OBI 1, p. 255	not_started	unknown
bib-obi-1-p-256	OBI 1, p. 256	OBI 1, p. 256	not_started	unknown
bib-obi-1-p-257	OBI 1, p. 257	OBI 1, p. 257	not_started	unknown
bib-obi-1-p-259	OBI 1, p. 259	OBI 1, p. 259	not_started	unknown
bib-obi-1-p-26	OBI 1, p. 26	OBI 1, p. 26	not_started	unknown
bib-obi-1-p-260	OBI 1, p. 260	OBI 1, p. 260	not_started	unknown
bib-obi-1-p-263	OBI 1, p. 263	OBI 1, p. 263	not_started	unknown
bib-obi-1-p-264	OBI 1, p. 264	OBI 1, p. 264	not_started	unknown
bib-obi-1-p-265	OBI 1, p. 265	OBI 1, p. 265	not_started	unknown
bib-obi-1-p-267	OBI 1, p. 267	OBI 1, p. 267	not_started	unknown
bib-obi-1-p-27	OBI 1, p. 27	OBI 1, p. 27	not_started	unknown
bib-obi-1-p-270	OBI 1, p. 270	OBI 1, p. 270	not_started	unknown
bib-obi-1-p-272	OBI 1, p. 272	OBI 1, p. 272	not_started	unknown
bib-obi-1-p-273-not-listed	OBI 1, p. 273 (not listed ?!)	OBI 1, p. 273 (not listed ?!)	not_started	unknown
bib-obi-1-p-278	OBI 1, p. 278	OBI 1, p. 278	not_started	unknown
bib-obi-1-p-282	OBI 1, p. 282	OBI 1, p. 282	not_started	unknown
bib-obi-1-p-287	OBI 1, p. 287	OBI 1, p. 287	not_started	unknown
bib-obi-1-p-289	OBI 1, p. 289	OBI 1, p. 289	not_started	unknown
bib-obi-1-p-29	OBI 1, p. 29	OBI 1, p. 29	not_started	unknown
bib-obi-1-p-290	OBI 1, p. 290	OBI 1, p. 290	not_started	unknown
bib-obi-1-p-291	OBI 1, p. 291	OBI 1, p. 291	not_started	unknown
bib-obi-1-p-298	OBI 1, p. 298	OBI 1, p. 298	not_started	unknown
bib-obi-1-p-302	OBI 1, p. 302	OBI 1, p. 302	not_started	unknown
bib-obi-1-p-304	OBI 1, p. 304	OBI 1, p. 304	not_started	unknown
bib-obi-1-p-305	OBI 1, p. 305	OBI 1, p. 305	not_started	unknown
bib-obi-1-p-306	OBI 1, p. 306	OBI 1, p. 306	not_started	unknown
bib-obi-1-p-311	OBI 1, p. 311	OBI 1, p. 311	not_started	unknown
bib-obi-1-p-314	OBI 1, p. 314	OBI 1, p. 314	not_started	unknown
bib-obi-1-p-315	OBI 1, p. 315	OBI 1, p. 315	not_started	unknown
bib-obi-1-p-316-u-min-hswe-no-81	OBI 1, p. 316: U Min Hswe, no. 81	OBI 1, p. 316: U Min Hswe, no. 81	not_started	unknown
bib-obi-1-p-318	OBI 1, p. 318	OBI 1, p. 318	not_started	unknown
bib-obi-1-p-319	OBI 1, p. 319	OBI 1, p. 319	not_started	unknown
bib-obi-1-p-32	OBI 1, p. 32	OBI 1, p. 32	not_started	unknown
bib-obi-1-p-320	OBI 1, p. 320	OBI 1, p. 320	not_started	unknown
bib-obi-1-p-321	OBI 1, p. 321	OBI 1, p. 321	not_started	unknown
bib-obi-1-p-322	OBI 1, p. 322	OBI 1, p. 322	not_started	unknown
bib-obi-1-p-324	OBI 1, p. 324	OBI 1, p. 324	not_started	unknown
bib-obi-1-p-325	OBI 1, p. 325	OBI 1, p. 325	not_started	unknown
bib-obi-1-p-326	OBI 1, p. 326	OBI 1, p. 326	not_started	unknown
bib-obi-1-p-328	OBI 1, p. 328	OBI 1, p. 328	not_started	unknown
bib-obi-1-p-329	OBI 1, p. 329	OBI 1, p. 329	not_started	unknown
bib-obi-1-p-33	OBI 1, p. 33	OBI 1, p. 33	not_started	unknown
bib-obi-1-p-330	OBI 1, p. 330	OBI 1, p. 330	not_started	unknown
bib-obi-1-p-331	OBI 1, p. 331	OBI 1, p. 331	not_started	unknown
bib-obi-1-p-333	OBI 1, p. 333	OBI 1, p. 333	not_started	unknown
bib-obi-1-p-334	OBI 1, p. 334	OBI 1, p. 334	not_started	unknown
bib-obi-1-p-336	OBI 1, p. 336	OBI 1, p. 336	not_started	unknown
bib-obi-1-p-337	OBI 1, p. 337	OBI 1, p. 337	not_started	unknown
bib-obi-1-p-339	OBI 1, p. 339	OBI 1, p. 339	not_started	unknown
bib-obi-1-p-34	OBI 1, p. 34	OBI 1, p. 34	not_started	unknown
bib-obi-1-p-340	OBI 1, p. 340	OBI 1, p. 340	not_started	unknown
bib-obi-1-p-342	OBI 1, p. 342	OBI 1, p. 342	not_started	unknown
bib-obi-1-p-343	OBI 1, p. 343	OBI 1, p. 343	not_started	unknown
bib-obi-1-p-344	OBI 1, p. 344	OBI 1, p. 344	not_started	unknown
bib-obi-1-p-345	OBI 1, p. 345	OBI 1, p. 345	not_started	unknown
bib-obi-1-p-346	OBI 1, p. 346	OBI 1, p. 346	not_started	unknown
bib-obi-1-p-347	OBI 1, p. 347	OBI 1, p. 347	not_started	unknown
bib-obi-1-p-351	OBI 1, p. 351	OBI 1, p. 351	not_started	unknown
bib-obi-1-p-352	OBI 1, p. 352	OBI 1, p. 352	not_started	unknown
bib-obi-1-p-353	OBI 1, p. 353	OBI 1, p. 353	not_started	unknown
bib-obi-1-p-354	OBI 1, p. 354	OBI 1, p. 354	not_started	unknown
bib-obi-1-p-360	OBI 1, p. 360	OBI 1, p. 360	not_started	unknown
bib-obi-1-p-362	OBI 1, p. 362	OBI 1, p. 362	not_started	unknown
bib-obi-1-p-363	OBI 1, p. 363	OBI 1, p. 363	not_started	unknown
bib-obi-1-p-365	OBI 1, p. 365	OBI 1, p. 365	not_started	unknown
bib-obi-1-p-366	OBI 1, p. 366	OBI 1, p. 366	not_started	unknown
bib-obi-1-p-37	OBI 1, p. 37	OBI 1, p. 37	not_started	unknown
bib-obi-1-p-370	OBI 1, p. 370	OBI 1, p. 370	not_started	unknown
bib-obi-1-p-371	OBI 1, p. 371	OBI 1, p. 371	not_started	unknown
bib-obi-1-p-375	OBI 1, p. 375	OBI 1, p. 375	not_started	unknown
bib-obi-1-p-376	OBI 1, p. 376	OBI 1, p. 376	not_started	unknown
bib-obi-1-p-377	OBI 1, p. 377	OBI 1, p. 377	not_started	unknown
bib-obi-1-p-379	OBI 1, p. 379	OBI 1, p. 379	not_started	unknown
bib-obi-1-p-38	OBI 1, p. 38	OBI 1, p. 38	not_started	unknown
bib-obi-1-p-381	OBI 1, p. 381	OBI 1, p. 381	not_started	unknown
bib-obi-1-p-4-and-obi1-p-1	OBI 1, p. 4 and OBI1,p.1	OBI 1, p. 4 and OBI1,p.1	not_started	unknown
bib-obi-1-p-40	OBI 1, p. 40	OBI 1, p. 40	not_started	unknown
bib-obi-1-p-41	OBI 1, p. 41	OBI 1, p. 41	not_started	unknown
bib-obi-1-p-42	OBI 1, p. 42	OBI 1, p. 42	not_started	unknown
bib-obi-1-p-43	OBI 1, p. 43	OBI 1, p. 43	not_started	unknown
bib-obi-1-p-44	OBI 1, p. 44	OBI 1, p. 44	not_started	unknown
bib-obi-1-p-45	OBI 1, p. 45	OBI 1, p. 45	not_started	unknown
bib-obi-1-p-46	OBI 1, p. 46	OBI 1, p. 46	not_started	unknown
bib-obi-1-p-48	OBI 1, p. 48	OBI 1, p. 48	not_started	unknown
bib-obi-1-p-49	OBI 1, p. 49	OBI 1, p. 49	not_started	unknown
bib-obi-1-p-50	OBI 1, p. 50	OBI 1, p. 50	not_started	unknown
bib-obi-1-p-53	OBI 1, p. 53	OBI 1, p. 53	not_started	unknown
bib-obi-1-p-54	OBI 1, p. 54	OBI 1, p. 54	not_started	unknown
bib-obi-1-p-55	OBI 1, p. 55	OBI 1, p. 55	not_started	unknown
bib-obi-1-p-56	OBI 1, p. 56	OBI 1, p. 56	not_started	unknown
bib-obi-1-p-57	OBI 1, p. 57	OBI 1, p. 57	not_started	unknown
bib-obi-1-p-58	OBI 1, p. 58	OBI 1, p. 58	not_started	unknown
bib-obi-1-p-59	OBI 1, p. 59	OBI 1, p. 59	not_started	unknown
bib-obi-1-p-64	OBI 1, p. 64	OBI 1, p. 64	not_started	unknown
bib-obi-1-p-65	OBI 1, p. 65	OBI 1, p. 65	not_started	unknown
bib-obi-1-p-69	OBI 1, p. 69	OBI 1, p. 69	not_started	unknown
bib-obi-1-p-70	OBI 1, p. 70	OBI 1, p. 70	not_started	unknown
bib-obi-1-p-71	OBI 1, p. 71	OBI 1, p. 71	not_started	unknown
bib-obi-1-p-73	OBI 1, p. 73	OBI 1, p. 73	not_started	unknown
bib-obi-1-p-74	OBI 1, p. 74	OBI 1, p. 74	not_started	unknown
bib-obi-1-p-75	OBI 1, p. 75	OBI 1, p. 75	not_started	unknown
bib-obi-1-p-77	OBI 1, p. 77	OBI 1, p. 77	not_started	unknown
bib-obi-1-p-8	OBI 1, p. 8	OBI 1, p. 8	not_started	unknown
bib-obi-1-p-80	OBI 1, p. 80	OBI 1, p. 80	not_started	unknown
bib-obi-1-p-81	OBI 1, p. 81	OBI 1, p. 81	not_started	unknown
bib-obi-1-p-82	OBI 1, p. 82	OBI 1, p. 82	not_started	unknown
bib-obi-1-p-83	OBI 1, p. 83	OBI 1, p. 83	not_started	unknown
bib-obi-1-p-86	OBI 1, p. 86	OBI 1, p. 86	not_started	unknown
bib-obi-1-p-89	OBI 1, p. 89	OBI 1, p. 89	not_started	unknown
bib-obi-1-p-90	OBI 1, p. 90	OBI 1, p. 90	not_started	unknown
bib-obi-1-p-91	OBI 1, p. 91	OBI 1, p. 91	not_started	unknown
bib-obi-1-p-93	OBI 1, p. 93	OBI 1, p. 93	not_started	unknown
bib-obi-1-p-96	OBI 1, p. 96	OBI 1, p. 96	not_started	unknown
bib-obi-1-p-97	OBI 1, p. 97	OBI 1, p. 97	not_started	unknown
bib-obi-1-p-99	OBI 1, p. 99	OBI 1, p. 99	not_started	unknown
bib-obi-1-p-x231x	OBI 1, p.x231x	OBI 1, p.x231x	not_started	unknown
bib-obi-2-p-1	OBI 2, p. 1	OBI 2, p. 1	not_started	unknown
bib-obi-2-p-137	OBI 2, p. 137	OBI 2, p. 137	not_started	unknown
bib-obi-2-p-148	OBI 2, p. 148	OBI 2, p. 148	not_started	unknown
bib-obi-2-p-15	OBI 2, p. 15	OBI 2, p. 15	not_started	unknown
bib-obi-2-p-155	OBI 2, p. 155	OBI 2, p. 155	not_started	unknown
bib-obi-2-p-156	OBI 2, p. 156	OBI 2, p. 156	not_started	unknown
bib-obi-2-p-162	OBI 2, p. 162	OBI 2, p. 162	not_started	unknown
bib-obi-2-p-165	OBI 2, p. 165	OBI 2, p. 165	not_started	unknown
bib-obi-2-p-170	OBI 2, p. 170	OBI 2, p. 170	not_started	unknown
bib-obi-2-p-173	OBI 2, p. 173	OBI 2, p. 173	not_started	unknown
bib-obi-2-p-176	OBI 2, p. 176	OBI 2, p. 176	not_started	unknown
bib-obi-2-p-179	OBI 2, p. 179	OBI 2, p. 179	not_started	unknown
bib-obi-2-p-183	OBI 2, p. 183	OBI 2, p. 183	not_started	unknown
bib-obi-2-p-188	OBI 2, p. 188	OBI 2, p. 188	not_started	unknown
bib-obi-2-p-189	OBI 2, p. 189	OBI 2, p. 189	not_started	unknown
bib-obi-2-p-190	OBI 2, p. 190	OBI 2, p. 190	not_started	unknown
bib-obi-2-p-193	OBI 2, p. 193	OBI 2, p. 193	not_started	unknown
bib-obi-2-p-20	OBI 2, p. 20	OBI 2, p. 20	not_started	unknown
bib-obi-2-p-202	OBI 2, p. 202	OBI 2, p. 202	not_started	unknown
bib-obi-2-p-207	OBI 2, p. 207	OBI 2, p. 207	not_started	unknown
bib-obi-2-p-21	OBI 2, p. 21	OBI 2, p. 21	not_started	unknown
bib-obi-2-p-217	OBI 2, p. 217	OBI 2, p. 217	not_started	unknown
bib-obi-2-p-22	OBI 2, p. 22	OBI 2, p. 22	not_started	unknown
bib-obi-2-p-222-3	OBI 2, p. 222-3	OBI 2, p. 222-3	not_started	unknown
bib-obi-2-p-227	OBI 2, p. 227	OBI 2, p. 227	not_started	unknown
bib-obi-2-p-230	OBI 2, p. 230	OBI 2, p. 230	not_started	unknown
bib-obi-2-p-232	OBI 2, p. 232	OBI 2, p. 232	not_started	unknown
bib-obi-2-p-233	OBI 2, p. 233	OBI 2, p. 233	not_started	unknown
bib-obi-2-p-234	OBI 2, p. 234	OBI 2, p. 234	not_started	unknown
bib-obi-2-p-235	OBI 2, p. 235	OBI 2, p. 235	not_started	unknown
bib-obi-2-p-238	OBI 2, p. 238	OBI 2, p. 238	not_started	unknown
bib-obi-2-p-239	OBI 2, p. 239	OBI 2, p. 239	not_started	unknown
bib-obi-2-p-24	OBI 2, p. 24	OBI 2, p. 24	not_started	unknown
bib-obi-2-p-247-b-only	OBI 2, p. 247 (b only)	OBI 2, p. 247 (b only)	not_started	unknown
bib-obi-2-p-27	OBI 2, p. 27	OBI 2, p. 27	not_started	unknown
bib-obi-2-p-29	OBI 2, p. 29	OBI 2, p. 29	not_started	unknown
bib-obi-2-p-3	OBI 2, p. 3	OBI 2, p. 3	not_started	unknown
bib-obi-2-p-30	OBI 2, p. 30	OBI 2, p. 30	not_started	unknown
bib-obi-2-p-33	OBI 2, p. 33	OBI 2, p. 33	not_started	unknown
bib-obi-2-p-4	OBI 2, p. 4	OBI 2, p. 4	not_started	unknown
bib-obi-2-p-41	OBI 2, p. 41	OBI 2, p. 41	not_started	unknown
bib-obi-2-p-44	OBI 2, p. 44	OBI 2, p. 44	not_started	unknown
bib-obi-2-p-47	OBI 2, p. 47	OBI 2, p. 47	not_started	unknown
bib-obi-2-p-51	OBI 2, p. 51	OBI 2, p. 51	not_started	unknown
bib-obi-2-p-52	OBI 2, p. 52	OBI 2, p. 52	not_started	unknown
bib-obi-2-p-53	OBI 2, p. 53	OBI 2, p. 53	not_started	unknown
bib-obi-2-p-54	OBI 2, p. 54	OBI 2, p. 54	not_started	unknown
bib-obi-2-p-56	OBI 2, p. 56	OBI 2, p. 56	not_started	unknown
bib-obi-2-p-58	OBI 2, p. 58	OBI 2, p. 58	not_started	unknown
bib-obi-2-p-6	OBI 2, p. 6	OBI 2, p. 6	not_started	unknown
bib-obi-2-p-72-73	OBI 2, p. 72-73	OBI 2, p. 72-73	not_started	unknown
bib-obi-2-p-74	OBI 2, p. 74	OBI 2, p. 74	not_started	unknown
bib-obi-2-p-74-and-obi3-p-220	OBI 2, p. 74 and OBI3,p.220	OBI 2, p. 74 and OBI3,p.220	not_started	unknown
bib-obi-2-p-76	OBI 2, p. 76	OBI 2, p. 76	not_started	unknown
bib-obi-2-p-78-80	OBI 2, p. 78-80	OBI 2, p. 78-80	not_started	unknown
bib-obi-2-p-82	OBI 2, p. 82	OBI 2, p. 82	not_started	unknown
bib-obi-2-p-83	OBI 2, p. 83	OBI 2, p. 83	not_started	unknown
bib-obi-2-p-85	OBI 2, p. 85	OBI 2, p. 85	not_started	unknown
bib-obi-2-p-87	OBI 2, p. 87	OBI 2, p. 87	not_started	unknown
bib-obi-2-p-88	OBI 2, p. 88	OBI 2, p. 88	not_started	unknown
bib-obi-2-p-89	OBI 2, p. 89	OBI 2, p. 89	not_started	unknown
bib-obi-2-p-9	OBI 2, p. 9	OBI 2, p. 9	not_started	unknown
bib-obi-2-p-93	OBI 2, p. 93	OBI 2, p. 93	not_started	unknown
bib-obi-3-p-1	OBI 3, p. 1	OBI 3, p. 1	not_started	unknown
bib-obi-3-p-2	OBI 3, p. 2	OBI 3, p. 2	not_started	unknown
bib-obi-3-p-221	OBI 3, p. 221	OBI 3, p. 221	not_started	unknown
bib-obi-3-p-222	OBI 3, p. 222	OBI 3, p. 222	not_started	unknown
bib-obi-3-p-283	OBI 3, p. 283	OBI 3, p. 283	not_started	unknown
bib-obi-3-p-3	OBI 3, p. 3	OBI 3, p. 3	not_started	unknown
bib-obi-3-p-35	OBI 3, p. 35	OBI 3, p. 35	not_started	unknown
bib-obi-3-p-360-361	OBI 3, p. 360-361	OBI 3, p. 360-361	not_started	unknown
bib-obi-3-p-37	OBI 3, p. 37	OBI 3, p. 37	not_started	unknown
bib-obi-3-p-4	OBI 3, p. 4	OBI 3, p. 4	not_started	unknown
bib-obi-3-p-43-45	OBI 3, p. 43-45	OBI 3, p. 43-45	not_started	unknown
bib-obi-3-p-49	OBI 3, p. 49	OBI 3, p. 49	not_started	unknown
bib-obi-3-p-5	OBI 3, p. 5	OBI 3, p. 5	not_started	unknown
bib-obi-3-p-53	OBI 3, p. 53	OBI 3, p. 53	not_started	unknown
bib-obi-3-p-62	OBI 3, p. 62	OBI 3, p. 62	not_started	unknown
bib-obi-3-p-65	OBI 3, p. 65	OBI 3, p. 65	not_started	unknown
bib-obi-3-p-66	OBI 3, p. 66	OBI 3, p. 66	not_started	unknown
bib-obi-3-p-68	OBI 3, p. 68	OBI 3, p. 68	not_started	unknown
bib-obi-3-p-7	OBI 3, p. 7	OBI 3, p. 7	not_started	unknown
bib-obi-3-p-70	OBI 3, p. 70	OBI 3, p. 70	not_started	unknown
bib-obi-3-p-72	OBI 3, p. 72	OBI 3, p. 72	not_started	unknown
bib-obi-3-p-74	OBI 3, p. 74	OBI 3, p. 74	not_started	unknown
bib-obi-3-p-78	OBI 3, p. 78	OBI 3, p. 78	not_started	unknown
bib-obi-3-p-79	OBI 3, p. 79	OBI 3, p. 79	not_started	unknown
bib-obi-3-p-8	OBI 3, p. 8	OBI 3, p. 8	not_started	unknown
bib-obi-3-p-80	OBI 3, p. 80	OBI 3, p. 80	not_started	unknown
bib-obi-3-p-81	OBI 3, p. 81	OBI 3, p. 81	not_started	unknown
bib-obi-3-p-83	OBI 3, p. 83	OBI 3, p. 83	not_started	unknown
bib-obi-3-p-85	OBI 3, p. 85	OBI 3, p. 85	not_started	unknown
bib-obi-3-p-87	OBI 3, p. 87	OBI 3, p. 87	not_started	unknown
bib-obi-3-p-9-11	OBI 3, p. 9-11	OBI 3, p. 9-11	not_started	unknown
bib-obi-3-p-94	OBI 3, p. 94	OBI 3, p. 94	not_started	unknown
bib-obi-3-p-95	OBI 3, p. 95	OBI 3, p. 95	not_started	unknown
bib-obi-4-p-102	OBI 4, p. 102	OBI 4, p. 102	not_started	unknown
bib-obi-4-p-147	OBI 4, p. 147	OBI 4, p. 147	not_started	unknown
bib-obi-4-p-163	OBI 4, p. 163	OBI 4, p. 163	not_started	unknown
bib-obi-4-p-171	OBI 4, p. 171	OBI 4, p. 171	not_started	unknown
bib-obi-4-p-191	OBI 4, p. 191	OBI 4, p. 191	not_started	unknown
bib-obi-4-p-235	OBI 4, p. 235	OBI 4, p. 235	not_started	unknown
bib-obi-4-p-251	OBI 4, p. 251	OBI 4, p. 251	not_started	unknown
bib-obi-4-p-26	OBI 4, p. 26	OBI 4, p. 26	not_started	unknown
bib-obi-4-p-29	OBI 4, p. 29	OBI 4, p. 29	not_started	unknown
bib-obi-4-p-36	OBI 4, p. 36	OBI 4, p. 36	not_started	unknown
bib-obi-4-p-64	OBI 4, p. 64	OBI 4, p. 64	not_started	unknown
bib-obi-4-p-65	OBI 4, p. 65	OBI 4, p. 65	not_started	unknown
bib-obi-4-p-73	OBI 4, p. 73	OBI 4, p. 73	not_started	unknown
bib-obi-4-p-81	OBI 4, p. 81	OBI 4, p. 81	not_started	unknown
bib-obi-5-p-111	OBI 5, p. 111	OBI 5, p. 111	not_started	unknown
bib-obi3-p-33no22ob-and-obi-5-p-110-with-date-cs-878-1516	OBI3,p.33no22ob and OBI 5, p. 110 (with date CS 878/1516)	OBI3,p.33no22ob and OBI 5, p. 110 (with date CS 878/1516)	not_started	unknown
bib-or-3434-fol-gh-verso-with-further-dates	OR 3434 fol. ghā verso (with further dates)	OR 3434 fol. ghā verso (with further dates)	not_started	unknown
bib-or-3434-g-verso	OR 3434 (gā: verso)	OR 3434 (gā: verso)	not_started	unknown
bib-or-3475-no-18	OR 3475, no. 18	OR 3475, no. 18	not_started	unknown
bib-or-3475-no-4	OR 3475, no. 4	OR 3475, no. 4	not_started	unknown
bib-or-3475-no-5	OR 3475, no. 5	OR 3475, no. 5	not_started	unknown
bib-or-3475-no-6-with-date-cs-581-1219	OR 3475, no. 6 (with date CS 581/1219)	OR 3475, no. 6 (with date CS 581/1219)	not_started	unknown
bib-or-6452-b-1-no-1	OR 6452 B (1), no. 1	OR 6452 B (1), no. 1	not_started	unknown
bib-or-6452-b-1-no-31	OR 6452 B (1), no. 31	OR 6452 B (1), no. 31	not_started	unknown
bib-or-6452-b-1-no-32	OR 6452 B (1), no. 32	OR 6452 B (1), no. 32	not_started	unknown
bib-or-6452-b-1-nos-22-and-26	OR 6452 B (1), nos. 22 and 26	OR 6452 B (1), nos. 22 and 26	not_started	unknown
bib-other-copies-are-list-148	other copies are List 148	other copies are List 148	not_started	unknown
bib-partly-in-list	partly in List	partly in List	not_started	unknown
bib-picture-archdept-on-file	picture (ArchDept) on file	picture (ArchDept) on file	not_started	unknown
bib-pl-i-1-2	Pl. I 1+2	Pl. I 1+2	not_started	unknown
bib-pl-i-100a	Pl. I 100a	Pl. I 100a	not_started	unknown
bib-pl-i-100b	Pl. I 100b	Pl. I 100b	not_started	unknown
bib-pl-i-101	Pl. I 101	Pl. I 101	not_started	unknown
bib-pl-i-103-104	Pl. I 103-104	Pl. I 103-104	not_started	unknown
bib-pl-i-105a	Pl. I 105a	Pl. I 105a	not_started	unknown
bib-pl-i-106-107	Pl. I 106-107	Pl. I 106-107	not_started	unknown
bib-pl-i-108a	Pl. I 108a	Pl. I 108a	not_started	unknown
bib-pl-i-108b	Pl. I 108b	Pl. I 108b	not_started	unknown
bib-pl-i-109a	Pl. I 109a	Pl. I 109a	not_started	unknown
bib-pl-i-109b	Pl. I 109b	Pl. I 109b	not_started	unknown
bib-pl-i-10a-b	Pl. I 10a+b	Pl. I 10a+b	not_started	unknown
bib-pl-i-11	Pl. I 11	Pl. I 11	not_started	unknown
bib-pl-i-12	Pl. I 12	Pl. I 12	not_started	unknown
bib-pl-i-121b	Pl. I 121b	Pl. I 121b	not_started	unknown
bib-pl-i-126a	Pl. I 126a	Pl. I 126a	not_started	unknown
bib-pl-i-13	Pl. I 13	Pl. I 13	not_started	unknown
bib-pl-i-14	Pl. I 14	Pl. I 14	not_started	unknown
bib-pl-i-19-20	Pl. I 19-20	Pl. I 19-20	not_started	unknown
bib-pl-i-21	Pl. I 21	Pl. I 21	not_started	unknown
bib-pl-i-22	Pl. I 22	Pl. I 22	not_started	unknown
bib-pl-i-24	Pl. I 24	Pl. I 24	not_started	unknown
bib-pl-i-25	Pl. I 25	Pl. I 25	not_started	unknown
bib-pl-i-27	Pl. I 27	Pl. I 27	not_started	unknown
bib-pl-i-28a-b	Pl. I 28a+b	Pl. I 28a+b	not_started	unknown
bib-pl-i-29	Pl. I 29	Pl. I 29	not_started	unknown
bib-pl-i-3	Pl. I 3	Pl. I 3	not_started	unknown
bib-pl-i-30a	Pl. I 30a	Pl. I 30a	not_started	unknown
bib-pl-i-30b	Pl. I 30b	Pl. I 30b	not_started	unknown
bib-pl-i-31	Pl. I 31	Pl. I 31	not_started	unknown
bib-pl-i-32-33	Pl. I 32-33	Pl. I 32-33	not_started	unknown
bib-pl-i-34-35	Pl. I 34-35	Pl. I 34-35	not_started	unknown
bib-pl-i-36	Pl. I 36	Pl. I 36	not_started	unknown
bib-pl-i-37-38a	Pl. I 37-38a	Pl. I 37-38a	not_started	unknown
bib-pl-i-38a	Pl. I 38a	Pl. I 38a	not_started	unknown
bib-pl-i-39-40	Pl. I 39-40	Pl. I 39-40	not_started	unknown
bib-pl-i-4-5	Pl. I 4-5	Pl. I 4-5	not_started	unknown
bib-pl-i-41	Pl. I 41	Pl. I 41	not_started	unknown
bib-pl-i-42-43	Pl. I 42-43	Pl. I 42-43	not_started	unknown
bib-pl-i-44a	Pl. I 44a	Pl. I 44a	not_started	unknown
bib-pl-i-44b-and-iv-331b	Pl. I 44b and IV 331b	Pl. I 44b and IV 331b	not_started	unknown
bib-pl-i-45	Pl. I 45	Pl. I 45	not_started	unknown
bib-pl-i-46	Pl. I 46	Pl. I 46	not_started	unknown
bib-pl-i-47	Pl. I 47	Pl. I 47	not_started	unknown
bib-pl-i-48-49	Pl. I 48-49	Pl. I 48-49	not_started	unknown
bib-pl-i-50	Pl. I 50	Pl. I 50	not_started	unknown
bib-pl-i-51	Pl. I 51	Pl. I 51	not_started	unknown
bib-pl-i-52	Pl. I 52	Pl. I 52	not_started	unknown
bib-pl-i-53	Pl. I 53	Pl. I 53	not_started	unknown
bib-pl-i-54	Pl. I 54	Pl. I 54	not_started	unknown
bib-pl-i-55a	Pl. I 55a	Pl. I 55a	not_started	unknown
bib-pl-i-55b	Pl. I 55b	Pl. I 55b	not_started	unknown
bib-pl-i-56a	Pl. I 56a	Pl. I 56a	not_started	unknown
bib-pl-i-56b	Pl. I 56b	Pl. I 56b	not_started	unknown
bib-pl-i-57a-and-pl-v-563b	Pl. I 57a and Pl. V 563b	Pl. I 57a and Pl. V 563b	not_started	unknown
bib-pl-i-57b	Pl. I 57b	Pl. I 57b	not_started	unknown
bib-pl-i-58	Pl. I 58	Pl. I 58	not_started	unknown
bib-pl-i-59	Pl. I 59	Pl. I 59	not_started	unknown
bib-pl-i-6	Pl. I 6	Pl. I 6	not_started	unknown
bib-pl-i-60a-b	Pl. I 60a+b	Pl. I 60a+b	not_started	unknown
bib-pl-i-61	Pl. I 61	Pl. I 61	not_started	unknown
bib-pl-i-62	Pl. I 62	Pl. I 62	not_started	unknown
bib-pl-i-63	Pl. I 63	Pl. I 63	not_started	unknown
bib-pl-i-64	Pl. I 64	Pl. I 64	not_started	unknown
bib-pl-i-65a-b	Pl. I 65a+b	Pl. I 65a+b	not_started	unknown
bib-pl-i-66	Pl. I 66	Pl. I 66	not_started	unknown
bib-pl-i-67	Pl. I 67	Pl. I 67	not_started	unknown
bib-pl-i-68	Pl. I 68	Pl. I 68	not_started	unknown
bib-pl-i-69	Pl. I 69	Pl. I 69	not_started	unknown
bib-pl-i-7	Pl. I 7	Pl. I 7	not_started	unknown
bib-pl-i-70	Pl. I 70	Pl. I 70	not_started	unknown
bib-pl-i-71-72	Pl. I 71-72	Pl. I 71-72	not_started	unknown
bib-pl-i-74	Pl. I 74	Pl. I 74	not_started	unknown
bib-pl-i-75a	Pl. I 75a	Pl. I 75a	not_started	unknown
bib-pl-i-76	Pl. I 76	Pl. I 76	not_started	unknown
bib-pl-i-77	Pl. I 77	Pl. I 77	not_started	unknown
bib-pl-i-78a	Pl. I 78a	Pl. I 78a	not_started	unknown
bib-pl-i-78b	Pl. I 78b	Pl. I 78b	not_started	unknown
bib-pl-i-79a	Pl. I 79a	Pl. I 79a	not_started	unknown
bib-pl-i-79b	Pl. I 79b	Pl. I 79b	not_started	unknown
bib-pl-i-80-81-82a-b	Pl. I 80-81-82a+b	Pl. I 80-81-82a+b	not_started	unknown
bib-pl-i-83	Pl. I 83	Pl. I 83	not_started	unknown
bib-pl-i-84	Pl. I 84	Pl. I 84	not_started	unknown
bib-pl-i-85	Pl. I 85	Pl. I 85	not_started	unknown
bib-pl-i-86-87	Pl. I 86-87	Pl. I 86-87	not_started	unknown
bib-pl-i-88	Pl. I 88	Pl. I 88	not_started	unknown
bib-pl-i-8a	Pl. I 8a	Pl. I 8a	not_started	unknown
bib-pl-i-8b	Pl. I 8b	Pl. I 8b	not_started	unknown
bib-pl-i-90	Pl. I 90	Pl. I 90	not_started	unknown
bib-pl-i-91-92	Pl. I 91+92	Pl. I 91+92	not_started	unknown
bib-pl-i-93	Pl. I 93	Pl. I 93	not_started	unknown
bib-pl-i-94a-b	Pl. I 94a+b	Pl. I 94a+b	not_started	unknown
bib-pl-i-95a	Pl. I 95a	Pl. I 95a	not_started	unknown
bib-pl-i-95b	Pl. I 95b	Pl. I 95b	not_started	unknown
bib-pl-i-96-97	Pl. I 96-97	Pl. I 96-97	not_started	unknown
bib-pl-i-98	Pl. I 98	Pl. I 98	not_started	unknown
bib-pl-i-99	Pl. I 99	Pl. I 99	not_started	unknown
bib-pl-i-9a	Pl. I 9a	Pl. I 9a	not_started	unknown
bib-pl-ii-110	Pl. II 110	Pl. II 110	not_started	unknown
bib-pl-ii-111	Pl. II 111	Pl. II 111	not_started	unknown
bib-pl-ii-112	Pl. II 112	Pl. II 112	not_started	unknown
bib-pl-ii-113	Pl. II 113	Pl. II 113	not_started	unknown
bib-pl-ii-114a	Pl. II 114a	Pl. II 114a	not_started	unknown
bib-pl-ii-114b	Pl. II 114b	Pl. II 114b	not_started	unknown
bib-pl-ii-115	Pl. II 115	Pl. II 115	not_started	unknown
bib-pl-ii-116	Pl. II 116	Pl. II 116	not_started	unknown
bib-pl-ii-117a	Pl. II 117a	Pl. II 117a	not_started	unknown
bib-pl-ii-117b	Pl. II 117b	Pl. II 117b	not_started	unknown
bib-pl-ii-118a	Pl. II 118a	Pl. II 118a	not_started	unknown
bib-pl-ii-119a	Pl. II 119a	Pl. II 119a	not_started	unknown
bib-pl-ii-119b	Pl. II 119b	Pl. II 119b	not_started	unknown
bib-pl-ii-120a-b	Pl. II 120a-b	Pl. II 120a-b	not_started	unknown
bib-pl-ii-121a	Pl. II 121a	Pl. II 121a	not_started	unknown
bib-pl-ii-122a	Pl. II 122a	Pl. II 122a	not_started	unknown
bib-pl-ii-122b	Pl. II 122b	Pl. II 122b	not_started	unknown
bib-pl-ii-123	Pl. II 123	Pl. II 123	not_started	unknown
bib-pl-ii-124a	Pl. II 124a	Pl. II 124a	not_started	unknown
bib-pl-ii-125a	Pl. II 125a	Pl. II 125a	not_started	unknown
bib-pl-ii-125b	Pl. II 125b	Pl. II 125b	not_started	unknown
bib-pl-ii-126b	Pl. II 126b	Pl. II 126b	not_started	unknown
bib-pl-ii-127a	Pl. II 127a	Pl. II 127a	not_started	unknown
bib-pl-ii-127b	Pl. II 127b	Pl. II 127b	not_started	unknown
bib-pl-ii-128a	Pl. II 128a	Pl. II 128a	not_started	unknown
bib-pl-ii-128b-c	Pl. II 128b+c	Pl. II 128b+c	not_started	unknown
bib-pl-ii-129	Pl. II 129	Pl. II 129	not_started	unknown
bib-pl-ii-130	Pl. II 130	Pl. II 130	not_started	unknown
bib-pl-ii-131a	Pl. II 131a	Pl. II 131a	not_started	unknown
bib-pl-ii-131b	Pl. II 131b	Pl. II 131b	not_started	unknown
bib-pl-ii-132a	Pl. II 132a	Pl. II 132a	not_started	unknown
bib-pl-ii-132b	Pl. II 132b	Pl. II 132b	not_started	unknown
bib-pl-ii-133	Pl. II 133	Pl. II 133	not_started	unknown
bib-pl-ii-134a	Pl. II 134a	Pl. II 134a	not_started	unknown
bib-pl-ii-136	Pl. II 136	Pl. II 136	not_started	unknown
bib-pl-ii-138	Pl. II 138	Pl. II 138	not_started	unknown
bib-pl-ii-139	Pl. II 139	Pl. II 139	not_started	unknown
bib-pl-ii-140a-b	Pl. II 140a+b	Pl. II 140a+b	not_started	unknown
bib-pl-ii-141a	Pl. II 141a	Pl. II 141a	not_started	unknown
bib-pl-ii-141b	Pl. II 141b	Pl. II 141b	not_started	unknown
bib-pl-ii-142	Pl. II 142	Pl. II 142	not_started	unknown
bib-pl-ii-143a-b	Pl. II 143a+b	Pl. II 143a+b	not_started	unknown
bib-pl-ii-145	Pl. II 145	Pl. II 145	not_started	unknown
bib-pl-ii-146	Pl. II 146	Pl. II 146	not_started	unknown
bib-pl-ii-147a-b	Pl. II 147a+b	Pl. II 147a+b	not_started	unknown
bib-pl-ii-148a	Pl. II 148a	Pl. II 148a	not_started	unknown
bib-pl-ii-148b	Pl. II 148b	Pl. II 148b	not_started	unknown
bib-pl-ii-149	Pl. II 149	Pl. II 149	not_started	unknown
bib-pl-ii-156	Pl. II 156	Pl. II 156	not_started	unknown
bib-pl-ii-157	Pl. II 157	Pl. II 157	not_started	unknown
bib-pl-ii-158-159	Pl. II 158-159	Pl. II 158-159	not_started	unknown
bib-pl-ii-160a	Pl. II 160a	Pl. II 160a	not_started	unknown
bib-pl-ii-160b	Pl. II 160b	Pl. II 160b	not_started	unknown
bib-pl-ii-162-163	Pl. II 162-163	Pl. II 162-163	not_started	unknown
bib-pl-ii-177a	Pl. II 177a	Pl. II 177a	not_started	unknown
bib-pl-ii-178	Pl. II 178	Pl. II 178	not_started	unknown
bib-pl-ii-182a	Pl. II 182a	Pl. II 182a	not_started	unknown
bib-pl-ii-183a	Pl. II 183a	Pl. II 183a	not_started	unknown
bib-pl-ii-184	Pl. II 184	Pl. II 184	not_started	unknown
bib-pl-ii-185	Pl. II 185	Pl. II 185	not_started	unknown
bib-pl-ii-187	Pl. II 187	Pl. II 187	not_started	unknown
bib-pl-ii-188	Pl. II 188	Pl. II 188	not_started	unknown
bib-pl-ii-190a	Pl. II 190a	Pl. II 190a	not_started	unknown
bib-pl-ii-191a	Pl. II 191a	Pl. II 191a	not_started	unknown
bib-pl-ii-195a	Pl. II 195a	Pl. II 195a	not_started	unknown
bib-pl-ii-195b	Pl. II 195b	Pl. II 195b	not_started	unknown
bib-pl-ii-198	Pl. II 198	Pl. II 198	not_started	unknown
bib-pl-ii-200-pl-ii-201a	Pl. II 200 + Pl. II 201a	Pl. II 200 + Pl. II 201a	not_started	unknown
bib-pl-ii-201b	Pl. II 201b	Pl. II 201b	not_started	unknown
bib-pl-ii-202	Pl. II 202	Pl. II 202	not_started	unknown
bib-pl-ii-203	Pl. II 203	Pl. II 203	not_started	unknown
bib-pl-ii-204a-b	Pl. II 204a+b	Pl. II 204a+b	not_started	unknown
bib-pl-ii-205-206	Pl. II 205-206	Pl. II 205-206	not_started	unknown
bib-pl-ii-210a	Pl. II 210a	Pl. II 210a	not_started	unknown
bib-pl-ii-211-l-1-28	Pl. II 211 (l. 1-28)	Pl. II 211 (l. 1-28)	not_started	unknown
bib-pl-ii-217-and-pl-ii-218a	Pl. II 217 and Pl. II 218a	Pl. II 217 and Pl. II 218a	not_started	unknown
bib-pl-ii-218b	Pl. II 218b	Pl. II 218b	not_started	unknown
bib-pl-ii-219-a-b	Pl. II 219 a+b	Pl. II 219 a+b	not_started	unknown
bib-pl-ii-222a-b	Pl. II 222a+b	Pl. II 222a+b	not_started	unknown
bib-pl-ii-225	Pl. II 225	Pl. II 225	not_started	unknown
bib-pl-ii-228b	Pl. II 228b	Pl. II 228b	not_started	unknown
bib-pl-iii-229	Pl. III 229	Pl. III 229	not_started	unknown
bib-pl-iii-230	Pl. III 230	Pl. III 230	not_started	unknown
bib-pl-iii-231a	Pl. III 231a	Pl. III 231a	not_started	unknown
bib-pl-iii-231b	Pl. III 231b	Pl. III 231b	not_started	unknown
bib-pl-iii-232	Pl. III 232	Pl. III 232	not_started	unknown
bib-pl-iii-232b	Pl. III 232b	Pl. III 232b	not_started	unknown
bib-pl-iii-233	Pl. III 233	Pl. III 233	not_started	unknown
bib-pl-iii-235	Pl. III 235	Pl. III 235	not_started	unknown
bib-pl-iii-236b	Pl. III 236b	Pl. III 236b	not_started	unknown
bib-pl-iii-237	Pl. III 237	Pl. III 237	not_started	unknown
bib-pl-iii-238	Pl. III 238	Pl. III 238	not_started	unknown
bib-pl-iii-239	Pl. III 239	Pl. III 239	not_started	unknown
bib-pl-iii-241	Pl. III 241	Pl. III 241	not_started	unknown
bib-pl-iii-242	Pl. III 242	Pl. III 242	not_started	unknown
bib-pl-iii-245a	Pl. III 245a	Pl. III 245a	not_started	unknown
bib-pl-iii-246	Pl. III 246	Pl. III 246	not_started	unknown
bib-pl-iii-256	Pl. III 256	Pl. III 256	not_started	unknown
bib-pl-iii-270	Pl. III 270	Pl. III 270	not_started	unknown
bib-pl-iii-302	Pl. III 302	Pl. III 302	not_started	unknown
bib-pl-iii-303	Pl. III 303	Pl. III 303	not_started	unknown
bib-pl-iii-304-305	Pl. III 304-305	Pl. III 304-305	not_started	unknown
bib-pl-iii-308-310	Pl. III 308-310	Pl. III 308-310	not_started	unknown
bib-pl-iii-312a-b	Pl. III 312a+b	Pl. III 312a+b	not_started	unknown
bib-pl-iii-314a	Pl. III 314a	Pl. III 314a	not_started	unknown
bib-pl-iii-314b-c	Pl. III 314b+c	Pl. III 314b+c	not_started	unknown
bib-pl-iii-318a-b	Pl. III 318a+b	Pl. III 318a+b	not_started	unknown
bib-pl-iii-319a-c	Pl. III 319a-c	Pl. III 319a-c	not_started	unknown
bib-pl-iii-321	Pl. III 321	Pl. III 321	not_started	unknown
bib-pl-iii-322	Pl. III 322	Pl. III 322	not_started	unknown
bib-pl-iii-323a	Pl. III 323a	Pl. III 323a	not_started	unknown
bib-pl-iii-324a	Pl. III 324a	Pl. III 324a	not_started	unknown
bib-pl-iii-325	Pl. III 325	Pl. III 325	not_started	unknown
bib-pl-iii-330	Pl. III 330	Pl. III 330	not_started	unknown
bib-pl-iii-331a	Pl. III 331a	Pl. III 331a	not_started	unknown
bib-pl-iii-333	Pl. III 333	Pl. III 333	not_started	unknown
bib-pl-iii-339a-b	Pl. III 339a+b	Pl. III 339a+b	not_started	unknown
bib-pl-iv-364a-b	Pl. IV 364a+b	Pl. IV 364a+b	not_started	unknown
bib-pl-iv-365a	Pl. IV 365a	Pl. IV 365a	not_started	unknown
bib-pl-iv-365b	Pl. IV 365b	Pl. IV 365b	not_started	unknown
bib-pl-iv-365c	Pl. IV 365c	Pl. IV 365c	not_started	unknown
bib-pl-iv-370	Pl. IV 370	Pl. IV 370	not_started	unknown
bib-pl-iv-371a	Pl. IV 371a	Pl. IV 371a	not_started	unknown
bib-pl-iv-373a	Pl. IV 373a	Pl. IV 373a	not_started	unknown
bib-pl-iv-373b	Pl. IV 373b	Pl. IV 373b	not_started	unknown
bib-pl-iv-373c	Pl. IV 373c	Pl. IV 373c	not_started	unknown
bib-pl-iv-373d	Pl. IV 373d	Pl. IV 373d	not_started	unknown
bib-pl-iv-375-376	Pl. IV 375 + 376	Pl. IV 375 + 376	not_started	unknown
bib-pl-iv-377a	Pl. IV 377a	Pl. IV 377a	not_started	unknown
bib-pl-iv-377b	Pl. IV 377b	Pl. IV 377b	not_started	unknown
bib-pl-iv-378a	Pl. IV 378a	Pl. IV 378a	not_started	unknown
bib-pl-iv-378b	Pl. IV 378b	Pl. IV 378b	not_started	unknown
bib-pl-iv-380	Pl. IV 380	Pl. IV 380	not_started	unknown
bib-pl-iv-382	Pl. IV 382	Pl. IV 382	not_started	unknown
bib-pl-iv-384	Pl. IV 384	Pl. IV 384	not_started	unknown
bib-pl-iv-386-and-pl-iv-387	Pl. IV 386 and Pl. IV 387	Pl. IV 386 and Pl. IV 387	not_started	unknown
bib-pl-iv-399a	Pl. IV 399a	Pl. IV 399a	not_started	unknown
bib-pl-iv-399c	Pl. IV 399c	Pl. IV 399c	not_started	unknown
bib-pl-iv-402	Pl. IV 402	Pl. IV 402	not_started	unknown
bib-pl-iv-411	Pl. IV 411	Pl. IV 411	not_started	unknown
bib-pl-iv-465a-l-1-14	Pl. IV 465a (l. 1-14)	Pl. IV 465a (l. 1-14)	not_started	unknown
bib-pl-iv-479-l-1-20	Pl. IV 479 (l. 1-20)	Pl. IV 479 (l. 1-20)	not_started	unknown
bib-pl-v-463	Pl. V 463	Pl. V 463	not_started	unknown
bib-pl-v-464a	Pl. V 464a	Pl. V 464a	not_started	unknown
bib-pl-v-479-l-21-30	Pl. V 479 (l. 21-30)	Pl. V 479 (l. 21-30)	not_started	unknown
bib-pl-v-480a	Pl. V 480a	Pl. V 480a	not_started	unknown
bib-pl-v-481a	Pl. V 481a	Pl. V 481a	not_started	unknown
bib-pl-v-509	Pl. V 509	Pl. V 509	not_started	unknown
bib-pl-v-543a	Pl. V 543a	Pl. V 543a	not_started	unknown
bib-pl-v-565a	Pl. V 565a	Pl. V 565a	not_started	unknown
bib-pl-v-571b	Pl. V 571b	Pl. V 571b	not_started	unknown
bib-pl-v-573a	Pl. V 573a	Pl. V 573a	not_started	unknown
bib-pl-v-574a	Pl. V 574a	Pl. V 574a	not_started	unknown
bib-pl-v-574b	Pl. V 574b	Pl. V 574b	not_started	unknown
bib-pl-v-593a	Pl. V 593a	Pl. V 593a	not_started	unknown
bib-pl-v-597a-b	Pl. V 597a-b	Pl. V 597a-b	not_started	unknown
bib-ppa-p-105	PPA, p. 105	PPA, p. 105	not_started	unknown
bib-ppa-p-109	PPA, p. 109	PPA, p. 109	not_started	unknown
bib-ppa-p-112	PPA, p. 112	PPA, p. 112	not_started	unknown
bib-ppa-p-114	PPA, p. 114	PPA, p. 114	not_started	unknown
bib-ppa-p-117	PPA, p. 117	PPA, p. 117	not_started	unknown
bib-ppa-p-119	PPA, p. 119	PPA, p. 119	not_started	unknown
bib-ppa-p-12	PPA, p. 12	PPA, p. 12	not_started	unknown
bib-ppa-p-139	PPA, p. 139	PPA, p. 139	not_started	unknown
bib-ppa-p-141-2	PPA, p. 141-2	PPA, p. 141-2	not_started	unknown
bib-ppa-p-145	PPA, p. 145	PPA, p. 145	not_started	unknown
bib-ppa-p-147	PPA, p. 147	PPA, p. 147	not_started	unknown
bib-ppa-p-149	PPA, p. 149	PPA, p. 149	not_started	unknown
bib-ppa-p-150	PPA, p. 150	PPA, p. 150	not_started	unknown
bib-ppa-p-151	PPA, p. 151	PPA, p. 151	not_started	unknown
bib-ppa-p-155	PPA, p. 155	PPA, p. 155	not_started	unknown
bib-ppa-p-159	PPA, p. 159	PPA, p. 159	not_started	unknown
bib-ppa-p-165	PPA, p. 165	PPA, p. 165	not_started	unknown
bib-ppa-p-166	PPA, p. 166	PPA, p. 166	not_started	unknown
bib-ppa-p-167	PPA, p. 167	PPA, p. 167	not_started	unknown
bib-ppa-p-168	PPA, p. 168	PPA, p. 168	not_started	unknown
bib-ppa-p-169	PPA, p. 169	PPA, p. 169	not_started	unknown
bib-ppa-p-17	PPA, p. 17	PPA, p. 17	not_started	unknown
bib-ppa-p-170	PPA, p. 170	PPA, p. 170	not_started	unknown
bib-ppa-p-172	PPA, p. 172	PPA, p. 172	not_started	unknown
bib-ppa-p-174	PPA, p. 174	PPA, p. 174	not_started	unknown
bib-ppa-p-176	PPA, p. 176	PPA, p. 176	not_started	unknown
bib-ppa-p-177	PPA, p. 177	PPA, p. 177	not_started	unknown
bib-ppa-p-179	PPA, p. 179	PPA, p. 179	not_started	unknown
bib-ppa-p-181	PPA, p. 181	PPA, p. 181	not_started	unknown
bib-ppa-p-183	PPA, p. 183	PPA, p. 183	not_started	unknown
bib-ppa-p-184	PPA, p. 184	PPA, p. 184	not_started	unknown
bib-ppa-p-186	PPA, p. 186	PPA, p. 186	not_started	unknown
bib-ppa-p-190	PPA, p. 190	PPA, p. 190	not_started	unknown
bib-ppa-p-191	PPA, p. 191	PPA, p. 191	not_started	unknown
bib-ppa-p-192	PPA, p. 192	PPA, p. 192	not_started	unknown
bib-ppa-p-201	PPA, p. 201	PPA, p. 201	not_started	unknown
bib-ppa-p-212	PPA, p. 212	PPA, p. 212	not_started	unknown
bib-ppa-p-213	PPA, p. 213	PPA, p. 213	not_started	unknown
bib-ppa-p-216	PPA, p. 216	PPA, p. 216	not_started	unknown
bib-ppa-p-217	PPA, p. 217	PPA, p. 217	not_started	unknown
bib-ppa-p-219	PPA, p. 219	PPA, p. 219	not_started	unknown
bib-ppa-p-221-partly-transl-u-pe-maung-tin-jbrs-25-1935-p-159	PPA, p. 221 (partly transl. U Pe Maung Tin, JBRS 25, 1935, p. 159)	PPA, p. 221 (partly transl. U Pe Maung Tin, JBRS 25, 1935, p. 159)	not_started	unknown
bib-ppa-p-224	PPA, p. 224	PPA, p. 224	not_started	unknown
bib-ppa-p-227	PPA, p. 227	PPA, p. 227	not_started	unknown
bib-ppa-p-231	PPA, p. 231	PPA, p. 231	not_started	unknown
bib-ppa-p-234	PPA, p. 234	PPA, p. 234	not_started	unknown
bib-ppa-p-235	PPA, p. 235	PPA, p. 235	not_started	unknown
bib-ppa-p-237	PPA, p. 237	PPA, p. 237	not_started	unknown
bib-ppa-p-239	PPA p. 239	PPA p. 239	not_started	unknown
bib-ppa-p-240	PPA, p. 240	PPA, p. 240	not_started	unknown
bib-ppa-p-242	PPA, p. 242	PPA, p. 242	not_started	unknown
bib-ppa-p-243	PPA, p. 243	PPA, p. 243	not_started	unknown
bib-ppa-p-255	PPA p. 255	PPA p. 255	not_started	unknown
bib-ppa-p-274	PPA, p. 274	PPA, p. 274	not_started	unknown
bib-ppa-p-286-this-ref-in-list-is-incorrect	PPA, p. 286 (this ref. in List is incorrect !)	PPA, p. 286 (this ref. in List is incorrect !)	not_started	unknown
bib-ppa-p-295	PPA, p. 295	PPA, p. 295	not_started	unknown
bib-ppa-p-310	PPA, p. 310	PPA, p. 310	not_started	unknown
bib-ppa-p-313	PPA, p. 313	PPA, p. 313	not_started	unknown
bib-ppa-p-320	PPA, p. 320	PPA, p. 320	not_started	unknown
bib-ppa-p-55	PPA, p. 55	PPA, p. 55	not_started	unknown
bib-ppa-p-57	PPA, p. 57	PPA, p. 57	not_started	unknown
bib-ppa-p-59	PPA, p. 59	PPA, p. 59	not_started	unknown
bib-ppa-p-61	PPA, p. 61	PPA, p. 61	not_started	unknown
bib-ppa-p-98	PPA, p. 98	PPA, p. 98	not_started	unknown
bib-ppa-p-99	PPA, p. 99	PPA, p. 99	not_started	unknown
bib-ray-theravada-buddhism-p-106	Ray, Theravada Buddhism, p. 106	Ray, Theravada Buddhism, p. 106	not_started	unknown
bib-ray-theravada-buddhism-p-108	Ray, Theravada Buddhism, p. 108	Ray, Theravada Buddhism, p. 108	not_started	unknown
bib-ray-theravada-buddhism-p-164-frasch-king-nadaungmya-s-great-	Ray, Theravada Buddhism, p. 164, Frasch, ‘King Nadaungmya's Great Gift’, p. xx	Ray, Theravada Buddhism, p. 164, Frasch, ‘King Nadaungmya's Great Gift’, p. xx	not_started	unknown
bib-ray-theravada-buddhism-p-165	Ray, Theravada Buddhism, p. 165	Ray, Theravada Buddhism, p. 165	not_started	unknown
bib-rdasb-1905-n-22	RDASB 1905 n°22,	RDASB 1905 n°22,	not_started	unknown
bib-rdasb-1915	RDASB 1915	RDASB 1915	not_started	unknown
bib-rdasb-1915-bed-b-594-2	RDASB 1915 BED B 594-2	RDASB 1915 BED B 594-2	not_started	unknown
bib-rdasb-1918-19-bed-b-622-6	RDASB 1918-19 BED B 622-6	RDASB 1918-19 BED B 622-6	not_started	unknown
bib-rdasb-1925-26	RDASB 1925-26	RDASB 1925-26	not_started	unknown
bib-rdasb-1926-app-g-no-20-under-date-cs-583-1121	RDASB 1926, App. G, no. 20 (under date CS 583/1121)	RDASB 1926, App. G, no. 20 (under date CS 583/1121)	not_started	unknown
bib-rdasb-1926-p-26-and-app-g	RDASB 1926, p. 26 and App. G	RDASB 1926, p. 26 and App. G	not_started	unknown
bib-rdasb-1926-p-26-and-app-g-no-1	RDASB 1926, p. 26, and app. G, no. 1	RDASB 1926, p. 26, and app. G, no. 1	not_started	unknown
bib-rdasb-1926-p-26-and-app-g-no-12	RDASB 1926, p. 26 and App. G, no. 12	RDASB 1926, p. 26 and App. G, no. 12	not_started	unknown
bib-rdasb-1937-38	RDASB 1937-38	RDASB 1937-38	not_started	unknown
bib-rdasb-1937-38-bed-b-556-1	RDASB 1937-38 BED B 556-1	RDASB 1937-38 BED B 556-1	not_started	unknown
bib-rdasb-1937-38-bed-b-574-3	RDASB 1937-38 BED B 574-3	RDASB 1937-38 BED B 574-3	not_started	unknown
bib-rdasb-1938	RDASB 1938	RDASB 1938	not_started	unknown
bib-rdasb-1938-39	RDASB 1938-39	RDASB 1938-39	not_started	unknown
bib-rdasb-1939	RDASB 1939	RDASB 1939	not_started	unknown
bib-rdasb-1947	RDASB 1947	RDASB 1947	not_started	unknown
bib-rdasb-1953-54	RDASB 1953-54,	RDASB 1953-54,	not_started	unknown
bib-rdasb-1953-54-bed-b-598-6b	RDASB 1953-54 BED B 598-6b	RDASB 1953-54 BED B 598-6b	not_started	unknown
bib-rdasb-1954	RDASB 1954	RDASB 1954	not_started	unknown
bib-rdasb-1954-1955-bed-b-503-1	RDASB 1954-1955 BED B 503-1	RDASB 1954-1955 BED B 503-1	not_started	unknown
bib-rdasb-1954-55-bed-b-581-3	RDASB 1954-55 BED B 581-3	RDASB 1954-55 BED B 581-3	not_started	unknown
bib-rdasb-1954-55-bed-b-583-2	RDASB 1954-55 BED B 583-2	RDASB 1954-55 BED B 583-2	not_started	unknown
bib-rdasb-1955	RDASB 1955	RDASB 1955	not_started	unknown
bib-rdasb-1955-56	RDASB 1955-56	RDASB 1955-56	not_started	unknown
bib-rdasb-1955-56-bed-b-474-2	RDASB 1955-56 BED B 474-2	RDASB 1955-56 BED B 474-2	not_started	unknown
bib-rdasb-1956-60	RDASB 1956-60	RDASB 1956-60	not_started	unknown
bib-rdasb-1957-58-bed-b-521-1	RDASB 1957-58 BED B 521-1	RDASB 1957-58 BED B 521-1	not_started	unknown
bib-rdasb-1957-58-bed-b-600-7	RDASB 1957-58 BED B 600-7	RDASB 1957-58 BED B 600-7	not_started	unknown
bib-rdasb-1958-59	RDASB 1958-59	RDASB 1958-59 | RDASB 1958-59,	not_started	unknown
bib-rdasb-1958-59-bed-b-533-1	RDASB 1958-59 BED B 533-1	RDASB 1958-59 BED B 533-1	not_started	unknown
bib-rdasb-1958-59-bed-b-622-6	RDASB 1958-59 BED B 622-6	RDASB 1958-59 BED B 622-6	not_started	unknown
bib-rdasb-1959-60	RDASB 1959-60	RDASB 1959-60	not_started	unknown
bib-rdasb-196-64	RDASB 196-64	RDASB 196-64	not_started	unknown
bib-rdasb-1960-61	RDASB 1960-61	RDASB 1960-61	not_started	unknown
bib-rdasb-1960-61-bed-a	RDASB 1960-61 BED A	RDASB 1960-61 BED A	not_started	unknown
bib-rdasb-1960-61-bed-b-564-2	RDASB 1960-61 BED B 564-2	RDASB 1960-61 BED B 564-2	not_started	unknown
bib-rdasb-1960-61-bed-b-579-3	RDASB 1960-61 BED B 579-3	RDASB 1960-61 BED B 579-3	not_started	unknown
bib-rdasb-1960-61-bed-b-588-2	RDASB 1960-61 BED B 588-2	RDASB 1960-61 BED B 588-2	not_started	unknown
bib-rdasb-1960-61-bed-b-623-1	RDASB 1960-61 BED B 623-1	RDASB 1960-61 BED B 623-1	not_started	unknown
bib-rdasb-1961	RDASB 1961	RDASB 1961	not_started	unknown
bib-rdasb-1961-62	RDASB 1961-62	RDASB 1961-62	not_started	unknown
bib-rdasb-1961-62-bed-b-530-1	RDASB 1961-62 BED B 530-1	RDASB 1961-62 BED B 530-1	not_started	unknown
bib-rdasb-1961-62-bed-b-600-7	RDASB 1961-62 BED B 600-7	RDASB 1961-62 BED B 600-7	not_started	unknown
bib-rdasb-1961-62-bed-b-608-2	RDASB 1961-62 BED B 608-2	RDASB 1961-62 BED B 608-2	not_started	unknown
bib-rdasb-1961-64	RDASB 1961-64	RDASB 1961-64	not_started	unknown
bib-rdasb-1961-p-13	RDASB 1961, p. 13	RDASB 1961, p. 13	not_started	unknown
bib-rdasb-1961-p-145	RDASB 1961, p. 145	RDASB 1961, p. 145	not_started	unknown
bib-rdasb-1961-p-15	RDASB 1961, p. 15	RDASB 1961, p. 15	not_started	unknown
bib-rdasb-1962-1961	RDASB 1962 (?1961)	RDASB 1962 (?1961)	not_started	unknown
bib-rdasb-1962-63	RDASB 1962-63	RDASB 1962-63	not_started	unknown
bib-rdasb-1962-63-bed-b-513-4	RDASB 1962-63 BED B 513-4	RDASB 1962-63 BED B 513-4	not_started	unknown
bib-rdasb-1962-63-bed-b-529-1	RDASB 1962-63 BED B 529-1	RDASB 1962-63 BED B 529-1	not_started	unknown
bib-rdasb-1962-63-bed-b-547-1	RDASB 1962-63 BED B 547-1	RDASB 1962-63 BED B 547-1	not_started	unknown
bib-rdasb-1962-63-bed-b-567-2	RDASB 1962-63 BED B 567-2	RDASB 1962-63 BED B 567-2	not_started	unknown
bib-rdasb-1962-63-bed-b-582-5	RDASB 1962-63 BED B 582-5	RDASB 1962-63 BED B 582-5	not_started	unknown
bib-rdasb-1962-63-bed-b-600-7	RDASB 1962-63 BED B 600-7	RDASB 1962-63 BED B 600-7	not_started	unknown
bib-rdasb-1962-63-bed-b-602-5	RDASB 1962-63 BED B 602-5	RDASB 1962-63 BED B 602-5	not_started	unknown
bib-rdasb-1962-63-bed-b-622-4	RDASB 1962-63 BED B 622-4	RDASB 1962-63 BED B 622-4	not_started	unknown
bib-rdasb-1962-p-19	RDASB 1962, p. 19	RDASB 1962, p. 19	not_started	unknown
bib-rdasb-1963-64	RDASB 1963-64	RDASB 1963-64	not_started	unknown
bib-rdasb-1963-64-bed-b-568-7	RDASB 1963-64 BED B 568-7	RDASB 1963-64 BED B 568-7	not_started	unknown
bib-rdasb-1963-64-bed-b-579-4	RDASB 1963-64 BED B 579-4	RDASB 1963-64 BED B 579-4	not_started	unknown
bib-rdasb-1963-64-bed-b-597-4	RDASB 1963-64 BED B 597-4	RDASB 1963-64 BED B 597-4	not_started	unknown
bib-rdasb-1963-no-6-p-25	RDASB 1963, no. 6, p. 25	RDASB 1963, no. 6, p. 25	not_started	unknown
bib-rdasb-1963-p-27-8	RDASB 1963, p. 27-8	RDASB 1963, p. 27-8	not_started	unknown
bib-rdasb-1963-p-27-no-16	RDASB 1963, p. 27, no. 16	RDASB 1963, p. 27, no. 16	not_started	unknown
bib-rdasb-1963-p-28	RDASB 1963, p. 28	RDASB 1963, p. 28	not_started	unknown
bib-rdasb-1963-p-29	RDASB 1963, p. 29	RDASB 1963, p. 29	not_started	unknown
bib-rdasb-1963-p-31-no-47	RDASB 1963, p. 31, no. 47	RDASB 1963, p. 31, no. 47	not_started	unknown
bib-rdasb-1964	RDASB 1964	RDASB 1964	not_started	unknown
bib-rdasb-1964-65	RDASB 1964-65	RDASB 1964-65	not_started	unknown
bib-rdasb-1964-65-bed-b-583-1	RDASB 1964-65 BED B 583-1	RDASB 1964-65 BED B 583-1	not_started	unknown
bib-rdasb-1964-65-bed-b-588-4	RDASB 1964-65 BED B 588-4	RDASB 1964-65 BED B 588-4	not_started	unknown
bib-rdasb-1964-65-bed-b-590-2	RDASB 1964-65 BED B 590-2	RDASB 1964-65 BED B 590-2	not_started	unknown
bib-rdasb-1964-p-20-no-3	RDASB 1964, p. 20, no. 3	RDASB 1964, p. 20, no. 3	not_started	unknown
bib-rdasb-1964-p-21-no-20	RDASB 1964, p. 21, no. 20	RDASB 1964, p. 21, no. 20	not_started	unknown
bib-rdasb-1964-p-22-no-26	RDASB 1964, p. 22 (no. 26)	RDASB 1964, p. 22 (no. 26)	not_started	unknown
bib-rdasb-1965-66-bed-b-552-2-b-594-3	RDASB 1965-66 BED B 552-2 & B 594-3	RDASB 1965-66 BED B 552-2 & B 594-3	not_started	unknown
bib-rdasb-1965-66-bed-b-583-1	RDASB 1965-66 BED B 583-1	RDASB 1965-66 BED B 583-1	not_started	unknown
bib-rdasb-1965-66-bed-b-600-7	RDASB 1965-66 BED B 600-7	RDASB 1965-66 BED B 600-7	not_started	unknown
bib-rdasb-1965-66-bed-b-602-4	RDASB 1965-66 BED B 602-4	RDASB 1965-66 BED B 602-4	not_started	unknown
bib-rdasb-1965-66-bed-b-608-3	RDASB 1965-66 BED B 608-3	RDASB 1965-66 BED B 608-3	not_started	unknown
bib-rdasb-1965-p-34	RDASB 1965, p. 34	RDASB 1965, p. 34	not_started	unknown
bib-rdasb-1965-p-34-no-2	RDASB 1965, p. 34, no. 2	RDASB 1965, p. 34, no. 2	not_started	unknown
bib-rdasb-1966	RDASB 1966	RDASB 1966	not_started	unknown
bib-rdasb-1966-67-bed-b-588-3	RDASB 1966-67 BED B 588-3	RDASB 1966-67 BED B 588-3	not_started	unknown
bib-rdasb-1966-p	RDASB 1966, p.	RDASB 1966, p.	not_started	unknown
bib-rdasb-1966-p-31-no-7	RDASB 1966, p. 31 (no. 7)	RDASB 1966, p. 31 (no. 7)	not_started	unknown
bib-rdasb-1967	RDASB 1967	RDASB 1967	not_started	unknown
bib-rdasb-1968-69	RDASB 1968-69	RDASB 1968-69	not_started	unknown
bib-rdasb-1969	RDASB 1969	RDASB 1969	not_started	unknown
bib-rdasb-1969-70	RDASB 1969-70	RDASB 1969-70	not_started	unknown
bib-rdasb-1970-71	RDASB 1970-71	RDASB 1970-71	not_started	unknown
bib-rdasb-1970-71-bed-b-600-7	RDASB 1970-71 BED B 600-7	RDASB 1970-71 BED B 600-7	not_started	unknown
bib-rdasb-1971	RDASB 1971	RDASB 1971	not_started	unknown
bib-rdasb-1971-72	RDASB 1971-72	RDASB 1971-72	not_started	unknown
bib-rdasb-1971-72-bed-b-602-5	RDASB 1971-72 BED B 602-5	RDASB 1971-72 BED B 602-5	not_started	unknown
bib-rdasb-1972-1973-bed-b-630-5	RDASB 1972-1973 BED B 630-5	RDASB 1972-1973 BED B 630-5	not_started	unknown
bib-rdasb-1973	RDASB 1973	RDASB 1973	not_started	unknown
bib-rdasb-1973-74-bed-b-600-7	RDASB 1973-74 BED B 600-7	RDASB 1973-74 BED B 600-7	not_started	unknown
bib-rdasb-1974-75-bed-b-602-4	RDASB 1974-75 BED B 602-4	RDASB 1974-75 BED B 602-4	not_started	unknown
bib-rdasb-1974-75-bed-b-602-5	RDASB 1974-75 BED B 602-5	RDASB 1974-75 BED B 602-5	not_started	unknown
bib-rdasb-1977-78	RDASB 1977-78	RDASB 1977-78	not_started	unknown
bib-rdasb-62-63	RDASB 62-63	RDASB 62-63	not_started	unknown
bib-ref-pl-i-73	Ref.: Pl. I 73	Ref.: Pl. I 73	not_started	unknown
bib-reference	. .	. .	not_started	unknown
bib-rsasb-1912-p-34	RSASB 1912, p. 34	RSASB 1912, p. 34	not_started	unknown
bib-rsasb-1915-p-57	RSASB 1915, p. 57	RSASB 1915, p. 57	not_started	unknown
bib-rsasb-1926-p-26	RSASB 1926, p. 26	RSASB 1926, p. 26	not_started	unknown
bib-rsasb-926-p-26-and-app-g-no-13	RSASB 926, p. 26 and App. G, no. 13	RSASB 926, p. 26 and App. G, no. 13	not_started	unknown
bib-similar-but-incomplete-version-pl-ii-144	similar but incomplete version Pl. II 144	similar but incomplete version Pl. II 144	not_started	unknown
bib-sip-no-11-p-19	SIP no. 11, p. 19	SIP no. 11, p. 19	not_started	unknown
bib-sip-no-12-p-21	SIP no. 12, p. 21	SIP no. 12, p. 21	not_started	unknown
bib-sip-no-14-p-25	SIP no. 14, p. 25	SIP no. 14, p. 25	not_started	unknown
bib-sip-no-15-p-26	SIP no. 15, p. 26	SIP no. 15, p. 26	not_started	unknown
bib-sip-no-16-p-29	SIP no. 16, p. 29	SIP no. 16, p. 29	not_started	unknown
bib-sip-no-17-p-13	SIP no. 17, p. 13	SIP no. 17, p. 13	not_started	unknown
bib-sip-no-17-p-30	SIP no. 17, p. 30	SIP no. 17, p. 30	not_started	unknown
bib-sip-no-19-p-35	SIP no. 19, p. 35	SIP no. 19, p. 35	not_started	unknown
bib-sip-no-20-p-39	SIP no. 20, p. 39	SIP no. 20, p. 39	not_started	unknown
bib-sip-no-22-p-45	SIP no. 22, p. 45	SIP no. 22, p. 45	not_started	unknown
bib-sip-no-24-p-49	SIP no. 24, p. 49	SIP no. 24, p. 49	not_started	unknown
bib-sip-no-25-p-52	SIP no. 25, p. 52	SIP no. 25, p. 52	not_started	unknown
bib-sip-no-26-p-55	SIP no. 26, p. 55	SIP no. 26, p. 55	not_started	unknown
bib-sip-no-27-p-59	SIP no. 27, p. 59	SIP no. 27, p. 59	not_started	unknown
bib-sip-no-28-p-63	SIP no. 28, p. 63	SIP no. 28, p. 63	not_started	unknown
bib-sip-no-29-p-66	SIP no. 29, p. 66	SIP no. 29, p. 66	not_started	unknown
bib-sip-no-3-p-3	SIP no. 3, p. 3	SIP no. 3, p. 3	not_started	unknown
bib-sip-no-30-p-70	SIP no. 30, p. 70	SIP no. 30, p. 70	not_started	unknown
bib-sip-no-31-p-72	SIP no. 31, p. 72	SIP no. 31, p. 72	not_started	unknown
bib-sip-no-34-p-83	SIP no. 34, p. 83	SIP no. 34, p. 83	not_started	unknown
bib-sip-no-37-p-89	SIP no. 37, p. 89	SIP no. 37, p. 89	not_started	unknown
bib-sip-no-39-p-95	SIP no. 39, p. 95	SIP no. 39, p. 95	not_started	unknown
bib-sip-no-4-p-4	SIP no. 4, p. 4	SIP no. 4, p. 4	not_started	unknown
bib-sip-no-40-p-101	SIP no. 40, p. 101	SIP no. 40, p. 101	not_started	unknown
bib-sip-no-42-p-110	SIP no. 42, p. 110	SIP no. 42, p. 110	not_started	unknown
bib-sip-no-8-p-13	SIP no. 8, p. 13	SIP no. 8, p. 13	not_started	unknown
bib-sip-no-9-p-16	SIP no. 9, p. 16	SIP no. 9, p. 16	not_started	unknown
bib-strachan-pagan-p-127-8	Strachan, Pagan, p. 127-8	Strachan, Pagan, p. 127-8	not_started	unknown
bib-than-tun-hnaung-dwe-no-8-p-18	Than Tun, Hnaung-dwe, no. 8, p. 18	Than Tun, Hnaung-dwe, no. 8, p. 18	not_started	unknown
bib-the-myazedi-inscription-in-four-languages-ed-by-the-cultural	The Myazedi Inscription in Four Languages, ed. by the Cultural Institute, Rangoo	The Myazedi Inscription in Four Languages, ed. by the Cultural Institute, Rangoon 1960, Harvey, History of Myanmar, p. 43-44	not_started	unknown
bib-tn	TN	TN	not_started	unknown
bib-tn-p	TN, p.	TN, p.	not_started	unknown
bib-tn-p-100	TN, p. 100	TN, p. 100	not_started	unknown
bib-tn-p-100-106	TN, p. 100-106	TN, p. 100-106	not_started	unknown
bib-tn-p-101	TN, p. 101	TN, p. 101	not_started	unknown
bib-tn-p-103	TN, p. 103	TN, p. 103	not_started	unknown
bib-tn-p-106	TN, p. 106	TN, p. 106	not_started	unknown
bib-tn-p-107	TN, p. 107	TN, p. 107	not_started	unknown
bib-tn-p-108	TN, p. 108	TN, p. 108	not_started	unknown
bib-tn-p-109	TN, p. 109	TN, p. 109	not_started	unknown
bib-tn-p-109-u-min-hswe-no-53	TN, p. 109, U Min Hswe, no. 53	TN, p. 109, U Min Hswe, no. 53	not_started	unknown
bib-tn-p-111	TN, p. 111	TN, p. 111	not_started	unknown
bib-tn-p-116	TN, p. 116	TN, p. 116	not_started	unknown
bib-tn-p-126	TN, p. 126	TN, p. 126	not_started	unknown
bib-tn-p-136	TN, p. 136	TN, p. 136	not_started	unknown
bib-tn-p-143	TN, p. 143	TN, p. 143	not_started	unknown
bib-tn-p-144	TN, p. 144	TN, p. 144	not_started	unknown
bib-tn-p-26	TN, p. 26	TN, p. 26	not_started	unknown
bib-tn-p-27	TN, p. 27	TN, p. 27	not_started	unknown
bib-tn-p-28	TN, p. 28	TN, p. 28	not_started	unknown
bib-tn-p-29	TN, p. 29	TN, p. 29	not_started	unknown
bib-tn-p-3	TN, p. 3	TN, p. 3	not_started	unknown
bib-tn-p-51	TN, p. 51	TN, p. 51	not_started	unknown
bib-tn-p-52	TN, p. 52	TN, p. 52	not_started	unknown
bib-tn-p-54	TN, p. 54	TN, p. 54	not_started	unknown
bib-tn-p-56	TN, p. 56	TN, p. 56	not_started	unknown
bib-tn-p-57	TN, p. 57	TN, p. 57	not_started	unknown
bib-tn-p-58-60	TN, p. 58-60	TN, p. 58-60	not_started	unknown
bib-tn-p-6	TN, p. 6	TN, p. 6	not_started	unknown
bib-tn-p-60	TN, p. 60	TN, p. 60	not_started	unknown
bib-tn-p-61-62	TN, p. 61-62	TN, p. 61-62	not_started	unknown
bib-tn-p-65	TN, p. 65	TN, p. 65	not_started	unknown
bib-tn-p-66	TN, p. 66	TN, p. 66	not_started	unknown
bib-tn-p-67	TN p. 67	TN p. 67	not_started	unknown
bib-tn-p-68	TN, p. 68	TN, p. 68	not_started	unknown
bib-tn-p-69	TN, p. 69	TN, p. 69	not_started	unknown
bib-tn-p-70	TN, p. 70	TN, p. 70	not_started	unknown
bib-tn-p-71	TN, p. 71	TN, p. 71	not_started	unknown
bib-tn-p-73	TN, p. 73	TN, p. 73	not_started	unknown
bib-tn-p-79	TN, p. 79	TN, p. 79	not_started	unknown
bib-tn-p-80	TN, p. 80	TN, p. 80	not_started	unknown
bib-tn-p-81	TN, p. 81	TN, p. 81	not_started	unknown
bib-tn-p-82	TN, p. 82	TN, p. 82	not_started	unknown
bib-tn-p-83	TN, p. 83	TN, p. 83	not_started	unknown
bib-tn-p-84	TN, p. 84	TN, p. 84	not_started	unknown
bib-tn-p-85	TN, p. 85	TN, p. 85	not_started	unknown
bib-tn-p-86	TN, p. 86	TN, p. 86	not_started	unknown
bib-tn-p-87	TN, p. 87	TN, p. 87	not_started	unknown
bib-tn-p-88	TN, p. 88	TN, p. 88	not_started	unknown
bib-tn-p-89	TN, p. 89	TN, p. 89	not_started	unknown
bib-tn-p-91	TN, p. 91	TN, p. 91	not_started	unknown
bib-tn-p-91-u-min-hswe-no-63	TN, p. 91, U Min Hswe, no. 63	TN, p. 91, U Min Hswe, no. 63	not_started	unknown
bib-tn-p-92	TN, p. 92	TN, p. 92	not_started	unknown
bib-tn-p-93	TN, p. 93	TN, p. 93	not_started	unknown
bib-tn-p-96	TN, p. 96	TN, p. 96	not_started	unknown
bib-tn-p-97	TN, p. 97	TN, p. 97	not_started	unknown
bib-tn-p-98	TN, p. 98	TN, p. 98	not_started	unknown
bib-tn-p-99	TN, p. 99	TN, p. 99	not_started	unknown
bib-u-hswai-jbrs-48-2-1965-p-67-no-1	U Hswai, JBRS 48 (2), 1965, p. 67, no. 1	U Hswai, JBRS 48 (2), 1965, p. 67, no. 1	not_started	unknown
bib-u-hswai-jbrs-48-2-1965-p-67-no-12	U Hswai, JBRS 48 (2), 1965, p. 67, no. 12	U Hswai, JBRS 48 (2), 1965, p. 67, no. 12	not_started	unknown
bib-u-hswai-jbrs-48-2-1965-p-67-no-2	U Hswai, JBRS 48 (2), 1965, p. 67, no. 2	U Hswai, JBRS 48 (2), 1965, p. 67, no. 2	not_started	unknown
bib-u-hswai-jbrs-48-2-1965-p-67-no-3	U Hswai, JBRS 48 (2), 1965, p. 67, no. 3	U Hswai, JBRS 48 (2), 1965, p. 67, no. 3	not_started	unknown
bib-u-hswai-jbrs-48-2-1965-p-67-no-4	U Hswai, JBRS 48 (2), 1965, p. 67, no. 4	U Hswai, JBRS 48 (2), 1965, p. 67, no. 4	not_started	unknown
bib-u-hswai-jbrs-48-2-1965-p-67-no-5	U Hswai, JBRS 48 (2), 1965, p. 67, no. 5	U Hswai, JBRS 48 (2), 1965, p. 67, no. 5	not_started	unknown
bib-u-hswai-jbrs-48-2-1965-p-67-no-6	U Hswai, JBRS 48 (2), 1965, p. 67, no. 6	U Hswai, JBRS 48 (2), 1965, p. 67, no. 6	not_started	unknown
bib-u-hswai-jbrs-48-2-1965-p-67-no-7	U Hswai, JBRS 48 (2), 1965, p. 67, no. 7	U Hswai, JBRS 48 (2), 1965, p. 67, no. 7	not_started	unknown
bib-u-hswai-jbrs-48-2-1965-p-67-no-8	U Hswai, JBRS 48 (2), 1965, p. 67, no. 8	U Hswai, JBRS 48 (2), 1965, p. 67, no. 8	not_started	unknown
bib-u-hswai-jbrs-48-2-1965-p-67-no-9	U Hswai, JBRS 48 (2), 1965, p. 67, no. 9	U Hswai, JBRS 48 (2), 1965, p. 67, no. 9	not_started	unknown
bib-u-kyaw-bagan-minsa-p-195	U Kyaw, “Bagan Minsa”, p. 195	U Kyaw, “Bagan Minsa”, p. 195	not_started	unknown
bib-u-lu-pe-win-obep-a-radical-review-in-jbrs	U Lu Pe Win, OBEP – A Radical Review, in JBRS	U Lu Pe Win, OBEP – A Radical Review, in JBRS	not_started	unknown
bib-u-maung-maung-lat-nos-1-2	U Maung Maung Lat, nos. 1+2	U Maung Maung Lat, nos. 1+2	not_started	unknown
bib-u-min-hswe-no-12	U Min Hswe, no. 12	U Min Hswe, no. 12	not_started	unknown
bib-u-min-hswe-no-14	U Min Hswe, no. 14	U Min Hswe, no. 14	not_started	unknown
bib-u-min-hswe-no-17	U Min Hswe, no. 17	U Min Hswe, no. 17	not_started	unknown
bib-u-min-hswe-no-18	U Min Hswe, no. 18	U Min Hswe, no. 18	not_started	unknown
bib-u-min-hswe-no-19	U Min Hswe, no. 19	U Min Hswe, no. 19	not_started	unknown
bib-u-min-hswe-no-20	U Min Hswe, no. 20	U Min Hswe, no. 20	not_started	unknown
bib-u-min-hswe-no-21	U Min Hswe, no. 21	U Min Hswe, no. 21	not_started	unknown
bib-u-min-hswe-no-22-3	U Min Hswe, no. 22-3	U Min Hswe, no. 22-3	not_started	unknown
bib-u-min-hswe-no-24	U Min Hswe, no. 24	U Min Hswe, no. 24	not_started	unknown
bib-u-min-hswe-no-28	U Min Hswe, no. 28	U Min Hswe, no. 28	not_started	unknown
bib-u-min-hswe-no-3	U Min Hswe, no. 3	U Min Hswe, no. 3	not_started	unknown
bib-u-min-hswe-no-32	U Min Hswe, no. 32	U Min Hswe, no. 32	not_started	unknown
bib-u-min-hswe-no-34	U Min Hswe, no. 34	U Min Hswe, no. 34	not_started	unknown
bib-u-min-hswe-no-37	U Min Hswe, no. 37	U Min Hswe, no. 37	not_started	unknown
bib-u-min-hswe-no-39	U Min Hswe, no. 39	U Min Hswe, no. 39	not_started	unknown
bib-u-min-hswe-no-4	U Min Hswe, no. 4	U Min Hswe, no. 4	not_started	unknown
bib-u-min-hswe-no-40	U Min Hswe, no. 40	U Min Hswe, no. 40	not_started	unknown
bib-u-min-hswe-no-41	U Min Hswe, no. 41	U Min Hswe, no. 41	not_started	unknown
bib-u-min-hswe-no-43	U Min Hswe, no. 43	U Min Hswe, no. 43	not_started	unknown
bib-u-min-hswe-no-44	U Min Hswe, no. 44	U Min Hswe, no. 44	not_started	unknown
bib-u-min-hswe-no-45	U Min Hswe, no. 45	U Min Hswe, no. 45	not_started	unknown
bib-u-min-hswe-no-46	U Min Hswe, no. 46	U Min Hswe, no. 46	not_started	unknown
bib-u-min-hswe-no-49	U Min Hswe, no. 49	U Min Hswe, no. 49	not_started	unknown
bib-u-min-hswe-no-51	U Min Hswe, no. 51	U Min Hswe, no. 51	not_started	unknown
bib-u-min-hswe-no-57	U Min Hswe, no. 57	U Min Hswe, no. 57	not_started	unknown
bib-u-min-hswe-no-58	U Min Hswe, no. 58	U Min Hswe, no. 58	not_started	unknown
bib-u-min-hswe-no-59	U Min Hswe, no. 59	U Min Hswe, no. 59	not_started	unknown
bib-u-min-hswe-no-6	U Min Hswe, no. 6	U Min Hswe, no. 6	not_started	unknown
bib-u-min-hswe-no-62	U Min Hswe, no. 62	U Min Hswe, no. 62	not_started	unknown
bib-u-min-hswe-no-67	U Min Hswe, no. 67	U Min Hswe, no. 67	not_started	unknown
bib-u-min-hswe-no-7	U Min Hswe, no. 7	U Min Hswe, no. 7	not_started	unknown
bib-u-min-hswe-no-70	U Min Hswe, no. 70	U Min Hswe, no. 70	not_started	unknown
bib-u-min-hswe-no-73	U Min Hswe, no. 73	U Min Hswe, no. 73	not_started	unknown
bib-u-min-hswe-no-76	U Min Hswe, no. 76	U Min Hswe, no. 76	not_started	unknown
bib-u-min-hswe-no-77	U Min Hswe, no. 77	U Min Hswe, no. 77	not_started	unknown
bib-u-min-hswe-no-82	U Min Hswe, no. 82	U Min Hswe, no. 82	not_started	unknown
bib-u-min-hswe-no-85	U Min Hswe, no. 85	U Min Hswe, no. 85	not_started	unknown
bib-u-min-hswe-nos-83-4	U Min Hswe, nos. 83-4	U Min Hswe, nos. 83-4	not_started	unknown
bib-u-nyein-maung-s-update-to-obi-5-htupayon-p-2	U Nyein Maung’s update to OBI 5 (Htupayon), p. 2	U Nyein Maung’s update to OBI 5 (Htupayon), p. 2	not_started	unknown
bib-u-nyein-maung-she-haung-pancama-twe-nauk-hset-twe-p-1	U Nyein Maung, She-haung … Pancama-twe Nauk-hset-twe, p. 1	U Nyein Maung, She-haung … Pancama-twe Nauk-hset-twe, p. 1	not_started	unknown
bib-u-pe-maung-tin-the-myazedi-inscription-in-nava-rat-kui-svay-	U Pe Maung Tin, The Myazedi Inscription, in Nava-rat Kui:-svay, Rangoon 1966, p.	U Pe Maung Tin, The Myazedi Inscription, in Nava-rat Kui:-svay, Rangoon 1966, p. 23-33	not_started	unknown
bib-u-tha-myat-the-pali-version-of-the-myazedi-inscription-rango	U Tha Myat, The Pali Version of the Myazedi Inscription, Rangoon 1958	U Tha Myat, The Pali Version of the Myazedi Inscription, Rangoon 1958	not_started	unknown
bib-u-than-tun-buddhism-jbrs-1978-p-130-3	U Than Tun, Buddhism, JBRS 1978, p. 130-3	U Than Tun, Buddhism, JBRS 1978, p. 130-3	not_started	unknown
bib-u-than-tun-jbrs-1959-p-77-79	U Than Tun, JBRS 1959, p. 77-79	U Than Tun, JBRS 1959, p. 77-79	not_started	unknown
bib-u-than-tun-jbrs-1976-p-135-7-luce-eleb-jbrs-1940-p-327-8	U Than Tun, JBRS 1976, p. 135-7, Luce, ELEB, JBRS 1940, p. 327-8	U Than Tun, JBRS 1976, p. 135-7, Luce, ELEB, JBRS 1940, p. 327-8	not_started	unknown
bib-u-than-tun-jbrs-1978-p-140	U Than Tun, JBRS 1978, p. 140	U Than Tun, JBRS 1978, p. 140	not_started	unknown
bib-u-than-tun-jbrs-1978-p-15	U Than Tun, JBRS 1978, p. 15	U Than Tun, JBRS 1978, p. 15	not_started	unknown
bib-u-than-tun-religious-buildings-jbrs-1959-p-74-5	U Than Tun, Religious Buildings, JBRS 1959, p. 74-5	U Than Tun, Religious Buildings, JBRS 1959, p. 74-5	not_started	unknown
bib-u-tin-htway-first-burmese-royal-inscription	U Tin Htway, “First Burmese Royal Inscription”	U Tin Htway, “First Burmese Royal Inscription”	not_started	unknown
bib-u-tin-lwin-rajakumar-s-inscription-in-pali-in-takkasuil-repr	U Tin Lwin, Rajakumar's Inscription in Pali, in Takkasuil ... (repr. Yangon 1989	U Tin Lwin, Rajakumar's Inscription in Pali, in Takkasuil ... (repr. Yangon 1989)	not_started	unknown
bib-ub-1-p-147	UB 1, p. 147	UB 1, p. 147	not_started	unknown
bib-ub-1-p-173	UB 1, p. 173	UB 1, p. 173	not_started	unknown
bib-ub-1-p-176	UB 1, p. 176	UB 1, p. 176	not_started	unknown
bib-ub-1-p-178	UB 1, p. 178	UB 1, p. 178	not_started	unknown
bib-ub-1-p-181	UB 1, p. 181	UB 1, p. 181	not_started	unknown
bib-ub-1-p-184	UB 1, p. 184	UB 1, p. 184	not_started	unknown
bib-ub-1-p-191	UB 1, p. 191	UB 1, p. 191	not_started	unknown
bib-ub-1-p-195	UB 1, p. 195	UB 1, p. 195	not_started	unknown
bib-ub-1-p-198	UB 1, p. 198	UB 1, p. 198	not_started	unknown
bib-ub-1-p-202	UB 1, p. 202	UB 1, p. 202	not_started	unknown
bib-ub-1-p-206	UB 1, p. 206	UB 1, p. 206	not_started	unknown
bib-ub-1-p-212	UB 1, p. 212	UB 1, p. 212	not_started	unknown
bib-ub-1-p-219-u-min-hswe-no-71	UB 1, p. 219, U Min Hswe, no. 71	UB 1, p. 219, U Min Hswe, no. 71	not_started	unknown
bib-ub-1-p-221	UB 1, p. 221	UB 1, p. 221	not_started	unknown
bib-ub-1-p-222-4	UB 1, p. 222-4	UB 1, p. 222-4	not_started	unknown
bib-ub-1-p-257	UB 1, p. 257	UB 1, p. 257	not_started	unknown
bib-ub-1-p-288	UB 1, p. 288	UB 1, p. 288	not_started	unknown
bib-ub-1-p-291	UB 1, p. 291	UB 1, p. 291	not_started	unknown
bib-ub-1-p-293	UB 1, p. 293	UB 1, p. 293	not_started	unknown
bib-ub-1-p-296	UB 1, p. 296	UB 1, p. 296	not_started	unknown
bib-ub-1-p-297	UB 1, p. 297	UB 1, p. 297	not_started	unknown
bib-ub-1-p-300	UB 1, p. 300	UB 1, p. 300	not_started	unknown
bib-ub-1-p-32	UB 1, p. 32	UB 1, p. 32	not_started	unknown
bib-ub-1-p-382	UB 1, p. 382	UB 1, p. 382	not_started	unknown
bib-ub-2-135	UB 2, 135	UB 2, 135	not_started	unknown
bib-ub-2-p-133	UB 2, p. 133	UB 2, p. 133	not_started	unknown
bib-ub-2-p-134	UB 2, p. 134	UB 2, p. 134	not_started	unknown
bib-ub-2-p-135	UB 2, p. 135	UB 2, p. 135	not_started	unknown
bib-ub-2-p-137	UB 2, p. 137	UB 2, p. 137	not_started	unknown
bib-ub-2-p-200	UB 2, p. 200	UB 2, p. 200	not_started	unknown
bib-ub-2-p-203	UB 2, p. 203	UB 2, p. 203	not_started	unknown
bib-ub-2-p-205	UB 2, p. 205	UB 2, p. 205	not_started	unknown
bib-ub-2-p-225	UB 2, p. 225	UB 2, p. 225	not_started	unknown
bib-ub-2-p-229	UB 2, p. 229	UB 2, p. 229	not_started	unknown
bib-ub-2-p-233	UB 2 p. 233	UB 2 p. 233	not_started	unknown
bib-ub-2-p-259	UB 2, p. 259	UB 2, p. 259	not_started	unknown
bib-ub-2-p-51	UB 2, p. 51	UB 2, p. 51	not_started	unknown
bib-ub1-p-287	UB1, p. 287	UB1, p. 287	not_started	unknown
bib-uem-no-1-p-1	UEM, no. 1, p. 1	UEM, no. 1, p. 1	not_started	unknown
bib-uem-no-11-p-19	UEM no. 11, p. 19	UEM no. 11, p. 19	not_started	unknown
bib-uem-no-12-p-23	UEM no. 12, p. 23	UEM no. 12, p. 23	not_started	unknown
bib-uem-no-14-p-28	UEM no. 14, p. 28	UEM no. 14, p. 28	not_started	unknown
bib-uem-no-15-p-29	UEM no. 15, p. 29	UEM no. 15, p. 29	not_started	unknown
bib-uem-no-16-p-33	UEM no. 16, p. 33	UEM no. 16, p. 33	not_started	unknown
bib-uem-no-18-p-36	UEM no. 18, p. 36	UEM no. 18, p. 36	not_started	unknown
bib-uem-no-19-p-38	UEM no. 19, p. 38	UEM no. 19, p. 38	not_started	unknown
bib-uem-no-2-p-2	UEM no. 2, p. 2	UEM no. 2, p. 2	not_started	unknown
bib-uem-no-20-p-179	UEM no. 20, p. 179	UEM no. 20, p. 179	not_started	unknown
bib-uem-no-21-p-41	UEM no. 21, p. 41	UEM no. 21, p. 41	not_started	unknown
bib-uem-no-21-p-43	UEM no. 21, p. 43	UEM no. 21, p. 43	not_started	unknown
bib-uem-no-22-p-44	UEM no. 22, p. 44	UEM no. 22, p. 44	not_started	unknown
bib-uem-no-23-p-44	UEM no. 23, p. 44	UEM no. 23, p. 44	not_started	unknown
bib-uem-no-24-p-46	UEM no. 24, p. 46	UEM no. 24, p. 46	not_started	unknown
bib-uem-no-25-p-48	UEM no. 25, p. 48	UEM no. 25, p. 48	not_started	unknown
bib-uem-no-26-p-49	UEM no. 26, p. 49	UEM no. 26, p. 49	not_started	unknown
bib-uem-no-28-p-52	UEM no. 28, p. 52	UEM no. 28, p. 52	not_started	unknown
bib-uem-no-29-p-50	UEM no. 29, p. 50	UEM no. 29, p. 50	not_started	unknown
bib-uem-no-29-p-54	UEM no. 29, p. 54	UEM no. 29, p. 54	not_started	unknown
bib-uem-no-3-p-3	UEM no. 3, p. 3	UEM no. 3, p. 3	not_started	unknown
bib-uem-no-30-p-57	UEM no. 30, p. 57	UEM no. 30, p. 57	not_started	unknown
bib-uem-no-31-p-58	UEM no. 31, p. 58	UEM no. 31, p. 58	not_started	unknown
bib-uem-no-31-p-65	UEM no. 31, p. 65	UEM no. 31, p. 65	not_started	unknown
bib-uem-no-31-p-72	UEM no. 31, p. 72	UEM no. 31, p. 72	not_started	unknown
bib-uem-no-31-p-76	UEM no. 31, p. 76	UEM no. 31, p. 76	not_started	unknown
bib-uem-no-31-p-78	UEM no. 31, p. 78	UEM no. 31, p. 78	not_started	unknown
bib-uem-no-31-p-79	UEM no. 31, p. 79	UEM no. 31, p. 79	not_started	unknown
bib-uem-no-31-p-84	UEM no. 31, p. 84	UEM no. 31, p. 84	not_started	unknown
bib-uem-no-31-p-86	UEM no. 31, p. 86	UEM no. 31, p. 86	not_started	unknown
bib-uem-no-31-p-88	UEM no. 31, p. 88	UEM no. 31, p. 88	not_started	unknown
bib-uem-no-32-p-90	UEM no. 32, p. 90	UEM no. 32, p. 90	not_started	unknown
bib-uem-no-33-p-69	UEM no. 33, p. 69	UEM no. 33, p. 69	not_started	unknown
bib-uem-no-33-p-91	UEM no. 33, p. 91	UEM no. 33, p. 91	not_started	unknown
bib-uem-no-35-p-95	UEM no. 35, p. 95	UEM no. 35, p. 95	not_started	unknown
bib-uem-no-36-p-99	UEM no. 36, p. 99	UEM no. 36, p. 99	not_started	unknown
bib-uem-no-37-p-102	UEM no. 37 p. 102	UEM no. 37 p. 102	not_started	unknown
bib-uem-no-37-p-104	UEM no. 37, p. 104	UEM no. 37, p. 104	not_started	unknown
bib-uem-no-37-p-105	UEM, no. 37, p. 105	UEM, no. 37, p. 105	not_started	unknown
bib-uem-no-37-p-106	UEM no. 37, p. 106	UEM no. 37, p. 106	not_started	unknown
bib-uem-no-40-p-112	UEM no. 40, p. 112	UEM no. 40, p. 112	not_started	unknown
bib-uem-no-41-p-113	UEM no. 41, p. 113	UEM no. 41, p. 113	not_started	unknown
bib-uem-no-42-p-115	UEM no. 42, p. 115	UEM no. 42, p. 115	not_started	unknown
bib-uem-no-43-p-116	UEM no. 43, p. 116	UEM no. 43, p. 116	not_started	unknown
bib-uem-no-44-p-117	UEM no. 44, p. 117	UEM no. 44, p. 117	not_started	unknown
bib-uem-no-45-p-120	UEM no. 45, p. 120	UEM no. 45, p. 120	not_started	unknown
bib-uem-no-46-p-122	UEM no. 46, p. 122	UEM no. 46, p. 122	not_started	unknown
bib-uem-no-46-p-124	UEM no. 46, p. 124	UEM no. 46, p. 124	not_started	unknown
bib-uem-no-47-p-129	UEM no. 47, p. 129	UEM no. 47, p. 129	not_started	unknown
bib-uem-no-47-p-131	UEM no. 47, p. 131	UEM no. 47, p. 131	not_started	unknown
bib-uem-no-48-p-134	UEM no. 48, p. 134	UEM no. 48, p. 134	not_started	unknown
bib-uem-no-49-p-137	UEM no. 49, p. 137	UEM no. 49, p. 137	not_started	unknown
bib-uem-no-49-p-139	UEM no. 49, p. 139	UEM no. 49, p. 139	not_started	unknown
bib-uem-no-5-p-9	UEM no. 5, p. 9	UEM no. 5, p. 9	not_started	unknown
bib-uem-no-53-p-148	UEM no. 53, p. 148	UEM no. 53, p. 148	not_started	unknown
bib-uem-no-54-p-150	UEM no. 54, p. 150	UEM no. 54, p. 150	not_started	unknown
bib-uem-no-56-p-153	UEM no. 56, p. 153	UEM no. 56, p. 153	not_started	unknown
bib-uem-no-6-p-11	UEM no. 6 p. 11	UEM no. 6 p. 11	not_started	unknown
bib-uem-no-61-p-179	UEM no. 61, p. 179	UEM no. 61, p. 179	not_started	unknown
bib-uem-no-63-p-183	UEM no. 63, p. 183	UEM no. 63, p. 183	not_started	unknown
bib-uem-no-7-p-12	UEM no. 7, p. 12	UEM no. 7, p. 12	not_started	unknown
bib-uem-no-8-p-13	UEM no. 8, p. 13	UEM no. 8, p. 13	not_started	unknown
bib-uem-no-9-p-16	UEM no. 9, p. 16	UEM no. 9, p. 16	not_started	unknown
