family_id	raw_reference_string	occurrence_count	example_record_ids	notes
fam-anthology	Anthology 5, p. 81	2	obi-v01-n0001-tx-p0001 | obi-v01-n0002-tx-p0004	Grouped by recurring title keyword.
fam-anthology	Anthology 1, p. 39	1	obi-v01-n0045-ob-p0073	Grouped by recurring title keyword.
fam-anthology	Anthology 5, p. 82	1	obi-v01-n0021-ob-p0042	Grouped by recurring title keyword.
fam-anthology	Anthology 5, p. 84	1	obi-v01-n0029-ob-p0050	Grouped by recurring title keyword.
fam-anthology	Anthology 5, p. 85	1	obi-v01-n0097-tx-p0151	Grouped by recurring title keyword.
fam-bbhc-publication	Luce/U Pe Maung Tin, BBHC 3, 1963, p. 96	2	obi-v01-n0027-ob-p0048 | obi-v01-n0034-re-p0056	Grouped by recurring publication abbreviation.
fam-bbhc-publication	Luce/ U Pe Maung Tin, BBHC 1 (2)	1	obi-v01-n0012-ob-p0029	Grouped by recurring publication abbreviation.
fam-bbhc-publication	Luce/ U Pe Maung Tin, BBHC 3, 1963, p. 72	1	obi-v01-n0024-ob-p0045	Grouped by recurring publication abbreviation.
fam-bbhc-publication	Luce/U Pe Maung Tin, BBHC 1 (2), 1960, p. 231-7	1	obi-v01-n0010-ob-p0026	Grouped by recurring publication abbreviation.
fam-bbhc-publication	Luce/U Pe Maung Tin, BBHC 3, 1963, p. 118	1	obi-v01-n0041-ob-p0065	Grouped by recurring publication abbreviation.
fam-bbhc-publication	Luce/U Pe Maung Tin, BBHC 3, 1963, p. 62	1	obi-v01-n0021-ob-p0042	Grouped by recurring publication abbreviation.
fam-bbhc-publication	Luce/U Pe Maung Tin, BBHC 3, 1963, p. 65	1	obi-v01-n0022-ob-p0043	Grouped by recurring publication abbreviation.
fam-bbhc-publication	Luce/U Pe Maung Tin, BBHC 3, 1963, p. 69	1	obi-v01-n0023-ob-p0044	Grouped by recurring publication abbreviation.
fam-bbhc-publication	Luce/U Pe Maung Tin, BBHC 3, 1963, p. 74	1	obi-v01-n0033-ob-p0056	Grouped by recurring publication abbreviation.
fam-bbhc-publication	Luce/U Pe Maung Tin, BBHC 3, 1963, p. 80	1	obi-v01-n0029-ob-p0050	Grouped by recurring publication abbreviation.
fam-bbhc-publication	Luce/U Pe Maung Tin, BBHC 3, 1963, p. 88	1	obi-v01-n0031-ob-p0054	Grouped by recurring publication abbreviation.
fam-bbhc-publication	Luce/U Pe Maung Tin, BBHC 3, 1963, p. 91	1	obi-v01-n0032-ob-p0055	Grouped by recurring publication abbreviation.
fam-bed-b-catalogue	BED B 645-2	7	obi-v04-n0149-re-p0260 | obi-v04-n0150-ob-p0261 | obi-v04-n0150-re-p0262 | obi-v04-n0151-ob-p0263 | obi-v04-n0151-re-p0264	Grouped by recurring leading label.
fam-bed-b-catalogue	BED B 622-4	5	obi-v03-n0086-ob-p0147 | obi-v03-n0087-re-p0155 | obi-v03-n0104-re-p0182 | obi-v03-n0108-ob-p0187 | obi-v03-n0109-re-p0189	Grouped by recurring leading label.
fam-bed-b-catalogue	BED B 623-1	5	obi-v03-n0187-ob-p0310 | obi-v03-n0200-re-p0326 | obi-v03-n0209-ob-p0339 | obi-v03-n0209-re-p0341 | obi-v03-n0217-ob-p0353	Grouped by recurring leading label.
fam-bed-b-catalogue	BED B 600-7	3	obi-v02-n0063-ob-p0131 | obi-v02-n0065-re-p0139 | obi-v02-n0081-ob-p0167	Grouped by recurring leading label.
fam-bed-b-catalogue	BED B 602-4	2	obi-v02-n0108-re-p0204 | obi-v02-n0109-ob-p0205	Grouped by recurring leading label.
fam-bed-b-catalogue	BED B 622-6	2	obi-v03-n0161-re-p0273 | obi-v03-n0175-re-p0297	Grouped by recurring leading label.
fam-bed-b-catalogue	BED B 481-1	1	obi-v01-n0196-ob-p0333	Grouped by recurring leading label.
fam-bed-b-catalogue	BED B 512-1	1	obi-v01-n0009-ob-p0025	Grouped by recurring leading label.
fam-bed-b-catalogue	BED B 512-4	1	obi-v01-n0198-ob-p0337	Grouped by recurring leading label.
fam-bed-b-catalogue	BED B 530-3	1	obi-v01-n0015-ob-p0034	Grouped by recurring leading label.
fam-bed-b-catalogue	BED B 532-1	1	obi-v01-n0017-ob-p0037	Grouped by recurring leading label.
fam-bed-b-catalogue	BED B 538-1	1	obi-v01-n0204-ob-p0345	Grouped by recurring leading label.
fam-bed-b-catalogue	BED B 545-1	1	obi-v01-n0194-re-p0330	Grouped by recurring leading label.
fam-bed-b-catalogue	BED B 557-5	1	obi-v01-n0215-ob-p0365	Grouped by recurring leading label.
fam-bed-b-catalogue	BED B 558-2	1	obi-v01-n0035-ob-p0057	Grouped by recurring leading label.
fam-bed-b-catalogue	BED B 559-2	1	obi-v01-n0037-re-p0059	Grouped by recurring leading label.
fam-bed-b-catalogue	BED B 567-1	1	obi-v01-n0221-tx-p0375	Grouped by recurring leading label.
fam-bed-b-catalogue	BED B 570-3	1	obi-v01-n0056-ob-p0090	Grouped by recurring leading label.
fam-bed-b-catalogue	BED B 577-1	1	obi-v01-n0067-ob-p0106	Grouped by recurring leading label.
fam-bed-b-catalogue	BED B 584-1	1	obi-v01-n0091-ob-p0138	Grouped by recurring leading label.
fam-bed-b-catalogue	BED B 586-4	1	obi-v01-n0100-ob-p0167	Grouped by recurring leading label.
fam-bed-b-catalogue	BED B 586-8	1	obi-v01-n0104-ob-p0172	Grouped by recurring leading label.
fam-bed-b-catalogue	BED B 587-2a	1	obi-v01-n0107-ob-p0175	Grouped by recurring leading label.
fam-bed-b-catalogue	BED B 587-2b	1	obi-v01-n0107-re-p0175	Grouped by recurring leading label.
fam-bed-b-catalogue	BED B 587-7	1	obi-v01-n0113-ob-p0185	Grouped by recurring leading label.
fam-bed-b-catalogue	BED B 588-4	1	obi-v01-n0221-tx-p0376	Grouped by recurring leading label.
fam-bed-b-catalogue	BED B 591-6	1	obi-v01-n0129-tx-p0209	Grouped by recurring leading label.
fam-bed-b-catalogue	BED B 593-3	1	obi-v01-n0136-re-p0220	Grouped by recurring leading label.
fam-bed-b-catalogue	BED B 594-5	1	obi-v01-n0141-ob-p0227	Grouped by recurring leading label.
fam-bed-b-catalogue	BED B 595-11	1	obi-v01-n0145-ob-p0244	Grouped by recurring leading label.
fam-bed-b-catalogue	BED B 595-7	1	obi-v01-n0149-ob-p0251	Grouped by recurring leading label.
fam-bed-b-catalogue	BED B 595-8	1	obi-v01-n0150-tx-p0253	Grouped by recurring leading label.
fam-bed-b-catalogue	BED B 597-11	1	obi-v01-n0163-re-p0273	Grouped by recurring leading label.
fam-bed-b-catalogue	BED B 597-12	1	obi-v01-n0160-ob-p0267	Grouped by recurring leading label.
fam-bed-b-catalogue	BED B 597-3	1	obi-v01-n0154-ob-p0257	Grouped by recurring leading label.
fam-bed-b-catalogue	BED B 598-6a	1	obi-v01-n0170-ob-p0289	Grouped by recurring leading label.
fam-bed-b-catalogue	BED B 602-1	1	obi-v02-n0010-ob-p0015	Grouped by recurring leading label.
fam-bed-b-catalogue	BED B 602-5	1	obi-v02-n0117-ob-p0213	Grouped by recurring leading label.
fam-bed-b-catalogue	BED B 603-2	1	obi-v02-n0121-tx-p0225	Grouped by recurring leading label.
fam-bed-b-catalogue	BED B 603-4	1	obi-v02-n0017-ob-p0027	Grouped by recurring leading label.
fam-bed-b-catalogue	BED B 604-6	1	obi-v02-n0026-re-p0051	Grouped by recurring leading label.
fam-bed-b-catalogue	BED B 604-9	1	obi-v02-n0029-ob-p0054	Grouped by recurring leading label.
fam-bed-b-catalogue	BED B 609-2	1	obi-v02-n0047-re-p0087	Grouped by recurring leading label.
fam-bed-b-catalogue	BED B 612-1	1	obi-v02-n0074-ob-p0155	Grouped by recurring leading label.
fam-bed-b-catalogue	BED B 620-3	1	obi-v02-n0100-ob-p0193	Grouped by recurring leading label.
fam-bed-b-catalogue	BED B 622-12	1	obi-v04-n0138-re-p0235	Grouped by recurring leading label.
fam-bed-b-catalogue	BED B 628-7	1	obi-v04-n0117-re-p0191	Grouped by recurring leading label.
fam-bed-b-catalogue	BED B 711-1	1	obi-v04-n0051-ob-p0081	Grouped by recurring leading label.
fam-eb-publication	EB 1 (1), 1919, p. 1	2	obi-v01-n0001-tx-p0001 | obi-v01-n0002-tx-p0004	Grouped by recurring leading label.
fam-eb-publication	EB Vol.1, n°1	2	obi-v01-n0001-tx-p0002 | obi-v01-n0002-tx-p0006	Grouped by recurring leading label.
fam-eb-publication	EB Vol.1 n°1 BED B 474-1	1	obi-v01-n0002-tx-p0004	Grouped by recurring leading label.
fam-eb-publication	EB Vol.1, n°1 BED B 474-1	1	obi-v01-n0001-tx-p0001	Grouped by recurring leading label.
fam-harvey-history	The Myazedi Inscription in Four Languages, ed. by the Cultural Institute, Rangoon 1960, Harvey, History of Myanmar, p. 43-44	2	obi-v01-n0001-tx-p0001 | obi-v01-n0002-tx-p0004	Grouped by recurring author/title pair.
fam-harvey-history	Harvey, History, p. 331	1	obi-v01-n0021-ob-p0042	Grouped by recurring author/title pair.
fam-iob-catalogue	IOB--278 BED B 622-4	1	obi-v03-n0094-ob-p0169	Grouped by recurring leading label.
fam-iob-catalogue	IOB--462/b	1	obi-v04-n0011-re-p0015	Grouped by recurring leading label.
fam-iob-catalogue	IOB-1-51. BED B 572	1	obi-v01-n0057-ob-p0091	Grouped by recurring leading label.
fam-iob-catalogue	IOB-192 BED B 600-7	1	obi-v02-n0101-ob-p0194	Grouped by recurring leading label.
fam-iob-catalogue	IOB-34 BED B 573-2	1	obi-v01-n0059-ob-p0093	Grouped by recurring leading label.
fam-iob-catalogue	IOB-418 BED B 622-6	1	obi-v03-n0154-ob-p0257	Grouped by recurring leading label.
fam-iob-catalogue	IOB-44/b & 33/b BED B 578-4	1	obi-v01-n0073-ob-p0117	Grouped by recurring leading label.
fam-iob-catalogue	IOB-446/a BED B 623-1	1	obi-v03-n0202-ob-p0330	Grouped by recurring leading label.
fam-iob-catalogue	IOB-47 BED B 582-2	1	obi-v01-n0086-tx-p0133	Grouped by recurring leading label.
fam-ippa-catalogue	IPPA	2	obi-v01-n0134-re-p0216 | obi-v04-n0116-ob-p0185	Grouped by recurring leading label.
fam-ippa-catalogue	IPPA 101-102	1	obi-v02-n0077-ob-p0159	Grouped by recurring leading label.
fam-ippa-catalogue	IPPA 137-138	1	obi-v04-n0036-re-p0059	Grouped by recurring leading label.
fam-ippa-catalogue	IPPA 139	1	obi-v01-n0021-ob-p0042	Grouped by recurring leading label.
fam-ippa-catalogue	IPPA 159	1	obi-v01-n0183-ob-p0315	Grouped by recurring leading label.
fam-ippa-catalogue	IPPA 176	1	obi-v01-n0161-ob-p0270	Grouped by recurring leading label.
fam-ippa-catalogue	IPPA 181, 182	1	obi-v01-n0179-tx-p0306	Grouped by recurring leading label.
fam-ippa-catalogue	IPPA 188-189	1	obi-v03-n0024-tx-p0035	Grouped by recurring leading label.
fam-ippa-catalogue	IPPA 286-287	1	obi-v02-n0004-ob-p0006	Grouped by recurring leading label.
fam-ippa-catalogue	IPPA 306, 7-8	1	obi-v04-n0108-re-p0175	Grouped by recurring leading label.
fam-ippa-catalogue	IPPA 59, 60	1	obi-v01-n0169-ob-p0287	Grouped by recurring leading label.
fam-ippa-catalogue	IPPA 61, 62	1	obi-v01-n0181-ob-p0311	Grouped by recurring leading label.
fam-ippa-catalogue	IPPA 63	1	obi-v01-n0181-re-p0313	Grouped by recurring leading label.
fam-ippa-catalogue	IPPA 78-79-80-81-82	1	obi-v05-n0009-ob-p0021	Grouped by recurring leading label.
fam-ippa-catalogue	IPPA 83-84-85-86	1	obi-v05-n0009-re-p0025	Grouped by recurring leading label.
fam-ippa-catalogue	IPPA-103-104	1	obi-v02-n0034-ob-p0064	Grouped by recurring leading label.
fam-ippa-catalogue	IPPA-105	1	obi-v02-n0091-ob-p0179	Grouped by recurring leading label.
fam-ippa-catalogue	IPPA-106	1	obi-v02-n0101-ob-p0194	Grouped by recurring leading label.
fam-ippa-catalogue	IPPA-107	1	obi-v03-n0114-ob-p0193	Grouped by recurring leading label.
fam-ippa-catalogue	IPPA-109, 111	1	obi-v01-n0052-ob-p0083	Grouped by recurring leading label.
fam-ippa-catalogue	IPPA-112-113	1	obi-v02-n0046-ob-p0085	Grouped by recurring leading label.
fam-ippa-catalogue	IPPA-114, 116	1	obi-v02-n0021-ob-p0037	Grouped by recurring leading label.
fam-ippa-catalogue	IPPA-117-118	1	obi-v02-n0020-ob-p0033	Grouped by recurring leading label.
fam-ippa-catalogue	IPPA-119-120	1	obi-v02-n0025-ob-p0049	Grouped by recurring leading label.
fam-ippa-catalogue	IPPA-12	1	obi-v02-n0018-ob-p0029	Grouped by recurring leading label.
fam-ippa-catalogue	IPPA-121-122	1	obi-v02-n0024-ob-p0047	Grouped by recurring leading label.
fam-ippa-catalogue	IPPA-123	1	obi-v03-n0099-ob-p0174	Grouped by recurring leading label.
fam-ippa-catalogue	IPPA-141	1	obi-v01-n0012-ob-p0029	Grouped by recurring leading label.
fam-ippa-catalogue	IPPA-143	1	obi-v01-n0012-re-p0030	Grouped by recurring leading label.
fam-ippa-catalogue	IPPA-145-146 BED B 545-3	1	obi-v01-n0205-ob-p0347	Grouped by recurring leading label.
fam-ippa-catalogue	IPPA-147-148	1	obi-v02-n0083-ob-p0170	Grouped by recurring leading label.
fam-ippa-catalogue	IPPA-149	1	obi-v01-n0070-ob-p0111	Grouped by recurring leading label.
fam-ippa-catalogue	IPPA-15	1	obi-v04-n0111-re-p0180	Grouped by recurring leading label.
fam-ippa-catalogue	IPPA-150	1	obi-v01-n0086-tx-p0133	Grouped by recurring leading label.
fam-ippa-catalogue	IPPA-151	1	obi-v01-n0029-ob-p0050	Grouped by recurring leading label.
fam-ippa-catalogue	IPPA-153, 154	1	obi-v01-n0029-re-p0051	Grouped by recurring leading label.
fam-ippa-catalogue	IPPA-155-157	1	obi-v02-n0016-ob-p0024	Grouped by recurring leading label.
fam-ippa-catalogue	IPPA-159	1	obi-v01-n0004-ob-p0011	Grouped by recurring leading label.
fam-ippa-catalogue	IPPA-162	1	obi-v01-n0004-re-p0015	Grouped by recurring leading label.
fam-ippa-catalogue	IPPA-165	1	obi-v01-n0027-ob-p0048	Grouped by recurring leading label.
fam-ippa-catalogue	IPPA-166	1	obi-v01-n0034-re-p0056	Grouped by recurring leading label.
fam-ippa-catalogue	IPPA-167	1	obi-v01-n0047-ob-p0075	Grouped by recurring leading label.
fam-ippa-catalogue	IPPA-168	1	obi-v01-n0054-ob-p0086	Grouped by recurring leading label.
fam-ippa-catalogue	IPPA-169	1	obi-v01-n0063-ob-p0099	Grouped by recurring leading label.
fam-ippa-catalogue	IPPA-17	1	obi-v01-n0148-ob-p0249	Grouped by recurring leading label.
fam-ippa-catalogue	IPPA-170	1	obi-v01-n0065-ob-p0102	Grouped by recurring leading label.
fam-ippa-catalogue	IPPA-172-173	1	obi-v01-n0130-ob-p0211	Grouped by recurring leading label.
fam-ippa-catalogue	IPPA-174-175	1	obi-v02-n0041-ob-p0076	Grouped by recurring leading label.
fam-ippa-catalogue	IPPA-179	1	obi-v01-n0178-tx-p0305	Grouped by recurring leading label.
fam-ippa-catalogue	IPPA-18	1	obi-v01-n0038-ob-p0060	Grouped by recurring leading label.
fam-ippa-catalogue	IPPA-183	1	obi-v01-n0186-ob-p0319	Grouped by recurring leading label.
fam-ippa-catalogue	IPPA-184, 185	1	obi-v02-n0022-ob-p0041	Grouped by recurring leading label.
fam-ippa-catalogue	IPPA-186	1	obi-v02-n0050-ob-p0089	Grouped by recurring leading label.
fam-ippa-catalogue	IPPA-187	1	obi-v02-n0052-ob-p0092	Grouped by recurring leading label.
fam-ippa-catalogue	IPPA-190	1	obi-v02-n0098-ob-p0190	Grouped by recurring leading label.
fam-ippa-catalogue	IPPA-191	1	obi-v03-n0001-ob-p0001	Grouped by recurring leading label.
fam-ippa-catalogue	IPPA-192	1	obi-v01-n0007-ob-p0022	Grouped by recurring leading label.
fam-ippa-catalogue	IPPA-193	1	obi-v03-n0057-tx-p0092	Grouped by recurring leading label.
fam-ippa-catalogue	IPPA-20	1	obi-v01-n0038-re-p0061	Grouped by recurring leading label.
fam-ippa-catalogue	IPPA-201	1	obi-v02-n0118-re-p0217	Grouped by recurring leading label.
fam-ippa-catalogue	IPPA-203	1	obi-v01-n0002-tx-p0004	Grouped by recurring leading label.
fam-ippa-catalogue	IPPA-207	1	obi-v01-n0002-tx-p0006	Grouped by recurring leading label.
fam-ippa-catalogue	IPPA-209	1	obi-v01-n0001-tx-p0001	Grouped by recurring leading label.
fam-ippa-catalogue	IPPA-209, 211	1	obi-v01-n0001-tx-p0002	Grouped by recurring leading label.
fam-ippa-catalogue	IPPA-21	1	obi-v01-n0148-re-p0250	Grouped by recurring leading label.
fam-ippa-catalogue	IPPA-212-213,	1	obi-v01-n0084-ob-p0129	Grouped by recurring leading label.
fam-ippa-catalogue	IPPA-215	1	obi-v01-n0134-ob-p0215	Grouped by recurring leading label.
fam-ippa-catalogue	IPPA-217, 218	1	obi-v01-n0097-tx-p0156	Grouped by recurring leading label.
fam-ippa-catalogue	IPPA-219-220	1	obi-v01-n0108-tx-p0176	Grouped by recurring leading label.
fam-ippa-catalogue	IPPA-221	1	obi-v01-n0142-tx-p0229	Grouped by recurring leading label.
fam-ippa-catalogue	IPPA-224-226	1	obi-v01-n0097-tx-p0151	Grouped by recurring leading label.
fam-ippa-catalogue	IPPA-227, 228	1	obi-v01-n0097-tx-p0161	Grouped by recurring leading label.
fam-ippa-catalogue	IPPA-229, 230	1	obi-v01-n0142-tx-p0235	Grouped by recurring leading label.
fam-ippa-catalogue	IPPA-231, 232	1	obi-v01-n0142-tx-p0233	Grouped by recurring leading label.
fam-ippa-catalogue	IPPA-234	1	obi-v01-n0128-ob-p0208	Grouped by recurring leading label.
fam-ippa-catalogue	IPPA-235	1	obi-v01-n0143-ob-p0240	Grouped by recurring leading label.
fam-ippa-catalogue	IPPA-237, 238	1	obi-v01-n0146-tx-p0246	Grouped by recurring leading label.
fam-ippa-catalogue	IPPA-239	1	obi-v01-n0187-ob-p0320	Grouped by recurring leading label.
fam-ippa-catalogue	IPPA-240-241	1	obi-v02-n0023-ob-p0044	Grouped by recurring leading label.
fam-ippa-catalogue	IPPA-243-245	1	obi-v02-n0053-tx-p0093	Grouped by recurring leading label.
fam-ippa-catalogue	IPPA-246-248	1	obi-v02-n0054-ob-p0099	Grouped by recurring leading label.
fam-ippa-catalogue	IPPA-253-254	1	obi-v03-n0115-ob-p0194	Grouped by recurring leading label.
fam-ippa-catalogue	IPPA-255	1	obi-v03-n0052-re-p0083	Grouped by recurring leading label.
fam-ippa-catalogue	IPPA-257	1	obi-v03-n0045-re-p0073	Grouped by recurring leading label.
fam-ippa-catalogue	IPPA-260	1	obi-v03-n0086-re-p0150	Grouped by recurring leading label.
fam-ippa-catalogue	IPPA-264	1	obi-v03-n0037-ob-p0058	Grouped by recurring leading label.
fam-ippa-catalogue	IPPA-266	1	obi-v03-n0021-ob-p0028	Grouped by recurring leading label.
fam-ippa-catalogue	IPPA-269	1	obi-v03-n0029-re-p0047	Grouped by recurring leading label.
fam-ippa-catalogue	IPPA-270-271	1	obi-v03-n0087-ob-p0152	Grouped by recurring leading label.
fam-ippa-catalogue	IPPA-274-276	1	obi-v03-n0046-re-p0074	Grouped by recurring leading label.
fam-ippa-catalogue	IPPA-277	1	obi-v03-n0055-ob-p0089	Grouped by recurring leading label.
fam-ippa-catalogue	IPPA-278	1	obi-v03-n0060-ob-p0097	Grouped by recurring leading label.
fam-ippa-catalogue	IPPA-280	1	obi-v03-n0068-ob-p0113	Grouped by recurring leading label.
fam-ippa-catalogue	IPPA-281	1	obi-v03-n0081-ob-p0135	Grouped by recurring leading label.
fam-ippa-catalogue	IPPA-283	1	obi-v03-n0083-ob-p0139	Grouped by recurring leading label.
fam-ippa-catalogue	IPPA-284	1	obi-v03-n0098-ob-p0173	Grouped by recurring leading label.
fam-ippa-catalogue	IPPA-293	1	obi-v03-n0122-re-p0206	Grouped by recurring leading label.
fam-ippa-catalogue	IPPA-294	1	obi-v02-n0054-re-p0103	Grouped by recurring leading label.
fam-ippa-catalogue	IPPA-295	1	obi-v03-n0059-ob-p0095	Grouped by recurring leading label.
fam-ippa-catalogue	IPPA-297-8-9	1	obi-v04-n0116-ob-p0185	Grouped by recurring leading label.
fam-ippa-catalogue	IPPA-300-1-2	1	obi-v04-n0116-re-p0188	Grouped by recurring leading label.
fam-ippa-catalogue	IPPA-303, 4-5	1	obi-v04-n0108-ob-p0172	Grouped by recurring leading label.
fam-ippa-catalogue	IPPA-311-312	1	obi-v03-n0212-ob-p0343	Grouped by recurring leading label.
fam-ippa-catalogue	IPPA-313-314	1	obi-v03-n0039-ob-p0065	Grouped by recurring leading label.
fam-ippa-catalogue	IPPA-320	1	obi-v05-n0018-ob-p0061	Grouped by recurring leading label.
fam-ippa-catalogue	IPPA-341	1	obi-v04-n0074-ob-p0117	Grouped by recurring leading label.
fam-ippa-catalogue	IPPA-55	1	obi-v03-n0002-re-p0002	Grouped by recurring leading label.
fam-ippa-catalogue	IPPA-57	1	obi-v01-n0057-ob-p0091	Grouped by recurring leading label.
fam-ippa-catalogue	IPPA-58	1	obi-v01-n0095-re-p0142	Grouped by recurring leading label.
fam-ippa-catalogue	IPPA-64	1	obi-v03-n0088-ob-p0158	Grouped by recurring leading label.
fam-ippa-catalogue	IPPA-87-88	1	obi-v05-n0009-tx-p0030	Grouped by recurring leading label.
fam-ippa-catalogue	IPPA-89-90	1	obi-v05-n0009-tx-p0032	Grouped by recurring leading label.
fam-ippa-catalogue	IPPA-9	1	obi-v02-n0073-tx-p0155	Grouped by recurring leading label.
fam-ippa-catalogue	IPPA-96-97	1	obi-v03-n0061-ob-p0100	Grouped by recurring leading label.
fam-ippa-catalogue	IPPA-98	1	obi-v03-n0042-ob-p0068	Grouped by recurring leading label.
fam-ippa-catalogue	IPPA-99-100	1	obi-v01-n0172-ob-p0291	Grouped by recurring leading label.
fam-jbrs-publication	U Hswai, JBRS 48 (2), 1965, p. 67, no. 5	2	obi-v01-n0054-tx-p0089 | obi-v01-n0055-ob-p0089	Grouped by recurring publication abbreviation.
fam-jbrs-publication	Duroiselle, JBRS 6.2, 1916, p. 88	1	obi-v01-n0029-ob-p0050	Grouped by recurring publication abbreviation.
fam-jbrs-publication	Luce, Myanmar's Debt, JBRS 1932, p. 125	1	obi-v01-n0097-tx-p0151	Grouped by recurring publication abbreviation.
fam-jbrs-publication	Luce, Prayers, JBRS 1936, p. 135	1	obi-v01-n0043-ob-p0070	Grouped by recurring publication abbreviation.
fam-jbrs-publication	Luce/U Pe Maung Tin, JBRS 10 (2), 1920, p. 67-74 (and corrected date in JBRS 22 (3), 1932, p. 151), Luce/U Pe Maung Tin, BBHC 1 (1), 1960, p. 1-28	1	obi-v01-n0004-ob-p0011	Grouped by recurring publication abbreviation.
fam-jbrs-publication	U Hswai, JBRS 48 (2), 1965, p. 67, no. 1	1	obi-v01-n0208-ob-p0353	Grouped by recurring publication abbreviation.
fam-jbrs-publication	U Hswai, JBRS 48 (2), 1965, p. 67, no. 12	1	obi-v01-n0076-ob-p0119	Grouped by recurring publication abbreviation.
fam-jbrs-publication	U Hswai, JBRS 48 (2), 1965, p. 67, no. 2	1	obi-v01-n0209-ob-p0354	Grouped by recurring publication abbreviation.
fam-jbrs-publication	U Hswai, JBRS 48 (2), 1965, p. 67, no. 3	1	obi-v01-n0209-ob-p0354	Grouped by recurring publication abbreviation.
fam-jbrs-publication	U Hswai, JBRS 48 (2), 1965, p. 67, no. 4	1	obi-v01-n0214-ob-p0363	Grouped by recurring publication abbreviation.
fam-jbrs-publication	U Hswai, JBRS 48 (2), 1965, p. 67, no. 6	1	obi-v01-n0077-ob-p0121	Grouped by recurring publication abbreviation.
fam-jbrs-publication	U Hswai, JBRS 48 (2), 1965, p. 67, no. 7	1	obi-v01-n0113-ob-p0185	Grouped by recurring publication abbreviation.
fam-jbrs-publication	U Hswai, JBRS 48 (2), 1965, p. 67, no. 8	1	obi-v01-n0116-ob-p0188	Grouped by recurring publication abbreviation.
fam-jbrs-publication	U Hswai, JBRS 48 (2), 1965, p. 67, no. 9	1	obi-v01-n0177-ob-p0304	Grouped by recurring publication abbreviation.
fam-jbrs-publication	U Lu Pe Win, OBEP – A Radical Review, in JBRS	1	obi-v01-n0126-ob-p0205	Grouped by recurring publication abbreviation.
fam-jbrs-publication	U Than Tun, Buddhism, JBRS 1978, p. 130-3	1	obi-v01-n0097-tx-p0151	Grouped by recurring publication abbreviation.
fam-jbrs-publication	U Than Tun, JBRS 1959, p. 77-79	1	obi-v01-n0174-ob-p0298	Grouped by recurring publication abbreviation.
fam-jbrs-publication	U Than Tun, JBRS 1976, p. 135-7, Luce, ELEB, JBRS 1940, p. 327-8	1	obi-v01-n0174-ob-p0298	Grouped by recurring publication abbreviation.
fam-jbrs-publication	U Than Tun, JBRS 1978, p. 140	1	obi-v01-n0179-tx-p0306	Grouped by recurring publication abbreviation.
fam-jbrs-publication	U Than Tun, JBRS 1978, p. 15	1	obi-v01-n0043-ob-p0070	Grouped by recurring publication abbreviation.
fam-jbrs-publication	U Than Tun, Religious Buildings, JBRS 1959, p. 74-5	1	obi-v01-n0097-tx-p0151	Grouped by recurring publication abbreviation.
fam-jras-publication	Blagden, JRAS 1909, p. 10	2	obi-v01-n0001-tx-p0001 | obi-v01-n0002-tx-p0004	Grouped by recurring publication abbreviation.
fam-list-catalogue	List 90	78	obi-v03-n0002-re-p0002 | obi-v03-n0014-re-p0020 | obi-v03-n0015-ob-p0021 | obi-v03-n0016-ob-p0022 | obi-v03-n0016-re-p0023	Grouped by recurring leading label.
fam-list-catalogue	List 302	77	obi-v03-n0001-ob-p0001 | obi-v03-n0008-re-p0011 | obi-v03-n0009-ob-p0012 | obi-v03-n0010-ob-p0013 | obi-v03-n0011-ob-p0014	Grouped by recurring leading label.
fam-list-catalogue	List 255	66	obi-v03-n0003-ob-p0003 | obi-v03-n0022-ob-p0033 | obi-v03-n0023-ob-p0033 | obi-v03-n0023-re-p0034 | obi-v03-n0024-re-p0036	Grouped by recurring leading label.
fam-list-catalogue	List 254	12	obi-v02-n0016-ob-p0024 | obi-v02-n0137-tx-p0240 | obi-v02-n0138-tx-p0240 | obi-v02-n0139-tx-p0241 | obi-v02-n0140-ob-p0242	Grouped by recurring leading label.
fam-list-catalogue	List 1255	9	obi-v02-n0004-ob-p0006 | obi-v02-n0032-ob-p0060 | obi-v02-n0033-ob-p0061 | obi-v02-n0033-re-p0063 | obi-v02-n0034-ob-p0064	Grouped by recurring leading label.
fam-list-catalogue	List 308	7	obi-v03-n0005-ob-p0005 | obi-v03-n0032-tx-p0051 | obi-v03-n0033-ob-p0052 | obi-v03-n0035-ob-p0055 | obi-v03-n0035-re-p0056	Grouped by recurring leading label.
fam-list-catalogue	List 173	5	obi-v02-n0002-ob-p0003 | obi-v02-n0019-re-p0031 | obi-v02-n0020-ob-p0033 | obi-v02-n0020-re-p0035 | obi-v02-n0021-ob-p0037	Grouped by recurring leading label.
fam-list-catalogue	List 253	5	obi-v02-n0010-ob-p0015 | obi-v02-n0072-ob-p0151 | obi-v02-n0073-tx-p0155 | obi-v02-n0076-ob-p0157 | obi-v02-n0077-ob-p0159	Grouped by recurring leading label.
fam-list-catalogue	List 307a+b	5	obi-v03-n0008-ob-p0009 | obi-v03-n0056-ob-p0090 | obi-v03-n0056-re-p0091 | obi-v03-n0057-tx-p0092 | obi-v03-n0060-ob-p0097	Grouped by recurring leading label.
fam-list-catalogue	List 479	4	obi-v01-n0129-tx-p0209 | obi-v01-n0150-tx-p0253 | obi-v01-n0162-tx-p0272 | obi-v01-n0176-tx-p0302	Grouped by recurring leading label.
fam-list-catalogue	List 305	3	obi-v03-n0006-ob-p0007 | obi-v03-n0045-re-p0073 | obi-v03-n0047-ob-p0077	Grouped by recurring leading label.
fam-list-catalogue	List 306	3	obi-v03-n0007-ob-p0008 | obi-v03-n0007-re-p0008 | obi-v03-n0055-ob-p0089	Grouped by recurring leading label.
fam-list-catalogue	List 105	2	obi-v01-n0021-ob-p0042	Grouped by recurring leading label.
fam-list-catalogue	List 108	2	obi-v01-n0023-ob-p0044	Grouped by recurring leading label.
fam-list-catalogue	List 113	2	obi-v01-n0205-ob-p0347	Grouped by recurring leading label.
fam-list-catalogue	List 1388a+b	2	obi-v01-n0107-ob-p0175 | obi-v01-n0107-re-p0175	Grouped by recurring leading label.
fam-list-catalogue	List 152	2	obi-v01-n0042-ob-p0069 | obi-v01-n0110-ob-p0183	Grouped by recurring leading label.
fam-list-catalogue	List 163	2	obi-v01-n0138-ob-p0222 | obi-v01-n0139-ob-p0224	Grouped by recurring leading label.
fam-list-catalogue	List 185	2	obi-v01-n0084-ob-p0129 | obi-v01-n0093-re-p0140	Grouped by recurring leading label.
fam-list-catalogue	List 190	2	obi-v01-n0097-tx-p0151	Grouped by recurring leading label.
fam-list-catalogue	List 194	2	obi-v01-n0101-ob-p0168	Grouped by recurring leading label.
fam-list-catalogue	List 198	2	obi-v01-n0221-tx-p0376 | obi-v01-n0222-re-p0376	Grouped by recurring leading label.
fam-list-catalogue	List 203	2	obi-v01-n0126-ob-p0205 | obi-v01-n0126-re-p0206	Grouped by recurring leading label.
fam-list-catalogue	List 215	2	obi-v01-n0161-ob-p0270	Grouped by recurring leading label.
fam-list-catalogue	List 229	2	obi-v01-n0158-tx-p0265 | obi-v01-n0159-ob-p0265	Grouped by recurring leading label.
fam-list-catalogue	List 233	2	obi-v01-n0146-tx-p0246 | obi-v01-n0158-re-p0264	Grouped by recurring leading label.
fam-list-catalogue	List 238	2	obi-v01-n0173-ob-p0298	Grouped by recurring leading label.
fam-list-catalogue	List 242	2	obi-v01-n0179-tx-p0306	Grouped by recurring leading label.
fam-list-catalogue	List 243	2	obi-v01-n0175-ob-p0302	Grouped by recurring leading label.
fam-list-catalogue	List 246	2	obi-v01-n0187-ob-p0320	Grouped by recurring leading label.
fam-list-catalogue	List 249	2	obi-v02-n0003-ob-p0004 | obi-v02-n0025-ob-p0049	Grouped by recurring leading label.
fam-list-catalogue	List 339	2	obi-v03-n0049-ob-p0079	Grouped by recurring leading label.
fam-list-catalogue	List 340	2	obi-v03-n0050-ob-p0080	Grouped by recurring leading label.
fam-list-catalogue	List 51+52	2	obi-v01-n0001-tx-p0001 | obi-v01-n0002-tx-p0004	Grouped by recurring leading label.
fam-list-catalogue	List 72	2	obi-v01-n0010-ob-p0026	Grouped by recurring leading label.
fam-list-catalogue	List 92b	2	obi-v04-n0039-ob-p0064 | obi-v04-n0039-re-p0065	Grouped by recurring leading label.
fam-list-catalogue	List-160/b	2	obi-v01-n0044-re-p0072 | obi-v01-n0048-re-p0078	Grouped by recurring leading label.
fam-list-catalogue	List-332/b	2	obi-v03-n0044-re-p0072 | obi-v04-n0133-re-p0219	Grouped by recurring leading label.
fam-list-catalogue	List-51	2	obi-v01-n0002-tx-p0004 | obi-v01-n0002-tx-p0006	Grouped by recurring leading label.
fam-list-catalogue	List-638	2	obi-v04-n0089-re-p0142 | obi-v04-n0091-ob-p0146	Grouped by recurring leading label.
fam-list-catalogue	List 106	1	obi-v01-n0022-ob-p0043	Grouped by recurring leading label.
fam-list-catalogue	List 109-110	1	obi-v01-n0205-ob-p0347	Grouped by recurring leading label.
fam-list-catalogue	List 111	1	obi-v01-n0194-re-p0330	Grouped by recurring leading label.
fam-list-catalogue	List 116	1	obi-v02-n0038-ob-p0072	Grouped by recurring leading label.
fam-list-catalogue	List 120	1	obi-v01-n0027-ob-p0048	Grouped by recurring leading label.
fam-list-catalogue	List 121	1	obi-v01-n0097-tx-p0156	Grouped by recurring leading label.
fam-list-catalogue	List 122	1	obi-v01-n0057-ob-p0091	Grouped by recurring leading label.
fam-list-catalogue	List 123a +b	1	obi-v01-n0029-ob-p0050	Grouped by recurring leading label.
fam-list-catalogue	List 125	1	obi-v01-n0031-ob-p0054	Grouped by recurring leading label.
fam-list-catalogue	List 1251	1	obi-v01-n0007-ob-p0022	Grouped by recurring leading label.
fam-list-catalogue	List 1252	1	obi-v01-n0183-ob-p0315	Grouped by recurring leading label.
fam-list-catalogue	List 1254	1	obi-v02-n0118-re-p0217	Grouped by recurring leading label.
fam-list-catalogue	List 128	1	obi-v01-n0209-ob-p0354	Grouped by recurring leading label.
fam-list-catalogue	List 1299a	1	obi-v02-n0080-re-p0165	Grouped by recurring leading label.
fam-list-catalogue	List 129a+b	1	obi-v01-n0209-ob-p0354	Grouped by recurring leading label.
fam-list-catalogue	List 130	1	obi-v01-n0139-ob-p0224	Grouped by recurring leading label.
fam-list-catalogue	List 1323	1	obi-v02-n0133-ob-p0235	Grouped by recurring leading label.
fam-list-catalogue	List 1324	1	obi-v01-n0214-ob-p0363	Grouped by recurring leading label.
fam-list-catalogue	List 134	1	obi-v01-n0212-ob-p0360	Grouped by recurring leading label.
fam-list-catalogue	List 135	1	obi-v01-n0212-ob-p0360	Grouped by recurring leading label.
fam-list-catalogue	List 1353 (acc. to IB)	1	obi-v01-n0083-ob-p0128	Grouped by recurring leading label.
fam-list-catalogue	List 136	1	obi-v01-n0213-ob-p0362	Grouped by recurring leading label.
fam-list-catalogue	List 1437	1	obi-v01-n0141-ob-p0227	Grouped by recurring leading label.
fam-list-catalogue	List 144	1	obi-v01-n0034-re-p0056	Grouped by recurring leading label.
fam-list-catalogue	List 145/b	1	obi-v01-n0038-re-p0061	Grouped by recurring leading label.
fam-list-catalogue	List 146	1	obi-v01-n0212-ob-p0360	Grouped by recurring leading label.
fam-list-catalogue	List 151	1	obi-v01-n0216-ob-p0366	Grouped by recurring leading label.
fam-list-catalogue	List 153	1	obi-v01-n0050-ob-p0081	Grouped by recurring leading label.
fam-list-catalogue	List 154/a	1	obi-v01-n0041-ob-p0065	Grouped by recurring leading label.
fam-list-catalogue	List 154a+b	1	obi-v01-n0041-ob-p0065	Grouped by recurring leading label.
fam-list-catalogue	List 156-157	1	obi-v01-n0219-ob-p0371	Grouped by recurring leading label.
fam-list-catalogue	List 160a+b	1	obi-v01-n0044-ob-p0071	Grouped by recurring leading label.
fam-list-catalogue	List 161	1	obi-v01-n0045-ob-p0073	Grouped by recurring leading label.
fam-list-catalogue	List 165	1	obi-v01-n0047-ob-p0075	Grouped by recurring leading label.
fam-list-catalogue	List 168 a+b	1	obi-v01-n0058-tx-p0093	Grouped by recurring leading label.
fam-list-catalogue	List 168a+b	1	obi-v01-n0048-ob-p0077	Grouped by recurring leading label.
fam-list-catalogue	List 169a	1	obi-v02-n0097-tx-p0188	Grouped by recurring leading label.
fam-list-catalogue	List 169b	1	obi-v02-n0097-tx-p0189	Grouped by recurring leading label.
fam-list-catalogue	List 171	1	obi-v01-n0079-ob-p0124	Grouped by recurring leading label.
fam-list-catalogue	List 172	1	obi-v01-n0054-ob-p0086	Grouped by recurring leading label.
fam-list-catalogue	List 174a+b	1	obi-v01-n0059-ob-p0093	Grouped by recurring leading label.
fam-list-catalogue	List 175	1	obi-v01-n0063-ob-p0099	Grouped by recurring leading label.
fam-list-catalogue	List 176	1	obi-v01-n0065-ob-p0102	Grouped by recurring leading label.
fam-list-catalogue	List 179	1	obi-v01-n0070-ob-p0111	Grouped by recurring leading label.
fam-list-catalogue	List 180 and 1403	1	obi-v01-n0073-ob-p0117	Grouped by recurring leading label.
fam-list-catalogue	List 182	1	obi-v01-n0075-tx-p0118	Grouped by recurring leading label.
fam-list-catalogue	List 183	1	obi-v01-n0086-tx-p0133	Grouped by recurring leading label.
fam-list-catalogue	List 186	1	obi-v01-n0142-tx-p0238	Grouped by recurring leading label.
fam-list-catalogue	List 189	1	obi-v01-n0142-tx-p0238	Grouped by recurring leading label.
fam-list-catalogue	List 191	1	obi-v01-n0095-re-p0142	Grouped by recurring leading label.
fam-list-catalogue	List 193	1	obi-v01-n0097-tx-p0161	Grouped by recurring leading label.
fam-list-catalogue	List 195	1	obi-v01-n0102-ob-p0169	Grouped by recurring leading label.
fam-list-catalogue	List 196	1	obi-v01-n0108-tx-p0176	Grouped by recurring leading label.
fam-list-catalogue	List 197	1	obi-v01-n0142-tx-p0238	Grouped by recurring leading label.
fam-list-catalogue	List 199	1	obi-v01-n0142-tx-p0238	Grouped by recurring leading label.
fam-list-catalogue	List 201	1	obi-v01-n0224-ob-p0379	Grouped by recurring leading label.
fam-list-catalogue	List 202	1	obi-v01-n0224-ob-p0379	Grouped by recurring leading label.
fam-list-catalogue	List 204	1	obi-v01-n0128-ob-p0208	Grouped by recurring leading label.
fam-list-catalogue	List 205	1	obi-v01-n0130-ob-p0211	Grouped by recurring leading label.
fam-list-catalogue	List 206/List 220	1	obi-v01-n0181-ob-p0311	Grouped by recurring leading label.
fam-list-catalogue	List 208	1	obi-v02-n0040-ob-p0074	Grouped by recurring leading label.
fam-list-catalogue	List 209	1	obi-v01-n0134-ob-p0215	Grouped by recurring leading label.
fam-list-catalogue	List 211	1	obi-v01-n0169-ob-p0287	Grouped by recurring leading label.
fam-list-catalogue	List 213	1	obi-v01-n0135-ob-p0218	Grouped by recurring leading label.
fam-list-catalogue	List 214	1	obi-v02-n0041-ob-p0076	Grouped by recurring leading label.
fam-list-catalogue	List 216	1	obi-v01-n0139-ob-p0224	Grouped by recurring leading label.
fam-list-catalogue	List 217	1	obi-v01-n0139-ob-p0224	Grouped by recurring leading label.
fam-list-catalogue	List 218	1	obi-v01-n0132-ob-p0213	Grouped by recurring leading label.
fam-list-catalogue	List 222	1	obi-v01-n0143-ob-p0240	Grouped by recurring leading label.
fam-list-catalogue	List 224	1	obi-v01-n0148-ob-p0249	Grouped by recurring leading label.
fam-list-catalogue	List 226	1	obi-v01-n0224-ob-p0379	Grouped by recurring leading label.
fam-list-catalogue	List 228	1	obi-v01-n0153-ob-p0256	Grouped by recurring leading label.
fam-list-catalogue	List 23	1	obi-v01-n0188-ob-p0321	Grouped by recurring leading label.
fam-list-catalogue	List 23, 27 BED B 420-2	1	obi-v01-n0188-ob-p0321	Grouped by recurring leading label.
fam-list-catalogue	List 230	1	obi-v01-n0160-ob-p0267	Grouped by recurring leading label.
fam-list-catalogue	List 231	1	obi-v01-n0154-ob-p0257	Grouped by recurring leading label.
fam-list-catalogue	List 232	1	obi-v01-n0157-ob-p0263	Grouped by recurring leading label.
fam-list-catalogue	List 235/b	1	obi-v01-n0174-re-p0300	Grouped by recurring leading label.
fam-list-catalogue	List 235a+b	1	obi-v01-n0174-ob-p0298	Grouped by recurring leading label.
fam-list-catalogue	List 236a+b	1	obi-v01-n0166-ob-p0278	Grouped by recurring leading label.
fam-list-catalogue	List 237	1	obi-v01-n0172-ob-p0291	Grouped by recurring leading label.
fam-list-catalogue	List 24	1	obi-v02-n0106-ob-p0202	Grouped by recurring leading label.
fam-list-catalogue	List 241	1	obi-v01-n0178-tx-p0305	Grouped by recurring leading label.
fam-list-catalogue	List 244	1	obi-v01-n0180-ob-p0309	Grouped by recurring leading label.
fam-list-catalogue	List 247	1	obi-v01-n0186-ob-p0319	Grouped by recurring leading label.
fam-list-catalogue	List 248	1	obi-v01-n0225-ob-p0381	Grouped by recurring leading label.
fam-list-catalogue	List 256	1	obi-v02-n0028-ob-p0053	Grouped by recurring leading label.
fam-list-catalogue	List 257	1	obi-v02-n0023-ob-p0044	Grouped by recurring leading label.
fam-list-catalogue	List 258	1	obi-v02-n0026-re-p0051	Grouped by recurring leading label.
fam-list-catalogue	List 258 (rev.)	1	obi-v02-n0017-ob-p0027	Grouped by recurring leading label.
fam-list-catalogue	List 259	1	obi-v02-n0022-ob-p0041	Grouped by recurring leading label.
fam-list-catalogue	List 260-261	1	obi-v02-n0024-ob-p0047	Grouped by recurring leading label.
fam-list-catalogue	List 262	1	obi-v02-n0065-tx-p0137	Grouped by recurring leading label.
fam-list-catalogue	List 262-263	1	obi-v02-n0065-tx-p0137	Grouped by recurring leading label.
fam-list-catalogue	List 264a	1	obi-v02-n0030-ob-p0056	Grouped by recurring leading label.
fam-list-catalogue	List 267	1	obi-v02-n0084-ob-p0172	Grouped by recurring leading label.
fam-list-catalogue	List 27	1	obi-v01-n0188-ob-p0321	Grouped by recurring leading label.
fam-list-catalogue	List 270a+b	1	obi-v02-n0053-tx-p0093	Grouped by recurring leading label.
fam-list-catalogue	List 271	1	obi-v02-n0045-ob-p0083	Grouped by recurring leading label.
fam-list-catalogue	List 271a+b	1	obi-v02-n0045-ob-p0083	Grouped by recurring leading label.
fam-list-catalogue	List 272	1	obi-v02-n0050-ob-p0089	Grouped by recurring leading label.
fam-list-catalogue	List 273(a)	1	obi-v01-n0052-ob-p0083	Grouped by recurring leading label.
fam-list-catalogue	List 273(b)	1	obi-v02-n0046-ob-p0085	Grouped by recurring leading label.
fam-list-catalogue	List 278/b	1	obi-v03-n0024-tx-p0035	Grouped by recurring leading label.
fam-list-catalogue	List 278b (?)	1	obi-v03-n0025-ob-p0037	Grouped by recurring leading label.
fam-list-catalogue	List 284	1	obi-v04-n0107-ob-p0171	Grouped by recurring leading label.
fam-list-catalogue	List 285	1	obi-v02-n0074-ob-p0155	Grouped by recurring leading label.
fam-list-catalogue	List 287	1	obi-v02-n0077-ob-p0159	Grouped by recurring leading label.
fam-list-catalogue	List 288	1	obi-v02-n0078-ob-p0162	Grouped by recurring leading label.
fam-list-catalogue	List 290	1	obi-v02-n0083-ob-p0170	Grouped by recurring leading label.
fam-list-catalogue	List 291	1	obi-v02-n0088-ob-p0176	Grouped by recurring leading label.
fam-list-catalogue	List 292	1	obi-v02-n0091-ob-p0179	Grouped by recurring leading label.
fam-list-catalogue	List 295	1	obi-v02-n0098-ob-p0190	Grouped by recurring leading label.
fam-list-catalogue	List 30	1	obi-v01-n0191-ob-p0325	Grouped by recurring leading label.
fam-list-catalogue	List 303 a+b	1	obi-v03-n0038-ob-p0062	Grouped by recurring leading label.
fam-list-catalogue	List 31	1	obi-v01-n0191-ob-p0325	Grouped by recurring leading label.
fam-list-catalogue	List 314/a	1	obi-v03-n0025-ob-p0037	Grouped by recurring leading label.
fam-list-catalogue	List 314/b	1	obi-v03-n0025-re-p0038	Grouped by recurring leading label.
fam-list-catalogue	List 314a+b	1	obi-v03-n0025-ob-p0037	Grouped by recurring leading label.
fam-list-catalogue	List 32	1	obi-v01-n0218-ob-p0370	Grouped by recurring leading label.
fam-list-catalogue	List 323	1	obi-v03-n0029-re-p0047	Grouped by recurring leading label.
fam-list-catalogue	List 328	1	obi-v01-n0016-ob-p0035	Grouped by recurring leading label.
fam-list-catalogue	List 329	1	obi-v03-n0039-ob-p0065	Grouped by recurring leading label.
fam-list-catalogue	List 330	1	obi-v03-n0040-ob-p0066	Grouped by recurring leading label.
fam-list-catalogue	List 331	1	obi-v03-n0041-ob-p0068	Grouped by recurring leading label.
fam-list-catalogue	List 332b	1	obi-v03-n0044-re-p0072	Grouped by recurring leading label.
fam-list-catalogue	List 333	1	obi-v03-n0042-ob-p0068	Grouped by recurring leading label.
fam-list-catalogue	List 334	1	obi-v03-n0046-re-p0074	Grouped by recurring leading label.
fam-list-catalogue	List 335	1	obi-v03-n0053-ob-p0085	Grouped by recurring leading label.
fam-list-catalogue	List 343	1	obi-v03-n0048-ob-p0078	Grouped by recurring leading label.
fam-list-catalogue	List 344a	1	obi-v03-n0052-re-p0083	Grouped by recurring leading label.
fam-list-catalogue	List 346	1	obi-v01-n0189-ob-p0322	Grouped by recurring leading label.
fam-list-catalogue	List 351	1	obi-v03-n0059-ob-p0095	Grouped by recurring leading label.
fam-list-catalogue	List 363b	1	obi-v02-n0031-ob-p0058	Grouped by recurring leading label.
fam-list-catalogue	List 368	1	obi-v02-n0018-ob-p0029	Grouped by recurring leading label.
fam-list-catalogue	List 380b	1	obi-v01-n0040-ob-p0064	Grouped by recurring leading label.
fam-list-catalogue	List 404/a	1	obi-v03-n0073-ob-p0120	Grouped by recurring leading label.
fam-list-catalogue	List 406	1	obi-v03-n0117-ob-p0197	Grouped by recurring leading label.
fam-list-catalogue	List 46	1	obi-v01-n0192-ob-p0326	Grouped by recurring leading label.
fam-list-catalogue	List 46/a BED B 467-1	1	obi-v01-n0192-ob-p0326	Grouped by recurring leading label.
fam-list-catalogue	List 465a	1	obi-v01-n0105-ob-p0173	Grouped by recurring leading label.
fam-list-catalogue	List 48	1	obi-v01-n0193-ob-p0328	Grouped by recurring leading label.
fam-list-catalogue	List 486	1	obi-v01-n0128-ob-p0208	Grouped by recurring leading label.
fam-list-catalogue	List 487	1	obi-v03-n0213-ob-p0345	Grouped by recurring leading label.
fam-list-catalogue	List 49	1	obi-v01-n0194-ob-p0329	Grouped by recurring leading label.
fam-list-catalogue	List 50 a+b	1	obi-v01-n0195-ob-p0331	Grouped by recurring leading label.
fam-list-catalogue	List 512	1	obi-v04-n0022-ob-p0029	Grouped by recurring leading label.
fam-list-catalogue	List 516	1	obi-v04-n0024-ob-p0036	Grouped by recurring leading label.
fam-list-catalogue	List 52	1	obi-v01-n0001-tx-p0001	Grouped by recurring leading label.
fam-list-catalogue	List 533	1	obi-v04-n0036-re-p0059	Grouped by recurring leading label.
fam-list-catalogue	List 536/b	1	obi-v04-n0042-re-p0071	Grouped by recurring leading label.
fam-list-catalogue	List 563 & 1436	1	obi-v04-n0060-ob-p0092	Grouped by recurring leading label.
fam-list-catalogue	List 634/a	1	obi-v04-n0084-tx-p0130	Grouped by recurring leading label.
fam-list-catalogue	List 634/d	1	obi-v04-n0084-tx-p0131	Grouped by recurring leading label.
fam-list-catalogue	List 638	1	obi-v04-n0089-ob-p0140	Grouped by recurring leading label.
fam-list-catalogue	List 66 a+b	1	obi-v01-n0004-ob-p0011	Grouped by recurring leading label.
fam-list-catalogue	List 67/a	1	obi-v01-n0206-ob-p0350	Grouped by recurring leading label.
fam-list-catalogue	List 67/b	1	obi-v01-n0206-re-p0351	Grouped by recurring leading label.
fam-list-catalogue	List 67b	1	obi-v01-n0206-re-p0351	Grouped by recurring leading label.
fam-list-catalogue	List 710	1	obi-v04-n0111-re-p0180	Grouped by recurring leading label.
fam-list-catalogue	List 722	1	obi-v02-n0072-ob-p0148	Grouped by recurring leading label.
fam-list-catalogue	List 73	1	obi-v01-n0204-re-p0346	Grouped by recurring leading label.
fam-list-catalogue	List 748	1	obi-v04-n0117-re-p0191	Grouped by recurring leading label.
fam-list-catalogue	List 78	1	obi-v01-n0070-ob-p0111	Grouped by recurring leading label.
fam-list-catalogue	List 80	1	obi-v01-n0032-ob-p0055	Grouped by recurring leading label.
fam-list-catalogue	List 81a+b	1	obi-v01-n0012-ob-p0029	Grouped by recurring leading label.
fam-list-catalogue	List 890	1	obi-v01-n0125-ob-p0204	Grouped by recurring leading label.
fam-list-catalogue	List 91	1	obi-v01-n0202-re-p0343	Grouped by recurring leading label.
fam-list-catalogue	List 92a	1	obi-v04-n0039-re-p0065	Grouped by recurring leading label.
fam-list-catalogue	List 963	1	obi-v05-n0010-ob-p0034	Grouped by recurring leading label.
fam-list-catalogue	List 97	1	obi-v01-n0207-ob-p0352	Grouped by recurring leading label.
fam-list-catalogue	List <xx>	1	obi-v01-n0073-ob-p0117	Grouped by recurring leading label.
fam-list-catalogue	List ?	1	obi-v01-n0121-tx-p0193	Grouped by recurring leading label.
fam-list-catalogue	List ???	1	obi-v01-n0171-ob-p0290	Grouped by recurring leading label.
fam-list-catalogue	List-1014	1	obi-v04-n0148-ob-p0255	Grouped by recurring leading label.
fam-list-catalogue	List-102	1	obi-v01-n0057-ob-p0091	Grouped by recurring leading label.
fam-list-catalogue	List-1043-1044	1	obi-v05-n0036-tx-p0090	Grouped by recurring leading label.
fam-list-catalogue	List-120	1	obi-v01-n0027-ob-p0048	Grouped by recurring leading label.
fam-list-catalogue	List-121	1	obi-v01-n0097-tx-p0156	Grouped by recurring leading label.
fam-list-catalogue	List-123/a	1	obi-v01-n0029-ob-p0050	Grouped by recurring leading label.
fam-list-catalogue	List-123/b	1	obi-v01-n0029-re-p0051	Grouped by recurring leading label.
fam-list-catalogue	List-1248-555	1	obi-v04-n0080-tx-p0124	Grouped by recurring leading label.
fam-list-catalogue	List-125	1	obi-v01-n0031-ob-p0054	Grouped by recurring leading label.
fam-list-catalogue	List-1251	1	obi-v01-n0007-ob-p0022	Grouped by recurring leading label.
fam-list-catalogue	List-1252	1	obi-v01-n0183-ob-p0315	Grouped by recurring leading label.
fam-list-catalogue	List-1254	1	obi-v02-n0118-re-p0217	Grouped by recurring leading label.
fam-list-catalogue	List-1255	1	obi-v02-n0004-ob-p0006	Grouped by recurring leading label.
fam-list-catalogue	List-128	1	obi-v01-n0210-ob-p0357	Grouped by recurring leading label.
fam-list-catalogue	List-129	1	obi-v01-n0209-re-p0355	Grouped by recurring leading label.
fam-list-catalogue	List-129 BED B 554-4	1	obi-v01-n0209-ob-p0354	Grouped by recurring leading label.
fam-list-catalogue	List-1294	1	obi-v05-n0008-re-p0019	Grouped by recurring leading label.
fam-list-catalogue	List-1296	1	obi-v04-n0139-re-p0236	Grouped by recurring leading label.
fam-list-catalogue	List-1297	1	obi-v04-n0096-tx-p0154	Grouped by recurring leading label.
fam-list-catalogue	List-1299/a	1	obi-v02-n0080-re-p0165	Grouped by recurring leading label.
fam-list-catalogue	List-1299/b	1	obi-v02-n0080-ob-p0164	Grouped by recurring leading label.
fam-list-catalogue	List-1323	1	obi-v02-n0133-ob-p0235	Grouped by recurring leading label.
fam-list-catalogue	List-1332	1	obi-v02-n0140-ob-p0242	Grouped by recurring leading label.
fam-list-catalogue	List-1334/a	1	obi-v02-n0141-re-p0244	Grouped by recurring leading label.
fam-list-catalogue	List-1334/b	1	obi-v02-n0141-ob-p0243	Grouped by recurring leading label.
fam-list-catalogue	List-1336	1	obi-v02-n0112-ob-p0209	Grouped by recurring leading label.
fam-list-catalogue	List-1347	1	obi-v04-n0064-re-p0098	Grouped by recurring leading label.
fam-list-catalogue	List-1354	1	obi-v02-n0134-ob-p0237	Grouped by recurring leading label.
fam-list-catalogue	List-1356	1	obi-v03-n0143-ob-p0242	Grouped by recurring leading label.
fam-list-catalogue	List-1366 BED B 600-7	1	obi-v02-n0086-ob-p0174	Grouped by recurring leading label.
fam-list-catalogue	List-1368	1	obi-v02-n0086-re-p0175	Grouped by recurring leading label.
fam-list-catalogue	List-1391	1	obi-v02-n0142-ob-p0245	Grouped by recurring leading label.
fam-list-catalogue	List-1399	1	obi-v04-n0072-re-p0113	Grouped by recurring leading label.
fam-list-catalogue	List-1400	1	obi-v02-n0137-tx-p0240	Grouped by recurring leading label.
fam-list-catalogue	List-1437	1	obi-v01-n0141-re-p0229	Grouped by recurring leading label.
fam-list-catalogue	List-144	1	obi-v01-n0034-re-p0056	Grouped by recurring leading label.
fam-list-catalogue	List-145/a	1	obi-v01-n0038-ob-p0060	Grouped by recurring leading label.
fam-list-catalogue	List-145/c	1	obi-v01-n0148-re-p0250	Grouped by recurring leading label.
fam-list-catalogue	List-146 BED B 559-6 & B 556-5	1	obi-v01-n0212-ob-p0360	Grouped by recurring leading label.
fam-list-catalogue	List-1499	1	obi-v02-n0138-tx-p0240	Grouped by recurring leading label.
fam-list-catalogue	List-151 BED B 560-6	1	obi-v01-n0216-ob-p0366	Grouped by recurring leading label.
fam-list-catalogue	List-152	1	obi-v01-n0042-ob-p0069	Grouped by recurring leading label.
fam-list-catalogue	List-153	1	obi-v01-n0050-ob-p0081	Grouped by recurring leading label.
fam-list-catalogue	List-154/b	1	obi-v01-n0041-re-p0067	Grouped by recurring leading label.
fam-list-catalogue	List-155	1	obi-v01-n0217-ob-p0367	Grouped by recurring leading label.
fam-list-catalogue	List-157, 156 BED B 562-5	1	obi-v01-n0219-ob-p0371	Grouped by recurring leading label.
fam-list-catalogue	List-159	1	obi-v01-n0137-ob-p0221	Grouped by recurring leading label.
fam-list-catalogue	List-160/a	1	obi-v01-n0044-ob-p0071	Grouped by recurring leading label.
fam-list-catalogue	List-161	1	obi-v01-n0045-ob-p0073	Grouped by recurring leading label.
fam-list-catalogue	List-163 BED B 562-2	1	obi-v01-n0139-ob-p0224	Grouped by recurring leading label.
fam-list-catalogue	List-165-27 BED B 566-2	1	obi-v01-n0047-ob-p0075	Grouped by recurring leading label.
fam-list-catalogue	List-168/a	1	obi-v01-n0048-ob-p0077	Grouped by recurring leading label.
fam-list-catalogue	List-169/a & IOB1-30/a & BED A	1	obi-v02-n0097-tx-p0189	Grouped by recurring leading label.
fam-list-catalogue	List-169/a & IOB1-30/a & BED B 619-1	1	obi-v02-n0097-tx-p0188	Grouped by recurring leading label.
fam-list-catalogue	List-171	1	obi-v01-n0079-ob-p0124	Grouped by recurring leading label.
fam-list-catalogue	List-172	1	obi-v01-n0054-ob-p0086	Grouped by recurring leading label.
fam-list-catalogue	List-173	1	obi-v02-n0002-ob-p0003	Grouped by recurring leading label.
fam-list-catalogue	List-174/a	1	obi-v01-n0059-ob-p0093	Grouped by recurring leading label.
fam-list-catalogue	List-174/b	1	obi-v01-n0059-re-p0095	Grouped by recurring leading label.
fam-list-catalogue	List-175	1	obi-v01-n0063-ob-p0099	Grouped by recurring leading label.
fam-list-catalogue	List-176	1	obi-v01-n0065-ob-p0102	Grouped by recurring leading label.
fam-list-catalogue	List-179	1	obi-v01-n0070-ob-p0111	Grouped by recurring leading label.
fam-list-catalogue	List-182	1	obi-v01-n0220-ob-p0374	Grouped by recurring leading label.
fam-list-catalogue	List-182 BED B 573-1	1	obi-v01-n0058-tx-p0093	Grouped by recurring leading label.
fam-list-catalogue	List-182 BED B 579-2	1	obi-v01-n0075-tx-p0118	Grouped by recurring leading label.
fam-list-catalogue	List-183	1	obi-v01-n0086-tx-p0133	Grouped by recurring leading label.
fam-list-catalogue	List-185,	1	obi-v01-n0084-ob-p0129	Grouped by recurring leading label.
fam-list-catalogue	List-186	1	obi-v01-n0142-tx-p0229	Grouped by recurring leading label.
fam-list-catalogue	List-191	1	obi-v01-n0095-re-p0142	Grouped by recurring leading label.
fam-list-catalogue	List-192	1	obi-v01-n0110-ob-p0183	Grouped by recurring leading label.
fam-list-catalogue	List-193	1	obi-v01-n0097-tx-p0161	Grouped by recurring leading label.
fam-list-catalogue	List-195	1	obi-v01-n0102-ob-p0169	Grouped by recurring leading label.
fam-list-catalogue	List-196	1	obi-v01-n0108-tx-p0176	Grouped by recurring leading label.
fam-list-catalogue	List-197	1	obi-v01-n0142-tx-p0235	Grouped by recurring leading label.
fam-list-catalogue	List-198	1	obi-v01-n0118-ob-p0190	Grouped by recurring leading label.
fam-list-catalogue	List-199	1	obi-v01-n0142-tx-p0233	Grouped by recurring leading label.
fam-list-catalogue	List-201 BED B 598-10	1	obi-v01-n0224-ob-p0379	Grouped by recurring leading label.
fam-list-catalogue	List-202	1	obi-v01-n0223-ob-p0377	Grouped by recurring leading label.
fam-list-catalogue	List-204	1	obi-v01-n0128-ob-p0208	Grouped by recurring leading label.
fam-list-catalogue	List-205	1	obi-v01-n0130-ob-p0211	Grouped by recurring leading label.
fam-list-catalogue	List-206	1	obi-v01-n0181-ob-p0311	Grouped by recurring leading label.
fam-list-catalogue	List-208	1	obi-v02-n0040-ob-p0074	Grouped by recurring leading label.
fam-list-catalogue	List-209	1	obi-v01-n0134-ob-p0215	Grouped by recurring leading label.
fam-list-catalogue	List-210	1	obi-v01-n0134-re-p0216	Grouped by recurring leading label.
fam-list-catalogue	List-211	1	obi-v01-n0169-ob-p0287	Grouped by recurring leading label.
fam-list-catalogue	List-213	1	obi-v01-n0135-ob-p0218	Grouped by recurring leading label.
fam-list-catalogue	List-214	1	obi-v02-n0041-ob-p0076	Grouped by recurring leading label.
fam-list-catalogue	List-218	1	obi-v01-n0132-ob-p0213	Grouped by recurring leading label.
fam-list-catalogue	List-219	1	obi-v02-n0056-ob-p0104	Grouped by recurring leading label.
fam-list-catalogue	List-220	1	obi-v01-n0181-re-p0313	Grouped by recurring leading label.
fam-list-catalogue	List-221	1	obi-v01-n0144-re-p0242	Grouped by recurring leading label.
fam-list-catalogue	List-222	1	obi-v01-n0143-ob-p0240	Grouped by recurring leading label.
fam-list-catalogue	List-223	1	obi-v01-n0146-tx-p0246	Grouped by recurring leading label.
fam-list-catalogue	List-224	1	obi-v01-n0148-ob-p0249	Grouped by recurring leading label.
fam-list-catalogue	List-227	1	obi-v01-n0165-re-p0275	Grouped by recurring leading label.
fam-list-catalogue	List-228	1	obi-v01-n0153-ob-p0256	Grouped by recurring leading label.
fam-list-catalogue	List-232	1	obi-v01-n0158-re-p0264	Grouped by recurring leading label.
fam-list-catalogue	List-233,	1	obi-v01-n0157-ob-p0263	Grouped by recurring leading label.
fam-list-catalogue	List-235/a	1	obi-v01-n0174-ob-p0298	Grouped by recurring leading label.
fam-list-catalogue	List-236/a	1	obi-v01-n0166-ob-p0278	Grouped by recurring leading label.
fam-list-catalogue	List-236/b	1	obi-v01-n0166-re-p0281	Grouped by recurring leading label.
fam-list-catalogue	List-237	1	obi-v01-n0172-ob-p0291	Grouped by recurring leading label.
fam-list-catalogue	List-24,	1	obi-v02-n0106-ob-p0202	Grouped by recurring leading label.
fam-list-catalogue	List-241	1	obi-v01-n0178-tx-p0305	Grouped by recurring leading label.
fam-list-catalogue	List-245	1	obi-v01-n0184-ob-p0316	Grouped by recurring leading label.
fam-list-catalogue	List-247	1	obi-v01-n0186-ob-p0319	Grouped by recurring leading label.
fam-list-catalogue	List-248 BED B 600-1	1	obi-v01-n0225-ob-p0381	Grouped by recurring leading label.
fam-list-catalogue	List-249	1	obi-v02-n0003-ob-p0004	Grouped by recurring leading label.
fam-list-catalogue	List-254,	1	obi-v02-n0016-ob-p0024	Grouped by recurring leading label.
fam-list-catalogue	List-255	1	obi-v03-n0003-ob-p0003	Grouped by recurring leading label.
fam-list-catalogue	List-256	1	obi-v02-n0028-ob-p0053	Grouped by recurring leading label.
fam-list-catalogue	List-257	1	obi-v02-n0023-ob-p0044	Grouped by recurring leading label.
fam-list-catalogue	List-259	1	obi-v02-n0022-ob-p0041	Grouped by recurring leading label.
fam-list-catalogue	List-260	1	obi-v02-n0025-ob-p0049	Grouped by recurring leading label.
fam-list-catalogue	List-261	1	obi-v02-n0024-ob-p0047	Grouped by recurring leading label.
fam-list-catalogue	List-262	1	obi-v02-n0021-ob-p0037	Grouped by recurring leading label.
fam-list-catalogue	List-263,	1	obi-v02-n0020-ob-p0033	Grouped by recurring leading label.
fam-list-catalogue	List-264/a	1	obi-v02-n0030-ob-p0056	Grouped by recurring leading label.
fam-list-catalogue	List-264/b	1	obi-v04-n0045-re-p0074	Grouped by recurring leading label.
fam-list-catalogue	List-266/a	1	obi-v02-n0033-ob-p0061	Grouped by recurring leading label.
fam-list-catalogue	List-266/b	1	obi-v02-n0033-re-p0063	Grouped by recurring leading label.
fam-list-catalogue	List-269	1	obi-v02-n0034-ob-p0064	Grouped by recurring leading label.
fam-list-catalogue	List-270	1	obi-v02-n0053-tx-p0093	Grouped by recurring leading label.
fam-list-catalogue	List-272	1	obi-v02-n0050-ob-p0089	Grouped by recurring leading label.
fam-list-catalogue	List-273/a	1	obi-v01-n0052-ob-p0083	Grouped by recurring leading label.
fam-list-catalogue	List-273/b	1	obi-v02-n0046-ob-p0085	Grouped by recurring leading label.
fam-list-catalogue	List-274	1	obi-v03-n0106-ob-p0184	Grouped by recurring leading label.
fam-list-catalogue	List-276/a	1	obi-v02-n0054-ob-p0099	Grouped by recurring leading label.
fam-list-catalogue	List-276/b	1	obi-v02-n0054-re-p0103	Grouped by recurring leading label.
fam-list-catalogue	List-278/a	1	obi-v02-n0052-ob-p0092	Grouped by recurring leading label.
fam-list-catalogue	List-280	1	obi-v02-n0055-re-p0104	Grouped by recurring leading label.
fam-list-catalogue	List-281	1	obi-v02-n0104-ob-p0197	Grouped by recurring leading label.
fam-list-catalogue	List-282	1	obi-v02-n0056-re-p0108	Grouped by recurring leading label.
fam-list-catalogue	List-283	1	obi-v02-n0073-tx-p0155	Grouped by recurring leading label.
fam-list-catalogue	List-284	1	obi-v04-n0107-ob-p0171	Grouped by recurring leading label.
fam-list-catalogue	List-285,	1	obi-v02-n0075-ob-p0156	Grouped by recurring leading label.
fam-list-catalogue	List-286	1	obi-v02-n0076-ob-p0157	Grouped by recurring leading label.
fam-list-catalogue	List-289	1	obi-v02-n0082-ob-p0168	Grouped by recurring leading label.
fam-list-catalogue	List-290	1	obi-v02-n0083-ob-p0170	Grouped by recurring leading label.
fam-list-catalogue	List-291	1	obi-v02-n0088-ob-p0176	Grouped by recurring leading label.
fam-list-catalogue	List-292	1	obi-v02-n0091-ob-p0179	Grouped by recurring leading label.
fam-list-catalogue	List-293 & 1352	1	obi-v03-n0017-ob-p0024	Grouped by recurring leading label.
fam-list-catalogue	List-295	1	obi-v02-n0098-ob-p0190	Grouped by recurring leading label.
fam-list-catalogue	List-296	1	obi-v02-n0101-ob-p0194	Grouped by recurring leading label.
fam-list-catalogue	List-30 BED B 447-1	1	obi-v01-n0191-ob-p0325	Grouped by recurring leading label.
fam-list-catalogue	List-302	1	obi-v03-n0001-ob-p0001	Grouped by recurring leading label.
fam-list-catalogue	List-303/a	1	obi-v03-n0038-ob-p0062	Grouped by recurring leading label.
fam-list-catalogue	List-303/b	1	obi-v03-n0038-re-p0064	Grouped by recurring leading label.
fam-list-catalogue	List-305	1	obi-v03-n0006-ob-p0007	Grouped by recurring leading label.
fam-list-catalogue	List-306/a	1	obi-v03-n0007-ob-p0008	Grouped by recurring leading label.
fam-list-catalogue	List-306/b	1	obi-v03-n0007-re-p0008	Grouped by recurring leading label.
fam-list-catalogue	List-307/a	1	obi-v03-n0008-ob-p0009	Grouped by recurring leading label.
fam-list-catalogue	List-307/b	1	obi-v03-n0008-re-p0011	Grouped by recurring leading label.
fam-list-catalogue	List-308	1	obi-v03-n0005-ob-p0005	Grouped by recurring leading label.
fam-list-catalogue	List-309	1	obi-v03-n0015-ob-p0021	Grouped by recurring leading label.
fam-list-catalogue	List-310	1	obi-v03-n0020-tx-p0027	Grouped by recurring leading label.
fam-list-catalogue	List-311	1	obi-v03-n0021-ob-p0028	Grouped by recurring leading label.
fam-list-catalogue	List-313,	1	obi-v03-n0018-ob-p0025	Grouped by recurring leading label.
fam-list-catalogue	List-32 BED B 562-4	1	obi-v01-n0218-ob-p0370	Grouped by recurring leading label.
fam-list-catalogue	List-322	1	obi-v03-n0033-ob-p0052	Grouped by recurring leading label.
fam-list-catalogue	List-325	1	obi-v03-n0037-ob-p0058	Grouped by recurring leading label.
fam-list-catalogue	List-326	1	obi-v02-n0058-ob-p0115	Grouped by recurring leading label.
fam-list-catalogue	List-327	1	obi-v03-n0035-re-p0056	Grouped by recurring leading label.
fam-list-catalogue	List-329	1	obi-v03-n0039-ob-p0065	Grouped by recurring leading label.
fam-list-catalogue	List-330	1	obi-v03-n0040-ob-p0066	Grouped by recurring leading label.
fam-list-catalogue	List-331	1	obi-v03-n0041-ob-p0068	Grouped by recurring leading label.
fam-list-catalogue	List-332/a	1	obi-v02-n0105-ob-p0198	Grouped by recurring leading label.
fam-list-catalogue	List-333	1	obi-v03-n0042-ob-p0068	Grouped by recurring leading label.
fam-list-catalogue	List-334	1	obi-v03-n0046-re-p0074	Grouped by recurring leading label.
fam-list-catalogue	List-335,	1	obi-v03-n0053-ob-p0085	Grouped by recurring leading label.
fam-list-catalogue	List-342	1	obi-v03-n0047-ob-p0077	Grouped by recurring leading label.
fam-list-catalogue	List-343	1	obi-v03-n0048-ob-p0078	Grouped by recurring leading label.
fam-list-catalogue	List-344/a	1	obi-v03-n0052-re-p0083	Grouped by recurring leading label.
fam-list-catalogue	List-344/b	1	obi-v03-n0045-re-p0073	Grouped by recurring leading label.
fam-list-catalogue	List-345	1	obi-v03-n0055-ob-p0089	Grouped by recurring leading label.
fam-list-catalogue	List-346/a BED B 429-1	1	obi-v01-n0189-ob-p0322	Grouped by recurring leading label.
fam-list-catalogue	List-349	1	obi-v03-n0057-tx-p0092	Grouped by recurring leading label.
fam-list-catalogue	List-350	1	obi-v03-n0061-ob-p0100	Grouped by recurring leading label.
fam-list-catalogue	List-351	1	obi-v03-n0059-ob-p0095	Grouped by recurring leading label.
fam-list-catalogue	List-352	1	obi-v03-n0060-ob-p0097	Grouped by recurring leading label.
fam-list-catalogue	List-353	1	obi-v03-n0173-ob-p0293	Grouped by recurring leading label.
fam-list-catalogue	List-353/b	1	obi-v03-n0173-re-p0295	Grouped by recurring leading label.
fam-list-catalogue	List-354/a	1	obi-v03-n0063-ob-p0103	Grouped by recurring leading label.
fam-list-catalogue	List-354/b	1	obi-v03-n0063-re-p0106	Grouped by recurring leading label.
fam-list-catalogue	List-355	1	obi-v03-n0062-ob-p0102	Grouped by recurring leading label.
fam-list-catalogue	List-357/a & 358/a	1	obi-v03-n0066-ob-p0110	Grouped by recurring leading label.
fam-list-catalogue	List-357/b & 358/b	1	obi-v03-n0066-re-p0111	Grouped by recurring leading label.
fam-list-catalogue	List-359	1	obi-v03-n0068-ob-p0113	Grouped by recurring leading label.
fam-list-catalogue	List-362	1	obi-v03-n0072-re-p0119	Grouped by recurring leading label.
fam-list-catalogue	List-363/b	1	obi-v02-n0031-ob-p0058	Grouped by recurring leading label.
fam-list-catalogue	List-364	1	obi-v03-n0074-ob-p0122	Grouped by recurring leading label.
fam-list-catalogue	List-365	1	obi-v03-n0075-ob-p0123	Grouped by recurring leading label.
fam-list-catalogue	List-368,	1	obi-v02-n0018-ob-p0029	Grouped by recurring leading label.
fam-list-catalogue	List-368/a	1	obi-v03-n0070-re-p0115	Grouped by recurring leading label.
fam-list-catalogue	List-369	1	obi-v03-n0081-ob-p0135	Grouped by recurring leading label.
fam-list-catalogue	List-370	1	obi-v03-n0080-ob-p0135	Grouped by recurring leading label.
fam-list-catalogue	List-373/a	1	obi-v03-n0082-ob-p0138	Grouped by recurring leading label.
fam-list-catalogue	List-374	1	obi-v03-n0083-ob-p0139	Grouped by recurring leading label.
fam-list-catalogue	List-376	1	obi-v03-n0084-ob-p0141	Grouped by recurring leading label.
fam-list-catalogue	List-378/a	1	obi-v03-n0076-re-p0124	Grouped by recurring leading label.
fam-list-catalogue	List-378/b	1	obi-v03-n0009-ob-p0012	Grouped by recurring leading label.
fam-list-catalogue	List-378/c	1	obi-v03-n0079-tx-p0132	Grouped by recurring leading label.
fam-list-catalogue	List-378/d	1	obi-v03-n0079-tx-p0134	Grouped by recurring leading label.
fam-list-catalogue	List-379	1	obi-v03-n0153-ob-p0255	Grouped by recurring leading label.
fam-list-catalogue	List-380/b	1	obi-v01-n0040-ob-p0064	Grouped by recurring leading label.
fam-list-catalogue	List-383/a	1	obi-v03-n0087-ob-p0152	Grouped by recurring leading label.
fam-list-catalogue	List-384/b	1	obi-v03-n0086-re-p0150	Grouped by recurring leading label.
fam-list-catalogue	List-386	1	obi-v03-n0109-ob-p0187	Grouped by recurring leading label.
fam-list-catalogue	List-387	1	obi-v03-n0088-ob-p0158	Grouped by recurring leading label.
fam-list-catalogue	List-389	1	obi-v03-n0092-ob-p0167	Grouped by recurring leading label.
fam-list-catalogue	List-391	1	obi-v03-n0090-ob-p0160	Grouped by recurring leading label.
fam-list-catalogue	List-392/a	1	obi-v03-n0091-ob-p0162	Grouped by recurring leading label.
fam-list-catalogue	List-392/b	1	obi-v03-n0091-re-p0164	Grouped by recurring leading label.
fam-list-catalogue	List-393	1	obi-v03-n0099-ob-p0174	Grouped by recurring leading label.
fam-list-catalogue	List-394	1	obi-v03-n0098-ob-p0173	Grouped by recurring leading label.
fam-list-catalogue	List-396	1	obi-v03-n0097-ob-p0172	Grouped by recurring leading label.
fam-list-catalogue	List-397	1	obi-v03-n0103-ob-p0179	Grouped by recurring leading label.
fam-list-catalogue	List-400/a/a	1	obi-v03-n0107-ob-p0185	Grouped by recurring leading label.
fam-list-catalogue	List-404/b	1	obi-v03-n0111-re-p0191	Grouped by recurring leading label.
fam-list-catalogue	List-405	1	obi-v03-n0112-ob-p0192	Grouped by recurring leading label.
fam-list-catalogue	List-407	1	obi-v03-n0115-ob-p0194	Grouped by recurring leading label.
fam-list-catalogue	List-408	1	obi-v03-n0114-ob-p0193	Grouped by recurring leading label.
fam-list-catalogue	List-409/a	1	obi-v04-n0116-ob-p0185	Grouped by recurring leading label.
fam-list-catalogue	List-409/b	1	obi-v04-n0116-re-p0188	Grouped by recurring leading label.
fam-list-catalogue	List-410/a	1	obi-v02-n0103-ob-p0196	Grouped by recurring leading label.
fam-list-catalogue	List-410/b	1	obi-v03-n0095-re-p0170	Grouped by recurring leading label.
fam-list-catalogue	List-411	1	obi-v03-n0113-ob-p0193	Grouped by recurring leading label.
fam-list-catalogue	List-412	1	obi-v03-n0116-ob-p0196	Grouped by recurring leading label.
fam-list-catalogue	List-417	1	obi-v03-n0122-re-p0206	Grouped by recurring leading label.
fam-list-catalogue	List-418	1	obi-v03-n0121-ob-p0205	Grouped by recurring leading label.
fam-list-catalogue	List-422	1	obi-v03-n0125-ob-p0214	Grouped by recurring leading label.
fam-list-catalogue	List-428	1	obi-v03-n0128-ob-p0218	Grouped by recurring leading label.
fam-list-catalogue	List-431	1	obi-v03-n0132-ob-p0225	Grouped by recurring leading label.
fam-list-catalogue	List-434	1	obi-v03-n0137-ob-p0234	Grouped by recurring leading label.
fam-list-catalogue	List-435	1	obi-v03-n0138-ob-p0235	Grouped by recurring leading label.
fam-list-catalogue	List-437	1	obi-v03-n0184-ob-p0306	Grouped by recurring leading label.
fam-list-catalogue	List-438	1	obi-v03-n0142-ob-p0240	Grouped by recurring leading label.
fam-list-catalogue	List-443, 437	1	obi-v03-n0141-ob-p0238	Grouped by recurring leading label.
fam-list-catalogue	List-448 BED B 622-6	1	obi-v03-n0151-ob-p0253	Grouped by recurring leading label.
fam-list-catalogue	List-451	1	obi-v03-n0150-ob-p0252	Grouped by recurring leading label.
fam-list-catalogue	List-452	1	obi-v03-n0154-ob-p0257	Grouped by recurring leading label.
fam-list-catalogue	List-457	1	obi-v03-n0157-ob-p0260	Grouped by recurring leading label.
fam-list-catalogue	List-458	1	obi-v03-n0093-ob-p0168	Grouped by recurring leading label.
fam-list-catalogue	List-464	1	obi-v03-n0174-ob-p0296	Grouped by recurring leading label.
fam-list-catalogue	List-465/a	1	obi-v01-n0105-ob-p0173	Grouped by recurring leading label.
fam-list-catalogue	List-467	1	obi-v03-n0178-ob-p0299	Grouped by recurring leading label.
fam-list-catalogue	List-477	1	obi-v03-n0186-ob-p0308	Grouped by recurring leading label.
fam-list-catalogue	List-478	1	obi-v03-n0194-ob-p0317	Grouped by recurring leading label.
fam-list-catalogue	List-48 BED B 468-1	1	obi-v01-n0193-ob-p0328	Grouped by recurring leading label.
fam-list-catalogue	List-480	1	obi-v03-n0197-ob-p0320	Grouped by recurring leading label.
fam-list-catalogue	List-482	1	obi-v03-n0202-ob-p0330	Grouped by recurring leading label.
fam-list-catalogue	List-483	1	obi-v03-n0211-ob-p0342	Grouped by recurring leading label.
fam-list-catalogue	List-488	1	obi-v03-n0212-ob-p0343	Grouped by recurring leading label.
fam-list-catalogue	List-489	1	obi-v03-n0214-ob-p0347	Grouped by recurring leading label.
fam-list-catalogue	List-49 BED B 469-1	1	obi-v01-n0194-ob-p0329	Grouped by recurring leading label.
fam-list-catalogue	List-490	1	obi-v03-n0216-ob-p0351	Grouped by recurring leading label.
fam-list-catalogue	List-492	1	obi-v03-n0224-ob-p0359	Grouped by recurring leading label.
fam-list-catalogue	List-493	1	obi-v03-n0223-ob-p0358	Grouped by recurring leading label.
fam-list-catalogue	List-494	1	obi-v03-n0222-ob-p0357	Grouped by recurring leading label.
fam-list-catalogue	List-497	1	obi-v03-n0226-ob-p0363	Grouped by recurring leading label.
fam-list-catalogue	List-498,	1	obi-v04-n0008-ob-p0012	Grouped by recurring leading label.
fam-list-catalogue	List-499	1	obi-v04-n0048-ob-p0077	Grouped by recurring leading label.
fam-list-catalogue	List-50/a BED B 472-1	1	obi-v01-n0195-ob-p0331	Grouped by recurring leading label.
fam-list-catalogue	List-503,	1	obi-v04-n0015-ob-p0019	Grouped by recurring leading label.
fam-list-catalogue	List-504/b	1	obi-v04-n0011-re-p0015	Grouped by recurring leading label.
fam-list-catalogue	List-506	1	obi-v04-n0031-ob-p0049	Grouped by recurring leading label.
fam-list-catalogue	List-507	1	obi-v05-n0018-ob-p0061	Grouped by recurring leading label.
fam-list-catalogue	List-515	1	obi-v04-n0021-ob-p0028	Grouped by recurring leading label.
fam-list-catalogue	List-516,	1	obi-v04-n0024-ob-p0036	Grouped by recurring leading label.
fam-list-catalogue	List-517/a,	1	obi-v04-n0019-ob-p0024	Grouped by recurring leading label.
fam-list-catalogue	List-517/b,	1	obi-v04-n0019-re-p0025	Grouped by recurring leading label.
fam-list-catalogue	List-52	1	obi-v01-n0001-tx-p0002	Grouped by recurring leading label.
fam-list-catalogue	List-523,	1	obi-v04-n0026-ob-p0040	Grouped by recurring leading label.
fam-list-catalogue	List-524/a	1	obi-v04-n0029-ob-p0044	Grouped by recurring leading label.
fam-list-catalogue	List-524/b	1	obi-v04-n0029-re-p0046	Grouped by recurring leading label.
fam-list-catalogue	List-525/a--468/a	1	obi-v04-n0030-ob-p0047	Grouped by recurring leading label.
fam-list-catalogue	List-530	1	obi-v04-n0033-ob-p0054	Grouped by recurring leading label.
fam-list-catalogue	List-532/a	1	obi-v04-n0035-ob-p0056	Grouped by recurring leading label.
fam-list-catalogue	List-535	1	obi-v04-n0089-ob-p0140	Grouped by recurring leading label.
fam-list-catalogue	List-535/b	1	obi-v04-n0035-re-p0058	Grouped by recurring leading label.
fam-list-catalogue	List-538	1	obi-v04-n0049-ob-p0079	Grouped by recurring leading label.
fam-list-catalogue	List-550	1	obi-v04-n0052-ob-p0082	Grouped by recurring leading label.
fam-list-catalogue	List-56	1	obi-v04-n0062-ob-p0095	Grouped by recurring leading label.
fam-list-catalogue	List-564/a	1	obi-v04-n0059-ob-p0089	Grouped by recurring leading label.
fam-list-catalogue	List-564/b	1	obi-v04-n0059-re-p0090	Grouped by recurring leading label.
fam-list-catalogue	List-565/b,	1	obi-v04-n0065-re-p0101	Grouped by recurring leading label.
fam-list-catalogue	List-569	1	obi-v04-n0064-ob-p0097	Grouped by recurring leading label.
fam-list-catalogue	List-585	1	obi-v04-n0068-ob-p0108	Grouped by recurring leading label.
fam-list-catalogue	List-598	1	obi-v04-n0075-ob-p0118	Grouped by recurring leading label.
fam-list-catalogue	List-599	1	obi-v04-n0074-ob-p0117	Grouped by recurring leading label.
fam-list-catalogue	List-622	1	obi-v04-n0090-ob-p0144	Grouped by recurring leading label.
fam-list-catalogue	List-633/a	1	obi-v03-n0035-ob-p0055	Grouped by recurring leading label.
fam-list-catalogue	List-634/b	1	obi-v04-n0084-tx-p0132	Grouped by recurring leading label.
fam-list-catalogue	List-634/c	1	obi-v04-n0084-tx-p0133	Grouped by recurring leading label.
fam-list-catalogue	List-66/a	1	obi-v01-n0004-ob-p0011	Grouped by recurring leading label.
fam-list-catalogue	List-66/b	1	obi-v01-n0004-re-p0015	Grouped by recurring leading label.
fam-list-catalogue	List-701/a	1	obi-v04-n0108-ob-p0172	Grouped by recurring leading label.
fam-list-catalogue	List-701/b	1	obi-v04-n0108-re-p0175	Grouped by recurring leading label.
fam-list-catalogue	List-73 BED B 513-3	1	obi-v01-n0204-re-p0346	Grouped by recurring leading label.
fam-list-catalogue	List-75	1	obi-v02-n0092-ob-p0181	Grouped by recurring leading label.
fam-list-catalogue	List-761	1	obi-v04-n0120-ob-p0196	Grouped by recurring leading label.
fam-list-catalogue	List-772	1	obi-v03-n0203-tx-p0331	Grouped by recurring leading label.
fam-list-catalogue	List-80	1	obi-v01-n0032-ob-p0055	Grouped by recurring leading label.
fam-list-catalogue	List-804	1	obi-v05-n0006-ob-p0011	Grouped by recurring leading label.
fam-list-catalogue	List-81/a	1	obi-v01-n0012-ob-p0029	Grouped by recurring leading label.
fam-list-catalogue	List-81/b	1	obi-v01-n0012-re-p0030	Grouped by recurring leading label.
fam-list-catalogue	List-821	1	obi-v04-n0087-ob-p0138	Grouped by recurring leading label.
fam-list-catalogue	List-875	1	obi-v02-n0114-ob-p0211	Grouped by recurring leading label.
fam-list-catalogue	List-876	1	obi-v04-n0142-ob-p0240	Grouped by recurring leading label.
fam-list-catalogue	List-890	1	obi-v01-n0125-ob-p0204	Grouped by recurring leading label.
fam-list-catalogue	List-90	1	obi-v03-n0002-re-p0002	Grouped by recurring leading label.
fam-list-catalogue	List-91 BED B 534-2	1	obi-v01-n0202-re-p0343	Grouped by recurring leading label.
fam-list-catalogue	List-92/a	1	obi-v04-n0039-re-p0065	Grouped by recurring leading label.
fam-list-catalogue	List-92/b	1	obi-v04-n0039-ob-p0064	Grouped by recurring leading label.
fam-list-catalogue	List-939	1	obi-v05-n0011-ob-p0044	Grouped by recurring leading label.
fam-list-catalogue	List-943	1	obi-v05-n0012-ob-p0046	Grouped by recurring leading label.
fam-list-catalogue	List-944	1	obi-v05-n0013-tx-p0050	Grouped by recurring leading label.
fam-list-catalogue	List-958	1	obi-v05-n0016-ob-p0054	Grouped by recurring leading label.
fam-list-catalogue	List-97 BED B 547-2	1	obi-v01-n0207-ob-p0352	Grouped by recurring leading label.
fam-list-catalogue	List-982,	1	obi-v05-n0021-ob-p0065	Grouped by recurring leading label.
fam-mm-catalogue	MM 1, no. 13, p. 117	1	obi-v03-n0053-ob-p0085	Grouped by recurring leading label.
fam-mm-catalogue	MM 1, no. 15, p. 136	1	obi-v01-n0191-ob-p0325	Grouped by recurring leading label.
fam-mm-catalogue	MM 1, no. 16, p. 140	1	obi-v01-n0191-ob-p0325	Grouped by recurring leading label.
fam-mm-catalogue	MM 1, no. 34, p. 306 (= B 2, p. 804 ?)	1	obi-v01-n0189-ob-p0322	Grouped by recurring leading label.
fam-mm-catalogue	MM 2, no. 1, p. 1	1	obi-v01-n0188-ob-p0321	Grouped by recurring leading label.
fam-mm-catalogue	MM 2, no. 36, p. 144	1	obi-v01-n0022-ob-p0043	Grouped by recurring leading label.
fam-mm-catalogue	MM 2, no. 4, p. 8	1	obi-v01-n0188-ob-p0321	Grouped by recurring leading label.
fam-mm-catalogue	MM 2, nos. 38-39	1	obi-v01-n0205-ob-p0347	Grouped by recurring leading label.
fam-mm-catalogue	MM 2, nos. 42-43, p. 168-172	1	obi-v01-n0194-re-p0330	Grouped by recurring leading label.
fam-mm-catalogue	MM 3, no. 31, p. 133	1	obi-v01-n0070-ob-p0111	Grouped by recurring leading label.
fam-mm-catalogue	MM 3, no. 37-38, p. 155-160	1	obi-v01-n0052-ob-p0083	Grouped by recurring leading label.
fam-mm-catalogue	MM 3, no. 39, p. 166	1	obi-v01-n0138-ob-p0222	Grouped by recurring leading label.
fam-mm-catalogue	MM 3, no. 40, p. 170	1	obi-v01-n0144-re-p0242	Grouped by recurring leading label.
fam-mm-catalogue	MM 3, no. 41, p. 172 (2nd and 3rd inscr.)	1	obi-v01-n0224-ob-p0379	Grouped by recurring leading label.
fam-mm-catalogue	MM 3, no. 42, p. 175	1	obi-v01-n0224-ob-p0379	Grouped by recurring leading label.
fam-mm-catalogue	MM 3, no. 43, p. 183	1	obi-v01-n0224-ob-p0379	Grouped by recurring leading label.
fam-mm-catalogue	MM 3, no. 44, p. 189	1	obi-v01-n0179-tx-p0306	Grouped by recurring leading label.
fam-mm-catalogue	MM 3, p. 90 (not in List)	1	obi-v01-n0216-ob-p0366	Grouped by recurring leading label.
fam-mm-catalogue	MM 3, p. 93 (which has Vattalaṅkapuil as donor) and List 149	1	obi-v01-n0216-ob-p0366	Grouped by recurring leading label.
fam-mm-catalogue	MM 4, no. 40, p. 1186 (third inscr.)	1	obi-v03-n0059-ob-p0095	Grouped by recurring leading label.
fam-mm-catalogue	MM 4, no. 40, p. 186 (first part)	1	obi-v01-n0212-ob-p0360	Grouped by recurring leading label.
fam-mm-catalogue	MM 4, no. 58, p. 253	1	obi-v03-n0058-ob-p0094	Grouped by recurring leading label.
fam-mm-catalogue	MM 4, no. 64, p. 275 (dated CS 660/1398)	1	obi-v01-n0216-ob-p0366	Grouped by recurring leading label.
fam-obi-internal	OBI 3, p. 2	78	obi-v03-n0002-re-p0002 | obi-v03-n0014-re-p0020 | obi-v03-n0015-ob-p0021 | obi-v03-n0016-ob-p0022 | obi-v03-n0016-re-p0023	Grouped by recurring leading label.
fam-obi-internal	OBI 3, p. 1	77	obi-v03-n0001-ob-p0001 | obi-v03-n0008-re-p0011 | obi-v03-n0009-ob-p0012 | obi-v03-n0010-ob-p0013 | obi-v03-n0011-ob-p0014	Grouped by recurring leading label.
fam-obi-internal	OBI 3, p. 3	66	obi-v03-n0003-ob-p0003 | obi-v03-n0022-ob-p0033 | obi-v03-n0023-ob-p0033 | obi-v03-n0023-re-p0034 | obi-v03-n0024-re-p0036	Grouped by recurring leading label.
fam-obi-internal	OBI 2, p. 1	50	obi-v02-n0001-ob-p0001 | obi-v02-n0006-ob-p0010 | obi-v02-n0007-ob-p0011 | obi-v02-n0007-re-p0011 | obi-v02-n0008-re-p0013	Grouped by recurring leading label.
fam-obi-internal	OBI 2, p. 24	12	obi-v02-n0016-ob-p0024 | obi-v02-n0137-tx-p0240 | obi-v02-n0138-tx-p0240 | obi-v02-n0139-tx-p0241 | obi-v02-n0140-ob-p0242	Grouped by recurring leading label.
fam-obi-internal	OBI 2, p. 22	10	obi-v02-n0015-ob-p0022 | obi-v02-n0120-ob-p0220 | obi-v02-n0120-re-p0221 | obi-v02-n0121-tx-p0223 | obi-v02-n0121-tx-p0225	Grouped by recurring leading label.
fam-obi-internal	OBI 2, p. 20	9	obi-v02-n0013-ob-p0020 | obi-v02-n0107-ob-p0203 | obi-v02-n0108-re-p0204 | obi-v02-n0109-ob-p0205 | obi-v02-n0109-tx-p0206	Grouped by recurring leading label.
fam-obi-internal	OBI 2, p. 6	9	obi-v02-n0004-ob-p0006 | obi-v02-n0032-ob-p0060 | obi-v02-n0033-ob-p0061 | obi-v02-n0033-re-p0063 | obi-v02-n0034-ob-p0064	Grouped by recurring leading label.
fam-obi-internal	OBI 2, p. 21	8	obi-v02-n0014-ob-p0021 | obi-v02-n0113-ob-p0210 | obi-v02-n0114-ob-p0211 | obi-v02-n0115-ob-p0212 | obi-v02-n0116-ob-p0212	Grouped by recurring leading label.
fam-obi-internal	OBI 4, p. 26	8	obi-v04-n0020-ob-p0026 | obi-v04-n0149-re-p0260 | obi-v04-n0150-ob-p0261 | obi-v04-n0150-re-p0262 | obi-v04-n0151-ob-p0263	Grouped by recurring leading label.
fam-obi-internal	OBI 3, p. 5	7	obi-v03-n0005-ob-p0005 | obi-v03-n0032-tx-p0051 | obi-v03-n0033-ob-p0052 | obi-v03-n0035-ob-p0055 | obi-v03-n0035-re-p0056	Grouped by recurring leading label.
fam-obi-internal	OBI 1, p. 222	6	obi-v01-n0138-ob-p0222 | obi-v02-n0005-re-p0009 | obi-v02-n0051-ob-p0091 | obi-v02-n0052-ob-p0092 | obi-v02-n0053-re-p0096	Grouped by recurring leading label.
fam-obi-internal	OBI 3, p. 4	6	obi-v03-n0004-ob-p0004 | obi-v03-n0026-re-p0041 | obi-v03-n0027-re-p0045 | obi-v03-n0028-ob-p0046 | obi-v03-n0029-re-p0047	Grouped by recurring leading label.
fam-obi-internal	OBI 2, p. 15	5	obi-v02-n0010-ob-p0015 | obi-v02-n0072-ob-p0151 | obi-v02-n0073-tx-p0155 | obi-v02-n0076-ob-p0157 | obi-v02-n0077-ob-p0159	Grouped by recurring leading label.
fam-obi-internal	OBI 2, p. 3	5	obi-v02-n0002-ob-p0003 | obi-v02-n0019-re-p0031 | obi-v02-n0020-ob-p0033 | obi-v02-n0020-re-p0035 | obi-v02-n0021-ob-p0037	Grouped by recurring leading label.
fam-obi-internal	OBI 2, p. 9	5	obi-v02-n0005-re-p0009 | obi-v02-n0051-ob-p0091 | obi-v02-n0052-ob-p0092 | obi-v02-n0053-re-p0096 | obi-v02-n0054-ob-p0099	Grouped by recurring leading label.
fam-obi-internal	OBI 3, p. 9-11	5	obi-v03-n0008-ob-p0009 | obi-v03-n0056-ob-p0090 | obi-v03-n0056-re-p0091 | obi-v03-n0057-tx-p0092 | obi-v03-n0060-ob-p0097	Grouped by recurring leading label.
fam-obi-internal	OBI 3, p. 7	3	obi-v03-n0006-ob-p0007 | obi-v03-n0045-re-p0073 | obi-v03-n0047-ob-p0077	Grouped by recurring leading label.
fam-obi-internal	OBI 3, p. 8	3	obi-v03-n0007-ob-p0008 | obi-v03-n0007-re-p0008 | obi-v03-n0055-ob-p0089	Grouped by recurring leading label.
fam-obi-internal	OBI 1, p. 106	2	obi-v01-n0066-re-p0106 | obi-v01-n0067-ob-p0106	Grouped by recurring leading label.
fam-obi-internal	OBI 1, p. 118	2	obi-v01-n0074-ob-p0118 | obi-v01-n0075-tx-p0118	Grouped by recurring leading label.
fam-obi-internal	OBI 1, p. 125	2	obi-v01-n0080-ob-p0125 | obi-v01-n0081-ob-p0125	Grouped by recurring leading label.
fam-obi-internal	OBI 1, p. 127	2	obi-v01-n0082-ob-p0127 | obi-v01-n0082-re-p0127	Grouped by recurring leading label.
fam-obi-internal	OBI 1, p. 133	2	obi-v01-n0086-tx-p0133 | obi-v01-n0087-ob-p0133	Grouped by recurring leading label.
fam-obi-internal	OBI 1, p. 164	2	obi-v01-n0098-ob-p0164 | obi-v01-n0099-ob-p0164	Grouped by recurring leading label.
fam-obi-internal	OBI 1, p. 175	2	obi-v01-n0107-ob-p0175 | obi-v01-n0107-re-p0175	Grouped by recurring leading label.
fam-obi-internal	OBI 1, p. 190	2	obi-v01-n0221-tx-p0376 | obi-v01-n0222-re-p0376	Grouped by recurring leading label.
fam-obi-internal	OBI 1, p. 255	2	obi-v01-n0151-ob-p0255 | obi-v01-n0152-ob-p0255	Grouped by recurring leading label.
fam-obi-internal	OBI 1, p. 265	2	obi-v01-n0158-tx-p0265 | obi-v01-n0159-ob-p0265	Grouped by recurring leading label.
fam-obi-internal	OBI 1, p. 289	2	obi-v01-n0170-ob-p0289 | obi-v01-n0170-re-p0289	Grouped by recurring leading label.
fam-obi-internal	OBI 1, p. 298	2	obi-v01-n0173-ob-p0298 | obi-v01-n0174-ob-p0298	Grouped by recurring leading label.
fam-obi-internal	OBI 1, p. 302	2	obi-v01-n0175-ob-p0302 | obi-v01-n0176-tx-p0302	Grouped by recurring leading label.
fam-obi-internal	OBI 1, p. 376	2	obi-v01-n0221-tx-p0376 | obi-v01-n0222-re-p0376	Grouped by recurring leading label.
fam-obi-internal	OBI 1, p. 46	2	obi-v01-n0025-ob-p0046 | obi-v01-n0026-ob-p0046	Grouped by recurring leading label.
fam-obi-internal	OBI 1, p. 56	2	obi-v01-n0033-ob-p0056 | obi-v01-n0034-re-p0056	Grouped by recurring leading label.
fam-obi-internal	OBI 1, p. 86	2	obi-v01-n0053-ob-p0086 | obi-v01-n0054-ob-p0086	Grouped by recurring leading label.
fam-obi-internal	OBI 1, p. 89	2	obi-v01-n0054-tx-p0089 | obi-v01-n0055-ob-p0089	Grouped by recurring leading label.
fam-obi-internal	OBI 1, p. 93	2	obi-v01-n0058-tx-p0093 | obi-v01-n0059-ob-p0093	Grouped by recurring leading label.
fam-obi-internal	OBI 1, p. 97	2	obi-v01-n0061-ob-p0097 | obi-v01-n0062-ob-p0097	Grouped by recurring leading label.
fam-obi-internal	OBI 2, p. 227	2	obi-v02-n0124-ob-p0227 | obi-v02-n0125-tx-p0227	Grouped by recurring leading label.
fam-obi-internal	OBI 2, p. 4	2	obi-v02-n0003-ob-p0004 | obi-v02-n0025-ob-p0049	Grouped by recurring leading label.
fam-obi-internal	OBI 2, p. 83	2	obi-v02-n0044-ob-p0083 | obi-v02-n0045-ob-p0083	Grouped by recurring leading label.
fam-obi-internal	OBI 2, p. 87	2	obi-v02-n0047-re-p0087 | obi-v02-n0048-ob-p0087	Grouped by recurring leading label.
fam-obi-internal	OBI 3, p. 68	2	obi-v03-n0041-ob-p0068 | obi-v03-n0042-ob-p0068	Grouped by recurring leading label.
fam-obi-internal	OBI 4, p. 64	2	obi-v04-n0039-ob-p0064 | obi-v04-n0039-re-p0065	Grouped by recurring leading label.
fam-obi-internal	OBI 1, p. 1 and OBI1,p.4	1	obi-v01-n0001-tx-p0001	Grouped by recurring leading label.
fam-obi-internal	OBI 1, p. 100	1	obi-v01-n0064-ob-p0100	Grouped by recurring leading label.
fam-obi-internal	OBI 1, p. 102	1	obi-v01-n0065-ob-p0102	Grouped by recurring leading label.
fam-obi-internal	OBI 1, p. 105	1	obi-v01-n0066-ob-p0105	Grouped by recurring leading label.
fam-obi-internal	OBI 1, p. 107	1	obi-v01-n0068-ob-p0107	Grouped by recurring leading label.
fam-obi-internal	OBI 1, p. 108	1	obi-v01-n0069-ob-p0108	Grouped by recurring leading label.
fam-obi-internal	OBI 1, p. 11	1	obi-v01-n0004-ob-p0011	Grouped by recurring leading label.
fam-obi-internal	OBI 1, p. 111	1	obi-v01-n0070-ob-p0111	Grouped by recurring leading label.
fam-obi-internal	OBI 1, p. 112	1	obi-v01-n0071-ob-p0112	Grouped by recurring leading label.
fam-obi-internal	OBI 1, p. 116	1	obi-v01-n0072-ob-p0116	Grouped by recurring leading label.
fam-obi-internal	OBI 1, p. 117	1	obi-v01-n0073-ob-p0117	Grouped by recurring leading label.
fam-obi-internal	OBI 1, p. 119	1	obi-v01-n0076-ob-p0119	Grouped by recurring leading label.
fam-obi-internal	OBI 1, p. 121	1	obi-v01-n0077-ob-p0121	Grouped by recurring leading label.
fam-obi-internal	OBI 1, p. 123	1	obi-v01-n0078-ob-p0123	Grouped by recurring leading label.
fam-obi-internal	OBI 1, p. 124	1	obi-v01-n0079-ob-p0124	Grouped by recurring leading label.
fam-obi-internal	OBI 1, p. 128	1	obi-v01-n0083-ob-p0128	Grouped by recurring leading label.
fam-obi-internal	OBI 1, p. 129	1	obi-v01-n0084-ob-p0129	Grouped by recurring leading label.
fam-obi-internal	OBI 1, p. 130	1	obi-v01-n0085-ob-p0130	Grouped by recurring leading label.
fam-obi-internal	OBI 1, p. 134	1	obi-v01-n0088-ob-p0134	Grouped by recurring leading label.
fam-obi-internal	OBI 1, p. 136	1	obi-v01-n0089-ob-p0136	Grouped by recurring leading label.
fam-obi-internal	OBI 1, p. 137	1	obi-v01-n0090-ob-p0137	Grouped by recurring leading label.
fam-obi-internal	OBI 1, p. 138	1	obi-v01-n0091-ob-p0138	Grouped by recurring leading label.
fam-obi-internal	OBI 1, p. 139	1	obi-v01-n0092-ob-p0139	Grouped by recurring leading label.
fam-obi-internal	OBI 1, p. 140	1	obi-v01-n0093-re-p0140	Grouped by recurring leading label.
fam-obi-internal	OBI 1, p. 141	1	obi-v01-n0094-ob-p0141	Grouped by recurring leading label.
fam-obi-internal	OBI 1, p. 142	1	obi-v01-n0095-re-p0142	Grouped by recurring leading label.
fam-obi-internal	OBI 1, p. 143	1	obi-v01-n0096-ob-p0143	Grouped by recurring leading label.
fam-obi-internal	OBI 1, p. 151	1	obi-v01-n0097-tx-p0151	Grouped by recurring leading label.
fam-obi-internal	OBI 1, p. 156	1	obi-v01-n0097-tx-p0156	Grouped by recurring leading label.
fam-obi-internal	OBI 1, p. 161	1	obi-v01-n0097-tx-p0161	Grouped by recurring leading label.
fam-obi-internal	OBI 1, p. 167	1	obi-v01-n0100-ob-p0167	Grouped by recurring leading label.
fam-obi-internal	OBI 1, p. 168	1	obi-v01-n0101-ob-p0168	Grouped by recurring leading label.
fam-obi-internal	OBI 1, p. 169	1	obi-v01-n0102-ob-p0169	Grouped by recurring leading label.
fam-obi-internal	OBI 1, p. 171	1	obi-v01-n0103-ob-p0171	Grouped by recurring leading label.
fam-obi-internal	OBI 1, p. 172	1	obi-v01-n0104-ob-p0172	Grouped by recurring leading label.
fam-obi-internal	OBI 1, p. 173 and 184	1	obi-v01-n0105-ob-p0173	Grouped by recurring leading label.
fam-obi-internal	OBI 1, p. 174	1	obi-v01-n0106-ob-p0174	Grouped by recurring leading label.
fam-obi-internal	OBI 1, p. 176	1	obi-v01-n0108-tx-p0176	Grouped by recurring leading label.
fam-obi-internal	OBI 1, p. 179	1	obi-v01-n0109-ob-p0179	Grouped by recurring leading label.
fam-obi-internal	OBI 1, p. 183	1	obi-v01-n0110-ob-p0183	Grouped by recurring leading label.
fam-obi-internal	OBI 1, p. 184	1	obi-v01-n0111-re-p0184	Grouped by recurring leading label.
fam-obi-internal	OBI 1, p. 185	1	obi-v01-n0113-ob-p0185	Grouped by recurring leading label.
fam-obi-internal	OBI 1, p. 186	1	obi-v01-n0114-ob-p0186	Grouped by recurring leading label.
fam-obi-internal	OBI 1, p. 187	1	obi-v01-n0115-ob-p0187	Grouped by recurring leading label.
fam-obi-internal	OBI 1, p. 188	1	obi-v01-n0116-ob-p0188	Grouped by recurring leading label.
fam-obi-internal	OBI 1, p. 189	1	obi-v01-n0117-ob-p0189	Grouped by recurring leading label.
fam-obi-internal	OBI 1, p. 19	1	obi-v01-n0005-ob-p0019	Grouped by recurring leading label.
fam-obi-internal	OBI 1, p. 191	1	obi-v01-n0119-ob-p0191	Grouped by recurring leading label.
fam-obi-internal	OBI 1, p. 193	1	obi-v01-n0121-tx-p0193	Grouped by recurring leading label.
fam-obi-internal	OBI 1, p. 198	1	obi-v01-n0121-tx-p0198	Grouped by recurring leading label.
fam-obi-internal	OBI 1, p. 20	1	obi-v01-n0006-ob-p0020	Grouped by recurring leading label.
fam-obi-internal	OBI 1, p. 202	1	obi-v01-n0123-ob-p0202	Grouped by recurring leading label.
fam-obi-internal	OBI 1, p. 203	1	obi-v01-n0124-ob-p0203	Grouped by recurring leading label.
fam-obi-internal	OBI 1, p. 204	1	obi-v01-n0125-ob-p0204	Grouped by recurring leading label.
fam-obi-internal	OBI 1, p. 205	1	obi-v01-n0126-ob-p0205	Grouped by recurring leading label.
fam-obi-internal	OBI 1, p. 206	1	obi-v01-n0127-ob-p0206	Grouped by recurring leading label.
fam-obi-internal	OBI 1, p. 208	1	obi-v01-n0128-ob-p0208	Grouped by recurring leading label.
fam-obi-internal	OBI 1, p. 209	1	obi-v01-n0129-tx-p0209	Grouped by recurring leading label.
fam-obi-internal	OBI 1, p. 211	1	obi-v01-n0130-ob-p0211	Grouped by recurring leading label.
fam-obi-internal	OBI 1, p. 212	1	obi-v01-n0131-ob-p0212	Grouped by recurring leading label.
fam-obi-internal	OBI 1, p. 213	1	obi-v01-n0132-ob-p0213	Grouped by recurring leading label.
fam-obi-internal	OBI 1, p. 214	1	obi-v01-n0133-ob-p0214	Grouped by recurring leading label.
fam-obi-internal	OBI 1, p. 215	1	obi-v01-n0134-ob-p0215	Grouped by recurring leading label.
fam-obi-internal	OBI 1, p. 218	1	obi-v01-n0135-ob-p0218	Grouped by recurring leading label.
fam-obi-internal	OBI 1, p. 22	1	obi-v01-n0007-ob-p0022	Grouped by recurring leading label.
fam-obi-internal	OBI 1, p. 220	1	obi-v01-n0136-re-p0220	Grouped by recurring leading label.
fam-obi-internal	OBI 1, p. 221	1	obi-v01-n0137-ob-p0221	Grouped by recurring leading label.
fam-obi-internal	OBI 1, p. 224	1	obi-v01-n0139-ob-p0224	Grouped by recurring leading label.
fam-obi-internal	OBI 1, p. 226	1	obi-v01-n0140-ob-p0226	Grouped by recurring leading label.
fam-obi-internal	OBI 1, p. 227	1	obi-v01-n0141-ob-p0227	Grouped by recurring leading label.
fam-obi-internal	OBI 1, p. 229	1	obi-v01-n0142-tx-p0238	Grouped by recurring leading label.
fam-obi-internal	OBI 1, p. 23	1	obi-v01-n0008-ob-p0023	Grouped by recurring leading label.
fam-obi-internal	OBI 1, p. 233	1	obi-v01-n0142-tx-p0238	Grouped by recurring leading label.
fam-obi-internal	OBI 1, p. 235	1	obi-v01-n0142-tx-p0238	Grouped by recurring leading label.
fam-obi-internal	OBI 1, p. 238	1	obi-v01-n0142-tx-p0238	Grouped by recurring leading label.
fam-obi-internal	OBI 1, p. 240	1	obi-v01-n0143-ob-p0240	Grouped by recurring leading label.
fam-obi-internal	OBI 1, p. 242	1	obi-v01-n0144-re-p0242	Grouped by recurring leading label.
fam-obi-internal	OBI 1, p. 244	1	obi-v01-n0145-ob-p0244	Grouped by recurring leading label.
fam-obi-internal	OBI 1, p. 245	1	obi-v01-n0146-tx-p0246	Grouped by recurring leading label.
fam-obi-internal	OBI 1, p. 246	1	obi-v01-n0146-tx-p0246	Grouped by recurring leading label.
fam-obi-internal	OBI 1, p. 248	1	obi-v01-n0147-re-p0248	Grouped by recurring leading label.
fam-obi-internal	OBI 1, p. 249	1	obi-v01-n0148-ob-p0249	Grouped by recurring leading label.
fam-obi-internal	OBI 1, p. 25	1	obi-v01-n0009-ob-p0025	Grouped by recurring leading label.
fam-obi-internal	OBI 1, p. 251	1	obi-v01-n0149-ob-p0251	Grouped by recurring leading label.
fam-obi-internal	OBI 1, p. 253	1	obi-v01-n0150-tx-p0253	Grouped by recurring leading label.
fam-obi-internal	OBI 1, p. 256	1	obi-v01-n0153-ob-p0256	Grouped by recurring leading label.
fam-obi-internal	OBI 1, p. 257	1	obi-v01-n0154-ob-p0257	Grouped by recurring leading label.
fam-obi-internal	OBI 1, p. 259	1	obi-v01-n0155-ob-p0259	Grouped by recurring leading label.
fam-obi-internal	OBI 1, p. 26	1	obi-v01-n0010-ob-p0026	Grouped by recurring leading label.
fam-obi-internal	OBI 1, p. 260	1	obi-v01-n0156-tx-p0260	Grouped by recurring leading label.
fam-obi-internal	OBI 1, p. 263	1	obi-v01-n0157-ob-p0263	Grouped by recurring leading label.
fam-obi-internal	OBI 1, p. 264	1	obi-v01-n0158-re-p0264	Grouped by recurring leading label.
fam-obi-internal	OBI 1, p. 267	1	obi-v01-n0160-ob-p0267	Grouped by recurring leading label.
fam-obi-internal	OBI 1, p. 27	1	obi-v01-n0011-ob-p0027	Grouped by recurring leading label.
fam-obi-internal	OBI 1, p. 270	1	obi-v01-n0161-ob-p0270	Grouped by recurring leading label.
fam-obi-internal	OBI 1, p. 272	1	obi-v01-n0162-tx-p0272	Grouped by recurring leading label.
fam-obi-internal	OBI 1, p. 273 (not listed ?!)	1	obi-v01-n0163-re-p0273	Grouped by recurring leading label.
fam-obi-internal	OBI 1, p. 278	1	obi-v01-n0166-ob-p0278	Grouped by recurring leading label.
fam-obi-internal	OBI 1, p. 282	1	obi-v01-n0167-ob-p0282	Grouped by recurring leading label.
fam-obi-internal	OBI 1, p. 287	1	obi-v01-n0169-ob-p0287	Grouped by recurring leading label.
fam-obi-internal	OBI 1, p. 29	1	obi-v01-n0012-ob-p0029	Grouped by recurring leading label.
fam-obi-internal	OBI 1, p. 290	1	obi-v01-n0171-ob-p0290	Grouped by recurring leading label.
fam-obi-internal	OBI 1, p. 291	1	obi-v01-n0172-ob-p0291	Grouped by recurring leading label.
fam-obi-internal	OBI 1, p. 304	1	obi-v01-n0177-ob-p0304	Grouped by recurring leading label.
fam-obi-internal	OBI 1, p. 305	1	obi-v01-n0178-tx-p0305	Grouped by recurring leading label.
fam-obi-internal	OBI 1, p. 306	1	obi-v01-n0179-tx-p0306	Grouped by recurring leading label.
fam-obi-internal	OBI 1, p. 311	1	obi-v01-n0181-ob-p0311	Grouped by recurring leading label.
fam-obi-internal	OBI 1, p. 314	1	obi-v01-n0182-ob-p0314	Grouped by recurring leading label.
fam-obi-internal	OBI 1, p. 315	1	obi-v01-n0183-ob-p0315	Grouped by recurring leading label.
fam-obi-internal	OBI 1, p. 316: U Min Hswe, no. 81	1	obi-v01-n0184-ob-p0316	Grouped by recurring leading label.
fam-obi-internal	OBI 1, p. 318	1	obi-v01-n0185-ob-p0318	Grouped by recurring leading label.
fam-obi-internal	OBI 1, p. 319	1	obi-v01-n0186-ob-p0319	Grouped by recurring leading label.
fam-obi-internal	OBI 1, p. 32	1	obi-v01-n0013-ob-p0032	Grouped by recurring leading label.
fam-obi-internal	OBI 1, p. 320	1	obi-v01-n0187-ob-p0320	Grouped by recurring leading label.
fam-obi-internal	OBI 1, p. 321	1	obi-v01-n0188-ob-p0321	Grouped by recurring leading label.
fam-obi-internal	OBI 1, p. 322	1	obi-v01-n0189-ob-p0322	Grouped by recurring leading label.
fam-obi-internal	OBI 1, p. 324	1	obi-v01-n0190-ob-p0324	Grouped by recurring leading label.
fam-obi-internal	OBI 1, p. 325	1	obi-v01-n0191-ob-p0325	Grouped by recurring leading label.
fam-obi-internal	OBI 1, p. 326	1	obi-v01-n0192-ob-p0326	Grouped by recurring leading label.
fam-obi-internal	OBI 1, p. 328	1	obi-v01-n0193-ob-p0328	Grouped by recurring leading label.
fam-obi-internal	OBI 1, p. 329	1	obi-v01-n0194-ob-p0329	Grouped by recurring leading label.
fam-obi-internal	OBI 1, p. 33	1	obi-v01-n0014-ob-p0033	Grouped by recurring leading label.
fam-obi-internal	OBI 1, p. 330	1	obi-v01-n0194-re-p0330	Grouped by recurring leading label.
fam-obi-internal	OBI 1, p. 331	1	obi-v01-n0195-ob-p0331	Grouped by recurring leading label.
fam-obi-internal	OBI 1, p. 333	1	obi-v01-n0196-ob-p0333	Grouped by recurring leading label.
fam-obi-internal	OBI 1, p. 334	1	obi-v01-n0197-ob-p0334	Grouped by recurring leading label.
fam-obi-internal	OBI 1, p. 336	1	obi-v01-n0197-re-p0336	Grouped by recurring leading label.
fam-obi-internal	OBI 1, p. 337	1	obi-v01-n0198-ob-p0337	Grouped by recurring leading label.
fam-obi-internal	OBI 1, p. 339	1	obi-v01-n0199-ob-p0339	Grouped by recurring leading label.
fam-obi-internal	OBI 1, p. 34	1	obi-v01-n0015-ob-p0034	Grouped by recurring leading label.
fam-obi-internal	OBI 1, p. 340	1	obi-v01-n0200-ob-p0340	Grouped by recurring leading label.
fam-obi-internal	OBI 1, p. 342	1	obi-v01-n0201-re-p0342	Grouped by recurring leading label.
fam-obi-internal	OBI 1, p. 343	1	obi-v01-n0202-re-p0343	Grouped by recurring leading label.
fam-obi-internal	OBI 1, p. 344	1	obi-v01-n0203-ob-p0344	Grouped by recurring leading label.
fam-obi-internal	OBI 1, p. 345	1	obi-v01-n0204-ob-p0345	Grouped by recurring leading label.
fam-obi-internal	OBI 1, p. 346	1	obi-v01-n0204-re-p0346	Grouped by recurring leading label.
fam-obi-internal	OBI 1, p. 347	1	obi-v01-n0205-ob-p0347	Grouped by recurring leading label.
fam-obi-internal	OBI 1, p. 351	1	obi-v01-n0206-re-p0351	Grouped by recurring leading label.
fam-obi-internal	OBI 1, p. 352	1	obi-v01-n0207-ob-p0352	Grouped by recurring leading label.
fam-obi-internal	OBI 1, p. 353	1	obi-v01-n0208-ob-p0353	Grouped by recurring leading label.
fam-obi-internal	OBI 1, p. 354	1	obi-v01-n0209-ob-p0354	Grouped by recurring leading label.
fam-obi-internal	OBI 1, p. 360	1	obi-v01-n0212-ob-p0360	Grouped by recurring leading label.
fam-obi-internal	OBI 1, p. 362	1	obi-v01-n0213-ob-p0362	Grouped by recurring leading label.
fam-obi-internal	OBI 1, p. 363	1	obi-v01-n0214-ob-p0363	Grouped by recurring leading label.
fam-obi-internal	OBI 1, p. 365	1	obi-v01-n0215-ob-p0365	Grouped by recurring leading label.
fam-obi-internal	OBI 1, p. 366	1	obi-v01-n0216-ob-p0366	Grouped by recurring leading label.
fam-obi-internal	OBI 1, p. 37	1	obi-v01-n0017-ob-p0037	Grouped by recurring leading label.
fam-obi-internal	OBI 1, p. 370	1	obi-v01-n0218-ob-p0370	Grouped by recurring leading label.
fam-obi-internal	OBI 1, p. 371	1	obi-v01-n0219-ob-p0371	Grouped by recurring leading label.
fam-obi-internal	OBI 1, p. 375	1	obi-v01-n0221-tx-p0375	Grouped by recurring leading label.
fam-obi-internal	OBI 1, p. 377	1	obi-v01-n0224-ob-p0379	Grouped by recurring leading label.
fam-obi-internal	OBI 1, p. 379	1	obi-v01-n0224-ob-p0379	Grouped by recurring leading label.
fam-obi-internal	OBI 1, p. 38	1	obi-v01-n0018-ob-p0038	Grouped by recurring leading label.
fam-obi-internal	OBI 1, p. 381	1	obi-v01-n0225-ob-p0381	Grouped by recurring leading label.
fam-obi-internal	OBI 1, p. 4 and OBI1,p.1	1	obi-v01-n0002-tx-p0004	Grouped by recurring leading label.
fam-obi-internal	OBI 1, p. 40	1	obi-v01-n0019-ob-p0040	Grouped by recurring leading label.
fam-obi-internal	OBI 1, p. 41	1	obi-v01-n0020-ob-p0041	Grouped by recurring leading label.
fam-obi-internal	OBI 1, p. 42	1	obi-v01-n0021-ob-p0042	Grouped by recurring leading label.
fam-obi-internal	OBI 1, p. 43	1	obi-v01-n0022-ob-p0043	Grouped by recurring leading label.
fam-obi-internal	OBI 1, p. 44	1	obi-v01-n0023-ob-p0044	Grouped by recurring leading label.
fam-obi-internal	OBI 1, p. 45	1	obi-v01-n0024-ob-p0045	Grouped by recurring leading label.
fam-obi-internal	OBI 1, p. 48	1	obi-v01-n0027-ob-p0048	Grouped by recurring leading label.
fam-obi-internal	OBI 1, p. 49	1	obi-v01-n0028-ob-p0049	Grouped by recurring leading label.
fam-obi-internal	OBI 1, p. 50	1	obi-v01-n0029-ob-p0050	Grouped by recurring leading label.
fam-obi-internal	OBI 1, p. 53	1	obi-v01-n0030-ob-p0053	Grouped by recurring leading label.
fam-obi-internal	OBI 1, p. 54	1	obi-v01-n0031-ob-p0054	Grouped by recurring leading label.
fam-obi-internal	OBI 1, p. 55	1	obi-v01-n0032-ob-p0055	Grouped by recurring leading label.
fam-obi-internal	OBI 1, p. 57	1	obi-v01-n0035-ob-p0057	Grouped by recurring leading label.
fam-obi-internal	OBI 1, p. 58	1	obi-v01-n0036-ob-p0058	Grouped by recurring leading label.
fam-obi-internal	OBI 1, p. 59	1	obi-v01-n0037-re-p0059	Grouped by recurring leading label.
fam-obi-internal	OBI 1, p. 64	1	obi-v01-n0040-ob-p0064	Grouped by recurring leading label.
fam-obi-internal	OBI 1, p. 65	1	obi-v01-n0041-ob-p0065	Grouped by recurring leading label.
fam-obi-internal	OBI 1, p. 69	1	obi-v01-n0042-ob-p0069	Grouped by recurring leading label.
fam-obi-internal	OBI 1, p. 70	1	obi-v01-n0043-ob-p0070	Grouped by recurring leading label.
fam-obi-internal	OBI 1, p. 71	1	obi-v01-n0044-ob-p0071	Grouped by recurring leading label.
fam-obi-internal	OBI 1, p. 73	1	obi-v01-n0045-ob-p0073	Grouped by recurring leading label.
fam-obi-internal	OBI 1, p. 74	1	obi-v01-n0046-ob-p0074	Grouped by recurring leading label.
fam-obi-internal	OBI 1, p. 75	1	obi-v01-n0047-ob-p0075	Grouped by recurring leading label.
fam-obi-internal	OBI 1, p. 77	1	obi-v01-n0048-ob-p0077	Grouped by recurring leading label.
fam-obi-internal	OBI 1, p. 8	1	obi-v01-n0003-ob-p0008	Grouped by recurring leading label.
fam-obi-internal	OBI 1, p. 80	1	obi-v01-n0049-ob-p0080	Grouped by recurring leading label.
fam-obi-internal	OBI 1, p. 81	1	obi-v01-n0050-ob-p0081	Grouped by recurring leading label.
fam-obi-internal	OBI 1, p. 82	1	obi-v01-n0051-ob-p0082	Grouped by recurring leading label.
fam-obi-internal	OBI 1, p. 83	1	obi-v01-n0052-ob-p0083	Grouped by recurring leading label.
fam-obi-internal	OBI 1, p. 90	1	obi-v01-n0056-ob-p0090	Grouped by recurring leading label.
fam-obi-internal	OBI 1, p. 91	1	obi-v01-n0057-ob-p0091	Grouped by recurring leading label.
fam-obi-internal	OBI 1, p. 96	1	obi-v01-n0060-ob-p0096	Grouped by recurring leading label.
fam-obi-internal	OBI 1, p. 99	1	obi-v01-n0063-ob-p0099	Grouped by recurring leading label.
fam-obi-internal	OBI 1, p.x231x	1	obi-v01-n0209-ob-p0354	Grouped by recurring leading label.
fam-obi-internal	OBI 2, p. 137	1	obi-v02-n0065-tx-p0137	Grouped by recurring leading label.
fam-obi-internal	OBI 2, p. 148	1	obi-v02-n0072-ob-p0148	Grouped by recurring leading label.
fam-obi-internal	OBI 2, p. 155	1	obi-v02-n0074-ob-p0155	Grouped by recurring leading label.
fam-obi-internal	OBI 2, p. 156	1	obi-v02-n0075-ob-p0156	Grouped by recurring leading label.
fam-obi-internal	OBI 2, p. 162	1	obi-v02-n0078-ob-p0162	Grouped by recurring leading label.
fam-obi-internal	OBI 2, p. 165	1	obi-v02-n0080-re-p0165	Grouped by recurring leading label.
fam-obi-internal	OBI 2, p. 170	1	obi-v02-n0083-ob-p0170	Grouped by recurring leading label.
fam-obi-internal	OBI 2, p. 173	1	obi-v02-n0085-ob-p0173	Grouped by recurring leading label.
fam-obi-internal	OBI 2, p. 176	1	obi-v02-n0088-ob-p0176	Grouped by recurring leading label.
fam-obi-internal	OBI 2, p. 179	1	obi-v02-n0091-ob-p0179	Grouped by recurring leading label.
fam-obi-internal	OBI 2, p. 183	1	obi-v02-n0093-ob-p0183	Grouped by recurring leading label.
fam-obi-internal	OBI 2, p. 188	1	obi-v02-n0097-tx-p0188	Grouped by recurring leading label.
fam-obi-internal	OBI 2, p. 189	1	obi-v02-n0097-tx-p0189	Grouped by recurring leading label.
fam-obi-internal	OBI 2, p. 190	1	obi-v02-n0098-ob-p0190	Grouped by recurring leading label.
fam-obi-internal	OBI 2, p. 193	1	obi-v02-n0100-ob-p0193	Grouped by recurring leading label.
fam-obi-internal	OBI 2, p. 202	1	obi-v02-n0106-ob-p0202	Grouped by recurring leading label.
fam-obi-internal	OBI 2, p. 207	1	obi-v01-n0056-ob-p0090	Grouped by recurring leading label.
fam-obi-internal	OBI 2, p. 217	1	obi-v02-n0118-re-p0217	Grouped by recurring leading label.
fam-obi-internal	OBI 2, p. 222-3	1	obi-v02-n0121-tx-p0222	Grouped by recurring leading label.
fam-obi-internal	OBI 2, p. 230	1	obi-v02-n0129-tx-p0230	Grouped by recurring leading label.
fam-obi-internal	OBI 2, p. 232	1	obi-v02-n0131-ob-p0232	Grouped by recurring leading label.
fam-obi-internal	OBI 2, p. 233	1	obi-v02-n0132-tx-p0233	Grouped by recurring leading label.
fam-obi-internal	OBI 2, p. 234	1	obi-v02-n0132-tx-p0234	Grouped by recurring leading label.
fam-obi-internal	OBI 2, p. 235	1	obi-v02-n0133-ob-p0235	Grouped by recurring leading label.
fam-obi-internal	OBI 2, p. 238	1	obi-v02-n0135-tx-p0238	Grouped by recurring leading label.
fam-obi-internal	OBI 2, p. 239	1	obi-v02-n0136-tx-p0239	Grouped by recurring leading label.
fam-obi-internal	OBI 2, p. 247 (b only)	1	obi-v02-n0144-re-p0247	Grouped by recurring leading label.
fam-obi-internal	OBI 2, p. 27	1	obi-v02-n0017-ob-p0027	Grouped by recurring leading label.
fam-obi-internal	OBI 2, p. 29	1	obi-v02-n0018-ob-p0029	Grouped by recurring leading label.
fam-obi-internal	OBI 2, p. 30	1	obi-v02-n0019-ob-p0030	Grouped by recurring leading label.
fam-obi-internal	OBI 2, p. 33	1	obi-v02-n0065-tx-p0137	Grouped by recurring leading label.
fam-obi-internal	OBI 2, p. 41	1	obi-v02-n0022-ob-p0041	Grouped by recurring leading label.
fam-obi-internal	OBI 2, p. 44	1	obi-v02-n0023-ob-p0044	Grouped by recurring leading label.
fam-obi-internal	OBI 2, p. 47	1	obi-v02-n0024-ob-p0047	Grouped by recurring leading label.
fam-obi-internal	OBI 2, p. 51	1	obi-v02-n0026-re-p0051	Grouped by recurring leading label.
fam-obi-internal	OBI 2, p. 52	1	obi-v02-n0027-ob-p0052	Grouped by recurring leading label.
fam-obi-internal	OBI 2, p. 53	1	obi-v02-n0028-ob-p0053	Grouped by recurring leading label.
fam-obi-internal	OBI 2, p. 54	1	obi-v02-n0029-ob-p0054	Grouped by recurring leading label.
fam-obi-internal	OBI 2, p. 56	1	obi-v02-n0030-ob-p0056	Grouped by recurring leading label.
fam-obi-internal	OBI 2, p. 58	1	obi-v02-n0031-ob-p0058	Grouped by recurring leading label.
fam-obi-internal	OBI 2, p. 72-73	1	obi-v02-n0038-ob-p0072	Grouped by recurring leading label.
fam-obi-internal	OBI 2, p. 74	1	obi-v02-n0040-ob-p0074	Grouped by recurring leading label.
fam-obi-internal	OBI 2, p. 74 and OBI3,p.220	1	obi-v02-n0039-ob-p0074	Grouped by recurring leading label.
fam-obi-internal	OBI 2, p. 76	1	obi-v02-n0041-ob-p0076	Grouped by recurring leading label.
fam-obi-internal	OBI 2, p. 78-80	1	obi-v02-n0042-ob-p0078	Grouped by recurring leading label.
fam-obi-internal	OBI 2, p. 82	1	obi-v02-n0043-ob-p0082	Grouped by recurring leading label.
fam-obi-internal	OBI 2, p. 85	1	obi-v02-n0046-ob-p0085	Grouped by recurring leading label.
fam-obi-internal	OBI 2, p. 88	1	obi-v02-n0049-ob-p0088	Grouped by recurring leading label.
fam-obi-internal	OBI 2, p. 89	1	obi-v02-n0050-ob-p0089	Grouped by recurring leading label.
fam-obi-internal	OBI 2, p. 93	1	obi-v02-n0053-tx-p0093	Grouped by recurring leading label.
fam-obi-internal	OBI 3, p. 221	1	obi-v03-n0130-ob-p0221	Grouped by recurring leading label.
fam-obi-internal	OBI 3, p. 222	1	obi-v03-n0131-ob-p0222	Grouped by recurring leading label.
fam-obi-internal	OBI 3, p. 283	1	obi-v03-n0168-ob-p0283	Grouped by recurring leading label.
fam-obi-internal	OBI 3, p. 35	1	obi-v03-n0025-ob-p0037	Grouped by recurring leading label.
fam-obi-internal	OBI 3, p. 360-361	1	obi-v03-n0225-ob-p0360	Grouped by recurring leading label.
fam-obi-internal	OBI 3, p. 37	1	obi-v03-n0025-ob-p0037	Grouped by recurring leading label.
fam-obi-internal	OBI 3, p. 43-45	1	obi-v03-n0027-ob-p0043	Grouped by recurring leading label.
fam-obi-internal	OBI 3, p. 49	1	obi-v03-n0031-ob-p0049	Grouped by recurring leading label.
fam-obi-internal	OBI 3, p. 53	1	obi-v03-n0034-ob-p0053	Grouped by recurring leading label.
fam-obi-internal	OBI 3, p. 62	1	obi-v03-n0038-ob-p0062	Grouped by recurring leading label.
fam-obi-internal	OBI 3, p. 65	1	obi-v03-n0039-ob-p0065	Grouped by recurring leading label.
fam-obi-internal	OBI 3, p. 66	1	obi-v03-n0040-ob-p0066	Grouped by recurring leading label.
fam-obi-internal	OBI 3, p. 70	1	obi-v03-n0043-ob-p0070	Grouped by recurring leading label.
fam-obi-internal	OBI 3, p. 72	1	obi-v03-n0044-re-p0072	Grouped by recurring leading label.
fam-obi-internal	OBI 3, p. 74	1	obi-v03-n0046-re-p0074	Grouped by recurring leading label.
fam-obi-internal	OBI 3, p. 78	1	obi-v03-n0048-ob-p0078	Grouped by recurring leading label.
fam-obi-internal	OBI 3, p. 79	1	obi-v03-n0049-ob-p0079	Grouped by recurring leading label.
fam-obi-internal	OBI 3, p. 80	1	obi-v03-n0050-ob-p0080	Grouped by recurring leading label.
fam-obi-internal	OBI 3, p. 81	1	obi-v03-n0051-ob-p0081	Grouped by recurring leading label.
fam-obi-internal	OBI 3, p. 83	1	obi-v03-n0052-re-p0083	Grouped by recurring leading label.
fam-obi-internal	OBI 3, p. 85	1	obi-v03-n0053-ob-p0085	Grouped by recurring leading label.
fam-obi-internal	OBI 3, p. 87	1	obi-v03-n0054-ob-p0087	Grouped by recurring leading label.
fam-obi-internal	OBI 3, p. 94	1	obi-v03-n0058-ob-p0094	Grouped by recurring leading label.
fam-obi-internal	OBI 3, p. 95	1	obi-v03-n0059-ob-p0095	Grouped by recurring leading label.
fam-obi-internal	OBI 4, p. 102	1	obi-v04-n0066-ob-p0102	Grouped by recurring leading label.
fam-obi-internal	OBI 4, p. 147	1	obi-v04-n0092-ob-p0147	Grouped by recurring leading label.
fam-obi-internal	OBI 4, p. 163	1	obi-v04-n0104-ob-p0163	Grouped by recurring leading label.
fam-obi-internal	OBI 4, p. 171	1	obi-v04-n0107-ob-p0171	Grouped by recurring leading label.
fam-obi-internal	OBI 4, p. 191	1	obi-v04-n0117-re-p0191	Grouped by recurring leading label.
fam-obi-internal	OBI 4, p. 235	1	obi-v04-n0138-re-p0235	Grouped by recurring leading label.
fam-obi-internal	OBI 4, p. 251	1	obi-v04-n0146-ob-p0251	Grouped by recurring leading label.
fam-obi-internal	OBI 4, p. 29	1	obi-v04-n0022-ob-p0029	Grouped by recurring leading label.
fam-obi-internal	OBI 4, p. 36	1	obi-v04-n0024-ob-p0036	Grouped by recurring leading label.
fam-obi-internal	OBI 4, p. 65	1	obi-v04-n0039-re-p0065	Grouped by recurring leading label.
fam-obi-internal	OBI 4, p. 73	1	obi-v04-n0044-ob-p0073	Grouped by recurring leading label.
fam-obi-internal	OBI 4, p. 81	1	obi-v04-n0051-ob-p0081	Grouped by recurring leading label.
fam-obi-internal	OBI 5, p. 111	1	obi-v05-n0044-ob-p0111	Grouped by recurring leading label.
fam-obi-internal	OBI3,p.33no22ob and OBI 5, p. 110 (with date CS 878/1516)	1	obi-v05-n0042-ob-p0110	Grouped by recurring leading label.
fam-or-catalogue	OR 3475, no. 4	12	obi-v02-n0016-ob-p0024 | obi-v02-n0137-tx-p0240 | obi-v02-n0138-tx-p0240 | obi-v02-n0139-tx-p0241 | obi-v02-n0140-ob-p0242	Grouped by recurring leading label.
fam-or-catalogue	OR 3434 (gā: verso)	1	obi-v01-n0161-ob-p0270	Grouped by recurring leading label.
fam-or-catalogue	OR 3434 fol. ghā verso (with further dates)	1	obi-v02-n0083-ob-p0170	Grouped by recurring leading label.
fam-or-catalogue	OR 3475, no. 18	1	obi-v01-n0004-ob-p0011	Grouped by recurring leading label.
fam-or-catalogue	OR 3475, no. 5	1	obi-v01-n0070-ob-p0111	Grouped by recurring leading label.
fam-or-catalogue	OR 3475, no. 6 (with date CS 581/1219)	1	obi-v01-n0086-tx-p0133	Grouped by recurring leading label.
fam-or-catalogue	OR 6452 B (1), no. 1	1	obi-v02-n0018-ob-p0029	Grouped by recurring leading label.
fam-or-catalogue	OR 6452 B (1), no. 31	1	obi-v01-n0205-ob-p0347	Grouped by recurring leading label.
fam-or-catalogue	OR 6452 B (1), no. 32	1	obi-v01-n0224-ob-p0379	Grouped by recurring leading label.
fam-or-catalogue	OR 6452 B (1), nos. 22 and 26	1	obi-v01-n0193-ob-p0328	Grouped by recurring leading label.
fam-plate-references	Pl. II 198	78	obi-v03-n0002-re-p0002 | obi-v03-n0014-re-p0020 | obi-v03-n0015-ob-p0021 | obi-v03-n0016-ob-p0022 | obi-v03-n0016-re-p0023	Grouped by recurring leading label.
fam-plate-references	Pl. II 195b	77	obi-v03-n0001-ob-p0001 | obi-v03-n0008-re-p0011 | obi-v03-n0009-ob-p0012 | obi-v03-n0010-ob-p0013 | obi-v03-n0011-ob-p0014	Grouped by recurring leading label.
fam-plate-references	Pl. II 201b	66	obi-v03-n0003-ob-p0003 | obi-v03-n0022-ob-p0033 | obi-v03-n0023-ob-p0033 | obi-v03-n0023-re-p0034 | obi-v03-n0024-re-p0036	Grouped by recurring leading label.
fam-plate-references	Pl. II 138	12	obi-v02-n0016-ob-p0024 | obi-v02-n0137-tx-p0240 | obi-v02-n0138-tx-p0240 | obi-v02-n0139-tx-p0241 | obi-v02-n0140-ob-p0242	Grouped by recurring leading label.
fam-plate-references	Pl. III 318a+b	10	obi-v02-n0015-ob-p0022 | obi-v02-n0120-ob-p0220 | obi-v02-n0120-re-p0221 | obi-v02-n0121-tx-p0223 | obi-v02-n0121-tx-p0225	Grouped by recurring leading label.
fam-plate-references	Pl. II 133	9	obi-v02-n0004-ob-p0006 | obi-v02-n0032-ob-p0060 | obi-v02-n0033-ob-p0061 | obi-v02-n0033-re-p0063 | obi-v02-n0034-ob-p0064	Grouped by recurring leading label.
fam-plate-references	Pl. IV 465a (l. 1-14)	8	obi-v04-n0020-ob-p0026 | obi-v04-n0149-re-p0260 | obi-v04-n0150-ob-p0261 | obi-v04-n0150-re-p0262 | obi-v04-n0151-ob-p0263	Grouped by recurring leading label.
fam-plate-references	Pl. II 202	7	obi-v03-n0005-ob-p0005 | obi-v03-n0032-tx-p0051 | obi-v03-n0033-ob-p0052 | obi-v03-n0035-ob-p0055 | obi-v03-n0035-re-p0056	Grouped by recurring leading label.
fam-plate-references	Pl. III 321	6	obi-v03-n0004-ob-p0004 | obi-v03-n0026-re-p0041 | obi-v03-n0027-re-p0045 | obi-v03-n0028-ob-p0046 | obi-v03-n0029-re-p0047	Grouped by recurring leading label.
fam-plate-references	Pl. I 84	5	obi-v02-n0002-ob-p0003 | obi-v02-n0019-re-p0031 | obi-v02-n0020-ob-p0033 | obi-v02-n0020-re-p0035 | obi-v02-n0021-ob-p0037	Grouped by recurring leading label.
fam-plate-references	Pl. II 134a	5	obi-v02-n0005-re-p0009 | obi-v02-n0051-ob-p0091 | obi-v02-n0052-ob-p0092 | obi-v02-n0053-re-p0096 | obi-v02-n0054-ob-p0099	Grouped by recurring leading label.
fam-plate-references	Pl. II 136	5	obi-v02-n0010-ob-p0015 | obi-v02-n0072-ob-p0151 | obi-v02-n0073-tx-p0155 | obi-v02-n0076-ob-p0157 | obi-v02-n0077-ob-p0159	Grouped by recurring leading label.
fam-plate-references	Pl. II 205-206	5	obi-v03-n0008-ob-p0009 | obi-v03-n0056-ob-p0090 | obi-v03-n0056-re-p0091 | obi-v03-n0057-tx-p0092 | obi-v03-n0060-ob-p0097	Grouped by recurring leading label.
fam-plate-references	Pl. II 118a	3	obi-v01-n0054-tx-p0089 | obi-v01-n0055-ob-p0089 | obi-v01-n0074-ob-p0118	Grouped by recurring leading label.
fam-plate-references	Pl. II 203	3	obi-v03-n0006-ob-p0007 | obi-v03-n0045-re-p0073 | obi-v03-n0047-ob-p0077	Grouped by recurring leading label.
fam-plate-references	Pl. II 204a+b	3	obi-v03-n0007-ob-p0008 | obi-v03-n0007-re-p0008 | obi-v03-n0055-ob-p0089	Grouped by recurring leading label.
fam-plate-references	Pl. I 75a	2	obi-v01-n0097-tx-p0161 | obi-v01-n0108-tx-p0176	Grouped by recurring leading label.
fam-plate-references	Pl. II 132b	2	obi-v02-n0003-ob-p0004 | obi-v02-n0025-ob-p0049	Grouped by recurring leading label.
fam-plate-references	Pl. IV 364a+b	2	obi-v01-n0001-tx-p0001 | obi-v01-n0002-tx-p0004	Grouped by recurring leading label.
fam-plate-references	Pl. V 574b	2	obi-v01-n0221-tx-p0376 | obi-v01-n0222-re-p0376	Grouped by recurring leading label.
fam-plate-references	Pl. V 597a-b	2	obi-v01-n0107-ob-p0175 | obi-v01-n0107-re-p0175	Grouped by recurring leading label.
fam-plate-references	Pl. I 1+2	1	obi-v01-n0004-ob-p0011	Grouped by recurring leading label.
fam-plate-references	Pl. I 100a	1	obi-v01-n0162-tx-p0272	Grouped by recurring leading label.
fam-plate-references	Pl. I 100b	1	obi-v01-n0176-tx-p0302	Grouped by recurring leading label.
fam-plate-references	Pl. I 101	1	obi-v01-n0178-tx-p0305	Grouped by recurring leading label.
fam-plate-references	Pl. I 103-104	1	obi-v01-n0181-ob-p0311	Grouped by recurring leading label.
fam-plate-references	Pl. I 105a	1	obi-v01-n0179-tx-p0306	Grouped by recurring leading label.
fam-plate-references	Pl. I 106-107	1	obi-v01-n0006-ob-p0020	Grouped by recurring leading label.
fam-plate-references	Pl. I 108a	1	obi-v01-n0053-ob-p0086	Grouped by recurring leading label.
fam-plate-references	Pl. I 108b	1	obi-v01-n0094-ob-p0141	Grouped by recurring leading label.
fam-plate-references	Pl. I 109a	1	obi-v01-n0171-ob-p0290	Grouped by recurring leading label.
fam-plate-references	Pl. I 109b	1	obi-v01-n0151-ob-p0255	Grouped by recurring leading label.
fam-plate-references	Pl. I 10a+b	1	obi-v01-n0029-ob-p0050	Grouped by recurring leading label.
fam-plate-references	Pl. I 11	1	obi-v01-n0031-ob-p0054	Grouped by recurring leading label.
fam-plate-references	Pl. I 12	1	obi-v01-n0032-ob-p0055	Grouped by recurring leading label.
fam-plate-references	Pl. I 121b	1	obi-v01-n0098-ob-p0164	Grouped by recurring leading label.
fam-plate-references	Pl. I 126a	1	obi-v01-n0131-ob-p0212	Grouped by recurring leading label.
fam-plate-references	Pl. I 13	1	obi-v01-n0027-ob-p0048	Grouped by recurring leading label.
fam-plate-references	Pl. I 14	1	obi-v01-n0034-re-p0056	Grouped by recurring leading label.
fam-plate-references	Pl. I 19-20	1	obi-v01-n0041-ob-p0065	Grouped by recurring leading label.
fam-plate-references	Pl. I 21	1	obi-v01-n0042-ob-p0069	Grouped by recurring leading label.
fam-plate-references	Pl. I 22	1	obi-v01-n0044-ob-p0071	Grouped by recurring leading label.
fam-plate-references	Pl. I 24	1	obi-v01-n0045-ob-p0073	Grouped by recurring leading label.
fam-plate-references	Pl. I 25	1	obi-v02-n0080-re-p0165	Grouped by recurring leading label.
fam-plate-references	Pl. I 27	1	obi-v01-n0047-ob-p0075	Grouped by recurring leading label.
fam-plate-references	Pl. I 28a+b	1	obi-v01-n0048-ob-p0077	Grouped by recurring leading label.
fam-plate-references	Pl. I 29	1	obi-v01-n0050-ob-p0081	Grouped by recurring leading label.
fam-plate-references	Pl. I 3	1	obi-v01-n0010-ob-p0026	Grouped by recurring leading label.
fam-plate-references	Pl. I 30a	1	obi-v02-n0097-tx-p0188	Grouped by recurring leading label.
fam-plate-references	Pl. I 30b	1	obi-v02-n0097-tx-p0189	Grouped by recurring leading label.
fam-plate-references	Pl. I 31	1	obi-v01-n0052-ob-p0083	Grouped by recurring leading label.
fam-plate-references	Pl. I 32-33	1	obi-v01-n0054-ob-p0086	Grouped by recurring leading label.
fam-plate-references	Pl. I 34-35	1	obi-v01-n0059-ob-p0093	Grouped by recurring leading label.
fam-plate-references	Pl. I 36	1	obi-v01-n0062-ob-p0097	Grouped by recurring leading label.
fam-plate-references	Pl. I 37-38a	1	obi-v01-n0063-ob-p0099	Grouped by recurring leading label.
fam-plate-references	Pl. I 38a	1	obi-v01-n0061-ob-p0097	Grouped by recurring leading label.
fam-plate-references	Pl. I 39-40	1	obi-v01-n0065-ob-p0102	Grouped by recurring leading label.
fam-plate-references	Pl. I 4-5	1	obi-v01-n0012-ob-p0029	Grouped by recurring leading label.
fam-plate-references	Pl. I 41	1	obi-v01-n0070-ob-p0111	Grouped by recurring leading label.
fam-plate-references	Pl. I 42-43	1	obi-v01-n0071-ob-p0112	Grouped by recurring leading label.
fam-plate-references	Pl. I 44a	1	obi-v01-n0072-ob-p0116	Grouped by recurring leading label.
fam-plate-references	Pl. I 44b and IV 331b	1	obi-v01-n0073-ob-p0117	Grouped by recurring leading label.
fam-plate-references	Pl. I 45	1	obi-v01-n0081-ob-p0125	Grouped by recurring leading label.
fam-plate-references	Pl. I 46	1	obi-v01-n0102-ob-p0169	Grouped by recurring leading label.
fam-plate-references	Pl. I 47	1	obi-v01-n0086-tx-p0133	Grouped by recurring leading label.
fam-plate-references	Pl. I 48-49	1	obi-v01-n0085-ob-p0130	Grouped by recurring leading label.
fam-plate-references	Pl. I 50	1	obi-v01-n0057-ob-p0091	Grouped by recurring leading label.
fam-plate-references	Pl. I 51	1	obi-v01-n0095-re-p0142	Grouped by recurring leading label.
fam-plate-references	Pl. I 52	1	obi-v01-n0104-ob-p0172	Grouped by recurring leading label.
fam-plate-references	Pl. I 53	1	obi-v01-n0101-ob-p0168	Grouped by recurring leading label.
fam-plate-references	Pl. I 54	1	obi-v01-n0105-ob-p0173	Grouped by recurring leading label.
fam-plate-references	Pl. I 55a	1	obi-v01-n0110-ob-p0183	Grouped by recurring leading label.
fam-plate-references	Pl. I 55b	1	obi-v01-n0175-ob-p0302	Grouped by recurring leading label.
fam-plate-references	Pl. I 56a	1	obi-v01-n0068-ob-p0107	Grouped by recurring leading label.
fam-plate-references	Pl. I 56b	1	obi-v01-n0111-re-p0184	Grouped by recurring leading label.
fam-plate-references	Pl. I 57a and Pl. V 563b	1	obi-v01-n0119-ob-p0191	Grouped by recurring leading label.
fam-plate-references	Pl. I 57b	1	obi-v01-n0115-ob-p0187	Grouped by recurring leading label.
fam-plate-references	Pl. I 58	1	obi-v01-n0121-tx-p0198	Grouped by recurring leading label.
fam-plate-references	Pl. I 59	1	obi-v01-n0007-ob-p0022	Grouped by recurring leading label.
fam-plate-references	Pl. I 6	1	obi-v01-n0021-ob-p0042	Grouped by recurring leading label.
fam-plate-references	Pl. I 60a+b	1	obi-v01-n0126-ob-p0205	Grouped by recurring leading label.
fam-plate-references	Pl. I 61	1	obi-v01-n0127-ob-p0206	Grouped by recurring leading label.
fam-plate-references	Pl. I 62	1	obi-v01-n0130-ob-p0211	Grouped by recurring leading label.
fam-plate-references	Pl. I 63	1	obi-v01-n0084-ob-p0129	Grouped by recurring leading label.
fam-plate-references	Pl. I 64	1	obi-v01-n0093-re-p0140	Grouped by recurring leading label.
fam-plate-references	Pl. I 65a+b	1	obi-v01-n0134-ob-p0215	Grouped by recurring leading label.
fam-plate-references	Pl. I 66	1	obi-v01-n0069-ob-p0108	Grouped by recurring leading label.
fam-plate-references	Pl. I 67	1	obi-v01-n0136-re-p0220	Grouped by recurring leading label.
fam-plate-references	Pl. I 68	1	obi-v01-n0143-ob-p0240	Grouped by recurring leading label.
fam-plate-references	Pl. I 69	1	obi-v01-n0135-ob-p0218	Grouped by recurring leading label.
fam-plate-references	Pl. I 7	1	obi-v01-n0022-ob-p0043	Grouped by recurring leading label.
fam-plate-references	Pl. I 70	1	obi-v01-n0144-re-p0242	Grouped by recurring leading label.
fam-plate-references	Pl. I 71-72	1	obi-v01-n0148-ob-p0249	Grouped by recurring leading label.
fam-plate-references	Pl. I 74	1	obi-v01-n0097-tx-p0156	Grouped by recurring leading label.
fam-plate-references	Pl. I 76	1	obi-v01-n0142-tx-p0238	Grouped by recurring leading label.
fam-plate-references	Pl. I 77	1	obi-v01-n0142-tx-p0238	Grouped by recurring leading label.
fam-plate-references	Pl. I 78a	1	obi-v01-n0142-tx-p0238	Grouped by recurring leading label.
fam-plate-references	Pl. I 78b	1	obi-v01-n0142-tx-p0238	Grouped by recurring leading label.
fam-plate-references	Pl. I 79a	1	obi-v01-n0146-tx-p0246	Grouped by recurring leading label.
fam-plate-references	Pl. I 79b	1	obi-v01-n0146-tx-p0246	Grouped by recurring leading label.
fam-plate-references	Pl. I 80-81-82a+b	1	obi-v01-n0121-tx-p0193	Grouped by recurring leading label.
fam-plate-references	Pl. I 83	1	obi-v01-n0128-ob-p0208	Grouped by recurring leading label.
fam-plate-references	Pl. I 85	1	obi-v01-n0154-ob-p0257	Grouped by recurring leading label.
fam-plate-references	Pl. I 86-87	1	obi-v01-n0156-tx-p0260	Grouped by recurring leading label.
fam-plate-references	Pl. I 88	1	obi-v01-n0161-ob-p0270	Grouped by recurring leading label.
fam-plate-references	Pl. I 8a	1	obi-v01-n0023-ob-p0044	Grouped by recurring leading label.
fam-plate-references	Pl. I 8b	1	obi-v01-n0024-ob-p0045	Grouped by recurring leading label.
fam-plate-references	Pl. I 90	1	obi-v01-n0160-ob-p0267	Grouped by recurring leading label.
fam-plate-references	Pl. I 91+92	1	obi-v01-n0166-ob-p0278	Grouped by recurring leading label.
fam-plate-references	Pl. I 93	1	obi-v01-n0169-ob-p0287	Grouped by recurring leading label.
fam-plate-references	Pl. I 94a+b	1	obi-v01-n0172-ob-p0291	Grouped by recurring leading label.
fam-plate-references	Pl. I 95a	1	obi-v01-n0173-ob-p0298	Grouped by recurring leading label.
fam-plate-references	Pl. I 95b	1	obi-v01-n0145-ob-p0244	Grouped by recurring leading label.
fam-plate-references	Pl. I 96-97	1	obi-v01-n0174-ob-p0298	Grouped by recurring leading label.
fam-plate-references	Pl. I 98	1	obi-v01-n0129-tx-p0209	Grouped by recurring leading label.
fam-plate-references	Pl. I 99	1	obi-v01-n0150-tx-p0253	Grouped by recurring leading label.
fam-plate-references	Pl. I 9a	1	obi-v01-n0033-ob-p0056	Grouped by recurring leading label.
fam-plate-references	Pl. II 110	1	obi-v01-n0190-ob-p0324	Grouped by recurring leading label.
fam-plate-references	Pl. II 111	1	obi-v01-n0197-ob-p0334	Grouped by recurring leading label.
fam-plate-references	Pl. II 112	1	obi-v01-n0197-re-p0336	Grouped by recurring leading label.
fam-plate-references	Pl. II 113	1	obi-v01-n0019-ob-p0040	Grouped by recurring leading label.
fam-plate-references	Pl. II 114a	1	obi-v01-n0020-ob-p0041	Grouped by recurring leading label.
fam-plate-references	Pl. II 114b	1	obi-v01-n0208-ob-p0353	Grouped by recurring leading label.
fam-plate-references	Pl. II 115	1	obi-v01-n0026-ob-p0046	Grouped by recurring leading label.
fam-plate-references	Pl. II 116	1	obi-v01-n0036-ob-p0058	Grouped by recurring leading label.
fam-plate-references	Pl. II 117a	1	obi-v01-n0040-ob-p0064	Grouped by recurring leading label.
fam-plate-references	Pl. II 117b	1	obi-v01-n0043-ob-p0070	Grouped by recurring leading label.
fam-plate-references	Pl. II 119a	1	obi-v01-n0066-ob-p0105	Grouped by recurring leading label.
fam-plate-references	Pl. II 119b	1	obi-v01-n0066-re-p0106	Grouped by recurring leading label.
fam-plate-references	Pl. II 120a-b	1	obi-v01-n0077-ob-p0121	Grouped by recurring leading label.
fam-plate-references	Pl. II 121a	1	obi-v01-n0080-ob-p0125	Grouped by recurring leading label.
fam-plate-references	Pl. II 122a	1	obi-v01-n0106-ob-p0174	Grouped by recurring leading label.
fam-plate-references	Pl. II 122b	1	obi-v01-n0114-ob-p0186	Grouped by recurring leading label.
fam-plate-references	Pl. II 123	1	obi-v01-n0109-ob-p0179	Grouped by recurring leading label.
fam-plate-references	Pl. II 124a	1	obi-v01-n0100-ob-p0167	Grouped by recurring leading label.
fam-plate-references	Pl. II 125a	1	obi-v01-n0125-ob-p0204	Grouped by recurring leading label.
fam-plate-references	Pl. II 125b	1	obi-v01-n0079-ob-p0124	Grouped by recurring leading label.
fam-plate-references	Pl. II 126b	1	obi-v01-n0132-ob-p0213	Grouped by recurring leading label.
fam-plate-references	Pl. II 127a	1	obi-v01-n0153-ob-p0256	Grouped by recurring leading label.
fam-plate-references	Pl. II 127b	1	obi-v01-n0152-ob-p0255	Grouped by recurring leading label.
fam-plate-references	Pl. II 128a	1	obi-v01-n0157-ob-p0263	Grouped by recurring leading label.
fam-plate-references	Pl. II 128b+c	1	obi-v01-n0158-re-p0264	Grouped by recurring leading label.
fam-plate-references	Pl. II 129	1	obi-v01-n0183-ob-p0315	Grouped by recurring leading label.
fam-plate-references	Pl. II 130	1	obi-v01-n0184-ob-p0316	Grouped by recurring leading label.
fam-plate-references	Pl. II 131a	1	obi-v01-n0185-ob-p0318	Grouped by recurring leading label.
fam-plate-references	Pl. II 131b	1	obi-v01-n0186-ob-p0319	Grouped by recurring leading label.
fam-plate-references	Pl. II 132a	1	obi-v01-n0187-ob-p0320	Grouped by recurring leading label.
fam-plate-references	Pl. II 139	1	obi-v02-n0018-ob-p0029	Grouped by recurring leading label.
fam-plate-references	Pl. II 140a+b	1	obi-v02-n0019-ob-p0030	Grouped by recurring leading label.
fam-plate-references	Pl. II 141a	1	obi-v02-n0027-ob-p0052	Grouped by recurring leading label.
fam-plate-references	Pl. II 141b	1	obi-v02-n0028-ob-p0053	Grouped by recurring leading label.
fam-plate-references	Pl. II 142	1	obi-v02-n0029-ob-p0054	Grouped by recurring leading label.
fam-plate-references	Pl. II 143a+b	1	obi-v02-n0065-tx-p0137	Grouped by recurring leading label.
fam-plate-references	Pl. II 145	1	obi-v02-n0022-ob-p0041	Grouped by recurring leading label.
fam-plate-references	Pl. II 146	1	obi-v02-n0023-ob-p0044	Grouped by recurring leading label.
fam-plate-references	Pl. II 147a+b	1	obi-v02-n0024-ob-p0047	Grouped by recurring leading label.
fam-plate-references	Pl. II 148a	1	obi-v02-n0017-ob-p0027	Grouped by recurring leading label.
fam-plate-references	Pl. II 148b	1	obi-v02-n0026-re-p0051	Grouped by recurring leading label.
fam-plate-references	Pl. II 149	1	obi-v02-n0030-ob-p0056	Grouped by recurring leading label.
fam-plate-references	Pl. II 156	1	obi-v02-n0040-ob-p0074	Grouped by recurring leading label.
fam-plate-references	Pl. II 157	1	obi-v02-n0041-ob-p0076	Grouped by recurring leading label.
fam-plate-references	Pl. II 158-159	1	obi-v02-n0042-ob-p0078	Grouped by recurring leading label.
fam-plate-references	Pl. II 160a	1	obi-v02-n0046-ob-p0085	Grouped by recurring leading label.
fam-plate-references	Pl. II 160b	1	obi-v02-n0050-ob-p0089	Grouped by recurring leading label.
fam-plate-references	Pl. II 162-163	1	obi-v02-n0053-tx-p0093	Grouped by recurring leading label.
fam-plate-references	Pl. II 177a	1	obi-v02-n0074-ob-p0155	Grouped by recurring leading label.
fam-plate-references	Pl. II 178	1	obi-v01-n0011-ob-p0027	Grouped by recurring leading label.
fam-plate-references	Pl. II 182a	1	obi-v02-n0083-ob-p0170	Grouped by recurring leading label.
fam-plate-references	Pl. II 183a	1	obi-v02-n0085-ob-p0173	Grouped by recurring leading label.
fam-plate-references	Pl. II 184	1	obi-v02-n0078-ob-p0162	Grouped by recurring leading label.
fam-plate-references	Pl. II 185	1	obi-v02-n0091-ob-p0179	Grouped by recurring leading label.
fam-plate-references	Pl. II 187	1	obi-v02-n0088-ob-p0176	Grouped by recurring leading label.
fam-plate-references	Pl. II 188	1	obi-v02-n0093-ob-p0183	Grouped by recurring leading label.
fam-plate-references	Pl. II 190a	1	obi-v01-n0099-ob-p0164	Grouped by recurring leading label.
fam-plate-references	Pl. II 191a	1	obi-v02-n0098-ob-p0190	Grouped by recurring leading label.
fam-plate-references	Pl. II 195a	1	obi-v02-n0106-ob-p0202	Grouped by recurring leading label.
fam-plate-references	Pl. II 200 + Pl. II 201a	1	obi-v03-n0038-ob-p0062	Grouped by recurring leading label.
fam-plate-references	Pl. II 210a	1	obi-v01-n0182-ob-p0314	Grouped by recurring leading label.
fam-plate-references	Pl. II 211 (l. 1-28)	1	obi-v03-n0131-ob-p0222	Grouped by recurring leading label.
fam-plate-references	Pl. II 217 and Pl. II 218a	1	obi-v03-n0025-ob-p0037	Grouped by recurring leading label.
fam-plate-references	Pl. II 218b	1	obi-v05-n0042-ob-p0110	Grouped by recurring leading label.
fam-plate-references	Pl. II 219 a+b	1	obi-v03-n0025-ob-p0037	Grouped by recurring leading label.
fam-plate-references	Pl. II 222a+b	1	obi-v03-n0027-ob-p0043	Grouped by recurring leading label.
fam-plate-references	Pl. II 225	1	obi-v03-n0034-ob-p0053	Grouped by recurring leading label.
fam-plate-references	Pl. II 228b	1	obi-v03-n0039-ob-p0065	Grouped by recurring leading label.
fam-plate-references	Pl. III 229	1	obi-v03-n0040-ob-p0066	Grouped by recurring leading label.
fam-plate-references	Pl. III 230	1	obi-v04-n0107-ob-p0171	Grouped by recurring leading label.
fam-plate-references	Pl. III 231a	1	obi-v03-n0041-ob-p0068	Grouped by recurring leading label.
fam-plate-references	Pl. III 231b	1	obi-v03-n0042-ob-p0068	Grouped by recurring leading label.
fam-plate-references	Pl. III 232	1	obi-v03-n0043-ob-p0070	Grouped by recurring leading label.
fam-plate-references	Pl. III 232b	1	obi-v02-n0132-tx-p0234	Grouped by recurring leading label.
fam-plate-references	Pl. III 233	1	obi-v03-n0044-re-p0072	Grouped by recurring leading label.
fam-plate-references	Pl. III 235	1	obi-v03-n0046-re-p0074	Grouped by recurring leading label.
fam-plate-references	Pl. III 236b	1	obi-v03-n0048-ob-p0078	Grouped by recurring leading label.
fam-plate-references	Pl. III 237	1	obi-v03-n0049-ob-p0079	Grouped by recurring leading label.
fam-plate-references	Pl. III 238	1	obi-v03-n0050-ob-p0080	Grouped by recurring leading label.
fam-plate-references	Pl. III 239	1	obi-v03-n0052-re-p0083	Grouped by recurring leading label.
fam-plate-references	Pl. III 241	1	obi-v03-n0053-ob-p0085	Grouped by recurring leading label.
fam-plate-references	Pl. III 242	1	obi-v03-n0054-ob-p0087	Grouped by recurring leading label.
fam-plate-references	Pl. III 245a	1	obi-v03-n0058-ob-p0094	Grouped by recurring leading label.
fam-plate-references	Pl. III 246	1	obi-v03-n0059-ob-p0095	Grouped by recurring leading label.
fam-plate-references	Pl. III 256	1	obi-v02-n0031-ob-p0058	Grouped by recurring leading label.
fam-plate-references	Pl. III 270	1	obi-v02-n0118-re-p0217	Grouped by recurring leading label.
fam-plate-references	Pl. III 302	1	obi-v02-n0133-ob-p0235	Grouped by recurring leading label.
fam-plate-references	Pl. III 303	1	obi-v01-n0005-ob-p0019	Grouped by recurring leading label.
fam-plate-references	Pl. III 304-305	1	obi-v02-n0038-ob-p0072	Grouped by recurring leading label.
fam-plate-references	Pl. III 308-310	1	obi-v01-n0096-ob-p0143	Grouped by recurring leading label.
fam-plate-references	Pl. III 312a+b	1	obi-v02-n0121-tx-p0222	Grouped by recurring leading label.
fam-plate-references	Pl. III 314a	1	obi-v02-n0124-ob-p0227	Grouped by recurring leading label.
fam-plate-references	Pl. III 314b+c	1	obi-v02-n0125-tx-p0227	Grouped by recurring leading label.
fam-plate-references	Pl. III 319a-c	1	obi-v02-n0129-tx-p0230	Grouped by recurring leading label.
fam-plate-references	Pl. III 322	1	obi-v02-n0131-ob-p0232	Grouped by recurring leading label.
fam-plate-references	Pl. III 323a	1	obi-v02-n0132-tx-p0233	Grouped by recurring leading label.
fam-plate-references	Pl. III 324a	1	obi-v01-n0046-ob-p0074	Grouped by recurring leading label.
fam-plate-references	Pl. III 325	1	obi-v01-n0028-ob-p0049	Grouped by recurring leading label.
fam-plate-references	Pl. III 330	1	obi-v02-n0135-tx-p0238	Grouped by recurring leading label.
fam-plate-references	Pl. III 331a	1	obi-v02-n0136-tx-p0239	Grouped by recurring leading label.
fam-plate-references	Pl. III 333	1	obi-v02-n0045-ob-p0083	Grouped by recurring leading label.
fam-plate-references	Pl. III 339a+b	1	obi-v02-n0144-re-p0247	Grouped by recurring leading label.
fam-plate-references	Pl. IV 365a	1	obi-v01-n0201-re-p0342	Grouped by recurring leading label.
fam-plate-references	Pl. IV 365b	1	obi-v01-n0030-ob-p0053	Grouped by recurring leading label.
fam-plate-references	Pl. IV 365c	1	obi-v01-n0060-ob-p0096	Grouped by recurring leading label.
fam-plate-references	Pl. IV 370	1	obi-v01-n0064-ob-p0100	Grouped by recurring leading label.
fam-plate-references	Pl. IV 371a	1	obi-v01-n0083-ob-p0128	Grouped by recurring leading label.
fam-plate-references	Pl. IV 373a	1	obi-v01-n0137-ob-p0221	Grouped by recurring leading label.
fam-plate-references	Pl. IV 373b	1	obi-v01-n0149-ob-p0251	Grouped by recurring leading label.
fam-plate-references	Pl. IV 373c	1	obi-v01-n0133-ob-p0214	Grouped by recurring leading label.
fam-plate-references	Pl. IV 373d	1	obi-v01-n0147-re-p0248	Grouped by recurring leading label.
fam-plate-references	Pl. IV 375 + 376	1	obi-v01-n0167-ob-p0282	Grouped by recurring leading label.
fam-plate-references	Pl. IV 377a	1	obi-v01-n0092-ob-p0139	Grouped by recurring leading label.
fam-plate-references	Pl. IV 377b	1	obi-v02-n0047-re-p0087	Grouped by recurring leading label.
fam-plate-references	Pl. IV 378a	1	obi-v02-n0048-ob-p0087	Grouped by recurring leading label.
fam-plate-references	Pl. IV 378b	1	obi-v02-n0049-ob-p0088	Grouped by recurring leading label.
fam-plate-references	Pl. IV 380	1	obi-v02-n0072-ob-p0148	Grouped by recurring leading label.
fam-plate-references	Pl. IV 382	1	obi-v04-n0117-re-p0191	Grouped by recurring leading label.
fam-plate-references	Pl. IV 384	1	obi-v03-n0051-ob-p0081	Grouped by recurring leading label.
fam-plate-references	Pl. IV 386 and Pl. IV 387	1	obi-v03-n0225-ob-p0360	Grouped by recurring leading label.
fam-plate-references	Pl. IV 399a	1	obi-v03-n0130-ob-p0221	Grouped by recurring leading label.
fam-plate-references	Pl. IV 399c	1	obi-v02-n0039-ob-p0074	Grouped by recurring leading label.
fam-plate-references	Pl. IV 402	1	obi-v01-n0206-re-p0351	Grouped by recurring leading label.
fam-plate-references	Pl. IV 411	1	obi-v03-n0168-ob-p0283	Grouped by recurring leading label.
fam-plate-references	Pl. IV 479 (l. 1-20)	1	obi-v04-n0039-re-p0065	Grouped by recurring leading label.
fam-plate-references	Pl. V 463	1	obi-v04-n0022-ob-p0029	Grouped by recurring leading label.
fam-plate-references	Pl. V 464a	1	obi-v04-n0024-ob-p0036	Grouped by recurring leading label.
fam-plate-references	Pl. V 479 (l. 21-30)	1	obi-v04-n0039-ob-p0064	Grouped by recurring leading label.
fam-plate-references	Pl. V 480a	1	obi-v04-n0039-re-p0065	Grouped by recurring leading label.
fam-plate-references	Pl. V 481a	1	obi-v04-n0044-ob-p0073	Grouped by recurring leading label.
fam-plate-references	Pl. V 509	1	obi-v04-n0066-ob-p0102	Grouped by recurring leading label.
fam-plate-references	Pl. V 543a	1	obi-v04-n0092-ob-p0147	Grouped by recurring leading label.
fam-plate-references	Pl. V 565a	1	obi-v04-n0146-ob-p0251	Grouped by recurring leading label.
fam-plate-references	Pl. V 571b	1	obi-v01-n0203-ob-p0344	Grouped by recurring leading label.
fam-plate-references	Pl. V 573a	1	obi-v01-n0056-ob-p0090	Grouped by recurring leading label.
fam-plate-references	Pl. V 574a	1	obi-v05-n0044-ob-p0111	Grouped by recurring leading label.
fam-plate-references	Pl. V 593a	1	obi-v04-n0104-ob-p0163	Grouped by recurring leading label.
fam-ppa-catalogue	PPA, p. 55	78	obi-v03-n0002-re-p0002 | obi-v03-n0014-re-p0020 | obi-v03-n0015-ob-p0021 | obi-v03-n0016-ob-p0022 | obi-v03-n0016-re-p0023	Grouped by recurring leading label.
fam-ppa-catalogue	PPA, p. 191	77	obi-v03-n0001-ob-p0001 | obi-v03-n0008-re-p0011 | obi-v03-n0009-ob-p0012 | obi-v03-n0010-ob-p0013 | obi-v03-n0011-ob-p0014	Grouped by recurring leading label.
fam-ppa-catalogue	PPA, p. 155	12	obi-v02-n0016-ob-p0024 | obi-v02-n0137-tx-p0240 | obi-v02-n0138-tx-p0240 | obi-v02-n0139-tx-p0241 | obi-v02-n0140-ob-p0242	Grouped by recurring leading label.
fam-ppa-catalogue	PPA, p. 286 (this ref. in List is incorrect !)	9	obi-v02-n0004-ob-p0006 | obi-v02-n0032-ob-p0060 | obi-v02-n0033-ob-p0061 | obi-v02-n0033-re-p0063 | obi-v02-n0034-ob-p0064	Grouped by recurring leading label.
fam-ppa-catalogue	PPA, p. 310	3	obi-v01-n0150-tx-p0253 | obi-v01-n0162-tx-p0272 | obi-v01-n0176-tx-p0302	Grouped by recurring leading label.
fam-ppa-catalogue	PPA, p. 159	2	obi-v01-n0004-ob-p0011 | obi-v01-n0183-ob-p0315	Grouped by recurring leading label.
fam-ppa-catalogue	PPA, p. 98	2	obi-v01-n0095-re-p0142 | obi-v03-n0042-ob-p0068	Grouped by recurring leading label.
fam-ppa-catalogue	PPA p. 239	1	obi-v01-n0187-ob-p0320	Grouped by recurring leading label.
fam-ppa-catalogue	PPA p. 255	1	obi-v03-n0052-re-p0083	Grouped by recurring leading label.
fam-ppa-catalogue	PPA, p. 105	1	obi-v02-n0091-ob-p0179	Grouped by recurring leading label.
fam-ppa-catalogue	PPA, p. 109	1	obi-v01-n0052-ob-p0083	Grouped by recurring leading label.
fam-ppa-catalogue	PPA, p. 112	1	obi-v02-n0046-ob-p0085	Grouped by recurring leading label.
fam-ppa-catalogue	PPA, p. 114	1	obi-v02-n0065-tx-p0137	Grouped by recurring leading label.
fam-ppa-catalogue	PPA, p. 117	1	obi-v02-n0065-tx-p0137	Grouped by recurring leading label.
fam-ppa-catalogue	PPA, p. 119	1	obi-v02-n0024-ob-p0047	Grouped by recurring leading label.
fam-ppa-catalogue	PPA, p. 12	1	obi-v02-n0018-ob-p0029	Grouped by recurring leading label.
fam-ppa-catalogue	PPA, p. 139	1	obi-v01-n0021-ob-p0042	Grouped by recurring leading label.
fam-ppa-catalogue	PPA, p. 141-2	1	obi-v01-n0012-ob-p0029	Grouped by recurring leading label.
fam-ppa-catalogue	PPA, p. 145	1	obi-v01-n0205-ob-p0347	Grouped by recurring leading label.
fam-ppa-catalogue	PPA, p. 147	1	obi-v02-n0083-ob-p0170	Grouped by recurring leading label.
fam-ppa-catalogue	PPA, p. 149	1	obi-v01-n0070-ob-p0111	Grouped by recurring leading label.
fam-ppa-catalogue	PPA, p. 150	1	obi-v01-n0086-tx-p0133	Grouped by recurring leading label.
fam-ppa-catalogue	PPA, p. 151	1	obi-v01-n0029-ob-p0050	Grouped by recurring leading label.
fam-ppa-catalogue	PPA, p. 165	1	obi-v01-n0027-ob-p0048	Grouped by recurring leading label.
fam-ppa-catalogue	PPA, p. 166	1	obi-v01-n0034-re-p0056	Grouped by recurring leading label.
fam-ppa-catalogue	PPA, p. 167	1	obi-v01-n0047-ob-p0075	Grouped by recurring leading label.
fam-ppa-catalogue	PPA, p. 168	1	obi-v01-n0054-ob-p0086	Grouped by recurring leading label.
fam-ppa-catalogue	PPA, p. 169	1	obi-v01-n0063-ob-p0099	Grouped by recurring leading label.
fam-ppa-catalogue	PPA, p. 17	1	obi-v01-n0148-ob-p0249	Grouped by recurring leading label.
fam-ppa-catalogue	PPA, p. 170	1	obi-v01-n0065-ob-p0102	Grouped by recurring leading label.
fam-ppa-catalogue	PPA, p. 172	1	obi-v01-n0130-ob-p0211	Grouped by recurring leading label.
fam-ppa-catalogue	PPA, p. 174	1	obi-v02-n0041-ob-p0076	Grouped by recurring leading label.
fam-ppa-catalogue	PPA, p. 176	1	obi-v01-n0161-ob-p0270	Grouped by recurring leading label.
fam-ppa-catalogue	PPA, p. 177	1	obi-v01-n0154-ob-p0257	Grouped by recurring leading label.
fam-ppa-catalogue	PPA, p. 179	1	obi-v01-n0178-tx-p0305	Grouped by recurring leading label.
fam-ppa-catalogue	PPA, p. 181	1	obi-v01-n0179-tx-p0306	Grouped by recurring leading label.
fam-ppa-catalogue	PPA, p. 183	1	obi-v01-n0186-ob-p0319	Grouped by recurring leading label.
fam-ppa-catalogue	PPA, p. 184	1	obi-v02-n0022-ob-p0041	Grouped by recurring leading label.
fam-ppa-catalogue	PPA, p. 186	1	obi-v02-n0050-ob-p0089	Grouped by recurring leading label.
fam-ppa-catalogue	PPA, p. 190	1	obi-v02-n0098-ob-p0190	Grouped by recurring leading label.
fam-ppa-catalogue	PPA, p. 192	1	obi-v01-n0007-ob-p0022	Grouped by recurring leading label.
fam-ppa-catalogue	PPA, p. 201	1	obi-v02-n0118-re-p0217	Grouped by recurring leading label.
fam-ppa-catalogue	PPA, p. 212	1	obi-v01-n0084-ob-p0129	Grouped by recurring leading label.
fam-ppa-catalogue	PPA, p. 213	1	obi-v01-n0093-re-p0140	Grouped by recurring leading label.
fam-ppa-catalogue	PPA, p. 216	1	obi-v01-n0134-ob-p0215	Grouped by recurring leading label.
fam-ppa-catalogue	PPA, p. 217	1	obi-v01-n0097-tx-p0156	Grouped by recurring leading label.
fam-ppa-catalogue	PPA, p. 219	1	obi-v01-n0108-tx-p0176	Grouped by recurring leading label.
fam-ppa-catalogue	PPA, p. 221 (partly transl. U Pe Maung Tin, JBRS 25, 1935, p. 159)	1	obi-v01-n0142-tx-p0238	Grouped by recurring leading label.
fam-ppa-catalogue	PPA, p. 224	1	obi-v01-n0097-tx-p0151	Grouped by recurring leading label.
fam-ppa-catalogue	PPA, p. 227	1	obi-v01-n0097-tx-p0161	Grouped by recurring leading label.
fam-ppa-catalogue	PPA, p. 231	1	obi-v01-n0142-tx-p0238	Grouped by recurring leading label.
fam-ppa-catalogue	PPA, p. 234	1	obi-v01-n0128-ob-p0208	Grouped by recurring leading label.
fam-ppa-catalogue	PPA, p. 235	1	obi-v01-n0143-ob-p0240	Grouped by recurring leading label.
fam-ppa-catalogue	PPA, p. 237	1	obi-v01-n0146-tx-p0246	Grouped by recurring leading label.
fam-ppa-catalogue	PPA, p. 240	1	obi-v02-n0023-ob-p0044	Grouped by recurring leading label.
fam-ppa-catalogue	PPA, p. 242	1	obi-v02-n0026-re-p0051	Grouped by recurring leading label.
fam-ppa-catalogue	PPA, p. 243	1	obi-v02-n0053-tx-p0093	Grouped by recurring leading label.
fam-ppa-catalogue	PPA, p. 274	1	obi-v03-n0046-re-p0074	Grouped by recurring leading label.
fam-ppa-catalogue	PPA, p. 295	1	obi-v03-n0059-ob-p0095	Grouped by recurring leading label.
fam-ppa-catalogue	PPA, p. 313	1	obi-v03-n0039-ob-p0065	Grouped by recurring leading label.
fam-ppa-catalogue	PPA, p. 320	1	obi-v01-n0129-tx-p0209	Grouped by recurring leading label.
fam-ppa-catalogue	PPA, p. 57	1	obi-v01-n0057-ob-p0091	Grouped by recurring leading label.
fam-ppa-catalogue	PPA, p. 59	1	obi-v01-n0169-ob-p0287	Grouped by recurring leading label.
fam-ppa-catalogue	PPA, p. 61	1	obi-v01-n0181-ob-p0311	Grouped by recurring leading label.
fam-ppa-catalogue	PPA, p. 99	1	obi-v01-n0172-ob-p0291	Grouped by recurring leading label.
fam-raw-12	12	1	obi-v02-n0024-ob-p0047	No stronger conservative family signal was detected.
fam-raw-17	17	1	obi-v04-n0108-re-p0175	No stronger conservative family signal was detected.
fam-raw-184-bed-b-614-2	-184 BED B 614-2	1	obi-v02-n0078-ob-p0162	No stronger conservative family signal was detected.
fam-raw-1936-37-4003-1938-39-4080	-1936-37/ 4003, 1938-39/ 4080	1	obi-v03-n0011-ob-p0014	No stronger conservative family signal was detected.
fam-raw-1958-59	1958-59	1	obi-v05-n0055-tx-p0130	No stronger conservative family signal was detected.
fam-raw-1960	1960, p. 241	1	obi-v01-n0012-ob-p0029	No stronger conservative family signal was detected.
fam-raw-1962-63-bed-b-622-6	1962-63 BED B 622-6	1	obi-v03-n0136-re-p0232	No stronger conservative family signal was detected.
fam-raw-1963	1963,	1	obi-v01-n0164-ob-p0274	No stronger conservative family signal was detected.
fam-raw-1970-71	1970-71	1	obi-v04-n0137-re-p0232	No stronger conservative family signal was detected.
fam-raw-2	& 2	1	obi-v02-n0023-ob-p0044	No stronger conservative family signal was detected.
fam-raw-2	-2	1	obi-v04-n0087-ob-p0138	No stronger conservative family signal was detected.
fam-raw-265	---265,	1	obi-v03-n0020-tx-p0027	No stronger conservative family signal was detected.
fam-raw-3	3 ,	1	obi-v04-n0050-ob-p0080	No stronger conservative family signal was detected.
fam-raw-31-2-3	-31 . . . . . . 2 . . . . . . 3 . . . . . . . . .	1	obi-v05-n0049-tx-p0122	No stronger conservative family signal was detected.
fam-raw-377	-377	1	obi-v01-n0125-ob-p0204	No stronger conservative family signal was detected.
fam-raw-6	-6-,	1	obi-v04-n0012-ob-p0016	No stronger conservative family signal was detected.
fam-raw-617	617	1	obi-v03-n0052-re-p0083	No stronger conservative family signal was detected.
fam-raw-769	--769	1	obi-v01-n0144-re-p0242	No stronger conservative family signal was detected.
fam-raw-a	A, p. 79	66	obi-v03-n0003-ob-p0003 | obi-v03-n0022-ob-p0033 | obi-v03-n0023-ob-p0033 | obi-v03-n0023-re-p0034 | obi-v03-n0024-re-p0036	No stronger conservative family signal was detected.
fam-raw-a	A, p. 101	7	obi-v03-n0005-ob-p0005 | obi-v03-n0032-tx-p0051 | obi-v03-n0033-ob-p0052 | obi-v03-n0035-ob-p0055 | obi-v03-n0035-re-p0056	No stronger conservative family signal was detected.
fam-raw-a	A, p. 103-105	5	obi-v03-n0008-ob-p0009 | obi-v03-n0056-ob-p0090 | obi-v03-n0056-re-p0091 | obi-v03-n0057-tx-p0092 | obi-v03-n0060-ob-p0097	No stronger conservative family signal was detected.
fam-raw-a	A, p. 19	2	obi-v01-n0194-re-p0330 | obi-v01-n0195-ob-p0331	No stronger conservative family signal was detected.
fam-raw-a	A, p. 50	2	obi-v01-n0138-ob-p0222 | obi-v01-n0139-ob-p0224	No stronger conservative family signal was detected.
fam-raw-a	A, p. 532	2	obi-v01-n0107-ob-p0175 | obi-v01-n0107-re-p0175	No stronger conservative family signal was detected.
fam-raw-a	A, p. 61	2	obi-v01-n0221-tx-p0376 | obi-v01-n0222-re-p0376	No stronger conservative family signal was detected.
fam-raw-a	A, p. 75	2	obi-v02-n0003-ob-p0004 | obi-v02-n0025-ob-p0049	No stronger conservative family signal was detected.
fam-raw-a	A p. 377	1	obi-v01-n0125-ob-p0204	No stronger conservative family signal was detected.
fam-raw-a	A p. 68	1	obi-v01-n0173-ob-p0298	No stronger conservative family signal was detected.
fam-raw-a	A, p. 106	1	obi-v04-n0024-ob-p0036	No stronger conservative family signal was detected.
fam-raw-a	A, p. 11	1	obi-v01-n0192-ob-p0326	No stronger conservative family signal was detected.
fam-raw-a	A, p. 112	1	obi-v03-n0041-ob-p0068	No stronger conservative family signal was detected.
fam-raw-a	A, p. 113	1	obi-v03-n0053-ob-p0085	No stronger conservative family signal was detected.
fam-raw-a	A, p. 114	1	obi-v03-n0050-ob-p0080	No stronger conservative family signal was detected.
fam-raw-a	A, p. 116	1	obi-v03-n0048-ob-p0078	No stronger conservative family signal was detected.
fam-raw-a	A, p. 128	1	obi-v01-n0040-ob-p0064	No stronger conservative family signal was detected.
fam-raw-a	A, p. 16	1	obi-v01-n0193-ob-p0328	No stronger conservative family signal was detected.
fam-raw-a	A, p. 18	1	obi-v01-n0194-ob-p0329	No stronger conservative family signal was detected.
fam-raw-a	A, p. 27	1	obi-v01-n0010-ob-p0026	No stronger conservative family signal was detected.
fam-raw-a	A, p. 28	1	obi-v01-n0204-re-p0346	No stronger conservative family signal was detected.
fam-raw-a	A, p. 34	1	obi-v01-n0023-ob-p0044	No stronger conservative family signal was detected.
fam-raw-a	A, p. 36	1	obi-v01-n0031-ob-p0054	No stronger conservative family signal was detected.
fam-raw-a	A, p. 39	1	obi-v01-n0212-ob-p0360	No stronger conservative family signal was detected.
fam-raw-a	A, p. 41	1	obi-v01-n0050-ob-p0081	No stronger conservative family signal was detected.
fam-raw-a	A, p. 410	1	obi-v01-n0218-ob-p0370	No stronger conservative family signal was detected.
fam-raw-a	A, p. 42	1	obi-v01-n0042-ob-p0069	No stronger conservative family signal was detected.
fam-raw-a	A, p. 43	1	obi-v01-n0216-ob-p0366	No stronger conservative family signal was detected.
fam-raw-a	A, p. 46	1	obi-v01-n0216-ob-p0366	No stronger conservative family signal was detected.
fam-raw-a	A, p. 51	1	obi-v01-n0048-ob-p0077	No stronger conservative family signal was detected.
fam-raw-a	A, p. 54	1	obi-v02-n0031-ob-p0058	No stronger conservative family signal was detected.
fam-raw-a	A, p. 55	1	obi-v02-n0097-tx-p0188	No stronger conservative family signal was detected.
fam-raw-a	A, p. 56	1	obi-v02-n0097-tx-p0189	No stronger conservative family signal was detected.
fam-raw-a	A, p. 58	1	obi-v01-n0110-ob-p0183	No stronger conservative family signal was detected.
fam-raw-a	A, p. 59	1	obi-v01-n0102-ob-p0169	No stronger conservative family signal was detected.
fam-raw-a	A, p. 60	1	obi-v01-n0101-ob-p0168	No stronger conservative family signal was detected.
fam-raw-a	A, p. 62	1	obi-v01-n0224-ob-p0379	No stronger conservative family signal was detected.
fam-raw-a	A, p. 63	1	obi-v01-n0224-ob-p0379	No stronger conservative family signal was detected.
fam-raw-a	A, p. 66	1	obi-v01-n0157-ob-p0263	No stronger conservative family signal was detected.
fam-raw-a	A, p. 7	1	obi-v01-n0189-ob-p0322	No stronger conservative family signal was detected.
fam-raw-a	A, p. 70	1	obi-v01-n0175-ob-p0302	No stronger conservative family signal was detected.
fam-raw-a	A, p. 71	1	obi-v01-n0225-ob-p0381	No stronger conservative family signal was detected.
fam-raw-a	A, p. 8	1	obi-v01-n0189-ob-p0322	No stronger conservative family signal was detected.
fam-raw-a	A, p. 80	1	obi-v01-n0202-re-p0343	No stronger conservative family signal was detected.
fam-raw-a	A, p. 81	1	obi-v02-n0030-ob-p0056	No stronger conservative family signal was detected.
fam-raw-a	A, p. 83	1	obi-v02-n0045-ob-p0083	No stronger conservative family signal was detected.
fam-raw-a	A, p. 88	1	obi-v04-n0107-ob-p0171	No stronger conservative family signal was detected.
fam-raw-a	A, p. 89	1	obi-v02-n0074-ob-p0155	No stronger conservative family signal was detected.
fam-raw-a	A, p. 9	1	obi-v01-n0188-ob-p0321	No stronger conservative family signal was detected.
fam-raw-a	A, p. 94	1	obi-v02-n0078-ob-p0162	No stronger conservative family signal was detected.
fam-raw-a	A, p.1	1	obi-v01-n0188-ob-p0321	No stronger conservative family signal was detected.
fam-raw-a-and-549	A, p. 97 and 549	1	obi-v01-n0073-ob-p0117	No stronger conservative family signal was detected.
fam-raw-and-mm-4-said-to-come-from-sagaing	and MM 4, no. 47, p. 214 (said to come from Sagaing)	1	obi-v01-n0052-ob-p0083	No stronger conservative family signal was detected.
fam-raw-another-is-list-401	another copy is List 401	1	obi-v01-n0216-ob-p0366	No stronger conservative family signal was detected.
fam-raw-another-mm-3	another copy MM 3, no. 25, p. 107	1	obi-v01-n0052-ob-p0083	No stronger conservative family signal was detected.
fam-raw-another-mm-4	another copy MM 4, no. 20, p. 90	1	obi-v01-n0188-ob-p0321	No stronger conservative family signal was detected.
fam-raw-another-mm-4	another copy MM 4, no. 9, p. 44	1	obi-v01-n0191-ob-p0325	No stronger conservative family signal was detected.
fam-raw-arasi-1921-22-and-pl-19a	ARASI 1921-22, p. 35 and pl. 19a	1	obi-v01-n0022-ob-p0043	No stronger conservative family signal was detected.
fam-raw-arasi-1930-34	ARASI 1930-34, p. 190	2	obi-v01-n0190-ob-p0324 | obi-v01-n0197-re-p0336	No stronger conservative family signal was detected.
fam-raw-arasi-1936-37	ARASI 1936-37, p. 114	1	obi-v01-n0201-re-p0342	No stronger conservative family signal was detected.
fam-raw-arasi-1936-37	ARASI 1936-37, p. 115	1	obi-v02-n0048-ob-p0087	No stronger conservative family signal was detected.
fam-raw-arasi-1936-37	ARASI 1936-37, p. 116	1	obi-v01-n0067-ob-p0106	No stronger conservative family signal was detected.
fam-raw-arasi-1936-7-u-min-hswe	ARASI 1936-7, p. 114, U Min Hswe, no. 11	1	obi-v02-n0049-ob-p0088	No stronger conservative family signal was detected.
fam-raw-aung-thwin-ceylonese-burmese-relations-jss-1976	Aung-Thwin, Ceylonese-Burmese Relations, JSS 1976, p. 53-74	1	obi-v01-n0126-ob-p0205	No stronger conservative family signal was detected.
fam-raw-b-1	B 1, p. 420	1	obi-v01-n0219-ob-p0371	No stronger conservative family signal was detected.
fam-raw-b-1	B 1, p. 428	1	obi-v04-n0022-ob-p0029	No stronger conservative family signal was detected.
fam-raw-b-2	B 2, p. 815	2	obi-v01-n0138-ob-p0222 | obi-v01-n0139-ob-p0224	No stronger conservative family signal was detected.
fam-raw-b-2	B 2, p. 830	2	obi-v01-n0188-ob-p0321	No stronger conservative family signal was detected.
fam-raw-b-2	B 2 p. 747	1	obi-v01-n0128-ob-p0208	No stronger conservative family signal was detected.
fam-raw-b-2	B 2, p. 509	1	obi-v01-n0213-ob-p0362	No stronger conservative family signal was detected.
fam-raw-b-2	B 2, p. 554	1	obi-v04-n0039-re-p0065	No stronger conservative family signal was detected.
fam-raw-b-2	B 2, p. 621	1	obi-v02-n0038-ob-p0072	No stronger conservative family signal was detected.
fam-raw-b-2	B 2, p. 630	1	obi-v01-n0212-ob-p0360	No stronger conservative family signal was detected.
fam-raw-b-2	B 2, p. 645-646	1	obi-v03-n0027-ob-p0043	No stronger conservative family signal was detected.
fam-raw-b-2	B 2, p. 72	1	obi-v01-n0191-ob-p0325	No stronger conservative family signal was detected.
fam-raw-b-2	B 2, p. 722	1	obi-v02-n0072-ob-p0148	No stronger conservative family signal was detected.
fam-raw-b-2	B 2, p. 747	1	obi-v01-n0163-re-p0273	No stronger conservative family signal was detected.
fam-raw-b-2	B 2, p. 76	1	obi-v01-n0219-ob-p0371	No stronger conservative family signal was detected.
fam-raw-b-2	B 2, p. 760	1	obi-v01-n0219-ob-p0371	No stronger conservative family signal was detected.
fam-raw-b-2	B 2, p. 768	1	obi-v01-n0022-ob-p0043	No stronger conservative family signal was detected.
fam-raw-b-2	B 2, p. 769	1	obi-v01-n0144-re-p0242	No stronger conservative family signal was detected.
fam-raw-b-2	B 2, p. 781-783	1	obi-v01-n0205-ob-p0347	No stronger conservative family signal was detected.
fam-raw-b-2	B 2, p. 788	1	obi-v01-n0070-ob-p0111	No stronger conservative family signal was detected.
fam-raw-b-2	B 2, p. 792	1	obi-v01-n0053-ob-p0086	No stronger conservative family signal was detected.
fam-raw-b-2	B 2, p. 796	1	obi-v01-n0138-ob-p0222	No stronger conservative family signal was detected.
fam-raw-b-2	B 2, p. 813	1	obi-v01-n0139-ob-p0224	No stronger conservative family signal was detected.
fam-raw-b-2	B 2, p. 818	1	obi-v01-n0212-ob-p0360	No stronger conservative family signal was detected.
fam-raw-b-2	B 2, p. 821	1	obi-v01-n0216-ob-p0366	No stronger conservative family signal was detected.
fam-raw-b-2	B 2, p. 822	1	obi-v01-n0216-ob-p0366	No stronger conservative family signal was detected.
fam-raw-b-2	B 2, p. 823	1	obi-v01-n0216-ob-p0366	No stronger conservative family signal was detected.
fam-raw-b-2	B 2, p. 838	1	obi-v01-n0188-ob-p0321	No stronger conservative family signal was detected.
fam-raw-b-2	B 2, p. 842	1	obi-v01-n0224-ob-p0379	No stronger conservative family signal was detected.
fam-raw-b-2	B 2, p. 846	1	obi-v01-n0052-ob-p0083	No stronger conservative family signal was detected.
fam-raw-b-2	B 2, p. 847	1	obi-v01-n0224-ob-p0379	No stronger conservative family signal was detected.
fam-raw-b-2	B 2, p. 887	1	obi-v03-n0053-ob-p0085	No stronger conservative family signal was detected.
fam-raw-b-2	B 2, p. 927	1	obi-v03-n0058-ob-p0094	No stronger conservative family signal was detected.
fam-raw-b-2-dated-cs-636-1274-and-list-453-second-inscr	B 2, p. 819 (dated CS 636/ 1274) and List 453 (second inscr.)	1	obi-v03-n0059-ob-p0095	No stronger conservative family signal was detected.
fam-raw-b-2-dated-cs-676-1314	B 2, p. 827 (dated CS 676/1314)	1	obi-v03-n0059-ob-p0095	No stronger conservative family signal was detected.
fam-raw-b-2-first-inscr	B 2, p. 819 (first inscr.)	1	obi-v01-n0212-ob-p0360	No stronger conservative family signal was detected.
fam-raw-b-2-first-part	B 2, p. 665 (first part)	2	obi-v02-n0003-ob-p0004 | obi-v02-n0025-ob-p0049	No stronger conservative family signal was detected.
fam-raw-b-2-mm	B 2, p. 796 (MM)	1	obi-v01-n0139-ob-p0224	No stronger conservative family signal was detected.
fam-raw-b-28	/b+ 28	1	obi-v02-n0066-ob-p0140	No stronger conservative family signal was detected.
fam-raw-ba-1-9	BA 1, 9	1	obi-v01-n0188-ob-p0321	No stronger conservative family signal was detected.
fam-raw-ba-10	BA-10	1	obi-v01-n0218-ob-p0370	No stronger conservative family signal was detected.
fam-raw-ba-101	BA-101	1	obi-v03-n0005-ob-p0005	No stronger conservative family signal was detected.
fam-raw-ba-103	BA-103	1	obi-v03-n0008-ob-p0009	No stronger conservative family signal was detected.
fam-raw-ba-105	BA-105	1	obi-v03-n0008-re-p0011	No stronger conservative family signal was detected.
fam-raw-ba-106	BA-106,	1	obi-v04-n0024-ob-p0036	No stronger conservative family signal was detected.
fam-raw-ba-107	BA 107	1	obi-v01-n0016-ob-p0035	No stronger conservative family signal was detected.
fam-raw-ba-109-157	BA-109, 157	1	obi-v03-n0141-ob-p0238	No stronger conservative family signal was detected.
fam-raw-ba-11	BA-11	1	obi-v01-n0192-ob-p0326	No stronger conservative family signal was detected.
fam-raw-ba-110	BA-110	1	obi-v03-n0035-re-p0056	No stronger conservative family signal was detected.
fam-raw-ba-111	BA-111	1	obi-v02-n0058-ob-p0115	No stronger conservative family signal was detected.
fam-raw-ba-112	BA 112	1	obi-v03-n0041-ob-p0068	No stronger conservative family signal was detected.
fam-raw-ba-113	BA-113,	1	obi-v03-n0053-ob-p0085	No stronger conservative family signal was detected.
fam-raw-ba-114	BA-114	1	obi-v03-n0050-ob-p0080	No stronger conservative family signal was detected.
fam-raw-ba-115	BA-115	1	obi-v03-n0047-ob-p0077	No stronger conservative family signal was detected.
fam-raw-ba-116	BA-116	1	obi-v03-n0048-ob-p0078	No stronger conservative family signal was detected.
fam-raw-ba-117	BA-117	1	obi-v03-n0173-ob-p0293	No stronger conservative family signal was detected.
fam-raw-ba-118	BA-118	1	obi-v03-n0173-re-p0295	No stronger conservative family signal was detected.
fam-raw-ba-121	BA-121	1	obi-v03-n0072-re-p0119	No stronger conservative family signal was detected.
fam-raw-ba-122	BA-122	1	obi-v03-n0075-ob-p0123	No stronger conservative family signal was detected.
fam-raw-ba-124	BA-124	1	obi-v03-n0080-ob-p0135	No stronger conservative family signal was detected.
fam-raw-ba-125	BA-125	1	obi-v03-n0082-ob-p0138	No stronger conservative family signal was detected.
fam-raw-ba-127	BA-127	1	obi-v01-n0040-ob-p0064	No stronger conservative family signal was detected.
fam-raw-ba-128	BA-128	1	obi-v01-n0040-ob-p0064	No stronger conservative family signal was detected.
fam-raw-ba-130	BA-130	1	obi-v03-n0109-ob-p0187	No stronger conservative family signal was detected.
fam-raw-ba-133	BA-133	1	obi-v03-n0090-ob-p0160	No stronger conservative family signal was detected.
fam-raw-ba-135	BA 135	1	obi-v03-n0097-ob-p0172	No stronger conservative family signal was detected.
fam-raw-ba-137-138	BA-137-138	1	obi-v03-n0103-ob-p0179	No stronger conservative family signal was detected.
fam-raw-ba-139-140	BA-139-140	1	obi-v03-n0107-ob-p0185	No stronger conservative family signal was detected.
fam-raw-ba-141	BA-141	1	obi-v04-n0011-re-p0015	No stronger conservative family signal was detected.
fam-raw-ba-142	BA-142	1	obi-v03-n0116-ob-p0196	No stronger conservative family signal was detected.
fam-raw-ba-143-144	BA-143-144	1	obi-v02-n0103-ob-p0196	No stronger conservative family signal was detected.
fam-raw-ba-145	BA-145	1	obi-v03-n0095-re-p0170	No stronger conservative family signal was detected.
fam-raw-ba-146	BA-146	1	obi-v03-n0113-ob-p0193	No stronger conservative family signal was detected.
fam-raw-ba-147	BA-147	1	obi-v03-n0121-ob-p0205	No stronger conservative family signal was detected.
fam-raw-ba-149	BA-149	1	obi-v03-n0125-ob-p0214	No stronger conservative family signal was detected.
fam-raw-ba-150	BA-150	1	obi-v03-n0128-ob-p0218	No stronger conservative family signal was detected.
fam-raw-ba-151-152	BA-151-152	1	obi-v03-n0132-ob-p0225	No stronger conservative family signal was detected.
fam-raw-ba-153	BA-153	1	obi-v03-n0138-ob-p0235	No stronger conservative family signal was detected.
fam-raw-ba-154	BA-154	1	obi-v03-n0137-ob-p0234	No stronger conservative family signal was detected.
fam-raw-ba-156	BA-156	1	obi-v03-n0142-ob-p0240	No stronger conservative family signal was detected.
fam-raw-ba-16	BA-16	1	obi-v01-n0193-ob-p0328	No stronger conservative family signal was detected.
fam-raw-ba-162	BA-162	1	obi-v04-n0064-ob-p0097	No stronger conservative family signal was detected.
fam-raw-ba-164	BA-164	1	obi-v04-n0042-re-p0071	No stronger conservative family signal was detected.
fam-raw-ba-165	BA-165	1	obi-v03-n0150-ob-p0252	No stronger conservative family signal was detected.
fam-raw-ba-166-167	BA-166-167	1	obi-v03-n0154-ob-p0257	No stronger conservative family signal was detected.
fam-raw-ba-168	BA-168	1	obi-v03-n0197-ob-p0320	No stronger conservative family signal was detected.
fam-raw-ba-169	BA-169	1	obi-v03-n0093-ob-p0168	No stronger conservative family signal was detected.
fam-raw-ba-170	BA-170	1	obi-v03-n0157-ob-p0260	No stronger conservative family signal was detected.
fam-raw-ba-174	BA-174	1	obi-v02-n0114-ob-p0211	No stronger conservative family signal was detected.
fam-raw-ba-177	BA-177	1	obi-v03-n0174-ob-p0296	No stronger conservative family signal was detected.
fam-raw-ba-179	BA-179	1	obi-v03-n0178-ob-p0299	No stronger conservative family signal was detected.
fam-raw-ba-18	BA-18	1	obi-v01-n0194-ob-p0329	No stronger conservative family signal was detected.
fam-raw-ba-183	BA-183	1	obi-v03-n0184-ob-p0306	No stronger conservative family signal was detected.
fam-raw-ba-184	BA-184	1	obi-v03-n0194-ob-p0317	No stronger conservative family signal was detected.
fam-raw-ba-185	BA-185	1	obi-v03-n0202-ob-p0330	No stronger conservative family signal was detected.
fam-raw-ba-186	BA-186	1	obi-v03-n0211-ob-p0342	No stronger conservative family signal was detected.
fam-raw-ba-187	BA-187	1	obi-v03-n0214-ob-p0347	No stronger conservative family signal was detected.
fam-raw-ba-188	BA-188	1	obi-v03-n0216-ob-p0351	No stronger conservative family signal was detected.
fam-raw-ba-189	BA-189	1	obi-v03-n0222-ob-p0357	No stronger conservative family signal was detected.
fam-raw-ba-19	BA-19	1	obi-v01-n0195-ob-p0331	No stronger conservative family signal was detected.
fam-raw-ba-190	BA-190	1	obi-v03-n0223-ob-p0358	No stronger conservative family signal was detected.
fam-raw-ba-191	BA-191	1	obi-v03-n0224-ob-p0359	No stronger conservative family signal was detected.
fam-raw-ba-192	BA-192	1	obi-v03-n0226-ob-p0363	No stronger conservative family signal was detected.
fam-raw-ba-193	BA-193	1	obi-v04-n0048-ob-p0077	No stronger conservative family signal was detected.
fam-raw-ba-194	BA-194,	1	obi-v04-n0008-ob-p0012	No stronger conservative family signal was detected.
fam-raw-ba-195	BA-195,	1	obi-v04-n0015-ob-p0019	No stronger conservative family signal was detected.
fam-raw-ba-197	BA-197	1	obi-v04-n0021-ob-p0028	No stronger conservative family signal was detected.
fam-raw-ba-198-199	BA-198-199	1	obi-v04-n0035-ob-p0056	No stronger conservative family signal was detected.
fam-raw-ba-200	BA-200	1	obi-v04-n0035-re-p0058	No stronger conservative family signal was detected.
fam-raw-ba-202	BA-202,	1	obi-v04-n0026-ob-p0040	No stronger conservative family signal was detected.
fam-raw-ba-209	BA-209	1	obi-v04-n0049-ob-p0079	No stronger conservative family signal was detected.
fam-raw-ba-215	BA-215	1	obi-v04-n0052-ob-p0082	No stronger conservative family signal was detected.
fam-raw-ba-217	BA-217	1	obi-v04-n0033-ob-p0054	No stronger conservative family signal was detected.
fam-raw-ba-225-226	BA-225-226	1	obi-v04-n0090-ob-p0144	No stronger conservative family signal was detected.
fam-raw-ba-228-582	BA-228 & 582	1	obi-v04-n0060-ob-p0092	No stronger conservative family signal was detected.
fam-raw-ba-229	BA-229	1	obi-v04-n0062-ob-p0095	No stronger conservative family signal was detected.
fam-raw-ba-244	BA-244	1	obi-v04-n0068-ob-p0108	No stronger conservative family signal was detected.
fam-raw-ba-254	BA-254	1	obi-v04-n0075-ob-p0118	No stronger conservative family signal was detected.
fam-raw-ba-27	BA-27	1	obi-v01-n0010-ob-p0026	No stronger conservative family signal was detected.
fam-raw-ba-270	BA-270	1	obi-v04-n0084-tx-p0130	No stronger conservative family signal was detected.
fam-raw-ba-271-272	BA-271-272	1	obi-v04-n0084-tx-p0132	No stronger conservative family signal was detected.
fam-raw-ba-273	BA-273	1	obi-v04-n0084-tx-p0133	No stronger conservative family signal was detected.
fam-raw-ba-274	BA-274	1	obi-v04-n0084-tx-p0131	No stronger conservative family signal was detected.
fam-raw-ba-28	BA-28	1	obi-v01-n0204-re-p0346	No stronger conservative family signal was detected.
fam-raw-ba-332	BA-332	1	obi-v03-n0203-tx-p0331	No stronger conservative family signal was detected.
fam-raw-ba-34	BA-34	1	obi-v01-n0023-ob-p0044	No stronger conservative family signal was detected.
fam-raw-ba-357	BA-357	1	obi-v04-n0087-ob-p0138	No stronger conservative family signal was detected.
fam-raw-ba-36	BA-36	1	obi-v01-n0031-ob-p0054	No stronger conservative family signal was detected.
fam-raw-ba-39	BA-39	1	obi-v01-n0212-ob-p0360	No stronger conservative family signal was detected.
fam-raw-ba-395	BA-395	1	obi-v05-n0005-tx-p0010	No stronger conservative family signal was detected.
fam-raw-ba-399	BA-399,	1	obi-v05-n0013-tx-p0050	No stronger conservative family signal was detected.
fam-raw-ba-41	BA-41	1	obi-v01-n0050-ob-p0081	No stronger conservative family signal was detected.
fam-raw-ba-419	BA-419	1	obi-v05-n0004-tx-p0008	No stronger conservative family signal was detected.
fam-raw-ba-42	BA-42	1	obi-v01-n0042-ob-p0069	No stronger conservative family signal was detected.
fam-raw-ba-428	BA-428,	1	obi-v05-n0037-tx-p0098	No stronger conservative family signal was detected.
fam-raw-ba-43	BA-43	1	obi-v01-n0216-ob-p0366	No stronger conservative family signal was detected.
fam-raw-ba-436-1-2-3-4-5	BA-436, 1-2-3-4-5-,	1	obi-v05-n0058-ob-p0133	No stronger conservative family signal was detected.
fam-raw-ba-437	BA-437	1	obi-v05-n0058-re-p0134	No stronger conservative family signal was detected.
fam-raw-ba-466	BA-466	1	obi-v02-n0140-ob-p0242	No stronger conservative family signal was detected.
fam-raw-ba-47	BA-47	1	obi-v01-n0217-ob-p0367	No stronger conservative family signal was detected.
fam-raw-ba-471	BA-471	1	obi-v02-n0141-re-p0244	No stronger conservative family signal was detected.
fam-raw-ba-472	BA-472	1	obi-v02-n0141-ob-p0243	No stronger conservative family signal was detected.
fam-raw-ba-474	BA-474	1	obi-v02-n0112-ob-p0209	No stronger conservative family signal was detected.
fam-raw-ba-487	BA-487	1	obi-v04-n0064-re-p0098	No stronger conservative family signal was detected.
fam-raw-ba-49	BA-49	1	obi-v01-n0137-ob-p0221	No stronger conservative family signal was detected.
fam-raw-ba-494	BA-494	1	obi-v02-n0134-ob-p0237	No stronger conservative family signal was detected.
fam-raw-ba-496	BA-496	1	obi-v03-n0143-ob-p0242	No stronger conservative family signal was detected.
fam-raw-ba-50	BA-50	1	obi-v01-n0139-ob-p0224	No stronger conservative family signal was detected.
fam-raw-ba-508	BA-508	1	obi-v02-n0086-ob-p0174	No stronger conservative family signal was detected.
fam-raw-ba-51	BA-51	1	obi-v01-n0048-ob-p0077	No stronger conservative family signal was detected.
fam-raw-ba-510	BA-510	1	obi-v02-n0086-re-p0175	No stronger conservative family signal was detected.
fam-raw-ba-52	BA-52	1	obi-v01-n0048-re-p0078	No stronger conservative family signal was detected.
fam-raw-ba-535	BA-535	1	obi-v02-n0142-ob-p0245	No stronger conservative family signal was detected.
fam-raw-ba-54	BA-54	1	obi-v02-n0031-ob-p0058	No stronger conservative family signal was detected.
fam-raw-ba-545	BA-545	1	obi-v04-n0072-re-p0113	No stronger conservative family signal was detected.
fam-raw-ba-546	BA-546	1	obi-v02-n0137-tx-p0240	No stronger conservative family signal was detected.
fam-raw-ba-55-56	BA-55 & 56	2	obi-v02-n0097-tx-p0188 | obi-v02-n0097-tx-p0189	No stronger conservative family signal was detected.
fam-raw-ba-554	BA-554	1	obi-v05-n0004-tx-p0008	No stronger conservative family signal was detected.
fam-raw-ba-57-539	BA-57 & 539	1	obi-v01-n0073-ob-p0117	No stronger conservative family signal was detected.
fam-raw-ba-574-227	BA-574-227	1	obi-v04-n0080-tx-p0124	No stronger conservative family signal was detected.
fam-raw-ba-58	BA-58	1	obi-v01-n0110-ob-p0183	No stronger conservative family signal was detected.
fam-raw-ba-583	BA-583	1	obi-v01-n0141-re-p0229	No stronger conservative family signal was detected.
fam-raw-ba-59	BA-59	1	obi-v01-n0102-ob-p0169	No stronger conservative family signal was detected.
fam-raw-ba-595	BA-595	1	obi-v02-n0138-tx-p0240	No stronger conservative family signal was detected.
fam-raw-ba-60	BA-60	1	obi-v01-n0101-ob-p0168	No stronger conservative family signal was detected.
fam-raw-ba-61	BA-61	1	obi-v01-n0118-ob-p0190	No stronger conservative family signal was detected.
fam-raw-ba-62	BA-62	1	obi-v01-n0223-ob-p0377	No stronger conservative family signal was detected.
fam-raw-ba-63	BA-63	1	obi-v01-n0224-ob-p0379	No stronger conservative family signal was detected.
fam-raw-ba-66	BA-66,	1	obi-v01-n0157-ob-p0263	No stronger conservative family signal was detected.
fam-raw-ba-67	BA-67	1	obi-v01-n0158-re-p0264	No stronger conservative family signal was detected.
fam-raw-ba-68	BA-68	1	obi-v01-n0173-ob-p0298	No stronger conservative family signal was detected.
fam-raw-ba-69	BA 69	1	obi-v01-n0180-ob-p0309	No stronger conservative family signal was detected.
fam-raw-ba-7	BA-7	1	obi-v01-n0189-ob-p0322	No stronger conservative family signal was detected.
fam-raw-ba-70	BA-70	1	obi-v01-n0175-ob-p0302	No stronger conservative family signal was detected.
fam-raw-ba-71	BA-71	1	obi-v01-n0225-ob-p0381	No stronger conservative family signal was detected.
fam-raw-ba-72	BA-72	1	obi-v03-n0070-re-p0115	No stronger conservative family signal was detected.
fam-raw-ba-75	BA-75	1	obi-v02-n0003-ob-p0004	No stronger conservative family signal was detected.
fam-raw-ba-79	BA-79	1	obi-v03-n0003-ob-p0003	No stronger conservative family signal was detected.
fam-raw-ba-80	BA-80	1	obi-v01-n0202-re-p0343	No stronger conservative family signal was detected.
fam-raw-ba-81	BA-81	1	obi-v02-n0030-ob-p0056	No stronger conservative family signal was detected.
fam-raw-ba-82	BA-82	1	obi-v04-n0045-re-p0074	No stronger conservative family signal was detected.
fam-raw-ba-83	BA-83	1	obi-v02-n0045-ob-p0083	No stronger conservative family signal was detected.
fam-raw-ba-85	BA-85	1	obi-v03-n0106-ob-p0184	No stronger conservative family signal was detected.
fam-raw-ba-86	BA-86	1	obi-v02-n0055-re-p0104	No stronger conservative family signal was detected.
fam-raw-ba-88	BA-88	1	obi-v04-n0107-ob-p0171	No stronger conservative family signal was detected.
fam-raw-ba-89	BA-89	1	obi-v02-n0075-ob-p0156	No stronger conservative family signal was detected.
fam-raw-ba-90	BA-90	1	obi-v03-n0035-ob-p0055	No stronger conservative family signal was detected.
fam-raw-ba-93	BA-93	1	obi-v02-n0076-ob-p0157	No stronger conservative family signal was detected.
fam-raw-ba-97-492	BA-97 & 492	1	obi-v03-n0017-ob-p0024	No stronger conservative family signal was detected.
fam-raw-ba-98	BA-98	1	obi-v03-n0091-ob-p0162	No stronger conservative family signal was detected.
fam-raw-ba-99	BA-99	1	obi-v03-n0091-re-p0164	No stronger conservative family signal was detected.
fam-raw-ba-bed-b-635-2	BA BED B 635-2	1	obi-v03-n0053-ob-p0085	No stronger conservative family signal was detected.
fam-raw-bed-a	BED A	1	obi-v01-n0082-re-p0127	No stronger conservative family signal was detected.
fam-raw-bm1-183-184	BM1-183-184	1	obi-v04-n0089-ob-p0140	No stronger conservative family signal was detected.
fam-raw-bm1-184	BM1-184	1	obi-v04-n0089-re-p0142	No stronger conservative family signal was detected.
fam-raw-bm1-245	BM1-245	1	obi-v05-n0021-ob-p0065	No stronger conservative family signal was detected.
fam-raw-bm1-250	BM1-250,	1	obi-v05-n0036-tx-p0090	No stronger conservative family signal was detected.
fam-raw-bm1-262-270	BM1-262+270	1	obi-v05-n0065-ob-p0140	No stronger conservative family signal was detected.
fam-raw-bm1-270-279	BM1-270 + 279	1	obi-v05-n0065-tx-p0151	No stronger conservative family signal was detected.
fam-raw-bm1-351-352	BM1-351-352	1	obi-v03-n0151-ob-p0253	No stronger conservative family signal was detected.
fam-raw-bm1-380	BM1-380	1	obi-v04-n0134-ob-p0220	No stronger conservative family signal was detected.
fam-raw-bm1-381	BM1-381	1	obi-v04-n0134-re-p0224	No stronger conservative family signal was detected.
fam-raw-bm1-420	BM1-420	1	obi-v01-n0219-ob-p0371	No stronger conservative family signal was detected.
fam-raw-bm1-72	BM1-72	1	obi-v01-n0191-ob-p0325	No stronger conservative family signal was detected.
fam-raw-bm1-80	BM1-80	1	obi-v04-n0143-re-p0245	No stronger conservative family signal was detected.
fam-raw-bm1184	BM1184	1	obi-v04-n0091-ob-p0146	No stronger conservative family signal was detected.
fam-raw-bm2-558	BM2 -558	1	obi-v04-n0100-ob-p0159	No stronger conservative family signal was detected.
fam-raw-bm2-760	BM2-760	1	obi-v01-n0219-ob-p0371	No stronger conservative family signal was detected.
fam-raw-bm2-768	BM2-768	1	obi-v01-n0022-ob-p0043	No stronger conservative family signal was detected.
fam-raw-bm2-830-838	BM2-830, 838	1	obi-v01-n0188-ob-p0321	No stronger conservative family signal was detected.
fam-raw-co-pies-list-225	co pies List 225	1	obi-v01-n0224-ob-p0379	No stronger conservative family signal was detected.
fam-raw-copies-list-212	copies: List 212	1	obi-v01-n0052-ob-p0083	No stronger conservative family signal was detected.
fam-raw-copies-list-217	copies List 217	1	obi-v01-n0138-ob-p0222	No stronger conservative family signal was detected.
fam-raw-copies-list-402-second-inscr	copies List 402 (second inscr.)	1	obi-v03-n0059-ob-p0095	No stronger conservative family signal was detected.
fam-raw-cp-a-first-part	cp. A, p. 17 (first part)	1	obi-v01-n0194-ob-p0329	No stronger conservative family signal was detected.
fam-raw-duroiselle-arasi-1912-hledaung-inscr	Duroiselle, ARASI 1912, p. 149-51 (Hledaung inscr.)	1	obi-v01-n0195-ob-p0331	No stronger conservative family signal was detected.
fam-raw-frasch-coastal-peripheries	Frasch, “Coastal Peripheries”, p. 74	1	obi-v03-n0034-ob-p0053	No stronger conservative family signal was detected.
fam-raw-frasch-mhrj-1998	Frasch, MHRJ 1998, p. 23-37	1	obi-v01-n0126-ob-p0205	No stronger conservative family signal was detected.
fam-raw-frasch-pagan	Frasch, Pagan, p. 102-103	1	obi-v01-n0019-ob-p0040	No stronger conservative family signal was detected.
fam-raw-hla-thamein-bagan-hket	Hla Thamein, Bagan-hket, p. 113	1	obi-v01-n0097-tx-p0151	No stronger conservative family signal was detected.
fam-raw-htupayon-2	Htupayon 2, p. 117	1	obi-v01-n0026-ob-p0046	No stronger conservative family signal was detected.
fam-raw-htupayon-2	Htupayon 2, p. 183	1	obi-v01-n0201-re-p0342	No stronger conservative family signal was detected.
fam-raw-htupayon1	Htupayon1 p.249,	1	obi-v06-n0036-tx-p0141	No stronger conservative family signal was detected.
fam-raw-in-situ	in situ	1	obi-v01-n0160-ob-p0267	No stronger conservative family signal was detected.
fam-raw-iob1-1-bed-b-493-1	IOB1-1 BED B 493-1	1	obi-v01-n0004-ob-p0011	No stronger conservative family signal was detected.
fam-raw-iob1-10-a-bed-b-552-1	IOB1-10/a BED B 552-1	1	obi-v01-n0029-ob-p0050	No stronger conservative family signal was detected.
fam-raw-iob1-10-b	IOB1-10/b	1	obi-v01-n0029-re-p0051	No stronger conservative family signal was detected.
fam-raw-iob1-100-a-bed-b-597-10	IOB1-100/a BED B 597-10	1	obi-v01-n0162-tx-p0272	No stronger conservative family signal was detected.
fam-raw-iob1-100-b-bed-b-599-2	IOB1-100/b BED B 599-2	1	obi-v01-n0176-tx-p0302	No stronger conservative family signal was detected.
fam-raw-iob1-101-bed-b-599-3	IOB1-101 BED B 599-3	1	obi-v01-n0178-tx-p0305	No stronger conservative family signal was detected.
fam-raw-iob1-102-bed-b-602-1	IOB1-102 BED B 602-1	1	obi-v02-n0077-ob-p0159	No stronger conservative family signal was detected.
fam-raw-iob1-103-bed-b-600-8	IOB1-103 BED B 600-8	1	obi-v01-n0181-ob-p0311	No stronger conservative family signal was detected.
fam-raw-iob1-104	IOB1-104	1	obi-v01-n0181-re-p0313	No stronger conservative family signal was detected.
fam-raw-iob1-105-a-bed-b-599-4	IOB1-105/a BED B 599-4	1	obi-v01-n0179-tx-p0306	No stronger conservative family signal was detected.
fam-raw-iob1-106-bed-b-509-1	IOB1-106 BED B 509-1	1	obi-v01-n0006-ob-p0020	No stronger conservative family signal was detected.
fam-raw-iob1-107	IOB1-107	1	obi-v01-n0006-re-p0021	No stronger conservative family signal was detected.
fam-raw-iob1-108-a-bed-b-567-6	IOB1-108/a BED B 567-6	1	obi-v01-n0053-ob-p0086	No stronger conservative family signal was detected.
fam-raw-iob1-108-b-bed-b-585-2	IOB1-108/b BED B 585-2	1	obi-v01-n0094-ob-p0141	No stronger conservative family signal was detected.
fam-raw-iob1-109-a-bed-b-598-7	IOB1-109/a BED B 598-7	1	obi-v01-n0171-ob-p0290	No stronger conservative family signal was detected.
fam-raw-iob1-109-b-bed-b-596-2	IOB1-109/b BED B 596-2	1	obi-v01-n0151-ob-p0255	No stronger conservative family signal was detected.
fam-raw-iob1-11-bed-b-553-1	IOB1-11 BED B 553-1	1	obi-v01-n0031-ob-p0054	No stronger conservative family signal was detected.
fam-raw-iob1-118-b-bed-b-579-1	IOB1-118/b BED B 579-1	1	obi-v01-n0074-ob-p0118	No stronger conservative family signal was detected.
fam-raw-iob1-12-bed-b-554-1	IOB1-12 BED B 554-1	1	obi-v01-n0032-ob-p0055	No stronger conservative family signal was detected.
fam-raw-iob1-14-bed-b-558-1	IOB1-14 BED B 558-1	1	obi-v01-n0034-re-p0056	No stronger conservative family signal was detected.
fam-raw-iob1-15	IOB1-15	1	obi-v01-n0038-ob-p0060	No stronger conservative family signal was detected.
fam-raw-iob1-16	IOB1-16	1	obi-v01-n0038-re-p0061	No stronger conservative family signal was detected.
fam-raw-iob1-17	IOB1-17	1	obi-v01-n0039-ob-p0062	No stronger conservative family signal was detected.
fam-raw-iob1-18	IOB1-18	1	obi-v01-n0039-re-p0063	No stronger conservative family signal was detected.
fam-raw-iob1-19-a-bed-b-560-1	IOB1-19/a, BED B 560-1	1	obi-v01-n0041-ob-p0065	No stronger conservative family signal was detected.
fam-raw-iob1-2	IOB1-2	1	obi-v01-n0004-re-p0015	No stronger conservative family signal was detected.
fam-raw-iob1-20-a	IOB1-20/a,	1	obi-v01-n0041-re-p0067	No stronger conservative family signal was detected.
fam-raw-iob1-21-bed-b-560-4	IOB1-21 BED B 560-4	1	obi-v01-n0042-ob-p0069	No stronger conservative family signal was detected.
fam-raw-iob1-22-bed-b-563-2	IOB1-22 BED B 563-2	1	obi-v01-n0044-ob-p0071	No stronger conservative family signal was detected.
fam-raw-iob1-23	IOB1-23	1	obi-v01-n0044-re-p0072	No stronger conservative family signal was detected.
fam-raw-iob1-24-bed-b-564-1	IOB1-24 BED B 564-1	1	obi-v01-n0045-ob-p0073	No stronger conservative family signal was detected.
fam-raw-iob1-25-bed-a	IOB1-25 BED A	1	obi-v02-n0080-re-p0165	No stronger conservative family signal was detected.
fam-raw-iob1-26-bed-b-600-7	IOB1-26 BED B 600-7	1	obi-v02-n0080-ob-p0164	No stronger conservative family signal was detected.
fam-raw-iob1-28-a-bed-b-568-1	IOB1-28/a BED B 568-1	1	obi-v01-n0048-ob-p0077	No stronger conservative family signal was detected.
fam-raw-iob1-28-b	IOB1-28/b	1	obi-v01-n0048-re-p0078	No stronger conservative family signal was detected.
fam-raw-iob1-29-bed-b-568-2	IOB1-29 BED B 568-2	1	obi-v01-n0050-ob-p0081	No stronger conservative family signal was detected.
fam-raw-iob1-3-bed-b-512-2	IOB1-3 BED B 512-2	1	obi-v01-n0010-ob-p0026	No stronger conservative family signal was detected.
fam-raw-iob1-3-bed-b-550-1	IOB1-3 BED B 550-1	1	obi-v01-n0027-ob-p0048	No stronger conservative family signal was detected.
fam-raw-iob1-31-bed-b-593-1	IOB1-31 BED B 593-1	1	obi-v01-n0052-ob-p0083	No stronger conservative family signal was detected.
fam-raw-iob1-32-33-bed-b-570-2	IOB1-32, 33 BED B 570-2	1	obi-v01-n0054-tx-p0089	No stronger conservative family signal was detected.
fam-raw-iob1-32-bed-b-570-1	IOB1-32 BED B 570-1	1	obi-v01-n0054-ob-p0086	No stronger conservative family signal was detected.
fam-raw-iob1-33	IOB1-33	1	obi-v01-n0054-re-p0087	No stronger conservative family signal was detected.
fam-raw-iob1-35	IOB1-35	1	obi-v01-n0059-re-p0095	No stronger conservative family signal was detected.
fam-raw-iob1-36-bed-b-574-1	IOB1-36 BED B 574-1	1	obi-v01-n0062-ob-p0097	No stronger conservative family signal was detected.
fam-raw-iob1-37-bed-574-2	IOB1-37 BED 574-2	1	obi-v01-n0063-ob-p0099	No stronger conservative family signal was detected.
fam-raw-iob1-38-a	IOB1-38/a	1	obi-v01-n0063-re-p0100	No stronger conservative family signal was detected.
fam-raw-iob1-38-b-bed-b-573-4	IOB1-38/b BED B 573-4	1	obi-v01-n0061-ob-p0097	No stronger conservative family signal was detected.
fam-raw-iob1-39-bed-b-575-1	IOB1-39 BED B 575-1	1	obi-v01-n0065-ob-p0102	No stronger conservative family signal was detected.
fam-raw-iob1-4-bed-b-527-1	IOB1-4 BED B 527-1	1	obi-v01-n0012-ob-p0029	No stronger conservative family signal was detected.
fam-raw-iob1-40	IOB1-40	1	obi-v01-n0065-re-p0103	No stronger conservative family signal was detected.
fam-raw-iob1-41-bed-b-578-1	IOB1-41 BED B 578-1	1	obi-v01-n0070-ob-p0111	No stronger conservative family signal was detected.
fam-raw-iob1-42-bed-b-578-2	IOB1-42 BED B 578-2	1	obi-v01-n0071-ob-p0112	No stronger conservative family signal was detected.
fam-raw-iob1-43	IOB1-43	1	obi-v01-n0071-re-p0114	No stronger conservative family signal was detected.
fam-raw-iob1-44-a-bed-b-578-3	IOB1-44/a BED B 578-3	1	obi-v01-n0072-ob-p0116	No stronger conservative family signal was detected.
fam-raw-iob1-45-bed-b-581-2	IOB1-45 BED B 581-2	1	obi-v01-n0081-ob-p0125	No stronger conservative family signal was detected.
fam-raw-iob1-46-bed-b-586-6	IOB1-46 BED B 586-6	1	obi-v01-n0102-ob-p0169	No stronger conservative family signal was detected.
fam-raw-iob1-47	IOB1-47	1	obi-v01-n0012-re-p0030	No stronger conservative family signal was detected.
fam-raw-iob1-48-bed-b-582-1	IOB1-48 BED B 582-1	1	obi-v01-n0085-ob-p0130	No stronger conservative family signal was detected.
fam-raw-iob1-49	IOB1-49	1	obi-v01-n0085-re-p0132	No stronger conservative family signal was detected.
fam-raw-iob1-5	IOB1-5	1	obi-v01-n0012-re-p0030	No stronger conservative family signal was detected.
fam-raw-iob1-50-b	IOB1-50 -b	1	obi-v01-n0057-ob-p0091	No stronger conservative family signal was detected.
fam-raw-iob1-51-bed-b-585-3	IOB1-51 BED B 585-3	1	obi-v01-n0095-re-p0142	No stronger conservative family signal was detected.
fam-raw-iob1-53-bed-b-586-5	IOB1-53 BED B 586-5	1	obi-v01-n0101-ob-p0168	No stronger conservative family signal was detected.
fam-raw-iob1-54-587-bed-b-586-10	IOB1-54 587 BED B 586-10	1	obi-v01-n0105-ob-p0173	No stronger conservative family signal was detected.
fam-raw-iob1-55-a-bed-b-587-5	IOB1-55/a BED B 587-5	1	obi-v01-n0110-ob-p0183	No stronger conservative family signal was detected.
fam-raw-iob1-55-b-bed-b-599-1	IOB1-55/b BED B 599-1	1	obi-v01-n0175-ob-p0302	No stronger conservative family signal was detected.
fam-raw-iob1-56-a	IOB1-56/a	1	obi-v01-n0068-ob-p0107	No stronger conservative family signal was detected.
fam-raw-iob1-56-b-bed-b-577-2	IOB1-56/b BED B 577-2	1	obi-v01-n0068-ob-p0107	No stronger conservative family signal was detected.
fam-raw-iob1-56-b-bed-b-587-6	IOB1-56/b BED B 587-6	1	obi-v01-n0111-re-p0184	No stronger conservative family signal was detected.
fam-raw-iob1-57-a-iob5-563-b-bed-b-588-5	IOB1-57/a & IOB5-563/b BED B 588-5	1	obi-v01-n0119-ob-p0191	No stronger conservative family signal was detected.
fam-raw-iob1-57-b-bed-b-588-1	IOB1-57/b BED B 588-1	1	obi-v01-n0115-ob-p0187	No stronger conservative family signal was detected.
fam-raw-iob1-58	IOB1-58	1	obi-v01-n0120-ob-p0192	No stronger conservative family signal was detected.
fam-raw-iob1-59-bed-b-561-1-b-509-2	IOB1-59 BED B 561-1 & B 509-2	1	obi-v01-n0007-ob-p0022	No stronger conservative family signal was detected.
fam-raw-iob1-6-bed-b-541-1	IOB1-6 BED B 541-1	1	obi-v01-n0021-ob-p0042	No stronger conservative family signal was detected.
fam-raw-iob1-60-a-bed-b-591-2	IOB1-60/a BED B 591-2	1	obi-v01-n0126-ob-p0205	No stronger conservative family signal was detected.
fam-raw-iob1-60-b	IOB1-60/b	1	obi-v01-n0126-re-p0206	No stronger conservative family signal was detected.
fam-raw-iob1-61-bed-b-591-3	IOB1-61 BED B 591-3	1	obi-v01-n0127-ob-p0206	No stronger conservative family signal was detected.
fam-raw-iob1-62-bed-b-591-7	IOB1-62 BED B 591-7	1	obi-v01-n0130-ob-p0211	No stronger conservative family signal was detected.
fam-raw-iob1-63-a-b-bed-a	IOB1-63/a-b BED A	1	obi-v01-n0084-ob-p0129	No stronger conservative family signal was detected.
fam-raw-iob1-64-bed-b-585-1	IOB1-64 BED B 585-1	1	obi-v01-n0093-re-p0140	No stronger conservative family signal was detected.
fam-raw-iob1-65-a-bed-b-592-4	IOB1-65/a BED B 592-4	1	obi-v01-n0134-ob-p0215	No stronger conservative family signal was detected.
fam-raw-iob1-65-b	IOB1-65/b	1	obi-v01-n0134-re-p0216	No stronger conservative family signal was detected.
fam-raw-iob1-66	IOB1-66	1	obi-v01-n0069-ob-p0108	No stronger conservative family signal was detected.
fam-raw-iob1-67-bed-b-577-3	IOB1-67, BED B 577-3	1	obi-v01-n0069-ob-p0108	No stronger conservative family signal was detected.
fam-raw-iob1-68-bed-b-595-1	IOB1-68 BED B 595-1	1	obi-v01-n0143-ob-p0240	No stronger conservative family signal was detected.
fam-raw-iob1-69-bed-b-593-2	IOB1-69 BED B 593-2	1	obi-v01-n0135-ob-p0218	No stronger conservative family signal was detected.
fam-raw-iob1-7-bed-b-543-1	IOB1-7 BED B 543-1	1	obi-v01-n0022-ob-p0043	No stronger conservative family signal was detected.
fam-raw-iob1-70-bed-b-595-2	IOB1-70 BED B 595-2	1	obi-v01-n0144-re-p0242	No stronger conservative family signal was detected.
fam-raw-iob1-71-bed-b-595-6	IOB1-71 BED B 595-6	1	obi-v01-n0148-ob-p0249	No stronger conservative family signal was detected.
fam-raw-iob1-72	IOB1-72	1	obi-v01-n0148-re-p0250	No stronger conservative family signal was detected.
fam-raw-iob1-73-bed-b-585-4	IOB1-73 BED B 585-4	1	obi-v01-n0097-tx-p0151	No stronger conservative family signal was detected.
fam-raw-iob1-74-bed-b-585-5	IOB1-74 BED B 585-5	1	obi-v01-n0097-tx-p0156	No stronger conservative family signal was detected.
fam-raw-iob1-75-a-bed-b-587-3	IOB1-75/a BED B 587-3	1	obi-v01-n0108-tx-p0176	No stronger conservative family signal was detected.
fam-raw-iob1-75-b-bed-b-586-1	IOB1-75/b BED B 586-1	1	obi-v01-n0097-tx-p0161	No stronger conservative family signal was detected.
fam-raw-iob1-76	IOB1-76	1	obi-v01-n0142-tx-p0229	No stronger conservative family signal was detected.
fam-raw-iob1-77	IOB1-77	1	obi-v01-n0142-tx-p0235	No stronger conservative family signal was detected.
fam-raw-iob1-78-a	IOB1 78/a	1	obi-v01-n0142-tx-p0233	No stronger conservative family signal was detected.
fam-raw-iob1-78-b-bed-b-595-3	IOB1-78/b BED B 595-3	1	obi-v01-n0142-tx-p0238	No stronger conservative family signal was detected.
fam-raw-iob1-79-a	IOB1-79/a	1	obi-v01-n0146-tx-p0245	No stronger conservative family signal was detected.
fam-raw-iob1-79-b-bed-b-595-4	IOB1-79/b BED B 595-4	1	obi-v01-n0146-tx-p0246	No stronger conservative family signal was detected.
fam-raw-iob1-8-a-bed-b-544-1	IOB1-8/a BED B 544-1	1	obi-v01-n0023-ob-p0044	No stronger conservative family signal was detected.
fam-raw-iob1-8-bed-b-597-9	IOB1--8 BED B 597-9	1	obi-v01-n0161-ob-p0270	No stronger conservative family signal was detected.
fam-raw-iob1-80-bed-b-589-2	IOB1-80 BED B 589-2	1	obi-v01-n0121-tx-p0193	No stronger conservative family signal was detected.
fam-raw-iob1-81	IOB1-81	1	obi-v01-n0121-tx-p0196	No stronger conservative family signal was detected.
fam-raw-iob1-82-a-bed-b-589-1	IOB1-82/a BED B 589-1	1	obi-v01-n0121-tx-p0198	No stronger conservative family signal was detected.
fam-raw-iob1-82-b	IOB1-82/b	1	obi-v01-n0121-tx-p0200	No stronger conservative family signal was detected.
fam-raw-iob1-84-bed-b-571-2	IOB1-84 BED B 571-2	1	obi-v02-n0002-ob-p0003	No stronger conservative family signal was detected.
fam-raw-iob1-86-bed-b-597-5	IOB1-86 BED B 597-5	1	obi-v01-n0156-tx-p0260	No stronger conservative family signal was detected.
fam-raw-iob1-87	IOB1-87	1	obi-v01-n0156-tx-p0262	No stronger conservative family signal was detected.
fam-raw-iob1-89	IOB1-89	1	obi-v01-n0165-re-p0275	No stronger conservative family signal was detected.
fam-raw-iob1-9-a-bed-b-555-1	IOB1-9/a BED B 555-1	1	obi-v01-n0033-ob-p0056	No stronger conservative family signal was detected.
fam-raw-iob1-91-n-48-bed-b-598-2	IOB1-91 n°48 BED B 598-2	1	obi-v01-n0166-ob-p0278	No stronger conservative family signal was detected.
fam-raw-iob1-92	IOB1-92	1	obi-v01-n0166-re-p0281	No stronger conservative family signal was detected.
fam-raw-iob1-93-bed-b-598-5	IOB1-93 BED B 598-5	1	obi-v01-n0169-ob-p0287	No stronger conservative family signal was detected.
fam-raw-iob1-94-a-bed-b-598-4	IOB1-94/a BED B 598-4	1	obi-v01-n0172-ob-p0291	No stronger conservative family signal was detected.
fam-raw-iob1-94-b	IOB1-94/b	1	obi-v01-n0172-re-p0294	No stronger conservative family signal was detected.
fam-raw-iob1-95-a-bed-b-598-8	IOB1-95/a BED B 598-8	1	obi-v01-n0173-ob-p0298	No stronger conservative family signal was detected.
fam-raw-iob1-96-bed-b-598-9	IOB1-96 BED B 598-9	1	obi-v01-n0174-ob-p0298	No stronger conservative family signal was detected.
fam-raw-iob1-97	IOB1-97	1	obi-v01-n0174-re-p0300	No stronger conservative family signal was detected.
fam-raw-iob1-c-b-bed-b-546-1	IOB1-c/b BED B 546-1	1	obi-v01-n0024-ob-p0045	No stronger conservative family signal was detected.
fam-raw-iob183-bed-b-591-5	IOB183 BED B 591-5	1	obi-v01-n0128-ob-p0208	No stronger conservative family signal was detected.
fam-raw-iob2-110-bed-b-443-1	IOB2-110 BED B 443-1	1	obi-v01-n0190-ob-p0324	No stronger conservative family signal was detected.
fam-raw-iob2-111-bed-b-482-1	IOB2-111 BED B 482-1	1	obi-v01-n0197-ob-p0334	No stronger conservative family signal was detected.
fam-raw-iob2-112-bed-b-482-2	IOB2-112 BED B 482-2	1	obi-v01-n0197-re-p0336	No stronger conservative family signal was detected.
fam-raw-iob2-113-bed-b-537-6	IOB2-113 BED B 537-6	1	obi-v01-n0019-ob-p0040	No stronger conservative family signal was detected.
fam-raw-iob2-114-a-bed-b-537-1	IOB2 114/a BED B 537-1	1	obi-v01-n0020-ob-p0041	No stronger conservative family signal was detected.
fam-raw-iob2-114-b-bed-b-548-1	IOB2-114/b BED B 548-1	1	obi-v01-n0208-ob-p0353	No stronger conservative family signal was detected.
fam-raw-iob2-115-bed-b-549-1	IOB2-115 BED B 549-1	1	obi-v01-n0026-ob-p0046	No stronger conservative family signal was detected.
fam-raw-iob2-116-bed-b-559-1	IOB2-116 BED B 559-1	1	obi-v01-n0036-ob-p0058	No stronger conservative family signal was detected.
fam-raw-iob2-117-a	IOB2-117/a	1	obi-v01-n0040-ob-p0064	No stronger conservative family signal was detected.
fam-raw-iob2-117-b-bed-b-560-5	IOB2-117/b BED B 560-5	1	obi-v01-n0043-ob-p0070	No stronger conservative family signal was detected.
fam-raw-iob2-118-a-bed-b-570-2	IOB2-118/a BED B 570-2	1	obi-v01-n0055-ob-p0089	No stronger conservative family signal was detected.
fam-raw-iob2-119-a-bed-b-577-5	IOB2-119/a BED B 577-5	1	obi-v01-n0066-ob-p0105	No stronger conservative family signal was detected.
fam-raw-iob2-119-b-bed-b-591-8	IOB2-119/b BED B 591-8	1	obi-v01-n0066-re-p0106	No stronger conservative family signal was detected.
fam-raw-iob2-120-a-bed-b-579-8	IOB2-120/a BED B 579-8	1	obi-v01-n0077-ob-p0121	No stronger conservative family signal was detected.
fam-raw-iob2-120-b	IOB2-120/b	1	obi-v01-n0077-tx-p0122	No stronger conservative family signal was detected.
fam-raw-iob2-121-a-bed-b-581-1	IOB2-121/a BED B 581-1	1	obi-v01-n0080-ob-p0125	No stronger conservative family signal was detected.
fam-raw-iob2-121-b-bed-b-586-2	IOB2-121/b BED B 586-2	1	obi-v01-n0098-ob-p0164	No stronger conservative family signal was detected.
fam-raw-iob2-122-a-bed-b-587-1	IOB2-122/a BED B 587-1	1	obi-v01-n0106-ob-p0174	No stronger conservative family signal was detected.
fam-raw-iob2-122-b-bed-b-587-8	IOB2-122/b BED B 587-8	1	obi-v01-n0114-ob-p0186	No stronger conservative family signal was detected.
fam-raw-iob2-123-bed-b-587-4	IOB2-123 BED B 587-4	1	obi-v01-n0109-ob-p0179	No stronger conservative family signal was detected.
fam-raw-iob2-125-a-bed-b-591-1	IOB2-125/a BED B 591-1	1	obi-v01-n0125-ob-p0204	No stronger conservative family signal was detected.
fam-raw-iob2-125-b-bed-b-580-1	IOB2-125/b BED B 580-1	1	obi-v01-n0079-ob-p0124	No stronger conservative family signal was detected.
fam-raw-iob2-126-a-bed-b-592-1	IOB2-126/a BED B 592-1	1	obi-v01-n0131-ob-p0212	No stronger conservative family signal was detected.
fam-raw-iob2-126-b-bed-b-592-2	IOB2-126/b BED B 592-2	1	obi-v01-n0132-ob-p0213	No stronger conservative family signal was detected.
fam-raw-iob2-127-a-bed-b-597-2	IOB2-127/a BED B 597-2	1	obi-v01-n0153-ob-p0256	No stronger conservative family signal was detected.
fam-raw-iob2-127-b-bed-b-597-1	IOB2-127/b BED B 597-1	1	obi-v01-n0152-ob-p0255	No stronger conservative family signal was detected.
fam-raw-iob2-128-bed-b-597-6	IOB2-128 BED B 597-6	1	obi-v01-n0157-ob-p0263	No stronger conservative family signal was detected.
fam-raw-iob2-128-bed-b-597-7	IOB2-128 BED B 597-7	1	obi-v01-n0158-re-p0264	No stronger conservative family signal was detected.
fam-raw-iob2-128-bed-b-597-8	IOB2-128 BED B 597-8	1	obi-v01-n0158-tx-p0265	No stronger conservative family signal was detected.
fam-raw-iob2-129-bed-b-600-9	IOB2-129 BED B 600-9	1	obi-v01-n0183-ob-p0315	No stronger conservative family signal was detected.
fam-raw-iob2-130-bed-b-600-3	IOB2-130 BED B 600-3	1	obi-v01-n0184-ob-p0316	No stronger conservative family signal was detected.
fam-raw-iob2-131-a-bed-b-600-4	IOB2-131/a BED B 600-4	1	obi-v01-n0185-ob-p0318	No stronger conservative family signal was detected.
fam-raw-iob2-131-b-bed-b-600-5	IOB2-131/b BED B 600-5	1	obi-v01-n0186-ob-p0319	No stronger conservative family signal was detected.
fam-raw-iob2-132-a-bed-b-600-6	IOB2-132/a BED B 600-6	1	obi-v01-n0187-ob-p0320	No stronger conservative family signal was detected.
fam-raw-iob2-132-b-bed-b-601-2	IOB2 132/b BED B 601-2	1	obi-v02-n0003-ob-p0004	No stronger conservative family signal was detected.
fam-raw-iob2-133-bed-b-601-4	IOB2-133 BED B 601-4	1	obi-v02-n0004-ob-p0006	No stronger conservative family signal was detected.
fam-raw-iob2-134-a	IOB2-134/a	1	obi-v01-n0138-ob-p0222	No stronger conservative family signal was detected.
fam-raw-iob2-134-b-bed-b-593-5	IOB2-134/b BED B 593-5	1	obi-v02-n0005-re-p0009	No stronger conservative family signal was detected.
fam-raw-iob2-135-a-bed-b-600-7	IOB2-135/a BED B 600-7	1	obi-v02-n0007-ob-p0011	No stronger conservative family signal was detected.
fam-raw-iob2-135-b-bed-b-600-7	IOB2-135/b BED B 600-7	1	obi-v02-n0007-re-p0011	No stronger conservative family signal was detected.
fam-raw-iob2-137-bed-b-600-7	IOB2-137 BED B 600-7	1	obi-v02-n0011-ob-p0017	No stronger conservative family signal was detected.
fam-raw-iob2-138-bed-b-603-3	IOB2-138 BED B 603-3	1	obi-v02-n0016-ob-p0024	No stronger conservative family signal was detected.
fam-raw-iob2-139-bed-b-603-5	IOB2-139 BED B 603-5	1	obi-v02-n0018-ob-p0029	No stronger conservative family signal was detected.
fam-raw-iob2-140-a-bed-b-604-1	IOB2 140/a BED B 604-1	1	obi-v02-n0019-ob-p0030	No stronger conservative family signal was detected.
fam-raw-iob2-140-b-bed-b-571-2	IOB2-140/b BED B 571-2	1	obi-v02-n0019-re-p0031	No stronger conservative family signal was detected.
fam-raw-iob2-141-bed-b-604-7	IOB2 141/ BED B 604-7	1	obi-v02-n0027-ob-p0052	No stronger conservative family signal was detected.
fam-raw-iob2-141-bed-b-604-8	IOB2 141/ BED B 604-8	1	obi-v02-n0028-ob-p0053	No stronger conservative family signal was detected.
fam-raw-iob2-143-a-bed-b-571-2	IOB2-143/a BED B 571-2	1	obi-v02-n0020-ob-p0033	No stronger conservative family signal was detected.
fam-raw-iob2-143-b-bed-b-571-2	IOB2-143/b BED B 571-2	1	obi-v02-n0020-re-p0035	No stronger conservative family signal was detected.
fam-raw-iob2-144-bed-b-571-2	IOB2-144 BED B 571-2	1	obi-v02-n0021-ob-p0037	No stronger conservative family signal was detected.
fam-raw-iob2-145-bed-b-604-3	IOB2-145 BED B 604-3	1	obi-v02-n0022-ob-p0041	No stronger conservative family signal was detected.
fam-raw-iob2-146-bed-b-604-4	IOB2-146 BED B 604-4	1	obi-v02-n0023-ob-p0044	No stronger conservative family signal was detected.
fam-raw-iob2-147-a-bed-b-604-5	IOB2-147/a BED B 604-5	1	obi-v02-n0024-ob-p0047	No stronger conservative family signal was detected.
fam-raw-iob2-147-bed-b-601-2	IOB2-147/ BED B 601-2	1	obi-v02-n0025-ob-p0049	No stronger conservative family signal was detected.
fam-raw-iob2-149-bed-b-604-10	IOB2-149 BED B 604-10	1	obi-v02-n0030-ob-p0056	No stronger conservative family signal was detected.
fam-raw-iob2-150-bed-b-601-4	IOB2-150 BED B 601-4	1	obi-v02-n0033-ob-p0061	No stronger conservative family signal was detected.
fam-raw-iob2-151-bed-b-601-4	IOB2-151 BED B 601-4	1	obi-v02-n0033-re-p0063	No stronger conservative family signal was detected.
fam-raw-iob2-152-bed-b-601-4	IOB2-152 BED B 601-4	1	obi-v02-n0034-ob-p0064	No stronger conservative family signal was detected.
fam-raw-iob2-153-a-bed-b-601-4	IOB2-153/a BED B 601-4	1	obi-v02-n0035-ob-p0066	No stronger conservative family signal was detected.
fam-raw-iob2-153-b-bed-b-601-4	IOB2-153/b BED B 601-4	1	obi-v02-n0035-re-p0068	No stronger conservative family signal was detected.
fam-raw-iob2-154-iob3-340-bed-b-601-4	IOB2-154 & IOB3-340 BED B 601-4	1	obi-v02-n0036-ob-p0069	No stronger conservative family signal was detected.
fam-raw-iob2-155-bed-b-601-4	IOB2-155 BED B 601-4	1	obi-v02-n0037-ob-p0069	No stronger conservative family signal was detected.
fam-raw-iob2-156-bed-b-607-1	IOB2-156 BED B 607-1	1	obi-v02-n0040-ob-p0074	No stronger conservative family signal was detected.
fam-raw-iob2-157-bed-b-607-2	IOB2-157 BED B 607-2	1	obi-v02-n0041-ob-p0076	No stronger conservative family signal was detected.
fam-raw-iob2-158-bed-b-607-6	IOB2-158 BED B 607-6	1	obi-v02-n0042-ob-p0078	No stronger conservative family signal was detected.
fam-raw-iob2-159	IOB2-159	1	obi-v02-n0042-re-p0080	No stronger conservative family signal was detected.
fam-raw-iob2-160-a-bed-b-609-1	IOB2-160/a BED B 609-1	1	obi-v02-n0046-ob-p0085	No stronger conservative family signal was detected.
fam-raw-iob2-161-a-bed-b-622-4	IOB2-161/a BED B 622-4	1	obi-v03-n0106-ob-p0184	No stronger conservative family signal was detected.
fam-raw-iob2-161-b-bed-b-593-5	IOB2-161/b BED B 593-5	1	obi-v02-n0052-ob-p0092	No stronger conservative family signal was detected.
fam-raw-iob2-162-bed-b-610-2	IOB2-162 BED B 610-2	1	obi-v02-n0053-tx-p0093	No stronger conservative family signal was detected.
fam-raw-iob2-163-bed-b-593-5	IOB2-163 BED B 593-5	1	obi-v02-n0053-re-p0096	No stronger conservative family signal was detected.
fam-raw-iob2-164-bed-b-593-5	IOB2-164 BED B 593-5	1	obi-v02-n0054-ob-p0099	No stronger conservative family signal was detected.
fam-raw-iob2-165-a-bed-b-600-7	IOB2-165/a BED B 600-7	1	obi-v02-n0054-re-p0103	No stronger conservative family signal was detected.
fam-raw-iob2-165-b-bed-b-600-7	IOB2-165/b BED B 600-7	1	obi-v02-n0055-re-p0104	No stronger conservative family signal was detected.
fam-raw-iob2-166-a-bed-b-600-7	IOB2-166/a BED B 600-7	1	obi-v02-n0057-ob-p0111	No stronger conservative family signal was detected.
fam-raw-iob2-166-b-bed-b-600-7	IOB2-166/b BED B 600-7	1	obi-v02-n0057-tx-p0113	No stronger conservative family signal was detected.
fam-raw-iob2-167-bed-b-600-7	IOB2 167 BED B 600-7	1	obi-v02-n0058-ob-p0115	No stronger conservative family signal was detected.
fam-raw-iob2-168-bed-b-600-7	IOB2-168 BED B 600-7	1	obi-v02-n0059-ob-p0119	No stronger conservative family signal was detected.
fam-raw-iob2-169-bed-b-600-7	IOB2-169 BED B 600-7	1	obi-v02-n0059-re-p0122	No stronger conservative family signal was detected.
fam-raw-iob2-170-bed-b-600-7	IOB2-170 BED B 600-7	1	obi-v02-n0060-ob-p0124	No stronger conservative family signal was detected.
fam-raw-iob2-171-bed-b-600-7	IOB2-171 BED B 600-7	1	obi-v02-n0064-ob-p0132	No stronger conservative family signal was detected.
fam-raw-iob2-172-bed-b-600-7	IOB2-172 BED B 600-7	1	obi-v02-n0064-re-p0134	No stronger conservative family signal was detected.
fam-raw-iob2-173-bed-b-604-2	IOB2-173 BED B 604-2	1	obi-v02-n0065-tx-p0137	No stronger conservative family signal was detected.
fam-raw-iob2-174-bed-b-600-7	IOB2-174 BED B 600-7	1	obi-v02-n0056-ob-p0104	No stronger conservative family signal was detected.
fam-raw-iob2-175-bed-b-600-7	IOB2-175 BED B 600-7	1	obi-v02-n0056-re-p0108	No stronger conservative family signal was detected.
fam-raw-iob2-176-a-bed-b-600-7	IOB2-176/a BED B 600-7	1	obi-v02-n0071-ob-p0147	No stronger conservative family signal was detected.
fam-raw-iob2-176-b-bed-b-602-1	IOB2-176/b BED B 602-1	1	obi-v02-n0073-tx-p0155	No stronger conservative family signal was detected.
fam-raw-iob2-177-a-bed-b-613-2	IOB2-177/a BED B 613-2	1	obi-v02-n0075-ob-p0156	No stronger conservative family signal was detected.
fam-raw-iob2-177-b-bed-b-602-1	IOB2 177/b BED B 602-1	1	obi-v02-n0076-ob-p0157	No stronger conservative family signal was detected.
fam-raw-iob2-178-bed-b-513-1	IOB2-178 BED B 513-1	1	obi-v01-n0011-ob-p0027	No stronger conservative family signal was detected.
fam-raw-iob2-180-bed-b-622-6	IOB2-180 BED B 622-6	1	obi-v03-n0172-re-p0292	No stronger conservative family signal was detected.
fam-raw-iob2-181-bed-b-600-7	IOB2-181 BED B 600-7	1	obi-v02-n0082-ob-p0168	No stronger conservative family signal was detected.
fam-raw-iob2-182-a-bed-b-615-4	IOB2-182/a BED B 615-4	1	obi-v02-n0083-ob-p0170	No stronger conservative family signal was detected.
fam-raw-iob2-182-b	IOB2-182/b	1	obi-v02-n0084-ob-p0172	No stronger conservative family signal was detected.
fam-raw-iob2-183-a-bed-b-615-6	IOB2-183/a BED B 615-6	1	obi-v02-n0085-ob-p0173	No stronger conservative family signal was detected.
fam-raw-iob2-183-b-bed-b-600-7	IOB2-183/b BED B 600-7	1	obi-v02-n0087-ob-p0176	No stronger conservative family signal was detected.
fam-raw-iob2-185-bed-b-617-1	IOB2-185 BED B 617-1	1	obi-v02-n0091-ob-p0179	No stronger conservative family signal was detected.
fam-raw-iob2-186-bed-b-600-7	IOB2-186 BED B 600-7	1	obi-v02-n0092-ob-p0181	No stronger conservative family signal was detected.
fam-raw-iob2-187-bed-b-616-4	IOB2-187 BED B 616-4	1	obi-v02-n0088-ob-p0176	No stronger conservative family signal was detected.
fam-raw-iob2-188-bed-b-617-3	IOB2-188 BED B 617-3	1	obi-v02-n0093-ob-p0183	No stronger conservative family signal was detected.
fam-raw-iob2-189-bed-b-600-7	IOB2-189 BED B 600-7	1	obi-v02-n0094-tx-p0185	No stronger conservative family signal was detected.
fam-raw-iob2-190-a-bed-b-586-3	IOB2-190/a BED B 586-3	1	obi-v01-n0099-ob-p0164	No stronger conservative family signal was detected.
fam-raw-iob2-190-b-bed-b-600-7	IOB2-190/b BED B 600-7	1	obi-v02-n0095-re-p0186	No stronger conservative family signal was detected.
fam-raw-iob2-191-a-bed-b-620-1	IOB2-191/a BED B 620-1	1	obi-v02-n0098-ob-p0190	No stronger conservative family signal was detected.
fam-raw-iob2-191-b-bed-b-600-7	IOB2-191/b BED B 600-7	1	obi-v02-n0104-ob-p0197	No stronger conservative family signal was detected.
fam-raw-iob2-193-bed-b-600-7	IOB2-193 BED B 600-7	1	obi-v02-n0103-ob-p0196	No stronger conservative family signal was detected.
fam-raw-iob2-194-bed-b-600-7	IOB2-194 BED B 600-7	1	obi-v02-n0105-ob-p0198	No stronger conservative family signal was detected.
fam-raw-iob2-195-a-bed-b-622-3	IOB2-195/a BED B 622-3	1	obi-v02-n0106-ob-p0202	No stronger conservative family signal was detected.
fam-raw-iob2-195-b-bed-b-622-4	IOB2-195/b BED B 622-4	1	obi-v03-n0001-ob-p0001	No stronger conservative family signal was detected.
fam-raw-iob2-196-bed-b-622-4	IOB2-196 BED B 622-4	1	obi-v03-n0091-ob-p0162	No stronger conservative family signal was detected.
fam-raw-iob2-197-bed-b-600-7	IOB2-197 BED B 600-7	1	obi-v02-n0006-ob-p0010	No stronger conservative family signal was detected.
fam-raw-iob2-198-bed-b-622-6	IOB2-198 BED B 622-6	1	obi-v03-n0002-re-p0002	No stronger conservative family signal was detected.
fam-raw-iob2-199-bed-b-600-7	IOB2-199 BED B 600-7	1	obi-v02-n0070-ob-p0146	No stronger conservative family signal was detected.
fam-raw-iob2-200-bed-b-631-6	IOB2-200 BED B 631-6	1	obi-v03-n0038-ob-p0062	No stronger conservative family signal was detected.
fam-raw-iob2-201-a	IOB2-201/a	1	obi-v03-n0038-re-p0064	No stronger conservative family signal was detected.
fam-raw-iob2-201-b-bed-b-623-1	IOB2-201/b BED B 623-1	1	obi-v03-n0003-ob-p0003	No stronger conservative family signal was detected.
fam-raw-iob2-202-bed-b-624-1	IOB2-202 BED B 624-1	1	obi-v03-n0005-ob-p0005	No stronger conservative family signal was detected.
fam-raw-iob2-203-bed-b-624-2	IOB2-203 BED B 624-2	1	obi-v03-n0006-ob-p0007	No stronger conservative family signal was detected.
fam-raw-iob2-204-a-bed-b-624-3	IOB2-204/a BED B 624-3	1	obi-v03-n0007-ob-p0008	No stronger conservative family signal was detected.
fam-raw-iob2-204-b-bed-b-624-3	IOB2-204/b BED B 624-3	1	obi-v03-n0007-re-p0008	No stronger conservative family signal was detected.
fam-raw-iob2-205-bed-b-624-4	IOB2 205 BED B 624-4	1	obi-v03-n0008-ob-p0009	No stronger conservative family signal was detected.
fam-raw-iob2-206-bed-b-622-4	IOB2-206 BED B 622-4	1	obi-v03-n0008-re-p0011	No stronger conservative family signal was detected.
fam-raw-iob2-207-bed-b-622-6	IOB2-207 BED B 622-6	1	obi-v03-n0148-re-p0249	No stronger conservative family signal was detected.
fam-raw-iob2-208-bed-b-622-4	IOB2-208 BED B 622-4	1	obi-v03-n0012-ob-p0018	No stronger conservative family signal was detected.
fam-raw-iob2-209-bed-b-622-4	IOB2-209 BED B 622-4	1	obi-v03-n0013-ob-p0019	No stronger conservative family signal was detected.
fam-raw-iob2-210-a-bed-b-600-2	IOB2-210/a BED B 600-2	1	obi-v01-n0182-ob-p0314	No stronger conservative family signal was detected.
fam-raw-iob2-210-b-bed-b-622-6	IOB2-210/b BED B 622-6	1	obi-v03-n0014-re-p0020	No stronger conservative family signal was detected.
fam-raw-iob2-211-bed-b-622-6	IOB2-211 BED B 622-6	1	obi-v03-n0015-ob-p0021	No stronger conservative family signal was detected.
fam-raw-iob2-212-bed-b-622-8	IOB2-212 BED B 622-8	1	obi-v03-n0131-ob-p0222	No stronger conservative family signal was detected.
fam-raw-iob2-213-a-bed-b-622-6	IOB2-213/a BED B 622-6	1	obi-v03-n0016-ob-p0022	No stronger conservative family signal was detected.
fam-raw-iob2-213-b-bed-b-622-6	IOB2-213/b BED B 622-6	1	obi-v03-n0016-re-p0023	No stronger conservative family signal was detected.
fam-raw-iob2-214-a-iob5-579-bed-b-622-6	IOB2-214/a & IOB5-579 BED B 622-6	1	obi-v03-n0017-ob-p0024	No stronger conservative family signal was detected.
fam-raw-iob2-214-b-bed-b-622-6	IOB2 214/b BED B 622-6	1	obi-v03-n0018-ob-p0025	No stronger conservative family signal was detected.
fam-raw-iob2-215-a-bed-b-622-6	IOB2-215/a BED B 622-6	1	obi-v03-n0019-ob-p0026	No stronger conservative family signal was detected.
fam-raw-iob2-215-b-bed-b-622-6	IOB2-215/b BED B 622-6	1	obi-v03-n0020-tx-p0027	No stronger conservative family signal was detected.
fam-raw-iob2-216-bed-b-622-6	IOB2-216 BED B 622-6	1	obi-v03-n0021-ob-p0028	No stronger conservative family signal was detected.
fam-raw-iob2-217-bed-b-623-1	IOB2-217 BED B 623-1	1	obi-v03-n0024-tx-p0035	No stronger conservative family signal was detected.
fam-raw-iob2-218-a-bed-b-623-1	IOB2-218/a BED B 623-1	1	obi-v03-n0024-re-p0036	No stronger conservative family signal was detected.
fam-raw-iob2-218-b-bed-b-623-1	IOB2-218/b BED B 623-1	1	obi-v03-n0022-ob-p0033	No stronger conservative family signal was detected.
fam-raw-iob2-218-b-bed-b-628-6b	IOB2-218/b BED B 628-6b	1	obi-v05-n0042-ob-p0110	No stronger conservative family signal was detected.
fam-raw-iob2-219-a-bed-b-629-1	IOB2-219/a BED B 629-1	1	obi-v03-n0025-ob-p0037	No stronger conservative family signal was detected.
fam-raw-iob2-219-b-bed-b-623-1	IOB2-219/b BED B 623-1	1	obi-v03-n0025-re-p0038	No stronger conservative family signal was detected.
fam-raw-iob2-220-bed-b-623-1	IOB2-220 BED B 623-1	1	obi-v03-n0026-ob-p0039	No stronger conservative family signal was detected.
fam-raw-iob2-221-bed-a	IOB2-221 BED A	1	obi-v03-n0026-re-p0041	No stronger conservative family signal was detected.
fam-raw-iob2-222-a-bed-b-630-1	IOB2-222/a BED B 630-1	1	obi-v03-n0027-ob-p0043	No stronger conservative family signal was detected.
fam-raw-iob2-222-b-bed-a	IOB2-222/b BED A	1	obi-v03-n0027-re-p0045	No stronger conservative family signal was detected.
fam-raw-iob2-223-a-bed-a	IOB2-223/a BED A	1	obi-v03-n0028-ob-p0046	No stronger conservative family signal was detected.
fam-raw-iob2-223-b-bed-a	IOB2-223/b BED A	1	obi-v03-n0029-re-p0047	No stronger conservative family signal was detected.
fam-raw-iob2160-b-bed-b-609-5	IOB2160/b BED B 609-5	1	obi-v02-n0050-ob-p0089	No stronger conservative family signal was detected.
fam-raw-iob3-224-bed-b-624-1	IOB3-224 BED B 624-1	1	obi-v03-n0033-ob-p0052	No stronger conservative family signal was detected.
fam-raw-iob3-225-bed-b-631-1	IOB3-225 BED B 631-1	1	obi-v03-n0034-ob-p0053	No stronger conservative family signal was detected.
fam-raw-iob3-226-bed-b-624-1	IOB3-226 BED B 624-1	1	obi-v03-n0035-ob-p0055	No stronger conservative family signal was detected.
fam-raw-iob3-227-bed-b-622-4	IOB3-227 BED B 622-4	1	obi-v03-n0092-ob-p0167	No stronger conservative family signal was detected.
fam-raw-iob3-227-bed-b-624-1	IOB3-227 BED B 624-1	1	obi-v03-n0035-re-p0056	No stronger conservative family signal was detected.
fam-raw-iob3-228-a-bed-b-624-1	IOB3-228/a BED B 624-1	1	obi-v03-n0036-ob-p0057	No stronger conservative family signal was detected.
fam-raw-iob3-228-b-bed-b-632-1	IOB3-228/b BED B 632-1	1	obi-v03-n0039-ob-p0065	No stronger conservative family signal was detected.
fam-raw-iob3-229-bed-b-632-2	IOB3-229 BED B 632-2	1	obi-v03-n0040-ob-p0066	No stronger conservative family signal was detected.
fam-raw-iob3-230-bed-b-632-3	IOB3-230 BED B 632-3	1	obi-v04-n0107-ob-p0171	No stronger conservative family signal was detected.
fam-raw-iob3-231-a-bed-b-632-4	IOB3-231/a BED B 632-4	1	obi-v03-n0041-ob-p0068	No stronger conservative family signal was detected.
fam-raw-iob3-231-b-bed-b-633-1	IOB3-231/b BED B 633-1	1	obi-v03-n0042-ob-p0068	No stronger conservative family signal was detected.
fam-raw-iob3-232-bed-b-633-2	IOB3-232 BED B 633-2	1	obi-v03-n0043-ob-p0070	No stronger conservative family signal was detected.
fam-raw-iob3-233	IOB3-233	1	obi-v04-n0133-re-p0219	No stronger conservative family signal was detected.
fam-raw-iob3-233-bed-b-633-3	IOB3-233 BED B 633-3	1	obi-v03-n0044-re-p0072	No stronger conservative family signal was detected.
fam-raw-iob3-234-bed-b-624-1	IOB3-234 BED B 624-1	1	obi-v03-n0037-ob-p0058	No stronger conservative family signal was detected.
fam-raw-iob3-235-bed-b-634-1	IOB3-235 BED B 634-1	1	obi-v03-n0046-re-p0074	No stronger conservative family signal was detected.
fam-raw-iob3-236-a-bed-b-624-2	IOB3-236/a BED B 624-2	1	obi-v03-n0047-ob-p0077	No stronger conservative family signal was detected.
fam-raw-iob3-236-b-bed-b-634-3	IOB3-236/b BED B 634-3	1	obi-v03-n0048-ob-p0078	No stronger conservative family signal was detected.
fam-raw-iob3-237-bed-b-634-4	IOB3-237 BED B 634-4	1	obi-v03-n0049-ob-p0079	No stronger conservative family signal was detected.
fam-raw-iob3-238-bed-b-634-5	IOB3-238 BED B 634-5	1	obi-v03-n0050-ob-p0080	No stronger conservative family signal was detected.
fam-raw-iob3-239-bed-b-635-1	IOB3-239 BED B 635-1	1	obi-v03-n0052-re-p0083	No stronger conservative family signal was detected.
fam-raw-iob3-240-bed-b-624-2	IOB3-240 BED B 624-2	1	obi-v03-n0045-re-p0073	No stronger conservative family signal was detected.
fam-raw-iob3-241	IOB3-241	1	obi-v03-n0053-ob-p0085	No stronger conservative family signal was detected.
fam-raw-iob3-242-bed-b-635-3	IOB3-242 BED B 635-3	1	obi-v03-n0054-ob-p0087	No stronger conservative family signal was detected.
fam-raw-iob3-243-bed-b-624-3	IOB3-243 BED B 624-3	1	obi-v03-n0055-ob-p0089	No stronger conservative family signal was detected.
fam-raw-iob3-244-bed-b-624-4	IOB3-244 BED B 624-4	1	obi-v03-n0057-tx-p0092	No stronger conservative family signal was detected.
fam-raw-iob3-245-a-bed-b-636-2	IOB3-245/a BED B 636-2	1	obi-v03-n0058-ob-p0094	No stronger conservative family signal was detected.
fam-raw-iob3-245-b-bed-b-622-4	IOB3-245/b BED B 622-4	1	obi-v03-n0062-ob-p0102	No stronger conservative family signal was detected.
fam-raw-iob3-246-bed-b-623-2-b-636-3	IOB3-246 BED B 623-2 & B 636-3	1	obi-v03-n0059-ob-p0095	No stronger conservative family signal was detected.
fam-raw-iob3-247-bed-b-624-4	IOB3-247 BED B 624-4	1	obi-v03-n0060-ob-p0097	No stronger conservative family signal was detected.
fam-raw-iob3-248-bed-b-622-4	IOB3-248 BED B 622-4	1	obi-v03-n0061-ob-p0100	No stronger conservative family signal was detected.
fam-raw-iob3-249-bed-b-622-4	IOB3-249 BED B 622-4	1	obi-v03-n0063-ob-p0103	No stronger conservative family signal was detected.
fam-raw-iob3-250-bed-b-622-4	IOB3-250 BED B 622-4	1	obi-v03-n0063-re-p0106	No stronger conservative family signal was detected.
fam-raw-iob3-251-bed-b-622-4	IOB3-251 BED B 622-4	1	obi-v03-n0064-ob-p0109	No stronger conservative family signal was detected.
fam-raw-iob3-252-bed-b-622-4	IOB3-252 BED B 622-4	1	obi-v03-n0066-ob-p0110	No stronger conservative family signal was detected.
fam-raw-iob3-253-a-bed-b-622-4	IOB3-253/a BED B 622-4	1	obi-v03-n0066-re-p0111	No stronger conservative family signal was detected.
fam-raw-iob3-253-b-bed-b-622-4	IOB3-253/b BED B 622-4	1	obi-v03-n0065-ob-p0109	No stronger conservative family signal was detected.
fam-raw-iob3-254-a-bed-b-622-4	IOB3-254/a BED B 622-4	1	obi-v03-n0067-ob-p0112	No stronger conservative family signal was detected.
fam-raw-iob3-254-b-bed-b-622-4	IOB3-254/b BED B 622-4	1	obi-v03-n0068-ob-p0113	No stronger conservative family signal was detected.
fam-raw-iob3-256-bed-b-604-14-b-604-12	IOB3-256 BED B 604-14 & B 604-12	1	obi-v02-n0031-ob-p0058	No stronger conservative family signal was detected.
fam-raw-iob3-257-bed-b-622-4	IOB3-257 BED B 622-4	1	obi-v03-n0070-re-p0115	No stronger conservative family signal was detected.
fam-raw-iob3-258-bed-b-622-4	IOB3-258 BED B 622-4	1	obi-v03-n0071-ob-p0117	No stronger conservative family signal was detected.
fam-raw-iob3-259-bed-b-622-4	IOB3-259 BED B 622-4	1	obi-v03-n0072-re-p0119	No stronger conservative family signal was detected.
fam-raw-iob3-260-bed-b-622-4	IOB3-260 BED B 622-4	1	obi-v03-n0074-ob-p0122	No stronger conservative family signal was detected.
fam-raw-iob3-261-bed-b-622-4	IOB3-261 BED B 622-4	1	obi-v03-n0077-ob-p0127	No stronger conservative family signal was detected.
fam-raw-iob3-262-bed-b-622-4	IOB3-262 BED B 622-4	1	obi-v03-n0077-re-p0128	No stronger conservative family signal was detected.
fam-raw-iob3-263-bed-b-622-4	IOB3-263 BED B 622-4	1	obi-v03-n0075-ob-p0123	No stronger conservative family signal was detected.
fam-raw-iob3-264-bed-b-622-4	IOB3-264 BED B 622-4	1	obi-v03-n0078-ob-p0131	No stronger conservative family signal was detected.
fam-raw-iob3-265-bed-b-622-4	IOB3-265 BED B 622-4	1	obi-v03-n0076-re-p0124	No stronger conservative family signal was detected.
fam-raw-iob3-266-a-bed-b-622-4	IOB3-266/a BED B 622-4	1	obi-v03-n0009-ob-p0012	No stronger conservative family signal was detected.
fam-raw-iob3-266-b-bed-b-622-4	IOB3-266/b BED B 622-4	1	obi-v03-n0079-tx-p0132	No stronger conservative family signal was detected.
fam-raw-iob3-266-c-bed-b-622-4	IOB3-266/c BED B 622-4	1	obi-v03-n0079-tx-p0134	No stronger conservative family signal was detected.
fam-raw-iob3-267-bed-b-622-4	IOB3-267 BED B 622-4	1	obi-v03-n0080-ob-p0135	No stronger conservative family signal was detected.
fam-raw-iob3-268-bed-b-622-4	IOB3-268 BED B 622-4	1	obi-v03-n0081-ob-p0135	No stronger conservative family signal was detected.
fam-raw-iob3-269-bed-b-622-4	IOB3-269 BED B 622-4	1	obi-v03-n0082-ob-p0138	No stronger conservative family signal was detected.
fam-raw-iob3-270-bed-b-614-4	IOB3-270 BED B 614-4	1	obi-v02-n0118-re-p0217	No stronger conservative family signal was detected.
fam-raw-iob3-271-bed-b-622-4	IOB3-271 BED B 622-4	1	obi-v03-n0084-ob-p0141	No stronger conservative family signal was detected.
fam-raw-iob3-273-bed-b-622-4	IOB3-273 BED B 622-4	1	obi-v03-n0086-re-p0150	No stronger conservative family signal was detected.
fam-raw-iob3-274-bed-b-622-4	IOB3-274 BED B 622-4	1	obi-v03-n0087-ob-p0152	No stronger conservative family signal was detected.
fam-raw-iob3-276-a-bed-b-622-4	IOB3-276/a BED B 622-4	1	obi-v03-n0088-ob-p0158	No stronger conservative family signal was detected.
fam-raw-iob3-276-b-bed-b-622-4	IOB3-276/b BED B 622-4	1	obi-v03-n0090-ob-p0160	No stronger conservative family signal was detected.
fam-raw-iob3-279-bed-b-622-4	IOB3-279 BED B 622-4	1	obi-v03-n0091-re-p0164	No stronger conservative family signal was detected.
fam-raw-iob3-280-a-bed-b-622-4	IOB3-280/a BED B 622-4	1	obi-v03-n0095-re-p0170	No stronger conservative family signal was detected.
fam-raw-iob3-280-b-bed-b-622-4	IOB3-280/b BED B 622-4	1	obi-v03-n0096-ob-p0171	No stronger conservative family signal was detected.
fam-raw-iob3-281-a-bed-b-622-4	IOB3-281/a BED B 622-4	1	obi-v03-n0097-ob-p0172	No stronger conservative family signal was detected.
fam-raw-iob3-281-b-bed-b-622-4	IOB3-281/b BED B 622-4	1	obi-v03-n0100-ob-p0175	No stronger conservative family signal was detected.
fam-raw-iob3-282-bed-b-622-4	IOB3-282 BED B 622-4	1	obi-v03-n0098-ob-p0173	No stronger conservative family signal was detected.
fam-raw-iob3-283-bed-b-622-4	IOB3-283 BED B 622-4	1	obi-v03-n0099-ob-p0174	No stronger conservative family signal was detected.
fam-raw-iob3-284-a-bed-b-622-4	IOB3-284/a BED B 622-4	1	obi-v03-n0102-ob-p0177	No stronger conservative family signal was detected.
fam-raw-iob3-284-b-bed-b-622-4	IOB3-284/b BED B 622-4	1	obi-v03-n0102-re-p0178	No stronger conservative family signal was detected.
fam-raw-iob3-285-bed-b-622-4	IOB3-285 BED B 622-4	1	obi-v03-n0103-ob-p0179	No stronger conservative family signal was detected.
fam-raw-iob3-286-bed-b-622-4	IOB3-286 BED B 622-4	1	obi-v03-n0107-ob-p0185	No stronger conservative family signal was detected.
fam-raw-iob3-287-b-bed-b-622-4	IOB3-287/b BED B 622-4	1	obi-v03-n0113-ob-p0193	No stronger conservative family signal was detected.
fam-raw-iob3-288-bed-b-622-4	IOB3-288 BED B 622-4	1	obi-v03-n0109-ob-p0187	No stronger conservative family signal was detected.
fam-raw-iob3-289-bed-b-622-4	IOB3-289 BED B 622-4	1	obi-v03-n0073-ob-p0120	No stronger conservative family signal was detected.
fam-raw-iob3-290-a-bed-b-622-4	IOB3-290/a BED B 622-4	1	obi-v03-n0111-re-p0191	No stronger conservative family signal was detected.
fam-raw-iob3-290-b-bed-b-622-4	IOB3-290/b BED B 622-4	1	obi-v03-n0114-ob-p0193	No stronger conservative family signal was detected.
fam-raw-iob3-291-bed-b-622-4	IOB3-291 BED B 622-4	1	obi-v03-n0115-ob-p0194	No stronger conservative family signal was detected.
fam-raw-iob3-292-bed-b-622-4	IOB3-292 BED B 622-4	1	obi-v03-n0116-ob-p0196	No stronger conservative family signal was detected.
fam-raw-iob3-293-bed-b-622-4	IOB3-293 BED B 622-4	1	obi-v03-n0117-ob-p0197	No stronger conservative family signal was detected.
fam-raw-iob3-294-bed-b-622-4	IOB3-294 BED B 622-4	1	obi-v03-n0118-ob-p0198	No stronger conservative family signal was detected.
fam-raw-iob3-295-bed-b-622-6	IOB3-295 BED B 622-6	1	obi-v03-n0120-ob-p0204	No stronger conservative family signal was detected.
fam-raw-iob3-296	IOB3-296	1	obi-v02-n0096-tx-p0187	No stronger conservative family signal was detected.
fam-raw-iob3-296-297-198-b	IOB3-296-297-198/b	1	obi-v03-n0160-tx-p0272	No stronger conservative family signal was detected.
fam-raw-iob3-296-297-298-a	IOB3-296, 297, 298/a	1	obi-v03-n0189-tx-p0312	No stronger conservative family signal was detected.
fam-raw-iob3-296-298-a-b	IOB3-296 & 298/a-b	1	obi-v03-n0119-tx-p0202	No stronger conservative family signal was detected.
fam-raw-iob3-297-a-b-bed-b-600-7	IOB3-297/a-b BED B 600-7	1	obi-v02-n0096-tx-p0187	No stronger conservative family signal was detected.
fam-raw-iob3-297-bed-b-622-6	IOB3-297 BED B 622-6	1	obi-v03-n0119-tx-p0202	No stronger conservative family signal was detected.
fam-raw-iob3-298-a-bed-b-622-6	IOB3-298/a BED B 622-6	1	obi-v03-n0160-tx-p0272	No stronger conservative family signal was detected.
fam-raw-iob3-298-b-bed-b-623-1	IOB3-298/b BED B 623-1	1	obi-v03-n0189-tx-p0312	No stronger conservative family signal was detected.
fam-raw-iob3-299-bed-b-622-4	IOB3-299 BED B 622-4	1	obi-v03-n0112-ob-p0192	No stronger conservative family signal was detected.
fam-raw-iob3-302-bed-b-610-5	IOB3-302 BED B 610-5	1	obi-v02-n0133-ob-p0235	No stronger conservative family signal was detected.
fam-raw-iob3-303-bed-a	IOB3-303 BED A	1	obi-v01-n0005-ob-p0019	No stronger conservative family signal was detected.
fam-raw-iob3-304-bed-a	IOB3-304 BED A	1	obi-v02-n0038-ob-p0072	No stronger conservative family signal was detected.
fam-raw-iob3-305-a	IOB3-305/a	1	obi-v02-n0038-re-p0073	No stronger conservative family signal was detected.
fam-raw-iob3-306-a-iob5-586-b-c-bed-b-623-1	IOB3-306/a & IOB5-586/b/c BED B 623-1	1	obi-v03-n0218-ob-p0354	No stronger conservative family signal was detected.
fam-raw-iob3-306-b-bed-b-623-1	IOB3-306/b BED B 623-1	1	obi-v03-n0219-tx-p0355	No stronger conservative family signal was detected.
fam-raw-iob3-306-c-bed-b-623-1	IOB3-306/c BED B 623-1	1	obi-v03-n0220-tx-p0356	No stronger conservative family signal was detected.
fam-raw-iob3-306-d-bed-b-623-1	IOB3-306/d BED B 623-1	1	obi-v03-n0221-tx-p0356	No stronger conservative family signal was detected.
fam-raw-iob3-308-bed-b-603-1	IOB3-308 BED B 603-1	1	obi-v01-n0096-ob-p0143	No stronger conservative family signal was detected.
fam-raw-iob3-309	IOB3-309	1	obi-v01-n0096-re-p0146	No stronger conservative family signal was detected.
fam-raw-iob3-310-a	IOB3-310/a	1	obi-v01-n0096-tx-p0148	No stronger conservative family signal was detected.
fam-raw-iob3-310-b	IOB3-310/b	1	obi-v01-n0096-tx-p0150	No stronger conservative family signal was detected.
fam-raw-iob3-311-a-bed-b-603-2	IOB3-311/a BED B 603-2	1	obi-v02-n0120-ob-p0220	No stronger conservative family signal was detected.
fam-raw-iob3-311-b-bed-b-603-2	IOB3-311/b BED B 603-2	1	obi-v02-n0120-re-p0221	No stronger conservative family signal was detected.
fam-raw-iob3-312-a-bed-a	IOB3-312/a BED A	1	obi-v02-n0121-tx-p0222	No stronger conservative family signal was detected.
fam-raw-iob3-312-a-bed-b-600-7	IOB3-312/a BED B 600-7	1	obi-v02-n0090-ob-p0178	No stronger conservative family signal was detected.
fam-raw-iob3-312-b-bed-b-603-2	IOB3-312/b BED B 603-2	1	obi-v02-n0121-tx-p0223	No stronger conservative family signal was detected.
fam-raw-iob3-313-a-bed-b-603-2	IOB3-313/a BED B 603-2	1	obi-v02-n0122-ob-p0225	No stronger conservative family signal was detected.
fam-raw-iob3-313-b-bed-b-603-2	IOB3-313/b BED B 603-2	1	obi-v02-n0123-ob-p0226	No stronger conservative family signal was detected.
fam-raw-iob3-314-a-bed-a	IOB3-314/a BED A	1	obi-v02-n0124-ob-p0227	No stronger conservative family signal was detected.
fam-raw-iob3-314-b-bed-a	IOB3-314/b BED A	1	obi-v02-n0125-tx-p0227	No stronger conservative family signal was detected.
fam-raw-iob3-314-c-bed-b-603-2	IOB3-314/c BED B 603-2	1	obi-v02-n0126-tx-p0228	No stronger conservative family signal was detected.
fam-raw-iob3-315-a-bed-b-603-2	IOB3-315/a BED B 603-2	1	obi-v02-n0127-ob-p0228	No stronger conservative family signal was detected.
fam-raw-iob3-315-b	IOB3-315/b	1	obi-v02-n0127-ob-p0228	No stronger conservative family signal was detected.
fam-raw-iob3-316-a-bed-b-600-7	IOB3-316/a BED B 600-7	1	obi-v02-n0089-ob-p0177	No stronger conservative family signal was detected.
fam-raw-iob3-316-b	IOB3-316/b	1	obi-v02-n0090-ob-p0178	No stronger conservative family signal was detected.
fam-raw-iob3-317-a-bed-b-603-2	IOB3-317/a & BED B 603-2	1	obi-v02-n0128-ob-p0229	No stronger conservative family signal was detected.
fam-raw-iob3-318-a-bed-b-603-2	IOB3-318/a BED B 603-2	1	obi-v02-n0015-ob-p0022	No stronger conservative family signal was detected.
fam-raw-iob3-318-b	IOB3-318/b	1	obi-v02-n0015-re-p0023	No stronger conservative family signal was detected.
fam-raw-iob3-319-a-bed-a	IOB3-319/a BED A	1	obi-v02-n0129-tx-p0230	No stronger conservative family signal was detected.
fam-raw-iob3-319-c	IOB3-319/c	2	obi-v02-n0130-tx-p0231	No stronger conservative family signal was detected.
fam-raw-iob3-320	IOB3-320	1	obi-v05-n0051-re-p0126	No stronger conservative family signal was detected.
fam-raw-iob3-320-bed-b-600-7	IOB3-320 BED B 600-7	1	obi-v02-n0009-ob-p0014	No stronger conservative family signal was detected.
fam-raw-iob3-321-bed-a	IOB3-321 BED A	1	obi-v03-n0004-ob-p0004	No stronger conservative family signal was detected.
fam-raw-iob3-322-bed-a	IOB3-322 BED A	1	obi-v02-n0131-ob-p0232	No stronger conservative family signal was detected.
fam-raw-iob3-323-a-b-c-bed-a	IOB3-323/a-b-c BED A	1	obi-v02-n0132-tx-p0233	No stronger conservative family signal was detected.
fam-raw-iob3-323-a-b-c-bed-b-594-4	IOB3-323/a-b-c BED B 594-4	1	obi-v02-n0132-tx-p0234	No stronger conservative family signal was detected.
fam-raw-iob3-324-a	IOB3-324/a	1	obi-v01-n0046-ob-p0074	No stronger conservative family signal was detected.
fam-raw-iob3-324-b-bed-b-602-5	IOB3-324/b BED B 602-5	1	obi-v02-n0119-ob-p0219	No stronger conservative family signal was detected.
fam-raw-iob3-325-bed-b-551-1	IOB3-325 BED B 551-1	1	obi-v01-n0028-ob-p0049	No stronger conservative family signal was detected.
fam-raw-iob3-326-bed-b-593-5	IOB3-326 BED B 593-5	1	obi-v02-n0051-ob-p0091	No stronger conservative family signal was detected.
fam-raw-iob3-328-a-bed-b-601-4	IOB3-328/a BED B 601-4	1	obi-v02-n0032-ob-p0060	No stronger conservative family signal was detected.
fam-raw-iob3-329	IOB3-329	1	obi-v02-n0134-ob-p0237	No stronger conservative family signal was detected.
fam-raw-iob3-330-bed-a	IOB3-330 BED A	1	obi-v02-n0135-tx-p0238	No stronger conservative family signal was detected.
fam-raw-iob3-331-a-bed-a	IOB3-331/a BED A	1	obi-v02-n0136-tx-p0239	No stronger conservative family signal was detected.
fam-raw-iob3-332-a-bed-b-603-3	IOB3-332/a BED B 603-3	1	obi-v02-n0137-tx-p0240	No stronger conservative family signal was detected.
fam-raw-iob3-332-b-bed-b-603-3	IOB3-332/b BED B 603-3	1	obi-v02-n0138-tx-p0240	No stronger conservative family signal was detected.
fam-raw-iob3-333-bed-b-608-1-b-626-3	IOB3-333 BED B 608-1 & B 626-3	1	obi-v02-n0045-ob-p0083	No stronger conservative family signal was detected.
fam-raw-iob3-334-a	IOB3-334/a	1	obi-v02-n0112-ob-p0209	No stronger conservative family signal was detected.
fam-raw-iob3-335-a-bed-b-603-3	IOB3-335/a BED B 603-3	1	obi-v02-n0139-tx-p0241	No stronger conservative family signal was detected.
fam-raw-iob3-335-b-bed-b-603-3	IOB3-335/b BED B 603-3	1	obi-v02-n0140-ob-p0242	No stronger conservative family signal was detected.
fam-raw-iob3-336-a-bed-b-603-3	IOB3-336/a BED B 603-3	1	obi-v02-n0141-ob-p0243	No stronger conservative family signal was detected.
fam-raw-iob3-336-b-bed-b-603-3	IOB3-336/b BED B 603-3	1	obi-v02-n0141-re-p0244	No stronger conservative family signal was detected.
fam-raw-iob3-337-a-bed-b-603-3	IOB3-337/a BED B 603-3	1	obi-v02-n0142-ob-p0245	No stronger conservative family signal was detected.
fam-raw-iob3-337-b-bed-b-603-3	IOB3-337/b BED B 603-3	1	obi-v02-n0142-re-p0245	No stronger conservative family signal was detected.
fam-raw-iob3-338-bed-b-603-3	IOB3-338 BED B 603-3	1	obi-v02-n0143-ob-p0246	No stronger conservative family signal was detected.
fam-raw-iob3-339-a-b-bed-a	IOB3-339/a-b BED A	1	obi-v02-n0144-re-p0247	No stronger conservative family signal was detected.
fam-raw-iob3-341-bed-b-622-4	IOB3-341 BED B 622-4	1	obi-v03-n0010-ob-p0013	No stronger conservative family signal was detected.
fam-raw-iob3-342-b-bed-b-603-3	IOB3-342/b - BED B 603-3	1	obi-v02-n0145-tx-p0248	No stronger conservative family signal was detected.
fam-raw-iob3-343-b-a-4-bed-b-603-3	IOB3-343/b/a 4- BED B 603-3	1	obi-v02-n0145-tx-p0249	No stronger conservative family signal was detected.
fam-raw-iob3-344-a-b-bed-b-600-7	IOB3-344/a-b BED B 600-7	1	obi-v02-n0066-ob-p0140	No stronger conservative family signal was detected.
fam-raw-iob3-345-a-bed-b-600-7	IOB3-345/a BED B 600-7	1	obi-v02-n0067-ob-p0141	No stronger conservative family signal was detected.
fam-raw-iob3-345-b	IOB3-345/b	1	obi-v02-n0068-ob-p0142	No stronger conservative family signal was detected.
fam-raw-iob3-389-b-bed-b-622-4	IOB3-389/b BED B 622-4	1	obi-v03-n0093-ob-p0168	No stronger conservative family signal was detected.
fam-raw-iob3-460-a	IOB3-460/a	1	obi-v04-n0112-ob-p0181	No stronger conservative family signal was detected.
fam-raw-iob3-bed-b-622-4	IOB3- BED B 622-4	1	obi-v03-n0069-ob-p0114	No stronger conservative family signal was detected.
fam-raw-iob4-361-a	IOB4-361/a	1	obi-v01-n0002-tx-p0006	No stronger conservative family signal was detected.
fam-raw-iob4-361-b	IOB4-361/b	1	obi-v01-n0001-tx-p0002	No stronger conservative family signal was detected.
fam-raw-iob4-364-a	IOB4-364/a	1	obi-v01-n0002-tx-p0004	No stronger conservative family signal was detected.
fam-raw-iob4-364-b	IOB4-364/b	1	obi-v01-n0001-tx-p0001	No stronger conservative family signal was detected.
fam-raw-iob4-365-a-bed-b-533-2	IOB4-365/a BED B 533-2	1	obi-v01-n0201-re-p0342	No stronger conservative family signal was detected.
fam-raw-iob4-365-b-bed-b-552-3	IOB4-365/b BED B 552-3	1	obi-v01-n0030-ob-p0053	No stronger conservative family signal was detected.
fam-raw-iob4-365-c-bed-b-573-3	IOB4-365/c BED B 573-3	1	obi-v01-n0060-ob-p0096	No stronger conservative family signal was detected.
fam-raw-iob4-370	IOB4-370	1	obi-v01-n0064-ob-p0100	No stronger conservative family signal was detected.
fam-raw-iob4-371-a-bed-b-581-4	IOB4-371/a BED B 581-4	1	obi-v01-n0083-ob-p0128	No stronger conservative family signal was detected.
fam-raw-iob4-373-a-bed-b-593-4	IOB4-373/a BED B 593-4	1	obi-v01-n0137-ob-p0221	No stronger conservative family signal was detected.
fam-raw-iob4-375-bed-b-598-3	IOB4-375 BED B 598-3	1	obi-v01-n0167-ob-p0282	No stronger conservative family signal was detected.
fam-raw-iob4-376	IOB4-376	1	obi-v01-n0168-re-p0284	No stronger conservative family signal was detected.
fam-raw-iob4-377-a-bed-b-584-3	IOB4-377/a BED B 584-3	1	obi-v01-n0092-ob-p0139	No stronger conservative family signal was detected.
fam-raw-iob4-378-a-bed-b-609-3	IOB4-378/a BED B 609-3	1	obi-v02-n0048-ob-p0087	No stronger conservative family signal was detected.
fam-raw-iob4-378-b-bed-b-609-4	IOB4-378/b BED B 609-4	1	obi-v02-n0049-ob-p0088	No stronger conservative family signal was detected.
fam-raw-iob4-380-bed-b-611-4	IOB4-380 BED B 611-4	1	obi-v02-n0072-ob-p0148	No stronger conservative family signal was detected.
fam-raw-iob4-381-bed-b-622-4	IOB4-381 BED B 622-4	1	obi-v03-n0011-ob-p0014	No stronger conservative family signal was detected.
fam-raw-iob4-383-a-bed-b-623-1	IOB4-383/a BED B 623-1	1	obi-v03-n0023-ob-p0033	No stronger conservative family signal was detected.
fam-raw-iob4-383-b-bed-b-623-1	IOB4-383/b BED B 623-1	1	obi-v03-n0023-re-p0034	No stronger conservative family signal was detected.
fam-raw-iob4-384-bed-b-634-6	IOB4-384 BED B 634-6	1	obi-v03-n0051-ob-p0081	No stronger conservative family signal was detected.
fam-raw-iob4-385-a-bed-b-624-4	IOB4-385/a BED B 624-4	1	obi-v03-n0056-ob-p0090	No stronger conservative family signal was detected.
fam-raw-iob4-385-b-bed-b-624-4	IOB4-385/b BED B 624-4	1	obi-v03-n0056-re-p0091	No stronger conservative family signal was detected.
fam-raw-iob4-386-bed-b-637-5	IOB4-386 BED B 637-5	1	obi-v03-n0225-ob-p0360	No stronger conservative family signal was detected.
fam-raw-iob4-387-a-bed-b-623-1	IOB4-387/a BED B 623-1	1	obi-v03-n0225-re-p0362	No stronger conservative family signal was detected.
fam-raw-iob4-389-a-bed-b-622-4	IOB4-389/a BED B 622-4	1	obi-v03-n0090-re-p0161	No stronger conservative family signal was detected.
fam-raw-iob4-389-c-bed-b-622-4	IOB4-389/c BED B 622-4	1	obi-v03-n0101-re-p0176	No stronger conservative family signal was detected.
fam-raw-iob4-390	IOB4-390	1	obi-v04-n0116-ob-p0185	No stronger conservative family signal was detected.
fam-raw-iob4-391	IOB4-391	1	obi-v04-n0116-re-p0188	No stronger conservative family signal was detected.
fam-raw-iob4-392	IOB4-392	1	obi-v04-n0108-ob-p0172	No stronger conservative family signal was detected.
fam-raw-iob4-393	IOB4-393	1	obi-v04-n0108-re-p0175	No stronger conservative family signal was detected.
fam-raw-iob4-394-bed-b-622-6	IOB4-394 BED B 622-6	1	obi-v03-n0121-ob-p0205	No stronger conservative family signal was detected.
fam-raw-iob4-395-bed-b-622-6	IOB4-395 BED B 622-6	1	obi-v03-n0122-re-p0206	No stronger conservative family signal was detected.
fam-raw-iob4-396-a-bed-b-622-6	IOB4-396/a BED B 622-6	1	obi-v03-n0123-ob-p0209	No stronger conservative family signal was detected.
fam-raw-iob4-396-b-bed-b-622-6	IOB4-396/b BED B 622-6	1	obi-v03-n0123-re-p0210	No stronger conservative family signal was detected.
fam-raw-iob4-397-a-bed-b-622-6	IOB4-397/a BED B 622-6	1	obi-v03-n0124-ob-p0212	No stronger conservative family signal was detected.
fam-raw-iob4-397-b-bed-b-622-6	IOB4-397/b BED B 622-6	1	obi-v03-n0124-tx-p0213	No stronger conservative family signal was detected.
fam-raw-iob4-398-bed-b-622-6	IOB4-398 BED B 622-6	1	obi-v03-n0125-ob-p0214	No stronger conservative family signal was detected.
fam-raw-iob4-399-a-bed-b-622-6	IOB4-399/a BED B 622-6	1	obi-v03-n0126-ob-p0217	No stronger conservative family signal was detected.
fam-raw-iob4-399-b-bed-b-622-6	IOB4-399/b BED B 622-6	1	obi-v03-n0127-ob-p0218	No stronger conservative family signal was detected.
fam-raw-iob4-399-c-bed-b-622-6	IOB4-399/c BED B 622-6	1	obi-v03-n0129-ob-p0220	No stronger conservative family signal was detected.
fam-raw-iob4-399-c-bed-b-666-1a	IOB4-399/c BED B 666-1a	1	obi-v02-n0039-ob-p0074	No stronger conservative family signal was detected.
fam-raw-iob4-399-d-bed-b-651-1	IOB4-399/d BED B 651-1	1	obi-v03-n0130-ob-p0221	No stronger conservative family signal was detected.
fam-raw-iob4-400-a-bed-b-622-6	IOB4-400/a BED B 622-6	1	obi-v03-n0128-ob-p0218	No stronger conservative family signal was detected.
fam-raw-iob4-400-b-bed-b-622-6	IOB4-400/b BED B 622-6	1	obi-v03-n0128-re-p0219	No stronger conservative family signal was detected.
fam-raw-iob4-401-bed-b-622-6	IOB4-401 BED B 622-6	1	obi-v03-n0132-ob-p0225	No stronger conservative family signal was detected.
fam-raw-iob4-402-a	IOB4-402/a	1	obi-v01-n0206-ob-p0350	No stronger conservative family signal was detected.
fam-raw-iob4-402-b-bed-b-567-7	IOB4-402/b BED B 567-7	1	obi-v01-n0206-re-p0351	No stronger conservative family signal was detected.
fam-raw-iob4-403-a-bed-b-622-6	IOB4-403/a BED B 622-6	1	obi-v03-n0133-ob-p0227	No stronger conservative family signal was detected.
fam-raw-iob4-403-b-bed-b-622-4	IOB4-403/b BED B 622-4	1	obi-v03-n0105-ob-p0183	No stronger conservative family signal was detected.
fam-raw-iob4-404-bed-b-623-1	IOB4-404 BED B 623-1	1	obi-v03-n0198-tx-p0322	No stronger conservative family signal was detected.
fam-raw-iob4-405-a-bed-b-622-6	IOB4-405/a BED B 622-6	1	obi-v03-n0134-tx-p0228	No stronger conservative family signal was detected.
fam-raw-iob4-405-b-bed-b-622-6	IOB4-405/b} BED B 622-6	1	obi-v03-n0134-tx-p0229	No stronger conservative family signal was detected.
fam-raw-iob4-405-c-bed-b-622-6	IOB4-405/c} BED B 622-6	1	obi-v03-n0134-tx-p0230	No stronger conservative family signal was detected.
fam-raw-iob4-405-d-bed-b-622-6	IOB4-405/d BED B 622-6	1	obi-v03-n0143-ob-p0242	No stronger conservative family signal was detected.
fam-raw-iob4-406-a-bed-b-622-6	IOB4-406/a BED B 622-6	1	obi-v03-n0137-ob-p0234	No stronger conservative family signal was detected.
fam-raw-iob4-406-b-bed-b-622-6	IOB4-406/b BED B 622-6	1	obi-v03-n0138-ob-p0235	No stronger conservative family signal was detected.
fam-raw-iob4-407-b-bed-b-622-6	IOB4-407/b BED B 622-6	1	obi-v03-n0140-ob-p0237	No stronger conservative family signal was detected.
fam-raw-iob4-408-bed-b-622-6	IOB4-408 BED B 622-6	1	obi-v03-n0141-ob-p0238	No stronger conservative family signal was detected.
fam-raw-iob4-409-a-bed-b-622-6	IOB4-409/a BED B 622-6	1	obi-v03-n0142-ob-p0240	No stronger conservative family signal was detected.
fam-raw-iob4-409-b-bed-b-622-6	IOB4-409/b BED B 622-6	1	obi-v03-n0142-re-p0241	No stronger conservative family signal was detected.
fam-raw-iob4-411-bed-b-624-6	IOB4-411 BED B 624-6	1	obi-v03-n0168-ob-p0283	No stronger conservative family signal was detected.
fam-raw-iob4-412-a-bed-b-622-6	IOB4-412/a BED B 622-6	1	obi-v03-n0145-ob-p0245	No stronger conservative family signal was detected.
fam-raw-iob4-412-b-bed-b-622-6	IOB4-412/b BED B 622-6	1	obi-v03-n0146-ob-p0246	No stronger conservative family signal was detected.
fam-raw-iob4-413-bed-b-622-6	IOB4-413 BED B 622-6	1	obi-v03-n0147-ob-p0247	No stronger conservative family signal was detected.
fam-raw-iob4-414-a-bed-b-622-6	IOB4-414/a BED B 622-6	1	obi-v03-n0149-ob-p0251	No stronger conservative family signal was detected.
fam-raw-iob4-414-b-bed-b-622-6	IOB4-414/b BED B 622-6	1	obi-v03-n0176-ob-p0298	No stronger conservative family signal was detected.
fam-raw-iob4-415-bed-b-622-6	IOB4-415 BED B 622-6	1	obi-v03-n0150-ob-p0252	No stronger conservative family signal was detected.
fam-raw-iob4-416-a-bed-b-622-6	IOB4-416/a BED B 622-6	1	obi-v03-n0152-ob-p0254	No stronger conservative family signal was detected.
fam-raw-iob4-416-b-bed-b-622-6	IOB4-416/b BED B 622-6	1	obi-v03-n0155-ob-p0259	No stronger conservative family signal was detected.
fam-raw-iob4-416-c-bed-b-622-6	IOB4-416/c BED B 622-6	1	obi-v03-n0156-ob-p0259	No stronger conservative family signal was detected.
fam-raw-iob4-417-bed-b-622-6	IOB4-417 BED B 622-6	1	obi-v03-n0153-ob-p0255	No stronger conservative family signal was detected.
fam-raw-iob4-419-a-bed-b-622-6	IOB4-419/a BED B 622-6	1	obi-v03-n0157-ob-p0260	No stronger conservative family signal was detected.
fam-raw-iob4-419-b-bed-b-622-6	IOB4-419/b BED B 622-6	1	obi-v03-n0158-ob-p0261	No stronger conservative family signal was detected.
fam-raw-iob4-420-a-bed-b-623-1	IOB4-420/a BED B 623-1	1	obi-v03-n0197-ob-p0320	No stronger conservative family signal was detected.
fam-raw-iob4-420-b-bed-b-623-1	IOB4-420/b BED B 623-1	1	obi-v03-n0197-re-p0321	No stronger conservative family signal was detected.
fam-raw-iob4-421-a-bed-b-622-4	IOB4-421/a BED B 622-4	1	obi-v03-n0083-ob-p0139	No stronger conservative family signal was detected.
fam-raw-iob4-423-bed-b-622-6	IOB4-423 BED B 622-6	1	obi-v03-n0159-ob-p0264	No stronger conservative family signal was detected.
fam-raw-iob4-424-bed-b-622-6	IOB4-424 BED B 622-6	1	obi-v03-n0159-re-p0268	No stronger conservative family signal was detected.
fam-raw-iob4-425-a-bed-b-622-6	IOB4-425/a BED B 622-6	1	obi-v03-n0162-ob-p0274	No stronger conservative family signal was detected.
fam-raw-iob4-425-b-bed-b-622-6	IOB4-425/b BED B 622-6	1	obi-v03-n0163-ob-p0275	No stronger conservative family signal was detected.
fam-raw-iob4-426-bed-b-622-6	IOB4-426 BED B 622-6	1	obi-v03-n0164-ob-p0276	No stronger conservative family signal was detected.
fam-raw-iob4-427-b-bed-b-622-6	IOB4-427/b BED B 622-6	1	obi-v03-n0139-re-p0236	No stronger conservative family signal was detected.
fam-raw-iob4-428-bed-b-622-6	IOB4-428 BED B 622-6	1	obi-v03-n0167-ob-p0282	No stronger conservative family signal was detected.
fam-raw-iob4-429-bed-b-622-6	IOB4-429 BED B 622-6	1	obi-v03-n0169-ob-p0285	No stronger conservative family signal was detected.
fam-raw-iob4-430-bed-b-622-6	IOB4-430 BED B 622-6	1	obi-v03-n0169-re-p0287	No stronger conservative family signal was detected.
fam-raw-iob4-431-a-bed-b-622-6	IOB4-431/a BED B 622-6	1	obi-v03-n0171-ob-p0290	No stronger conservative family signal was detected.
fam-raw-iob4-431-b-bed-b-622-6	IOB4-431/b BED B 622-6	1	obi-v03-n0171-re-p0291	No stronger conservative family signal was detected.
fam-raw-iob4-432-a-bed-b-622-6	IOB4-432/a BED B 622-6	1	obi-v03-n0174-ob-p0296	No stronger conservative family signal was detected.
fam-raw-iob4-432-b-bed-b-622-6	IOB4-432/b BED B 622-6	1	obi-v03-n0177-ob-p0299	No stronger conservative family signal was detected.
fam-raw-iob4-433-a	IOB4-433/a	1	obi-v04-n0001-ob-p0001	No stronger conservative family signal was detected.
fam-raw-iob4-433-b	IOB4-433/b	1	obi-v04-n0001-re-p0002	No stronger conservative family signal was detected.
fam-raw-iob4-434-b-bed-b-622-6	IOB4-434/b BED B 622-6	1	obi-v03-n0178-ob-p0299	No stronger conservative family signal was detected.
fam-raw-iob4-435-a-bed-b-623-1	IOB4-435/a BED B 623-1	1	obi-v03-n0179-ob-p0300	No stronger conservative family signal was detected.
fam-raw-iob4-435-b-bed-b-623-1	IOB4-435/b BED B 623-1	1	obi-v03-n0180-ob-p0301	No stronger conservative family signal was detected.
fam-raw-iob4-436-a-bed-b-623-1	IOB4-436/a BED B 623-1	1	obi-v03-n0181-re-p0302	No stronger conservative family signal was detected.
fam-raw-iob4-436-b-bed-b-623-1	IOB4-436/b BED B 623-1	1	obi-v03-n0186-ob-p0308	No stronger conservative family signal was detected.
fam-raw-iob4-437-b-bed-b-623-1	IOB4-437/b BED B 623-1	1	obi-v03-n0183-ob-p0305	No stronger conservative family signal was detected.
fam-raw-iob4-438-a-bed-b-623-1	IOB4-438/a BED B 623-1	1	obi-v03-n0184-ob-p0306	No stronger conservative family signal was detected.
fam-raw-iob4-438-b-bed-b-623-1	IOB4-438/b BED B 623-1	1	obi-v03-n0185-ob-p0307	No stronger conservative family signal was detected.
fam-raw-iob4-439-a-bed-b-623-1	IOB4-439/a BED B 623-1	1	obi-v03-n0188-ob-p0310	No stronger conservative family signal was detected.
fam-raw-iob4-439-b-bed-b-623-1	IOB4-439/b BED B 623-1	1	obi-v03-n0188-re-p0311	No stronger conservative family signal was detected.
fam-raw-iob4-440-a-bed-b-623-1	IOB4-440/a BED B 623-1	1	obi-v03-n0190-ob-p0312	No stronger conservative family signal was detected.
fam-raw-iob4-440-b-bed-b-623-1	IOB4-440/b BED B 623-1	1	obi-v03-n0191-ob-p0313	No stronger conservative family signal was detected.
fam-raw-iob4-440-c-bed-b-623-1	IOB4-440/c BED B 623-1	1	obi-v03-n0191-re-p0314	No stronger conservative family signal was detected.
fam-raw-iob4-441-a-bed-b-623-1	IOB4-441/a BED B 623-1	1	obi-v03-n0193-ob-p0315	No stronger conservative family signal was detected.
fam-raw-iob4-441-b-bed-b-623-1	IOB4-441/b BED B 623-1	1	obi-v03-n0199-ob-p0324	No stronger conservative family signal was detected.
fam-raw-iob4-442-a-bed-b-623-1	IOB4-442/a BED B 623-1	1	obi-v03-n0194-ob-p0317	No stronger conservative family signal was detected.
fam-raw-iob4-442-b-bed-b-623-1	IOB4-442/b BED B 623-1	1	obi-v03-n0195-ob-p0318	No stronger conservative family signal was detected.
fam-raw-iob4-443-bed-b-622-6	IOB4-443 BED B 622-6	1	obi-v03-n0173-ob-p0293	No stronger conservative family signal was detected.
fam-raw-iob4-444-a-bed-b-622-6	IOB4-444/a BED B 622-6	1	obi-v03-n0173-re-p0295	No stronger conservative family signal was detected.
fam-raw-iob4-444-b-bed-b-623-1	IOB4-444/b BED B 623-1	1	obi-v03-n0200-ob-p0325	No stronger conservative family signal was detected.
fam-raw-iob4-445-a-bed-b-623-1	IOB4-445/a BED B 623-1	1	obi-v03-n0196-ob-p0319	No stronger conservative family signal was detected.
fam-raw-iob4-445-b-bed-b-623-1	IOB4-445/b BED B 623-1	1	obi-v03-n0201-ob-p0327	No stronger conservative family signal was detected.
fam-raw-iob4-445-c-bed-b-623-1	IOB4-445/c BED B 623-1	1	obi-v03-n0201-re-p0330	No stronger conservative family signal was detected.
fam-raw-iob4-446-b-bed-b-623-1	IOB4 446/b BED B 623-1	1	obi-v03-n0203-tx-p0331	No stronger conservative family signal was detected.
fam-raw-iob4-446-c-bed-b-623-1	IOB4-446/c BED B 623-1	1	obi-v03-n0204-ob-p0332	No stronger conservative family signal was detected.
fam-raw-iob4-447-bed-b-623-1	IOB4-447 BED B 623-1	1	obi-v03-n0205-ob-p0333	No stronger conservative family signal was detected.
fam-raw-iob4-448-a-bed-b-623-1	IOB4-448/a BED B 623-1	1	obi-v03-n0206-ob-p0335	No stronger conservative family signal was detected.
fam-raw-iob4-448-b-bed-b-623-1	IOB4-448/b BED B 623-1	1	obi-v03-n0207-ob-p0336	No stronger conservative family signal was detected.
fam-raw-iob4-448-c-bed-b-623-1	IOB4-448/c BED B 623-1	1	obi-v03-n0207-re-p0337	No stronger conservative family signal was detected.
fam-raw-iob4-449-bed-b-623-1	IOB4-449 BED B 623-1	1	obi-v03-n0208-ob-p0337	No stronger conservative family signal was detected.
fam-raw-iob4-450-a-bed-b-623-1	IOB4-450/a BED B 623-1	1	obi-v03-n0210-ob-p0341	No stronger conservative family signal was detected.
fam-raw-iob4-450-b-bed-b-623-1	IOB4-450/b BED B 623-1	1	obi-v03-n0211-ob-p0342	No stronger conservative family signal was detected.
fam-raw-iob4-451-bed-b-623-1	IOB4-451 BED B 623-1	1	obi-v03-n0212-ob-p0343	No stronger conservative family signal was detected.
fam-raw-iob4-452-a-bed-b-623-1	IOB4-452/a BED B 623-1	1	obi-v03-n0212-re-p0345	No stronger conservative family signal was detected.
fam-raw-iob4-452-b-bed-b-623-1	IOB4-452/b BED B 623-1	1	obi-v03-n0213-ob-p0345	No stronger conservative family signal was detected.
fam-raw-iob4-453-a-bed-b-623-1	IOB4-453/a BED B 623-1	1	obi-v03-n0214-ob-p0347	No stronger conservative family signal was detected.
fam-raw-iob4-454-a-bed-b-623-1	IOB4-454/a BED B 623-1	1	obi-v03-n0215-ob-p0348	No stronger conservative family signal was detected.
fam-raw-iob4-454-b-bed-b-623-1	IOB4-454/b BED B 623-1	1	obi-v03-n0215-re-p0350	No stronger conservative family signal was detected.
fam-raw-iob4-455-a-bed-b-623-1	IOB4-455/a BED B 623-1	1	obi-v03-n0216-ob-p0351	No stronger conservative family signal was detected.
fam-raw-iob4-455-b-bed-b-623-1	IOB4-455/b BED B 623-1	1	obi-v03-n0222-ob-p0357	No stronger conservative family signal was detected.
fam-raw-iob4-456-a	IOB4-456/a	2	obi-v02-n0090-ob-p0178 | obi-v05-n0018-ob-p0061	No stronger conservative family signal was detected.
fam-raw-iob4-456-a-bed-b-623-1	IOB4-456/a BED B 623-1	1	obi-v03-n0223-ob-p0358	No stronger conservative family signal was detected.
fam-raw-iob4-456-b-bed-b-623-1	IOB4-456/b BED B 623-1	1	obi-v03-n0224-ob-p0359	No stronger conservative family signal was detected.
fam-raw-iob4-457-a-bed-b-623-1	IOB4-457/a BED B 623-1	1	obi-v03-n0226-ob-p0363	No stronger conservative family signal was detected.
fam-raw-iob4-457-b	IOB4-457/b	1	obi-v04-n0008-ob-p0012	No stronger conservative family signal was detected.
fam-raw-iob4-458	IOB4-458	1	obi-v04-n0037-ob-p0061	No stronger conservative family signal was detected.
fam-raw-iob4-458-bed-b-623-1	IOB4-458 BED B 623-1	1	obi-v03-n0227-ob-p0364	No stronger conservative family signal was detected.
fam-raw-iob4-459-b	IOB4-459/b	1	obi-v04-n0028-ob-p0042	No stronger conservative family signal was detected.
fam-raw-iob4-460-b	IOB4-460/b	1	obi-v04-n0013-ob-p0017	No stronger conservative family signal was detected.
fam-raw-iob4-461-a	IOB4-461/a	1	obi-v04-n0014-ob-p0018	No stronger conservative family signal was detected.
fam-raw-iob4-461-b	IOB4-461/b	1	obi-v04-n0015-ob-p0019	No stronger conservative family signal was detected.
fam-raw-iob4-462-a	IOB4-462/a	1	obi-v04-n0012-ob-p0016	No stronger conservative family signal was detected.
fam-raw-iob4437-a-bed-b-623-1	IOB4437/a BED B 623-1	1	obi-v03-n0182-ob-p0304	No stronger conservative family signal was detected.
fam-raw-iob5	IOB5-	1	obi-v04-n0036-re-p0059	No stronger conservative family signal was detected.
fam-raw-iob5-302-c-bed-b-600-7	IOB5-302/c BED B 600-7	1	obi-v02-n0008-re-p0013	No stronger conservative family signal was detected.
fam-raw-iob5-463-bed-b-703-1	IOB5-463 BED B 703-1	1	obi-v04-n0022-ob-p0029	No stronger conservative family signal was detected.
fam-raw-iob5-464-a-bed-b-703-2	IOB5-464/a BED B 703-2	1	obi-v04-n0024-ob-p0036	No stronger conservative family signal was detected.
fam-raw-iob5-464-b	IOB5-464/b	1	obi-v04-n0021-ob-p0028	No stronger conservative family signal was detected.
fam-raw-iob5-465-a-bed-b-645-2	IOB5-465/a BED B 645-2	1	obi-v04-n0020-ob-p0026	No stronger conservative family signal was detected.
fam-raw-iob5-465-b	IOB5-465/b	1	obi-v04-n0020-re-p0027	No stronger conservative family signal was detected.
fam-raw-iob5-466-a	IOB5-466/a	1	obi-v04-n0019-ob-p0024	No stronger conservative family signal was detected.
fam-raw-iob5-466-b	IOB5-466/b	1	obi-v04-n0019-re-p0025	No stronger conservative family signal was detected.
fam-raw-iob5-467-a	IOB5-467/a	1	obi-v04-n0017-ob-p0022	No stronger conservative family signal was detected.
fam-raw-iob5-467-b	IOB5-467/b	1	obi-v04-n0018-ob-p0023	No stronger conservative family signal was detected.
fam-raw-iob5-467-c	IOB5-467/c	1	obi-v04-n0027-ob-p0041	No stronger conservative family signal was detected.
fam-raw-iob5-467-d	IOB5-467/d	1	obi-v04-n0026-ob-p0040	No stronger conservative family signal was detected.
fam-raw-iob5-469-a	IOB5-469/a	1	obi-v04-n0029-ob-p0044	No stronger conservative family signal was detected.
fam-raw-iob5-469-b	IOB5-469/b	1	obi-v04-n0029-re-p0046	No stronger conservative family signal was detected.
fam-raw-iob5-470-a	IOB5-470/a	1	obi-v04-n0033-ob-p0054	No stronger conservative family signal was detected.
fam-raw-iob5-470-b	IOB5-470/b	1	obi-v04-n0031-ob-p0049	No stronger conservative family signal was detected.
fam-raw-iob5-471	IOB5-471	1	obi-v04-n0032-ob-p0050	No stronger conservative family signal was detected.
fam-raw-iob5-472	IOB5-472	1	obi-v04-n0032-re-p0052	No stronger conservative family signal was detected.
fam-raw-iob5-473-a	IOB5-473/a	1	obi-v04-n0072-ob-p0112	No stronger conservative family signal was detected.
fam-raw-iob5-473-b	IOB5-473/b	1	obi-v04-n0072-re-p0113	No stronger conservative family signal was detected.
fam-raw-iob5-474	IOB5-474	1	obi-v04-n0035-ob-p0056	No stronger conservative family signal was detected.
fam-raw-iob5-475	IOB5-475	1	obi-v04-n0035-re-p0058	No stronger conservative family signal was detected.
fam-raw-iob5-477-a	IOB5-477/a	1	obi-v04-n0006-ob-p0008	No stronger conservative family signal was detected.
fam-raw-iob5-477-b	IOB5-477/b	1	obi-v04-n0058-ob-p0088	No stronger conservative family signal was detected.
fam-raw-iob5-478	IOB5-478	1	obi-v04-n0038-ob-p0062	No stronger conservative family signal was detected.
fam-raw-iob5-479-bed-b-578-5	IOB5-479 BED B 578-5	1	obi-v04-n0039-ob-p0064	No stronger conservative family signal was detected.
fam-raw-iob5-480-a-bed-b-565-1	IOB5-480/a BED B 565-1	1	obi-v04-n0039-re-p0065	No stronger conservative family signal was detected.
fam-raw-iob5-480-c	IOB5-480/c	1	obi-v04-n0039-tx-p0067	No stronger conservative family signal was detected.
fam-raw-iob5-481-a-bed-b-635-6	IOB5-481/a BED B 635-6	1	obi-v04-n0044-ob-p0073	No stronger conservative family signal was detected.
fam-raw-iob5-482-a	IOB5-482/a	1	obi-v04-n0045-re-p0074	No stronger conservative family signal was detected.
fam-raw-iob5-482-b	IOB5-482/b	1	obi-v04-n0049-ob-p0079	No stronger conservative family signal was detected.
fam-raw-iob5-483-b	IOB5-483/b	1	obi-v04-n0042-re-p0071	No stronger conservative family signal was detected.
fam-raw-iob5-485-a	IOB5-485/a	1	obi-v04-n0048-ob-p0077	No stronger conservative family signal was detected.
fam-raw-iob5-485-b	IOB5-485/b	1	obi-v04-n0047-ob-p0076	No stronger conservative family signal was detected.
fam-raw-iob5-486-b	IOB5-486/b	1	obi-v04-n0052-ob-p0082	No stronger conservative family signal was detected.
fam-raw-iob5-488-a	IOB5-488/a	1	obi-v04-n0054-ob-p0084	No stronger conservative family signal was detected.
fam-raw-iob5-491	IOB5-491	1	obi-v04-n0055-ob-p0085	No stronger conservative family signal was detected.
fam-raw-iob5-497	IOB5-497	1	obi-v04-n0059-ob-p0089	No stronger conservative family signal was detected.
fam-raw-iob5-499-a	IOB5-499/a	1	obi-v04-n0062-ob-p0095	No stronger conservative family signal was detected.
fam-raw-iob5-499-b	IOB5-499/b	1	obi-v04-n0060-ob-p0092	No stronger conservative family signal was detected.
fam-raw-iob5-499-c	IOB5-499/c	1	obi-v04-n0063-ob-p0096	No stronger conservative family signal was detected.
fam-raw-iob5-499-d	IOB5-499/d	1	obi-v04-n0057-ob-p0087	No stronger conservative family signal was detected.
fam-raw-iob5-501	IOB5-501	1	obi-v04-n0064-ob-p0097	No stronger conservative family signal was detected.
fam-raw-iob5-502	IOB5-502	1	obi-v04-n0064-re-p0098	No stronger conservative family signal was detected.
fam-raw-iob5-509-bed-b-628-9	IOB5-509 BED B 628-9	1	obi-v04-n0066-ob-p0102	No stronger conservative family signal was detected.
fam-raw-iob5-510	IOB5-510	1	obi-v04-n0066-re-p0105	No stronger conservative family signal was detected.
fam-raw-iob5-512-b	IOB5-512/b	1	obi-v04-n0065-re-p0101	No stronger conservative family signal was detected.
fam-raw-iob5-514-a	IOB5-514/a	1	obi-v04-n0068-ob-p0108	No stronger conservative family signal was detected.
fam-raw-iob5-514-b	IOB5-514/b	1	obi-v04-n0068-re-p0108	No stronger conservative family signal was detected.
fam-raw-iob5-517-a	IOB5-517/a	1	obi-v04-n0069-ob-p0109	No stronger conservative family signal was detected.
fam-raw-iob5-524-a	IOB5-524/a	1	obi-v04-n0073-ob-p0114	No stronger conservative family signal was detected.
fam-raw-iob5-524-b	IOB5-524/b	1	obi-v04-n0073-re-p0115	No stronger conservative family signal was detected.
fam-raw-iob5-525-a	IOB5-525/a	1	obi-v04-n0075-ob-p0118	No stronger conservative family signal was detected.
fam-raw-iob5-525-b	IOB5-525/b	1	obi-v04-n0074-ob-p0117	No stronger conservative family signal was detected.
fam-raw-iob5-530	IOB5-530	1	obi-v04-n0078-ob-p0121	No stronger conservative family signal was detected.
fam-raw-iob5-541-a	IOB5-541/a	1	obi-v04-n0084-tx-p0130	No stronger conservative family signal was detected.
fam-raw-iob5-541-b	IOB5-541/b	1	obi-v04-n0084-tx-p0132	No stronger conservative family signal was detected.
fam-raw-iob5-541-c	IOB5-541/c	1	obi-v04-n0084-tx-p0133	No stronger conservative family signal was detected.
fam-raw-iob5-541-d	IOB5-541/d	1	obi-v04-n0084-tx-p0131	No stronger conservative family signal was detected.
fam-raw-iob5-542	IOB5-542	2	obi-v04-n0083-ob-p0129 | obi-v04-n0085-ob-p0135	No stronger conservative family signal was detected.
fam-raw-iob5-543-a-bed-b-675-1	IOB5-543/a BED B 675-1	1	obi-v04-n0092-ob-p0147	No stronger conservative family signal was detected.
fam-raw-iob5-543-b	IOB5-543/b	1	obi-v04-n0094-tx-p0150	No stronger conservative family signal was detected.
fam-raw-iob5-544-a	IOB5-544/a	1	obi-v04-n0086-ob-p0136	No stronger conservative family signal was detected.
fam-raw-iob5-544-b	IOB5-544/b	1	obi-v04-n0093-ob-p0149	No stronger conservative family signal was detected.
fam-raw-iob5-545-a	IOB5-545/a	1	obi-v04-n0089-ob-p0140	No stronger conservative family signal was detected.
fam-raw-iob5-545-b	IOB5-545/b	1	obi-v04-n0089-re-p0142	No stronger conservative family signal was detected.
fam-raw-iob5-546	IOB5-546	1	obi-v04-n0090-ob-p0144	No stronger conservative family signal was detected.
fam-raw-iob5-547-a	IOB5-547/a	1	obi-v04-n0096-ob-p0153	No stronger conservative family signal was detected.
fam-raw-iob5-547-b	IOB5-547/b	1	obi-v04-n0096-tx-p0154	No stronger conservative family signal was detected.
fam-raw-iob5-563-a-bed-b-602-4	IOB5-563/a BED B 602-4	1	obi-v02-n0107-ob-p0203	No stronger conservative family signal was detected.
fam-raw-iob5-565-a-bed-a	IOB5-565/a BED A	1	obi-v04-n0146-ob-p0251	No stronger conservative family signal was detected.
fam-raw-iob5-571-a-bed-a	IOB5-571/a BED A	1	obi-v03-n0030-ob-p0048	No stronger conservative family signal was detected.
fam-raw-iob5-571-b-bed-b-537-2	IOB5-571/b BED B 537-2	1	obi-v01-n0203-ob-p0344	No stronger conservative family signal was detected.
fam-raw-iob5-572-a-bed-b-602-4	IOB5-572/a BED B 602-4	1	obi-v02-n0112-ob-p0209	No stronger conservative family signal was detected.
fam-raw-iob5-573-a-bed-b-602-4	IOB5-573/a BED B 602-4	1	obi-v02-n0111-ob-p0207	No stronger conservative family signal was detected.
fam-raw-iob5-573-b-bed-b-602-5	IOB5-573/b BED B 602-5	1	obi-v02-n0116-ob-p0212	No stronger conservative family signal was detected.
fam-raw-iob5-574-a-bed-b-582-4	IOB5-574/a BED B 582-4	1	obi-v05-n0044-ob-p0111	No stronger conservative family signal was detected.
fam-raw-iob5-574-b	IOB5-574/b	1	obi-v01-n0118-ob-p0190	No stronger conservative family signal was detected.
fam-raw-iob5-575-bed-b-602-5	IOB5-575 BED B 602-5	1	obi-v02-n0114-ob-p0211	No stronger conservative family signal was detected.
fam-raw-iob5-576-a-bed-b-602-4	IOB5-576/a BED B 602-4	1	obi-v02-n0110-ob-p0206	No stronger conservative family signal was detected.
fam-raw-iob5-576-b-15-bed-b-602-4	IOB5-576/b 15 BED B 602-4	1	obi-v02-n0110-re-p0207	No stronger conservative family signal was detected.
fam-raw-iob5-577-bed-b-600-7	IOB5-577 BED B 600-7	1	obi-v02-n0069-ob-p0143	No stronger conservative family signal was detected.
fam-raw-iob5-577-bed-b-602-1	IOB5-577 BED B 602-1	1	obi-v02-n0072-ob-p0151	No stronger conservative family signal was detected.
fam-raw-iob5-578-a-bed-b-600-7	IOB5-578/a BED B 600-7	1	obi-v02-n0086-re-p0175	No stronger conservative family signal was detected.
fam-raw-iob5-578-b-bed-b-600-7	IOB5-578/b BED B 600-7	1	obi-v02-n0102-ob-p0195	No stronger conservative family signal was detected.
fam-raw-iob5-581-b-bed-b-559-5	IOB5-581/b BED B 559-5	1	obi-v01-n0040-ob-p0064	No stronger conservative family signal was detected.
fam-raw-iob5-583-bed-b-622-6	IOB5-583 BED B 622-6	1	obi-v03-n0165-ob-p0279	No stronger conservative family signal was detected.
fam-raw-iob5-584-bed-b-622-6	IOB5-584 BED B 622-6	1	obi-v03-n0165-re-p0280	No stronger conservative family signal was detected.
fam-raw-iob5-587-a-bed-b-624-1	IOB5-587/a BED B 624-1	1	obi-v03-n0032-tx-p0051	No stronger conservative family signal was detected.
fam-raw-iob5-587-b	IOB5-587/b	1	obi-v04-n0056-ob-p0086	No stronger conservative family signal was detected.
fam-raw-iob5-588	IOB5-588	1	obi-v04-n0129-ob-p0212	No stronger conservative family signal was detected.
fam-raw-iob5-589	IOB5-589	1	obi-v04-n0129-re-p0214	No stronger conservative family signal was detected.
fam-raw-iob5-590	IOB5-590	1	obi-v04-n0080-tx-p0124	No stronger conservative family signal was detected.
fam-raw-iob5-591-a	IOB5-591/a	1	obi-v04-n0082-ob-p0127	No stronger conservative family signal was detected.
fam-raw-iob5-591-b	IOB5-591/b	1	obi-v04-n0082-re-p0128	No stronger conservative family signal was detected.
fam-raw-iob5-592-a	IOB5-592/a	1	obi-v04-n0087-ob-p0138	No stronger conservative family signal was detected.
fam-raw-iob5-593-a-bed-b-539-1	IOB5-593/a BED B 539-1	1	obi-v04-n0104-ob-p0163	No stronger conservative family signal was detected.
fam-raw-iob5-593-b	IOB5-593/b	1	obi-v04-n0104-tx-p0164	No stronger conservative family signal was detected.
fam-raw-iob5-597	IOB5-597/	1	obi-v04-n0123-tx-p0201	No stronger conservative family signal was detected.
fam-raw-iob5-597-c	IOB5-597/c	1	obi-v04-n0123-ob-p0201	No stronger conservative family signal was detected.
fam-raw-iob5-597-d	IOB5-597/d	1	obi-v04-n0123-re-p0201	No stronger conservative family signal was detected.
fam-raw-iob5-599-d	IOB5-599/d +	1	obi-v02-n0138-tx-p0240	No stronger conservative family signal was detected.
fam-raw-iob5498-9	IOB5498 9	1	obi-v04-n0059-re-p0090	No stronger conservative family signal was detected.
fam-raw-iub1	IUB1 p.140	1	obi-v06-n0036-tx-p0141	No stronger conservative family signal was detected.
fam-raw-iub1-103	IUB1-103	1	obi-v05-n0012-ob-p0046	No stronger conservative family signal was detected.
fam-raw-iub1-106-2-3	IUB1-106-2-3	1	obi-v05-n0012-re-p0048	No stronger conservative family signal was detected.
fam-raw-iub1-120	IUB1-120	1	obi-v05-n0016-ob-p0054	No stronger conservative family signal was detected.
fam-raw-iub1-123	IUB1-123	1	obi-v05-n0016-re-p0056	No stronger conservative family signal was detected.
fam-raw-iub1-125	IUB1-125,	1	obi-v05-n0021-ob-p0065	No stronger conservative family signal was detected.
fam-raw-iub1-126-1002	IUB1-126-1002	1	obi-v05-n0048-ob-p0117	No stronger conservative family signal was detected.
fam-raw-iub1-13-14	IUB1-13-14	1	obi-v03-n0186-ob-p0308	No stronger conservative family signal was detected.
fam-raw-iub1-146	IUB1-146	1	obi-v05-n0008-re-p0019	No stronger conservative family signal was detected.
fam-raw-iub1-149	IUB1-149	1	obi-v04-n0096-tx-p0154	No stronger conservative family signal was detected.
fam-raw-iub1-168	IUB1-168	1	obi-v02-n0106-ob-p0202	No stronger conservative family signal was detected.
fam-raw-iub1-173	IUB1-173	1	obi-v01-n0207-ob-p0352	No stronger conservative family signal was detected.
fam-raw-iub1-174	IUB1-174	1	obi-v01-n0045-ob-p0073	No stronger conservative family signal was detected.
fam-raw-iub1-175	IUB1 175	1	obi-v02-n0002-ob-p0003	No stronger conservative family signal was detected.
fam-raw-iub1-176	IUB1-176	1	obi-v01-n0059-ob-p0093	No stronger conservative family signal was detected.
fam-raw-iub1-177	IUB1-177	1	obi-v01-n0059-re-p0095	No stronger conservative family signal was detected.
fam-raw-iub1-181	IUB1-181	1	obi-v01-n0105-ob-p0173	No stronger conservative family signal was detected.
fam-raw-iub1-183	IUB1-183	1	obi-v01-n0126-re-p0206	No stronger conservative family signal was detected.
fam-raw-iub1-186	IUB1-186	1	obi-v02-n0056-ob-p0104	No stronger conservative family signal was detected.
fam-raw-iub1-189	IUB1-189	1	obi-v02-n0056-re-p0108	No stronger conservative family signal was detected.
fam-raw-iub1-191-192-bed-b-597-8	IUB1-191, 192 BED B 597-8	1	obi-v01-n0159-ob-p0265	No stronger conservative family signal was detected.
fam-raw-iub1-193-194	IUB1-193-194	1	obi-v02-n0082-ob-p0168	No stronger conservative family signal was detected.
fam-raw-iub1-195-196	IUB1-195-196	1	obi-v01-n0174-ob-p0298	No stronger conservative family signal was detected.
fam-raw-iub1-197	IUB1-197	1	obi-v01-n0174-re-p0300	No stronger conservative family signal was detected.
fam-raw-iub1-198-199	IUB1-198, 199	1	obi-v01-n0166-ob-p0278	No stronger conservative family signal was detected.
fam-raw-iub1-200	IUB1-200	1	obi-v01-n0166-re-p0281	No stronger conservative family signal was detected.
fam-raw-iub1-201-202	IUB1-201-202	1	obi-v01-n0184-ob-p0316	No stronger conservative family signal was detected.
fam-raw-iub1-203	IUB1-203	1	obi-v02-n0084-ob-p0172	No stronger conservative family signal was detected.
fam-raw-iub1-204	IUB1-204	1	obi-v02-n0104-ob-p0197	No stronger conservative family signal was detected.
fam-raw-iub1-205	IUB1-205,	1	obi-v03-n0018-ob-p0025	No stronger conservative family signal was detected.
fam-raw-iub1-206	IUB1-206	1	obi-v02-n0088-ob-p0176	No stronger conservative family signal was detected.
fam-raw-iub1-207	IUB1-207	1	obi-v03-n0074-ob-p0122	No stronger conservative family signal was detected.
fam-raw-iub1-209-211	IUB1-209-211	1	obi-v02-n0105-ob-p0198	No stronger conservative family signal was detected.
fam-raw-iub1-212	IUB1-212	2	obi-v03-n0044-re-p0072 | obi-v04-n0133-re-p0219	No stronger conservative family signal was detected.
fam-raw-iub1-213	IUB1-213	1	obi-v03-n0063-ob-p0103	No stronger conservative family signal was detected.
fam-raw-iub1-216	IUB1-216	1	obi-v03-n0063-re-p0106	No stronger conservative family signal was detected.
fam-raw-iub1-219-220	IUB1-219-220	1	obi-v03-n0040-ob-p0066	No stronger conservative family signal was detected.
fam-raw-iub1-222-223	IUB1-222-223	1	obi-v03-n0025-ob-p0037	No stronger conservative family signal was detected.
fam-raw-iub1-224	IUB1-224	1	obi-v03-n0025-re-p0038	No stronger conservative family signal was detected.
fam-raw-iub1-225-304	IUB1-225 & 304	1	obi-v03-n0066-ob-p0110	No stronger conservative family signal was detected.
fam-raw-iub1-226-305	IUB1-226 & 305	1	obi-v03-n0066-re-p0111	No stronger conservative family signal was detected.
fam-raw-iub1-227-228	IUB1-227-228	1	obi-v03-n0092-ob-p0167	No stronger conservative family signal was detected.
fam-raw-iub1-253-254	IUB1-253-254	1	obi-v02-n0080-re-p0165	No stronger conservative family signal was detected.
fam-raw-iub1-255	IUB1-255	1	obi-v02-n0080-ob-p0164	No stronger conservative family signal was detected.
fam-raw-iub1-257	IUB1-257	1	obi-v01-n0041-ob-p0065	No stronger conservative family signal was detected.
fam-raw-iub1-258	IUB1-258	1	obi-v01-n0041-re-p0067	No stronger conservative family signal was detected.
fam-raw-iub1-269	IUB1-269	1	obi-v03-n0153-ob-p0255	No stronger conservative family signal was detected.
fam-raw-iub1-271	IUB1-271	1	obi-v03-n0112-ob-p0192	No stronger conservative family signal was detected.
fam-raw-iub1-287	IUB1-287	1	obi-v01-n0032-ob-p0055	No stronger conservative family signal was detected.
fam-raw-iub1-288	IUB1-288	1	obi-v01-n0079-ob-p0124	No stronger conservative family signal was detected.
fam-raw-iub1-291-292	IUB1-291-292	1	obi-v02-n0040-ob-p0074	No stronger conservative family signal was detected.
fam-raw-iub1-293	IUB1-293	1	obi-v01-n0132-ob-p0213	No stronger conservative family signal was detected.
fam-raw-iub1-294	IUB1-294	1	obi-v01-n0165-re-p0275	No stronger conservative family signal was detected.
fam-raw-iub1-296	IUB1-296	1	obi-v01-n0153-ob-p0256	No stronger conservative family signal was detected.
fam-raw-iub1-298	IUB1-298	1	obi-v02-n0033-ob-p0061	No stronger conservative family signal was detected.
fam-raw-iub1-299	IUB1-299	1	obi-v02-n0033-re-p0063	No stronger conservative family signal was detected.
fam-raw-iub1-300	IUB1-300	1	obi-v03-n0006-ob-p0007	No stronger conservative family signal was detected.
fam-raw-iub1-301	IUB1-301	1	obi-v03-n0015-ob-p0021	No stronger conservative family signal was detected.
fam-raw-iub1-302-303	IUB1-302-303	1	obi-v03-n0033-ob-p0052	No stronger conservative family signal was detected.
fam-raw-iub1-306-307	IUB1-306-307	1	obi-v03-n0073-ob-p0120	No stronger conservative family signal was detected.
fam-raw-iub1-308	IUB1-308	1	obi-v03-n0111-re-p0191	No stronger conservative family signal was detected.
fam-raw-iub1-309	IUB1-309	1	obi-v04-n0030-ob-p0047	No stronger conservative family signal was detected.
fam-raw-iub1-32	IUB1-32	1	obi-v02-n0028-ob-p0053	No stronger conservative family signal was detected.
fam-raw-iub1-33	IUB1-33	1	obi-v04-n0031-ob-p0049	No stronger conservative family signal was detected.
fam-raw-iub1-34-35	IUB1-34-35	1	obi-v04-n0089-ob-p0140	No stronger conservative family signal was detected.
fam-raw-iub1-36	IUB1-36,	1	obi-v04-n0019-ob-p0024	No stronger conservative family signal was detected.
fam-raw-iub1-37	IUB1-37,	1	obi-v04-n0019-re-p0025	No stronger conservative family signal was detected.
fam-raw-iub1-38-39	IUB1-38-39	1	obi-v04-n0029-ob-p0044	No stronger conservative family signal was detected.
fam-raw-iub1-40	IUB1-40	1	obi-v04-n0029-re-p0046	No stronger conservative family signal was detected.
fam-raw-iub1-47	IUB1-47	1	obi-v04-n0059-ob-p0089	No stronger conservative family signal was detected.
fam-raw-iub1-49	IUB1-49	1	obi-v04-n0059-re-p0090	No stronger conservative family signal was detected.
fam-raw-iub1-52	IUB1-52,	1	obi-v04-n0065-re-p0101	No stronger conservative family signal was detected.
fam-raw-iub1-67	IUB1-67,	1	obi-v04-n0120-ob-p0196	No stronger conservative family signal was detected.
fam-raw-iub1-68	IUB1-68	1	obi-v04-n0120-re-p0198	No stronger conservative family signal was detected.
fam-raw-iub1-75	IUB1-75	1	obi-v05-n0006-ob-p0011	No stronger conservative family signal was detected.
fam-raw-iub1-78	IUB1-78	1	obi-v05-n0006-re-p0015	No stronger conservative family signal was detected.
fam-raw-iub1-80	IUB1-80,	1	obi-v04-n0142-ob-p0240	No stronger conservative family signal was detected.
fam-raw-iub1-81	IUB1-81	1	obi-v04-n0142-re-p0242	No stronger conservative family signal was detected.
fam-raw-iub1-86	IUB1-86,	1	obi-v04-n0148-ob-p0255	No stronger conservative family signal was detected.
fam-raw-iub1-90	IUB1-90	1	obi-v05-n0029-tx-p0074	No stronger conservative family signal was detected.
fam-raw-iub1-93	IUB1-93,	1	obi-v05-n0011-ob-p0044	No stronger conservative family signal was detected.
fam-raw-iub1-94	IUB1-94	1	obi-v05-n0010-ob-p0034	No stronger conservative family signal was detected.
fam-raw-iub1-98	IUB1-98	1	obi-v05-n0010-re-p0039	No stronger conservative family signal was detected.
fam-raw-iub1-bed-b-600-7	IUB1- BED B 600-7	1	obi-v02-n0084-ob-p0172	No stronger conservative family signal was detected.
fam-raw-iub1184-185	IUB1184, 185	1	obi-v01-n0135-ob-p0218	No stronger conservative family signal was detected.
fam-raw-iub1bm1-84	IUB1BM1--84	1	obi-v04-n0089-ob-p0140	No stronger conservative family signal was detected.
fam-raw-iub2-132	IUB2-132	1	obi-v01-n0206-ob-p0350	No stronger conservative family signal was detected.
fam-raw-iub2-133	IUB2-133	1	obi-v01-n0206-re-p0351	No stronger conservative family signal was detected.
fam-raw-iub2-134	IUB2-134	1	obi-v04-n0039-re-p0065	No stronger conservative family signal was detected.
fam-raw-iub2-135	IUB2-135	1	obi-v04-n0039-ob-p0064	No stronger conservative family signal was detected.
fam-raw-iub2-136	IUB2-136	1	obi-v01-n0220-ob-p0374	No stronger conservative family signal was detected.
fam-raw-iub2-137	IUB2-137	1	obi-v01-n0075-tx-p0118	No stronger conservative family signal was detected.
fam-raw-iub2-138	IUB2-138	1	obi-v01-n0058-tx-p0093	No stronger conservative family signal was detected.
fam-raw-iub2-186-187	IUB2-186-187	1	obi-v02-n0092-ob-p0181	No stronger conservative family signal was detected.
fam-raw-iub2-197	IUB2-197	1	obi-v01-n0039-ob-p0062	No stronger conservative family signal was detected.
fam-raw-iub2-198	IUB2-198	1	obi-v01-n0039-re-p0063	No stronger conservative family signal was detected.
fam-raw-iub2-200	IUB2-200	1	obi-v03-n0038-ob-p0062	No stronger conservative family signal was detected.
fam-raw-iub2-202	IUB2-202	1	obi-v03-n0038-re-p0064	No stronger conservative family signal was detected.
fam-raw-iub2-203	IUB2-203	1	obi-v03-n0007-ob-p0008	No stronger conservative family signal was detected.
fam-raw-iub2-204	IUB2-204	1	obi-v03-n0007-re-p0008	No stronger conservative family signal was detected.
fam-raw-iub2-205	IUB2-205	1	obi-v03-n0049-ob-p0079	No stronger conservative family signal was detected.
fam-raw-iub2-206	IUB2-206	1	obi-v03-n0062-ob-p0102	No stronger conservative family signal was detected.
fam-raw-iub2-207	IUB2-207	1	obi-v03-n0076-re-p0124	No stronger conservative family signal was detected.
fam-raw-iub2-209	IUB2-209	1	obi-v03-n0009-ob-p0012	No stronger conservative family signal was detected.
fam-raw-iub2-210	IUB2-210	1	obi-v03-n0079-tx-p0132	No stronger conservative family signal was detected.
fam-raw-iub2-212	IUB2-212	1	obi-v03-n0079-tx-p0134	No stronger conservative family signal was detected.
fam-raw-iub2-225-226	IUB2-225-226	1	obi-v02-n0133-ob-p0235	No stronger conservative family signal was detected.
fam-raw-iub2-229	IUB2-229	1	obi-v01-n0209-ob-p0354	No stronger conservative family signal was detected.
fam-raw-iub2-231	IUB2-231	1	obi-v01-n0209-re-p0355	No stronger conservative family signal was detected.
fam-raw-iub2-232	IUB2-232	1	obi-v01-n0210-ob-p0357	No stronger conservative family signal was detected.
fam-raw-iub2-233-bed-b-557-4	IUB2-233 BED B 557-4	1	obi-v01-n0214-ob-p0363	No stronger conservative family signal was detected.
fam-raw-iub2-250	IUB2-250	1	obi-v03-n0213-ob-p0345	No stronger conservative family signal was detected.
fam-raw-iub2-254	IUB2-254	1	obi-v03-n0117-ob-p0197	No stronger conservative family signal was detected.
fam-raw-iub2-259	IUB2-259	1	obi-v01-n0044-ob-p0071	No stronger conservative family signal was detected.
fam-raw-iub2-260	IUB2-260	1	obi-v01-n0044-re-p0072	No stronger conservative family signal was detected.
fam-raw-list-106	copy List 106	1	obi-v01-n0022-ob-p0043	No stronger conservative family signal was detected.
fam-raw-list-114	copy List 114	1	obi-v01-n0189-ob-p0322	No stronger conservative family signal was detected.
fam-raw-list-150	copy List 150	1	obi-v01-n0216-ob-p0366	No stronger conservative family signal was detected.
fam-raw-list-163-162	copy List 163 (162?)	1	obi-v04-n0039-re-p0065	No stronger conservative family signal was detected.
fam-raw-list-221	copy List 221	1	obi-v01-n0144-re-p0242	No stronger conservative family signal was detected.
fam-raw-list-28-dated-cs-433-1071	copy List 28 (dated CS 433/ 1071)	1	obi-v03-n0053-ob-p0085	No stronger conservative family signal was detected.
fam-raw-list-316-317	copy List 316-317	1	obi-v03-n0027-ob-p0043	No stronger conservative family signal was detected.
fam-raw-list-347	copy List 347	1	obi-v03-n0058-ob-p0094	No stronger conservative family signal was detected.
fam-raw-list-402	copy List 402	1	obi-v01-n0212-ob-p0360	No stronger conservative family signal was detected.
fam-raw-list-427	copy List 427	1	obi-v01-n0053-ob-p0086	No stronger conservative family signal was detected.
fam-raw-list-486	copy List 486	1	obi-v01-n0163-re-p0273	No stronger conservative family signal was detected.
fam-raw-list-5	copy List 5	1	obi-v01-n0188-ob-p0321	No stronger conservative family signal was detected.
fam-raw-list-918	copy List 918	2	obi-v02-n0003-ob-p0004 | obi-v02-n0025-ob-p0049	No stronger conservative family signal was detected.
fam-raw-lubeigt-pagan	Lubeigt, Pagan, p. 339	1	obi-v01-n0097-tx-p0151	No stronger conservative family signal was detected.
fam-raw-luce-2829	Luce 2829	1	obi-v01-n0136-re-p0220	No stronger conservative family signal was detected.
fam-raw-luce-c-570	Luce C 570	1	obi-v01-n0194-re-p0330	No stronger conservative family signal was detected.
fam-raw-luce-d-809	Luce D 809	2	obi-v01-n0107-ob-p0175 | obi-v01-n0107-re-p0175	No stronger conservative family signal was detected.
fam-raw-luce-files-g-1763	Luce files G 1763	1	obi-v04-n0138-re-p0235	No stronger conservative family signal was detected.
fam-raw-luce-g-1899	Luce G 1899	1	obi-v01-n0067-ob-p0106	No stronger conservative family signal was detected.
fam-raw-luce-g-1964	Luce G 1964	1	obi-v01-n0209-ob-p0354	No stronger conservative family signal was detected.
fam-raw-luce-j-2665	Luce J 2665	1	obi-v01-n0090-ob-p0137	No stronger conservative family signal was detected.
fam-raw-luce-j-2667	Luce J 2667	2	obi-v01-n0170-ob-p0289 | obi-v01-n0170-re-p0289	No stronger conservative family signal was detected.
fam-raw-luce-j-2672	Luce J 2672	1	obi-v01-n0082-ob-p0127	No stronger conservative family signal was detected.
fam-raw-luce-j-2675	Luce J 2675	1	obi-v01-n0003-ob-p0008	No stronger conservative family signal was detected.
fam-raw-luce-obep	Luce, OBEP, p. 109	1	obi-v01-n0019-ob-p0040	No stronger conservative family signal was detected.
fam-raw-luce-obep-1	Luce, OBEP 1, p. 117-25	1	obi-v01-n0126-ob-p0205	No stronger conservative family signal was detected.
fam-raw-luce-u-tin-htway-15th-century-library	Luce/U Tin Htway, “15th Century Library”	1	obi-v02-n0133-ob-p0235	No stronger conservative family signal was detected.
fam-raw-mm-3	copy MM 3, no. 30, p. 131	1	obi-v01-n0065-ob-p0102	No stronger conservative family signal was detected.
fam-raw-mp	MP, p. 107	7	obi-v03-n0005-ob-p0005 | obi-v03-n0032-tx-p0051 | obi-v03-n0033-ob-p0052 | obi-v03-n0035-ob-p0055 | obi-v03-n0035-re-p0056	No stronger conservative family signal was detected.
fam-raw-mp	MP, p. 13	1	obi-v01-n0194-ob-p0329	No stronger conservative family signal was detected.
fam-raw-mp	MP, p. 151	1	obi-v03-n0048-ob-p0078	No stronger conservative family signal was detected.
fam-raw-mp	MP, p. 155	1	obi-v03-n0050-ob-p0080	No stronger conservative family signal was detected.
fam-raw-mp	MP, p. 163	1	obi-v03-n0041-ob-p0068	No stronger conservative family signal was detected.
fam-raw-mp	MP, p. 93	1	obi-v01-n0050-ob-p0081	No stronger conservative family signal was detected.
fam-raw-mp-1	MP 1, p. 81	2	obi-v01-n0221-tx-p0376 | obi-v01-n0222-re-p0376	No stronger conservative family signal was detected.
fam-raw-mp-1	MP 1, no. 1, p. 1	1	obi-v01-n0019-ob-p0040	No stronger conservative family signal was detected.
fam-raw-mp-1	MP 1, p. 139	1	obi-v01-n0031-ob-p0054	No stronger conservative family signal was detected.
fam-raw-mp-1	MP 1, p. 159	1	obi-v03-n0053-ob-p0085	No stronger conservative family signal was detected.
fam-raw-mp-1	MP 1, p. 17	1	obi-v01-n0194-re-p0330	No stronger conservative family signal was detected.
fam-raw-mp-1	MP 1, p. 21	1	obi-v01-n0188-ob-p0321	No stronger conservative family signal was detected.
fam-raw-mp-1	MP 1, p. 25	1	obi-v01-n0010-ob-p0026	No stronger conservative family signal was detected.
fam-raw-mp-1	MP 1, p. 29	1	obi-v01-n0196-ob-p0333	No stronger conservative family signal was detected.
fam-raw-mp-1	MP 1, p. 45	1	obi-v01-n0091-ob-p0138	No stronger conservative family signal was detected.
fam-raw-mp-1	MP 1, p. 49	1	obi-v01-n0023-ob-p0044	No stronger conservative family signal was detected.
fam-raw-mp-1	MP 1, p. 5	1	obi-v01-n0195-ob-p0331	No stronger conservative family signal was detected.
fam-raw-mp-1	MP 1, p. 53	1	obi-v01-n0042-ob-p0069	No stronger conservative family signal was detected.
fam-raw-mp-1	MP 1, p. 57	1	obi-v01-n0138-ob-p0222	No stronger conservative family signal was detected.
fam-raw-mp-1	MP 1, p. 61-65	1	obi-v01-n0048-ob-p0077	No stronger conservative family signal was detected.
fam-raw-mp-1	MP 1, p. 77	1	obi-v01-n0224-ob-p0379	No stronger conservative family signal was detected.
fam-raw-mp-1	MP 1, p. 97	1	obi-v01-n0225-ob-p0381	No stronger conservative family signal was detected.
fam-raw-mp-2	MP 2, p. 159	5	obi-v03-n0008-ob-p0009 | obi-v03-n0056-ob-p0090 | obi-v03-n0056-re-p0091 | obi-v03-n0057-tx-p0092 | obi-v03-n0060-ob-p0097	No stronger conservative family signal was detected.
fam-raw-mp-2	MP 2, p. 61	1	obi-v01-n0216-ob-p0366	No stronger conservative family signal was detected.
fam-raw-mp-2	MP 2, p. 65	1	obi-v04-n0104-ob-p0163	No stronger conservative family signal was detected.
fam-raw-myaketu-nandhale-hmattan	Myaketu, Nandhale Hmattan, p. 29-30	1	obi-v03-n0025-ob-p0037	No stronger conservative family signal was detected.
fam-raw-nce-list-216	NCE List 216	1	obi-v01-n0138-ob-p0222	No stronger conservative family signal was detected.
fam-raw-not-in-u-min-hswe	(not in U Min Hswe)	3	obi-v03-n0007-ob-p0008 | obi-v03-n0007-re-p0008 | obi-v03-n0055-ob-p0089	No stronger conservative family signal was detected.
fam-raw-other-copies-are-list-148	other copies are List 148	1	obi-v01-n0216-ob-p0366	No stronger conservative family signal was detected.
fam-raw-partly-in-list	partly in List	1	obi-v01-n0109-ob-p0179	No stronger conservative family signal was detected.
fam-raw-partly-list-116	copy (partly): List 116	1	obi-v02-n0038-ob-p0072	No stronger conservative family signal was detected.
fam-raw-picture-archdept-on-file	picture (ArchDept) on file	2	obi-v01-n0158-tx-p0265 | obi-v01-n0159-ob-p0265	No stronger conservative family signal was detected.
fam-raw-ref-pl-i-73	Ref.: Pl. I 73	1	obi-v01-n0097-tx-p0151	No stronger conservative family signal was detected.
fam-raw-rsasb-1912	RSASB 1912, p. 34	1	obi-v01-n0026-ob-p0046	No stronger conservative family signal was detected.
fam-raw-rsasb-1915	RSASB 1915, p. 57	1	obi-v01-n0036-ob-p0058	No stronger conservative family signal was detected.
fam-raw-rsasb-1926	RSASB 1926, p. 26	1	obi-v01-n0005-ob-p0019	No stronger conservative family signal was detected.
fam-raw-rsasb-926-and-app-g	RSASB 926, p. 26 and App. G, no. 13	1	obi-v01-n0152-ob-p0255	No stronger conservative family signal was detected.
fam-raw-similar-but-incomplete-version-pl-ii-144	similar but incomplete version Pl. II 144	1	obi-v02-n0065-tx-p0137	Kept as a narrow title-specific family because the reference may represent a translation-related work.
fam-raw-strachan-pagan	Strachan, Pagan, p. 127-8	1	obi-v01-n0097-tx-p0151	No stronger conservative family signal was detected.
fam-raw-than-tun-hnaung-dwe	Than Tun, Hnaung-dwe, no. 8, p. 18	1	obi-v01-n0072-ob-p0116	No stronger conservative family signal was detected.
fam-raw-u-kyaw-bagan-minsa	U Kyaw, “Bagan Minsa”, p. 195	12	obi-v02-n0016-ob-p0024 | obi-v02-n0137-tx-p0240 | obi-v02-n0138-tx-p0240 | obi-v02-n0139-tx-p0241 | obi-v02-n0140-ob-p0242	No stronger conservative family signal was detected.
fam-raw-u-maung-maung-lat-nos-1-2	U Maung Maung Lat, nos. 1+2	1	obi-v01-n0209-ob-p0354	No stronger conservative family signal was detected.
fam-raw-u-nyein-maung-s-update-to-obi-5-htupayon	U Nyein Maung’s update to OBI 5 (Htupayon), p. 2	1	obi-v01-n0026-ob-p0046	No stronger conservative family signal was detected.
fam-raw-u-nyein-maung-she-haung-pancama-twe-nauk-hset-twe	U Nyein Maung, She-haung … Pancama-twe Nauk-hset-twe, p. 1	1	obi-v01-n0201-re-p0342	No stronger conservative family signal was detected.
fam-raw-u-pe-maung-tin-the-myazedi-inscription-in-nava-rat-kui-svay-rangoon-1966	U Pe Maung Tin, The Myazedi Inscription, in Nava-rat Kui:-svay, Rangoon 1966, p. 23-33	2	obi-v01-n0001-tx-p0001 | obi-v01-n0002-tx-p0004	No stronger conservative family signal was detected.
fam-raw-u-tha-myat-the-pali-version-of-the-myazedi-inscription-rangoon-1958	U Tha Myat, The Pali Version of the Myazedi Inscription, Rangoon 1958	2	obi-v01-n0001-tx-p0001 | obi-v01-n0002-tx-p0004	Kept as a narrow title-specific family because the reference may represent a translation-related work.
fam-raw-u-tin-htway-first-burmese-royal-inscription	U Tin Htway, “First Burmese Royal Inscription”	1	obi-v01-n0041-ob-p0065	No stronger conservative family signal was detected.
fam-raw-u-tin-lwin-rajakumar-s-inscription-in-pali-in-takkasuil-yangon-1989	U Tin Lwin, Rajakumar's Inscription in Pali, in Takkasuil ... (repr. Yangon 1989)	2	obi-v01-n0001-tx-p0001 | obi-v01-n0002-tx-p0004	Kept as a narrow title-specific family because the reference may represent a translation-related work.
fam-raw-ub-1	UB 1, p. 297	5	obi-v02-n0010-ob-p0015 | obi-v02-n0072-ob-p0151 | obi-v02-n0073-tx-p0155 | obi-v02-n0076-ob-p0157 | obi-v02-n0077-ob-p0159	No stronger conservative family signal was detected.
fam-raw-ub-1	UB 1, p. 300	3	obi-v03-n0006-ob-p0007 | obi-v03-n0045-re-p0073 | obi-v03-n0047-ob-p0077	No stronger conservative family signal was detected.
fam-raw-ub-1	UB 1, p. 191	2	obi-v01-n0158-tx-p0265 | obi-v01-n0159-ob-p0265	No stronger conservative family signal was detected.
fam-raw-ub-1	UB 1, p. 147	1	obi-v01-n0045-ob-p0073	No stronger conservative family signal was detected.
fam-raw-ub-1	UB 1, p. 173	1	obi-v01-n0207-ob-p0352	No stronger conservative family signal was detected.
fam-raw-ub-1	UB 1, p. 176	1	obi-v01-n0059-ob-p0093	No stronger conservative family signal was detected.
fam-raw-ub-1	UB 1, p. 178	1	obi-v01-n0160-ob-p0267	No stronger conservative family signal was detected.
fam-raw-ub-1	UB 1, p. 181	1	obi-v01-n0105-ob-p0173	No stronger conservative family signal was detected.
fam-raw-ub-1	UB 1, p. 184	1	obi-v01-n0135-ob-p0218	No stronger conservative family signal was detected.
fam-raw-ub-1	UB 1, p. 195	1	obi-v01-n0174-ob-p0298	No stronger conservative family signal was detected.
fam-raw-ub-1	UB 1, p. 198	1	obi-v01-n0166-ob-p0278	No stronger conservative family signal was detected.
fam-raw-ub-1	UB 1, p. 202	1	obi-v02-n0106-ob-p0202	No stronger conservative family signal was detected.
fam-raw-ub-1	UB 1, p. 206	1	obi-v02-n0088-ob-p0176	No stronger conservative family signal was detected.
fam-raw-ub-1	UB 1, p. 212	1	obi-v03-n0044-re-p0072	No stronger conservative family signal was detected.
fam-raw-ub-1	UB 1, p. 221	1	obi-v04-n0117-re-p0191	No stronger conservative family signal was detected.
fam-raw-ub-1	UB 1, p. 222-4	1	obi-v03-n0025-ob-p0037	No stronger conservative family signal was detected.
fam-raw-ub-1	UB 1, p. 257	1	obi-v01-n0041-ob-p0065	No stronger conservative family signal was detected.
fam-raw-ub-1	UB 1, p. 288	1	obi-v01-n0079-ob-p0124	No stronger conservative family signal was detected.
fam-raw-ub-1	UB 1, p. 291	1	obi-v02-n0040-ob-p0074	No stronger conservative family signal was detected.
fam-raw-ub-1	UB 1, p. 293	1	obi-v01-n0132-ob-p0213	No stronger conservative family signal was detected.
fam-raw-ub-1	UB 1, p. 296	1	obi-v01-n0153-ob-p0256	No stronger conservative family signal was detected.
fam-raw-ub-1	UB 1, p. 32	1	obi-v02-n0028-ob-p0053	No stronger conservative family signal was detected.
fam-raw-ub-1	UB 1, p. 382	1	obi-v01-n0126-ob-p0205	No stronger conservative family signal was detected.
fam-raw-ub-1-u-min-hswe	UB 1, p. 219, U Min Hswe, no. 71	1	obi-v03-n0040-ob-p0066	No stronger conservative family signal was detected.
fam-raw-ub-2	UB 2, p. 203	3	obi-v03-n0007-ob-p0008 | obi-v03-n0007-re-p0008 | obi-v03-n0055-ob-p0089	No stronger conservative family signal was detected.
fam-raw-ub-2	UB 2 p. 233	1	obi-v01-n0214-ob-p0363	No stronger conservative family signal was detected.
fam-raw-ub-2	UB 2, p. 133	1	obi-v01-n0206-re-p0351	No stronger conservative family signal was detected.
fam-raw-ub-2	UB 2, p. 134	1	obi-v04-n0039-re-p0065	No stronger conservative family signal was detected.
fam-raw-ub-2	UB 2, p. 135	1	obi-v04-n0039-ob-p0064	No stronger conservative family signal was detected.
fam-raw-ub-2	UB 2, p. 137	1	obi-v01-n0075-tx-p0118	No stronger conservative family signal was detected.
fam-raw-ub-2	UB 2, p. 200	1	obi-v03-n0038-ob-p0062	No stronger conservative family signal was detected.
fam-raw-ub-2	UB 2, p. 205	1	obi-v03-n0049-ob-p0079	No stronger conservative family signal was detected.
fam-raw-ub-2	UB 2, p. 225	1	obi-v02-n0133-ob-p0235	No stronger conservative family signal was detected.
fam-raw-ub-2	UB 2, p. 229	1	obi-v01-n0209-ob-p0354	No stronger conservative family signal was detected.
fam-raw-ub-2	UB 2, p. 259	1	obi-v01-n0044-ob-p0071	No stronger conservative family signal was detected.
fam-raw-ub-2	UB 2, p. 51	1	obi-v01-n0058-tx-p0093	No stronger conservative family signal was detected.
fam-raw-ub-2-135	UB 2, 135	1	obi-v04-n0039-re-p0065	No stronger conservative family signal was detected.
fam-raw-ub1	UB1, p. 287	1	obi-v01-n0032-ob-p0055	No stronger conservative family signal was detected.
fam-raw-unknown	. .	1	obi-v02-n0143-ob-p0246	No stronger conservative family signal was detected.
fam-ray-theravada-buddhism	Ray, Theravada Buddhism, p. 106	2	obi-v01-n0001-tx-p0001 | obi-v01-n0002-tx-p0004	Grouped by recurring author/title pair.
fam-ray-theravada-buddhism	Ray, Theravada Buddhism, p. 108	1	obi-v01-n0004-ob-p0011	Grouped by recurring author/title pair.
fam-ray-theravada-buddhism	Ray, Theravada Buddhism, p. 164, Frasch, ‘King Nadaungmya's Great Gift’, p. xx	1	obi-v01-n0052-ob-p0083	Grouped by recurring author/title pair.
fam-ray-theravada-buddhism	Ray, Theravada Buddhism, p. 165	1	obi-v01-n0043-ob-p0070	Grouped by recurring author/title pair.
fam-rdasb-publication	RDASB 1971	51	obi-v02-n0001-ob-p0001 | obi-v02-n0006-ob-p0010 | obi-v02-n0007-ob-p0011 | obi-v02-n0007-re-p0011 | obi-v02-n0008-re-p0013	Grouped by recurring publication abbreviation.
fam-rdasb-publication	RDASB 1926, p. 26 and App. G	12	obi-v02-n0016-ob-p0024 | obi-v02-n0137-tx-p0240 | obi-v02-n0138-tx-p0240 | obi-v02-n0139-tx-p0241 | obi-v02-n0140-ob-p0242	Grouped by recurring publication abbreviation.
fam-rdasb-publication	RDASB 1966	11	obi-v01-n0088-ob-p0134 | obi-v01-n0140-ob-p0226 | obi-v02-n0013-ob-p0020 | obi-v02-n0107-ob-p0203 | obi-v02-n0108-re-p0204	Grouped by recurring publication abbreviation.
fam-rdasb-publication	RDASB 1963, p. 27, no. 16	8	obi-v02-n0014-ob-p0021 | obi-v02-n0113-ob-p0210 | obi-v02-n0114-ob-p0211 | obi-v02-n0115-ob-p0212 | obi-v02-n0116-ob-p0212	Grouped by recurring publication abbreviation.
fam-rdasb-publication	RDASB 1958-59	7	obi-v04-n0098-tx-p0157 | obi-v04-n0103-re-p0162 | obi-v05-n0023-tx-p0066 | obi-v05-n0031-tx-p0086 | obi-v05-n0046-tx-p0116	Grouped by recurring publication abbreviation.
fam-rdasb-publication	RDASB 1962-63 BED B 622-4	5	obi-v03-n0085-ob-p0145 | obi-v03-n0085-re-p0146 | obi-v03-n0089-ob-p0159 | obi-v03-n0104-ob-p0181 | obi-v03-n0110-ob-p0190	Grouped by recurring publication abbreviation.
fam-rdasb-publication	RDASB 1963-64	5	obi-v04-n0070-ob-p0110 | obi-v04-n0119-ob-p0193 | obi-v04-n0119-re-p0195 | obi-v04-n0126-ob-p0206 | obi-v05-n0063-re-p0138	Grouped by recurring publication abbreviation.
fam-rdasb-publication	RDASB 1959-60	4	obi-v04-n0145-ob-p0250 | obi-v05-n0027-ob-p0072 | obi-v05-n0028-ob-p0073 | obi-v05-n0059-re-p0134	Grouped by recurring publication abbreviation.
fam-rdasb-publication	RDASB 1961-62	4	obi-v01-n0199-ob-p0339 | obi-v04-n0081-ob-p0126 | obi-v05-n0032-ob-p0086 | obi-v05-n0056-ob-p0130	Grouped by recurring publication abbreviation.
fam-rdasb-publication	RDASB 1970-71	4	obi-v02-n0075-ob-p0156 | obi-v04-n0101-ob-p0160 | obi-v04-n0109-ob-p0178 | obi-v04-n0122-ob-p0200	Grouped by recurring publication abbreviation.
fam-rdasb-publication	RDASB 1938-39	3	obi-v01-n0030-ob-p0053 | obi-v04-n0066-ob-p0102 | obi-v04-n0066-re-p0105	Grouped by recurring publication abbreviation.
fam-rdasb-publication	RDASB 1962-63	3	obi-v04-n0034-ob-p0055 | obi-v05-n0007-ob-p0017 | obi-v05-n0026-re-p0070	Grouped by recurring publication abbreviation.
fam-rdasb-publication	RDASB 1964-65	3	obi-v04-n0077-ob-p0121 | obi-v04-n0118-ob-p0192 | obi-v04-n0127-re-p0208	Grouped by recurring publication abbreviation.
fam-rdasb-publication	1962-63-b RDASB BED B 622-6	2	obi-v03-n0135-ob-p0230 | obi-v03-n0144-ob-p0243	Grouped by recurring publication abbreviation.
fam-rdasb-publication	1963-64-b RDASB	2	obi-v04-n0079-ob-p0123 | obi-v05-n0015-ob-p0053	Grouped by recurring publication abbreviation.
fam-rdasb-publication	RDASB 1938	2	obi-v01-n0105-ob-p0173 | obi-v01-n0213-ob-p0362	Grouped by recurring publication abbreviation.
fam-rdasb-publication	RDASB 1954	2	obi-v01-n0170-ob-p0289 | obi-v01-n0170-re-p0289	Grouped by recurring publication abbreviation.
fam-rdasb-publication	RDASB 1960-61	2	obi-v04-n0005-ob-p0007 | obi-v05-n0061-ob-p0135	Grouped by recurring publication abbreviation.
fam-rdasb-publication	RDASB 1961	2	obi-v01-n0076-ob-p0119 | obi-v01-n0116-ob-p0188	Grouped by recurring publication abbreviation.
fam-rdasb-publication	RDASB 1965, p. 34, no. 2	2	obi-v01-n0221-tx-p0376 | obi-v01-n0222-re-p0376	Grouped by recurring publication abbreviation.
fam-rdasb-publication	RDASB 1969-70	2	obi-v04-n0050-ob-p0080 | obi-v05-n0049-tx-p0123	Grouped by recurring publication abbreviation.
fam-rdasb-publication	RDASB 1974-75 BED B 602-5	2	obi-v02-n0113-ob-p0210 | obi-v02-n0115-ob-p0212	Grouped by recurring publication abbreviation.
fam-rdasb-publication	1938-39-bRDASB BED B 592-3	1	obi-v01-n0133-ob-p0214	Grouped by recurring publication abbreviation.
fam-rdasb-publication	1938-39-bRDASB BED B 595-5	1	obi-v01-n0147-re-p0248	Grouped by recurring publication abbreviation.
fam-rdasb-publication	1958-59-b RDASB BED B 568-3	1	obi-v01-n0051-ob-p0082	Grouped by recurring publication abbreviation.
fam-rdasb-publication	1960-61-b RDASB BED B 590-3	1	obi-v01-n0124-ob-p0203	Grouped by recurring publication abbreviation.
fam-rdasb-publication	1962-63 RDASB BED B 600-7	1	obi-v02-n0099-ob-p0191	Grouped by recurring publication abbreviation.
fam-rdasb-publication	RDASB 1905 n°22,	1	obi-v04-n0100-ob-p0159	Grouped by recurring publication abbreviation.
fam-rdasb-publication	RDASB 1915	1	obi-v02-n0005-re-p0009	Grouped by recurring publication abbreviation.
fam-rdasb-publication	RDASB 1915 BED B 594-2	1	obi-v01-n0138-ob-p0222	Grouped by recurring publication abbreviation.
fam-rdasb-publication	RDASB 1918-19 BED B 622-6	1	obi-v03-n0166-ob-p0281	Grouped by recurring publication abbreviation.
fam-rdasb-publication	RDASB 1925-26	1	obi-v01-n0005-ob-p0019	Grouped by recurring publication abbreviation.
fam-rdasb-publication	RDASB 1926, App. G, no. 20 (under date CS 583/1121)	1	obi-v01-n0106-ob-p0174	Grouped by recurring publication abbreviation.
fam-rdasb-publication	RDASB 1926, p. 26 and App. G, no. 12	1	obi-v01-n0098-ob-p0164	Grouped by recurring publication abbreviation.
fam-rdasb-publication	RDASB 1926, p. 26, and app. G, no. 1	1	obi-v03-n0043-ob-p0070	Grouped by recurring publication abbreviation.
fam-rdasb-publication	RDASB 1937-38	1	obi-v01-n0112-ob-p0184	Grouped by recurring publication abbreviation.
fam-rdasb-publication	RDASB 1937-38 BED B 556-1	1	obi-v01-n0213-ob-p0362	Grouped by recurring publication abbreviation.
fam-rdasb-publication	RDASB 1937-38 BED B 574-3	1	obi-v01-n0064-ob-p0100	Grouped by recurring publication abbreviation.
fam-rdasb-publication	RDASB 1939	1	obi-v01-n0133-ob-p0214	Grouped by recurring publication abbreviation.
fam-rdasb-publication	RDASB 1947	1	obi-v01-n0100-ob-p0167	Grouped by recurring publication abbreviation.
fam-rdasb-publication	RDASB 1953-54 BED B 598-6b	1	obi-v01-n0170-re-p0289	Grouped by recurring publication abbreviation.
fam-rdasb-publication	RDASB 1953-54,	1	obi-v04-n0143-re-p0245	Grouped by recurring publication abbreviation.
fam-rdasb-publication	RDASB 1954-1955 BED B 503-1	1	obi-v01-n0008-ob-p0023	Grouped by recurring publication abbreviation.
fam-rdasb-publication	RDASB 1954-55 BED B 581-3	1	obi-v01-n0082-ob-p0127	Grouped by recurring publication abbreviation.
fam-rdasb-publication	RDASB 1954-55 BED B 583-2	1	obi-v01-n0090-ob-p0137	Grouped by recurring publication abbreviation.
fam-rdasb-publication	RDASB 1955	1	obi-v01-n0090-ob-p0137	Grouped by recurring publication abbreviation.
fam-rdasb-publication	RDASB 1955-56	1	obi-v05-n0062-re-p0137	Grouped by recurring publication abbreviation.
fam-rdasb-publication	RDASB 1955-56 BED B 474-2	1	obi-v01-n0003-ob-p0008	Grouped by recurring publication abbreviation.
fam-rdasb-publication	RDASB 1956-60	1	obi-v05-n0064-tx-p0139	Grouped by recurring publication abbreviation.
fam-rdasb-publication	RDASB 1957-58 BED B 521-1	1	obi-v01-n0200-ob-p0340	Grouped by recurring publication abbreviation.
fam-rdasb-publication	RDASB 1957-58 BED B 600-7	1	obi-v02-n0061-ob-p0128	Grouped by recurring publication abbreviation.
fam-rdasb-publication	RDASB 1958-59 BED B 533-1	1	obi-v01-n0018-ob-p0038	Grouped by recurring publication abbreviation.
fam-rdasb-publication	RDASB 1958-59 BED B 622-6	1	obi-v03-n0170-ob-p0289	Grouped by recurring publication abbreviation.
fam-rdasb-publication	RDASB 1958-59,	1	obi-v04-n0100-ob-p0159	Grouped by recurring publication abbreviation.
fam-rdasb-publication	RDASB 196-64	1	obi-v05-n0053-ob-p0128	Grouped by recurring publication abbreviation.
fam-rdasb-publication	RDASB 1960-61 BED A	1	obi-v01-n0177-ob-p0304	Grouped by recurring publication abbreviation.
fam-rdasb-publication	RDASB 1960-61 BED B 564-2	1	obi-v01-n0046-ob-p0074	Grouped by recurring publication abbreviation.
fam-rdasb-publication	RDASB 1960-61 BED B 579-3	1	obi-v01-n0076-ob-p0119	Grouped by recurring publication abbreviation.
fam-rdasb-publication	RDASB 1960-61 BED B 588-2	1	obi-v01-n0116-ob-p0188	Grouped by recurring publication abbreviation.
fam-rdasb-publication	RDASB 1960-61 BED B 623-1	1	obi-v03-n0192-ob-p0315	Grouped by recurring publication abbreviation.
fam-rdasb-publication	RDASB 1961, p. 13	1	obi-v01-n0046-ob-p0074	Grouped by recurring publication abbreviation.
fam-rdasb-publication	RDASB 1961, p. 145	1	obi-v01-n0177-ob-p0304	Grouped by recurring publication abbreviation.
fam-rdasb-publication	RDASB 1961, p. 15	1	obi-v01-n0124-ob-p0203	Grouped by recurring publication abbreviation.
fam-rdasb-publication	RDASB 1961-62 BED B 530-1	1	obi-v01-n0014-ob-p0033	Grouped by recurring publication abbreviation.
fam-rdasb-publication	RDASB 1961-62 BED B 600-7	1	obi-v02-n0079-ob-p0163	Grouped by recurring publication abbreviation.
fam-rdasb-publication	RDASB 1961-62 BED B 608-2	1	obi-v02-n0043-ob-p0082	Grouped by recurring publication abbreviation.
fam-rdasb-publication	RDASB 1961-64	1	obi-v04-n0007-re-p0010	Grouped by recurring publication abbreviation.
fam-rdasb-publication	RDASB 1962 (?1961)	1	obi-v01-n0113-ob-p0185	Grouped by recurring publication abbreviation.
fam-rdasb-publication	RDASB 1962, p. 19	1	obi-v02-n0043-ob-p0082	Grouped by recurring publication abbreviation.
fam-rdasb-publication	RDASB 1962-63 BED B 513-4	1	obi-v01-n0199-ob-p0339	Grouped by recurring publication abbreviation.
fam-rdasb-publication	RDASB 1962-63 BED B 529-1	1	obi-v01-n0013-ob-p0032	Grouped by recurring publication abbreviation.
fam-rdasb-publication	RDASB 1962-63 BED B 547-1	1	obi-v01-n0025-ob-p0046	Grouped by recurring publication abbreviation.
fam-rdasb-publication	RDASB 1962-63 BED B 567-2	1	obi-v01-n0049-ob-p0080	Grouped by recurring publication abbreviation.
fam-rdasb-publication	RDASB 1962-63 BED B 582-5	1	obi-v01-n0087-ob-p0133	Grouped by recurring publication abbreviation.
fam-rdasb-publication	RDASB 1962-63 BED B 600-7	1	obi-v02-n0099-re-p0192	Grouped by recurring publication abbreviation.
fam-rdasb-publication	RDASB 1962-63 BED B 602-5	1	obi-v02-n0014-ob-p0021	Grouped by recurring publication abbreviation.
fam-rdasb-publication	RDASB 1963, no. 6, p. 25	1	obi-v01-n0215-ob-p0365	Grouped by recurring publication abbreviation.
fam-rdasb-publication	RDASB 1963, p. 27-8	1	obi-v01-n0014-ob-p0033	Grouped by recurring publication abbreviation.
fam-rdasb-publication	RDASB 1963, p. 28	1	obi-v01-n0025-ob-p0046	Grouped by recurring publication abbreviation.
fam-rdasb-publication	RDASB 1963, p. 29	1	obi-v01-n0049-ob-p0080	Grouped by recurring publication abbreviation.
fam-rdasb-publication	RDASB 1963, p. 31, no. 47	1	obi-v01-n0087-ob-p0133	Grouped by recurring publication abbreviation.
fam-rdasb-publication	RDASB 1963-64 BED B 568-7	1	obi-v01-n0103-ob-p0171	Grouped by recurring publication abbreviation.
fam-rdasb-publication	RDASB 1963-64 BED B 579-4	1	obi-v01-n0078-ob-p0123	Grouped by recurring publication abbreviation.
fam-rdasb-publication	RDASB 1963-64 BED B 597-4	1	obi-v01-n0155-ob-p0259	Grouped by recurring publication abbreviation.
fam-rdasb-publication	RDASB 1964	1	obi-v01-n0164-ob-p0274	Grouped by recurring publication abbreviation.
fam-rdasb-publication	RDASB 1964, p. 20, no. 3	1	obi-v01-n0155-ob-p0259	Grouped by recurring publication abbreviation.
fam-rdasb-publication	RDASB 1964, p. 21, no. 20	1	obi-v01-n0103-ob-p0171	Grouped by recurring publication abbreviation.
fam-rdasb-publication	RDASB 1964, p. 22 (no. 26)	1	obi-v01-n0078-ob-p0123	Grouped by recurring publication abbreviation.
fam-rdasb-publication	RDASB 1964-65 BED B 583-1	1	obi-v01-n0089-ob-p0136	Grouped by recurring publication abbreviation.
fam-rdasb-publication	RDASB 1964-65 BED B 588-4	1	obi-v01-n0222-re-p0376	Grouped by recurring publication abbreviation.
fam-rdasb-publication	RDASB 1964-65 BED B 590-2	1	obi-v01-n0123-ob-p0202	Grouped by recurring publication abbreviation.
fam-rdasb-publication	RDASB 1965, p. 34	1	obi-v01-n0123-ob-p0202	Grouped by recurring publication abbreviation.
fam-rdasb-publication	RDASB 1965-66 BED B 552-2 & B 594-3	1	obi-v01-n0140-ob-p0226	Grouped by recurring publication abbreviation.
fam-rdasb-publication	RDASB 1965-66 BED B 583-1	1	obi-v01-n0088-ob-p0134	Grouped by recurring publication abbreviation.
fam-rdasb-publication	RDASB 1965-66 BED B 600-7	1	obi-v02-n0012-ob-p0018	Grouped by recurring publication abbreviation.
fam-rdasb-publication	RDASB 1965-66 BED B 602-4	1	obi-v02-n0013-ob-p0020	Grouped by recurring publication abbreviation.
fam-rdasb-publication	RDASB 1965-66 BED B 608-3	1	obi-v02-n0044-ob-p0083	Grouped by recurring publication abbreviation.
fam-rdasb-publication	RDASB 1966, p.	1	obi-v02-n0044-ob-p0083	Grouped by recurring publication abbreviation.
fam-rdasb-publication	RDASB 1966, p. 31 (no. 7)	1	obi-v01-n0089-ob-p0136	Grouped by recurring publication abbreviation.
fam-rdasb-publication	RDASB 1966-67 BED B 588-3	1	obi-v01-n0117-ob-p0189	Grouped by recurring publication abbreviation.
fam-rdasb-publication	RDASB 1967	1	obi-v01-n0117-ob-p0189	Grouped by recurring publication abbreviation.
fam-rdasb-publication	RDASB 1968-69	1	obi-v05-n0060-ob-p0135	Grouped by recurring publication abbreviation.
fam-rdasb-publication	RDASB 1969	1	obi-v01-n0018-ob-p0038	Grouped by recurring publication abbreviation.
fam-rdasb-publication	RDASB 1970-71 BED B 600-7	1	obi-v02-n0001-ob-p0001	Grouped by recurring publication abbreviation.
fam-rdasb-publication	RDASB 1971-72	1	obi-v05-n0014-ob-p0052	Grouped by recurring publication abbreviation.
fam-rdasb-publication	RDASB 1971-72 BED B 602-5	1	obi-v02-n0117-re-p0215	Grouped by recurring publication abbreviation.
fam-rdasb-publication	RDASB 1972-1973 BED B 630-5	1	obi-v03-n0031-ob-p0049	Grouped by recurring publication abbreviation.
fam-rdasb-publication	RDASB 1973	1	obi-v03-n0031-ob-p0049	Grouped by recurring publication abbreviation.
fam-rdasb-publication	RDASB 1973-74 BED B 600-7	1	obi-v02-n0062-ob-p0129	Grouped by recurring publication abbreviation.
fam-rdasb-publication	RDASB 1974-75 BED B 602-4	1	obi-v02-n0109-tx-p0206	Grouped by recurring publication abbreviation.
fam-rdasb-publication	RDASB 1977-78	1	obi-v04-n0097-ob-p0155	Grouped by recurring publication abbreviation.
fam-rdasb-publication	RDASB 62-63	1	obi-v04-n0010-re-p0014	Grouped by recurring publication abbreviation.
fam-sip-catalogue	SIP no. 26, p. 55	12	obi-v02-n0016-ob-p0024 | obi-v02-n0137-tx-p0240 | obi-v02-n0138-tx-p0240 | obi-v02-n0139-tx-p0241 | obi-v02-n0140-ob-p0242	Grouped by recurring leading label.
fam-sip-catalogue	SIP no. 11, p. 19	1	obi-v01-n0029-ob-p0050	Grouped by recurring leading label.
fam-sip-catalogue	SIP no. 12, p. 21	1	obi-v01-n0212-ob-p0360	Grouped by recurring leading label.
fam-sip-catalogue	SIP no. 14, p. 25	1	obi-v01-n0045-ob-p0073	Grouped by recurring leading label.
fam-sip-catalogue	SIP no. 15, p. 26	1	obi-v01-n0052-ob-p0083	Grouped by recurring leading label.
fam-sip-catalogue	SIP no. 16, p. 29	1	obi-v01-n0059-ob-p0093	Grouped by recurring leading label.
fam-sip-catalogue	SIP no. 17, p. 13	1	obi-v01-n0204-re-p0346	Grouped by recurring leading label.
fam-sip-catalogue	SIP no. 17, p. 30	1	obi-v01-n0062-ob-p0097	Grouped by recurring leading label.
fam-sip-catalogue	SIP no. 19, p. 35	1	obi-v01-n0097-tx-p0151	Grouped by recurring leading label.
fam-sip-catalogue	SIP no. 20, p. 39	1	obi-v01-n0135-ob-p0218	Grouped by recurring leading label.
fam-sip-catalogue	SIP no. 22, p. 45	1	obi-v01-n0160-ob-p0267	Grouped by recurring leading label.
fam-sip-catalogue	SIP no. 24, p. 49	1	obi-v01-n0174-ob-p0298	Grouped by recurring leading label.
fam-sip-catalogue	SIP no. 25, p. 52	1	obi-v01-n0179-tx-p0306	Grouped by recurring leading label.
fam-sip-catalogue	SIP no. 27, p. 59	1	obi-v02-n0065-tx-p0137	Grouped by recurring leading label.
fam-sip-catalogue	SIP no. 28, p. 63	1	obi-v02-n0022-ob-p0041	Grouped by recurring leading label.
fam-sip-catalogue	SIP no. 29, p. 66	1	obi-v02-n0053-tx-p0093	Grouped by recurring leading label.
fam-sip-catalogue	SIP no. 3, p. 3	1	obi-v01-n0194-ob-p0329	Grouped by recurring leading label.
fam-sip-catalogue	SIP no. 30, p. 70	1	obi-v03-n0042-ob-p0068	Grouped by recurring leading label.
fam-sip-catalogue	SIP no. 31, p. 72	1	obi-v03-n0052-re-p0083	Grouped by recurring leading label.
fam-sip-catalogue	SIP no. 34, p. 83	1	obi-v03-n0025-ob-p0037	Grouped by recurring leading label.
fam-sip-catalogue	SIP no. 37, p. 89	1	obi-v03-n0038-ob-p0062	Grouped by recurring leading label.
fam-sip-catalogue	SIP no. 39, p. 95	1	obi-v03-n0043-ob-p0070	Grouped by recurring leading label.
fam-sip-catalogue	SIP no. 4, p. 4	1	obi-v01-n0195-ob-p0331	Grouped by recurring leading label.
fam-sip-catalogue	SIP no. 40, p. 101	1	obi-v03-n0046-re-p0074	Grouped by recurring leading label.
fam-sip-catalogue	SIP no. 42, p. 110	1	obi-v03-n0039-ob-p0065	Grouped by recurring leading label.
fam-sip-catalogue	SIP no. 8, p. 13	1	obi-v01-n0012-ob-p0029	Grouped by recurring leading label.
fam-sip-catalogue	SIP no. 9, p. 16	1	obi-v01-n0207-ob-p0352	Grouped by recurring leading label.
fam-tn-catalogue	TN, p. 26	78	obi-v03-n0002-re-p0002 | obi-v03-n0014-re-p0020 | obi-v03-n0015-ob-p0021 | obi-v03-n0016-ob-p0022 | obi-v03-n0016-re-p0023	Grouped by recurring leading label.
fam-tn-catalogue	TN, p. 91	77	obi-v03-n0001-ob-p0001 | obi-v03-n0008-re-p0011 | obi-v03-n0009-ob-p0012 | obi-v03-n0010-ob-p0013 | obi-v03-n0011-ob-p0014	Grouped by recurring leading label.
fam-tn-catalogue	TN, p. 71	12	obi-v02-n0016-ob-p0024 | obi-v02-n0137-tx-p0240 | obi-v02-n0138-tx-p0240 | obi-v02-n0139-tx-p0241 | obi-v02-n0140-ob-p0242	Grouped by recurring leading label.
fam-tn-catalogue	TN, p. 143	3	obi-v01-n0150-tx-p0253 | obi-v01-n0162-tx-p0272 | obi-v01-n0176-tx-p0302	Grouped by recurring leading label.
fam-tn-catalogue	TN, p. 80	3	obi-v01-n0034-re-p0056 | obi-v01-n0047-ob-p0075 | obi-v01-n0054-ob-p0086	Grouped by recurring leading label.
fam-tn-catalogue	TN, p. 107	2	obi-v01-n0128-ob-p0208 | obi-v01-n0143-ob-p0240	Grouped by recurring leading label.
fam-tn-catalogue	TN, p. 111	2	obi-v02-n0026-re-p0051 | obi-v02-n0053-tx-p0093	Grouped by recurring leading label.
fam-tn-catalogue	TN, p. 28	2	obi-v01-n0095-re-p0142 | obi-v01-n0169-ob-p0287	Grouped by recurring leading label.
fam-tn-catalogue	TN, p. 81	2	obi-v01-n0063-ob-p0099 | obi-v01-n0065-ob-p0102	Grouped by recurring leading label.
fam-tn-catalogue	TN, p. 84	2	obi-v01-n0154-ob-p0257 | obi-v01-n0161-ob-p0270	Grouped by recurring leading label.
fam-tn-catalogue	TN, p. 97	2	obi-v01-n0001-tx-p0001 | obi-v01-n0002-tx-p0004	Grouped by recurring leading label.
fam-tn-catalogue	TN, p. 98	2	obi-v01-n0084-ob-p0129 | obi-v01-n0093-re-p0140	Grouped by recurring leading label.
fam-tn-catalogue	TN	1	obi-v01-n0202-re-p0343	Grouped by recurring leading label.
fam-tn-catalogue	TN p. 67	1	obi-v01-n0205-ob-p0347	Grouped by recurring leading label.
fam-tn-catalogue	TN, p.	1	obi-v01-n0195-ob-p0331	Grouped by recurring leading label.
fam-tn-catalogue	TN, p. 100	1	obi-v01-n0097-tx-p0156	Grouped by recurring leading label.
fam-tn-catalogue	TN, p. 100-106	1	obi-v01-n0142-tx-p0238	Grouped by recurring leading label.
fam-tn-catalogue	TN, p. 101	1	obi-v01-n0108-tx-p0176	Grouped by recurring leading label.
fam-tn-catalogue	TN, p. 103	1	obi-v01-n0097-tx-p0151	Grouped by recurring leading label.
fam-tn-catalogue	TN, p. 106	1	obi-v01-n0121-tx-p0193	Grouped by recurring leading label.
fam-tn-catalogue	TN, p. 108	1	obi-v01-n0146-tx-p0246	Grouped by recurring leading label.
fam-tn-catalogue	TN, p. 109	1	obi-v01-n0187-ob-p0320	Grouped by recurring leading label.
fam-tn-catalogue	TN, p. 109, U Min Hswe, no. 53	1	obi-v02-n0023-ob-p0044	Grouped by recurring leading label.
fam-tn-catalogue	TN, p. 116	1	obi-v03-n0052-re-p0083	Grouped by recurring leading label.
fam-tn-catalogue	TN, p. 126	1	obi-v03-n0046-re-p0074	Grouped by recurring leading label.
fam-tn-catalogue	TN, p. 136	1	obi-v03-n0059-ob-p0095	Grouped by recurring leading label.
fam-tn-catalogue	TN, p. 144	1	obi-v03-n0039-ob-p0065	Grouped by recurring leading label.
fam-tn-catalogue	TN, p. 27	1	obi-v01-n0057-ob-p0091	Grouped by recurring leading label.
fam-tn-catalogue	TN, p. 29	1	obi-v01-n0181-ob-p0311	Grouped by recurring leading label.
fam-tn-catalogue	TN, p. 3	1	obi-v02-n0018-ob-p0029	Grouped by recurring leading label.
fam-tn-catalogue	TN, p. 51	1	obi-v03-n0042-ob-p0068	Grouped by recurring leading label.
fam-tn-catalogue	TN, p. 52	1	obi-v01-n0172-ob-p0291	Grouped by recurring leading label.
fam-tn-catalogue	TN, p. 54	1	obi-v02-n0091-ob-p0179	Grouped by recurring leading label.
fam-tn-catalogue	TN, p. 56	1	obi-v01-n0052-ob-p0083	Grouped by recurring leading label.
fam-tn-catalogue	TN, p. 57	1	obi-v02-n0046-ob-p0085	Grouped by recurring leading label.
fam-tn-catalogue	TN, p. 58-60	1	obi-v02-n0065-tx-p0137	Grouped by recurring leading label.
fam-tn-catalogue	TN, p. 6	1	obi-v01-n0148-ob-p0249	Grouped by recurring leading label.
fam-tn-catalogue	TN, p. 60	1	obi-v02-n0065-tx-p0137	Grouped by recurring leading label.
fam-tn-catalogue	TN, p. 61-62	1	obi-v02-n0024-ob-p0047	Grouped by recurring leading label.
fam-tn-catalogue	TN, p. 65	1	obi-v01-n0021-ob-p0042	Grouped by recurring leading label.
fam-tn-catalogue	TN, p. 66	1	obi-v01-n0012-ob-p0029	Grouped by recurring leading label.
fam-tn-catalogue	TN, p. 68	1	obi-v02-n0083-ob-p0170	Grouped by recurring leading label.
fam-tn-catalogue	TN, p. 69	1	obi-v01-n0070-ob-p0111	Grouped by recurring leading label.
fam-tn-catalogue	TN, p. 70	1	obi-v01-n0029-ob-p0050	Grouped by recurring leading label.
fam-tn-catalogue	TN, p. 73	1	obi-v01-n0004-ob-p0011	Grouped by recurring leading label.
fam-tn-catalogue	TN, p. 79	1	obi-v01-n0027-ob-p0048	Grouped by recurring leading label.
fam-tn-catalogue	TN, p. 82	1	obi-v01-n0130-ob-p0211	Grouped by recurring leading label.
fam-tn-catalogue	TN, p. 83	1	obi-v02-n0041-ob-p0076	Grouped by recurring leading label.
fam-tn-catalogue	TN, p. 85	1	obi-v01-n0178-tx-p0305	Grouped by recurring leading label.
fam-tn-catalogue	TN, p. 86	1	obi-v01-n0179-tx-p0306	Grouped by recurring leading label.
fam-tn-catalogue	TN, p. 87	1	obi-v01-n0186-ob-p0319	Grouped by recurring leading label.
fam-tn-catalogue	TN, p. 88	1	obi-v02-n0022-ob-p0041	Grouped by recurring leading label.
fam-tn-catalogue	TN, p. 89	1	obi-v02-n0050-ob-p0089	Grouped by recurring leading label.
fam-tn-catalogue	TN, p. 91, U Min Hswe, no. 63	1	obi-v02-n0098-ob-p0190	Grouped by recurring leading label.
fam-tn-catalogue	TN, p. 92	1	obi-v01-n0007-ob-p0022	Grouped by recurring leading label.
fam-tn-catalogue	TN, p. 93	1	obi-v01-n0183-ob-p0315	Grouped by recurring leading label.
fam-tn-catalogue	TN, p. 96	1	obi-v02-n0118-re-p0217	Grouped by recurring leading label.
fam-tn-catalogue	TN, p. 99	1	obi-v01-n0134-ob-p0215	Grouped by recurring leading label.
fam-u-min-hswe-catalogue	U Min Hswe, no. 51	78	obi-v03-n0002-re-p0002 | obi-v03-n0014-re-p0020 | obi-v03-n0015-ob-p0021 | obi-v03-n0016-ob-p0022 | obi-v03-n0016-re-p0023	Grouped by recurring leading label.
fam-u-min-hswe-catalogue	U Min Hswe, no. 18	77	obi-v03-n0001-ob-p0001 | obi-v03-n0008-re-p0011 | obi-v03-n0009-ob-p0012 | obi-v03-n0010-ob-p0013 | obi-v03-n0011-ob-p0014	Grouped by recurring leading label.
fam-u-min-hswe-catalogue	U Min Hswe, no. 43	12	obi-v02-n0016-ob-p0024 | obi-v02-n0137-tx-p0240 | obi-v02-n0138-tx-p0240 | obi-v02-n0139-tx-p0241 | obi-v02-n0140-ob-p0242	Grouped by recurring leading label.
fam-u-min-hswe-catalogue	U Min Hswe, no. 7	9	obi-v02-n0013-ob-p0020 | obi-v02-n0107-ob-p0203 | obi-v02-n0108-re-p0204 | obi-v02-n0109-ob-p0205 | obi-v02-n0109-tx-p0206	Grouped by recurring leading label.
fam-u-min-hswe-catalogue	U Min Hswe, no. 32	2	obi-v01-n0221-tx-p0376 | obi-v01-n0222-re-p0376	Grouped by recurring leading label.
fam-u-min-hswe-catalogue	U Min Hswe, no. 12	1	obi-v02-n0050-ob-p0089	Grouped by recurring leading label.
fam-u-min-hswe-catalogue	U Min Hswe, no. 14	1	obi-v03-n0042-ob-p0068	Grouped by recurring leading label.
fam-u-min-hswe-catalogue	U Min Hswe, no. 17	1	obi-v01-n0161-ob-p0270	Grouped by recurring leading label.
fam-u-min-hswe-catalogue	U Min Hswe, no. 19	1	obi-v03-n0025-ob-p0037	Grouped by recurring leading label.
fam-u-min-hswe-catalogue	U Min Hswe, no. 20	1	obi-v01-n0029-ob-p0050	Grouped by recurring leading label.
fam-u-min-hswe-catalogue	U Min Hswe, no. 21	1	obi-v01-n0021-ob-p0042	Grouped by recurring leading label.
fam-u-min-hswe-catalogue	U Min Hswe, no. 22-3	1	obi-v02-n0024-ob-p0047	Grouped by recurring leading label.
fam-u-min-hswe-catalogue	U Min Hswe, no. 24	1	obi-v01-n0052-ob-p0083	Grouped by recurring leading label.
fam-u-min-hswe-catalogue	U Min Hswe, no. 28	1	obi-v01-n0207-ob-p0352	Grouped by recurring leading label.
fam-u-min-hswe-catalogue	U Min Hswe, no. 3	1	obi-v01-n0095-re-p0142	Grouped by recurring leading label.
fam-u-min-hswe-catalogue	U Min Hswe, no. 34	1	obi-v02-n0022-ob-p0041	Grouped by recurring leading label.
fam-u-min-hswe-catalogue	U Min Hswe, no. 37	1	obi-v01-n0135-ob-p0218	Grouped by recurring leading label.
fam-u-min-hswe-catalogue	U Min Hswe, no. 39	1	obi-v03-n0031-ob-p0049	Grouped by recurring leading label.
fam-u-min-hswe-catalogue	U Min Hswe, no. 4	1	obi-v01-n0057-ob-p0091	Grouped by recurring leading label.
fam-u-min-hswe-catalogue	U Min Hswe, no. 40	1	obi-v01-n0154-ob-p0257	Grouped by recurring leading label.
fam-u-min-hswe-catalogue	U Min Hswe, no. 41	1	obi-v01-n0069-ob-p0108	Grouped by recurring leading label.
fam-u-min-hswe-catalogue	U Min Hswe, no. 44	1	obi-v01-n0186-ob-p0319	Grouped by recurring leading label.
fam-u-min-hswe-catalogue	U Min Hswe, no. 45	1	obi-v01-n0123-ob-p0202	Grouped by recurring leading label.
fam-u-min-hswe-catalogue	U Min Hswe, no. 46	1	obi-v03-n0131-ob-p0222	Grouped by recurring leading label.
fam-u-min-hswe-catalogue	U Min Hswe, no. 49	1	obi-v01-n0166-ob-p0278	Grouped by recurring leading label.
fam-u-min-hswe-catalogue	U Min Hswe, no. 57	1	obi-v01-n0130-ob-p0211	Grouped by recurring leading label.
fam-u-min-hswe-catalogue	U Min Hswe, no. 58	1	obi-v01-n0136-re-p0220	Grouped by recurring leading label.
fam-u-min-hswe-catalogue	U Min Hswe, no. 59	1	obi-v01-n0059-ob-p0093	Grouped by recurring leading label.
fam-u-min-hswe-catalogue	U Min Hswe, no. 6	1	obi-v01-n0178-tx-p0305	Grouped by recurring leading label.
fam-u-min-hswe-catalogue	U Min Hswe, no. 62	1	obi-v02-n0118-re-p0217	Grouped by recurring leading label.
fam-u-min-hswe-catalogue	U Min Hswe, no. 67	1	obi-v01-n0045-ob-p0073	Grouped by recurring leading label.
fam-u-min-hswe-catalogue	U Min Hswe, no. 70	1	obi-v01-n0065-ob-p0102	Grouped by recurring leading label.
fam-u-min-hswe-catalogue	U Min Hswe, no. 73	1	obi-v01-n0072-ob-p0116	Grouped by recurring leading label.
fam-u-min-hswe-catalogue	U Min Hswe, no. 76	1	obi-v01-n0179-tx-p0306	Grouped by recurring leading label.
fam-u-min-hswe-catalogue	U Min Hswe, no. 77	1	obi-v01-n0174-ob-p0298	Grouped by recurring leading label.
fam-u-min-hswe-catalogue	U Min Hswe, no. 82	1	obi-v02-n0085-ob-p0173	Grouped by recurring leading label.
fam-u-min-hswe-catalogue	U Min Hswe, no. 85	1	obi-v01-n0144-re-p0242	Grouped by recurring leading label.
fam-u-min-hswe-catalogue	U Min Hswe, nos. 83-4	1	obi-v02-n0065-tx-p0137	Grouped by recurring leading label.
fam-uem-catalogue	UEM no. 44, p. 117	12	obi-v02-n0016-ob-p0024 | obi-v02-n0137-tx-p0240 | obi-v02-n0138-tx-p0240 | obi-v02-n0139-tx-p0241 | obi-v02-n0140-ob-p0242	Grouped by recurring leading label.
fam-uem-catalogue	UEM no. 41, p. 113	5	obi-v02-n0005-re-p0009 | obi-v02-n0051-ob-p0091 | obi-v02-n0052-ob-p0092 | obi-v02-n0053-re-p0096 | obi-v02-n0054-ob-p0099	Grouped by recurring leading label.
fam-uem-catalogue	UEM no. 42, p. 115	5	obi-v02-n0002-ob-p0003 | obi-v02-n0019-re-p0031 | obi-v02-n0020-ob-p0033 | obi-v02-n0020-re-p0035 | obi-v02-n0021-ob-p0037	Grouped by recurring leading label.
fam-uem-catalogue	UEM no. 18, p. 36	2	obi-v01-n0062-ob-p0097 | obi-v01-n0063-ob-p0099	Grouped by recurring leading label.
fam-uem-catalogue	UEM no. 3, p. 3	2	obi-v01-n0001-tx-p0001 | obi-v01-n0002-tx-p0004	Grouped by recurring leading label.
fam-uem-catalogue	UEM no. 11, p. 19	1	obi-v01-n0041-ob-p0065	Grouped by recurring leading label.
fam-uem-catalogue	UEM no. 12, p. 23	1	obi-v01-n0044-ob-p0071	Grouped by recurring leading label.
fam-uem-catalogue	UEM no. 14, p. 28	1	obi-v01-n0050-ob-p0081	Grouped by recurring leading label.
fam-uem-catalogue	UEM no. 15, p. 29	1	obi-v01-n0052-ob-p0083	Grouped by recurring leading label.
fam-uem-catalogue	UEM no. 16, p. 33	1	obi-v01-n0059-ob-p0093	Grouped by recurring leading label.
fam-uem-catalogue	UEM no. 19, p. 38	1	obi-v01-n0065-ob-p0102	Grouped by recurring leading label.
fam-uem-catalogue	UEM no. 2, p. 2	1	obi-v01-n0190-ob-p0324	Grouped by recurring leading label.
fam-uem-catalogue	UEM no. 20, p. 179	1	obi-v01-n0070-ob-p0111	Grouped by recurring leading label.
fam-uem-catalogue	UEM no. 21, p. 41	1	obi-v01-n0057-ob-p0091	Grouped by recurring leading label.
fam-uem-catalogue	UEM no. 21, p. 43	1	obi-v01-n0095-re-p0142	Grouped by recurring leading label.
fam-uem-catalogue	UEM no. 22, p. 44	1	obi-v01-n0105-ob-p0173	Grouped by recurring leading label.
fam-uem-catalogue	UEM no. 23, p. 44	1	obi-v01-n0068-ob-p0107	Grouped by recurring leading label.
fam-uem-catalogue	UEM no. 24, p. 46	1	obi-v01-n0126-ob-p0205	Grouped by recurring leading label.
fam-uem-catalogue	UEM no. 25, p. 48	1	obi-v01-n0128-ob-p0208	Grouped by recurring leading label.
fam-uem-catalogue	UEM no. 26, p. 49	1	obi-v01-n0084-ob-p0129	Grouped by recurring leading label.
fam-uem-catalogue	UEM no. 28, p. 52	1	obi-v01-n0135-ob-p0218	Grouped by recurring leading label.
fam-uem-catalogue	UEM no. 29, p. 50	1	obi-v01-n0093-re-p0140	Grouped by recurring leading label.
fam-uem-catalogue	UEM no. 29, p. 54	1	obi-v01-n0143-ob-p0240	Grouped by recurring leading label.
fam-uem-catalogue	UEM no. 30, p. 57	1	obi-v01-n0144-re-p0242	Grouped by recurring leading label.
fam-uem-catalogue	UEM no. 31, p. 58	1	obi-v01-n0097-tx-p0151	Grouped by recurring leading label.
fam-uem-catalogue	UEM no. 31, p. 65	1	obi-v01-n0097-tx-p0156	Grouped by recurring leading label.
fam-uem-catalogue	UEM no. 31, p. 72	1	obi-v01-n0097-tx-p0161	Grouped by recurring leading label.
fam-uem-catalogue	UEM no. 31, p. 76	1	obi-v01-n0142-tx-p0238	Grouped by recurring leading label.
fam-uem-catalogue	UEM no. 31, p. 78	1	obi-v01-n0142-tx-p0238	Grouped by recurring leading label.
fam-uem-catalogue	UEM no. 31, p. 79	1	obi-v01-n0142-tx-p0238	Grouped by recurring leading label.
fam-uem-catalogue	UEM no. 31, p. 84	1	obi-v01-n0142-tx-p0238	Grouped by recurring leading label.
fam-uem-catalogue	UEM no. 31, p. 86	1	obi-v01-n0146-tx-p0246	Grouped by recurring leading label.
fam-uem-catalogue	UEM no. 31, p. 88	1	obi-v01-n0146-tx-p0246	Grouped by recurring leading label.
fam-uem-catalogue	UEM no. 32, p. 90	1	obi-v01-n0132-ob-p0213	Grouped by recurring leading label.
fam-uem-catalogue	UEM no. 33, p. 69	1	obi-v01-n0108-tx-p0176	Grouped by recurring leading label.
fam-uem-catalogue	UEM no. 33, p. 91	1	obi-v01-n0154-ob-p0257	Grouped by recurring leading label.
fam-uem-catalogue	UEM no. 35, p. 95	1	obi-v01-n0174-ob-p0298	Grouped by recurring leading label.
fam-uem-catalogue	UEM no. 36, p. 99	1	obi-v01-n0179-tx-p0306	Grouped by recurring leading label.
fam-uem-catalogue	UEM no. 37 p. 102	1	obi-v01-n0129-tx-p0209	Grouped by recurring leading label.
fam-uem-catalogue	UEM no. 37, p. 104	1	obi-v01-n0150-tx-p0253	Grouped by recurring leading label.
fam-uem-catalogue	UEM no. 37, p. 106	1	obi-v01-n0176-tx-p0302	Grouped by recurring leading label.
fam-uem-catalogue	UEM no. 40, p. 112	1	obi-v01-n0187-ob-p0320	Grouped by recurring leading label.
fam-uem-catalogue	UEM no. 43, p. 116	1	obi-v02-n0018-ob-p0029	Grouped by recurring leading label.
fam-uem-catalogue	UEM no. 45, p. 120	1	obi-v02-n0030-ob-p0056	Grouped by recurring leading label.
fam-uem-catalogue	UEM no. 46, p. 122	1	obi-v02-n0065-tx-p0137	Grouped by recurring leading label.
fam-uem-catalogue	UEM no. 46, p. 124	1	obi-v02-n0065-tx-p0137	Grouped by recurring leading label.
fam-uem-catalogue	UEM no. 47, p. 129	1	obi-v02-n0022-ob-p0041	Grouped by recurring leading label.
fam-uem-catalogue	UEM no. 47, p. 131	1	obi-v02-n0023-ob-p0044	Grouped by recurring leading label.
fam-uem-catalogue	UEM no. 48, p. 134	1	obi-v02-n0024-ob-p0047	Grouped by recurring leading label.
fam-uem-catalogue	UEM no. 49, p. 137	1	obi-v02-n0017-ob-p0027	Grouped by recurring leading label.
fam-uem-catalogue	UEM no. 49, p. 139	1	obi-v02-n0026-re-p0051	Grouped by recurring leading label.
fam-uem-catalogue	UEM no. 5, p. 9	1	obi-v01-n0012-ob-p0029	Grouped by recurring leading label.
fam-uem-catalogue	UEM no. 53, p. 148	1	obi-v02-n0040-ob-p0074	Grouped by recurring leading label.
fam-uem-catalogue	UEM no. 54, p. 150	1	obi-v02-n0046-ob-p0085	Grouped by recurring leading label.
fam-uem-catalogue	UEM no. 56, p. 153	1	obi-v02-n0053-tx-p0093	Grouped by recurring leading label.
fam-uem-catalogue	UEM no. 6 p. 11	1	obi-v01-n0021-ob-p0042	Grouped by recurring leading label.
fam-uem-catalogue	UEM no. 61, p. 179	1	obi-v02-n0083-ob-p0170	Grouped by recurring leading label.
fam-uem-catalogue	UEM no. 63, p. 183	1	obi-v02-n0091-ob-p0179	Grouped by recurring leading label.
fam-uem-catalogue	UEM no. 7, p. 12	1	obi-v01-n0027-ob-p0048	Grouped by recurring leading label.
fam-uem-catalogue	UEM no. 8, p. 13	1	obi-v01-n0029-ob-p0050	Grouped by recurring leading label.
fam-uem-catalogue	UEM no. 9, p. 16	1	obi-v01-n0032-ob-p0055	Grouped by recurring leading label.
fam-uem-catalogue	UEM, no. 1, p. 1	1	obi-v01-n0005-ob-p0019	Grouped by recurring leading label.
fam-uem-catalogue	UEM, no. 37, p. 105	1	obi-v01-n0162-tx-p0272	Grouped by recurring leading label.
