record_id	source_deposit	raw_reference_string
obi-v01-n0001-tx-p0001	zenodo_4321314	IPPA-209
obi-v01-n0001-tx-p0001	zenodo_4321314	List 52
obi-v01-n0001-tx-p0001	zenodo_4321314	IOB4-364/b
obi-v01-n0001-tx-p0001	zenodo_4321314	EB Vol.1, n°1 BED B 474-1
obi-v01-n0001-tx-p0001	zenodo_4321314	Pl. IV 364a+b
obi-v01-n0001-tx-p0001	zenodo_4321314	OBI 1, p. 1 and OBI1,p.4
obi-v01-n0001-tx-p0001	zenodo_4321314	UEM no. 3, p. 3
obi-v01-n0001-tx-p0001	zenodo_4321314	EB 1 (1), 1919, p. 1
obi-v01-n0001-tx-p0001	zenodo_4321314	List 51+52
obi-v01-n0001-tx-p0001	zenodo_4321314	TN, p. 97
obi-v01-n0001-tx-p0001	zenodo_4321314	Ray, Theravada Buddhism, p. 106
obi-v01-n0001-tx-p0001	zenodo_4321314	Anthology 5, p. 81
obi-v01-n0001-tx-p0001	zenodo_4321314	Blagden, JRAS 1909, p. 10
obi-v01-n0001-tx-p0001	zenodo_4321314	U Pe Maung Tin, The Myazedi Inscription, in Nava-rat Kui:-svay, Rangoon 1966, p. 23-33
obi-v01-n0001-tx-p0001	zenodo_4321314	U Tha Myat, The Pali Version of the Myazedi Inscription, Rangoon 1958
obi-v01-n0001-tx-p0001	zenodo_4321314	U Tin Lwin, Rajakumar's Inscription in Pali, in Takkasuil ... (repr. Yangon 1989)
obi-v01-n0001-tx-p0001	zenodo_4321314	The Myazedi Inscription in Four Languages, ed. by the Cultural Institute, Rangoon 1960, Harvey, History of Myanmar, p. 43-44
obi-v01-n0001-tx-p0002	zenodo_4321314	IPPA-209, 211
obi-v01-n0001-tx-p0002	zenodo_4321314	List-52
obi-v01-n0001-tx-p0002	zenodo_4321314	IOB4-361/b
obi-v01-n0001-tx-p0002	zenodo_4321314	EB Vol.1, n°1
obi-v01-n0002-tx-p0004	zenodo_4321314	IPPA-203
obi-v01-n0002-tx-p0004	zenodo_4321314	List-51
obi-v01-n0002-tx-p0004	zenodo_4321314	IOB4-364/a
obi-v01-n0002-tx-p0004	zenodo_4321314	EB Vol.1 n°1 BED B 474-1
obi-v01-n0002-tx-p0004	zenodo_4321314	Pl. IV 364a+b
obi-v01-n0002-tx-p0004	zenodo_4321314	OBI 1, p. 4 and OBI1,p.1
obi-v01-n0002-tx-p0004	zenodo_4321314	UEM no. 3, p. 3
obi-v01-n0002-tx-p0004	zenodo_4321314	EB 1 (1), 1919, p. 1
obi-v01-n0002-tx-p0004	zenodo_4321314	List 51+52
obi-v01-n0002-tx-p0004	zenodo_4321314	TN, p. 97
obi-v01-n0002-tx-p0004	zenodo_4321314	Ray, Theravada Buddhism, p. 106
obi-v01-n0002-tx-p0004	zenodo_4321314	Anthology 5, p. 81
obi-v01-n0002-tx-p0004	zenodo_4321314	Blagden, JRAS 1909, p. 10
obi-v01-n0002-tx-p0004	zenodo_4321314	U Pe Maung Tin, The Myazedi Inscription, in Nava-rat Kui:-svay, Rangoon 1966, p. 23-33
obi-v01-n0002-tx-p0004	zenodo_4321314	U Tha Myat, The Pali Version of the Myazedi Inscription, Rangoon 1958
obi-v01-n0002-tx-p0004	zenodo_4321314	U Tin Lwin, Rajakumar's Inscription in Pali, in Takkasuil ... (repr. Yangon 1989)
obi-v01-n0002-tx-p0004	zenodo_4321314	The Myazedi Inscription in Four Languages, ed. by the Cultural Institute, Rangoon 1960, Harvey, History of Myanmar, p. 43-44
obi-v01-n0002-tx-p0006	zenodo_4321314	IPPA-207
obi-v01-n0002-tx-p0006	zenodo_4321314	List-51
obi-v01-n0002-tx-p0006	zenodo_4321314	IOB4-361/a
obi-v01-n0002-tx-p0006	zenodo_4321314	EB Vol.1, n°1
obi-v01-n0003-ob-p0008	zenodo_4321314	RDASB 1955-56 BED B 474-2
obi-v01-n0003-ob-p0008	zenodo_4321314	OBI 1, p. 8
obi-v01-n0003-ob-p0008	zenodo_4321314	Luce J 2675
obi-v01-n0004-ob-p0011	zenodo_4321314	IPPA-159
obi-v01-n0004-ob-p0011	zenodo_4321314	List-66/a
obi-v01-n0004-ob-p0011	zenodo_4321314	IOB1-1 BED B 493-1
obi-v01-n0004-ob-p0011	zenodo_4321314	Pl. I 1+2
obi-v01-n0004-ob-p0011	zenodo_4321314	OBI 1, p. 11
obi-v01-n0004-ob-p0011	zenodo_4321314	List 66 a+b
obi-v01-n0004-ob-p0011	zenodo_4321314	PPA, p. 159
obi-v01-n0004-ob-p0011	zenodo_4321314	TN, p. 73
obi-v01-n0004-ob-p0011	zenodo_4321314	Luce/U Pe Maung Tin, JBRS 10 (2), 1920, p. 67-74 (and corrected date in JBRS 22 (3), 1932, p. 151), Luce/U Pe Maung Tin, BBHC 1 (1), 1960, p. 1-28
obi-v01-n0004-ob-p0011	zenodo_4321314	Ray, Theravada Buddhism, p. 108
obi-v01-n0004-ob-p0011	zenodo_4321314	OR 3475, no. 18
obi-v01-n0004-re-p0015	zenodo_4321314	IPPA-162
obi-v01-n0004-re-p0015	zenodo_4321314	List-66/b
obi-v01-n0004-re-p0015	zenodo_4321314	IOB1-2
obi-v01-n0005-ob-p0019	zenodo_4321314	RDASB 1925-26
obi-v01-n0005-ob-p0019	zenodo_4321314	IOB3-303 BED A
obi-v01-n0005-ob-p0019	zenodo_4321314	Pl. III 303
obi-v01-n0005-ob-p0019	zenodo_4321314	OBI 1, p. 19
obi-v01-n0005-ob-p0019	zenodo_4321314	UEM, no. 1, p. 1
obi-v01-n0005-ob-p0019	zenodo_4321314	RSASB 1926, p. 26
obi-v01-n0006-ob-p0020	zenodo_4321314	IOB1-106 BED B 509-1
obi-v01-n0006-ob-p0020	zenodo_4321314	Pl. I 106-107
obi-v01-n0006-ob-p0020	zenodo_4321314	OBI 1, p. 20
obi-v01-n0006-re-p0021	zenodo_4321314	IOB1-107
obi-v01-n0007-ob-p0022	zenodo_4321314	IPPA-192
obi-v01-n0007-ob-p0022	zenodo_4321314	List-1251
obi-v01-n0007-ob-p0022	zenodo_4321314	IOB1-59 BED B 561-1 & B 509-2
obi-v01-n0007-ob-p0022	zenodo_4321314	Pl. I 59
obi-v01-n0007-ob-p0022	zenodo_4321314	OBI 1, p. 22
obi-v01-n0007-ob-p0022	zenodo_4321314	List 1251
obi-v01-n0007-ob-p0022	zenodo_4321314	PPA, p. 192
obi-v01-n0007-ob-p0022	zenodo_4321314	TN, p. 92
obi-v01-n0008-ob-p0023	zenodo_4321314	RDASB 1954-1955 BED B 503-1
obi-v01-n0008-ob-p0023	zenodo_4321314	OBI 1, p. 23
obi-v01-n0009-ob-p0025	zenodo_4321314	BED B 512-1
obi-v01-n0009-ob-p0025	zenodo_4321314	OBI 1, p. 25
obi-v01-n0010-ob-p0026	zenodo_4321314	BA-27
obi-v01-n0010-ob-p0026	zenodo_4321314	List 72
obi-v01-n0010-ob-p0026	zenodo_4321314	IOB1-3 BED B 512-2
obi-v01-n0010-ob-p0026	zenodo_4321314	Pl. I 3
obi-v01-n0010-ob-p0026	zenodo_4321314	OBI 1, p. 26
obi-v01-n0010-ob-p0026	zenodo_4321314	List 72
obi-v01-n0010-ob-p0026	zenodo_4321314	MP 1, p. 25
obi-v01-n0010-ob-p0026	zenodo_4321314	A, p. 27
obi-v01-n0010-ob-p0026	zenodo_4321314	Luce/U Pe Maung Tin, BBHC 1 (2), 1960, p. 231-7
obi-v01-n0011-ob-p0027	zenodo_4321314	IOB2-178 BED B 513-1
obi-v01-n0011-ob-p0027	zenodo_4321314	Pl. II 178
obi-v01-n0011-ob-p0027	zenodo_4321314	OBI 1, p. 27
obi-v01-n0012-ob-p0029	zenodo_4321314	IPPA-141
obi-v01-n0012-ob-p0029	zenodo_4321314	List-81/a
obi-v01-n0012-ob-p0029	zenodo_4321314	IOB1-4 BED B 527-1
obi-v01-n0012-ob-p0029	zenodo_4321314	Pl. I 4-5
obi-v01-n0012-ob-p0029	zenodo_4321314	OBI 1, p. 29
obi-v01-n0012-ob-p0029	zenodo_4321314	SIP no. 8, p. 13
obi-v01-n0012-ob-p0029	zenodo_4321314	UEM no. 5, p. 9
obi-v01-n0012-ob-p0029	zenodo_4321314	List 81a+b
obi-v01-n0012-ob-p0029	zenodo_4321314	PPA, p. 141-2
obi-v01-n0012-ob-p0029	zenodo_4321314	TN, p. 66
obi-v01-n0012-ob-p0029	zenodo_4321314	Luce/ U Pe Maung Tin, BBHC 1 (2)
obi-v01-n0012-ob-p0029	zenodo_4321314	1960, p. 241
obi-v01-n0012-re-p0030	zenodo_4321314	IPPA-143
obi-v01-n0012-re-p0030	zenodo_4321314	List-81/b
obi-v01-n0012-re-p0030	zenodo_4321314	IOB1-5
obi-v01-n0012-re-p0030	zenodo_4321314	IOB1-47
obi-v01-n0013-ob-p0032	zenodo_4321314	RDASB 1962-63 BED B 529-1
obi-v01-n0013-ob-p0032	zenodo_4321314	OBI 1, p. 32
obi-v01-n0014-ob-p0033	zenodo_4321314	RDASB 1961-62 BED B 530-1
obi-v01-n0014-ob-p0033	zenodo_4321314	OBI 1, p. 33
obi-v01-n0014-ob-p0033	zenodo_4321314	RDASB 1963, p. 27-8
obi-v01-n0015-ob-p0034	zenodo_4321314	BED B 530-3
obi-v01-n0015-ob-p0034	zenodo_4321314	OBI 1, p. 34
obi-v01-n0016-ob-p0035	zenodo_4321314	BA 107
obi-v01-n0016-ob-p0035	zenodo_4321314	List 328
obi-v01-n0017-ob-p0037	zenodo_4321314	BED B 532-1
obi-v01-n0017-ob-p0037	zenodo_4321314	OBI 1, p. 37
obi-v01-n0018-ob-p0038	zenodo_4321314	RDASB 1958-59 BED B 533-1
obi-v01-n0018-ob-p0038	zenodo_4321314	OBI 1, p. 38
obi-v01-n0018-ob-p0038	zenodo_4321314	RDASB 1969
obi-v01-n0019-ob-p0040	zenodo_4321314	IOB2-113 BED B 537-6
obi-v01-n0019-ob-p0040	zenodo_4321314	Pl. II 113
obi-v01-n0019-ob-p0040	zenodo_4321314	OBI 1, p. 40
obi-v01-n0019-ob-p0040	zenodo_4321314	MP 1, no. 1, p. 1
obi-v01-n0019-ob-p0040	zenodo_4321314	Luce, OBEP, p. 109
obi-v01-n0019-ob-p0040	zenodo_4321314	Frasch, Pagan, p. 102-103
obi-v01-n0020-ob-p0041	zenodo_4321314	IOB2 114/a BED B 537-1
obi-v01-n0020-ob-p0041	zenodo_4321314	Pl. II 114a
obi-v01-n0020-ob-p0041	zenodo_4321314	OBI 1, p. 41
obi-v01-n0021-ob-p0042	zenodo_4321314	IPPA 139
obi-v01-n0021-ob-p0042	zenodo_4321314	List 105
obi-v01-n0021-ob-p0042	zenodo_4321314	IOB1-6 BED B 541-1
obi-v01-n0021-ob-p0042	zenodo_4321314	Pl. I 6
obi-v01-n0021-ob-p0042	zenodo_4321314	OBI 1, p. 42
obi-v01-n0021-ob-p0042	zenodo_4321314	UEM no. 6 p. 11
obi-v01-n0021-ob-p0042	zenodo_4321314	List 105
obi-v01-n0021-ob-p0042	zenodo_4321314	PPA, p. 139
obi-v01-n0021-ob-p0042	zenodo_4321314	TN, p. 65
obi-v01-n0021-ob-p0042	zenodo_4321314	Luce/U Pe Maung Tin, BBHC 3, 1963, p. 62
obi-v01-n0021-ob-p0042	zenodo_4321314	Harvey, History, p. 331
obi-v01-n0021-ob-p0042	zenodo_4321314	Anthology 5, p. 82
obi-v01-n0021-ob-p0042	zenodo_4321314	U Min Hswe, no. 21
obi-v01-n0022-ob-p0043	zenodo_4321314	BM2-768
obi-v01-n0022-ob-p0043	zenodo_4321314	List 106
obi-v01-n0022-ob-p0043	zenodo_4321314	IOB1-7 BED B 543-1
obi-v01-n0022-ob-p0043	zenodo_4321314	Pl. I 7
obi-v01-n0022-ob-p0043	zenodo_4321314	OBI 1, p. 43
obi-v01-n0022-ob-p0043	zenodo_4321314	copy List 106
obi-v01-n0022-ob-p0043	zenodo_4321314	B 2, p. 768
obi-v01-n0022-ob-p0043	zenodo_4321314	MM 2, no. 36, p. 144
obi-v01-n0022-ob-p0043	zenodo_4321314	ARASI 1921-22, p. 35 and pl. 19a
obi-v01-n0022-ob-p0043	zenodo_4321314	Luce/U Pe Maung Tin, BBHC 3, 1963, p. 65
obi-v01-n0023-ob-p0044	zenodo_4321314	BA-34
obi-v01-n0023-ob-p0044	zenodo_4321314	List 108
obi-v01-n0023-ob-p0044	zenodo_4321314	IOB1-8/a BED B 544-1
obi-v01-n0023-ob-p0044	zenodo_4321314	Pl. I 8a
obi-v01-n0023-ob-p0044	zenodo_4321314	OBI 1, p. 44
obi-v01-n0023-ob-p0044	zenodo_4321314	List 108
obi-v01-n0023-ob-p0044	zenodo_4321314	A, p. 34
obi-v01-n0023-ob-p0044	zenodo_4321314	MP 1, p. 49
obi-v01-n0023-ob-p0044	zenodo_4321314	Luce/U Pe Maung Tin, BBHC 3, 1963, p. 69
obi-v01-n0024-ob-p0045	zenodo_4321314	IOB1-c/b BED B 546-1
obi-v01-n0024-ob-p0045	zenodo_4321314	Pl. I 8b
obi-v01-n0024-ob-p0045	zenodo_4321314	OBI 1, p. 45
obi-v01-n0024-ob-p0045	zenodo_4321314	Luce/ U Pe Maung Tin, BBHC 3, 1963, p. 72
obi-v01-n0025-ob-p0046	zenodo_4321314	RDASB 1962-63 BED B 547-1
obi-v01-n0025-ob-p0046	zenodo_4321314	OBI 1, p. 46
obi-v01-n0025-ob-p0046	zenodo_4321314	RDASB 1963, p. 28
obi-v01-n0026-ob-p0046	zenodo_4321314	IOB2-115 BED B 549-1
obi-v01-n0026-ob-p0046	zenodo_4321314	Pl. II 115
obi-v01-n0026-ob-p0046	zenodo_4321314	OBI 1, p. 46
obi-v01-n0026-ob-p0046	zenodo_4321314	Htupayon 2, p. 117
obi-v01-n0026-ob-p0046	zenodo_4321314	RSASB 1912, p. 34
obi-v01-n0026-ob-p0046	zenodo_4321314	U Nyein Maung’s update to OBI 5 (Htupayon), p. 2
obi-v01-n0027-ob-p0048	zenodo_4321314	IPPA-165
obi-v01-n0027-ob-p0048	zenodo_4321314	List-120
obi-v01-n0027-ob-p0048	zenodo_4321314	IOB1-3 BED B 550-1
obi-v01-n0027-ob-p0048	zenodo_4321314	Pl. I 13
obi-v01-n0027-ob-p0048	zenodo_4321314	OBI 1, p. 48
obi-v01-n0027-ob-p0048	zenodo_4321314	UEM no. 7, p. 12
obi-v01-n0027-ob-p0048	zenodo_4321314	List 120
obi-v01-n0027-ob-p0048	zenodo_4321314	PPA, p. 165
obi-v01-n0027-ob-p0048	zenodo_4321314	TN, p. 79
obi-v01-n0027-ob-p0048	zenodo_4321314	Luce/U Pe Maung Tin, BBHC 3, 1963, p. 96
obi-v01-n0028-ob-p0049	zenodo_4321314	IOB3-325 BED B 551-1
obi-v01-n0028-ob-p0049	zenodo_4321314	Pl. III 325
obi-v01-n0028-ob-p0049	zenodo_4321314	OBI 1, p. 49
obi-v01-n0029-ob-p0050	zenodo_4321314	IPPA-151
obi-v01-n0029-ob-p0050	zenodo_4321314	List-123/a
obi-v01-n0029-ob-p0050	zenodo_4321314	IOB1-10/a BED B 552-1
obi-v01-n0029-ob-p0050	zenodo_4321314	Pl. I 10a+b
obi-v01-n0029-ob-p0050	zenodo_4321314	OBI 1, p. 50
obi-v01-n0029-ob-p0050	zenodo_4321314	SIP no. 11, p. 19
obi-v01-n0029-ob-p0050	zenodo_4321314	UEM no. 8, p. 13
obi-v01-n0029-ob-p0050	zenodo_4321314	List 123a +b
obi-v01-n0029-ob-p0050	zenodo_4321314	PPA, p. 151
obi-v01-n0029-ob-p0050	zenodo_4321314	TN, p. 70
obi-v01-n0029-ob-p0050	zenodo_4321314	Duroiselle, JBRS 6.2, 1916, p. 88
obi-v01-n0029-ob-p0050	zenodo_4321314	Luce/U Pe Maung Tin, BBHC 3, 1963, p. 80
obi-v01-n0029-ob-p0050	zenodo_4321314	Anthology 5, p. 84
obi-v01-n0029-ob-p0050	zenodo_4321314	U Min Hswe, no. 20
obi-v01-n0029-re-p0051	zenodo_4321314	IPPA-153, 154
obi-v01-n0029-re-p0051	zenodo_4321314	List-123/b
obi-v01-n0029-re-p0051	zenodo_4321314	IOB1-10/b
obi-v01-n0030-ob-p0053	zenodo_4321314	RDASB 1938-39
obi-v01-n0030-ob-p0053	zenodo_4321314	IOB4-365/b BED B 552-3
obi-v01-n0030-ob-p0053	zenodo_4321314	Pl. IV 365b
obi-v01-n0030-ob-p0053	zenodo_4321314	OBI 1, p. 53
obi-v01-n0031-ob-p0054	zenodo_4321314	BA-36
obi-v01-n0031-ob-p0054	zenodo_4321314	List-125
obi-v01-n0031-ob-p0054	zenodo_4321314	IOB1-11 BED B 553-1
obi-v01-n0031-ob-p0054	zenodo_4321314	Pl. I 11
obi-v01-n0031-ob-p0054	zenodo_4321314	OBI 1, p. 54
obi-v01-n0031-ob-p0054	zenodo_4321314	List 125
obi-v01-n0031-ob-p0054	zenodo_4321314	A, p. 36
obi-v01-n0031-ob-p0054	zenodo_4321314	MP 1, p. 139
obi-v01-n0031-ob-p0054	zenodo_4321314	Luce/U Pe Maung Tin, BBHC 3, 1963, p. 88
obi-v01-n0032-ob-p0055	zenodo_4321314	IUB1-287
obi-v01-n0032-ob-p0055	zenodo_4321314	List-80
obi-v01-n0032-ob-p0055	zenodo_4321314	IOB1-12 BED B 554-1
obi-v01-n0032-ob-p0055	zenodo_4321314	Pl. I 12
obi-v01-n0032-ob-p0055	zenodo_4321314	OBI 1, p. 55
obi-v01-n0032-ob-p0055	zenodo_4321314	UEM no. 9, p. 16
obi-v01-n0032-ob-p0055	zenodo_4321314	List 80
obi-v01-n0032-ob-p0055	zenodo_4321314	UB1, p. 287
obi-v01-n0032-ob-p0055	zenodo_4321314	Luce/U Pe Maung Tin, BBHC 3, 1963, p. 91
obi-v01-n0033-ob-p0056	zenodo_4321314	IOB1-9/a BED B 555-1
obi-v01-n0033-ob-p0056	zenodo_4321314	Pl. I 9a
obi-v01-n0033-ob-p0056	zenodo_4321314	OBI 1, p. 56
obi-v01-n0033-ob-p0056	zenodo_4321314	Luce/U Pe Maung Tin, BBHC 3, 1963, p. 74
obi-v01-n0034-re-p0056	zenodo_4321314	IPPA-166
obi-v01-n0034-re-p0056	zenodo_4321314	List-144
obi-v01-n0034-re-p0056	zenodo_4321314	IOB1-14 BED B 558-1
obi-v01-n0034-re-p0056	zenodo_4321314	Pl. I 14
obi-v01-n0034-re-p0056	zenodo_4321314	OBI 1, p. 56
obi-v01-n0034-re-p0056	zenodo_4321314	List 144
obi-v01-n0034-re-p0056	zenodo_4321314	PPA, p. 166
obi-v01-n0034-re-p0056	zenodo_4321314	TN, p. 80
obi-v01-n0034-re-p0056	zenodo_4321314	Luce/U Pe Maung Tin, BBHC 3, 1963, p. 96
obi-v01-n0035-ob-p0057	zenodo_4321314	BED B 558-2
obi-v01-n0035-ob-p0057	zenodo_4321314	OBI 1, p. 57
obi-v01-n0036-ob-p0058	zenodo_4321314	IOB2-116 BED B 559-1
obi-v01-n0036-ob-p0058	zenodo_4321314	Pl. II 116
obi-v01-n0036-ob-p0058	zenodo_4321314	OBI 1, p. 58
obi-v01-n0036-ob-p0058	zenodo_4321314	RSASB 1915, p. 57
obi-v01-n0037-re-p0059	zenodo_4321314	BED B 559-2
obi-v01-n0037-re-p0059	zenodo_4321314	OBI 1, p. 59
obi-v01-n0038-ob-p0060	zenodo_4321314	IPPA-18
obi-v01-n0038-ob-p0060	zenodo_4321314	List-145/a
obi-v01-n0038-ob-p0060	zenodo_4321314	IOB1-15
obi-v01-n0038-re-p0061	zenodo_4321314	IPPA-20
obi-v01-n0038-re-p0061	zenodo_4321314	List 145/b
obi-v01-n0038-re-p0061	zenodo_4321314	IOB1-16
obi-v01-n0039-ob-p0062	zenodo_4321314	IUB2-197
obi-v01-n0039-ob-p0062	zenodo_4321314	IOB1-17
obi-v01-n0039-re-p0063	zenodo_4321314	IUB2-198
obi-v01-n0039-re-p0063	zenodo_4321314	IOB1-18
obi-v01-n0040-ob-p0064	zenodo_4321314	BA-128
obi-v01-n0040-ob-p0064	zenodo_4321314	List-380/b
obi-v01-n0040-ob-p0064	zenodo_4321314	IOB2-117/a
obi-v01-n0040-ob-p0064	zenodo_4321314	BA-127
obi-v01-n0040-ob-p0064	zenodo_4321314	IOB5-581/b BED B 559-5
obi-v01-n0040-ob-p0064	zenodo_4321314	Pl. II 117a
obi-v01-n0040-ob-p0064	zenodo_4321314	OBI 1, p. 64
obi-v01-n0040-ob-p0064	zenodo_4321314	List 380b
obi-v01-n0040-ob-p0064	zenodo_4321314	A, p. 128
obi-v01-n0041-ob-p0065	zenodo_4321314	IUB1-257
obi-v01-n0041-ob-p0065	zenodo_4321314	List 154/a
obi-v01-n0041-ob-p0065	zenodo_4321314	IOB1-19/a, BED B 560-1
obi-v01-n0041-ob-p0065	zenodo_4321314	Pl. I 19-20
obi-v01-n0041-ob-p0065	zenodo_4321314	OBI 1, p. 65
obi-v01-n0041-ob-p0065	zenodo_4321314	UEM no. 11, p. 19
obi-v01-n0041-ob-p0065	zenodo_4321314	List 154a+b
obi-v01-n0041-ob-p0065	zenodo_4321314	UB 1, p. 257
obi-v01-n0041-ob-p0065	zenodo_4321314	Luce/U Pe Maung Tin, BBHC 3, 1963, p. 118
obi-v01-n0041-ob-p0065	zenodo_4321314	U Tin Htway, “First Burmese Royal Inscription”
obi-v01-n0041-re-p0067	zenodo_4321314	IUB1-258
obi-v01-n0041-re-p0067	zenodo_4321314	List-154/b
obi-v01-n0041-re-p0067	zenodo_4321314	IOB1-20/a,
obi-v01-n0042-ob-p0069	zenodo_4321314	BA-42
obi-v01-n0042-ob-p0069	zenodo_4321314	List-152
obi-v01-n0042-ob-p0069	zenodo_4321314	IOB1-21 BED B 560-4
obi-v01-n0042-ob-p0069	zenodo_4321314	Pl. I 21
obi-v01-n0042-ob-p0069	zenodo_4321314	OBI 1, p. 69
obi-v01-n0042-ob-p0069	zenodo_4321314	List 152
obi-v01-n0042-ob-p0069	zenodo_4321314	A, p. 42
obi-v01-n0042-ob-p0069	zenodo_4321314	MP 1, p. 53
obi-v01-n0043-ob-p0070	zenodo_4321314	IOB2-117/b BED B 560-5
obi-v01-n0043-ob-p0070	zenodo_4321314	Pl. II 117b
obi-v01-n0043-ob-p0070	zenodo_4321314	OBI 1, p. 70
obi-v01-n0043-ob-p0070	zenodo_4321314	Luce, Prayers, JBRS 1936, p. 135
obi-v01-n0043-ob-p0070	zenodo_4321314	U Than Tun, JBRS 1978, p. 15
obi-v01-n0043-ob-p0070	zenodo_4321314	Ray, Theravada Buddhism, p. 165
obi-v01-n0044-ob-p0071	zenodo_4321314	IUB2-259
obi-v01-n0044-ob-p0071	zenodo_4321314	List-160/a
obi-v01-n0044-ob-p0071	zenodo_4321314	IOB1-22 BED B 563-2
obi-v01-n0044-ob-p0071	zenodo_4321314	Pl. I 22
obi-v01-n0044-ob-p0071	zenodo_4321314	OBI 1, p. 71
obi-v01-n0044-ob-p0071	zenodo_4321314	UEM no. 12, p. 23
obi-v01-n0044-ob-p0071	zenodo_4321314	List 160a+b
obi-v01-n0044-ob-p0071	zenodo_4321314	UB 2, p. 259
obi-v01-n0044-re-p0072	zenodo_4321314	IUB2-260
obi-v01-n0044-re-p0072	zenodo_4321314	List-160/b
obi-v01-n0044-re-p0072	zenodo_4321314	IOB1-23
obi-v01-n0045-ob-p0073	zenodo_4321314	IUB1-174
obi-v01-n0045-ob-p0073	zenodo_4321314	List-161
obi-v01-n0045-ob-p0073	zenodo_4321314	IOB1-24 BED B 564-1
obi-v01-n0045-ob-p0073	zenodo_4321314	Pl. I 24
obi-v01-n0045-ob-p0073	zenodo_4321314	OBI 1, p. 73
obi-v01-n0045-ob-p0073	zenodo_4321314	SIP no. 14, p. 25
obi-v01-n0045-ob-p0073	zenodo_4321314	List 161
obi-v01-n0045-ob-p0073	zenodo_4321314	UB 1, p. 147
obi-v01-n0045-ob-p0073	zenodo_4321314	Anthology 1, p. 39
obi-v01-n0045-ob-p0073	zenodo_4321314	U Min Hswe, no. 67
obi-v01-n0046-ob-p0074	zenodo_4321314	IOB3-324/a
obi-v01-n0046-ob-p0074	zenodo_4321314	RDASB 1960-61 BED B 564-2
obi-v01-n0046-ob-p0074	zenodo_4321314	Pl. III 324a
obi-v01-n0046-ob-p0074	zenodo_4321314	OBI 1, p. 74
obi-v01-n0046-ob-p0074	zenodo_4321314	RDASB 1961, p. 13
obi-v01-n0047-ob-p0075	zenodo_4321314	IPPA-167
obi-v01-n0047-ob-p0075	zenodo_4321314	List-165-27 BED B 566-2
obi-v01-n0047-ob-p0075	zenodo_4321314	Pl. I 27
obi-v01-n0047-ob-p0075	zenodo_4321314	OBI 1, p. 75
obi-v01-n0047-ob-p0075	zenodo_4321314	List 165
obi-v01-n0047-ob-p0075	zenodo_4321314	PPA, p. 167
obi-v01-n0047-ob-p0075	zenodo_4321314	TN, p. 80
obi-v01-n0048-ob-p0077	zenodo_4321314	BA-51
obi-v01-n0048-ob-p0077	zenodo_4321314	List-168/a
obi-v01-n0048-ob-p0077	zenodo_4321314	IOB1-28/a BED B 568-1
obi-v01-n0048-ob-p0077	zenodo_4321314	Pl. I 28a+b
obi-v01-n0048-ob-p0077	zenodo_4321314	OBI 1, p. 77
obi-v01-n0048-ob-p0077	zenodo_4321314	List 168a+b
obi-v01-n0048-ob-p0077	zenodo_4321314	A, p. 51
obi-v01-n0048-ob-p0077	zenodo_4321314	MP 1, p. 61-65
obi-v01-n0048-re-p0078	zenodo_4321314	BA-52
obi-v01-n0048-re-p0078	zenodo_4321314	List-160/b
obi-v01-n0048-re-p0078	zenodo_4321314	IOB1-28/b
obi-v01-n0049-ob-p0080	zenodo_4321314	RDASB 1962-63 BED B 567-2
obi-v01-n0049-ob-p0080	zenodo_4321314	OBI 1, p. 80
obi-v01-n0049-ob-p0080	zenodo_4321314	RDASB 1963, p. 29
obi-v01-n0050-ob-p0081	zenodo_4321314	BA-41
obi-v01-n0050-ob-p0081	zenodo_4321314	List-153
obi-v01-n0050-ob-p0081	zenodo_4321314	IOB1-29 BED B 568-2
obi-v01-n0050-ob-p0081	zenodo_4321314	Pl. I 29
obi-v01-n0050-ob-p0081	zenodo_4321314	OBI 1, p. 81
obi-v01-n0050-ob-p0081	zenodo_4321314	UEM no. 14, p. 28
obi-v01-n0050-ob-p0081	zenodo_4321314	List 153
obi-v01-n0050-ob-p0081	zenodo_4321314	A, p. 41
obi-v01-n0050-ob-p0081	zenodo_4321314	MP, p. 93
obi-v01-n0051-ob-p0082	zenodo_4321314	1958-59-b RDASB BED B 568-3
obi-v01-n0051-ob-p0082	zenodo_4321314	OBI 1, p. 82
obi-v01-n0052-ob-p0083	zenodo_4321314	IPPA-109, 111
obi-v01-n0052-ob-p0083	zenodo_4321314	List-273/a
obi-v01-n0052-ob-p0083	zenodo_4321314	IOB1-31 BED B 593-1
obi-v01-n0052-ob-p0083	zenodo_4321314	Pl. I 31
obi-v01-n0052-ob-p0083	zenodo_4321314	OBI 1, p. 83
obi-v01-n0052-ob-p0083	zenodo_4321314	SIP no. 15, p. 26
obi-v01-n0052-ob-p0083	zenodo_4321314	UEM no. 15, p. 29
obi-v01-n0052-ob-p0083	zenodo_4321314	List 273(a)
obi-v01-n0052-ob-p0083	zenodo_4321314	PPA, p. 109
obi-v01-n0052-ob-p0083	zenodo_4321314	TN, p. 56
obi-v01-n0052-ob-p0083	zenodo_4321314	copies: List 212
obi-v01-n0052-ob-p0083	zenodo_4321314	B 2, p. 846
obi-v01-n0052-ob-p0083	zenodo_4321314	MM 3, no. 37-38, p. 155-160
obi-v01-n0052-ob-p0083	zenodo_4321314	another copy MM 3, no. 25, p. 107
obi-v01-n0052-ob-p0083	zenodo_4321314	and MM 4, no. 47, p. 214 (said to come from Sagaing)
obi-v01-n0052-ob-p0083	zenodo_4321314	Ray, Theravada Buddhism, p. 164, Frasch, ‘King Nadaungmya's Great Gift’, p. xx
obi-v01-n0052-ob-p0083	zenodo_4321314	U Min Hswe, no. 24
obi-v01-n0053-ob-p0086	zenodo_4321314	IOB1-108/a BED B 567-6
obi-v01-n0053-ob-p0086	zenodo_4321314	Pl. I 108a
obi-v01-n0053-ob-p0086	zenodo_4321314	OBI 1, p. 86
obi-v01-n0053-ob-p0086	zenodo_4321314	copy List 427
obi-v01-n0053-ob-p0086	zenodo_4321314	B 2, p. 792
obi-v01-n0054-ob-p0086	zenodo_4321314	IPPA-168
obi-v01-n0054-ob-p0086	zenodo_4321314	List-172
obi-v01-n0054-ob-p0086	zenodo_4321314	IOB1-32 BED B 570-1
obi-v01-n0054-ob-p0086	zenodo_4321314	Pl. I 32-33
obi-v01-n0054-ob-p0086	zenodo_4321314	OBI 1, p. 86
obi-v01-n0054-ob-p0086	zenodo_4321314	List 172
obi-v01-n0054-ob-p0086	zenodo_4321314	PPA, p. 168
obi-v01-n0054-ob-p0086	zenodo_4321314	TN, p. 80
obi-v01-n0054-re-p0087	zenodo_4321314	IOB1-33
obi-v01-n0054-tx-p0089	zenodo_4321314	IOB1-32, 33 BED B 570-2
obi-v01-n0054-tx-p0089	zenodo_4321314	Pl. II 118a
obi-v01-n0054-tx-p0089	zenodo_4321314	OBI 1, p. 89
obi-v01-n0054-tx-p0089	zenodo_4321314	U Hswai, JBRS 48 (2), 1965, p. 67, no. 5
obi-v01-n0055-ob-p0089	zenodo_4321314	IOB2-118/a BED B 570-2
obi-v01-n0055-ob-p0089	zenodo_4321314	Pl. II 118a
obi-v01-n0055-ob-p0089	zenodo_4321314	OBI 1, p. 89
obi-v01-n0055-ob-p0089	zenodo_4321314	U Hswai, JBRS 48 (2), 1965, p. 67, no. 5
obi-v01-n0056-ob-p0090	zenodo_4321314	BED B 570-3
obi-v01-n0056-ob-p0090	zenodo_4321314	Pl. V 573a
obi-v01-n0056-ob-p0090	zenodo_4321314	OBI 2, p. 207
obi-v01-n0056-ob-p0090	zenodo_4321314	OBI 1, p. 90
obi-v01-n0057-ob-p0091	zenodo_4321314	IPPA-57
obi-v01-n0057-ob-p0091	zenodo_4321314	List-102
obi-v01-n0057-ob-p0091	zenodo_4321314	IOB1-50 -b
obi-v01-n0057-ob-p0091	zenodo_4321314	IOB-1-51. BED B 572
obi-v01-n0057-ob-p0091	zenodo_4321314	Pl. I 50
obi-v01-n0057-ob-p0091	zenodo_4321314	OBI 1, p. 91
obi-v01-n0057-ob-p0091	zenodo_4321314	UEM no. 21, p. 41
obi-v01-n0057-ob-p0091	zenodo_4321314	List 122
obi-v01-n0057-ob-p0091	zenodo_4321314	PPA, p. 57
obi-v01-n0057-ob-p0091	zenodo_4321314	TN, p. 27
obi-v01-n0057-ob-p0091	zenodo_4321314	U Min Hswe, no. 4
obi-v01-n0058-tx-p0093	zenodo_4321314	IUB2-138
obi-v01-n0058-tx-p0093	zenodo_4321314	List-182 BED B 573-1
obi-v01-n0058-tx-p0093	zenodo_4321314	List 168 a+b
obi-v01-n0058-tx-p0093	zenodo_4321314	OBI 1, p. 93
obi-v01-n0058-tx-p0093	zenodo_4321314	UB 2, p. 51
obi-v01-n0059-ob-p0093	zenodo_4321314	IUB1-176
obi-v01-n0059-ob-p0093	zenodo_4321314	List-174/a
obi-v01-n0059-ob-p0093	zenodo_4321314	IOB-34 BED B 573-2
obi-v01-n0059-ob-p0093	zenodo_4321314	Pl. I 34-35
obi-v01-n0059-ob-p0093	zenodo_4321314	OBI 1, p. 93
obi-v01-n0059-ob-p0093	zenodo_4321314	SIP no. 16, p. 29
obi-v01-n0059-ob-p0093	zenodo_4321314	UEM no. 16, p. 33
obi-v01-n0059-ob-p0093	zenodo_4321314	List 174a+b
obi-v01-n0059-ob-p0093	zenodo_4321314	UB 1, p. 176
obi-v01-n0059-ob-p0093	zenodo_4321314	U Min Hswe, no. 59
obi-v01-n0059-re-p0095	zenodo_4321314	IUB1-177
obi-v01-n0059-re-p0095	zenodo_4321314	List-174/b
obi-v01-n0059-re-p0095	zenodo_4321314	IOB1-35
obi-v01-n0060-ob-p0096	zenodo_4321314	IOB4-365/c BED B 573-3
obi-v01-n0060-ob-p0096	zenodo_4321314	Pl. IV 365c
obi-v01-n0060-ob-p0096	zenodo_4321314	OBI 1, p. 96
obi-v01-n0061-ob-p0097	zenodo_4321314	IOB1-38/b BED B 573-4
obi-v01-n0061-ob-p0097	zenodo_4321314	Pl. I 38a
obi-v01-n0061-ob-p0097	zenodo_4321314	OBI 1, p. 97
obi-v01-n0062-ob-p0097	zenodo_4321314	IOB1-36 BED B 574-1
obi-v01-n0062-ob-p0097	zenodo_4321314	Pl. I 36
obi-v01-n0062-ob-p0097	zenodo_4321314	OBI 1, p. 97
obi-v01-n0062-ob-p0097	zenodo_4321314	SIP no. 17, p. 30
obi-v01-n0062-ob-p0097	zenodo_4321314	UEM no. 18, p. 36
obi-v01-n0063-ob-p0099	zenodo_4321314	IPPA-169
obi-v01-n0063-ob-p0099	zenodo_4321314	List-175
obi-v01-n0063-ob-p0099	zenodo_4321314	IOB1-37 BED 574-2
obi-v01-n0063-ob-p0099	zenodo_4321314	Pl. I 37-38a
obi-v01-n0063-ob-p0099	zenodo_4321314	OBI 1, p. 99
obi-v01-n0063-ob-p0099	zenodo_4321314	UEM no. 18, p. 36
obi-v01-n0063-ob-p0099	zenodo_4321314	List 175
obi-v01-n0063-ob-p0099	zenodo_4321314	PPA, p. 169
obi-v01-n0063-ob-p0099	zenodo_4321314	TN, p. 81
obi-v01-n0063-re-p0100	zenodo_4321314	IOB1-38/a
obi-v01-n0064-ob-p0100	zenodo_4321314	IOB4-370
obi-v01-n0064-ob-p0100	zenodo_4321314	RDASB 1937-38 BED B 574-3
obi-v01-n0064-ob-p0100	zenodo_4321314	Pl. IV 370
obi-v01-n0064-ob-p0100	zenodo_4321314	OBI 1, p. 100
obi-v01-n0065-ob-p0102	zenodo_4321314	IPPA-170
obi-v01-n0065-ob-p0102	zenodo_4321314	List-176
obi-v01-n0065-ob-p0102	zenodo_4321314	IOB1-39 BED B 575-1
obi-v01-n0065-ob-p0102	zenodo_4321314	Pl. I 39-40
obi-v01-n0065-ob-p0102	zenodo_4321314	OBI 1, p. 102
obi-v01-n0065-ob-p0102	zenodo_4321314	UEM no. 19, p. 38
obi-v01-n0065-ob-p0102	zenodo_4321314	List 176
obi-v01-n0065-ob-p0102	zenodo_4321314	PPA, p. 170
obi-v01-n0065-ob-p0102	zenodo_4321314	TN, p. 81
obi-v01-n0065-ob-p0102	zenodo_4321314	copy MM 3, no. 30, p. 131
obi-v01-n0065-ob-p0102	zenodo_4321314	U Min Hswe, no. 70
obi-v01-n0065-re-p0103	zenodo_4321314	IOB1-40
obi-v01-n0066-ob-p0105	zenodo_4321314	IOB2-119/a BED B 577-5
obi-v01-n0066-ob-p0105	zenodo_4321314	Pl. II 119a
obi-v01-n0066-ob-p0105	zenodo_4321314	OBI 1, p. 105
obi-v01-n0066-re-p0106	zenodo_4321314	IOB2-119/b BED B 591-8
obi-v01-n0066-re-p0106	zenodo_4321314	Pl. II 119b
obi-v01-n0066-re-p0106	zenodo_4321314	OBI 1, p. 106
obi-v01-n0067-ob-p0106	zenodo_4321314	BED B 577-1
obi-v01-n0067-ob-p0106	zenodo_4321314	OBI 1, p. 106
obi-v01-n0067-ob-p0106	zenodo_4321314	Luce G 1899
obi-v01-n0067-ob-p0106	zenodo_4321314	ARASI 1936-37, p. 116
obi-v01-n0068-ob-p0107	zenodo_4321314	IOB1-56/a
obi-v01-n0068-ob-p0107	zenodo_4321314	IOB1-56/b BED B 577-2
obi-v01-n0068-ob-p0107	zenodo_4321314	Pl. I 56a
obi-v01-n0068-ob-p0107	zenodo_4321314	OBI 1, p. 107
obi-v01-n0068-ob-p0107	zenodo_4321314	UEM no. 23, p. 44
obi-v01-n0069-ob-p0108	zenodo_4321314	IOB1-66
obi-v01-n0069-ob-p0108	zenodo_4321314	IOB1-67, BED B 577-3
obi-v01-n0069-ob-p0108	zenodo_4321314	Pl. I 66
obi-v01-n0069-ob-p0108	zenodo_4321314	OBI 1, p. 108
obi-v01-n0069-ob-p0108	zenodo_4321314	U Min Hswe, no. 41
obi-v01-n0070-ob-p0111	zenodo_4321314	IPPA-149
obi-v01-n0070-ob-p0111	zenodo_4321314	List-179
obi-v01-n0070-ob-p0111	zenodo_4321314	IOB1-41 BED B 578-1
obi-v01-n0070-ob-p0111	zenodo_4321314	Pl. I 41
obi-v01-n0070-ob-p0111	zenodo_4321314	OBI 1, p. 111
obi-v01-n0070-ob-p0111	zenodo_4321314	UEM no. 20, p. 179
obi-v01-n0070-ob-p0111	zenodo_4321314	List 179
obi-v01-n0070-ob-p0111	zenodo_4321314	PPA, p. 149
obi-v01-n0070-ob-p0111	zenodo_4321314	TN, p. 69
obi-v01-n0070-ob-p0111	zenodo_4321314	List 78
obi-v01-n0070-ob-p0111	zenodo_4321314	B 2, p. 788
obi-v01-n0070-ob-p0111	zenodo_4321314	MM 3, no. 31, p. 133
obi-v01-n0070-ob-p0111	zenodo_4321314	OR 3475, no. 5
obi-v01-n0071-ob-p0112	zenodo_4321314	IOB1-42 BED B 578-2
obi-v01-n0071-ob-p0112	zenodo_4321314	Pl. I 42-43
obi-v01-n0071-ob-p0112	zenodo_4321314	OBI 1, p. 112
obi-v01-n0071-re-p0114	zenodo_4321314	IOB1-43
obi-v01-n0072-ob-p0116	zenodo_4321314	IOB1-44/a BED B 578-3
obi-v01-n0072-ob-p0116	zenodo_4321314	Pl. I 44a
obi-v01-n0072-ob-p0116	zenodo_4321314	OBI 1, p. 116
obi-v01-n0072-ob-p0116	zenodo_4321314	Than Tun, Hnaung-dwe, no. 8, p. 18
obi-v01-n0072-ob-p0116	zenodo_4321314	U Min Hswe, no. 73
obi-v01-n0073-ob-p0117	zenodo_4321314	BA-57 & 539
obi-v01-n0073-ob-p0117	zenodo_4321314	List <xx>
obi-v01-n0073-ob-p0117	zenodo_4321314	IOB-44/b & 33/b BED B 578-4
obi-v01-n0073-ob-p0117	zenodo_4321314	Pl. I 44b and IV 331b
obi-v01-n0073-ob-p0117	zenodo_4321314	OBI 1, p. 117
obi-v01-n0073-ob-p0117	zenodo_4321314	List 180 and 1403
obi-v01-n0073-ob-p0117	zenodo_4321314	A, p. 97 and 549
obi-v01-n0074-ob-p0118	zenodo_4321314	IOB1-118/b BED B 579-1
obi-v01-n0074-ob-p0118	zenodo_4321314	Pl. II 118a
obi-v01-n0074-ob-p0118	zenodo_4321314	OBI 1, p. 118
obi-v01-n0075-tx-p0118	zenodo_4321314	IUB2-137
obi-v01-n0075-tx-p0118	zenodo_4321314	List-182 BED B 579-2
obi-v01-n0075-tx-p0118	zenodo_4321314	OBI 1, p. 118
obi-v01-n0075-tx-p0118	zenodo_4321314	List 182
obi-v01-n0075-tx-p0118	zenodo_4321314	UB 2, p. 137
obi-v01-n0076-ob-p0119	zenodo_4321314	RDASB 1960-61 BED B 579-3
obi-v01-n0076-ob-p0119	zenodo_4321314	OBI 1, p. 119
obi-v01-n0076-ob-p0119	zenodo_4321314	RDASB 1961
obi-v01-n0076-ob-p0119	zenodo_4321314	U Hswai, JBRS 48 (2), 1965, p. 67, no. 12
obi-v01-n0077-ob-p0121	zenodo_4321314	IOB2-120/a BED B 579-8
obi-v01-n0077-ob-p0121	zenodo_4321314	Pl. II 120a-b
obi-v01-n0077-ob-p0121	zenodo_4321314	OBI 1, p. 121
obi-v01-n0077-ob-p0121	zenodo_4321314	U Hswai, JBRS 48 (2), 1965, p. 67, no. 6
obi-v01-n0077-tx-p0122	zenodo_4321314	IOB2-120/b
obi-v01-n0078-ob-p0123	zenodo_4321314	RDASB 1963-64 BED B 579-4
obi-v01-n0078-ob-p0123	zenodo_4321314	OBI 1, p. 123
obi-v01-n0078-ob-p0123	zenodo_4321314	RDASB 1964, p. 22 (no. 26)
obi-v01-n0079-ob-p0124	zenodo_4321314	IUB1-288
obi-v01-n0079-ob-p0124	zenodo_4321314	List-171
obi-v01-n0079-ob-p0124	zenodo_4321314	IOB2-125/b BED B 580-1
obi-v01-n0079-ob-p0124	zenodo_4321314	Pl. II 125b
obi-v01-n0079-ob-p0124	zenodo_4321314	OBI 1, p. 124
obi-v01-n0079-ob-p0124	zenodo_4321314	List 171
obi-v01-n0079-ob-p0124	zenodo_4321314	UB 1, p. 288
obi-v01-n0080-ob-p0125	zenodo_4321314	IOB2-121/a BED B 581-1
obi-v01-n0080-ob-p0125	zenodo_4321314	Pl. II 121a
obi-v01-n0080-ob-p0125	zenodo_4321314	OBI 1, p. 125
obi-v01-n0081-ob-p0125	zenodo_4321314	IOB1-45 BED B 581-2
obi-v01-n0081-ob-p0125	zenodo_4321314	Pl. I 45
obi-v01-n0081-ob-p0125	zenodo_4321314	OBI 1, p. 125
obi-v01-n0082-ob-p0127	zenodo_4321314	RDASB 1954-55 BED B 581-3
obi-v01-n0082-ob-p0127	zenodo_4321314	OBI 1, p. 127
obi-v01-n0082-ob-p0127	zenodo_4321314	Luce J 2672
obi-v01-n0082-re-p0127	zenodo_4321314	BED A
obi-v01-n0082-re-p0127	zenodo_4321314	OBI 1, p. 127
obi-v01-n0083-ob-p0128	zenodo_4321314	IOB4-371/a BED B 581-4
obi-v01-n0083-ob-p0128	zenodo_4321314	Pl. IV 371a
obi-v01-n0083-ob-p0128	zenodo_4321314	OBI 1, p. 128
obi-v01-n0083-ob-p0128	zenodo_4321314	List 1353 (acc. to IB)
obi-v01-n0084-ob-p0129	zenodo_4321314	IPPA-212-213,
obi-v01-n0084-ob-p0129	zenodo_4321314	List-185,
obi-v01-n0084-ob-p0129	zenodo_4321314	IOB1-63/a-b BED A
obi-v01-n0084-ob-p0129	zenodo_4321314	Pl. I 63
obi-v01-n0084-ob-p0129	zenodo_4321314	OBI 1, p. 129
obi-v01-n0084-ob-p0129	zenodo_4321314	UEM no. 26, p. 49
obi-v01-n0084-ob-p0129	zenodo_4321314	List 185
obi-v01-n0084-ob-p0129	zenodo_4321314	PPA, p. 212
obi-v01-n0084-ob-p0129	zenodo_4321314	TN, p. 98
obi-v01-n0085-ob-p0130	zenodo_4321314	IOB1-48 BED B 582-1
obi-v01-n0085-ob-p0130	zenodo_4321314	Pl. I 48-49
obi-v01-n0085-ob-p0130	zenodo_4321314	OBI 1, p. 130
obi-v01-n0085-re-p0132	zenodo_4321314	IOB1-49
obi-v01-n0086-tx-p0133	zenodo_4321314	IPPA-150
obi-v01-n0086-tx-p0133	zenodo_4321314	List-183
obi-v01-n0086-tx-p0133	zenodo_4321314	IOB-47 BED B 582-2
obi-v01-n0086-tx-p0133	zenodo_4321314	Pl. I 47
obi-v01-n0086-tx-p0133	zenodo_4321314	OBI 1, p. 133
obi-v01-n0086-tx-p0133	zenodo_4321314	List 183
obi-v01-n0086-tx-p0133	zenodo_4321314	PPA, p. 150
obi-v01-n0086-tx-p0133	zenodo_4321314	OR 3475, no. 6 (with date CS 581/1219)
obi-v01-n0087-ob-p0133	zenodo_4321314	RDASB 1962-63 BED B 582-5
obi-v01-n0087-ob-p0133	zenodo_4321314	OBI 1, p. 133
obi-v01-n0087-ob-p0133	zenodo_4321314	RDASB 1963, p. 31, no. 47
obi-v01-n0088-ob-p0134	zenodo_4321314	RDASB 1965-66 BED B 583-1
obi-v01-n0088-ob-p0134	zenodo_4321314	OBI 1, p. 134
obi-v01-n0088-ob-p0134	zenodo_4321314	RDASB 1966
obi-v01-n0089-ob-p0136	zenodo_4321314	RDASB 1964-65 BED B 583-1
obi-v01-n0089-ob-p0136	zenodo_4321314	OBI 1, p. 136
obi-v01-n0089-ob-p0136	zenodo_4321314	RDASB 1966, p. 31 (no. 7)
obi-v01-n0090-ob-p0137	zenodo_4321314	RDASB 1954-55 BED B 583-2
obi-v01-n0090-ob-p0137	zenodo_4321314	OBI 1, p. 137
obi-v01-n0090-ob-p0137	zenodo_4321314	Luce J 2665
obi-v01-n0090-ob-p0137	zenodo_4321314	RDASB 1955
obi-v01-n0091-ob-p0138	zenodo_4321314	BED B 584-1
obi-v01-n0091-ob-p0138	zenodo_4321314	OBI 1, p. 138
obi-v01-n0091-ob-p0138	zenodo_4321314	MP 1, p. 45
obi-v01-n0092-ob-p0139	zenodo_4321314	IOB4-377/a BED B 584-3
obi-v01-n0092-ob-p0139	zenodo_4321314	Pl. IV 377a
obi-v01-n0092-ob-p0139	zenodo_4321314	OBI 1, p. 139
obi-v01-n0093-re-p0140	zenodo_4321314	IOB1-64 BED B 585-1
obi-v01-n0093-re-p0140	zenodo_4321314	Pl. I 64
obi-v01-n0093-re-p0140	zenodo_4321314	OBI 1, p. 140
obi-v01-n0093-re-p0140	zenodo_4321314	UEM no. 29, p. 50
obi-v01-n0093-re-p0140	zenodo_4321314	List 185
obi-v01-n0093-re-p0140	zenodo_4321314	PPA, p. 213
obi-v01-n0093-re-p0140	zenodo_4321314	TN, p. 98
obi-v01-n0094-ob-p0141	zenodo_4321314	IOB1-108/b BED B 585-2
obi-v01-n0094-ob-p0141	zenodo_4321314	Pl. I 108b
obi-v01-n0094-ob-p0141	zenodo_4321314	OBI 1, p. 141
obi-v01-n0095-re-p0142	zenodo_4321314	IPPA-58
obi-v01-n0095-re-p0142	zenodo_4321314	List-191
obi-v01-n0095-re-p0142	zenodo_4321314	IOB1-51 BED B 585-3
obi-v01-n0095-re-p0142	zenodo_4321314	Pl. I 51
obi-v01-n0095-re-p0142	zenodo_4321314	OBI 1, p. 142
obi-v01-n0095-re-p0142	zenodo_4321314	UEM no. 21, p. 43
obi-v01-n0095-re-p0142	zenodo_4321314	List 191
obi-v01-n0095-re-p0142	zenodo_4321314	PPA, p. 98
obi-v01-n0095-re-p0142	zenodo_4321314	TN, p. 28
obi-v01-n0095-re-p0142	zenodo_4321314	U Min Hswe, no. 3
obi-v01-n0096-ob-p0143	zenodo_4321314	IOB3-308 BED B 603-1
obi-v01-n0096-ob-p0143	zenodo_4321314	Pl. III 308-310
obi-v01-n0096-ob-p0143	zenodo_4321314	OBI 1, p. 143
obi-v01-n0096-re-p0146	zenodo_4321314	IOB3-309
obi-v01-n0096-tx-p0148	zenodo_4321314	IOB3-310/a
obi-v01-n0096-tx-p0150	zenodo_4321314	IOB3-310/b
obi-v01-n0097-tx-p0151	zenodo_4321314	IPPA-224-226
obi-v01-n0097-tx-p0151	zenodo_4321314	List 190
obi-v01-n0097-tx-p0151	zenodo_4321314	IOB1-73 BED B 585-4
obi-v01-n0097-tx-p0151	zenodo_4321314	Ref.: Pl. I 73
obi-v01-n0097-tx-p0151	zenodo_4321314	OBI 1, p. 151
obi-v01-n0097-tx-p0151	zenodo_4321314	SIP no. 19, p. 35
obi-v01-n0097-tx-p0151	zenodo_4321314	UEM no. 31, p. 58
obi-v01-n0097-tx-p0151	zenodo_4321314	List 190
obi-v01-n0097-tx-p0151	zenodo_4321314	PPA, p. 224
obi-v01-n0097-tx-p0151	zenodo_4321314	TN, p. 103
obi-v01-n0097-tx-p0151	zenodo_4321314	U Than Tun, Religious Buildings, JBRS 1959, p. 74-5
obi-v01-n0097-tx-p0151	zenodo_4321314	Luce, Myanmar's Debt, JBRS 1932, p. 125
obi-v01-n0097-tx-p0151	zenodo_4321314	Strachan, Pagan, p. 127-8
obi-v01-n0097-tx-p0151	zenodo_4321314	U Than Tun, Buddhism, JBRS 1978, p. 130-3
obi-v01-n0097-tx-p0151	zenodo_4321314	Anthology 5, p. 85
obi-v01-n0097-tx-p0151	zenodo_4321314	Lubeigt, Pagan, p. 339
obi-v01-n0097-tx-p0151	zenodo_4321314	Hla Thamein, Bagan-hket, p. 113
obi-v01-n0097-tx-p0156	zenodo_4321314	IPPA-217, 218
obi-v01-n0097-tx-p0156	zenodo_4321314	List-121
obi-v01-n0097-tx-p0156	zenodo_4321314	IOB1-74 BED B 585-5
obi-v01-n0097-tx-p0156	zenodo_4321314	Pl. I 74
obi-v01-n0097-tx-p0156	zenodo_4321314	OBI 1, p. 156
obi-v01-n0097-tx-p0156	zenodo_4321314	UEM no. 31, p. 65
obi-v01-n0097-tx-p0156	zenodo_4321314	List 121
obi-v01-n0097-tx-p0156	zenodo_4321314	PPA, p. 217
obi-v01-n0097-tx-p0156	zenodo_4321314	TN, p. 100
obi-v01-n0097-tx-p0161	zenodo_4321314	IPPA-227, 228
obi-v01-n0097-tx-p0161	zenodo_4321314	List-193
obi-v01-n0097-tx-p0161	zenodo_4321314	IOB1-75/b BED B 586-1
obi-v01-n0097-tx-p0161	zenodo_4321314	Pl. I 75a
obi-v01-n0097-tx-p0161	zenodo_4321314	OBI 1, p. 161
obi-v01-n0097-tx-p0161	zenodo_4321314	UEM no. 31, p. 72
obi-v01-n0097-tx-p0161	zenodo_4321314	List 193
obi-v01-n0097-tx-p0161	zenodo_4321314	PPA, p. 227
obi-v01-n0098-ob-p0164	zenodo_4321314	IOB2-121/b BED B 586-2
obi-v01-n0098-ob-p0164	zenodo_4321314	Pl. I 121b
obi-v01-n0098-ob-p0164	zenodo_4321314	OBI 1, p. 164
obi-v01-n0098-ob-p0164	zenodo_4321314	RDASB 1926, p. 26 and App. G, no. 12
obi-v01-n0099-ob-p0164	zenodo_4321314	IOB2-190/a BED B 586-3
obi-v01-n0099-ob-p0164	zenodo_4321314	Pl. II 190a
obi-v01-n0099-ob-p0164	zenodo_4321314	OBI 1, p. 164
obi-v01-n0100-ob-p0167	zenodo_4321314	BED B 586-4
obi-v01-n0100-ob-p0167	zenodo_4321314	Pl. II 124a
obi-v01-n0100-ob-p0167	zenodo_4321314	OBI 1, p. 167
obi-v01-n0100-ob-p0167	zenodo_4321314	RDASB 1947
obi-v01-n0101-ob-p0168	zenodo_4321314	BA-60
obi-v01-n0101-ob-p0168	zenodo_4321314	List 194
obi-v01-n0101-ob-p0168	zenodo_4321314	IOB1-53 BED B 586-5
obi-v01-n0101-ob-p0168	zenodo_4321314	Pl. I 53
obi-v01-n0101-ob-p0168	zenodo_4321314	OBI 1, p. 168
obi-v01-n0101-ob-p0168	zenodo_4321314	List 194
obi-v01-n0101-ob-p0168	zenodo_4321314	A, p. 60
obi-v01-n0102-ob-p0169	zenodo_4321314	BA-59
obi-v01-n0102-ob-p0169	zenodo_4321314	List-195
obi-v01-n0102-ob-p0169	zenodo_4321314	IOB1-46 BED B 586-6
obi-v01-n0102-ob-p0169	zenodo_4321314	Pl. I 46
obi-v01-n0102-ob-p0169	zenodo_4321314	OBI 1, p. 169
obi-v01-n0102-ob-p0169	zenodo_4321314	List 195
obi-v01-n0102-ob-p0169	zenodo_4321314	A, p. 59
obi-v01-n0103-ob-p0171	zenodo_4321314	RDASB 1963-64 BED B 568-7
obi-v01-n0103-ob-p0171	zenodo_4321314	OBI 1, p. 171
obi-v01-n0103-ob-p0171	zenodo_4321314	RDASB 1964, p. 21, no. 20
obi-v01-n0104-ob-p0172	zenodo_4321314	BED B 586-8
obi-v01-n0104-ob-p0172	zenodo_4321314	Pl. I 52
obi-v01-n0104-ob-p0172	zenodo_4321314	OBI 1, p. 172
obi-v01-n0105-ob-p0173	zenodo_4321314	IUB1-181
obi-v01-n0105-ob-p0173	zenodo_4321314	List-465/a
obi-v01-n0105-ob-p0173	zenodo_4321314	IOB1-54 587 BED B 586-10
obi-v01-n0105-ob-p0173	zenodo_4321314	Pl. I 54
obi-v01-n0105-ob-p0173	zenodo_4321314	OBI 1, p. 173 and 184
obi-v01-n0105-ob-p0173	zenodo_4321314	UEM no. 22, p. 44
obi-v01-n0105-ob-p0173	zenodo_4321314	List 465a
obi-v01-n0105-ob-p0173	zenodo_4321314	UB 1, p. 181
obi-v01-n0105-ob-p0173	zenodo_4321314	RDASB 1938
obi-v01-n0106-ob-p0174	zenodo_4321314	IOB2-122/a BED B 587-1
obi-v01-n0106-ob-p0174	zenodo_4321314	Pl. II 122a
obi-v01-n0106-ob-p0174	zenodo_4321314	OBI 1, p. 174
obi-v01-n0106-ob-p0174	zenodo_4321314	RDASB 1926, App. G, no. 20 (under date CS 583/1121)
obi-v01-n0107-ob-p0175	zenodo_4321314	BED B 587-2a
obi-v01-n0107-ob-p0175	zenodo_4321314	Pl. V 597a-b
obi-v01-n0107-ob-p0175	zenodo_4321314	OBI 1, p. 175
obi-v01-n0107-ob-p0175	zenodo_4321314	List 1388a+b
obi-v01-n0107-ob-p0175	zenodo_4321314	A, p. 532
obi-v01-n0107-ob-p0175	zenodo_4321314	Luce D 809
obi-v01-n0107-re-p0175	zenodo_4321314	BED B 587-2b
obi-v01-n0107-re-p0175	zenodo_4321314	Pl. V 597a-b
obi-v01-n0107-re-p0175	zenodo_4321314	OBI 1, p. 175
obi-v01-n0107-re-p0175	zenodo_4321314	List 1388a+b
obi-v01-n0107-re-p0175	zenodo_4321314	A, p. 532
obi-v01-n0107-re-p0175	zenodo_4321314	Luce D 809
obi-v01-n0108-tx-p0176	zenodo_4321314	IPPA-219-220
obi-v01-n0108-tx-p0176	zenodo_4321314	List-196
obi-v01-n0108-tx-p0176	zenodo_4321314	IOB1-75/a BED B 587-3
obi-v01-n0108-tx-p0176	zenodo_4321314	Pl. I 75a
obi-v01-n0108-tx-p0176	zenodo_4321314	OBI 1, p. 176
obi-v01-n0108-tx-p0176	zenodo_4321314	UEM no. 33, p. 69
obi-v01-n0108-tx-p0176	zenodo_4321314	List 196
obi-v01-n0108-tx-p0176	zenodo_4321314	PPA, p. 219
obi-v01-n0108-tx-p0176	zenodo_4321314	TN, p. 101
obi-v01-n0109-ob-p0179	zenodo_4321314	IOB2-123 BED B 587-4
obi-v01-n0109-ob-p0179	zenodo_4321314	Pl. II 123
obi-v01-n0109-ob-p0179	zenodo_4321314	OBI 1, p. 179
obi-v01-n0109-ob-p0179	zenodo_4321314	partly in List
obi-v01-n0110-ob-p0183	zenodo_4321314	BA-58
obi-v01-n0110-ob-p0183	zenodo_4321314	List-192
obi-v01-n0110-ob-p0183	zenodo_4321314	IOB1-55/a BED B 587-5
obi-v01-n0110-ob-p0183	zenodo_4321314	Pl. I 55a
obi-v01-n0110-ob-p0183	zenodo_4321314	OBI 1, p. 183
obi-v01-n0110-ob-p0183	zenodo_4321314	List 152
obi-v01-n0110-ob-p0183	zenodo_4321314	A, p. 58
obi-v01-n0111-re-p0184	zenodo_4321314	IOB1-56/b BED B 587-6
obi-v01-n0111-re-p0184	zenodo_4321314	Pl. I 56b
obi-v01-n0111-re-p0184	zenodo_4321314	OBI 1, p. 184
obi-v01-n0112-ob-p0184	zenodo_4321314	RDASB 1937-38
obi-v01-n0113-ob-p0185	zenodo_4321314	BED B 587-7
obi-v01-n0113-ob-p0185	zenodo_4321314	OBI 1, p. 185
obi-v01-n0113-ob-p0185	zenodo_4321314	RDASB 1962 (?1961)
obi-v01-n0113-ob-p0185	zenodo_4321314	U Hswai, JBRS 48 (2), 1965, p. 67, no. 7
obi-v01-n0114-ob-p0186	zenodo_4321314	IOB2-122/b BED B 587-8
obi-v01-n0114-ob-p0186	zenodo_4321314	Pl. II 122b
obi-v01-n0114-ob-p0186	zenodo_4321314	OBI 1, p. 186
obi-v01-n0115-ob-p0187	zenodo_4321314	IOB1-57/b BED B 588-1
obi-v01-n0115-ob-p0187	zenodo_4321314	Pl. I 57b
obi-v01-n0115-ob-p0187	zenodo_4321314	OBI 1, p. 187
obi-v01-n0116-ob-p0188	zenodo_4321314	RDASB 1960-61 BED B 588-2
obi-v01-n0116-ob-p0188	zenodo_4321314	OBI 1, p. 188
obi-v01-n0116-ob-p0188	zenodo_4321314	RDASB 1961
obi-v01-n0116-ob-p0188	zenodo_4321314	U Hswai, JBRS 48 (2), 1965, p. 67, no. 8
obi-v01-n0117-ob-p0189	zenodo_4321314	RDASB 1966-67 BED B 588-3
obi-v01-n0117-ob-p0189	zenodo_4321314	OBI 1, p. 189
obi-v01-n0117-ob-p0189	zenodo_4321314	RDASB 1967
obi-v01-n0118-ob-p0190	zenodo_4321314	BA-61
obi-v01-n0118-ob-p0190	zenodo_4321314	List-198
obi-v01-n0118-ob-p0190	zenodo_4321314	IOB5-574/b
obi-v01-n0119-ob-p0191	zenodo_4321314	IOB1-57/a & IOB5-563/b BED B 588-5
obi-v01-n0119-ob-p0191	zenodo_4321314	Pl. I 57a and Pl. V 563b
obi-v01-n0119-ob-p0191	zenodo_4321314	OBI 1, p. 191
obi-v01-n0120-ob-p0192	zenodo_4321314	IOB1-58
obi-v01-n0121-tx-p0193	zenodo_4321314	IOB1-80 BED B 589-2
obi-v01-n0121-tx-p0193	zenodo_4321314	Pl. I 80-81-82a+b
obi-v01-n0121-tx-p0193	zenodo_4321314	OBI 1, p. 193
obi-v01-n0121-tx-p0193	zenodo_4321314	List ?
obi-v01-n0121-tx-p0193	zenodo_4321314	TN, p. 106
obi-v01-n0121-tx-p0196	zenodo_4321314	IOB1-81
obi-v01-n0121-tx-p0198	zenodo_4321314	IOB1-82/a BED B 589-1
obi-v01-n0121-tx-p0198	zenodo_4321314	Pl. I 58
obi-v01-n0121-tx-p0198	zenodo_4321314	OBI 1, p. 198
obi-v01-n0121-tx-p0200	zenodo_4321314	IOB1-82/b
obi-v01-n0123-ob-p0202	zenodo_4321314	RDASB 1964-65 BED B 590-2
obi-v01-n0123-ob-p0202	zenodo_4321314	OBI 1, p. 202
obi-v01-n0123-ob-p0202	zenodo_4321314	RDASB 1965, p. 34
obi-v01-n0123-ob-p0202	zenodo_4321314	U Min Hswe, no. 45
obi-v01-n0124-ob-p0203	zenodo_4321314	1960-61-b RDASB BED B 590-3
obi-v01-n0124-ob-p0203	zenodo_4321314	OBI 1, p. 203
obi-v01-n0124-ob-p0203	zenodo_4321314	RDASB 1961, p. 15
obi-v01-n0125-ob-p0204	zenodo_4321314	-377
obi-v01-n0125-ob-p0204	zenodo_4321314	List-890
obi-v01-n0125-ob-p0204	zenodo_4321314	IOB2-125/a BED B 591-1
obi-v01-n0125-ob-p0204	zenodo_4321314	Pl. II 125a
obi-v01-n0125-ob-p0204	zenodo_4321314	OBI 1, p. 204
obi-v01-n0125-ob-p0204	zenodo_4321314	List 890
obi-v01-n0125-ob-p0204	zenodo_4321314	A p. 377
obi-v01-n0126-ob-p0205	zenodo_4321314	IOB1-60/a BED B 591-2
obi-v01-n0126-ob-p0205	zenodo_4321314	Pl. I 60a+b
obi-v01-n0126-ob-p0205	zenodo_4321314	OBI 1, p. 205
obi-v01-n0126-ob-p0205	zenodo_4321314	UEM no. 24, p. 46
obi-v01-n0126-ob-p0205	zenodo_4321314	List 203
obi-v01-n0126-ob-p0205	zenodo_4321314	UB 1, p. 382
obi-v01-n0126-ob-p0205	zenodo_4321314	Luce, OBEP 1, p. 117-25
obi-v01-n0126-ob-p0205	zenodo_4321314	Aung-Thwin, Ceylonese-Burmese Relations, JSS 1976, p. 53-74
obi-v01-n0126-ob-p0205	zenodo_4321314	Frasch, MHRJ 1998, p. 23-37
obi-v01-n0126-ob-p0205	zenodo_4321314	U Lu Pe Win, OBEP – A Radical Review, in JBRS
obi-v01-n0126-re-p0206	zenodo_4321314	IUB1-183
obi-v01-n0126-re-p0206	zenodo_4321314	List 203
obi-v01-n0126-re-p0206	zenodo_4321314	IOB1-60/b
obi-v01-n0127-ob-p0206	zenodo_4321314	IOB1-61 BED B 591-3
obi-v01-n0127-ob-p0206	zenodo_4321314	Pl. I 61
obi-v01-n0127-ob-p0206	zenodo_4321314	OBI 1, p. 206
obi-v01-n0128-ob-p0208	zenodo_4321314	IPPA-234
obi-v01-n0128-ob-p0208	zenodo_4321314	List-204
obi-v01-n0128-ob-p0208	zenodo_4321314	IOB183 BED B 591-5
obi-v01-n0128-ob-p0208	zenodo_4321314	Pl. I 83
obi-v01-n0128-ob-p0208	zenodo_4321314	OBI 1, p. 208
obi-v01-n0128-ob-p0208	zenodo_4321314	UEM no. 25, p. 48
obi-v01-n0128-ob-p0208	zenodo_4321314	List 204
obi-v01-n0128-ob-p0208	zenodo_4321314	PPA, p. 234
obi-v01-n0128-ob-p0208	zenodo_4321314	List 486
obi-v01-n0128-ob-p0208	zenodo_4321314	B 2 p. 747
obi-v01-n0128-ob-p0208	zenodo_4321314	TN, p. 107
obi-v01-n0129-tx-p0209	zenodo_4321314	BED B 591-6
obi-v01-n0129-tx-p0209	zenodo_4321314	Pl. I 98
obi-v01-n0129-tx-p0209	zenodo_4321314	OBI 1, p. 209
obi-v01-n0129-tx-p0209	zenodo_4321314	UEM no. 37 p. 102
obi-v01-n0129-tx-p0209	zenodo_4321314	List 479
obi-v01-n0129-tx-p0209	zenodo_4321314	PPA, p. 320
obi-v01-n0130-ob-p0211	zenodo_4321314	IPPA-172-173
obi-v01-n0130-ob-p0211	zenodo_4321314	List-205
obi-v01-n0130-ob-p0211	zenodo_4321314	IOB1-62 BED B 591-7
obi-v01-n0130-ob-p0211	zenodo_4321314	Pl. I 62
obi-v01-n0130-ob-p0211	zenodo_4321314	OBI 1, p. 211
obi-v01-n0130-ob-p0211	zenodo_4321314	List 205
obi-v01-n0130-ob-p0211	zenodo_4321314	PPA, p. 172
obi-v01-n0130-ob-p0211	zenodo_4321314	TN, p. 82
obi-v01-n0130-ob-p0211	zenodo_4321314	U Min Hswe, no. 57
obi-v01-n0131-ob-p0212	zenodo_4321314	IOB2-126/a BED B 592-1
obi-v01-n0131-ob-p0212	zenodo_4321314	Pl. I 126a
obi-v01-n0131-ob-p0212	zenodo_4321314	OBI 1, p. 212
obi-v01-n0132-ob-p0213	zenodo_4321314	IUB1-293
obi-v01-n0132-ob-p0213	zenodo_4321314	List-218
obi-v01-n0132-ob-p0213	zenodo_4321314	IOB2-126/b BED B 592-2
obi-v01-n0132-ob-p0213	zenodo_4321314	Pl. II 126b
obi-v01-n0132-ob-p0213	zenodo_4321314	OBI 1, p. 213
obi-v01-n0132-ob-p0213	zenodo_4321314	UEM no. 32, p. 90
obi-v01-n0132-ob-p0213	zenodo_4321314	List 218
obi-v01-n0132-ob-p0213	zenodo_4321314	UB 1, p. 293
obi-v01-n0133-ob-p0214	zenodo_4321314	1938-39-bRDASB BED B 592-3
obi-v01-n0133-ob-p0214	zenodo_4321314	Pl. IV 373c
obi-v01-n0133-ob-p0214	zenodo_4321314	OBI 1, p. 214
obi-v01-n0133-ob-p0214	zenodo_4321314	RDASB 1939
obi-v01-n0134-ob-p0215	zenodo_4321314	IPPA-215
obi-v01-n0134-ob-p0215	zenodo_4321314	List-209
obi-v01-n0134-ob-p0215	zenodo_4321314	IOB1-65/a BED B 592-4
obi-v01-n0134-ob-p0215	zenodo_4321314	Pl. I 65a+b
obi-v01-n0134-ob-p0215	zenodo_4321314	OBI 1, p. 215
obi-v01-n0134-ob-p0215	zenodo_4321314	List 209
obi-v01-n0134-ob-p0215	zenodo_4321314	PPA, p. 216
obi-v01-n0134-ob-p0215	zenodo_4321314	TN, p. 99
obi-v01-n0134-re-p0216	zenodo_4321314	IPPA
obi-v01-n0134-re-p0216	zenodo_4321314	List-210
obi-v01-n0134-re-p0216	zenodo_4321314	IOB1-65/b
obi-v01-n0135-ob-p0218	zenodo_4321314	IUB1184, 185
obi-v01-n0135-ob-p0218	zenodo_4321314	List-213
obi-v01-n0135-ob-p0218	zenodo_4321314	IOB1-69 BED B 593-2
obi-v01-n0135-ob-p0218	zenodo_4321314	Pl. I 69
obi-v01-n0135-ob-p0218	zenodo_4321314	OBI 1, p. 218
obi-v01-n0135-ob-p0218	zenodo_4321314	SIP no. 20, p. 39
obi-v01-n0135-ob-p0218	zenodo_4321314	UEM no. 28, p. 52
obi-v01-n0135-ob-p0218	zenodo_4321314	List 213
obi-v01-n0135-ob-p0218	zenodo_4321314	UB 1, p. 184
obi-v01-n0135-ob-p0218	zenodo_4321314	U Min Hswe, no. 37
obi-v01-n0136-re-p0220	zenodo_4321314	BED B 593-3
obi-v01-n0136-re-p0220	zenodo_4321314	Pl. I 67
obi-v01-n0136-re-p0220	zenodo_4321314	OBI 1, p. 220
obi-v01-n0136-re-p0220	zenodo_4321314	Luce 2829
obi-v01-n0136-re-p0220	zenodo_4321314	U Min Hswe, no. 58
obi-v01-n0137-ob-p0221	zenodo_4321314	BA-49
obi-v01-n0137-ob-p0221	zenodo_4321314	List-159
obi-v01-n0137-ob-p0221	zenodo_4321314	IOB4-373/a BED B 593-4
obi-v01-n0137-ob-p0221	zenodo_4321314	Pl. IV 373a
obi-v01-n0137-ob-p0221	zenodo_4321314	OBI 1, p. 221
obi-v01-n0138-ob-p0222	zenodo_4321314	IOB2-134/a
obi-v01-n0138-ob-p0222	zenodo_4321314	RDASB 1915 BED B 594-2
obi-v01-n0138-ob-p0222	zenodo_4321314	List 163
obi-v01-n0138-ob-p0222	zenodo_4321314	OBI 1, p. 222
obi-v01-n0138-ob-p0222	zenodo_4321314	A, p. 50
obi-v01-n0138-ob-p0222	zenodo_4321314	copies List 217
obi-v01-n0138-ob-p0222	zenodo_4321314	B 2, p. 796
obi-v01-n0138-ob-p0222	zenodo_4321314	MM 3, no. 39, p. 166
obi-v01-n0138-ob-p0222	zenodo_4321314	NCE List 216
obi-v01-n0138-ob-p0222	zenodo_4321314	B 2, p. 815
obi-v01-n0138-ob-p0222	zenodo_4321314	MP 1, p. 57
obi-v01-n0139-ob-p0224	zenodo_4321314	BA-50
obi-v01-n0139-ob-p0224	zenodo_4321314	List-163 BED B 562-2
obi-v01-n0139-ob-p0224	zenodo_4321314	List 163
obi-v01-n0139-ob-p0224	zenodo_4321314	OBI 1, p. 224
obi-v01-n0139-ob-p0224	zenodo_4321314	A, p. 50
obi-v01-n0139-ob-p0224	zenodo_4321314	List 217
obi-v01-n0139-ob-p0224	zenodo_4321314	B 2, p. 796 (MM)
obi-v01-n0139-ob-p0224	zenodo_4321314	List 130
obi-v01-n0139-ob-p0224	zenodo_4321314	B 2, p. 813
obi-v01-n0139-ob-p0224	zenodo_4321314	List 216
obi-v01-n0139-ob-p0224	zenodo_4321314	B 2, p. 815
obi-v01-n0140-ob-p0226	zenodo_4321314	RDASB 1965-66 BED B 552-2 & B 594-3
obi-v01-n0140-ob-p0226	zenodo_4321314	OBI 1, p. 226
obi-v01-n0140-ob-p0226	zenodo_4321314	RDASB 1966
obi-v01-n0141-ob-p0227	zenodo_4321314	BED B 594-5
obi-v01-n0141-ob-p0227	zenodo_4321314	OBI 1, p. 227
obi-v01-n0141-ob-p0227	zenodo_4321314	List 1437
obi-v01-n0141-re-p0229	zenodo_4321314	BA-583
obi-v01-n0141-re-p0229	zenodo_4321314	List-1437
obi-v01-n0142-tx-p0229	zenodo_4321314	IPPA-221
obi-v01-n0142-tx-p0229	zenodo_4321314	List-186
obi-v01-n0142-tx-p0229	zenodo_4321314	IOB1-76
obi-v01-n0142-tx-p0233	zenodo_4321314	IPPA-231, 232
obi-v01-n0142-tx-p0233	zenodo_4321314	List-199
obi-v01-n0142-tx-p0233	zenodo_4321314	IOB1 78/a
obi-v01-n0142-tx-p0235	zenodo_4321314	IPPA-229, 230
obi-v01-n0142-tx-p0235	zenodo_4321314	List-197
obi-v01-n0142-tx-p0235	zenodo_4321314	IOB1-77
obi-v01-n0142-tx-p0238	zenodo_4321314	IOB1-78/b BED B 595-3
obi-v01-n0142-tx-p0238	zenodo_4321314	Pl. I 76
obi-v01-n0142-tx-p0238	zenodo_4321314	OBI 1, p. 229
obi-v01-n0142-tx-p0238	zenodo_4321314	UEM no. 31, p. 76
obi-v01-n0142-tx-p0238	zenodo_4321314	List 186
obi-v01-n0142-tx-p0238	zenodo_4321314	PPA, p. 221 (partly transl. U Pe Maung Tin, JBRS 25, 1935, p. 159)
obi-v01-n0142-tx-p0238	zenodo_4321314	Pl. I 78a
obi-v01-n0142-tx-p0238	zenodo_4321314	OBI 1, p. 233
obi-v01-n0142-tx-p0238	zenodo_4321314	UEM no. 31, p. 78
obi-v01-n0142-tx-p0238	zenodo_4321314	List 189
obi-v01-n0142-tx-p0238	zenodo_4321314	PPA, p. 231
obi-v01-n0142-tx-p0238	zenodo_4321314	Pl. I 77
obi-v01-n0142-tx-p0238	zenodo_4321314	OBI 1, p. 235
obi-v01-n0142-tx-p0238	zenodo_4321314	UEM no. 31, p. 79
obi-v01-n0142-tx-p0238	zenodo_4321314	List 197
obi-v01-n0142-tx-p0238	zenodo_4321314	Pl. I 78b
obi-v01-n0142-tx-p0238	zenodo_4321314	OBI 1, p. 238
obi-v01-n0142-tx-p0238	zenodo_4321314	UEM no. 31, p. 84
obi-v01-n0142-tx-p0238	zenodo_4321314	List 199
obi-v01-n0142-tx-p0238	zenodo_4321314	TN, p. 100-106
obi-v01-n0143-ob-p0240	zenodo_4321314	IPPA-235
obi-v01-n0143-ob-p0240	zenodo_4321314	List-222
obi-v01-n0143-ob-p0240	zenodo_4321314	IOB1-68 BED B 595-1
obi-v01-n0143-ob-p0240	zenodo_4321314	Pl. I 68
obi-v01-n0143-ob-p0240	zenodo_4321314	OBI 1, p. 240
obi-v01-n0143-ob-p0240	zenodo_4321314	UEM no. 29, p. 54
obi-v01-n0143-ob-p0240	zenodo_4321314	List 222
obi-v01-n0143-ob-p0240	zenodo_4321314	PPA, p. 235
obi-v01-n0143-ob-p0240	zenodo_4321314	TN, p. 107
obi-v01-n0144-re-p0242	zenodo_4321314	--769
obi-v01-n0144-re-p0242	zenodo_4321314	List-221
obi-v01-n0144-re-p0242	zenodo_4321314	IOB1-70 BED B 595-2
obi-v01-n0144-re-p0242	zenodo_4321314	Pl. I 70
obi-v01-n0144-re-p0242	zenodo_4321314	OBI 1, p. 242
obi-v01-n0144-re-p0242	zenodo_4321314	UEM no. 30, p. 57
obi-v01-n0144-re-p0242	zenodo_4321314	copy List 221
obi-v01-n0144-re-p0242	zenodo_4321314	B 2, p. 769
obi-v01-n0144-re-p0242	zenodo_4321314	MM 3, no. 40, p. 170
obi-v01-n0144-re-p0242	zenodo_4321314	U Min Hswe, no. 85
obi-v01-n0145-ob-p0244	zenodo_4321314	BED B 595-11
obi-v01-n0145-ob-p0244	zenodo_4321314	Pl. I 95b
obi-v01-n0145-ob-p0244	zenodo_4321314	OBI 1, p. 244
obi-v01-n0146-tx-p0245	zenodo_4321314	IOB1-79/a
obi-v01-n0146-tx-p0246	zenodo_4321314	IPPA-237, 238
obi-v01-n0146-tx-p0246	zenodo_4321314	List-223
obi-v01-n0146-tx-p0246	zenodo_4321314	IOB1-79/b BED B 595-4
obi-v01-n0146-tx-p0246	zenodo_4321314	Pl. I 79a
obi-v01-n0146-tx-p0246	zenodo_4321314	OBI 1, p. 245
obi-v01-n0146-tx-p0246	zenodo_4321314	UEM no. 31, p. 86
obi-v01-n0146-tx-p0246	zenodo_4321314	Pl. I 79b
obi-v01-n0146-tx-p0246	zenodo_4321314	OBI 1, p. 246
obi-v01-n0146-tx-p0246	zenodo_4321314	UEM no. 31, p. 88
obi-v01-n0146-tx-p0246	zenodo_4321314	List 233
obi-v01-n0146-tx-p0246	zenodo_4321314	PPA, p. 237
obi-v01-n0146-tx-p0246	zenodo_4321314	TN, p. 108
obi-v01-n0147-re-p0248	zenodo_4321314	1938-39-bRDASB BED B 595-5
obi-v01-n0147-re-p0248	zenodo_4321314	Pl. IV 373d
obi-v01-n0147-re-p0248	zenodo_4321314	OBI 1, p. 248
obi-v01-n0148-ob-p0249	zenodo_4321314	IPPA-17
obi-v01-n0148-ob-p0249	zenodo_4321314	List-224
obi-v01-n0148-ob-p0249	zenodo_4321314	IOB1-71 BED B 595-6
obi-v01-n0148-ob-p0249	zenodo_4321314	Pl. I 71-72
obi-v01-n0148-ob-p0249	zenodo_4321314	OBI 1, p. 249
obi-v01-n0148-ob-p0249	zenodo_4321314	List 224
obi-v01-n0148-ob-p0249	zenodo_4321314	PPA, p. 17
obi-v01-n0148-ob-p0249	zenodo_4321314	TN, p. 6
obi-v01-n0148-re-p0250	zenodo_4321314	IPPA-21
obi-v01-n0148-re-p0250	zenodo_4321314	List-145/c
obi-v01-n0148-re-p0250	zenodo_4321314	IOB1-72
obi-v01-n0149-ob-p0251	zenodo_4321314	BED B 595-7
obi-v01-n0149-ob-p0251	zenodo_4321314	Pl. IV 373b
obi-v01-n0149-ob-p0251	zenodo_4321314	OBI 1, p. 251
obi-v01-n0150-tx-p0253	zenodo_4321314	BED B 595-8
obi-v01-n0150-tx-p0253	zenodo_4321314	Pl. I 99
obi-v01-n0150-tx-p0253	zenodo_4321314	OBI 1, p. 253
obi-v01-n0150-tx-p0253	zenodo_4321314	UEM no. 37, p. 104
obi-v01-n0150-tx-p0253	zenodo_4321314	List 479
obi-v01-n0150-tx-p0253	zenodo_4321314	PPA, p. 310
obi-v01-n0150-tx-p0253	zenodo_4321314	TN, p. 143
obi-v01-n0151-ob-p0255	zenodo_4321314	IOB1-109/b BED B 596-2
obi-v01-n0151-ob-p0255	zenodo_4321314	Pl. I 109b
obi-v01-n0151-ob-p0255	zenodo_4321314	OBI 1, p. 255
obi-v01-n0152-ob-p0255	zenodo_4321314	IOB2-127/b BED B 597-1
obi-v01-n0152-ob-p0255	zenodo_4321314	Pl. II 127b
obi-v01-n0152-ob-p0255	zenodo_4321314	OBI 1, p. 255
obi-v01-n0152-ob-p0255	zenodo_4321314	RSASB 926, p. 26 and App. G, no. 13
obi-v01-n0153-ob-p0256	zenodo_4321314	IUB1-296
obi-v01-n0153-ob-p0256	zenodo_4321314	List-228
obi-v01-n0153-ob-p0256	zenodo_4321314	IOB2-127/a BED B 597-2
obi-v01-n0153-ob-p0256	zenodo_4321314	Pl. II 127a
obi-v01-n0153-ob-p0256	zenodo_4321314	OBI 1, p. 256
obi-v01-n0153-ob-p0256	zenodo_4321314	List 228
obi-v01-n0153-ob-p0256	zenodo_4321314	UB 1, p. 296
obi-v01-n0154-ob-p0257	zenodo_4321314	BED B 597-3
obi-v01-n0154-ob-p0257	zenodo_4321314	Pl. I 85
obi-v01-n0154-ob-p0257	zenodo_4321314	OBI 1, p. 257
obi-v01-n0154-ob-p0257	zenodo_4321314	UEM no. 33, p. 91
obi-v01-n0154-ob-p0257	zenodo_4321314	List 231
obi-v01-n0154-ob-p0257	zenodo_4321314	PPA, p. 177
obi-v01-n0154-ob-p0257	zenodo_4321314	TN, p. 84
obi-v01-n0154-ob-p0257	zenodo_4321314	U Min Hswe, no. 40
obi-v01-n0155-ob-p0259	zenodo_4321314	RDASB 1963-64 BED B 597-4
obi-v01-n0155-ob-p0259	zenodo_4321314	OBI 1, p. 259
obi-v01-n0155-ob-p0259	zenodo_4321314	RDASB 1964, p. 20, no. 3
obi-v01-n0156-tx-p0260	zenodo_4321314	IOB1-86 BED B 597-5
obi-v01-n0156-tx-p0260	zenodo_4321314	Pl. I 86-87
obi-v01-n0156-tx-p0260	zenodo_4321314	OBI 1, p. 260
obi-v01-n0156-tx-p0262	zenodo_4321314	IOB1-87
obi-v01-n0157-ob-p0263	zenodo_4321314	BA-66,
obi-v01-n0157-ob-p0263	zenodo_4321314	List-233,
obi-v01-n0157-ob-p0263	zenodo_4321314	IOB2-128 BED B 597-6
obi-v01-n0157-ob-p0263	zenodo_4321314	Pl. II 128a
obi-v01-n0157-ob-p0263	zenodo_4321314	OBI 1, p. 263
obi-v01-n0157-ob-p0263	zenodo_4321314	List 232
obi-v01-n0157-ob-p0263	zenodo_4321314	A, p. 66
obi-v01-n0158-re-p0264	zenodo_4321314	BA-67
obi-v01-n0158-re-p0264	zenodo_4321314	List-232
obi-v01-n0158-re-p0264	zenodo_4321314	IOB2-128 BED B 597-7
obi-v01-n0158-re-p0264	zenodo_4321314	Pl. II 128b+c
obi-v01-n0158-re-p0264	zenodo_4321314	OBI 1, p. 264
obi-v01-n0158-re-p0264	zenodo_4321314	List 233
obi-v01-n0158-tx-p0265	zenodo_4321314	IOB2-128 BED B 597-8
obi-v01-n0158-tx-p0265	zenodo_4321314	OBI 1, p. 265
obi-v01-n0158-tx-p0265	zenodo_4321314	List 229
obi-v01-n0158-tx-p0265	zenodo_4321314	UB 1, p. 191
obi-v01-n0158-tx-p0265	zenodo_4321314	picture (ArchDept) on file
obi-v01-n0159-ob-p0265	zenodo_4321314	IUB1-191, 192 BED B 597-8
obi-v01-n0159-ob-p0265	zenodo_4321314	OBI 1, p. 265
obi-v01-n0159-ob-p0265	zenodo_4321314	List 229
obi-v01-n0159-ob-p0265	zenodo_4321314	UB 1, p. 191
obi-v01-n0159-ob-p0265	zenodo_4321314	picture (ArchDept) on file
obi-v01-n0160-ob-p0267	zenodo_4321314	BED B 597-12
obi-v01-n0160-ob-p0267	zenodo_4321314	Pl. I 90
obi-v01-n0160-ob-p0267	zenodo_4321314	OBI 1, p. 267
obi-v01-n0160-ob-p0267	zenodo_4321314	SIP no. 22, p. 45
obi-v01-n0160-ob-p0267	zenodo_4321314	List 230
obi-v01-n0160-ob-p0267	zenodo_4321314	UB 1, p. 178
obi-v01-n0160-ob-p0267	zenodo_4321314	in situ
obi-v01-n0161-ob-p0270	zenodo_4321314	IPPA 176
obi-v01-n0161-ob-p0270	zenodo_4321314	List 215
obi-v01-n0161-ob-p0270	zenodo_4321314	IOB1--8 BED B 597-9
obi-v01-n0161-ob-p0270	zenodo_4321314	Pl. I 88
obi-v01-n0161-ob-p0270	zenodo_4321314	OBI 1, p. 270
obi-v01-n0161-ob-p0270	zenodo_4321314	List 215
obi-v01-n0161-ob-p0270	zenodo_4321314	PPA, p. 176
obi-v01-n0161-ob-p0270	zenodo_4321314	TN, p. 84
obi-v01-n0161-ob-p0270	zenodo_4321314	OR 3434 (gā: verso)
obi-v01-n0161-ob-p0270	zenodo_4321314	U Min Hswe, no. 17
obi-v01-n0162-tx-p0272	zenodo_4321314	IOB1-100/a BED B 597-10
obi-v01-n0162-tx-p0272	zenodo_4321314	Pl. I 100a
obi-v01-n0162-tx-p0272	zenodo_4321314	OBI 1, p. 272
obi-v01-n0162-tx-p0272	zenodo_4321314	UEM, no. 37, p. 105
obi-v01-n0162-tx-p0272	zenodo_4321314	List 479
obi-v01-n0162-tx-p0272	zenodo_4321314	PPA, p. 310
obi-v01-n0162-tx-p0272	zenodo_4321314	TN, p. 143
obi-v01-n0163-re-p0273	zenodo_4321314	BED B 597-11
obi-v01-n0163-re-p0273	zenodo_4321314	OBI 1, p. 273 (not listed ?!)
obi-v01-n0163-re-p0273	zenodo_4321314	copy List 486
obi-v01-n0163-re-p0273	zenodo_4321314	B 2, p. 747
obi-v01-n0164-ob-p0274	zenodo_4321314	1963,
obi-v01-n0164-ob-p0274	zenodo_4321314	RDASB 1964
obi-v01-n0165-re-p0275	zenodo_4321314	IUB1-294
obi-v01-n0165-re-p0275	zenodo_4321314	List-227
obi-v01-n0165-re-p0275	zenodo_4321314	IOB1-89
obi-v01-n0166-ob-p0278	zenodo_4321314	IUB1-198, 199
obi-v01-n0166-ob-p0278	zenodo_4321314	List-236/a
obi-v01-n0166-ob-p0278	zenodo_4321314	IOB1-91 n°48 BED B 598-2
obi-v01-n0166-ob-p0278	zenodo_4321314	Pl. I 91+92
obi-v01-n0166-ob-p0278	zenodo_4321314	OBI 1, p. 278
obi-v01-n0166-ob-p0278	zenodo_4321314	List 236a+b
obi-v01-n0166-ob-p0278	zenodo_4321314	UB 1, p. 198
obi-v01-n0166-ob-p0278	zenodo_4321314	U Min Hswe, no. 49
obi-v01-n0166-re-p0281	zenodo_4321314	IUB1-200
obi-v01-n0166-re-p0281	zenodo_4321314	List-236/b
obi-v01-n0166-re-p0281	zenodo_4321314	IOB1-92
obi-v01-n0167-ob-p0282	zenodo_4321314	IOB4-375 BED B 598-3
obi-v01-n0167-ob-p0282	zenodo_4321314	Pl. IV 375 + 376
obi-v01-n0167-ob-p0282	zenodo_4321314	OBI 1, p. 282
obi-v01-n0168-re-p0284	zenodo_4321314	IOB4-376
obi-v01-n0169-ob-p0287	zenodo_4321314	IPPA 59, 60
obi-v01-n0169-ob-p0287	zenodo_4321314	List-211
obi-v01-n0169-ob-p0287	zenodo_4321314	IOB1-93 BED B 598-5
obi-v01-n0169-ob-p0287	zenodo_4321314	Pl. I 93
obi-v01-n0169-ob-p0287	zenodo_4321314	OBI 1, p. 287
obi-v01-n0169-ob-p0287	zenodo_4321314	List 211
obi-v01-n0169-ob-p0287	zenodo_4321314	PPA, p. 59
obi-v01-n0169-ob-p0287	zenodo_4321314	TN, p. 28
obi-v01-n0170-ob-p0289	zenodo_4321314	BED B 598-6a
obi-v01-n0170-ob-p0289	zenodo_4321314	OBI 1, p. 289
obi-v01-n0170-ob-p0289	zenodo_4321314	Luce J 2667
obi-v01-n0170-ob-p0289	zenodo_4321314	RDASB 1954
obi-v01-n0170-re-p0289	zenodo_4321314	RDASB 1953-54 BED B 598-6b
obi-v01-n0170-re-p0289	zenodo_4321314	OBI 1, p. 289
obi-v01-n0170-re-p0289	zenodo_4321314	Luce J 2667
obi-v01-n0170-re-p0289	zenodo_4321314	RDASB 1954
obi-v01-n0171-ob-p0290	zenodo_4321314	IOB1-109/a BED B 598-7
obi-v01-n0171-ob-p0290	zenodo_4321314	Pl. I 109a
obi-v01-n0171-ob-p0290	zenodo_4321314	OBI 1, p. 290
obi-v01-n0171-ob-p0290	zenodo_4321314	List ???
obi-v01-n0172-ob-p0291	zenodo_4321314	IPPA-99-100
obi-v01-n0172-ob-p0291	zenodo_4321314	List-237
obi-v01-n0172-ob-p0291	zenodo_4321314	IOB1-94/a BED B 598-4
obi-v01-n0172-ob-p0291	zenodo_4321314	Pl. I 94a+b
obi-v01-n0172-ob-p0291	zenodo_4321314	OBI 1, p. 291
obi-v01-n0172-ob-p0291	zenodo_4321314	List 237
obi-v01-n0172-ob-p0291	zenodo_4321314	PPA, p. 99
obi-v01-n0172-ob-p0291	zenodo_4321314	TN, p. 52
obi-v01-n0172-re-p0294	zenodo_4321314	IOB1-94/b
obi-v01-n0173-ob-p0298	zenodo_4321314	BA-68
obi-v01-n0173-ob-p0298	zenodo_4321314	List 238
obi-v01-n0173-ob-p0298	zenodo_4321314	IOB1-95/a BED B 598-8
obi-v01-n0173-ob-p0298	zenodo_4321314	Pl. I 95a
obi-v01-n0173-ob-p0298	zenodo_4321314	OBI 1, p. 298
obi-v01-n0173-ob-p0298	zenodo_4321314	List 238
obi-v01-n0173-ob-p0298	zenodo_4321314	A p. 68
obi-v01-n0174-ob-p0298	zenodo_4321314	IUB1-195-196
obi-v01-n0174-ob-p0298	zenodo_4321314	List-235/a
obi-v01-n0174-ob-p0298	zenodo_4321314	IOB1-96 BED B 598-9
obi-v01-n0174-ob-p0298	zenodo_4321314	Pl. I 96-97
obi-v01-n0174-ob-p0298	zenodo_4321314	OBI 1, p. 298
obi-v01-n0174-ob-p0298	zenodo_4321314	SIP no. 24, p. 49
obi-v01-n0174-ob-p0298	zenodo_4321314	UEM no. 35, p. 95
obi-v01-n0174-ob-p0298	zenodo_4321314	List 235a+b
obi-v01-n0174-ob-p0298	zenodo_4321314	UB 1, p. 195
obi-v01-n0174-ob-p0298	zenodo_4321314	U Than Tun, JBRS 1959, p. 77-79
obi-v01-n0174-ob-p0298	zenodo_4321314	U Than Tun, JBRS 1976, p. 135-7, Luce, ELEB, JBRS 1940, p. 327-8
obi-v01-n0174-ob-p0298	zenodo_4321314	U Min Hswe, no. 77
obi-v01-n0174-re-p0300	zenodo_4321314	IUB1-197
obi-v01-n0174-re-p0300	zenodo_4321314	List 235/b
obi-v01-n0174-re-p0300	zenodo_4321314	IOB1-97
obi-v01-n0175-ob-p0302	zenodo_4321314	BA-70
obi-v01-n0175-ob-p0302	zenodo_4321314	List 243
obi-v01-n0175-ob-p0302	zenodo_4321314	IOB1-55/b BED B 599-1
obi-v01-n0175-ob-p0302	zenodo_4321314	Pl. I 55b
obi-v01-n0175-ob-p0302	zenodo_4321314	OBI 1, p. 302
obi-v01-n0175-ob-p0302	zenodo_4321314	List 243
obi-v01-n0175-ob-p0302	zenodo_4321314	A, p. 70
obi-v01-n0176-tx-p0302	zenodo_4321314	IOB1-100/b BED B 599-2
obi-v01-n0176-tx-p0302	zenodo_4321314	Pl. I 100b
obi-v01-n0176-tx-p0302	zenodo_4321314	OBI 1, p. 302
obi-v01-n0176-tx-p0302	zenodo_4321314	UEM no. 37, p. 106
obi-v01-n0176-tx-p0302	zenodo_4321314	List 479
obi-v01-n0176-tx-p0302	zenodo_4321314	PPA, p. 310
obi-v01-n0176-tx-p0302	zenodo_4321314	TN, p. 143
obi-v01-n0177-ob-p0304	zenodo_4321314	RDASB 1960-61 BED A
obi-v01-n0177-ob-p0304	zenodo_4321314	OBI 1, p. 304
obi-v01-n0177-ob-p0304	zenodo_4321314	RDASB 1961, p. 145
obi-v01-n0177-ob-p0304	zenodo_4321314	U Hswai, JBRS 48 (2), 1965, p. 67, no. 9
obi-v01-n0178-tx-p0305	zenodo_4321314	IPPA-179
obi-v01-n0178-tx-p0305	zenodo_4321314	List-241
obi-v01-n0178-tx-p0305	zenodo_4321314	IOB1-101 BED B 599-3
obi-v01-n0178-tx-p0305	zenodo_4321314	Pl. I 101
obi-v01-n0178-tx-p0305	zenodo_4321314	OBI 1, p. 305
obi-v01-n0178-tx-p0305	zenodo_4321314	List 241
obi-v01-n0178-tx-p0305	zenodo_4321314	PPA, p. 179
obi-v01-n0178-tx-p0305	zenodo_4321314	TN, p. 85
obi-v01-n0178-tx-p0305	zenodo_4321314	U Min Hswe, no. 6
obi-v01-n0179-tx-p0306	zenodo_4321314	IPPA 181, 182
obi-v01-n0179-tx-p0306	zenodo_4321314	List 242
obi-v01-n0179-tx-p0306	zenodo_4321314	IOB1-105/a BED B 599-4
obi-v01-n0179-tx-p0306	zenodo_4321314	Pl. I 105a
obi-v01-n0179-tx-p0306	zenodo_4321314	OBI 1, p. 306
obi-v01-n0179-tx-p0306	zenodo_4321314	SIP no. 25, p. 52
obi-v01-n0179-tx-p0306	zenodo_4321314	UEM no. 36, p. 99
obi-v01-n0179-tx-p0306	zenodo_4321314	List 242
obi-v01-n0179-tx-p0306	zenodo_4321314	PPA, p. 181
obi-v01-n0179-tx-p0306	zenodo_4321314	MM 3, no. 44, p. 189
obi-v01-n0179-tx-p0306	zenodo_4321314	TN, p. 86
obi-v01-n0179-tx-p0306	zenodo_4321314	U Than Tun, JBRS 1978, p. 140
obi-v01-n0179-tx-p0306	zenodo_4321314	U Min Hswe, no. 76
obi-v01-n0180-ob-p0309	zenodo_4321314	BA 69
obi-v01-n0180-ob-p0309	zenodo_4321314	List 244
obi-v01-n0181-ob-p0311	zenodo_4321314	IPPA 61, 62
obi-v01-n0181-ob-p0311	zenodo_4321314	List-206
obi-v01-n0181-ob-p0311	zenodo_4321314	IOB1-103 BED B 600-8
obi-v01-n0181-ob-p0311	zenodo_4321314	Pl. I 103-104
obi-v01-n0181-ob-p0311	zenodo_4321314	OBI 1, p. 311
obi-v01-n0181-ob-p0311	zenodo_4321314	List 206/List 220
obi-v01-n0181-ob-p0311	zenodo_4321314	PPA, p. 61
obi-v01-n0181-ob-p0311	zenodo_4321314	TN, p. 29
obi-v01-n0181-re-p0313	zenodo_4321314	IPPA 63
obi-v01-n0181-re-p0313	zenodo_4321314	List-220
obi-v01-n0181-re-p0313	zenodo_4321314	IOB1-104
obi-v01-n0182-ob-p0314	zenodo_4321314	IOB2-210/a BED B 600-2
obi-v01-n0182-ob-p0314	zenodo_4321314	Pl. II 210a
obi-v01-n0182-ob-p0314	zenodo_4321314	OBI 1, p. 314
obi-v01-n0183-ob-p0315	zenodo_4321314	IPPA 159
obi-v01-n0183-ob-p0315	zenodo_4321314	List-1252
obi-v01-n0183-ob-p0315	zenodo_4321314	IOB2-129 BED B 600-9
obi-v01-n0183-ob-p0315	zenodo_4321314	Pl. II 129
obi-v01-n0183-ob-p0315	zenodo_4321314	OBI 1, p. 315
obi-v01-n0183-ob-p0315	zenodo_4321314	List 1252
obi-v01-n0183-ob-p0315	zenodo_4321314	PPA, p. 159
obi-v01-n0183-ob-p0315	zenodo_4321314	TN, p. 93
obi-v01-n0184-ob-p0316	zenodo_4321314	IUB1-201-202
obi-v01-n0184-ob-p0316	zenodo_4321314	List-245
obi-v01-n0184-ob-p0316	zenodo_4321314	IOB2-130 BED B 600-3
obi-v01-n0184-ob-p0316	zenodo_4321314	Pl. II 130
obi-v01-n0184-ob-p0316	zenodo_4321314	OBI 1, p. 316: U Min Hswe, no. 81
obi-v01-n0185-ob-p0318	zenodo_4321314	IOB2-131/a BED B 600-4
obi-v01-n0185-ob-p0318	zenodo_4321314	Pl. II 131a
obi-v01-n0185-ob-p0318	zenodo_4321314	OBI 1, p. 318
obi-v01-n0186-ob-p0319	zenodo_4321314	IPPA-183
obi-v01-n0186-ob-p0319	zenodo_4321314	List-247
obi-v01-n0186-ob-p0319	zenodo_4321314	IOB2-131/b BED B 600-5
obi-v01-n0186-ob-p0319	zenodo_4321314	Pl. II 131b
obi-v01-n0186-ob-p0319	zenodo_4321314	OBI 1, p. 319
obi-v01-n0186-ob-p0319	zenodo_4321314	List 247
obi-v01-n0186-ob-p0319	zenodo_4321314	PPA, p. 183
obi-v01-n0186-ob-p0319	zenodo_4321314	TN, p. 87
obi-v01-n0186-ob-p0319	zenodo_4321314	U Min Hswe, no. 44
obi-v01-n0187-ob-p0320	zenodo_4321314	IPPA-239
obi-v01-n0187-ob-p0320	zenodo_4321314	List 246
obi-v01-n0187-ob-p0320	zenodo_4321314	IOB2-132/a BED B 600-6
obi-v01-n0187-ob-p0320	zenodo_4321314	Pl. II 132a
obi-v01-n0187-ob-p0320	zenodo_4321314	OBI 1, p. 320
obi-v01-n0187-ob-p0320	zenodo_4321314	UEM no. 40, p. 112
obi-v01-n0187-ob-p0320	zenodo_4321314	List 246
obi-v01-n0187-ob-p0320	zenodo_4321314	PPA p. 239
obi-v01-n0187-ob-p0320	zenodo_4321314	TN, p. 109
obi-v01-n0188-ob-p0321	zenodo_4321314	BM2-830, 838
obi-v01-n0188-ob-p0321	zenodo_4321314	BA 1, 9
obi-v01-n0188-ob-p0321	zenodo_4321314	List 23, 27 BED B 420-2
obi-v01-n0188-ob-p0321	zenodo_4321314	List 23
obi-v01-n0188-ob-p0321	zenodo_4321314	OBI 1, p. 321
obi-v01-n0188-ob-p0321	zenodo_4321314	B 2, p. 830
obi-v01-n0188-ob-p0321	zenodo_4321314	A, p.1
obi-v01-n0188-ob-p0321	zenodo_4321314	MP 1, p. 21
obi-v01-n0188-ob-p0321	zenodo_4321314	List 27
obi-v01-n0188-ob-p0321	zenodo_4321314	B 2, p. 838
obi-v01-n0188-ob-p0321	zenodo_4321314	A, p. 9
obi-v01-n0188-ob-p0321	zenodo_4321314	MM 2, no. 4, p. 8
obi-v01-n0188-ob-p0321	zenodo_4321314	copy List 5
obi-v01-n0188-ob-p0321	zenodo_4321314	B 2, p. 830
obi-v01-n0188-ob-p0321	zenodo_4321314	MM 2, no. 1, p. 1
obi-v01-n0188-ob-p0321	zenodo_4321314	another copy MM 4, no. 20, p. 90
obi-v01-n0189-ob-p0322	zenodo_4321314	BA-7
obi-v01-n0189-ob-p0322	zenodo_4321314	List-346/a BED B 429-1
obi-v01-n0189-ob-p0322	zenodo_4321314	List 346
obi-v01-n0189-ob-p0322	zenodo_4321314	OBI 1, p. 322
obi-v01-n0189-ob-p0322	zenodo_4321314	A, p. 7
obi-v01-n0189-ob-p0322	zenodo_4321314	copy List 114
obi-v01-n0189-ob-p0322	zenodo_4321314	A, p. 8
obi-v01-n0189-ob-p0322	zenodo_4321314	MM 1, no. 34, p. 306 (= B 2, p. 804 ?)
obi-v01-n0190-ob-p0324	zenodo_4321314	IOB2-110 BED B 443-1
obi-v01-n0190-ob-p0324	zenodo_4321314	Pl. II 110
obi-v01-n0190-ob-p0324	zenodo_4321314	OBI 1, p. 324
obi-v01-n0190-ob-p0324	zenodo_4321314	UEM no. 2, p. 2
obi-v01-n0190-ob-p0324	zenodo_4321314	ARASI 1930-34, p. 190
obi-v01-n0191-ob-p0325	zenodo_4321314	BM1-72
obi-v01-n0191-ob-p0325	zenodo_4321314	List-30 BED B 447-1
obi-v01-n0191-ob-p0325	zenodo_4321314	List 30
obi-v01-n0191-ob-p0325	zenodo_4321314	OBI 1, p. 325
obi-v01-n0191-ob-p0325	zenodo_4321314	B 2, p. 72
obi-v01-n0191-ob-p0325	zenodo_4321314	MM 1, no. 15, p. 136
obi-v01-n0191-ob-p0325	zenodo_4321314	List 31
obi-v01-n0191-ob-p0325	zenodo_4321314	MM 1, no. 16, p. 140
obi-v01-n0191-ob-p0325	zenodo_4321314	another copy MM 4, no. 9, p. 44
obi-v01-n0192-ob-p0326	zenodo_4321314	BA-11
obi-v01-n0192-ob-p0326	zenodo_4321314	List 46/a BED B 467-1
obi-v01-n0192-ob-p0326	zenodo_4321314	List 46
obi-v01-n0192-ob-p0326	zenodo_4321314	OBI 1, p. 326
obi-v01-n0192-ob-p0326	zenodo_4321314	A, p. 11
obi-v01-n0193-ob-p0328	zenodo_4321314	BA-16
obi-v01-n0193-ob-p0328	zenodo_4321314	List-48 BED B 468-1
obi-v01-n0193-ob-p0328	zenodo_4321314	OBI 1, p. 328
obi-v01-n0193-ob-p0328	zenodo_4321314	List 48
obi-v01-n0193-ob-p0328	zenodo_4321314	A, p. 16
obi-v01-n0193-ob-p0328	zenodo_4321314	OR 6452 B (1), nos. 22 and 26
obi-v01-n0194-ob-p0329	zenodo_4321314	BA-18
obi-v01-n0194-ob-p0329	zenodo_4321314	List-49 BED B 469-1
obi-v01-n0194-ob-p0329	zenodo_4321314	List 49
obi-v01-n0194-ob-p0329	zenodo_4321314	OBI 1, p. 329
obi-v01-n0194-ob-p0329	zenodo_4321314	SIP no. 3, p. 3
obi-v01-n0194-ob-p0329	zenodo_4321314	A, p. 18
obi-v01-n0194-ob-p0329	zenodo_4321314	MP, p. 13
obi-v01-n0194-ob-p0329	zenodo_4321314	cp. A, p. 17 (first part)
obi-v01-n0194-re-p0330	zenodo_4321314	BED B 545-1
obi-v01-n0194-re-p0330	zenodo_4321314	List 111
obi-v01-n0194-re-p0330	zenodo_4321314	OBI 1, p. 330
obi-v01-n0194-re-p0330	zenodo_4321314	A, p. 19
obi-v01-n0194-re-p0330	zenodo_4321314	MM 2, nos. 42-43, p. 168-172
obi-v01-n0194-re-p0330	zenodo_4321314	MP 1, p. 17
obi-v01-n0194-re-p0330	zenodo_4321314	Luce C 570
obi-v01-n0195-ob-p0331	zenodo_4321314	BA-19
obi-v01-n0195-ob-p0331	zenodo_4321314	List-50/a BED B 472-1
obi-v01-n0195-ob-p0331	zenodo_4321314	List 50 a+b
obi-v01-n0195-ob-p0331	zenodo_4321314	OBI 1, p. 331
obi-v01-n0195-ob-p0331	zenodo_4321314	SIP no. 4, p. 4
obi-v01-n0195-ob-p0331	zenodo_4321314	A, p. 19
obi-v01-n0195-ob-p0331	zenodo_4321314	TN, p.
obi-v01-n0195-ob-p0331	zenodo_4321314	MP 1, p. 5
obi-v01-n0195-ob-p0331	zenodo_4321314	Duroiselle, ARASI 1912, p. 149-51 (Hledaung inscr.)
obi-v01-n0196-ob-p0333	zenodo_4321314	BED B 481-1
obi-v01-n0196-ob-p0333	zenodo_4321314	OBI 1, p. 333
obi-v01-n0196-ob-p0333	zenodo_4321314	MP 1, p. 29
obi-v01-n0197-ob-p0334	zenodo_4321314	IOB2-111 BED B 482-1
obi-v01-n0197-ob-p0334	zenodo_4321314	Pl. II 111
obi-v01-n0197-ob-p0334	zenodo_4321314	OBI 1, p. 334
obi-v01-n0197-re-p0336	zenodo_4321314	IOB2-112 BED B 482-2
obi-v01-n0197-re-p0336	zenodo_4321314	Pl. II 112
obi-v01-n0197-re-p0336	zenodo_4321314	OBI 1, p. 336
obi-v01-n0197-re-p0336	zenodo_4321314	ARASI 1930-34, p. 190
obi-v01-n0198-ob-p0337	zenodo_4321314	BED B 512-4
obi-v01-n0198-ob-p0337	zenodo_4321314	OBI 1, p. 337
obi-v01-n0199-ob-p0339	zenodo_4321314	RDASB 1961-62
obi-v01-n0199-ob-p0339	zenodo_4321314	RDASB 1962-63 BED B 513-4
obi-v01-n0199-ob-p0339	zenodo_4321314	OBI 1, p. 339
obi-v01-n0200-ob-p0340	zenodo_4321314	RDASB 1957-58 BED B 521-1
obi-v01-n0200-ob-p0340	zenodo_4321314	OBI 1, p. 340
obi-v01-n0201-re-p0342	zenodo_4321314	IOB4-365/a BED B 533-2
obi-v01-n0201-re-p0342	zenodo_4321314	Pl. IV 365a
obi-v01-n0201-re-p0342	zenodo_4321314	OBI 1, p. 342
obi-v01-n0201-re-p0342	zenodo_4321314	Htupayon 2, p. 183
obi-v01-n0201-re-p0342	zenodo_4321314	ARASI 1936-37, p. 114
obi-v01-n0201-re-p0342	zenodo_4321314	U Nyein Maung, She-haung … Pancama-twe Nauk-hset-twe, p. 1
obi-v01-n0202-re-p0343	zenodo_4321314	BA-80
obi-v01-n0202-re-p0343	zenodo_4321314	List-91 BED B 534-2
obi-v01-n0202-re-p0343	zenodo_4321314	List 91
obi-v01-n0202-re-p0343	zenodo_4321314	OBI 1, p. 343
obi-v01-n0202-re-p0343	zenodo_4321314	A, p. 80
obi-v01-n0202-re-p0343	zenodo_4321314	TN
obi-v01-n0203-ob-p0344	zenodo_4321314	IOB5-571/b BED B 537-2
obi-v01-n0203-ob-p0344	zenodo_4321314	Pl. V 571b
obi-v01-n0203-ob-p0344	zenodo_4321314	OBI 1, p. 344
obi-v01-n0204-ob-p0345	zenodo_4321314	BED B 538-1
obi-v01-n0204-ob-p0345	zenodo_4321314	OBI 1, p. 345
obi-v01-n0204-re-p0346	zenodo_4321314	BA-28
obi-v01-n0204-re-p0346	zenodo_4321314	List-73 BED B 513-3
obi-v01-n0204-re-p0346	zenodo_4321314	List 73
obi-v01-n0204-re-p0346	zenodo_4321314	OBI 1, p. 346
obi-v01-n0204-re-p0346	zenodo_4321314	A, p. 28
obi-v01-n0204-re-p0346	zenodo_4321314	SIP no. 17, p. 13
obi-v01-n0205-ob-p0347	zenodo_4321314	List 113
obi-v01-n0205-ob-p0347	zenodo_4321314	IPPA-145-146 BED B 545-3
obi-v01-n0205-ob-p0347	zenodo_4321314	List 113
obi-v01-n0205-ob-p0347	zenodo_4321314	OBI 1, p. 347
obi-v01-n0205-ob-p0347	zenodo_4321314	PPA, p. 145
obi-v01-n0205-ob-p0347	zenodo_4321314	TN p. 67
obi-v01-n0205-ob-p0347	zenodo_4321314	List 109-110
obi-v01-n0205-ob-p0347	zenodo_4321314	B 2, p. 781-783
obi-v01-n0205-ob-p0347	zenodo_4321314	MM 2, nos. 38-39
obi-v01-n0205-ob-p0347	zenodo_4321314	OR 6452 B (1), no. 31
obi-v01-n0206-ob-p0350	zenodo_4321314	IUB2-132
obi-v01-n0206-ob-p0350	zenodo_4321314	List 67/a
obi-v01-n0206-ob-p0350	zenodo_4321314	IOB4-402/a
obi-v01-n0206-re-p0351	zenodo_4321314	IUB2-133
obi-v01-n0206-re-p0351	zenodo_4321314	List 67/b
obi-v01-n0206-re-p0351	zenodo_4321314	IOB4-402/b BED B 567-7
obi-v01-n0206-re-p0351	zenodo_4321314	Pl. IV 402
obi-v01-n0206-re-p0351	zenodo_4321314	OBI 1, p. 351
obi-v01-n0206-re-p0351	zenodo_4321314	List 67b
obi-v01-n0206-re-p0351	zenodo_4321314	UB 2, p. 133
obi-v01-n0207-ob-p0352	zenodo_4321314	IUB1-173
obi-v01-n0207-ob-p0352	zenodo_4321314	List-97 BED B 547-2
obi-v01-n0207-ob-p0352	zenodo_4321314	List 97
obi-v01-n0207-ob-p0352	zenodo_4321314	OBI 1, p. 352
obi-v01-n0207-ob-p0352	zenodo_4321314	SIP no. 9, p. 16
obi-v01-n0207-ob-p0352	zenodo_4321314	UB 1, p. 173
obi-v01-n0207-ob-p0352	zenodo_4321314	U Min Hswe, no. 28
obi-v01-n0208-ob-p0353	zenodo_4321314	IOB2-114/b BED B 548-1
obi-v01-n0208-ob-p0353	zenodo_4321314	Pl. II 114b
obi-v01-n0208-ob-p0353	zenodo_4321314	OBI 1, p. 353
obi-v01-n0208-ob-p0353	zenodo_4321314	U Hswai, JBRS 48 (2), 1965, p. 67, no. 1
obi-v01-n0209-ob-p0354	zenodo_4321314	IUB2-229
obi-v01-n0209-ob-p0354	zenodo_4321314	List-129 BED B 554-4
obi-v01-n0209-ob-p0354	zenodo_4321314	List 129a+b
obi-v01-n0209-ob-p0354	zenodo_4321314	OBI 1, p. 354
obi-v01-n0209-ob-p0354	zenodo_4321314	UB 2, p. 229
obi-v01-n0209-ob-p0354	zenodo_4321314	Luce G 1964
obi-v01-n0209-ob-p0354	zenodo_4321314	U Hswai, JBRS 48 (2), 1965, p. 67, no. 3
obi-v01-n0209-ob-p0354	zenodo_4321314	List 128
obi-v01-n0209-ob-p0354	zenodo_4321314	OBI 1, p.x231x
obi-v01-n0209-ob-p0354	zenodo_4321314	U Maung Maung Lat, nos. 1+2
obi-v01-n0209-ob-p0354	zenodo_4321314	U Hswai, JBRS 48 (2), 1965, p. 67, no. 2
obi-v01-n0209-re-p0355	zenodo_4321314	IUB2-231
obi-v01-n0209-re-p0355	zenodo_4321314	List-129
obi-v01-n0210-ob-p0357	zenodo_4321314	IUB2-232
obi-v01-n0210-ob-p0357	zenodo_4321314	List-128
obi-v01-n0212-ob-p0360	zenodo_4321314	BA-39
obi-v01-n0212-ob-p0360	zenodo_4321314	List-146 BED B 559-6 & B 556-5
obi-v01-n0212-ob-p0360	zenodo_4321314	List 146
obi-v01-n0212-ob-p0360	zenodo_4321314	OBI 1, p. 360
obi-v01-n0212-ob-p0360	zenodo_4321314	SIP no. 12, p. 21
obi-v01-n0212-ob-p0360	zenodo_4321314	A, p. 39
obi-v01-n0212-ob-p0360	zenodo_4321314	List 135
obi-v01-n0212-ob-p0360	zenodo_4321314	B 2, p. 630
obi-v01-n0212-ob-p0360	zenodo_4321314	copy List 402
obi-v01-n0212-ob-p0360	zenodo_4321314	B 2, p. 819 (first inscr.)
obi-v01-n0212-ob-p0360	zenodo_4321314	MM 4, no. 40, p. 186 (first part)
obi-v01-n0212-ob-p0360	zenodo_4321314	List 134
obi-v01-n0212-ob-p0360	zenodo_4321314	B 2, p. 818
obi-v01-n0213-ob-p0362	zenodo_4321314	RDASB 1937-38 BED B 556-1
obi-v01-n0213-ob-p0362	zenodo_4321314	OBI 1, p. 362
obi-v01-n0213-ob-p0362	zenodo_4321314	List 136
obi-v01-n0213-ob-p0362	zenodo_4321314	B 2, p. 509
obi-v01-n0213-ob-p0362	zenodo_4321314	RDASB 1938
obi-v01-n0214-ob-p0363	zenodo_4321314	IUB2-233 BED B 557-4
obi-v01-n0214-ob-p0363	zenodo_4321314	List 1324
obi-v01-n0214-ob-p0363	zenodo_4321314	UB 2 p. 233
obi-v01-n0214-ob-p0363	zenodo_4321314	OBI 1, p. 363
obi-v01-n0214-ob-p0363	zenodo_4321314	U Hswai, JBRS 48 (2), 1965, p. 67, no. 4
obi-v01-n0215-ob-p0365	zenodo_4321314	BED B 557-5
obi-v01-n0215-ob-p0365	zenodo_4321314	OBI 1, p. 365
obi-v01-n0215-ob-p0365	zenodo_4321314	RDASB 1963, no. 6, p. 25
obi-v01-n0216-ob-p0366	zenodo_4321314	BA-43
obi-v01-n0216-ob-p0366	zenodo_4321314	List-151 BED B 560-6
obi-v01-n0216-ob-p0366	zenodo_4321314	List 151
obi-v01-n0216-ob-p0366	zenodo_4321314	OBI 1, p. 366
obi-v01-n0216-ob-p0366	zenodo_4321314	A, p. 43
obi-v01-n0216-ob-p0366	zenodo_4321314	MP 2, p. 61
obi-v01-n0216-ob-p0366	zenodo_4321314	B 2, p. 821
obi-v01-n0216-ob-p0366	zenodo_4321314	MM 3, p. 90 (not in List)
obi-v01-n0216-ob-p0366	zenodo_4321314	copy List 150
obi-v01-n0216-ob-p0366	zenodo_4321314	A, p. 46
obi-v01-n0216-ob-p0366	zenodo_4321314	other copies are List 148
obi-v01-n0216-ob-p0366	zenodo_4321314	B 2, p. 822
obi-v01-n0216-ob-p0366	zenodo_4321314	MM 3, p. 93 (which has Vattalaṅkapuil as donor) and List 149
obi-v01-n0216-ob-p0366	zenodo_4321314	another copy is List 401
obi-v01-n0216-ob-p0366	zenodo_4321314	B 2, p. 823
obi-v01-n0216-ob-p0366	zenodo_4321314	MM 4, no. 64, p. 275 (dated CS 660/1398)
obi-v01-n0217-ob-p0367	zenodo_4321314	BA-47
obi-v01-n0217-ob-p0367	zenodo_4321314	List-155
obi-v01-n0218-ob-p0370	zenodo_4321314	BA-10
obi-v01-n0218-ob-p0370	zenodo_4321314	List-32 BED B 562-4
obi-v01-n0218-ob-p0370	zenodo_4321314	List 32
obi-v01-n0218-ob-p0370	zenodo_4321314	OBI 1, p. 370
obi-v01-n0218-ob-p0370	zenodo_4321314	A, p. 410
obi-v01-n0219-ob-p0371	zenodo_4321314	BM1-420
obi-v01-n0219-ob-p0371	zenodo_4321314	BM2-760
obi-v01-n0219-ob-p0371	zenodo_4321314	List-157, 156 BED B 562-5
obi-v01-n0219-ob-p0371	zenodo_4321314	List 156-157
obi-v01-n0219-ob-p0371	zenodo_4321314	OBI 1, p. 371
obi-v01-n0219-ob-p0371	zenodo_4321314	B 2, p. 76
obi-v01-n0219-ob-p0371	zenodo_4321314	B 1, p. 420
obi-v01-n0219-ob-p0371	zenodo_4321314	B 2, p. 760
obi-v01-n0220-ob-p0374	zenodo_4321314	IUB2-136
obi-v01-n0220-ob-p0374	zenodo_4321314	List-182
obi-v01-n0221-tx-p0375	zenodo_4321314	BED B 567-1
obi-v01-n0221-tx-p0375	zenodo_4321314	OBI 1, p. 375
obi-v01-n0221-tx-p0376	zenodo_4321314	BED B 588-4
obi-v01-n0221-tx-p0376	zenodo_4321314	Pl. V 574b
obi-v01-n0221-tx-p0376	zenodo_4321314	OBI 1, p. 190
obi-v01-n0221-tx-p0376	zenodo_4321314	List 198
obi-v01-n0221-tx-p0376	zenodo_4321314	A, p. 61
obi-v01-n0221-tx-p0376	zenodo_4321314	MP 1, p. 81
obi-v01-n0221-tx-p0376	zenodo_4321314	OBI 1, p. 376
obi-v01-n0221-tx-p0376	zenodo_4321314	RDASB 1965, p. 34, no. 2
obi-v01-n0221-tx-p0376	zenodo_4321314	U Min Hswe, no. 32
obi-v01-n0222-re-p0376	zenodo_4321314	RDASB 1964-65 BED B 588-4
obi-v01-n0222-re-p0376	zenodo_4321314	Pl. V 574b
obi-v01-n0222-re-p0376	zenodo_4321314	OBI 1, p. 190
obi-v01-n0222-re-p0376	zenodo_4321314	List 198
obi-v01-n0222-re-p0376	zenodo_4321314	A, p. 61
obi-v01-n0222-re-p0376	zenodo_4321314	MP 1, p. 81
obi-v01-n0222-re-p0376	zenodo_4321314	OBI 1, p. 376
obi-v01-n0222-re-p0376	zenodo_4321314	RDASB 1965, p. 34, no. 2
obi-v01-n0222-re-p0376	zenodo_4321314	U Min Hswe, no. 32
obi-v01-n0223-ob-p0377	zenodo_4321314	BA-62
obi-v01-n0223-ob-p0377	zenodo_4321314	List-202
obi-v01-n0224-ob-p0379	zenodo_4321314	BA-63
obi-v01-n0224-ob-p0379	zenodo_4321314	List-201 BED B 598-10
obi-v01-n0224-ob-p0379	zenodo_4321314	OBI 1, p. 377
obi-v01-n0224-ob-p0379	zenodo_4321314	List 202
obi-v01-n0224-ob-p0379	zenodo_4321314	A, p. 62
obi-v01-n0224-ob-p0379	zenodo_4321314	MP 1, p. 77
obi-v01-n0224-ob-p0379	zenodo_4321314	OBI 1, p. 379
obi-v01-n0224-ob-p0379	zenodo_4321314	List 201
obi-v01-n0224-ob-p0379	zenodo_4321314	A, p. 63
obi-v01-n0224-ob-p0379	zenodo_4321314	co pies List 225
obi-v01-n0224-ob-p0379	zenodo_4321314	B 2, p. 842
obi-v01-n0224-ob-p0379	zenodo_4321314	MM 3, no. 41, p. 172 (2nd and 3rd inscr.)
obi-v01-n0224-ob-p0379	zenodo_4321314	OR 6452 B (1), no. 32
obi-v01-n0224-ob-p0379	zenodo_4321314	List 226
obi-v01-n0224-ob-p0379	zenodo_4321314	B 2, p. 847
obi-v01-n0224-ob-p0379	zenodo_4321314	MM 3, no. 42, p. 175
obi-v01-n0224-ob-p0379	zenodo_4321314	MM 3, no. 43, p. 183
obi-v01-n0225-ob-p0381	zenodo_4321314	BA-71
obi-v01-n0225-ob-p0381	zenodo_4321314	List-248 BED B 600-1
obi-v01-n0225-ob-p0381	zenodo_4321314	List 248
obi-v01-n0225-ob-p0381	zenodo_4321314	OBI 1, p. 381
obi-v01-n0225-ob-p0381	zenodo_4321314	A, p. 71
obi-v01-n0225-ob-p0381	zenodo_4321314	MP 1, p. 97
obi-v02-n0001-ob-p0001	zenodo_4321314	RDASB 1970-71 BED B 600-7
obi-v02-n0001-ob-p0001	zenodo_4321314	OBI 2, p. 1
obi-v02-n0001-ob-p0001	zenodo_4321314	RDASB 1971
obi-v02-n0002-ob-p0003	zenodo_4321314	IUB1 175
obi-v02-n0002-ob-p0003	zenodo_4321314	List-173
obi-v02-n0002-ob-p0003	zenodo_4321314	IOB1-84 BED B 571-2
obi-v02-n0002-ob-p0003	zenodo_4321314	Pl. I 84
obi-v02-n0002-ob-p0003	zenodo_4321314	OBI 2, p. 3
obi-v02-n0002-ob-p0003	zenodo_4321314	UEM no. 42, p. 115
obi-v02-n0002-ob-p0003	zenodo_4321314	List 173
obi-v02-n0003-ob-p0004	zenodo_4321314	BA-75
obi-v02-n0003-ob-p0004	zenodo_4321314	List-249
obi-v02-n0003-ob-p0004	zenodo_4321314	IOB2 132/b BED B 601-2
obi-v02-n0003-ob-p0004	zenodo_4321314	Pl. II 132b
obi-v02-n0003-ob-p0004	zenodo_4321314	OBI 2, p. 4
obi-v02-n0003-ob-p0004	zenodo_4321314	List 249
obi-v02-n0003-ob-p0004	zenodo_4321314	A, p. 75
obi-v02-n0003-ob-p0004	zenodo_4321314	copy List 918
obi-v02-n0003-ob-p0004	zenodo_4321314	B 2, p. 665 (first part)
obi-v02-n0004-ob-p0006	zenodo_4321314	IPPA 286-287
obi-v02-n0004-ob-p0006	zenodo_4321314	List-1255
obi-v02-n0004-ob-p0006	zenodo_4321314	IOB2-133 BED B 601-4
obi-v02-n0004-ob-p0006	zenodo_4321314	Pl. II 133
obi-v02-n0004-ob-p0006	zenodo_4321314	OBI 2, p. 6
obi-v02-n0004-ob-p0006	zenodo_4321314	List 1255
obi-v02-n0004-ob-p0006	zenodo_4321314	PPA, p. 286 (this ref. in List is incorrect !)
obi-v02-n0005-re-p0009	zenodo_4321314	RDASB 1915
obi-v02-n0005-re-p0009	zenodo_4321314	IOB2-134/b BED B 593-5
obi-v02-n0005-re-p0009	zenodo_4321314	Pl. II 134a
obi-v02-n0005-re-p0009	zenodo_4321314	OBI 1, p. 222
obi-v02-n0005-re-p0009	zenodo_4321314	UEM no. 41, p. 113
obi-v02-n0005-re-p0009	zenodo_4321314	OBI 2, p. 9
obi-v02-n0006-ob-p0010	zenodo_4321314	IOB2-197 BED B 600-7
obi-v02-n0006-ob-p0010	zenodo_4321314	OBI 2, p. 1
obi-v02-n0006-ob-p0010	zenodo_4321314	RDASB 1971
obi-v02-n0007-ob-p0011	zenodo_4321314	IOB2-135/a BED B 600-7
obi-v02-n0007-ob-p0011	zenodo_4321314	OBI 2, p. 1
obi-v02-n0007-ob-p0011	zenodo_4321314	RDASB 1971
obi-v02-n0007-re-p0011	zenodo_4321314	IOB2-135/b BED B 600-7
obi-v02-n0007-re-p0011	zenodo_4321314	OBI 2, p. 1
obi-v02-n0007-re-p0011	zenodo_4321314	RDASB 1971
obi-v02-n0008-re-p0013	zenodo_4321314	IOB5-302/c BED B 600-7
obi-v02-n0008-re-p0013	zenodo_4321314	OBI 2, p. 1
obi-v02-n0008-re-p0013	zenodo_4321314	RDASB 1971
obi-v02-n0009-ob-p0014	zenodo_4321314	IOB3-320 BED B 600-7
obi-v02-n0009-ob-p0014	zenodo_4321314	OBI 2, p. 1
obi-v02-n0009-ob-p0014	zenodo_4321314	RDASB 1971
obi-v02-n0010-ob-p0015	zenodo_4321314	BED B 602-1
obi-v02-n0010-ob-p0015	zenodo_4321314	Pl. II 136
obi-v02-n0010-ob-p0015	zenodo_4321314	OBI 2, p. 15
obi-v02-n0010-ob-p0015	zenodo_4321314	List 253
obi-v02-n0010-ob-p0015	zenodo_4321314	UB 1, p. 297
obi-v02-n0011-ob-p0017	zenodo_4321314	IOB2-137 BED B 600-7
obi-v02-n0011-ob-p0017	zenodo_4321314	OBI 2, p. 1
obi-v02-n0011-ob-p0017	zenodo_4321314	RDASB 1971
obi-v02-n0012-ob-p0018	zenodo_4321314	RDASB 1965-66 BED B 600-7
obi-v02-n0012-ob-p0018	zenodo_4321314	OBI 2, p. 1
obi-v02-n0012-ob-p0018	zenodo_4321314	RDASB 1971
obi-v02-n0013-ob-p0020	zenodo_4321314	RDASB 1965-66 BED B 602-4
obi-v02-n0013-ob-p0020	zenodo_4321314	OBI 2, p. 20
obi-v02-n0013-ob-p0020	zenodo_4321314	RDASB 1966
obi-v02-n0013-ob-p0020	zenodo_4321314	U Min Hswe, no. 7
obi-v02-n0014-ob-p0021	zenodo_4321314	RDASB 1962-63 BED B 602-5
obi-v02-n0014-ob-p0021	zenodo_4321314	OBI 2, p. 21
obi-v02-n0014-ob-p0021	zenodo_4321314	RDASB 1963, p. 27, no. 16
obi-v02-n0015-ob-p0022	zenodo_4321314	IOB3-318/a BED B 603-2
obi-v02-n0015-ob-p0022	zenodo_4321314	Pl. III 318a+b
obi-v02-n0015-ob-p0022	zenodo_4321314	OBI 2, p. 22
obi-v02-n0015-re-p0023	zenodo_4321314	IOB3-318/b
obi-v02-n0016-ob-p0024	zenodo_4321314	IPPA-155-157
obi-v02-n0016-ob-p0024	zenodo_4321314	List-254,
obi-v02-n0016-ob-p0024	zenodo_4321314	IOB2-138 BED B 603-3
obi-v02-n0016-ob-p0024	zenodo_4321314	Pl. II 138
obi-v02-n0016-ob-p0024	zenodo_4321314	OBI 2, p. 24
obi-v02-n0016-ob-p0024	zenodo_4321314	SIP no. 26, p. 55
obi-v02-n0016-ob-p0024	zenodo_4321314	UEM no. 44, p. 117
obi-v02-n0016-ob-p0024	zenodo_4321314	List 254
obi-v02-n0016-ob-p0024	zenodo_4321314	PPA, p. 155
obi-v02-n0016-ob-p0024	zenodo_4321314	TN, p. 71
obi-v02-n0016-ob-p0024	zenodo_4321314	RDASB 1926, p. 26 and App. G
obi-v02-n0016-ob-p0024	zenodo_4321314	U Min Hswe, no. 43
obi-v02-n0016-ob-p0024	zenodo_4321314	OR 3475, no. 4
obi-v02-n0016-ob-p0024	zenodo_4321314	U Kyaw, “Bagan Minsa”, p. 195
obi-v02-n0017-ob-p0027	zenodo_4321314	BED B 603-4
obi-v02-n0017-ob-p0027	zenodo_4321314	Pl. II 148a
obi-v02-n0017-ob-p0027	zenodo_4321314	OBI 2, p. 27
obi-v02-n0017-ob-p0027	zenodo_4321314	UEM no. 49, p. 137
obi-v02-n0017-ob-p0027	zenodo_4321314	List 258 (rev.)
obi-v02-n0018-ob-p0029	zenodo_4321314	IPPA-12
obi-v02-n0018-ob-p0029	zenodo_4321314	List-368,
obi-v02-n0018-ob-p0029	zenodo_4321314	IOB2-139 BED B 603-5
obi-v02-n0018-ob-p0029	zenodo_4321314	Pl. II 139
obi-v02-n0018-ob-p0029	zenodo_4321314	OBI 2, p. 29
obi-v02-n0018-ob-p0029	zenodo_4321314	UEM no. 43, p. 116
obi-v02-n0018-ob-p0029	zenodo_4321314	List 368
obi-v02-n0018-ob-p0029	zenodo_4321314	PPA, p. 12
obi-v02-n0018-ob-p0029	zenodo_4321314	TN, p. 3
obi-v02-n0018-ob-p0029	zenodo_4321314	OR 6452 B (1), no. 1
obi-v02-n0019-ob-p0030	zenodo_4321314	IOB2 140/a BED B 604-1
obi-v02-n0019-ob-p0030	zenodo_4321314	Pl. II 140a+b
obi-v02-n0019-ob-p0030	zenodo_4321314	OBI 2, p. 30
obi-v02-n0019-re-p0031	zenodo_4321314	IOB2-140/b BED B 571-2
obi-v02-n0019-re-p0031	zenodo_4321314	Pl. I 84
obi-v02-n0019-re-p0031	zenodo_4321314	OBI 2, p. 3
obi-v02-n0019-re-p0031	zenodo_4321314	UEM no. 42, p. 115
obi-v02-n0019-re-p0031	zenodo_4321314	List 173
obi-v02-n0020-ob-p0033	zenodo_4321314	IPPA-117-118
obi-v02-n0020-ob-p0033	zenodo_4321314	List-263,
obi-v02-n0020-ob-p0033	zenodo_4321314	IOB2-143/a BED B 571-2
obi-v02-n0020-ob-p0033	zenodo_4321314	Pl. I 84
obi-v02-n0020-ob-p0033	zenodo_4321314	OBI 2, p. 3
obi-v02-n0020-ob-p0033	zenodo_4321314	UEM no. 42, p. 115
obi-v02-n0020-ob-p0033	zenodo_4321314	List 173
obi-v02-n0020-re-p0035	zenodo_4321314	IOB2-143/b BED B 571-2
obi-v02-n0020-re-p0035	zenodo_4321314	Pl. I 84
obi-v02-n0020-re-p0035	zenodo_4321314	OBI 2, p. 3
obi-v02-n0020-re-p0035	zenodo_4321314	UEM no. 42, p. 115
obi-v02-n0020-re-p0035	zenodo_4321314	List 173
obi-v02-n0021-ob-p0037	zenodo_4321314	IPPA-114, 116
obi-v02-n0021-ob-p0037	zenodo_4321314	List-262
obi-v02-n0021-ob-p0037	zenodo_4321314	IOB2-144 BED B 571-2
obi-v02-n0021-ob-p0037	zenodo_4321314	Pl. I 84
obi-v02-n0021-ob-p0037	zenodo_4321314	OBI 2, p. 3
obi-v02-n0021-ob-p0037	zenodo_4321314	UEM no. 42, p. 115
obi-v02-n0021-ob-p0037	zenodo_4321314	List 173
obi-v02-n0022-ob-p0041	zenodo_4321314	IPPA-184, 185
obi-v02-n0022-ob-p0041	zenodo_4321314	List-259
obi-v02-n0022-ob-p0041	zenodo_4321314	IOB2-145 BED B 604-3
obi-v02-n0022-ob-p0041	zenodo_4321314	Pl. II 145
obi-v02-n0022-ob-p0041	zenodo_4321314	OBI 2, p. 41
obi-v02-n0022-ob-p0041	zenodo_4321314	SIP no. 28, p. 63
obi-v02-n0022-ob-p0041	zenodo_4321314	UEM no. 47, p. 129
obi-v02-n0022-ob-p0041	zenodo_4321314	List 259
obi-v02-n0022-ob-p0041	zenodo_4321314	PPA, p. 184
obi-v02-n0022-ob-p0041	zenodo_4321314	TN, p. 88
obi-v02-n0022-ob-p0041	zenodo_4321314	U Min Hswe, no. 34
obi-v02-n0023-ob-p0044	zenodo_4321314	& 2
obi-v02-n0023-ob-p0044	zenodo_4321314	IPPA-240-241
obi-v02-n0023-ob-p0044	zenodo_4321314	List-257
obi-v02-n0023-ob-p0044	zenodo_4321314	IOB2-146 BED B 604-4
obi-v02-n0023-ob-p0044	zenodo_4321314	Pl. II 146
obi-v02-n0023-ob-p0044	zenodo_4321314	OBI 2, p. 44
obi-v02-n0023-ob-p0044	zenodo_4321314	UEM no. 47, p. 131
obi-v02-n0023-ob-p0044	zenodo_4321314	List 257
obi-v02-n0023-ob-p0044	zenodo_4321314	PPA, p. 240
obi-v02-n0023-ob-p0044	zenodo_4321314	TN, p. 109, U Min Hswe, no. 53
obi-v02-n0024-ob-p0047	zenodo_4321314	12
obi-v02-n0024-ob-p0047	zenodo_4321314	IPPA-121-122
obi-v02-n0024-ob-p0047	zenodo_4321314	List-261
obi-v02-n0024-ob-p0047	zenodo_4321314	IOB2-147/a BED B 604-5
obi-v02-n0024-ob-p0047	zenodo_4321314	Pl. II 147a+b
obi-v02-n0024-ob-p0047	zenodo_4321314	OBI 2, p. 47
obi-v02-n0024-ob-p0047	zenodo_4321314	UEM no. 48, p. 134
obi-v02-n0024-ob-p0047	zenodo_4321314	List 260-261
obi-v02-n0024-ob-p0047	zenodo_4321314	PPA, p. 119
obi-v02-n0024-ob-p0047	zenodo_4321314	TN, p. 61-62
obi-v02-n0024-ob-p0047	zenodo_4321314	U Min Hswe, no. 22-3
obi-v02-n0025-ob-p0049	zenodo_4321314	IPPA-119-120
obi-v02-n0025-ob-p0049	zenodo_4321314	List-260
obi-v02-n0025-ob-p0049	zenodo_4321314	IOB2-147/ BED B 601-2
obi-v02-n0025-ob-p0049	zenodo_4321314	Pl. II 132b
obi-v02-n0025-ob-p0049	zenodo_4321314	OBI 2, p. 4
obi-v02-n0025-ob-p0049	zenodo_4321314	List 249
obi-v02-n0025-ob-p0049	zenodo_4321314	A, p. 75
obi-v02-n0025-ob-p0049	zenodo_4321314	copy List 918
obi-v02-n0025-ob-p0049	zenodo_4321314	B 2, p. 665 (first part)
obi-v02-n0026-re-p0051	zenodo_4321314	BED B 604-6
obi-v02-n0026-re-p0051	zenodo_4321314	Pl. II 148b
obi-v02-n0026-re-p0051	zenodo_4321314	OBI 2, p. 51
obi-v02-n0026-re-p0051	zenodo_4321314	UEM no. 49, p. 139
obi-v02-n0026-re-p0051	zenodo_4321314	List 258
obi-v02-n0026-re-p0051	zenodo_4321314	PPA, p. 242
obi-v02-n0026-re-p0051	zenodo_4321314	TN, p. 111
obi-v02-n0027-ob-p0052	zenodo_4321314	IOB2 141/ BED B 604-7
obi-v02-n0027-ob-p0052	zenodo_4321314	Pl. II 141a
obi-v02-n0027-ob-p0052	zenodo_4321314	OBI 2, p. 52
obi-v02-n0028-ob-p0053	zenodo_4321314	IUB1-32
obi-v02-n0028-ob-p0053	zenodo_4321314	List-256
obi-v02-n0028-ob-p0053	zenodo_4321314	IOB2 141/ BED B 604-8
obi-v02-n0028-ob-p0053	zenodo_4321314	Pl. II 141b
obi-v02-n0028-ob-p0053	zenodo_4321314	OBI 2, p. 53
obi-v02-n0028-ob-p0053	zenodo_4321314	List 256
obi-v02-n0028-ob-p0053	zenodo_4321314	UB 1, p. 32
obi-v02-n0029-ob-p0054	zenodo_4321314	BED B 604-9
obi-v02-n0029-ob-p0054	zenodo_4321314	Pl. II 142
obi-v02-n0029-ob-p0054	zenodo_4321314	OBI 2, p. 54
obi-v02-n0030-ob-p0056	zenodo_4321314	BA-81
obi-v02-n0030-ob-p0056	zenodo_4321314	List-264/a
obi-v02-n0030-ob-p0056	zenodo_4321314	IOB2-149 BED B 604-10
obi-v02-n0030-ob-p0056	zenodo_4321314	Pl. II 149
obi-v02-n0030-ob-p0056	zenodo_4321314	OBI 2, p. 56
obi-v02-n0030-ob-p0056	zenodo_4321314	UEM no. 45, p. 120
obi-v02-n0030-ob-p0056	zenodo_4321314	List 264a
obi-v02-n0030-ob-p0056	zenodo_4321314	A, p. 81
obi-v02-n0031-ob-p0058	zenodo_4321314	BA-54
obi-v02-n0031-ob-p0058	zenodo_4321314	List-363/b
obi-v02-n0031-ob-p0058	zenodo_4321314	IOB3-256 BED B 604-14 & B 604-12
obi-v02-n0031-ob-p0058	zenodo_4321314	Pl. III 256
obi-v02-n0031-ob-p0058	zenodo_4321314	OBI 2, p. 58
obi-v02-n0031-ob-p0058	zenodo_4321314	List 363b
obi-v02-n0031-ob-p0058	zenodo_4321314	A, p. 54
obi-v02-n0032-ob-p0060	zenodo_4321314	IOB3-328/a BED B 601-4
obi-v02-n0032-ob-p0060	zenodo_4321314	Pl. II 133
obi-v02-n0032-ob-p0060	zenodo_4321314	OBI 2, p. 6
obi-v02-n0032-ob-p0060	zenodo_4321314	List 1255
obi-v02-n0032-ob-p0060	zenodo_4321314	PPA, p. 286 (this ref. in List is incorrect !)
obi-v02-n0033-ob-p0061	zenodo_4321314	IUB1-298
obi-v02-n0033-ob-p0061	zenodo_4321314	List-266/a
obi-v02-n0033-ob-p0061	zenodo_4321314	IOB2-150 BED B 601-4
obi-v02-n0033-ob-p0061	zenodo_4321314	Pl. II 133
obi-v02-n0033-ob-p0061	zenodo_4321314	OBI 2, p. 6
obi-v02-n0033-ob-p0061	zenodo_4321314	List 1255
obi-v02-n0033-ob-p0061	zenodo_4321314	PPA, p. 286 (this ref. in List is incorrect !)
obi-v02-n0033-re-p0063	zenodo_4321314	IUB1-299
obi-v02-n0033-re-p0063	zenodo_4321314	List-266/b
obi-v02-n0033-re-p0063	zenodo_4321314	IOB2-151 BED B 601-4
obi-v02-n0033-re-p0063	zenodo_4321314	Pl. II 133
obi-v02-n0033-re-p0063	zenodo_4321314	OBI 2, p. 6
obi-v02-n0033-re-p0063	zenodo_4321314	List 1255
obi-v02-n0033-re-p0063	zenodo_4321314	PPA, p. 286 (this ref. in List is incorrect !)
obi-v02-n0034-ob-p0064	zenodo_4321314	IPPA-103-104
obi-v02-n0034-ob-p0064	zenodo_4321314	List-269
obi-v02-n0034-ob-p0064	zenodo_4321314	IOB2-152 BED B 601-4
obi-v02-n0034-ob-p0064	zenodo_4321314	Pl. II 133
obi-v02-n0034-ob-p0064	zenodo_4321314	OBI 2, p. 6
obi-v02-n0034-ob-p0064	zenodo_4321314	List 1255
obi-v02-n0034-ob-p0064	zenodo_4321314	PPA, p. 286 (this ref. in List is incorrect !)
obi-v02-n0035-ob-p0066	zenodo_4321314	IOB2-153/a BED B 601-4
obi-v02-n0035-ob-p0066	zenodo_4321314	Pl. II 133
obi-v02-n0035-ob-p0066	zenodo_4321314	OBI 2, p. 6
obi-v02-n0035-ob-p0066	zenodo_4321314	List 1255
obi-v02-n0035-ob-p0066	zenodo_4321314	PPA, p. 286 (this ref. in List is incorrect !)
obi-v02-n0035-re-p0068	zenodo_4321314	IOB2-153/b BED B 601-4
obi-v02-n0035-re-p0068	zenodo_4321314	Pl. II 133
obi-v02-n0035-re-p0068	zenodo_4321314	OBI 2, p. 6
obi-v02-n0035-re-p0068	zenodo_4321314	List 1255
obi-v02-n0035-re-p0068	zenodo_4321314	PPA, p. 286 (this ref. in List is incorrect !)
obi-v02-n0036-ob-p0069	zenodo_4321314	IOB2-154 & IOB3-340 BED B 601-4
obi-v02-n0036-ob-p0069	zenodo_4321314	Pl. II 133
obi-v02-n0036-ob-p0069	zenodo_4321314	OBI 2, p. 6
obi-v02-n0036-ob-p0069	zenodo_4321314	List 1255
obi-v02-n0036-ob-p0069	zenodo_4321314	PPA, p. 286 (this ref. in List is incorrect !)
obi-v02-n0037-ob-p0069	zenodo_4321314	IOB2-155 BED B 601-4
obi-v02-n0037-ob-p0069	zenodo_4321314	Pl. II 133
obi-v02-n0037-ob-p0069	zenodo_4321314	OBI 2, p. 6
obi-v02-n0037-ob-p0069	zenodo_4321314	List 1255
obi-v02-n0037-ob-p0069	zenodo_4321314	PPA, p. 286 (this ref. in List is incorrect !)
obi-v02-n0038-ob-p0072	zenodo_4321314	IOB3-304 BED A
obi-v02-n0038-ob-p0072	zenodo_4321314	Pl. III 304-305
obi-v02-n0038-ob-p0072	zenodo_4321314	OBI 2, p. 72-73
obi-v02-n0038-ob-p0072	zenodo_4321314	copy (partly): List 116
obi-v02-n0038-ob-p0072	zenodo_4321314	List 116
obi-v02-n0038-ob-p0072	zenodo_4321314	B 2, p. 621
obi-v02-n0038-re-p0073	zenodo_4321314	IOB3-305/a
obi-v02-n0039-ob-p0074	zenodo_4321314	IOB4-399/c BED B 666-1a
obi-v02-n0039-ob-p0074	zenodo_4321314	Pl. IV 399c
obi-v02-n0039-ob-p0074	zenodo_4321314	OBI 2, p. 74 and OBI3,p.220
obi-v02-n0040-ob-p0074	zenodo_4321314	IUB1-291-292
obi-v02-n0040-ob-p0074	zenodo_4321314	List-208
obi-v02-n0040-ob-p0074	zenodo_4321314	IOB2-156 BED B 607-1
obi-v02-n0040-ob-p0074	zenodo_4321314	Pl. II 156
obi-v02-n0040-ob-p0074	zenodo_4321314	OBI 2, p. 74
obi-v02-n0040-ob-p0074	zenodo_4321314	UEM no. 53, p. 148
obi-v02-n0040-ob-p0074	zenodo_4321314	List 208
obi-v02-n0040-ob-p0074	zenodo_4321314	UB 1, p. 291
obi-v02-n0041-ob-p0076	zenodo_4321314	IPPA-174-175
obi-v02-n0041-ob-p0076	zenodo_4321314	List-214
obi-v02-n0041-ob-p0076	zenodo_4321314	IOB2-157 BED B 607-2
obi-v02-n0041-ob-p0076	zenodo_4321314	Pl. II 157
obi-v02-n0041-ob-p0076	zenodo_4321314	OBI 2, p. 76
obi-v02-n0041-ob-p0076	zenodo_4321314	List 214
obi-v02-n0041-ob-p0076	zenodo_4321314	PPA, p. 174
obi-v02-n0041-ob-p0076	zenodo_4321314	TN, p. 83
obi-v02-n0042-ob-p0078	zenodo_4321314	IOB2-158 BED B 607-6
obi-v02-n0042-ob-p0078	zenodo_4321314	Pl. II 158-159
obi-v02-n0042-ob-p0078	zenodo_4321314	OBI 2, p. 78-80
obi-v02-n0042-re-p0080	zenodo_4321314	IOB2-159
obi-v02-n0043-ob-p0082	zenodo_4321314	RDASB 1961-62 BED B 608-2
obi-v02-n0043-ob-p0082	zenodo_4321314	OBI 2, p. 82
obi-v02-n0043-ob-p0082	zenodo_4321314	RDASB 1962, p. 19
obi-v02-n0044-ob-p0083	zenodo_4321314	RDASB 1965-66 BED B 608-3
obi-v02-n0044-ob-p0083	zenodo_4321314	OBI 2, p. 83
obi-v02-n0044-ob-p0083	zenodo_4321314	RDASB 1966, p.
obi-v02-n0045-ob-p0083	zenodo_4321314	BA-83
obi-v02-n0045-ob-p0083	zenodo_4321314	List 271
obi-v02-n0045-ob-p0083	zenodo_4321314	IOB3-333 BED B 608-1 & B 626-3
obi-v02-n0045-ob-p0083	zenodo_4321314	Pl. III 333
obi-v02-n0045-ob-p0083	zenodo_4321314	OBI 2, p. 83
obi-v02-n0045-ob-p0083	zenodo_4321314	List 271a+b
obi-v02-n0045-ob-p0083	zenodo_4321314	A, p. 83
obi-v02-n0046-ob-p0085	zenodo_4321314	IPPA-112-113
obi-v02-n0046-ob-p0085	zenodo_4321314	List-273/b
obi-v02-n0046-ob-p0085	zenodo_4321314	IOB2-160/a BED B 609-1
obi-v02-n0046-ob-p0085	zenodo_4321314	Pl. II 160a
obi-v02-n0046-ob-p0085	zenodo_4321314	OBI 2, p. 85
obi-v02-n0046-ob-p0085	zenodo_4321314	UEM no. 54, p. 150
obi-v02-n0046-ob-p0085	zenodo_4321314	List 273(b)
obi-v02-n0046-ob-p0085	zenodo_4321314	PPA, p. 112
obi-v02-n0046-ob-p0085	zenodo_4321314	TN, p. 57
obi-v02-n0047-re-p0087	zenodo_4321314	BED B 609-2
obi-v02-n0047-re-p0087	zenodo_4321314	Pl. IV 377b
obi-v02-n0047-re-p0087	zenodo_4321314	OBI 2, p. 87
obi-v02-n0048-ob-p0087	zenodo_4321314	IOB4-378/a BED B 609-3
obi-v02-n0048-ob-p0087	zenodo_4321314	Pl. IV 378a
obi-v02-n0048-ob-p0087	zenodo_4321314	OBI 2, p. 87
obi-v02-n0048-ob-p0087	zenodo_4321314	ARASI 1936-37, p. 115
obi-v02-n0049-ob-p0088	zenodo_4321314	IOB4-378/b BED B 609-4
obi-v02-n0049-ob-p0088	zenodo_4321314	Pl. IV 378b
obi-v02-n0049-ob-p0088	zenodo_4321314	OBI 2, p. 88
obi-v02-n0049-ob-p0088	zenodo_4321314	ARASI 1936-7, p. 114, U Min Hswe, no. 11
obi-v02-n0050-ob-p0089	zenodo_4321314	IPPA-186
obi-v02-n0050-ob-p0089	zenodo_4321314	List-272
obi-v02-n0050-ob-p0089	zenodo_4321314	IOB2160/b BED B 609-5
obi-v02-n0050-ob-p0089	zenodo_4321314	Pl. II 160b
obi-v02-n0050-ob-p0089	zenodo_4321314	OBI 2, p. 89
obi-v02-n0050-ob-p0089	zenodo_4321314	List 272
obi-v02-n0050-ob-p0089	zenodo_4321314	PPA, p. 186
obi-v02-n0050-ob-p0089	zenodo_4321314	TN, p. 89
obi-v02-n0050-ob-p0089	zenodo_4321314	U Min Hswe, no. 12
obi-v02-n0051-ob-p0091	zenodo_4321314	IOB3-326 BED B 593-5
obi-v02-n0051-ob-p0091	zenodo_4321314	Pl. II 134a
obi-v02-n0051-ob-p0091	zenodo_4321314	OBI 1, p. 222
obi-v02-n0051-ob-p0091	zenodo_4321314	UEM no. 41, p. 113
obi-v02-n0051-ob-p0091	zenodo_4321314	OBI 2, p. 9
obi-v02-n0052-ob-p0092	zenodo_4321314	IPPA-187
obi-v02-n0052-ob-p0092	zenodo_4321314	List-278/a
obi-v02-n0052-ob-p0092	zenodo_4321314	IOB2-161/b BED B 593-5
obi-v02-n0052-ob-p0092	zenodo_4321314	Pl. II 134a
obi-v02-n0052-ob-p0092	zenodo_4321314	OBI 1, p. 222
obi-v02-n0052-ob-p0092	zenodo_4321314	UEM no. 41, p. 113
obi-v02-n0052-ob-p0092	zenodo_4321314	OBI 2, p. 9
obi-v02-n0053-re-p0096	zenodo_4321314	IOB2-163 BED B 593-5
obi-v02-n0053-re-p0096	zenodo_4321314	Pl. II 134a
obi-v02-n0053-re-p0096	zenodo_4321314	OBI 1, p. 222
obi-v02-n0053-re-p0096	zenodo_4321314	UEM no. 41, p. 113
obi-v02-n0053-re-p0096	zenodo_4321314	OBI 2, p. 9
obi-v02-n0053-tx-p0093	zenodo_4321314	IPPA-243-245
obi-v02-n0053-tx-p0093	zenodo_4321314	List-270
obi-v02-n0053-tx-p0093	zenodo_4321314	IOB2-162 BED B 610-2
obi-v02-n0053-tx-p0093	zenodo_4321314	Pl. II 162-163
obi-v02-n0053-tx-p0093	zenodo_4321314	OBI 2, p. 93
obi-v02-n0053-tx-p0093	zenodo_4321314	SIP no. 29, p. 66
obi-v02-n0053-tx-p0093	zenodo_4321314	UEM no. 56, p. 153
obi-v02-n0053-tx-p0093	zenodo_4321314	List 270a+b
obi-v02-n0053-tx-p0093	zenodo_4321314	PPA, p. 243
obi-v02-n0053-tx-p0093	zenodo_4321314	TN, p. 111
obi-v02-n0054-ob-p0099	zenodo_4321314	IPPA-246-248
obi-v02-n0054-ob-p0099	zenodo_4321314	List-276/a
obi-v02-n0054-ob-p0099	zenodo_4321314	IOB2-164 BED B 593-5
obi-v02-n0054-ob-p0099	zenodo_4321314	Pl. II 134a
obi-v02-n0054-ob-p0099	zenodo_4321314	OBI 1, p. 222
obi-v02-n0054-ob-p0099	zenodo_4321314	UEM no. 41, p. 113
obi-v02-n0054-ob-p0099	zenodo_4321314	OBI 2, p. 9
obi-v02-n0054-re-p0103	zenodo_4321314	IPPA-294
obi-v02-n0054-re-p0103	zenodo_4321314	List-276/b
obi-v02-n0054-re-p0103	zenodo_4321314	IOB2-165/a BED B 600-7
obi-v02-n0054-re-p0103	zenodo_4321314	OBI 2, p. 1
obi-v02-n0054-re-p0103	zenodo_4321314	RDASB 1971
obi-v02-n0055-re-p0104	zenodo_4321314	BA-86
obi-v02-n0055-re-p0104	zenodo_4321314	List-280
obi-v02-n0055-re-p0104	zenodo_4321314	IOB2-165/b BED B 600-7
obi-v02-n0055-re-p0104	zenodo_4321314	OBI 2, p. 1
obi-v02-n0055-re-p0104	zenodo_4321314	RDASB 1971
obi-v02-n0056-ob-p0104	zenodo_4321314	IUB1-186
obi-v02-n0056-ob-p0104	zenodo_4321314	List-219
obi-v02-n0056-ob-p0104	zenodo_4321314	IOB2-174 BED B 600-7
obi-v02-n0056-ob-p0104	zenodo_4321314	OBI 2, p. 1
obi-v02-n0056-ob-p0104	zenodo_4321314	RDASB 1971
obi-v02-n0056-re-p0108	zenodo_4321314	IUB1-189
obi-v02-n0056-re-p0108	zenodo_4321314	List-282
obi-v02-n0056-re-p0108	zenodo_4321314	IOB2-175 BED B 600-7
obi-v02-n0056-re-p0108	zenodo_4321314	OBI 2, p. 1
obi-v02-n0056-re-p0108	zenodo_4321314	RDASB 1971
obi-v02-n0057-ob-p0111	zenodo_4321314	IOB2-166/a BED B 600-7
obi-v02-n0057-ob-p0111	zenodo_4321314	OBI 2, p. 1
obi-v02-n0057-ob-p0111	zenodo_4321314	RDASB 1971
obi-v02-n0057-tx-p0113	zenodo_4321314	IOB2-166/b BED B 600-7
obi-v02-n0057-tx-p0113	zenodo_4321314	OBI 2, p. 1
obi-v02-n0057-tx-p0113	zenodo_4321314	RDASB 1971
obi-v02-n0058-ob-p0115	zenodo_4321314	BA-111
obi-v02-n0058-ob-p0115	zenodo_4321314	List-326
obi-v02-n0058-ob-p0115	zenodo_4321314	IOB2 167 BED B 600-7
obi-v02-n0058-ob-p0115	zenodo_4321314	OBI 2, p. 1
obi-v02-n0058-ob-p0115	zenodo_4321314	RDASB 1971
obi-v02-n0059-ob-p0119	zenodo_4321314	IOB2-168 BED B 600-7
obi-v02-n0059-ob-p0119	zenodo_4321314	OBI 2, p. 1
obi-v02-n0059-ob-p0119	zenodo_4321314	RDASB 1971
obi-v02-n0059-re-p0122	zenodo_4321314	IOB2-169 BED B 600-7
obi-v02-n0059-re-p0122	zenodo_4321314	OBI 2, p. 1
obi-v02-n0059-re-p0122	zenodo_4321314	RDASB 1971
obi-v02-n0060-ob-p0124	zenodo_4321314	IOB2-170 BED B 600-7
obi-v02-n0060-ob-p0124	zenodo_4321314	OBI 2, p. 1
obi-v02-n0060-ob-p0124	zenodo_4321314	RDASB 1971
obi-v02-n0061-ob-p0128	zenodo_4321314	RDASB 1957-58 BED B 600-7
obi-v02-n0061-ob-p0128	zenodo_4321314	OBI 2, p. 1
obi-v02-n0061-ob-p0128	zenodo_4321314	RDASB 1971
obi-v02-n0062-ob-p0129	zenodo_4321314	RDASB 1973-74 BED B 600-7
obi-v02-n0062-ob-p0129	zenodo_4321314	OBI 2, p. 1
obi-v02-n0062-ob-p0129	zenodo_4321314	RDASB 1971
obi-v02-n0063-ob-p0131	zenodo_4321314	BED B 600-7
obi-v02-n0063-ob-p0131	zenodo_4321314	OBI 2, p. 1
obi-v02-n0063-ob-p0131	zenodo_4321314	RDASB 1971
obi-v02-n0064-ob-p0132	zenodo_4321314	IOB2-171 BED B 600-7
obi-v02-n0064-ob-p0132	zenodo_4321314	OBI 2, p. 1
obi-v02-n0064-ob-p0132	zenodo_4321314	RDASB 1971
obi-v02-n0064-re-p0134	zenodo_4321314	IOB2-172 BED B 600-7
obi-v02-n0064-re-p0134	zenodo_4321314	OBI 2, p. 1
obi-v02-n0064-re-p0134	zenodo_4321314	RDASB 1971
obi-v02-n0065-re-p0139	zenodo_4321314	BED B 600-7
obi-v02-n0065-re-p0139	zenodo_4321314	OBI 2, p. 1
obi-v02-n0065-re-p0139	zenodo_4321314	RDASB 1971
obi-v02-n0065-tx-p0137	zenodo_4321314	IOB2-173 BED B 604-2
obi-v02-n0065-tx-p0137	zenodo_4321314	Pl. II 143a+b
obi-v02-n0065-tx-p0137	zenodo_4321314	OBI 2, p. 33
obi-v02-n0065-tx-p0137	zenodo_4321314	SIP no. 27, p. 59
obi-v02-n0065-tx-p0137	zenodo_4321314	UEM no. 46, p. 122
obi-v02-n0065-tx-p0137	zenodo_4321314	List 262-263
obi-v02-n0065-tx-p0137	zenodo_4321314	PPA, p. 117
obi-v02-n0065-tx-p0137	zenodo_4321314	TN, p. 60
obi-v02-n0065-tx-p0137	zenodo_4321314	similar but incomplete version Pl. II 144
obi-v02-n0065-tx-p0137	zenodo_4321314	OBI 2, p. 137
obi-v02-n0065-tx-p0137	zenodo_4321314	UEM no. 46, p. 124
obi-v02-n0065-tx-p0137	zenodo_4321314	List 262
obi-v02-n0065-tx-p0137	zenodo_4321314	PPA, p. 114
obi-v02-n0065-tx-p0137	zenodo_4321314	TN, p. 58-60
obi-v02-n0065-tx-p0137	zenodo_4321314	U Min Hswe, nos. 83-4
obi-v02-n0066-ob-p0140	zenodo_4321314	/b+ 28
obi-v02-n0066-ob-p0140	zenodo_4321314	IOB3-344/a-b BED B 600-7
obi-v02-n0066-ob-p0140	zenodo_4321314	OBI 2, p. 1
obi-v02-n0066-ob-p0140	zenodo_4321314	RDASB 1971
obi-v02-n0067-ob-p0141	zenodo_4321314	IOB3-345/a BED B 600-7
obi-v02-n0067-ob-p0141	zenodo_4321314	OBI 2, p. 1
obi-v02-n0067-ob-p0141	zenodo_4321314	RDASB 1971
obi-v02-n0068-ob-p0142	zenodo_4321314	IOB3-345/b
obi-v02-n0069-ob-p0143	zenodo_4321314	IOB5-577 BED B 600-7
obi-v02-n0069-ob-p0143	zenodo_4321314	OBI 2, p. 1
obi-v02-n0069-ob-p0143	zenodo_4321314	RDASB 1971
obi-v02-n0070-ob-p0146	zenodo_4321314	IOB2-199 BED B 600-7
obi-v02-n0070-ob-p0146	zenodo_4321314	OBI 2, p. 1
obi-v02-n0070-ob-p0146	zenodo_4321314	RDASB 1971
obi-v02-n0071-ob-p0147	zenodo_4321314	IOB2-176/a BED B 600-7
obi-v02-n0071-ob-p0147	zenodo_4321314	OBI 2, p. 1
obi-v02-n0071-ob-p0147	zenodo_4321314	RDASB 1971
obi-v02-n0072-ob-p0148	zenodo_4321314	IOB4-380 BED B 611-4
obi-v02-n0072-ob-p0148	zenodo_4321314	Pl. IV 380
obi-v02-n0072-ob-p0148	zenodo_4321314	OBI 2, p. 148
obi-v02-n0072-ob-p0148	zenodo_4321314	List 722
obi-v02-n0072-ob-p0148	zenodo_4321314	B 2, p. 722
obi-v02-n0072-ob-p0151	zenodo_4321314	IOB5-577 BED B 602-1
obi-v02-n0072-ob-p0151	zenodo_4321314	Pl. II 136
obi-v02-n0072-ob-p0151	zenodo_4321314	OBI 2, p. 15
obi-v02-n0072-ob-p0151	zenodo_4321314	List 253
obi-v02-n0072-ob-p0151	zenodo_4321314	UB 1, p. 297
obi-v02-n0073-tx-p0155	zenodo_4321314	IPPA-9
obi-v02-n0073-tx-p0155	zenodo_4321314	List-283
obi-v02-n0073-tx-p0155	zenodo_4321314	IOB2-176/b BED B 602-1
obi-v02-n0073-tx-p0155	zenodo_4321314	Pl. II 136
obi-v02-n0073-tx-p0155	zenodo_4321314	OBI 2, p. 15
obi-v02-n0073-tx-p0155	zenodo_4321314	List 253
obi-v02-n0073-tx-p0155	zenodo_4321314	UB 1, p. 297
obi-v02-n0074-ob-p0155	zenodo_4321314	BED B 612-1
obi-v02-n0074-ob-p0155	zenodo_4321314	Pl. II 177a
obi-v02-n0074-ob-p0155	zenodo_4321314	OBI 2, p. 155
obi-v02-n0074-ob-p0155	zenodo_4321314	List 285
obi-v02-n0074-ob-p0155	zenodo_4321314	A, p. 89
obi-v02-n0075-ob-p0156	zenodo_4321314	RDASB 1970-71
obi-v02-n0075-ob-p0156	zenodo_4321314	BA-89
obi-v02-n0075-ob-p0156	zenodo_4321314	List-285,
obi-v02-n0075-ob-p0156	zenodo_4321314	IOB2-177/a BED B 613-2
obi-v02-n0075-ob-p0156	zenodo_4321314	OBI 2, p. 156
obi-v02-n0075-ob-p0156	zenodo_4321314	RDASB 1971
obi-v02-n0076-ob-p0157	zenodo_4321314	BA-93
obi-v02-n0076-ob-p0157	zenodo_4321314	List-286
obi-v02-n0076-ob-p0157	zenodo_4321314	IOB2 177/b BED B 602-1
obi-v02-n0076-ob-p0157	zenodo_4321314	Pl. II 136
obi-v02-n0076-ob-p0157	zenodo_4321314	OBI 2, p. 15
obi-v02-n0076-ob-p0157	zenodo_4321314	List 253
obi-v02-n0076-ob-p0157	zenodo_4321314	UB 1, p. 297
obi-v02-n0077-ob-p0159	zenodo_4321314	IPPA 101-102
obi-v02-n0077-ob-p0159	zenodo_4321314	List 287
obi-v02-n0077-ob-p0159	zenodo_4321314	IOB1-102 BED B 602-1
obi-v02-n0077-ob-p0159	zenodo_4321314	Pl. II 136
obi-v02-n0077-ob-p0159	zenodo_4321314	OBI 2, p. 15
obi-v02-n0077-ob-p0159	zenodo_4321314	List 253
obi-v02-n0077-ob-p0159	zenodo_4321314	UB 1, p. 297
obi-v02-n0078-ob-p0162	zenodo_4321314	-184 BED B 614-2
obi-v02-n0078-ob-p0162	zenodo_4321314	Pl. II 184
obi-v02-n0078-ob-p0162	zenodo_4321314	OBI 2, p. 162
obi-v02-n0078-ob-p0162	zenodo_4321314	List 288
obi-v02-n0078-ob-p0162	zenodo_4321314	A, p. 94
obi-v02-n0079-ob-p0163	zenodo_4321314	RDASB 1961-62 BED B 600-7
obi-v02-n0079-ob-p0163	zenodo_4321314	OBI 2, p. 1
obi-v02-n0079-ob-p0163	zenodo_4321314	RDASB 1971
obi-v02-n0080-ob-p0164	zenodo_4321314	IUB1-255
obi-v02-n0080-ob-p0164	zenodo_4321314	List-1299/b
obi-v02-n0080-ob-p0164	zenodo_4321314	IOB1-26 BED B 600-7
obi-v02-n0080-ob-p0164	zenodo_4321314	OBI 2, p. 1
obi-v02-n0080-ob-p0164	zenodo_4321314	RDASB 1971
obi-v02-n0080-re-p0165	zenodo_4321314	IUB1-253-254
obi-v02-n0080-re-p0165	zenodo_4321314	List-1299/a
obi-v02-n0080-re-p0165	zenodo_4321314	IOB1-25 BED A
obi-v02-n0080-re-p0165	zenodo_4321314	Pl. I 25
obi-v02-n0080-re-p0165	zenodo_4321314	OBI 2, p. 165
obi-v02-n0080-re-p0165	zenodo_4321314	List 1299a
obi-v02-n0081-ob-p0167	zenodo_4321314	BED B 600-7
obi-v02-n0081-ob-p0167	zenodo_4321314	OBI 2, p. 1
obi-v02-n0081-ob-p0167	zenodo_4321314	RDASB 1971
obi-v02-n0082-ob-p0168	zenodo_4321314	IUB1-193-194
obi-v02-n0082-ob-p0168	zenodo_4321314	List-289
obi-v02-n0082-ob-p0168	zenodo_4321314	IOB2-181 BED B 600-7
obi-v02-n0082-ob-p0168	zenodo_4321314	OBI 2, p. 1
obi-v02-n0082-ob-p0168	zenodo_4321314	RDASB 1971
obi-v02-n0083-ob-p0170	zenodo_4321314	IPPA-147-148
obi-v02-n0083-ob-p0170	zenodo_4321314	List-290
obi-v02-n0083-ob-p0170	zenodo_4321314	IOB2-182/a BED B 615-4
obi-v02-n0083-ob-p0170	zenodo_4321314	Pl. II 182a
obi-v02-n0083-ob-p0170	zenodo_4321314	OBI 2, p. 170
obi-v02-n0083-ob-p0170	zenodo_4321314	UEM no. 61, p. 179
obi-v02-n0083-ob-p0170	zenodo_4321314	List 290
obi-v02-n0083-ob-p0170	zenodo_4321314	PPA, p. 147
obi-v02-n0083-ob-p0170	zenodo_4321314	TN, p. 68
obi-v02-n0083-ob-p0170	zenodo_4321314	OR 3434 fol. ghā verso (with further dates)
obi-v02-n0084-ob-p0172	zenodo_4321314	IUB1-203
obi-v02-n0084-ob-p0172	zenodo_4321314	List 267
obi-v02-n0084-ob-p0172	zenodo_4321314	IOB2-182/b
obi-v02-n0084-ob-p0172	zenodo_4321314	IUB1- BED B 600-7
obi-v02-n0084-ob-p0172	zenodo_4321314	OBI 2, p. 1
obi-v02-n0084-ob-p0172	zenodo_4321314	RDASB 1971
obi-v02-n0085-ob-p0173	zenodo_4321314	IOB2-183/a BED B 615-6
obi-v02-n0085-ob-p0173	zenodo_4321314	Pl. II 183a
obi-v02-n0085-ob-p0173	zenodo_4321314	OBI 2, p. 173
obi-v02-n0085-ob-p0173	zenodo_4321314	U Min Hswe, no. 82
obi-v02-n0086-ob-p0174	zenodo_4321314	BA-508
obi-v02-n0086-ob-p0174	zenodo_4321314	List-1366 BED B 600-7
obi-v02-n0086-ob-p0174	zenodo_4321314	OBI 2, p. 1
obi-v02-n0086-ob-p0174	zenodo_4321314	RDASB 1971
obi-v02-n0086-re-p0175	zenodo_4321314	BA-510
obi-v02-n0086-re-p0175	zenodo_4321314	List-1368
obi-v02-n0086-re-p0175	zenodo_4321314	IOB5-578/a BED B 600-7
obi-v02-n0086-re-p0175	zenodo_4321314	OBI 2, p. 1
obi-v02-n0086-re-p0175	zenodo_4321314	RDASB 1971
obi-v02-n0087-ob-p0176	zenodo_4321314	IOB2-183/b BED B 600-7
obi-v02-n0087-ob-p0176	zenodo_4321314	OBI 2, p. 1
obi-v02-n0087-ob-p0176	zenodo_4321314	RDASB 1971
obi-v02-n0088-ob-p0176	zenodo_4321314	IUB1-206
obi-v02-n0088-ob-p0176	zenodo_4321314	List-291
obi-v02-n0088-ob-p0176	zenodo_4321314	IOB2-187 BED B 616-4
obi-v02-n0088-ob-p0176	zenodo_4321314	Pl. II 187
obi-v02-n0088-ob-p0176	zenodo_4321314	OBI 2, p. 176
obi-v02-n0088-ob-p0176	zenodo_4321314	List 291
obi-v02-n0088-ob-p0176	zenodo_4321314	UB 1, p. 206
obi-v02-n0089-ob-p0177	zenodo_4321314	IOB3-316/a BED B 600-7
obi-v02-n0089-ob-p0177	zenodo_4321314	OBI 2, p. 1
obi-v02-n0089-ob-p0177	zenodo_4321314	RDASB 1971
obi-v02-n0090-ob-p0178	zenodo_4321314	IOB3-316/b
obi-v02-n0090-ob-p0178	zenodo_4321314	IOB4-456/a
obi-v02-n0090-ob-p0178	zenodo_4321314	IOB3-312/a BED B 600-7
obi-v02-n0090-ob-p0178	zenodo_4321314	OBI 2, p. 1
obi-v02-n0090-ob-p0178	zenodo_4321314	RDASB 1971
obi-v02-n0091-ob-p0179	zenodo_4321314	IPPA-105
obi-v02-n0091-ob-p0179	zenodo_4321314	List-292
obi-v02-n0091-ob-p0179	zenodo_4321314	IOB2-185 BED B 617-1
obi-v02-n0091-ob-p0179	zenodo_4321314	Pl. II 185
obi-v02-n0091-ob-p0179	zenodo_4321314	OBI 2, p. 179
obi-v02-n0091-ob-p0179	zenodo_4321314	UEM no. 63, p. 183
obi-v02-n0091-ob-p0179	zenodo_4321314	List 292
obi-v02-n0091-ob-p0179	zenodo_4321314	PPA, p. 105
obi-v02-n0091-ob-p0179	zenodo_4321314	TN, p. 54
obi-v02-n0092-ob-p0181	zenodo_4321314	IUB2-186-187
obi-v02-n0092-ob-p0181	zenodo_4321314	List-75
obi-v02-n0092-ob-p0181	zenodo_4321314	IOB2-186 BED B 600-7
obi-v02-n0092-ob-p0181	zenodo_4321314	OBI 2, p. 1
obi-v02-n0092-ob-p0181	zenodo_4321314	RDASB 1971
obi-v02-n0093-ob-p0183	zenodo_4321314	IOB2-188 BED B 617-3
obi-v02-n0093-ob-p0183	zenodo_4321314	Pl. II 188
obi-v02-n0093-ob-p0183	zenodo_4321314	OBI 2, p. 183
obi-v02-n0094-tx-p0185	zenodo_4321314	IOB2-189 BED B 600-7
obi-v02-n0094-tx-p0185	zenodo_4321314	OBI 2, p. 1
obi-v02-n0094-tx-p0185	zenodo_4321314	RDASB 1971
obi-v02-n0095-re-p0186	zenodo_4321314	IOB2-190/b BED B 600-7
obi-v02-n0095-re-p0186	zenodo_4321314	OBI 2, p. 1
obi-v02-n0095-re-p0186	zenodo_4321314	RDASB 1971
obi-v02-n0096-tx-p0187	zenodo_4321314	IOB3-296
obi-v02-n0096-tx-p0187	zenodo_4321314	IOB3-297/a-b BED B 600-7
obi-v02-n0096-tx-p0187	zenodo_4321314	OBI 2, p. 1
obi-v02-n0096-tx-p0187	zenodo_4321314	RDASB 1971
obi-v02-n0097-tx-p0188	zenodo_4321314	BA-55 & 56
obi-v02-n0097-tx-p0188	zenodo_4321314	List-169/a & IOB1-30/a & BED B 619-1
obi-v02-n0097-tx-p0188	zenodo_4321314	Pl. I 30a
obi-v02-n0097-tx-p0188	zenodo_4321314	OBI 2, p. 188
obi-v02-n0097-tx-p0188	zenodo_4321314	List 169a
obi-v02-n0097-tx-p0188	zenodo_4321314	A, p. 55
obi-v02-n0097-tx-p0189	zenodo_4321314	BA-55 & 56
obi-v02-n0097-tx-p0189	zenodo_4321314	List-169/a & IOB1-30/a & BED A
obi-v02-n0097-tx-p0189	zenodo_4321314	Pl. I 30b
obi-v02-n0097-tx-p0189	zenodo_4321314	OBI 2, p. 189
obi-v02-n0097-tx-p0189	zenodo_4321314	List 169b
obi-v02-n0097-tx-p0189	zenodo_4321314	A, p. 56
obi-v02-n0098-ob-p0190	zenodo_4321314	IPPA-190
obi-v02-n0098-ob-p0190	zenodo_4321314	List-295
obi-v02-n0098-ob-p0190	zenodo_4321314	IOB2-191/a BED B 620-1
obi-v02-n0098-ob-p0190	zenodo_4321314	Pl. II 191a
obi-v02-n0098-ob-p0190	zenodo_4321314	OBI 2, p. 190
obi-v02-n0098-ob-p0190	zenodo_4321314	List 295
obi-v02-n0098-ob-p0190	zenodo_4321314	PPA, p. 190
obi-v02-n0098-ob-p0190	zenodo_4321314	TN, p. 91, U Min Hswe, no. 63
obi-v02-n0099-ob-p0191	zenodo_4321314	1962-63 RDASB BED B 600-7
obi-v02-n0099-ob-p0191	zenodo_4321314	OBI 2, p. 1
obi-v02-n0099-ob-p0191	zenodo_4321314	RDASB 1971
obi-v02-n0099-re-p0192	zenodo_4321314	RDASB 1962-63 BED B 600-7
obi-v02-n0099-re-p0192	zenodo_4321314	OBI 2, p. 1
obi-v02-n0099-re-p0192	zenodo_4321314	RDASB 1971
obi-v02-n0100-ob-p0193	zenodo_4321314	BED B 620-3
obi-v02-n0100-ob-p0193	zenodo_4321314	OBI 2, p. 193
obi-v02-n0101-ob-p0194	zenodo_4321314	IPPA-106
obi-v02-n0101-ob-p0194	zenodo_4321314	List-296
obi-v02-n0101-ob-p0194	zenodo_4321314	IOB-192 BED B 600-7
obi-v02-n0101-ob-p0194	zenodo_4321314	OBI 2, p. 1
obi-v02-n0101-ob-p0194	zenodo_4321314	RDASB 1971
obi-v02-n0102-ob-p0195	zenodo_4321314	IOB5-578/b BED B 600-7
obi-v02-n0102-ob-p0195	zenodo_4321314	OBI 2, p. 1
obi-v02-n0102-ob-p0195	zenodo_4321314	RDASB 1971
obi-v02-n0103-ob-p0196	zenodo_4321314	BA-143-144
obi-v02-n0103-ob-p0196	zenodo_4321314	List-410/a
obi-v02-n0103-ob-p0196	zenodo_4321314	IOB2-193 BED B 600-7
obi-v02-n0103-ob-p0196	zenodo_4321314	OBI 2, p. 1
obi-v02-n0103-ob-p0196	zenodo_4321314	RDASB 1971
obi-v02-n0104-ob-p0197	zenodo_4321314	IUB1-204
obi-v02-n0104-ob-p0197	zenodo_4321314	List-281
obi-v02-n0104-ob-p0197	zenodo_4321314	IOB2-191/b BED B 600-7
obi-v02-n0104-ob-p0197	zenodo_4321314	OBI 2, p. 1
obi-v02-n0104-ob-p0197	zenodo_4321314	RDASB 1971
obi-v02-n0105-ob-p0198	zenodo_4321314	IUB1-209-211
obi-v02-n0105-ob-p0198	zenodo_4321314	List-332/a
obi-v02-n0105-ob-p0198	zenodo_4321314	IOB2-194 BED B 600-7
obi-v02-n0105-ob-p0198	zenodo_4321314	OBI 2, p. 1
obi-v02-n0105-ob-p0198	zenodo_4321314	RDASB 1971
obi-v02-n0106-ob-p0202	zenodo_4321314	IUB1-168
obi-v02-n0106-ob-p0202	zenodo_4321314	List-24,
obi-v02-n0106-ob-p0202	zenodo_4321314	IOB2-195/a BED B 622-3
obi-v02-n0106-ob-p0202	zenodo_4321314	Pl. II 195a
obi-v02-n0106-ob-p0202	zenodo_4321314	OBI 2, p. 202
obi-v02-n0106-ob-p0202	zenodo_4321314	List 24
obi-v02-n0106-ob-p0202	zenodo_4321314	UB 1, p. 202
obi-v02-n0107-ob-p0203	zenodo_4321314	IOB5-563/a BED B 602-4
obi-v02-n0107-ob-p0203	zenodo_4321314	OBI 2, p. 20
obi-v02-n0107-ob-p0203	zenodo_4321314	RDASB 1966
obi-v02-n0107-ob-p0203	zenodo_4321314	U Min Hswe, no. 7
obi-v02-n0108-re-p0204	zenodo_4321314	BED B 602-4
obi-v02-n0108-re-p0204	zenodo_4321314	OBI 2, p. 20
obi-v02-n0108-re-p0204	zenodo_4321314	RDASB 1966
obi-v02-n0108-re-p0204	zenodo_4321314	U Min Hswe, no. 7
obi-v02-n0109-ob-p0205	zenodo_4321314	BED B 602-4
obi-v02-n0109-ob-p0205	zenodo_4321314	OBI 2, p. 20
obi-v02-n0109-ob-p0205	zenodo_4321314	RDASB 1966
obi-v02-n0109-ob-p0205	zenodo_4321314	U Min Hswe, no. 7
obi-v02-n0109-tx-p0206	zenodo_4321314	RDASB 1974-75 BED B 602-4
obi-v02-n0109-tx-p0206	zenodo_4321314	OBI 2, p. 20
obi-v02-n0109-tx-p0206	zenodo_4321314	RDASB 1966
obi-v02-n0109-tx-p0206	zenodo_4321314	U Min Hswe, no. 7
obi-v02-n0110-ob-p0206	zenodo_4321314	IOB5-576/a BED B 602-4
obi-v02-n0110-ob-p0206	zenodo_4321314	OBI 2, p. 20
obi-v02-n0110-ob-p0206	zenodo_4321314	RDASB 1966
obi-v02-n0110-ob-p0206	zenodo_4321314	U Min Hswe, no. 7
obi-v02-n0110-re-p0207	zenodo_4321314	IOB5-576/b 15 BED B 602-4
obi-v02-n0110-re-p0207	zenodo_4321314	OBI 2, p. 20
obi-v02-n0110-re-p0207	zenodo_4321314	RDASB 1966
obi-v02-n0110-re-p0207	zenodo_4321314	U Min Hswe, no. 7
obi-v02-n0111-ob-p0207	zenodo_4321314	IOB5-573/a BED B 602-4
obi-v02-n0111-ob-p0207	zenodo_4321314	OBI 2, p. 20
obi-v02-n0111-ob-p0207	zenodo_4321314	RDASB 1966
obi-v02-n0111-ob-p0207	zenodo_4321314	U Min Hswe, no. 7
obi-v02-n0112-ob-p0209	zenodo_4321314	BA-474
obi-v02-n0112-ob-p0209	zenodo_4321314	List-1336
obi-v02-n0112-ob-p0209	zenodo_4321314	IOB3-334/a
obi-v02-n0112-ob-p0209	zenodo_4321314	IOB5-572/a BED B 602-4
obi-v02-n0112-ob-p0209	zenodo_4321314	OBI 2, p. 20
obi-v02-n0112-ob-p0209	zenodo_4321314	RDASB 1966
obi-v02-n0112-ob-p0209	zenodo_4321314	U Min Hswe, no. 7
obi-v02-n0113-ob-p0210	zenodo_4321314	RDASB 1974-75 BED B 602-5
obi-v02-n0113-ob-p0210	zenodo_4321314	OBI 2, p. 21
obi-v02-n0113-ob-p0210	zenodo_4321314	RDASB 1963, p. 27, no. 16
obi-v02-n0114-ob-p0211	zenodo_4321314	BA-174
obi-v02-n0114-ob-p0211	zenodo_4321314	List-875
obi-v02-n0114-ob-p0211	zenodo_4321314	IOB5-575 BED B 602-5
obi-v02-n0114-ob-p0211	zenodo_4321314	OBI 2, p. 21
obi-v02-n0114-ob-p0211	zenodo_4321314	RDASB 1963, p. 27, no. 16
obi-v02-n0115-ob-p0212	zenodo_4321314	RDASB 1974-75 BED B 602-5
obi-v02-n0115-ob-p0212	zenodo_4321314	OBI 2, p. 21
obi-v02-n0115-ob-p0212	zenodo_4321314	RDASB 1963, p. 27, no. 16
obi-v02-n0116-ob-p0212	zenodo_4321314	IOB5-573/b BED B 602-5
obi-v02-n0116-ob-p0212	zenodo_4321314	OBI 2, p. 21
obi-v02-n0116-ob-p0212	zenodo_4321314	RDASB 1963, p. 27, no. 16
obi-v02-n0117-ob-p0213	zenodo_4321314	BED B 602-5
obi-v02-n0117-ob-p0213	zenodo_4321314	OBI 2, p. 21
obi-v02-n0117-ob-p0213	zenodo_4321314	RDASB 1963, p. 27, no. 16
obi-v02-n0117-re-p0215	zenodo_4321314	RDASB 1971-72 BED B 602-5
obi-v02-n0117-re-p0215	zenodo_4321314	OBI 2, p. 21
obi-v02-n0117-re-p0215	zenodo_4321314	RDASB 1963, p. 27, no. 16
obi-v02-n0118-re-p0217	zenodo_4321314	IPPA-201
obi-v02-n0118-re-p0217	zenodo_4321314	List-1254
obi-v02-n0118-re-p0217	zenodo_4321314	IOB3-270 BED B 614-4
obi-v02-n0118-re-p0217	zenodo_4321314	Pl. III 270
obi-v02-n0118-re-p0217	zenodo_4321314	OBI 2, p. 217
obi-v02-n0118-re-p0217	zenodo_4321314	List 1254
obi-v02-n0118-re-p0217	zenodo_4321314	PPA, p. 201
obi-v02-n0118-re-p0217	zenodo_4321314	TN, p. 96
obi-v02-n0118-re-p0217	zenodo_4321314	U Min Hswe, no. 62
obi-v02-n0119-ob-p0219	zenodo_4321314	IOB3-324/b BED B 602-5
obi-v02-n0119-ob-p0219	zenodo_4321314	OBI 2, p. 21
obi-v02-n0119-ob-p0219	zenodo_4321314	RDASB 1963, p. 27, no. 16
obi-v02-n0120-ob-p0220	zenodo_4321314	IOB3-311/a BED B 603-2
obi-v02-n0120-ob-p0220	zenodo_4321314	Pl. III 318a+b
obi-v02-n0120-ob-p0220	zenodo_4321314	OBI 2, p. 22
obi-v02-n0120-re-p0221	zenodo_4321314	IOB3-311/b BED B 603-2
obi-v02-n0120-re-p0221	zenodo_4321314	Pl. III 318a+b
obi-v02-n0120-re-p0221	zenodo_4321314	OBI 2, p. 22
obi-v02-n0121-tx-p0222	zenodo_4321314	IOB3-312/a BED A
obi-v02-n0121-tx-p0222	zenodo_4321314	Pl. III 312a+b
obi-v02-n0121-tx-p0222	zenodo_4321314	OBI 2, p. 222-3
obi-v02-n0121-tx-p0223	zenodo_4321314	IOB3-312/b BED B 603-2
obi-v02-n0121-tx-p0223	zenodo_4321314	Pl. III 318a+b
obi-v02-n0121-tx-p0223	zenodo_4321314	OBI 2, p. 22
obi-v02-n0121-tx-p0225	zenodo_4321314	BED B 603-2
obi-v02-n0121-tx-p0225	zenodo_4321314	Pl. III 318a+b
obi-v02-n0121-tx-p0225	zenodo_4321314	OBI 2, p. 22
obi-v02-n0122-ob-p0225	zenodo_4321314	IOB3-313/a BED B 603-2
obi-v02-n0122-ob-p0225	zenodo_4321314	Pl. III 318a+b
obi-v02-n0122-ob-p0225	zenodo_4321314	OBI 2, p. 22
obi-v02-n0123-ob-p0226	zenodo_4321314	IOB3-313/b BED B 603-2
obi-v02-n0123-ob-p0226	zenodo_4321314	Pl. III 318a+b
obi-v02-n0123-ob-p0226	zenodo_4321314	OBI 2, p. 22
obi-v02-n0124-ob-p0227	zenodo_4321314	IOB3-314/a BED A
obi-v02-n0124-ob-p0227	zenodo_4321314	Pl. III 314a
obi-v02-n0124-ob-p0227	zenodo_4321314	OBI 2, p. 227
obi-v02-n0125-tx-p0227	zenodo_4321314	IOB3-314/b BED A
obi-v02-n0125-tx-p0227	zenodo_4321314	Pl. III 314b+c
obi-v02-n0125-tx-p0227	zenodo_4321314	OBI 2, p. 227
obi-v02-n0126-tx-p0228	zenodo_4321314	IOB3-314/c BED B 603-2
obi-v02-n0126-tx-p0228	zenodo_4321314	Pl. III 318a+b
obi-v02-n0126-tx-p0228	zenodo_4321314	OBI 2, p. 22
obi-v02-n0127-ob-p0228	zenodo_4321314	IOB3-315/b
obi-v02-n0127-ob-p0228	zenodo_4321314	IOB3-315/a BED B 603-2
obi-v02-n0127-ob-p0228	zenodo_4321314	Pl. III 318a+b
obi-v02-n0127-ob-p0228	zenodo_4321314	OBI 2, p. 22
obi-v02-n0128-ob-p0229	zenodo_4321314	IOB3-317/a & BED B 603-2
obi-v02-n0128-ob-p0229	zenodo_4321314	Pl. III 318a+b
obi-v02-n0128-ob-p0229	zenodo_4321314	OBI 2, p. 22
obi-v02-n0129-tx-p0230	zenodo_4321314	IOB3-319/a BED A
obi-v02-n0129-tx-p0230	zenodo_4321314	Pl. III 319a-c
obi-v02-n0129-tx-p0230	zenodo_4321314	OBI 2, p. 230
obi-v02-n0130-tx-p0231	zenodo_4321314	IOB3-319/c
obi-v02-n0130-tx-p0231	zenodo_4321314	IOB3-319/c
obi-v02-n0131-ob-p0232	zenodo_4321314	IOB3-322 BED A
obi-v02-n0131-ob-p0232	zenodo_4321314	Pl. III 322
obi-v02-n0131-ob-p0232	zenodo_4321314	OBI 2, p. 232
obi-v02-n0132-tx-p0233	zenodo_4321314	IOB3-323/a-b-c BED A
obi-v02-n0132-tx-p0233	zenodo_4321314	Pl. III 323a
obi-v02-n0132-tx-p0233	zenodo_4321314	OBI 2, p. 233
obi-v02-n0132-tx-p0234	zenodo_4321314	IOB3-323/a-b-c BED B 594-4
obi-v02-n0132-tx-p0234	zenodo_4321314	Pl. III 232b
obi-v02-n0132-tx-p0234	zenodo_4321314	OBI 2, p. 234
obi-v02-n0133-ob-p0235	zenodo_4321314	IUB2-225-226
obi-v02-n0133-ob-p0235	zenodo_4321314	List-1323
obi-v02-n0133-ob-p0235	zenodo_4321314	IOB3-302 BED B 610-5
obi-v02-n0133-ob-p0235	zenodo_4321314	Pl. III 302
obi-v02-n0133-ob-p0235	zenodo_4321314	OBI 2, p. 235
obi-v02-n0133-ob-p0235	zenodo_4321314	List 1323
obi-v02-n0133-ob-p0235	zenodo_4321314	UB 2, p. 225
obi-v02-n0133-ob-p0235	zenodo_4321314	Luce/U Tin Htway, “15th Century Library”
obi-v02-n0134-ob-p0237	zenodo_4321314	BA-494
obi-v02-n0134-ob-p0237	zenodo_4321314	List-1354
obi-v02-n0134-ob-p0237	zenodo_4321314	IOB3-329
obi-v02-n0135-tx-p0238	zenodo_4321314	IOB3-330 BED A
obi-v02-n0135-tx-p0238	zenodo_4321314	Pl. III 330
obi-v02-n0135-tx-p0238	zenodo_4321314	OBI 2, p. 238
obi-v02-n0136-tx-p0239	zenodo_4321314	IOB3-331/a BED A
obi-v02-n0136-tx-p0239	zenodo_4321314	Pl. III 331a
obi-v02-n0136-tx-p0239	zenodo_4321314	OBI 2, p. 239
obi-v02-n0137-tx-p0240	zenodo_4321314	BA-546
obi-v02-n0137-tx-p0240	zenodo_4321314	List-1400
obi-v02-n0137-tx-p0240	zenodo_4321314	IOB3-332/a BED B 603-3
obi-v02-n0137-tx-p0240	zenodo_4321314	Pl. II 138
obi-v02-n0137-tx-p0240	zenodo_4321314	OBI 2, p. 24
obi-v02-n0137-tx-p0240	zenodo_4321314	SIP no. 26, p. 55
obi-v02-n0137-tx-p0240	zenodo_4321314	UEM no. 44, p. 117
obi-v02-n0137-tx-p0240	zenodo_4321314	List 254
obi-v02-n0137-tx-p0240	zenodo_4321314	PPA, p. 155
obi-v02-n0137-tx-p0240	zenodo_4321314	TN, p. 71
obi-v02-n0137-tx-p0240	zenodo_4321314	RDASB 1926, p. 26 and App. G
obi-v02-n0137-tx-p0240	zenodo_4321314	U Min Hswe, no. 43
obi-v02-n0137-tx-p0240	zenodo_4321314	OR 3475, no. 4
obi-v02-n0137-tx-p0240	zenodo_4321314	U Kyaw, “Bagan Minsa”, p. 195
obi-v02-n0138-tx-p0240	zenodo_4321314	BA-595
obi-v02-n0138-tx-p0240	zenodo_4321314	List-1499
obi-v02-n0138-tx-p0240	zenodo_4321314	IOB5-599/d +
obi-v02-n0138-tx-p0240	zenodo_4321314	IOB3-332/b BED B 603-3
obi-v02-n0138-tx-p0240	zenodo_4321314	Pl. II 138
obi-v02-n0138-tx-p0240	zenodo_4321314	OBI 2, p. 24
obi-v02-n0138-tx-p0240	zenodo_4321314	SIP no. 26, p. 55
obi-v02-n0138-tx-p0240	zenodo_4321314	UEM no. 44, p. 117
obi-v02-n0138-tx-p0240	zenodo_4321314	List 254
obi-v02-n0138-tx-p0240	zenodo_4321314	PPA, p. 155
obi-v02-n0138-tx-p0240	zenodo_4321314	TN, p. 71
obi-v02-n0138-tx-p0240	zenodo_4321314	RDASB 1926, p. 26 and App. G
obi-v02-n0138-tx-p0240	zenodo_4321314	U Min Hswe, no. 43
obi-v02-n0138-tx-p0240	zenodo_4321314	OR 3475, no. 4
obi-v02-n0138-tx-p0240	zenodo_4321314	U Kyaw, “Bagan Minsa”, p. 195
obi-v02-n0139-tx-p0241	zenodo_4321314	IOB3-335/a BED B 603-3
obi-v02-n0139-tx-p0241	zenodo_4321314	Pl. II 138
obi-v02-n0139-tx-p0241	zenodo_4321314	OBI 2, p. 24
obi-v02-n0139-tx-p0241	zenodo_4321314	SIP no. 26, p. 55
obi-v02-n0139-tx-p0241	zenodo_4321314	UEM no. 44, p. 117
obi-v02-n0139-tx-p0241	zenodo_4321314	List 254
obi-v02-n0139-tx-p0241	zenodo_4321314	PPA, p. 155
obi-v02-n0139-tx-p0241	zenodo_4321314	TN, p. 71
obi-v02-n0139-tx-p0241	zenodo_4321314	RDASB 1926, p. 26 and App. G
obi-v02-n0139-tx-p0241	zenodo_4321314	U Min Hswe, no. 43
obi-v02-n0139-tx-p0241	zenodo_4321314	OR 3475, no. 4
obi-v02-n0139-tx-p0241	zenodo_4321314	U Kyaw, “Bagan Minsa”, p. 195
obi-v02-n0140-ob-p0242	zenodo_4321314	BA-466
obi-v02-n0140-ob-p0242	zenodo_4321314	List-1332
obi-v02-n0140-ob-p0242	zenodo_4321314	IOB3-335/b BED B 603-3
obi-v02-n0140-ob-p0242	zenodo_4321314	Pl. II 138
obi-v02-n0140-ob-p0242	zenodo_4321314	OBI 2, p. 24
obi-v02-n0140-ob-p0242	zenodo_4321314	SIP no. 26, p. 55
obi-v02-n0140-ob-p0242	zenodo_4321314	UEM no. 44, p. 117
obi-v02-n0140-ob-p0242	zenodo_4321314	List 254
obi-v02-n0140-ob-p0242	zenodo_4321314	PPA, p. 155
obi-v02-n0140-ob-p0242	zenodo_4321314	TN, p. 71
obi-v02-n0140-ob-p0242	zenodo_4321314	RDASB 1926, p. 26 and App. G
obi-v02-n0140-ob-p0242	zenodo_4321314	U Min Hswe, no. 43
obi-v02-n0140-ob-p0242	zenodo_4321314	OR 3475, no. 4
obi-v02-n0140-ob-p0242	zenodo_4321314	U Kyaw, “Bagan Minsa”, p. 195
obi-v02-n0141-ob-p0243	zenodo_4321314	BA-472
obi-v02-n0141-ob-p0243	zenodo_4321314	List-1334/b
obi-v02-n0141-ob-p0243	zenodo_4321314	IOB3-336/a BED B 603-3
obi-v02-n0141-ob-p0243	zenodo_4321314	Pl. II 138
obi-v02-n0141-ob-p0243	zenodo_4321314	OBI 2, p. 24
obi-v02-n0141-ob-p0243	zenodo_4321314	SIP no. 26, p. 55
obi-v02-n0141-ob-p0243	zenodo_4321314	UEM no. 44, p. 117
obi-v02-n0141-ob-p0243	zenodo_4321314	List 254
obi-v02-n0141-ob-p0243	zenodo_4321314	PPA, p. 155
obi-v02-n0141-ob-p0243	zenodo_4321314	TN, p. 71
obi-v02-n0141-ob-p0243	zenodo_4321314	RDASB 1926, p. 26 and App. G
obi-v02-n0141-ob-p0243	zenodo_4321314	U Min Hswe, no. 43
obi-v02-n0141-ob-p0243	zenodo_4321314	OR 3475, no. 4
obi-v02-n0141-ob-p0243	zenodo_4321314	U Kyaw, “Bagan Minsa”, p. 195
obi-v02-n0141-re-p0244	zenodo_4321314	BA-471
obi-v02-n0141-re-p0244	zenodo_4321314	List-1334/a
obi-v02-n0141-re-p0244	zenodo_4321314	IOB3-336/b BED B 603-3
obi-v02-n0141-re-p0244	zenodo_4321314	Pl. II 138
obi-v02-n0141-re-p0244	zenodo_4321314	OBI 2, p. 24
obi-v02-n0141-re-p0244	zenodo_4321314	SIP no. 26, p. 55
obi-v02-n0141-re-p0244	zenodo_4321314	UEM no. 44, p. 117
obi-v02-n0141-re-p0244	zenodo_4321314	List 254
obi-v02-n0141-re-p0244	zenodo_4321314	PPA, p. 155
obi-v02-n0141-re-p0244	zenodo_4321314	TN, p. 71
obi-v02-n0141-re-p0244	zenodo_4321314	RDASB 1926, p. 26 and App. G
obi-v02-n0141-re-p0244	zenodo_4321314	U Min Hswe, no. 43
obi-v02-n0141-re-p0244	zenodo_4321314	OR 3475, no. 4
obi-v02-n0141-re-p0244	zenodo_4321314	U Kyaw, “Bagan Minsa”, p. 195
obi-v02-n0142-ob-p0245	zenodo_4321314	BA-535
obi-v02-n0142-ob-p0245	zenodo_4321314	List-1391
obi-v02-n0142-ob-p0245	zenodo_4321314	IOB3-337/a BED B 603-3
obi-v02-n0142-ob-p0245	zenodo_4321314	Pl. II 138
obi-v02-n0142-ob-p0245	zenodo_4321314	OBI 2, p. 24
obi-v02-n0142-ob-p0245	zenodo_4321314	SIP no. 26, p. 55
obi-v02-n0142-ob-p0245	zenodo_4321314	UEM no. 44, p. 117
obi-v02-n0142-ob-p0245	zenodo_4321314	List 254
obi-v02-n0142-ob-p0245	zenodo_4321314	PPA, p. 155
obi-v02-n0142-ob-p0245	zenodo_4321314	TN, p. 71
obi-v02-n0142-ob-p0245	zenodo_4321314	RDASB 1926, p. 26 and App. G
obi-v02-n0142-ob-p0245	zenodo_4321314	U Min Hswe, no. 43
obi-v02-n0142-ob-p0245	zenodo_4321314	OR 3475, no. 4
obi-v02-n0142-ob-p0245	zenodo_4321314	U Kyaw, “Bagan Minsa”, p. 195
obi-v02-n0142-re-p0245	zenodo_4321314	IOB3-337/b BED B 603-3
obi-v02-n0142-re-p0245	zenodo_4321314	Pl. II 138
obi-v02-n0142-re-p0245	zenodo_4321314	OBI 2, p. 24
obi-v02-n0142-re-p0245	zenodo_4321314	SIP no. 26, p. 55
obi-v02-n0142-re-p0245	zenodo_4321314	UEM no. 44, p. 117
obi-v02-n0142-re-p0245	zenodo_4321314	List 254
obi-v02-n0142-re-p0245	zenodo_4321314	PPA, p. 155
obi-v02-n0142-re-p0245	zenodo_4321314	TN, p. 71
obi-v02-n0142-re-p0245	zenodo_4321314	RDASB 1926, p. 26 and App. G
obi-v02-n0142-re-p0245	zenodo_4321314	U Min Hswe, no. 43
obi-v02-n0142-re-p0245	zenodo_4321314	OR 3475, no. 4
obi-v02-n0142-re-p0245	zenodo_4321314	U Kyaw, “Bagan Minsa”, p. 195
obi-v02-n0143-ob-p0246	zenodo_4321314	. .
obi-v02-n0143-ob-p0246	zenodo_4321314	IOB3-338 BED B 603-3
obi-v02-n0143-ob-p0246	zenodo_4321314	Pl. II 138
obi-v02-n0143-ob-p0246	zenodo_4321314	OBI 2, p. 24
obi-v02-n0143-ob-p0246	zenodo_4321314	SIP no. 26, p. 55
obi-v02-n0143-ob-p0246	zenodo_4321314	UEM no. 44, p. 117
obi-v02-n0143-ob-p0246	zenodo_4321314	List 254
obi-v02-n0143-ob-p0246	zenodo_4321314	PPA, p. 155
obi-v02-n0143-ob-p0246	zenodo_4321314	TN, p. 71
obi-v02-n0143-ob-p0246	zenodo_4321314	RDASB 1926, p. 26 and App. G
obi-v02-n0143-ob-p0246	zenodo_4321314	U Min Hswe, no. 43
obi-v02-n0143-ob-p0246	zenodo_4321314	OR 3475, no. 4
obi-v02-n0143-ob-p0246	zenodo_4321314	U Kyaw, “Bagan Minsa”, p. 195
obi-v02-n0144-re-p0247	zenodo_4321314	IOB3-339/a-b BED A
obi-v02-n0144-re-p0247	zenodo_4321314	Pl. III 339a+b
obi-v02-n0144-re-p0247	zenodo_4321314	OBI 2, p. 247 (b only)
obi-v02-n0145-tx-p0248	zenodo_4321314	IOB3-342/b - BED B 603-3
obi-v02-n0145-tx-p0248	zenodo_4321314	Pl. II 138
obi-v02-n0145-tx-p0248	zenodo_4321314	OBI 2, p. 24
obi-v02-n0145-tx-p0248	zenodo_4321314	SIP no. 26, p. 55
obi-v02-n0145-tx-p0248	zenodo_4321314	UEM no. 44, p. 117
obi-v02-n0145-tx-p0248	zenodo_4321314	List 254
obi-v02-n0145-tx-p0248	zenodo_4321314	PPA, p. 155
obi-v02-n0145-tx-p0248	zenodo_4321314	TN, p. 71
obi-v02-n0145-tx-p0248	zenodo_4321314	RDASB 1926, p. 26 and App. G
obi-v02-n0145-tx-p0248	zenodo_4321314	U Min Hswe, no. 43
obi-v02-n0145-tx-p0248	zenodo_4321314	OR 3475, no. 4
obi-v02-n0145-tx-p0248	zenodo_4321314	U Kyaw, “Bagan Minsa”, p. 195
obi-v02-n0145-tx-p0249	zenodo_4321314	IOB3-343/b/a 4- BED B 603-3
obi-v02-n0145-tx-p0249	zenodo_4321314	Pl. II 138
obi-v02-n0145-tx-p0249	zenodo_4321314	OBI 2, p. 24
obi-v02-n0145-tx-p0249	zenodo_4321314	SIP no. 26, p. 55
obi-v02-n0145-tx-p0249	zenodo_4321314	UEM no. 44, p. 117
obi-v02-n0145-tx-p0249	zenodo_4321314	List 254
obi-v02-n0145-tx-p0249	zenodo_4321314	PPA, p. 155
obi-v02-n0145-tx-p0249	zenodo_4321314	TN, p. 71
obi-v02-n0145-tx-p0249	zenodo_4321314	RDASB 1926, p. 26 and App. G
obi-v02-n0145-tx-p0249	zenodo_4321314	U Min Hswe, no. 43
obi-v02-n0145-tx-p0249	zenodo_4321314	OR 3475, no. 4
obi-v02-n0145-tx-p0249	zenodo_4321314	U Kyaw, “Bagan Minsa”, p. 195
obi-v03-n0001-ob-p0001	zenodo_4321314	IPPA-191
obi-v03-n0001-ob-p0001	zenodo_4321314	List-302
obi-v03-n0001-ob-p0001	zenodo_4321314	IOB2-195/b BED B 622-4
obi-v03-n0001-ob-p0001	zenodo_4321314	Pl. II 195b
obi-v03-n0001-ob-p0001	zenodo_4321314	OBI 3, p. 1
obi-v03-n0001-ob-p0001	zenodo_4321314	List 302
obi-v03-n0001-ob-p0001	zenodo_4321314	PPA, p. 191
obi-v03-n0001-ob-p0001	zenodo_4321314	TN, p. 91
obi-v03-n0001-ob-p0001	zenodo_4321314	U Min Hswe, no. 18
obi-v03-n0002-re-p0002	zenodo_4321314	IPPA-55
obi-v03-n0002-re-p0002	zenodo_4321314	List-90
obi-v03-n0002-re-p0002	zenodo_4321314	IOB2-198 BED B 622-6
obi-v03-n0002-re-p0002	zenodo_4321314	Pl. II 198
obi-v03-n0002-re-p0002	zenodo_4321314	OBI 3, p. 2
obi-v03-n0002-re-p0002	zenodo_4321314	List 90
obi-v03-n0002-re-p0002	zenodo_4321314	PPA, p. 55
obi-v03-n0002-re-p0002	zenodo_4321314	TN, p. 26
obi-v03-n0002-re-p0002	zenodo_4321314	U Min Hswe, no. 51
obi-v03-n0003-ob-p0003	zenodo_4321314	BA-79
obi-v03-n0003-ob-p0003	zenodo_4321314	List-255
obi-v03-n0003-ob-p0003	zenodo_4321314	IOB2-201/b BED B 623-1
obi-v03-n0003-ob-p0003	zenodo_4321314	Pl. II 201b
obi-v03-n0003-ob-p0003	zenodo_4321314	OBI 3, p. 3
obi-v03-n0003-ob-p0003	zenodo_4321314	List 255
obi-v03-n0003-ob-p0003	zenodo_4321314	A, p. 79
obi-v03-n0004-ob-p0004	zenodo_4321314	IOB3-321 BED A
obi-v03-n0004-ob-p0004	zenodo_4321314	Pl. III 321
obi-v03-n0004-ob-p0004	zenodo_4321314	OBI 3, p. 4
obi-v03-n0005-ob-p0005	zenodo_4321314	BA-101
obi-v03-n0005-ob-p0005	zenodo_4321314	List-308
obi-v03-n0005-ob-p0005	zenodo_4321314	IOB2-202 BED B 624-1
obi-v03-n0005-ob-p0005	zenodo_4321314	Pl. II 202
obi-v03-n0005-ob-p0005	zenodo_4321314	OBI 3, p. 5
obi-v03-n0005-ob-p0005	zenodo_4321314	List 308
obi-v03-n0005-ob-p0005	zenodo_4321314	A, p. 101
obi-v03-n0005-ob-p0005	zenodo_4321314	MP, p. 107
obi-v03-n0006-ob-p0007	zenodo_4321314	IUB1-300
obi-v03-n0006-ob-p0007	zenodo_4321314	List-305
obi-v03-n0006-ob-p0007	zenodo_4321314	IOB2-203 BED B 624-2
obi-v03-n0006-ob-p0007	zenodo_4321314	Pl. II 203
obi-v03-n0006-ob-p0007	zenodo_4321314	OBI 3, p. 7
obi-v03-n0006-ob-p0007	zenodo_4321314	List 305
obi-v03-n0006-ob-p0007	zenodo_4321314	UB 1, p. 300
obi-v03-n0007-ob-p0008	zenodo_4321314	IUB2-203
obi-v03-n0007-ob-p0008	zenodo_4321314	List-306/a
obi-v03-n0007-ob-p0008	zenodo_4321314	IOB2-204/a BED B 624-3
obi-v03-n0007-ob-p0008	zenodo_4321314	Pl. II 204a+b
obi-v03-n0007-ob-p0008	zenodo_4321314	OBI 3, p. 8
obi-v03-n0007-ob-p0008	zenodo_4321314	List 306
obi-v03-n0007-ob-p0008	zenodo_4321314	UB 2, p. 203
obi-v03-n0007-ob-p0008	zenodo_4321314	(not in U Min Hswe)
obi-v03-n0007-re-p0008	zenodo_4321314	IUB2-204
obi-v03-n0007-re-p0008	zenodo_4321314	List-306/b
obi-v03-n0007-re-p0008	zenodo_4321314	IOB2-204/b BED B 624-3
obi-v03-n0007-re-p0008	zenodo_4321314	Pl. II 204a+b
obi-v03-n0007-re-p0008	zenodo_4321314	OBI 3, p. 8
obi-v03-n0007-re-p0008	zenodo_4321314	List 306
obi-v03-n0007-re-p0008	zenodo_4321314	UB 2, p. 203
obi-v03-n0007-re-p0008	zenodo_4321314	(not in U Min Hswe)
obi-v03-n0008-ob-p0009	zenodo_4321314	BA-103
obi-v03-n0008-ob-p0009	zenodo_4321314	List-307/a
obi-v03-n0008-ob-p0009	zenodo_4321314	IOB2 205 BED B 624-4
obi-v03-n0008-ob-p0009	zenodo_4321314	Pl. II 205-206
obi-v03-n0008-ob-p0009	zenodo_4321314	OBI 3, p. 9-11
obi-v03-n0008-ob-p0009	zenodo_4321314	List 307a+b
obi-v03-n0008-ob-p0009	zenodo_4321314	A, p. 103-105
obi-v03-n0008-ob-p0009	zenodo_4321314	MP 2, p. 159
obi-v03-n0008-re-p0011	zenodo_4321314	BA-105
obi-v03-n0008-re-p0011	zenodo_4321314	List-307/b
obi-v03-n0008-re-p0011	zenodo_4321314	IOB2-206 BED B 622-4
obi-v03-n0008-re-p0011	zenodo_4321314	Pl. II 195b
obi-v03-n0008-re-p0011	zenodo_4321314	OBI 3, p. 1
obi-v03-n0008-re-p0011	zenodo_4321314	List 302
obi-v03-n0008-re-p0011	zenodo_4321314	PPA, p. 191
obi-v03-n0008-re-p0011	zenodo_4321314	TN, p. 91
obi-v03-n0008-re-p0011	zenodo_4321314	U Min Hswe, no. 18
obi-v03-n0009-ob-p0012	zenodo_4321314	IUB2-209
obi-v03-n0009-ob-p0012	zenodo_4321314	List-378/b
obi-v03-n0009-ob-p0012	zenodo_4321314	IOB3-266/a BED B 622-4
obi-v03-n0009-ob-p0012	zenodo_4321314	Pl. II 195b
obi-v03-n0009-ob-p0012	zenodo_4321314	OBI 3, p. 1
obi-v03-n0009-ob-p0012	zenodo_4321314	List 302
obi-v03-n0009-ob-p0012	zenodo_4321314	PPA, p. 191
obi-v03-n0009-ob-p0012	zenodo_4321314	TN, p. 91
obi-v03-n0009-ob-p0012	zenodo_4321314	U Min Hswe, no. 18
obi-v03-n0010-ob-p0013	zenodo_4321314	IOB3-341 BED B 622-4
obi-v03-n0010-ob-p0013	zenodo_4321314	Pl. II 195b
obi-v03-n0010-ob-p0013	zenodo_4321314	OBI 3, p. 1
obi-v03-n0010-ob-p0013	zenodo_4321314	List 302
obi-v03-n0010-ob-p0013	zenodo_4321314	PPA, p. 191
obi-v03-n0010-ob-p0013	zenodo_4321314	TN, p. 91
obi-v03-n0010-ob-p0013	zenodo_4321314	U Min Hswe, no. 18
obi-v03-n0011-ob-p0014	zenodo_4321314	-1936-37/ 4003, 1938-39/ 4080
obi-v03-n0011-ob-p0014	zenodo_4321314	IOB4-381 BED B 622-4
obi-v03-n0011-ob-p0014	zenodo_4321314	Pl. II 195b
obi-v03-n0011-ob-p0014	zenodo_4321314	OBI 3, p. 1
obi-v03-n0011-ob-p0014	zenodo_4321314	List 302
obi-v03-n0011-ob-p0014	zenodo_4321314	PPA, p. 191
obi-v03-n0011-ob-p0014	zenodo_4321314	TN, p. 91
obi-v03-n0011-ob-p0014	zenodo_4321314	U Min Hswe, no. 18
obi-v03-n0012-ob-p0018	zenodo_4321314	IOB2-208 BED B 622-4
obi-v03-n0012-ob-p0018	zenodo_4321314	Pl. II 195b
obi-v03-n0012-ob-p0018	zenodo_4321314	OBI 3, p. 1
obi-v03-n0012-ob-p0018	zenodo_4321314	List 302
obi-v03-n0012-ob-p0018	zenodo_4321314	PPA, p. 191
obi-v03-n0012-ob-p0018	zenodo_4321314	TN, p. 91
obi-v03-n0012-ob-p0018	zenodo_4321314	U Min Hswe, no. 18
obi-v03-n0013-ob-p0019	zenodo_4321314	IOB2-209 BED B 622-4
obi-v03-n0013-ob-p0019	zenodo_4321314	Pl. II 195b
obi-v03-n0013-ob-p0019	zenodo_4321314	OBI 3, p. 1
obi-v03-n0013-ob-p0019	zenodo_4321314	List 302
obi-v03-n0013-ob-p0019	zenodo_4321314	PPA, p. 191
obi-v03-n0013-ob-p0019	zenodo_4321314	TN, p. 91
obi-v03-n0013-ob-p0019	zenodo_4321314	U Min Hswe, no. 18
obi-v03-n0014-re-p0020	zenodo_4321314	IOB2-210/b BED B 622-6
obi-v03-n0014-re-p0020	zenodo_4321314	Pl. II 198
obi-v03-n0014-re-p0020	zenodo_4321314	OBI 3, p. 2
obi-v03-n0014-re-p0020	zenodo_4321314	List 90
obi-v03-n0014-re-p0020	zenodo_4321314	PPA, p. 55
obi-v03-n0014-re-p0020	zenodo_4321314	TN, p. 26
obi-v03-n0014-re-p0020	zenodo_4321314	U Min Hswe, no. 51
obi-v03-n0015-ob-p0021	zenodo_4321314	IUB1-301
obi-v03-n0015-ob-p0021	zenodo_4321314	List-309
obi-v03-n0015-ob-p0021	zenodo_4321314	IOB2-211 BED B 622-6
obi-v03-n0015-ob-p0021	zenodo_4321314	Pl. II 198
obi-v03-n0015-ob-p0021	zenodo_4321314	OBI 3, p. 2
obi-v03-n0015-ob-p0021	zenodo_4321314	List 90
obi-v03-n0015-ob-p0021	zenodo_4321314	PPA, p. 55
obi-v03-n0015-ob-p0021	zenodo_4321314	TN, p. 26
obi-v03-n0015-ob-p0021	zenodo_4321314	U Min Hswe, no. 51
obi-v03-n0016-ob-p0022	zenodo_4321314	IOB2-213/a BED B 622-6
obi-v03-n0016-ob-p0022	zenodo_4321314	Pl. II 198
obi-v03-n0016-ob-p0022	zenodo_4321314	OBI 3, p. 2
obi-v03-n0016-ob-p0022	zenodo_4321314	List 90
obi-v03-n0016-ob-p0022	zenodo_4321314	PPA, p. 55
obi-v03-n0016-ob-p0022	zenodo_4321314	TN, p. 26
obi-v03-n0016-ob-p0022	zenodo_4321314	U Min Hswe, no. 51
obi-v03-n0016-re-p0023	zenodo_4321314	IOB2-213/b BED B 622-6
obi-v03-n0016-re-p0023	zenodo_4321314	Pl. II 198
obi-v03-n0016-re-p0023	zenodo_4321314	OBI 3, p. 2
obi-v03-n0016-re-p0023	zenodo_4321314	List 90
obi-v03-n0016-re-p0023	zenodo_4321314	PPA, p. 55
obi-v03-n0016-re-p0023	zenodo_4321314	TN, p. 26
obi-v03-n0016-re-p0023	zenodo_4321314	U Min Hswe, no. 51
obi-v03-n0017-ob-p0024	zenodo_4321314	BA-97 & 492
obi-v03-n0017-ob-p0024	zenodo_4321314	List-293 & 1352
obi-v03-n0017-ob-p0024	zenodo_4321314	IOB2-214/a & IOB5-579 BED B 622-6
obi-v03-n0017-ob-p0024	zenodo_4321314	Pl. II 198
obi-v03-n0017-ob-p0024	zenodo_4321314	OBI 3, p. 2
obi-v03-n0017-ob-p0024	zenodo_4321314	List 90
obi-v03-n0017-ob-p0024	zenodo_4321314	PPA, p. 55
obi-v03-n0017-ob-p0024	zenodo_4321314	TN, p. 26
obi-v03-n0017-ob-p0024	zenodo_4321314	U Min Hswe, no. 51
obi-v03-n0018-ob-p0025	zenodo_4321314	IUB1-205,
obi-v03-n0018-ob-p0025	zenodo_4321314	List-313,
obi-v03-n0018-ob-p0025	zenodo_4321314	IOB2 214/b BED B 622-6
obi-v03-n0018-ob-p0025	zenodo_4321314	Pl. II 198
obi-v03-n0018-ob-p0025	zenodo_4321314	OBI 3, p. 2
obi-v03-n0018-ob-p0025	zenodo_4321314	List 90
obi-v03-n0018-ob-p0025	zenodo_4321314	PPA, p. 55
obi-v03-n0018-ob-p0025	zenodo_4321314	TN, p. 26
obi-v03-n0018-ob-p0025	zenodo_4321314	U Min Hswe, no. 51
obi-v03-n0019-ob-p0026	zenodo_4321314	IOB2-215/a BED B 622-6
obi-v03-n0019-ob-p0026	zenodo_4321314	Pl. II 198
obi-v03-n0019-ob-p0026	zenodo_4321314	OBI 3, p. 2
obi-v03-n0019-ob-p0026	zenodo_4321314	List 90
obi-v03-n0019-ob-p0026	zenodo_4321314	PPA, p. 55
obi-v03-n0019-ob-p0026	zenodo_4321314	TN, p. 26
obi-v03-n0019-ob-p0026	zenodo_4321314	U Min Hswe, no. 51
obi-v03-n0020-tx-p0027	zenodo_4321314	---265,
obi-v03-n0020-tx-p0027	zenodo_4321314	List-310
obi-v03-n0020-tx-p0027	zenodo_4321314	IOB2-215/b BED B 622-6
obi-v03-n0020-tx-p0027	zenodo_4321314	Pl. II 198
obi-v03-n0020-tx-p0027	zenodo_4321314	OBI 3, p. 2
obi-v03-n0020-tx-p0027	zenodo_4321314	List 90
obi-v03-n0020-tx-p0027	zenodo_4321314	PPA, p. 55
obi-v03-n0020-tx-p0027	zenodo_4321314	TN, p. 26
obi-v03-n0020-tx-p0027	zenodo_4321314	U Min Hswe, no. 51
obi-v03-n0021-ob-p0028	zenodo_4321314	IPPA-266
obi-v03-n0021-ob-p0028	zenodo_4321314	List-311
obi-v03-n0021-ob-p0028	zenodo_4321314	IOB2-216 BED B 622-6
obi-v03-n0021-ob-p0028	zenodo_4321314	Pl. II 198
obi-v03-n0021-ob-p0028	zenodo_4321314	OBI 3, p. 2
obi-v03-n0021-ob-p0028	zenodo_4321314	List 90
obi-v03-n0021-ob-p0028	zenodo_4321314	PPA, p. 55
obi-v03-n0021-ob-p0028	zenodo_4321314	TN, p. 26
obi-v03-n0021-ob-p0028	zenodo_4321314	U Min Hswe, no. 51
obi-v03-n0022-ob-p0033	zenodo_4321314	IOB2-218/b BED B 623-1
obi-v03-n0022-ob-p0033	zenodo_4321314	Pl. II 201b
obi-v03-n0022-ob-p0033	zenodo_4321314	OBI 3, p. 3
obi-v03-n0022-ob-p0033	zenodo_4321314	List 255
obi-v03-n0022-ob-p0033	zenodo_4321314	A, p. 79
obi-v03-n0023-ob-p0033	zenodo_4321314	IOB4-383/a BED B 623-1
obi-v03-n0023-ob-p0033	zenodo_4321314	Pl. II 201b
obi-v03-n0023-ob-p0033	zenodo_4321314	OBI 3, p. 3
obi-v03-n0023-ob-p0033	zenodo_4321314	List 255
obi-v03-n0023-ob-p0033	zenodo_4321314	A, p. 79
obi-v03-n0023-re-p0034	zenodo_4321314	IOB4-383/b BED B 623-1
obi-v03-n0023-re-p0034	zenodo_4321314	Pl. II 201b
obi-v03-n0023-re-p0034	zenodo_4321314	OBI 3, p. 3
obi-v03-n0023-re-p0034	zenodo_4321314	List 255
obi-v03-n0023-re-p0034	zenodo_4321314	A, p. 79
obi-v03-n0024-re-p0036	zenodo_4321314	IOB2-218/a BED B 623-1
obi-v03-n0024-re-p0036	zenodo_4321314	Pl. II 201b
obi-v03-n0024-re-p0036	zenodo_4321314	OBI 3, p. 3
obi-v03-n0024-re-p0036	zenodo_4321314	List 255
obi-v03-n0024-re-p0036	zenodo_4321314	A, p. 79
obi-v03-n0024-tx-p0035	zenodo_4321314	IPPA 188-189
obi-v03-n0024-tx-p0035	zenodo_4321314	List 278/b
obi-v03-n0024-tx-p0035	zenodo_4321314	IOB2-217 BED B 623-1
obi-v03-n0024-tx-p0035	zenodo_4321314	Pl. II 201b
obi-v03-n0024-tx-p0035	zenodo_4321314	OBI 3, p. 3
obi-v03-n0024-tx-p0035	zenodo_4321314	List 255
obi-v03-n0024-tx-p0035	zenodo_4321314	A, p. 79
obi-v03-n0025-ob-p0037	zenodo_4321314	IUB1-222-223
obi-v03-n0025-ob-p0037	zenodo_4321314	List 314/a
obi-v03-n0025-ob-p0037	zenodo_4321314	IOB2-219/a BED B 629-1
obi-v03-n0025-ob-p0037	zenodo_4321314	Pl. II 217 and Pl. II 218a
obi-v03-n0025-ob-p0037	zenodo_4321314	OBI 3, p. 35
obi-v03-n0025-ob-p0037	zenodo_4321314	List 278b (?)
obi-v03-n0025-ob-p0037	zenodo_4321314	Pl. II 219 a+b
obi-v03-n0025-ob-p0037	zenodo_4321314	OBI 3, p. 37
obi-v03-n0025-ob-p0037	zenodo_4321314	SIP no. 34, p. 83
obi-v03-n0025-ob-p0037	zenodo_4321314	List 314a+b
obi-v03-n0025-ob-p0037	zenodo_4321314	UB 1, p. 222-4
obi-v03-n0025-ob-p0037	zenodo_4321314	U Min Hswe, no. 19
obi-v03-n0025-ob-p0037	zenodo_4321314	Myaketu, Nandhale Hmattan, p. 29-30
obi-v03-n0025-re-p0038	zenodo_4321314	IUB1-224
obi-v03-n0025-re-p0038	zenodo_4321314	List 314/b
obi-v03-n0025-re-p0038	zenodo_4321314	IOB2-219/b BED B 623-1
obi-v03-n0025-re-p0038	zenodo_4321314	Pl. II 201b
obi-v03-n0025-re-p0038	zenodo_4321314	OBI 3, p. 3
obi-v03-n0025-re-p0038	zenodo_4321314	List 255
obi-v03-n0025-re-p0038	zenodo_4321314	A, p. 79
obi-v03-n0026-ob-p0039	zenodo_4321314	IOB2-220 BED B 623-1
obi-v03-n0026-ob-p0039	zenodo_4321314	Pl. II 201b
obi-v03-n0026-ob-p0039	zenodo_4321314	OBI 3, p. 3
obi-v03-n0026-ob-p0039	zenodo_4321314	List 255
obi-v03-n0026-ob-p0039	zenodo_4321314	A, p. 79
obi-v03-n0026-re-p0041	zenodo_4321314	IOB2-221 BED A
obi-v03-n0026-re-p0041	zenodo_4321314	Pl. III 321
obi-v03-n0026-re-p0041	zenodo_4321314	OBI 3, p. 4
obi-v03-n0027-ob-p0043	zenodo_4321314	IOB2-222/a BED B 630-1
obi-v03-n0027-ob-p0043	zenodo_4321314	Pl. II 222a+b
obi-v03-n0027-ob-p0043	zenodo_4321314	OBI 3, p. 43-45
obi-v03-n0027-ob-p0043	zenodo_4321314	copy List 316-317
obi-v03-n0027-ob-p0043	zenodo_4321314	B 2, p. 645-646
obi-v03-n0027-re-p0045	zenodo_4321314	IOB2-222/b BED A
obi-v03-n0027-re-p0045	zenodo_4321314	Pl. III 321
obi-v03-n0027-re-p0045	zenodo_4321314	OBI 3, p. 4
obi-v03-n0028-ob-p0046	zenodo_4321314	IOB2-223/a BED A
obi-v03-n0028-ob-p0046	zenodo_4321314	Pl. III 321
obi-v03-n0028-ob-p0046	zenodo_4321314	OBI 3, p. 4
obi-v03-n0029-re-p0047	zenodo_4321314	IPPA-269
obi-v03-n0029-re-p0047	zenodo_4321314	List 323
obi-v03-n0029-re-p0047	zenodo_4321314	IOB2-223/b BED A
obi-v03-n0029-re-p0047	zenodo_4321314	Pl. III 321
obi-v03-n0029-re-p0047	zenodo_4321314	OBI 3, p. 4
obi-v03-n0030-ob-p0048	zenodo_4321314	IOB5-571/a BED A
obi-v03-n0030-ob-p0048	zenodo_4321314	Pl. III 321
obi-v03-n0030-ob-p0048	zenodo_4321314	OBI 3, p. 4
obi-v03-n0031-ob-p0049	zenodo_4321314	RDASB 1972-1973 BED B 630-5
obi-v03-n0031-ob-p0049	zenodo_4321314	OBI 3, p. 49
obi-v03-n0031-ob-p0049	zenodo_4321314	RDASB 1973
obi-v03-n0031-ob-p0049	zenodo_4321314	U Min Hswe, no. 39
obi-v03-n0032-tx-p0051	zenodo_4321314	IOB5-587/a BED B 624-1
obi-v03-n0032-tx-p0051	zenodo_4321314	Pl. II 202
obi-v03-n0032-tx-p0051	zenodo_4321314	OBI 3, p. 5
obi-v03-n0032-tx-p0051	zenodo_4321314	List 308
obi-v03-n0032-tx-p0051	zenodo_4321314	A, p. 101
obi-v03-n0032-tx-p0051	zenodo_4321314	MP, p. 107
obi-v03-n0033-ob-p0052	zenodo_4321314	IUB1-302-303
obi-v03-n0033-ob-p0052	zenodo_4321314	List-322
obi-v03-n0033-ob-p0052	zenodo_4321314	IOB3-224 BED B 624-1
obi-v03-n0033-ob-p0052	zenodo_4321314	Pl. II 202
obi-v03-n0033-ob-p0052	zenodo_4321314	OBI 3, p. 5
obi-v03-n0033-ob-p0052	zenodo_4321314	List 308
obi-v03-n0033-ob-p0052	zenodo_4321314	A, p. 101
obi-v03-n0033-ob-p0052	zenodo_4321314	MP, p. 107
obi-v03-n0034-ob-p0053	zenodo_4321314	IOB3-225 BED B 631-1
obi-v03-n0034-ob-p0053	zenodo_4321314	Pl. II 225
obi-v03-n0034-ob-p0053	zenodo_4321314	OBI 3, p. 53
obi-v03-n0034-ob-p0053	zenodo_4321314	Frasch, “Coastal Peripheries”, p. 74
obi-v03-n0035-ob-p0055	zenodo_4321314	BA-90
obi-v03-n0035-ob-p0055	zenodo_4321314	List-633/a
obi-v03-n0035-ob-p0055	zenodo_4321314	IOB3-226 BED B 624-1
obi-v03-n0035-ob-p0055	zenodo_4321314	Pl. II 202
obi-v03-n0035-ob-p0055	zenodo_4321314	OBI 3, p. 5
obi-v03-n0035-ob-p0055	zenodo_4321314	List 308
obi-v03-n0035-ob-p0055	zenodo_4321314	A, p. 101
obi-v03-n0035-ob-p0055	zenodo_4321314	MP, p. 107
obi-v03-n0035-re-p0056	zenodo_4321314	BA-110
obi-v03-n0035-re-p0056	zenodo_4321314	List-327
obi-v03-n0035-re-p0056	zenodo_4321314	IOB3-227 BED B 624-1
obi-v03-n0035-re-p0056	zenodo_4321314	Pl. II 202
obi-v03-n0035-re-p0056	zenodo_4321314	OBI 3, p. 5
obi-v03-n0035-re-p0056	zenodo_4321314	List 308
obi-v03-n0035-re-p0056	zenodo_4321314	A, p. 101
obi-v03-n0035-re-p0056	zenodo_4321314	MP, p. 107
obi-v03-n0036-ob-p0057	zenodo_4321314	IOB3-228/a BED B 624-1
obi-v03-n0036-ob-p0057	zenodo_4321314	Pl. II 202
obi-v03-n0036-ob-p0057	zenodo_4321314	OBI 3, p. 5
obi-v03-n0036-ob-p0057	zenodo_4321314	List 308
obi-v03-n0036-ob-p0057	zenodo_4321314	A, p. 101
obi-v03-n0036-ob-p0057	zenodo_4321314	MP, p. 107
obi-v03-n0037-ob-p0058	zenodo_4321314	IPPA-264
obi-v03-n0037-ob-p0058	zenodo_4321314	List-325
obi-v03-n0037-ob-p0058	zenodo_4321314	IOB3-234 BED B 624-1
obi-v03-n0037-ob-p0058	zenodo_4321314	Pl. II 202
obi-v03-n0037-ob-p0058	zenodo_4321314	OBI 3, p. 5
obi-v03-n0037-ob-p0058	zenodo_4321314	List 308
obi-v03-n0037-ob-p0058	zenodo_4321314	A, p. 101
obi-v03-n0037-ob-p0058	zenodo_4321314	MP, p. 107
obi-v03-n0038-ob-p0062	zenodo_4321314	IUB2-200
obi-v03-n0038-ob-p0062	zenodo_4321314	List-303/a
obi-v03-n0038-ob-p0062	zenodo_4321314	IOB2-200 BED B 631-6
obi-v03-n0038-ob-p0062	zenodo_4321314	Pl. II 200 + Pl. II 201a
obi-v03-n0038-ob-p0062	zenodo_4321314	OBI 3, p. 62
obi-v03-n0038-ob-p0062	zenodo_4321314	SIP no. 37, p. 89
obi-v03-n0038-ob-p0062	zenodo_4321314	List 303 a+b
obi-v03-n0038-ob-p0062	zenodo_4321314	UB 2, p. 200
obi-v03-n0038-re-p0064	zenodo_4321314	IUB2-202
obi-v03-n0038-re-p0064	zenodo_4321314	List-303/b
obi-v03-n0038-re-p0064	zenodo_4321314	IOB2-201/a
obi-v03-n0039-ob-p0065	zenodo_4321314	IPPA-313-314
obi-v03-n0039-ob-p0065	zenodo_4321314	List-329
obi-v03-n0039-ob-p0065	zenodo_4321314	IOB3-228/b BED B 632-1
obi-v03-n0039-ob-p0065	zenodo_4321314	Pl. II 228b
obi-v03-n0039-ob-p0065	zenodo_4321314	OBI 3, p. 65
obi-v03-n0039-ob-p0065	zenodo_4321314	SIP no. 42, p. 110
obi-v03-n0039-ob-p0065	zenodo_4321314	List 329
obi-v03-n0039-ob-p0065	zenodo_4321314	PPA, p. 313
obi-v03-n0039-ob-p0065	zenodo_4321314	TN, p. 144
obi-v03-n0040-ob-p0066	zenodo_4321314	IUB1-219-220
obi-v03-n0040-ob-p0066	zenodo_4321314	List-330
obi-v03-n0040-ob-p0066	zenodo_4321314	IOB3-229 BED B 632-2
obi-v03-n0040-ob-p0066	zenodo_4321314	Pl. III 229
obi-v03-n0040-ob-p0066	zenodo_4321314	OBI 3, p. 66
obi-v03-n0040-ob-p0066	zenodo_4321314	List 330
obi-v03-n0040-ob-p0066	zenodo_4321314	UB 1, p. 219, U Min Hswe, no. 71
obi-v03-n0041-ob-p0068	zenodo_4321314	BA 112
obi-v03-n0041-ob-p0068	zenodo_4321314	List-331
obi-v03-n0041-ob-p0068	zenodo_4321314	IOB3-231/a BED B 632-4
obi-v03-n0041-ob-p0068	zenodo_4321314	Pl. III 231a
obi-v03-n0041-ob-p0068	zenodo_4321314	OBI 3, p. 68
obi-v03-n0041-ob-p0068	zenodo_4321314	List 331
obi-v03-n0041-ob-p0068	zenodo_4321314	A, p. 112
obi-v03-n0041-ob-p0068	zenodo_4321314	MP, p. 163
obi-v03-n0042-ob-p0068	zenodo_4321314	IPPA-98
obi-v03-n0042-ob-p0068	zenodo_4321314	List-333
obi-v03-n0042-ob-p0068	zenodo_4321314	IOB3-231/b BED B 633-1
obi-v03-n0042-ob-p0068	zenodo_4321314	Pl. III 231b
obi-v03-n0042-ob-p0068	zenodo_4321314	OBI 3, p. 68
obi-v03-n0042-ob-p0068	zenodo_4321314	SIP no. 30, p. 70
obi-v03-n0042-ob-p0068	zenodo_4321314	List 333
obi-v03-n0042-ob-p0068	zenodo_4321314	PPA, p. 98
obi-v03-n0042-ob-p0068	zenodo_4321314	TN, p. 51
obi-v03-n0042-ob-p0068	zenodo_4321314	U Min Hswe, no. 14
obi-v03-n0043-ob-p0070	zenodo_4321314	IOB3-232 BED B 633-2
obi-v03-n0043-ob-p0070	zenodo_4321314	Pl. III 232
obi-v03-n0043-ob-p0070	zenodo_4321314	OBI 3, p. 70
obi-v03-n0043-ob-p0070	zenodo_4321314	SIP no. 39, p. 95
obi-v03-n0043-ob-p0070	zenodo_4321314	RDASB 1926, p. 26, and app. G, no. 1
obi-v03-n0044-re-p0072	zenodo_4321314	IUB1-212
obi-v03-n0044-re-p0072	zenodo_4321314	List-332/b
obi-v03-n0044-re-p0072	zenodo_4321314	IOB3-233 BED B 633-3
obi-v03-n0044-re-p0072	zenodo_4321314	Pl. III 233
obi-v03-n0044-re-p0072	zenodo_4321314	OBI 3, p. 72
obi-v03-n0044-re-p0072	zenodo_4321314	List 332b
obi-v03-n0044-re-p0072	zenodo_4321314	UB 1, p. 212
obi-v03-n0045-re-p0073	zenodo_4321314	IPPA-257
obi-v03-n0045-re-p0073	zenodo_4321314	List-344/b
obi-v03-n0045-re-p0073	zenodo_4321314	IOB3-240 BED B 624-2
obi-v03-n0045-re-p0073	zenodo_4321314	Pl. II 203
obi-v03-n0045-re-p0073	zenodo_4321314	OBI 3, p. 7
obi-v03-n0045-re-p0073	zenodo_4321314	List 305
obi-v03-n0045-re-p0073	zenodo_4321314	UB 1, p. 300
obi-v03-n0046-re-p0074	zenodo_4321314	IPPA-274-276
obi-v03-n0046-re-p0074	zenodo_4321314	List-334
obi-v03-n0046-re-p0074	zenodo_4321314	IOB3-235 BED B 634-1
obi-v03-n0046-re-p0074	zenodo_4321314	Pl. III 235
obi-v03-n0046-re-p0074	zenodo_4321314	OBI 3, p. 74
obi-v03-n0046-re-p0074	zenodo_4321314	SIP no. 40, p. 101
obi-v03-n0046-re-p0074	zenodo_4321314	List 334
obi-v03-n0046-re-p0074	zenodo_4321314	PPA, p. 274
obi-v03-n0046-re-p0074	zenodo_4321314	TN, p. 126
obi-v03-n0047-ob-p0077	zenodo_4321314	BA-115
obi-v03-n0047-ob-p0077	zenodo_4321314	List-342
obi-v03-n0047-ob-p0077	zenodo_4321314	IOB3-236/a BED B 624-2
obi-v03-n0047-ob-p0077	zenodo_4321314	Pl. II 203
obi-v03-n0047-ob-p0077	zenodo_4321314	OBI 3, p. 7
obi-v03-n0047-ob-p0077	zenodo_4321314	List 305
obi-v03-n0047-ob-p0077	zenodo_4321314	UB 1, p. 300
obi-v03-n0048-ob-p0078	zenodo_4321314	BA-116
obi-v03-n0048-ob-p0078	zenodo_4321314	List-343
obi-v03-n0048-ob-p0078	zenodo_4321314	IOB3-236/b BED B 634-3
obi-v03-n0048-ob-p0078	zenodo_4321314	Pl. III 236b
obi-v03-n0048-ob-p0078	zenodo_4321314	OBI 3, p. 78
obi-v03-n0048-ob-p0078	zenodo_4321314	List 343
obi-v03-n0048-ob-p0078	zenodo_4321314	A, p. 116
obi-v03-n0048-ob-p0078	zenodo_4321314	MP, p. 151
obi-v03-n0049-ob-p0079	zenodo_4321314	IUB2-205
obi-v03-n0049-ob-p0079	zenodo_4321314	List 339
obi-v03-n0049-ob-p0079	zenodo_4321314	IOB3-237 BED B 634-4
obi-v03-n0049-ob-p0079	zenodo_4321314	Pl. III 237
obi-v03-n0049-ob-p0079	zenodo_4321314	OBI 3, p. 79
obi-v03-n0049-ob-p0079	zenodo_4321314	List 339
obi-v03-n0049-ob-p0079	zenodo_4321314	UB 2, p. 205
obi-v03-n0050-ob-p0080	zenodo_4321314	BA-114
obi-v03-n0050-ob-p0080	zenodo_4321314	List 340
obi-v03-n0050-ob-p0080	zenodo_4321314	IOB3-238 BED B 634-5
obi-v03-n0050-ob-p0080	zenodo_4321314	Pl. III 238
obi-v03-n0050-ob-p0080	zenodo_4321314	OBI 3, p. 80
obi-v03-n0050-ob-p0080	zenodo_4321314	List 340
obi-v03-n0050-ob-p0080	zenodo_4321314	A, p. 114
obi-v03-n0050-ob-p0080	zenodo_4321314	MP, p. 155
obi-v03-n0051-ob-p0081	zenodo_4321314	IOB4-384 BED B 634-6
obi-v03-n0051-ob-p0081	zenodo_4321314	Pl. IV 384
obi-v03-n0051-ob-p0081	zenodo_4321314	OBI 3, p. 81
obi-v03-n0052-re-p0083	zenodo_4321314	617
obi-v03-n0052-re-p0083	zenodo_4321314	IPPA-255
obi-v03-n0052-re-p0083	zenodo_4321314	List-344/a
obi-v03-n0052-re-p0083	zenodo_4321314	IOB3-239 BED B 635-1
obi-v03-n0052-re-p0083	zenodo_4321314	Pl. III 239
obi-v03-n0052-re-p0083	zenodo_4321314	OBI 3, p. 83
obi-v03-n0052-re-p0083	zenodo_4321314	SIP no. 31, p. 72
obi-v03-n0052-re-p0083	zenodo_4321314	List 344a
obi-v03-n0052-re-p0083	zenodo_4321314	PPA p. 255
obi-v03-n0052-re-p0083	zenodo_4321314	TN, p. 116
obi-v03-n0053-ob-p0085	zenodo_4321314	BA-113,
obi-v03-n0053-ob-p0085	zenodo_4321314	List-335,
obi-v03-n0053-ob-p0085	zenodo_4321314	IOB3-241
obi-v03-n0053-ob-p0085	zenodo_4321314	BA BED B 635-2
obi-v03-n0053-ob-p0085	zenodo_4321314	Pl. III 241
obi-v03-n0053-ob-p0085	zenodo_4321314	OBI 3, p. 85
obi-v03-n0053-ob-p0085	zenodo_4321314	List 335
obi-v03-n0053-ob-p0085	zenodo_4321314	A, p. 113
obi-v03-n0053-ob-p0085	zenodo_4321314	MP 1, p. 159
obi-v03-n0053-ob-p0085	zenodo_4321314	copy List 28 (dated CS 433/ 1071)
obi-v03-n0053-ob-p0085	zenodo_4321314	B 2, p. 887
obi-v03-n0053-ob-p0085	zenodo_4321314	MM 1, no. 13, p. 117
obi-v03-n0054-ob-p0087	zenodo_4321314	IOB3-242 BED B 635-3
obi-v03-n0054-ob-p0087	zenodo_4321314	Pl. III 242
obi-v03-n0054-ob-p0087	zenodo_4321314	OBI 3, p. 87
obi-v03-n0055-ob-p0089	zenodo_4321314	IPPA-277
obi-v03-n0055-ob-p0089	zenodo_4321314	List-345
obi-v03-n0055-ob-p0089	zenodo_4321314	IOB3-243 BED B 624-3
obi-v03-n0055-ob-p0089	zenodo_4321314	Pl. II 204a+b
obi-v03-n0055-ob-p0089	zenodo_4321314	OBI 3, p. 8
obi-v03-n0055-ob-p0089	zenodo_4321314	List 306
obi-v03-n0055-ob-p0089	zenodo_4321314	UB 2, p. 203
obi-v03-n0055-ob-p0089	zenodo_4321314	(not in U Min Hswe)
obi-v03-n0056-ob-p0090	zenodo_4321314	IOB4-385/a BED B 624-4
obi-v03-n0056-ob-p0090	zenodo_4321314	Pl. II 205-206
obi-v03-n0056-ob-p0090	zenodo_4321314	OBI 3, p. 9-11
obi-v03-n0056-ob-p0090	zenodo_4321314	List 307a+b
obi-v03-n0056-ob-p0090	zenodo_4321314	A, p. 103-105
obi-v03-n0056-ob-p0090	zenodo_4321314	MP 2, p. 159
obi-v03-n0056-re-p0091	zenodo_4321314	IOB4-385/b BED B 624-4
obi-v03-n0056-re-p0091	zenodo_4321314	Pl. II 205-206
obi-v03-n0056-re-p0091	zenodo_4321314	OBI 3, p. 9-11
obi-v03-n0056-re-p0091	zenodo_4321314	List 307a+b
obi-v03-n0056-re-p0091	zenodo_4321314	A, p. 103-105
obi-v03-n0056-re-p0091	zenodo_4321314	MP 2, p. 159
obi-v03-n0057-tx-p0092	zenodo_4321314	IPPA-193
obi-v03-n0057-tx-p0092	zenodo_4321314	List-349
obi-v03-n0057-tx-p0092	zenodo_4321314	IOB3-244 BED B 624-4
obi-v03-n0057-tx-p0092	zenodo_4321314	Pl. II 205-206
obi-v03-n0057-tx-p0092	zenodo_4321314	OBI 3, p. 9-11
obi-v03-n0057-tx-p0092	zenodo_4321314	List 307a+b
obi-v03-n0057-tx-p0092	zenodo_4321314	A, p. 103-105
obi-v03-n0057-tx-p0092	zenodo_4321314	MP 2, p. 159
obi-v03-n0058-ob-p0094	zenodo_4321314	IOB3-245/a BED B 636-2
obi-v03-n0058-ob-p0094	zenodo_4321314	Pl. III 245a
obi-v03-n0058-ob-p0094	zenodo_4321314	OBI 3, p. 94
obi-v03-n0058-ob-p0094	zenodo_4321314	copy List 347
obi-v03-n0058-ob-p0094	zenodo_4321314	B 2, p. 927
obi-v03-n0058-ob-p0094	zenodo_4321314	MM 4, no. 58, p. 253
obi-v03-n0059-ob-p0095	zenodo_4321314	IPPA-295
obi-v03-n0059-ob-p0095	zenodo_4321314	List-351
obi-v03-n0059-ob-p0095	zenodo_4321314	IOB3-246 BED B 623-2 & B 636-3
obi-v03-n0059-ob-p0095	zenodo_4321314	Pl. III 246
obi-v03-n0059-ob-p0095	zenodo_4321314	OBI 3, p. 95
obi-v03-n0059-ob-p0095	zenodo_4321314	List 351
obi-v03-n0059-ob-p0095	zenodo_4321314	PPA, p. 295
obi-v03-n0059-ob-p0095	zenodo_4321314	TN, p. 136
obi-v03-n0059-ob-p0095	zenodo_4321314	copies List 402 (second inscr.)
obi-v03-n0059-ob-p0095	zenodo_4321314	B 2, p. 819 (dated CS 636/ 1274) and List 453 (second inscr.)
obi-v03-n0059-ob-p0095	zenodo_4321314	B 2, p. 827 (dated CS 676/1314)
obi-v03-n0059-ob-p0095	zenodo_4321314	MM 4, no. 40, p. 1186 (third inscr.)
obi-v03-n0060-ob-p0097	zenodo_4321314	IPPA-278
obi-v03-n0060-ob-p0097	zenodo_4321314	List-352
obi-v03-n0060-ob-p0097	zenodo_4321314	IOB3-247 BED B 624-4
obi-v03-n0060-ob-p0097	zenodo_4321314	Pl. II 205-206
obi-v03-n0060-ob-p0097	zenodo_4321314	OBI 3, p. 9-11
obi-v03-n0060-ob-p0097	zenodo_4321314	List 307a+b
obi-v03-n0060-ob-p0097	zenodo_4321314	A, p. 103-105
obi-v03-n0060-ob-p0097	zenodo_4321314	MP 2, p. 159
obi-v03-n0061-ob-p0100	zenodo_4321314	IPPA-96-97
obi-v03-n0061-ob-p0100	zenodo_4321314	List-350
obi-v03-n0061-ob-p0100	zenodo_4321314	IOB3-248 BED B 622-4
obi-v03-n0061-ob-p0100	zenodo_4321314	Pl. II 195b
obi-v03-n0061-ob-p0100	zenodo_4321314	OBI 3, p. 1
obi-v03-n0061-ob-p0100	zenodo_4321314	List 302
obi-v03-n0061-ob-p0100	zenodo_4321314	PPA, p. 191
obi-v03-n0061-ob-p0100	zenodo_4321314	TN, p. 91
obi-v03-n0061-ob-p0100	zenodo_4321314	U Min Hswe, no. 18
obi-v03-n0062-ob-p0102	zenodo_4321314	IUB2-206
obi-v03-n0062-ob-p0102	zenodo_4321314	List-355
obi-v03-n0062-ob-p0102	zenodo_4321314	IOB3-245/b BED B 622-4
obi-v03-n0062-ob-p0102	zenodo_4321314	Pl. II 195b
obi-v03-n0062-ob-p0102	zenodo_4321314	OBI 3, p. 1
obi-v03-n0062-ob-p0102	zenodo_4321314	List 302
obi-v03-n0062-ob-p0102	zenodo_4321314	PPA, p. 191
obi-v03-n0062-ob-p0102	zenodo_4321314	TN, p. 91
obi-v03-n0062-ob-p0102	zenodo_4321314	U Min Hswe, no. 18
obi-v03-n0063-ob-p0103	zenodo_4321314	IUB1-213
obi-v03-n0063-ob-p0103	zenodo_4321314	List-354/a
obi-v03-n0063-ob-p0103	zenodo_4321314	IOB3-249 BED B 622-4
obi-v03-n0063-ob-p0103	zenodo_4321314	Pl. II 195b
obi-v03-n0063-ob-p0103	zenodo_4321314	OBI 3, p. 1
obi-v03-n0063-ob-p0103	zenodo_4321314	List 302
obi-v03-n0063-ob-p0103	zenodo_4321314	PPA, p. 191
obi-v03-n0063-ob-p0103	zenodo_4321314	TN, p. 91
obi-v03-n0063-ob-p0103	zenodo_4321314	U Min Hswe, no. 18
obi-v03-n0063-re-p0106	zenodo_4321314	IUB1-216
obi-v03-n0063-re-p0106	zenodo_4321314	List-354/b
obi-v03-n0063-re-p0106	zenodo_4321314	IOB3-250 BED B 622-4
obi-v03-n0063-re-p0106	zenodo_4321314	Pl. II 195b
obi-v03-n0063-re-p0106	zenodo_4321314	OBI 3, p. 1
obi-v03-n0063-re-p0106	zenodo_4321314	List 302
obi-v03-n0063-re-p0106	zenodo_4321314	PPA, p. 191
obi-v03-n0063-re-p0106	zenodo_4321314	TN, p. 91
obi-v03-n0063-re-p0106	zenodo_4321314	U Min Hswe, no. 18
obi-v03-n0064-ob-p0109	zenodo_4321314	IOB3-251 BED B 622-4
obi-v03-n0064-ob-p0109	zenodo_4321314	Pl. II 195b
obi-v03-n0064-ob-p0109	zenodo_4321314	OBI 3, p. 1
obi-v03-n0064-ob-p0109	zenodo_4321314	List 302
obi-v03-n0064-ob-p0109	zenodo_4321314	PPA, p. 191
obi-v03-n0064-ob-p0109	zenodo_4321314	TN, p. 91
obi-v03-n0064-ob-p0109	zenodo_4321314	U Min Hswe, no. 18
obi-v03-n0065-ob-p0109	zenodo_4321314	IOB3-253/b BED B 622-4
obi-v03-n0065-ob-p0109	zenodo_4321314	Pl. II 195b
obi-v03-n0065-ob-p0109	zenodo_4321314	OBI 3, p. 1
obi-v03-n0065-ob-p0109	zenodo_4321314	List 302
obi-v03-n0065-ob-p0109	zenodo_4321314	PPA, p. 191
obi-v03-n0065-ob-p0109	zenodo_4321314	TN, p. 91
obi-v03-n0065-ob-p0109	zenodo_4321314	U Min Hswe, no. 18
obi-v03-n0066-ob-p0110	zenodo_4321314	IUB1-225 & 304
obi-v03-n0066-ob-p0110	zenodo_4321314	List-357/a & 358/a
obi-v03-n0066-ob-p0110	zenodo_4321314	IOB3-252 BED B 622-4
obi-v03-n0066-ob-p0110	zenodo_4321314	Pl. II 195b
obi-v03-n0066-ob-p0110	zenodo_4321314	OBI 3, p. 1
obi-v03-n0066-ob-p0110	zenodo_4321314	List 302
obi-v03-n0066-ob-p0110	zenodo_4321314	PPA, p. 191
obi-v03-n0066-ob-p0110	zenodo_4321314	TN, p. 91
obi-v03-n0066-ob-p0110	zenodo_4321314	U Min Hswe, no. 18
obi-v03-n0066-re-p0111	zenodo_4321314	IUB1-226 & 305
obi-v03-n0066-re-p0111	zenodo_4321314	List-357/b & 358/b
obi-v03-n0066-re-p0111	zenodo_4321314	IOB3-253/a BED B 622-4
obi-v03-n0066-re-p0111	zenodo_4321314	Pl. II 195b
obi-v03-n0066-re-p0111	zenodo_4321314	OBI 3, p. 1
obi-v03-n0066-re-p0111	zenodo_4321314	List 302
obi-v03-n0066-re-p0111	zenodo_4321314	PPA, p. 191
obi-v03-n0066-re-p0111	zenodo_4321314	TN, p. 91
obi-v03-n0066-re-p0111	zenodo_4321314	U Min Hswe, no. 18
obi-v03-n0067-ob-p0112	zenodo_4321314	IOB3-254/a BED B 622-4
obi-v03-n0067-ob-p0112	zenodo_4321314	Pl. II 195b
obi-v03-n0067-ob-p0112	zenodo_4321314	OBI 3, p. 1
obi-v03-n0067-ob-p0112	zenodo_4321314	List 302
obi-v03-n0067-ob-p0112	zenodo_4321314	PPA, p. 191
obi-v03-n0067-ob-p0112	zenodo_4321314	TN, p. 91
obi-v03-n0067-ob-p0112	zenodo_4321314	U Min Hswe, no. 18
obi-v03-n0068-ob-p0113	zenodo_4321314	IPPA-280
obi-v03-n0068-ob-p0113	zenodo_4321314	List-359
obi-v03-n0068-ob-p0113	zenodo_4321314	IOB3-254/b BED B 622-4
obi-v03-n0068-ob-p0113	zenodo_4321314	Pl. II 195b
obi-v03-n0068-ob-p0113	zenodo_4321314	OBI 3, p. 1
obi-v03-n0068-ob-p0113	zenodo_4321314	List 302
obi-v03-n0068-ob-p0113	zenodo_4321314	PPA, p. 191
obi-v03-n0068-ob-p0113	zenodo_4321314	TN, p. 91
obi-v03-n0068-ob-p0113	zenodo_4321314	U Min Hswe, no. 18
obi-v03-n0069-ob-p0114	zenodo_4321314	IOB3- BED B 622-4
obi-v03-n0069-ob-p0114	zenodo_4321314	Pl. II 195b
obi-v03-n0069-ob-p0114	zenodo_4321314	OBI 3, p. 1
obi-v03-n0069-ob-p0114	zenodo_4321314	List 302
obi-v03-n0069-ob-p0114	zenodo_4321314	PPA, p. 191
obi-v03-n0069-ob-p0114	zenodo_4321314	TN, p. 91
obi-v03-n0069-ob-p0114	zenodo_4321314	U Min Hswe, no. 18
obi-v03-n0070-re-p0115	zenodo_4321314	BA-72
obi-v03-n0070-re-p0115	zenodo_4321314	List-368/a
obi-v03-n0070-re-p0115	zenodo_4321314	IOB3-257 BED B 622-4
obi-v03-n0070-re-p0115	zenodo_4321314	Pl. II 195b
obi-v03-n0070-re-p0115	zenodo_4321314	OBI 3, p. 1
obi-v03-n0070-re-p0115	zenodo_4321314	List 302
obi-v03-n0070-re-p0115	zenodo_4321314	PPA, p. 191
obi-v03-n0070-re-p0115	zenodo_4321314	TN, p. 91
obi-v03-n0070-re-p0115	zenodo_4321314	U Min Hswe, no. 18
obi-v03-n0071-ob-p0117	zenodo_4321314	IOB3-258 BED B 622-4
obi-v03-n0071-ob-p0117	zenodo_4321314	Pl. II 195b
obi-v03-n0071-ob-p0117	zenodo_4321314	OBI 3, p. 1
obi-v03-n0071-ob-p0117	zenodo_4321314	List 302
obi-v03-n0071-ob-p0117	zenodo_4321314	PPA, p. 191
obi-v03-n0071-ob-p0117	zenodo_4321314	TN, p. 91
obi-v03-n0071-ob-p0117	zenodo_4321314	U Min Hswe, no. 18
obi-v03-n0072-re-p0119	zenodo_4321314	BA-121
obi-v03-n0072-re-p0119	zenodo_4321314	List-362
obi-v03-n0072-re-p0119	zenodo_4321314	IOB3-259 BED B 622-4
obi-v03-n0072-re-p0119	zenodo_4321314	Pl. II 195b
obi-v03-n0072-re-p0119	zenodo_4321314	OBI 3, p. 1
obi-v03-n0072-re-p0119	zenodo_4321314	List 302
obi-v03-n0072-re-p0119	zenodo_4321314	PPA, p. 191
obi-v03-n0072-re-p0119	zenodo_4321314	TN, p. 91
obi-v03-n0072-re-p0119	zenodo_4321314	U Min Hswe, no. 18
obi-v03-n0073-ob-p0120	zenodo_4321314	IUB1-306-307
obi-v03-n0073-ob-p0120	zenodo_4321314	List 404/a
obi-v03-n0073-ob-p0120	zenodo_4321314	IOB3-289 BED B 622-4
obi-v03-n0073-ob-p0120	zenodo_4321314	Pl. II 195b
obi-v03-n0073-ob-p0120	zenodo_4321314	OBI 3, p. 1
obi-v03-n0073-ob-p0120	zenodo_4321314	List 302
obi-v03-n0073-ob-p0120	zenodo_4321314	PPA, p. 191
obi-v03-n0073-ob-p0120	zenodo_4321314	TN, p. 91
obi-v03-n0073-ob-p0120	zenodo_4321314	U Min Hswe, no. 18
obi-v03-n0074-ob-p0122	zenodo_4321314	IUB1-207
obi-v03-n0074-ob-p0122	zenodo_4321314	List-364
obi-v03-n0074-ob-p0122	zenodo_4321314	IOB3-260 BED B 622-4
obi-v03-n0074-ob-p0122	zenodo_4321314	Pl. II 195b
obi-v03-n0074-ob-p0122	zenodo_4321314	OBI 3, p. 1
obi-v03-n0074-ob-p0122	zenodo_4321314	List 302
obi-v03-n0074-ob-p0122	zenodo_4321314	PPA, p. 191
obi-v03-n0074-ob-p0122	zenodo_4321314	TN, p. 91
obi-v03-n0074-ob-p0122	zenodo_4321314	U Min Hswe, no. 18
obi-v03-n0075-ob-p0123	zenodo_4321314	BA-122
obi-v03-n0075-ob-p0123	zenodo_4321314	List-365
obi-v03-n0075-ob-p0123	zenodo_4321314	IOB3-263 BED B 622-4
obi-v03-n0075-ob-p0123	zenodo_4321314	Pl. II 195b
obi-v03-n0075-ob-p0123	zenodo_4321314	OBI 3, p. 1
obi-v03-n0075-ob-p0123	zenodo_4321314	List 302
obi-v03-n0075-ob-p0123	zenodo_4321314	PPA, p. 191
obi-v03-n0075-ob-p0123	zenodo_4321314	TN, p. 91
obi-v03-n0075-ob-p0123	zenodo_4321314	U Min Hswe, no. 18
obi-v03-n0076-re-p0124	zenodo_4321314	IUB2-207
obi-v03-n0076-re-p0124	zenodo_4321314	List-378/a
obi-v03-n0076-re-p0124	zenodo_4321314	IOB3-265 BED B 622-4
obi-v03-n0076-re-p0124	zenodo_4321314	Pl. II 195b
obi-v03-n0076-re-p0124	zenodo_4321314	OBI 3, p. 1
obi-v03-n0076-re-p0124	zenodo_4321314	List 302
obi-v03-n0076-re-p0124	zenodo_4321314	PPA, p. 191
obi-v03-n0076-re-p0124	zenodo_4321314	TN, p. 91
obi-v03-n0076-re-p0124	zenodo_4321314	U Min Hswe, no. 18
obi-v03-n0077-ob-p0127	zenodo_4321314	IOB3-261 BED B 622-4
obi-v03-n0077-ob-p0127	zenodo_4321314	Pl. II 195b
obi-v03-n0077-ob-p0127	zenodo_4321314	OBI 3, p. 1
obi-v03-n0077-ob-p0127	zenodo_4321314	List 302
obi-v03-n0077-ob-p0127	zenodo_4321314	PPA, p. 191
obi-v03-n0077-ob-p0127	zenodo_4321314	TN, p. 91
obi-v03-n0077-ob-p0127	zenodo_4321314	U Min Hswe, no. 18
obi-v03-n0077-re-p0128	zenodo_4321314	IOB3-262 BED B 622-4
obi-v03-n0077-re-p0128	zenodo_4321314	Pl. II 195b
obi-v03-n0077-re-p0128	zenodo_4321314	OBI 3, p. 1
obi-v03-n0077-re-p0128	zenodo_4321314	List 302
obi-v03-n0077-re-p0128	zenodo_4321314	PPA, p. 191
obi-v03-n0077-re-p0128	zenodo_4321314	TN, p. 91
obi-v03-n0077-re-p0128	zenodo_4321314	U Min Hswe, no. 18
obi-v03-n0078-ob-p0131	zenodo_4321314	IOB3-264 BED B 622-4
obi-v03-n0078-ob-p0131	zenodo_4321314	Pl. II 195b
obi-v03-n0078-ob-p0131	zenodo_4321314	OBI 3, p. 1
obi-v03-n0078-ob-p0131	zenodo_4321314	List 302
obi-v03-n0078-ob-p0131	zenodo_4321314	PPA, p. 191
obi-v03-n0078-ob-p0131	zenodo_4321314	TN, p. 91
obi-v03-n0078-ob-p0131	zenodo_4321314	U Min Hswe, no. 18
obi-v03-n0079-tx-p0132	zenodo_4321314	IUB2-210
obi-v03-n0079-tx-p0132	zenodo_4321314	List-378/c
obi-v03-n0079-tx-p0132	zenodo_4321314	IOB3-266/b BED B 622-4
obi-v03-n0079-tx-p0132	zenodo_4321314	Pl. II 195b
obi-v03-n0079-tx-p0132	zenodo_4321314	OBI 3, p. 1
obi-v03-n0079-tx-p0132	zenodo_4321314	List 302
obi-v03-n0079-tx-p0132	zenodo_4321314	PPA, p. 191
obi-v03-n0079-tx-p0132	zenodo_4321314	TN, p. 91
obi-v03-n0079-tx-p0132	zenodo_4321314	U Min Hswe, no. 18
obi-v03-n0079-tx-p0134	zenodo_4321314	IUB2-212
obi-v03-n0079-tx-p0134	zenodo_4321314	List-378/d
obi-v03-n0079-tx-p0134	zenodo_4321314	IOB3-266/c BED B 622-4
obi-v03-n0079-tx-p0134	zenodo_4321314	Pl. II 195b
obi-v03-n0079-tx-p0134	zenodo_4321314	OBI 3, p. 1
obi-v03-n0079-tx-p0134	zenodo_4321314	List 302
obi-v03-n0079-tx-p0134	zenodo_4321314	PPA, p. 191
obi-v03-n0079-tx-p0134	zenodo_4321314	TN, p. 91
obi-v03-n0079-tx-p0134	zenodo_4321314	U Min Hswe, no. 18
obi-v03-n0080-ob-p0135	zenodo_4321314	BA-124
obi-v03-n0080-ob-p0135	zenodo_4321314	List-370
obi-v03-n0080-ob-p0135	zenodo_4321314	IOB3-267 BED B 622-4
obi-v03-n0080-ob-p0135	zenodo_4321314	Pl. II 195b
obi-v03-n0080-ob-p0135	zenodo_4321314	OBI 3, p. 1
obi-v03-n0080-ob-p0135	zenodo_4321314	List 302
obi-v03-n0080-ob-p0135	zenodo_4321314	PPA, p. 191
obi-v03-n0080-ob-p0135	zenodo_4321314	TN, p. 91
obi-v03-n0080-ob-p0135	zenodo_4321314	U Min Hswe, no. 18
obi-v03-n0081-ob-p0135	zenodo_4321314	IPPA-281
obi-v03-n0081-ob-p0135	zenodo_4321314	List-369
obi-v03-n0081-ob-p0135	zenodo_4321314	IOB3-268 BED B 622-4
obi-v03-n0081-ob-p0135	zenodo_4321314	Pl. II 195b
obi-v03-n0081-ob-p0135	zenodo_4321314	OBI 3, p. 1
obi-v03-n0081-ob-p0135	zenodo_4321314	List 302
obi-v03-n0081-ob-p0135	zenodo_4321314	PPA, p. 191
obi-v03-n0081-ob-p0135	zenodo_4321314	TN, p. 91
obi-v03-n0081-ob-p0135	zenodo_4321314	U Min Hswe, no. 18
obi-v03-n0082-ob-p0138	zenodo_4321314	BA-125
obi-v03-n0082-ob-p0138	zenodo_4321314	List-373/a
obi-v03-n0082-ob-p0138	zenodo_4321314	IOB3-269 BED B 622-4
obi-v03-n0082-ob-p0138	zenodo_4321314	Pl. II 195b
obi-v03-n0082-ob-p0138	zenodo_4321314	OBI 3, p. 1
obi-v03-n0082-ob-p0138	zenodo_4321314	List 302
obi-v03-n0082-ob-p0138	zenodo_4321314	PPA, p. 191
obi-v03-n0082-ob-p0138	zenodo_4321314	TN, p. 91
obi-v03-n0082-ob-p0138	zenodo_4321314	U Min Hswe, no. 18
obi-v03-n0083-ob-p0139	zenodo_4321314	IPPA-283
obi-v03-n0083-ob-p0139	zenodo_4321314	List-374
obi-v03-n0083-ob-p0139	zenodo_4321314	IOB4-421/a BED B 622-4
obi-v03-n0083-ob-p0139	zenodo_4321314	Pl. II 195b
obi-v03-n0083-ob-p0139	zenodo_4321314	OBI 3, p. 1
obi-v03-n0083-ob-p0139	zenodo_4321314	List 302
obi-v03-n0083-ob-p0139	zenodo_4321314	PPA, p. 191
obi-v03-n0083-ob-p0139	zenodo_4321314	TN, p. 91
obi-v03-n0083-ob-p0139	zenodo_4321314	U Min Hswe, no. 18
obi-v03-n0084-ob-p0141	zenodo_4321314	List-376
obi-v03-n0084-ob-p0141	zenodo_4321314	IOB3-271 BED B 622-4
obi-v03-n0084-ob-p0141	zenodo_4321314	Pl. II 195b
obi-v03-n0084-ob-p0141	zenodo_4321314	OBI 3, p. 1
obi-v03-n0084-ob-p0141	zenodo_4321314	List 302
obi-v03-n0084-ob-p0141	zenodo_4321314	PPA, p. 191
obi-v03-n0084-ob-p0141	zenodo_4321314	TN, p. 91
obi-v03-n0084-ob-p0141	zenodo_4321314	U Min Hswe, no. 18
obi-v03-n0085-ob-p0145	zenodo_4321314	RDASB 1962-63 BED B 622-4
obi-v03-n0085-ob-p0145	zenodo_4321314	Pl. II 195b
obi-v03-n0085-ob-p0145	zenodo_4321314	OBI 3, p. 1
obi-v03-n0085-ob-p0145	zenodo_4321314	List 302
obi-v03-n0085-ob-p0145	zenodo_4321314	PPA, p. 191
obi-v03-n0085-ob-p0145	zenodo_4321314	TN, p. 91
obi-v03-n0085-ob-p0145	zenodo_4321314	U Min Hswe, no. 18
obi-v03-n0085-re-p0146	zenodo_4321314	RDASB 1962-63 BED B 622-4
obi-v03-n0085-re-p0146	zenodo_4321314	Pl. II 195b
obi-v03-n0085-re-p0146	zenodo_4321314	OBI 3, p. 1
obi-v03-n0085-re-p0146	zenodo_4321314	List 302
obi-v03-n0085-re-p0146	zenodo_4321314	PPA, p. 191
obi-v03-n0085-re-p0146	zenodo_4321314	TN, p. 91
obi-v03-n0085-re-p0146	zenodo_4321314	U Min Hswe, no. 18
obi-v03-n0086-ob-p0147	zenodo_4321314	BED B 622-4
obi-v03-n0086-ob-p0147	zenodo_4321314	Pl. II 195b
obi-v03-n0086-ob-p0147	zenodo_4321314	OBI 3, p. 1
obi-v03-n0086-ob-p0147	zenodo_4321314	List 302
obi-v03-n0086-ob-p0147	zenodo_4321314	PPA, p. 191
obi-v03-n0086-ob-p0147	zenodo_4321314	TN, p. 91
obi-v03-n0086-ob-p0147	zenodo_4321314	U Min Hswe, no. 18
obi-v03-n0086-re-p0150	zenodo_4321314	IPPA-260
obi-v03-n0086-re-p0150	zenodo_4321314	List-384/b
obi-v03-n0086-re-p0150	zenodo_4321314	IOB3-273 BED B 622-4
obi-v03-n0086-re-p0150	zenodo_4321314	Pl. II 195b
obi-v03-n0086-re-p0150	zenodo_4321314	OBI 3, p. 1
obi-v03-n0086-re-p0150	zenodo_4321314	List 302
obi-v03-n0086-re-p0150	zenodo_4321314	PPA, p. 191
obi-v03-n0086-re-p0150	zenodo_4321314	TN, p. 91
obi-v03-n0086-re-p0150	zenodo_4321314	U Min Hswe, no. 18
obi-v03-n0087-ob-p0152	zenodo_4321314	IPPA-270-271
obi-v03-n0087-ob-p0152	zenodo_4321314	List-383/a
obi-v03-n0087-ob-p0152	zenodo_4321314	IOB3-274 BED B 622-4
obi-v03-n0087-ob-p0152	zenodo_4321314	Pl. II 195b
obi-v03-n0087-ob-p0152	zenodo_4321314	OBI 3, p. 1
obi-v03-n0087-ob-p0152	zenodo_4321314	List 302
obi-v03-n0087-ob-p0152	zenodo_4321314	PPA, p. 191
obi-v03-n0087-ob-p0152	zenodo_4321314	TN, p. 91
obi-v03-n0087-ob-p0152	zenodo_4321314	U Min Hswe, no. 18
obi-v03-n0087-re-p0155	zenodo_4321314	BED B 622-4
obi-v03-n0087-re-p0155	zenodo_4321314	Pl. II 195b
obi-v03-n0087-re-p0155	zenodo_4321314	OBI 3, p. 1
obi-v03-n0087-re-p0155	zenodo_4321314	List 302
obi-v03-n0087-re-p0155	zenodo_4321314	PPA, p. 191
obi-v03-n0087-re-p0155	zenodo_4321314	TN, p. 91
obi-v03-n0087-re-p0155	zenodo_4321314	U Min Hswe, no. 18
obi-v03-n0088-ob-p0158	zenodo_4321314	IPPA-64
obi-v03-n0088-ob-p0158	zenodo_4321314	List-387
obi-v03-n0088-ob-p0158	zenodo_4321314	IOB3-276/a BED B 622-4
obi-v03-n0088-ob-p0158	zenodo_4321314	Pl. II 195b
obi-v03-n0088-ob-p0158	zenodo_4321314	OBI 3, p. 1
obi-v03-n0088-ob-p0158	zenodo_4321314	List 302
obi-v03-n0088-ob-p0158	zenodo_4321314	PPA, p. 191
obi-v03-n0088-ob-p0158	zenodo_4321314	TN, p. 91
obi-v03-n0088-ob-p0158	zenodo_4321314	U Min Hswe, no. 18
obi-v03-n0089-ob-p0159	zenodo_4321314	RDASB 1962-63 BED B 622-4
obi-v03-n0089-ob-p0159	zenodo_4321314	Pl. II 195b
obi-v03-n0089-ob-p0159	zenodo_4321314	OBI 3, p. 1
obi-v03-n0089-ob-p0159	zenodo_4321314	List 302
obi-v03-n0089-ob-p0159	zenodo_4321314	PPA, p. 191
obi-v03-n0089-ob-p0159	zenodo_4321314	TN, p. 91
obi-v03-n0089-ob-p0159	zenodo_4321314	U Min Hswe, no. 18
obi-v03-n0090-ob-p0160	zenodo_4321314	BA-133
obi-v03-n0090-ob-p0160	zenodo_4321314	List-391
obi-v03-n0090-ob-p0160	zenodo_4321314	IOB3-276/b BED B 622-4
obi-v03-n0090-ob-p0160	zenodo_4321314	Pl. II 195b
obi-v03-n0090-ob-p0160	zenodo_4321314	OBI 3, p. 1
obi-v03-n0090-ob-p0160	zenodo_4321314	List 302
obi-v03-n0090-ob-p0160	zenodo_4321314	PPA, p. 191
obi-v03-n0090-ob-p0160	zenodo_4321314	TN, p. 91
obi-v03-n0090-ob-p0160	zenodo_4321314	U Min Hswe, no. 18
obi-v03-n0090-re-p0161	zenodo_4321314	IOB4-389/a BED B 622-4
obi-v03-n0090-re-p0161	zenodo_4321314	Pl. II 195b
obi-v03-n0090-re-p0161	zenodo_4321314	OBI 3, p. 1
obi-v03-n0090-re-p0161	zenodo_4321314	List 302
obi-v03-n0090-re-p0161	zenodo_4321314	PPA, p. 191
obi-v03-n0090-re-p0161	zenodo_4321314	TN, p. 91
obi-v03-n0090-re-p0161	zenodo_4321314	U Min Hswe, no. 18
obi-v03-n0091-ob-p0162	zenodo_4321314	BA-98
obi-v03-n0091-ob-p0162	zenodo_4321314	List-392/a
obi-v03-n0091-ob-p0162	zenodo_4321314	IOB2-196 BED B 622-4
obi-v03-n0091-ob-p0162	zenodo_4321314	Pl. II 195b
obi-v03-n0091-ob-p0162	zenodo_4321314	OBI 3, p. 1
obi-v03-n0091-ob-p0162	zenodo_4321314	List 302
obi-v03-n0091-ob-p0162	zenodo_4321314	PPA, p. 191
obi-v03-n0091-ob-p0162	zenodo_4321314	TN, p. 91
obi-v03-n0091-ob-p0162	zenodo_4321314	U Min Hswe, no. 18
obi-v03-n0091-re-p0164	zenodo_4321314	BA-99
obi-v03-n0091-re-p0164	zenodo_4321314	List-392/b
obi-v03-n0091-re-p0164	zenodo_4321314	IOB3-279 BED B 622-4
obi-v03-n0091-re-p0164	zenodo_4321314	Pl. II 195b
obi-v03-n0091-re-p0164	zenodo_4321314	OBI 3, p. 1
obi-v03-n0091-re-p0164	zenodo_4321314	List 302
obi-v03-n0091-re-p0164	zenodo_4321314	PPA, p. 191
obi-v03-n0091-re-p0164	zenodo_4321314	TN, p. 91
obi-v03-n0091-re-p0164	zenodo_4321314	U Min Hswe, no. 18
obi-v03-n0092-ob-p0167	zenodo_4321314	IUB1-227-228
obi-v03-n0092-ob-p0167	zenodo_4321314	List-389
obi-v03-n0092-ob-p0167	zenodo_4321314	IOB3-227 BED B 622-4
obi-v03-n0092-ob-p0167	zenodo_4321314	Pl. II 195b
obi-v03-n0092-ob-p0167	zenodo_4321314	OBI 3, p. 1
obi-v03-n0092-ob-p0167	zenodo_4321314	List 302
obi-v03-n0092-ob-p0167	zenodo_4321314	PPA, p. 191
obi-v03-n0092-ob-p0167	zenodo_4321314	TN, p. 91
obi-v03-n0092-ob-p0167	zenodo_4321314	U Min Hswe, no. 18
obi-v03-n0093-ob-p0168	zenodo_4321314	BA-169
obi-v03-n0093-ob-p0168	zenodo_4321314	List-458
obi-v03-n0093-ob-p0168	zenodo_4321314	IOB3-389/b BED B 622-4
obi-v03-n0093-ob-p0168	zenodo_4321314	Pl. II 195b
obi-v03-n0093-ob-p0168	zenodo_4321314	OBI 3, p. 1
obi-v03-n0093-ob-p0168	zenodo_4321314	List 302
obi-v03-n0093-ob-p0168	zenodo_4321314	PPA, p. 191
obi-v03-n0093-ob-p0168	zenodo_4321314	TN, p. 91
obi-v03-n0093-ob-p0168	zenodo_4321314	U Min Hswe, no. 18
obi-v03-n0094-ob-p0169	zenodo_4321314	IOB--278 BED B 622-4
obi-v03-n0094-ob-p0169	zenodo_4321314	Pl. II 195b
obi-v03-n0094-ob-p0169	zenodo_4321314	OBI 3, p. 1
obi-v03-n0094-ob-p0169	zenodo_4321314	List 302
obi-v03-n0094-ob-p0169	zenodo_4321314	PPA, p. 191
obi-v03-n0094-ob-p0169	zenodo_4321314	TN, p. 91
obi-v03-n0094-ob-p0169	zenodo_4321314	U Min Hswe, no. 18
obi-v03-n0095-re-p0170	zenodo_4321314	BA-145
obi-v03-n0095-re-p0170	zenodo_4321314	List-410/b
obi-v03-n0095-re-p0170	zenodo_4321314	IOB3-280/a BED B 622-4
obi-v03-n0095-re-p0170	zenodo_4321314	Pl. II 195b
obi-v03-n0095-re-p0170	zenodo_4321314	OBI 3, p. 1
obi-v03-n0095-re-p0170	zenodo_4321314	List 302
obi-v03-n0095-re-p0170	zenodo_4321314	PPA, p. 191
obi-v03-n0095-re-p0170	zenodo_4321314	TN, p. 91
obi-v03-n0095-re-p0170	zenodo_4321314	U Min Hswe, no. 18
obi-v03-n0096-ob-p0171	zenodo_4321314	IOB3-280/b BED B 622-4
obi-v03-n0096-ob-p0171	zenodo_4321314	Pl. II 195b
obi-v03-n0096-ob-p0171	zenodo_4321314	OBI 3, p. 1
obi-v03-n0096-ob-p0171	zenodo_4321314	List 302
obi-v03-n0096-ob-p0171	zenodo_4321314	PPA, p. 191
obi-v03-n0096-ob-p0171	zenodo_4321314	TN, p. 91
obi-v03-n0096-ob-p0171	zenodo_4321314	U Min Hswe, no. 18
obi-v03-n0097-ob-p0172	zenodo_4321314	BA 135
obi-v03-n0097-ob-p0172	zenodo_4321314	List-396
obi-v03-n0097-ob-p0172	zenodo_4321314	IOB3-281/a BED B 622-4
obi-v03-n0097-ob-p0172	zenodo_4321314	Pl. II 195b
obi-v03-n0097-ob-p0172	zenodo_4321314	OBI 3, p. 1
obi-v03-n0097-ob-p0172	zenodo_4321314	List 302
obi-v03-n0097-ob-p0172	zenodo_4321314	PPA, p. 191
obi-v03-n0097-ob-p0172	zenodo_4321314	TN, p. 91
obi-v03-n0097-ob-p0172	zenodo_4321314	U Min Hswe, no. 18
obi-v03-n0098-ob-p0173	zenodo_4321314	IPPA-284
obi-v03-n0098-ob-p0173	zenodo_4321314	List-394
obi-v03-n0098-ob-p0173	zenodo_4321314	IOB3-282 BED B 622-4
obi-v03-n0098-ob-p0173	zenodo_4321314	Pl. II 195b
obi-v03-n0098-ob-p0173	zenodo_4321314	OBI 3, p. 1
obi-v03-n0098-ob-p0173	zenodo_4321314	List 302
obi-v03-n0098-ob-p0173	zenodo_4321314	PPA, p. 191
obi-v03-n0098-ob-p0173	zenodo_4321314	TN, p. 91
obi-v03-n0098-ob-p0173	zenodo_4321314	U Min Hswe, no. 18
obi-v03-n0099-ob-p0174	zenodo_4321314	IPPA-123
obi-v03-n0099-ob-p0174	zenodo_4321314	List-393
obi-v03-n0099-ob-p0174	zenodo_4321314	IOB3-283 BED B 622-4
obi-v03-n0099-ob-p0174	zenodo_4321314	Pl. II 195b
obi-v03-n0099-ob-p0174	zenodo_4321314	OBI 3, p. 1
obi-v03-n0099-ob-p0174	zenodo_4321314	List 302
obi-v03-n0099-ob-p0174	zenodo_4321314	PPA, p. 191
obi-v03-n0099-ob-p0174	zenodo_4321314	TN, p. 91
obi-v03-n0099-ob-p0174	zenodo_4321314	U Min Hswe, no. 18
obi-v03-n0100-ob-p0175	zenodo_4321314	IOB3-281/b BED B 622-4
obi-v03-n0100-ob-p0175	zenodo_4321314	Pl. II 195b
obi-v03-n0100-ob-p0175	zenodo_4321314	OBI 3, p. 1
obi-v03-n0100-ob-p0175	zenodo_4321314	List 302
obi-v03-n0100-ob-p0175	zenodo_4321314	PPA, p. 191
obi-v03-n0100-ob-p0175	zenodo_4321314	TN, p. 91
obi-v03-n0100-ob-p0175	zenodo_4321314	U Min Hswe, no. 18
obi-v03-n0101-re-p0176	zenodo_4321314	IOB4-389/c BED B 622-4
obi-v03-n0101-re-p0176	zenodo_4321314	Pl. II 195b
obi-v03-n0101-re-p0176	zenodo_4321314	OBI 3, p. 1
obi-v03-n0101-re-p0176	zenodo_4321314	List 302
obi-v03-n0101-re-p0176	zenodo_4321314	PPA, p. 191
obi-v03-n0101-re-p0176	zenodo_4321314	TN, p. 91
obi-v03-n0101-re-p0176	zenodo_4321314	U Min Hswe, no. 18
obi-v03-n0102-ob-p0177	zenodo_4321314	IOB3-284/a BED B 622-4
obi-v03-n0102-ob-p0177	zenodo_4321314	Pl. II 195b
obi-v03-n0102-ob-p0177	zenodo_4321314	OBI 3, p. 1
obi-v03-n0102-ob-p0177	zenodo_4321314	List 302
obi-v03-n0102-ob-p0177	zenodo_4321314	PPA, p. 191
obi-v03-n0102-ob-p0177	zenodo_4321314	TN, p. 91
obi-v03-n0102-ob-p0177	zenodo_4321314	U Min Hswe, no. 18
obi-v03-n0102-re-p0178	zenodo_4321314	IOB3-284/b BED B 622-4
obi-v03-n0102-re-p0178	zenodo_4321314	Pl. II 195b
obi-v03-n0102-re-p0178	zenodo_4321314	OBI 3, p. 1
obi-v03-n0102-re-p0178	zenodo_4321314	List 302
obi-v03-n0102-re-p0178	zenodo_4321314	PPA, p. 191
obi-v03-n0102-re-p0178	zenodo_4321314	TN, p. 91
obi-v03-n0102-re-p0178	zenodo_4321314	U Min Hswe, no. 18
obi-v03-n0103-ob-p0179	zenodo_4321314	BA-137-138
obi-v03-n0103-ob-p0179	zenodo_4321314	List-397
obi-v03-n0103-ob-p0179	zenodo_4321314	IOB3-285 BED B 622-4
obi-v03-n0103-ob-p0179	zenodo_4321314	Pl. II 195b
obi-v03-n0103-ob-p0179	zenodo_4321314	OBI 3, p. 1
obi-v03-n0103-ob-p0179	zenodo_4321314	List 302
obi-v03-n0103-ob-p0179	zenodo_4321314	PPA, p. 191
obi-v03-n0103-ob-p0179	zenodo_4321314	TN, p. 91
obi-v03-n0103-ob-p0179	zenodo_4321314	U Min Hswe, no. 18
obi-v03-n0104-ob-p0181	zenodo_4321314	RDASB 1962-63 BED B 622-4
obi-v03-n0104-ob-p0181	zenodo_4321314	Pl. II 195b
obi-v03-n0104-ob-p0181	zenodo_4321314	OBI 3, p. 1
obi-v03-n0104-ob-p0181	zenodo_4321314	List 302
obi-v03-n0104-ob-p0181	zenodo_4321314	PPA, p. 191
obi-v03-n0104-ob-p0181	zenodo_4321314	TN, p. 91
obi-v03-n0104-ob-p0181	zenodo_4321314	U Min Hswe, no. 18
obi-v03-n0104-re-p0182	zenodo_4321314	BED B 622-4
obi-v03-n0104-re-p0182	zenodo_4321314	Pl. II 195b
obi-v03-n0104-re-p0182	zenodo_4321314	OBI 3, p. 1
obi-v03-n0104-re-p0182	zenodo_4321314	List 302
obi-v03-n0104-re-p0182	zenodo_4321314	PPA, p. 191
obi-v03-n0104-re-p0182	zenodo_4321314	TN, p. 91
obi-v03-n0104-re-p0182	zenodo_4321314	U Min Hswe, no. 18
obi-v03-n0105-ob-p0183	zenodo_4321314	IOB4-403/b BED B 622-4
obi-v03-n0105-ob-p0183	zenodo_4321314	Pl. II 195b
obi-v03-n0105-ob-p0183	zenodo_4321314	OBI 3, p. 1
obi-v03-n0105-ob-p0183	zenodo_4321314	List 302
obi-v03-n0105-ob-p0183	zenodo_4321314	PPA, p. 191
obi-v03-n0105-ob-p0183	zenodo_4321314	TN, p. 91
obi-v03-n0105-ob-p0183	zenodo_4321314	U Min Hswe, no. 18
obi-v03-n0106-ob-p0184	zenodo_4321314	BA-85
obi-v03-n0106-ob-p0184	zenodo_4321314	List-274
obi-v03-n0106-ob-p0184	zenodo_4321314	IOB2-161/a BED B 622-4
obi-v03-n0106-ob-p0184	zenodo_4321314	Pl. II 195b
obi-v03-n0106-ob-p0184	zenodo_4321314	OBI 3, p. 1
obi-v03-n0106-ob-p0184	zenodo_4321314	List 302
obi-v03-n0106-ob-p0184	zenodo_4321314	PPA, p. 191
obi-v03-n0106-ob-p0184	zenodo_4321314	TN, p. 91
obi-v03-n0106-ob-p0184	zenodo_4321314	U Min Hswe, no. 18
obi-v03-n0107-ob-p0185	zenodo_4321314	BA-139-140
obi-v03-n0107-ob-p0185	zenodo_4321314	List-400/a/a
obi-v03-n0107-ob-p0185	zenodo_4321314	IOB3-286 BED B 622-4
obi-v03-n0107-ob-p0185	zenodo_4321314	Pl. II 195b
obi-v03-n0107-ob-p0185	zenodo_4321314	OBI 3, p. 1
obi-v03-n0107-ob-p0185	zenodo_4321314	List 302
obi-v03-n0107-ob-p0185	zenodo_4321314	PPA, p. 191
obi-v03-n0107-ob-p0185	zenodo_4321314	TN, p. 91
obi-v03-n0107-ob-p0185	zenodo_4321314	U Min Hswe, no. 18
obi-v03-n0108-ob-p0187	zenodo_4321314	BED B 622-4
obi-v03-n0108-ob-p0187	zenodo_4321314	Pl. II 195b
obi-v03-n0108-ob-p0187	zenodo_4321314	OBI 3, p. 1
obi-v03-n0108-ob-p0187	zenodo_4321314	List 302
obi-v03-n0108-ob-p0187	zenodo_4321314	PPA, p. 191
obi-v03-n0108-ob-p0187	zenodo_4321314	TN, p. 91
obi-v03-n0108-ob-p0187	zenodo_4321314	U Min Hswe, no. 18
obi-v03-n0109-ob-p0187	zenodo_4321314	BA-130
obi-v03-n0109-ob-p0187	zenodo_4321314	List-386
obi-v03-n0109-ob-p0187	zenodo_4321314	IOB3-288 BED B 622-4
obi-v03-n0109-ob-p0187	zenodo_4321314	Pl. II 195b
obi-v03-n0109-ob-p0187	zenodo_4321314	OBI 3, p. 1
obi-v03-n0109-ob-p0187	zenodo_4321314	List 302
obi-v03-n0109-ob-p0187	zenodo_4321314	PPA, p. 191
obi-v03-n0109-ob-p0187	zenodo_4321314	TN, p. 91
obi-v03-n0109-ob-p0187	zenodo_4321314	U Min Hswe, no. 18
obi-v03-n0109-re-p0189	zenodo_4321314	BED B 622-4
obi-v03-n0109-re-p0189	zenodo_4321314	Pl. II 195b
obi-v03-n0109-re-p0189	zenodo_4321314	OBI 3, p. 1
obi-v03-n0109-re-p0189	zenodo_4321314	List 302
obi-v03-n0109-re-p0189	zenodo_4321314	PPA, p. 191
obi-v03-n0109-re-p0189	zenodo_4321314	TN, p. 91
obi-v03-n0109-re-p0189	zenodo_4321314	U Min Hswe, no. 18
obi-v03-n0110-ob-p0190	zenodo_4321314	RDASB 1962-63 BED B 622-4
obi-v03-n0110-ob-p0190	zenodo_4321314	Pl. II 195b
obi-v03-n0110-ob-p0190	zenodo_4321314	OBI 3, p. 1
obi-v03-n0110-ob-p0190	zenodo_4321314	List 302
obi-v03-n0110-ob-p0190	zenodo_4321314	PPA, p. 191
obi-v03-n0110-ob-p0190	zenodo_4321314	TN, p. 91
obi-v03-n0110-ob-p0190	zenodo_4321314	U Min Hswe, no. 18
obi-v03-n0111-re-p0191	zenodo_4321314	IUB1-308
obi-v03-n0111-re-p0191	zenodo_4321314	List-404/b
obi-v03-n0111-re-p0191	zenodo_4321314	IOB3-290/a BED B 622-4
obi-v03-n0111-re-p0191	zenodo_4321314	Pl. II 195b
obi-v03-n0111-re-p0191	zenodo_4321314	OBI 3, p. 1
obi-v03-n0111-re-p0191	zenodo_4321314	List 302
obi-v03-n0111-re-p0191	zenodo_4321314	PPA, p. 191
obi-v03-n0111-re-p0191	zenodo_4321314	TN, p. 91
obi-v03-n0111-re-p0191	zenodo_4321314	U Min Hswe, no. 18
obi-v03-n0112-ob-p0192	zenodo_4321314	IUB1-271
obi-v03-n0112-ob-p0192	zenodo_4321314	List-405
obi-v03-n0112-ob-p0192	zenodo_4321314	IOB3-299 BED B 622-4
obi-v03-n0112-ob-p0192	zenodo_4321314	Pl. II 195b
obi-v03-n0112-ob-p0192	zenodo_4321314	OBI 3, p. 1
obi-v03-n0112-ob-p0192	zenodo_4321314	List 302
obi-v03-n0112-ob-p0192	zenodo_4321314	PPA, p. 191
obi-v03-n0112-ob-p0192	zenodo_4321314	TN, p. 91
obi-v03-n0112-ob-p0192	zenodo_4321314	U Min Hswe, no. 18
obi-v03-n0113-ob-p0193	zenodo_4321314	BA-146
obi-v03-n0113-ob-p0193	zenodo_4321314	List-411
obi-v03-n0113-ob-p0193	zenodo_4321314	IOB3-287/b BED B 622-4
obi-v03-n0113-ob-p0193	zenodo_4321314	Pl. II 195b
obi-v03-n0113-ob-p0193	zenodo_4321314	OBI 3, p. 1
obi-v03-n0113-ob-p0193	zenodo_4321314	List 302
obi-v03-n0113-ob-p0193	zenodo_4321314	PPA, p. 191
obi-v03-n0113-ob-p0193	zenodo_4321314	TN, p. 91
obi-v03-n0113-ob-p0193	zenodo_4321314	U Min Hswe, no. 18
obi-v03-n0114-ob-p0193	zenodo_4321314	IPPA-107
obi-v03-n0114-ob-p0193	zenodo_4321314	List-408
obi-v03-n0114-ob-p0193	zenodo_4321314	IOB3-290/b BED B 622-4
obi-v03-n0114-ob-p0193	zenodo_4321314	Pl. II 195b
obi-v03-n0114-ob-p0193	zenodo_4321314	OBI 3, p. 1
obi-v03-n0114-ob-p0193	zenodo_4321314	List 302
obi-v03-n0114-ob-p0193	zenodo_4321314	PPA, p. 191
obi-v03-n0114-ob-p0193	zenodo_4321314	TN, p. 91
obi-v03-n0114-ob-p0193	zenodo_4321314	U Min Hswe, no. 18
obi-v03-n0115-ob-p0194	zenodo_4321314	IPPA-253-254
obi-v03-n0115-ob-p0194	zenodo_4321314	List-407
obi-v03-n0115-ob-p0194	zenodo_4321314	IOB3-291 BED B 622-4
obi-v03-n0115-ob-p0194	zenodo_4321314	Pl. II 195b
obi-v03-n0115-ob-p0194	zenodo_4321314	OBI 3, p. 1
obi-v03-n0115-ob-p0194	zenodo_4321314	List 302
obi-v03-n0115-ob-p0194	zenodo_4321314	PPA, p. 191
obi-v03-n0115-ob-p0194	zenodo_4321314	TN, p. 91
obi-v03-n0115-ob-p0194	zenodo_4321314	U Min Hswe, no. 18
obi-v03-n0116-ob-p0196	zenodo_4321314	BA-142
obi-v03-n0116-ob-p0196	zenodo_4321314	List-412
obi-v03-n0116-ob-p0196	zenodo_4321314	IOB3-292 BED B 622-4
obi-v03-n0116-ob-p0196	zenodo_4321314	Pl. II 195b
obi-v03-n0116-ob-p0196	zenodo_4321314	OBI 3, p. 1
obi-v03-n0116-ob-p0196	zenodo_4321314	List 302
obi-v03-n0116-ob-p0196	zenodo_4321314	PPA, p. 191
obi-v03-n0116-ob-p0196	zenodo_4321314	TN, p. 91
obi-v03-n0116-ob-p0196	zenodo_4321314	U Min Hswe, no. 18
obi-v03-n0117-ob-p0197	zenodo_4321314	IUB2-254
obi-v03-n0117-ob-p0197	zenodo_4321314	List 406
obi-v03-n0117-ob-p0197	zenodo_4321314	IOB3-293 BED B 622-4
obi-v03-n0117-ob-p0197	zenodo_4321314	Pl. II 195b
obi-v03-n0117-ob-p0197	zenodo_4321314	OBI 3, p. 1
obi-v03-n0117-ob-p0197	zenodo_4321314	List 302
obi-v03-n0117-ob-p0197	zenodo_4321314	PPA, p. 191
obi-v03-n0117-ob-p0197	zenodo_4321314	TN, p. 91
obi-v03-n0117-ob-p0197	zenodo_4321314	U Min Hswe, no. 18
obi-v03-n0118-ob-p0198	zenodo_4321314	IOB3-294 BED B 622-4
obi-v03-n0118-ob-p0198	zenodo_4321314	Pl. II 195b
obi-v03-n0118-ob-p0198	zenodo_4321314	OBI 3, p. 1
obi-v03-n0118-ob-p0198	zenodo_4321314	List 302
obi-v03-n0118-ob-p0198	zenodo_4321314	PPA, p. 191
obi-v03-n0118-ob-p0198	zenodo_4321314	TN, p. 91
obi-v03-n0118-ob-p0198	zenodo_4321314	U Min Hswe, no. 18
obi-v03-n0119-tx-p0202	zenodo_4321314	IOB3-296 & 298/a-b
obi-v03-n0119-tx-p0202	zenodo_4321314	IOB3-297 BED B 622-6
obi-v03-n0119-tx-p0202	zenodo_4321314	Pl. II 198
obi-v03-n0119-tx-p0202	zenodo_4321314	OBI 3, p. 2
obi-v03-n0119-tx-p0202	zenodo_4321314	List 90
obi-v03-n0119-tx-p0202	zenodo_4321314	PPA, p. 55
obi-v03-n0119-tx-p0202	zenodo_4321314	TN, p. 26
obi-v03-n0119-tx-p0202	zenodo_4321314	U Min Hswe, no. 51
obi-v03-n0120-ob-p0204	zenodo_4321314	IOB3-295 BED B 622-6
obi-v03-n0120-ob-p0204	zenodo_4321314	Pl. II 198
obi-v03-n0120-ob-p0204	zenodo_4321314	OBI 3, p. 2
obi-v03-n0120-ob-p0204	zenodo_4321314	List 90
obi-v03-n0120-ob-p0204	zenodo_4321314	PPA, p. 55
obi-v03-n0120-ob-p0204	zenodo_4321314	TN, p. 26
obi-v03-n0120-ob-p0204	zenodo_4321314	U Min Hswe, no. 51
obi-v03-n0121-ob-p0205	zenodo_4321314	BA-147
obi-v03-n0121-ob-p0205	zenodo_4321314	List-418
obi-v03-n0121-ob-p0205	zenodo_4321314	IOB4-394 BED B 622-6
obi-v03-n0121-ob-p0205	zenodo_4321314	Pl. II 198
obi-v03-n0121-ob-p0205	zenodo_4321314	OBI 3, p. 2
obi-v03-n0121-ob-p0205	zenodo_4321314	List 90
obi-v03-n0121-ob-p0205	zenodo_4321314	PPA, p. 55
obi-v03-n0121-ob-p0205	zenodo_4321314	TN, p. 26
obi-v03-n0121-ob-p0205	zenodo_4321314	U Min Hswe, no. 51
obi-v03-n0122-re-p0206	zenodo_4321314	IPPA-293
obi-v03-n0122-re-p0206	zenodo_4321314	List-417
obi-v03-n0122-re-p0206	zenodo_4321314	IOB4-395 BED B 622-6
obi-v03-n0122-re-p0206	zenodo_4321314	Pl. II 198
obi-v03-n0122-re-p0206	zenodo_4321314	OBI 3, p. 2
obi-v03-n0122-re-p0206	zenodo_4321314	List 90
obi-v03-n0122-re-p0206	zenodo_4321314	PPA, p. 55
obi-v03-n0122-re-p0206	zenodo_4321314	TN, p. 26
obi-v03-n0122-re-p0206	zenodo_4321314	U Min Hswe, no. 51
obi-v03-n0123-ob-p0209	zenodo_4321314	IOB4-396/a BED B 622-6
obi-v03-n0123-ob-p0209	zenodo_4321314	Pl. II 198
obi-v03-n0123-ob-p0209	zenodo_4321314	OBI 3, p. 2
obi-v03-n0123-ob-p0209	zenodo_4321314	List 90
obi-v03-n0123-ob-p0209	zenodo_4321314	PPA, p. 55
obi-v03-n0123-ob-p0209	zenodo_4321314	TN, p. 26
obi-v03-n0123-ob-p0209	zenodo_4321314	U Min Hswe, no. 51
obi-v03-n0123-re-p0210	zenodo_4321314	IOB4-396/b BED B 622-6
obi-v03-n0123-re-p0210	zenodo_4321314	Pl. II 198
obi-v03-n0123-re-p0210	zenodo_4321314	OBI 3, p. 2
obi-v03-n0123-re-p0210	zenodo_4321314	List 90
obi-v03-n0123-re-p0210	zenodo_4321314	PPA, p. 55
obi-v03-n0123-re-p0210	zenodo_4321314	TN, p. 26
obi-v03-n0123-re-p0210	zenodo_4321314	U Min Hswe, no. 51
obi-v03-n0124-ob-p0212	zenodo_4321314	IOB4-397/a BED B 622-6
obi-v03-n0124-ob-p0212	zenodo_4321314	Pl. II 198
obi-v03-n0124-ob-p0212	zenodo_4321314	OBI 3, p. 2
obi-v03-n0124-ob-p0212	zenodo_4321314	List 90
obi-v03-n0124-ob-p0212	zenodo_4321314	PPA, p. 55
obi-v03-n0124-ob-p0212	zenodo_4321314	TN, p. 26
obi-v03-n0124-ob-p0212	zenodo_4321314	U Min Hswe, no. 51
obi-v03-n0124-tx-p0213	zenodo_4321314	IOB4-397/b BED B 622-6
obi-v03-n0124-tx-p0213	zenodo_4321314	Pl. II 198
obi-v03-n0124-tx-p0213	zenodo_4321314	OBI 3, p. 2
obi-v03-n0124-tx-p0213	zenodo_4321314	List 90
obi-v03-n0124-tx-p0213	zenodo_4321314	PPA, p. 55
obi-v03-n0124-tx-p0213	zenodo_4321314	TN, p. 26
obi-v03-n0124-tx-p0213	zenodo_4321314	U Min Hswe, no. 51
obi-v03-n0125-ob-p0214	zenodo_4321314	BA-149
obi-v03-n0125-ob-p0214	zenodo_4321314	List-422
obi-v03-n0125-ob-p0214	zenodo_4321314	IOB4-398 BED B 622-6
obi-v03-n0125-ob-p0214	zenodo_4321314	Pl. II 198
obi-v03-n0125-ob-p0214	zenodo_4321314	OBI 3, p. 2
obi-v03-n0125-ob-p0214	zenodo_4321314	List 90
obi-v03-n0125-ob-p0214	zenodo_4321314	PPA, p. 55
obi-v03-n0125-ob-p0214	zenodo_4321314	TN, p. 26
obi-v03-n0125-ob-p0214	zenodo_4321314	U Min Hswe, no. 51
obi-v03-n0126-ob-p0217	zenodo_4321314	IOB4-399/a BED B 622-6
obi-v03-n0126-ob-p0217	zenodo_4321314	Pl. II 198
obi-v03-n0126-ob-p0217	zenodo_4321314	OBI 3, p. 2
obi-v03-n0126-ob-p0217	zenodo_4321314	List 90
obi-v03-n0126-ob-p0217	zenodo_4321314	PPA, p. 55
obi-v03-n0126-ob-p0217	zenodo_4321314	TN, p. 26
obi-v03-n0126-ob-p0217	zenodo_4321314	U Min Hswe, no. 51
obi-v03-n0127-ob-p0218	zenodo_4321314	IOB4-399/b BED B 622-6
obi-v03-n0127-ob-p0218	zenodo_4321314	Pl. II 198
obi-v03-n0127-ob-p0218	zenodo_4321314	OBI 3, p. 2
obi-v03-n0127-ob-p0218	zenodo_4321314	List 90
obi-v03-n0127-ob-p0218	zenodo_4321314	PPA, p. 55
obi-v03-n0127-ob-p0218	zenodo_4321314	TN, p. 26
obi-v03-n0127-ob-p0218	zenodo_4321314	U Min Hswe, no. 51
obi-v03-n0128-ob-p0218	zenodo_4321314	BA-150
obi-v03-n0128-ob-p0218	zenodo_4321314	List-428
obi-v03-n0128-ob-p0218	zenodo_4321314	IOB4-400/a BED B 622-6
obi-v03-n0128-ob-p0218	zenodo_4321314	Pl. II 198
obi-v03-n0128-ob-p0218	zenodo_4321314	OBI 3, p. 2
obi-v03-n0128-ob-p0218	zenodo_4321314	List 90
obi-v03-n0128-ob-p0218	zenodo_4321314	PPA, p. 55
obi-v03-n0128-ob-p0218	zenodo_4321314	TN, p. 26
obi-v03-n0128-ob-p0218	zenodo_4321314	U Min Hswe, no. 51
obi-v03-n0128-re-p0219	zenodo_4321314	IOB4-400/b BED B 622-6
obi-v03-n0128-re-p0219	zenodo_4321314	Pl. II 198
obi-v03-n0128-re-p0219	zenodo_4321314	OBI 3, p. 2
obi-v03-n0128-re-p0219	zenodo_4321314	List 90
obi-v03-n0128-re-p0219	zenodo_4321314	PPA, p. 55
obi-v03-n0128-re-p0219	zenodo_4321314	TN, p. 26
obi-v03-n0128-re-p0219	zenodo_4321314	U Min Hswe, no. 51
obi-v03-n0129-ob-p0220	zenodo_4321314	IOB4-399/c BED B 622-6
obi-v03-n0129-ob-p0220	zenodo_4321314	Pl. II 198
obi-v03-n0129-ob-p0220	zenodo_4321314	OBI 3, p. 2
obi-v03-n0129-ob-p0220	zenodo_4321314	List 90
obi-v03-n0129-ob-p0220	zenodo_4321314	PPA, p. 55
obi-v03-n0129-ob-p0220	zenodo_4321314	TN, p. 26
obi-v03-n0129-ob-p0220	zenodo_4321314	U Min Hswe, no. 51
obi-v03-n0130-ob-p0221	zenodo_4321314	IOB4-399/d BED B 651-1
obi-v03-n0130-ob-p0221	zenodo_4321314	Pl. IV 399a
obi-v03-n0130-ob-p0221	zenodo_4321314	OBI 3, p. 221
obi-v03-n0131-ob-p0222	zenodo_4321314	IOB2-212 BED B 622-8
obi-v03-n0131-ob-p0222	zenodo_4321314	Pl. II 211 (l. 1-28)
obi-v03-n0131-ob-p0222	zenodo_4321314	OBI 3, p. 222
obi-v03-n0131-ob-p0222	zenodo_4321314	U Min Hswe, no. 46
obi-v03-n0132-ob-p0225	zenodo_4321314	BA-151-152
obi-v03-n0132-ob-p0225	zenodo_4321314	List-431
obi-v03-n0132-ob-p0225	zenodo_4321314	IOB4-401 BED B 622-6
obi-v03-n0132-ob-p0225	zenodo_4321314	Pl. II 198
obi-v03-n0132-ob-p0225	zenodo_4321314	OBI 3, p. 2
obi-v03-n0132-ob-p0225	zenodo_4321314	List 90
obi-v03-n0132-ob-p0225	zenodo_4321314	PPA, p. 55
obi-v03-n0132-ob-p0225	zenodo_4321314	TN, p. 26
obi-v03-n0132-ob-p0225	zenodo_4321314	U Min Hswe, no. 51
obi-v03-n0133-ob-p0227	zenodo_4321314	IOB4-403/a BED B 622-6
obi-v03-n0133-ob-p0227	zenodo_4321314	Pl. II 198
obi-v03-n0133-ob-p0227	zenodo_4321314	OBI 3, p. 2
obi-v03-n0133-ob-p0227	zenodo_4321314	List 90
obi-v03-n0133-ob-p0227	zenodo_4321314	PPA, p. 55
obi-v03-n0133-ob-p0227	zenodo_4321314	TN, p. 26
obi-v03-n0133-ob-p0227	zenodo_4321314	U Min Hswe, no. 51
obi-v03-n0134-tx-p0228	zenodo_4321314	IOB4-405/a BED B 622-6
obi-v03-n0134-tx-p0228	zenodo_4321314	Pl. II 198
obi-v03-n0134-tx-p0228	zenodo_4321314	OBI 3, p. 2
obi-v03-n0134-tx-p0228	zenodo_4321314	List 90
obi-v03-n0134-tx-p0228	zenodo_4321314	PPA, p. 55
obi-v03-n0134-tx-p0228	zenodo_4321314	TN, p. 26
obi-v03-n0134-tx-p0228	zenodo_4321314	U Min Hswe, no. 51
obi-v03-n0134-tx-p0229	zenodo_4321314	IOB4-405/b} BED B 622-6
obi-v03-n0134-tx-p0229	zenodo_4321314	Pl. II 198
obi-v03-n0134-tx-p0229	zenodo_4321314	OBI 3, p. 2
obi-v03-n0134-tx-p0229	zenodo_4321314	List 90
obi-v03-n0134-tx-p0229	zenodo_4321314	PPA, p. 55
obi-v03-n0134-tx-p0229	zenodo_4321314	TN, p. 26
obi-v03-n0134-tx-p0229	zenodo_4321314	U Min Hswe, no. 51
obi-v03-n0134-tx-p0230	zenodo_4321314	IOB4-405/c} BED B 622-6
obi-v03-n0134-tx-p0230	zenodo_4321314	Pl. II 198
obi-v03-n0134-tx-p0230	zenodo_4321314	OBI 3, p. 2
obi-v03-n0134-tx-p0230	zenodo_4321314	List 90
obi-v03-n0134-tx-p0230	zenodo_4321314	PPA, p. 55
obi-v03-n0134-tx-p0230	zenodo_4321314	TN, p. 26
obi-v03-n0134-tx-p0230	zenodo_4321314	U Min Hswe, no. 51
obi-v03-n0135-ob-p0230	zenodo_4321314	1962-63-b RDASB BED B 622-6
obi-v03-n0135-ob-p0230	zenodo_4321314	Pl. II 198
obi-v03-n0135-ob-p0230	zenodo_4321314	OBI 3, p. 2
obi-v03-n0135-ob-p0230	zenodo_4321314	List 90
obi-v03-n0135-ob-p0230	zenodo_4321314	PPA, p. 55
obi-v03-n0135-ob-p0230	zenodo_4321314	TN, p. 26
obi-v03-n0135-ob-p0230	zenodo_4321314	U Min Hswe, no. 51
obi-v03-n0136-re-p0232	zenodo_4321314	1962-63 BED B 622-6
obi-v03-n0136-re-p0232	zenodo_4321314	Pl. II 198
obi-v03-n0136-re-p0232	zenodo_4321314	OBI 3, p. 2
obi-v03-n0136-re-p0232	zenodo_4321314	List 90
obi-v03-n0136-re-p0232	zenodo_4321314	PPA, p. 55
obi-v03-n0136-re-p0232	zenodo_4321314	TN, p. 26
obi-v03-n0136-re-p0232	zenodo_4321314	U Min Hswe, no. 51
obi-v03-n0137-ob-p0234	zenodo_4321314	BA-154
obi-v03-n0137-ob-p0234	zenodo_4321314	List-434
obi-v03-n0137-ob-p0234	zenodo_4321314	IOB4-406/a BED B 622-6
obi-v03-n0137-ob-p0234	zenodo_4321314	Pl. II 198
obi-v03-n0137-ob-p0234	zenodo_4321314	OBI 3, p. 2
obi-v03-n0137-ob-p0234	zenodo_4321314	List 90
obi-v03-n0137-ob-p0234	zenodo_4321314	PPA, p. 55
obi-v03-n0137-ob-p0234	zenodo_4321314	TN, p. 26
obi-v03-n0137-ob-p0234	zenodo_4321314	U Min Hswe, no. 51
obi-v03-n0138-ob-p0235	zenodo_4321314	BA-153
obi-v03-n0138-ob-p0235	zenodo_4321314	List-435
obi-v03-n0138-ob-p0235	zenodo_4321314	IOB4-406/b BED B 622-6
obi-v03-n0138-ob-p0235	zenodo_4321314	Pl. II 198
obi-v03-n0138-ob-p0235	zenodo_4321314	OBI 3, p. 2
obi-v03-n0138-ob-p0235	zenodo_4321314	List 90
obi-v03-n0138-ob-p0235	zenodo_4321314	PPA, p. 55
obi-v03-n0138-ob-p0235	zenodo_4321314	TN, p. 26
obi-v03-n0138-ob-p0235	zenodo_4321314	U Min Hswe, no. 51
obi-v03-n0139-re-p0236	zenodo_4321314	IOB4-427/b BED B 622-6
obi-v03-n0139-re-p0236	zenodo_4321314	Pl. II 198
obi-v03-n0139-re-p0236	zenodo_4321314	OBI 3, p. 2
obi-v03-n0139-re-p0236	zenodo_4321314	List 90
obi-v03-n0139-re-p0236	zenodo_4321314	PPA, p. 55
obi-v03-n0139-re-p0236	zenodo_4321314	TN, p. 26
obi-v03-n0139-re-p0236	zenodo_4321314	U Min Hswe, no. 51
obi-v03-n0140-ob-p0237	zenodo_4321314	IOB4-407/b BED B 622-6
obi-v03-n0140-ob-p0237	zenodo_4321314	Pl. II 198
obi-v03-n0140-ob-p0237	zenodo_4321314	OBI 3, p. 2
obi-v03-n0140-ob-p0237	zenodo_4321314	List 90
obi-v03-n0140-ob-p0237	zenodo_4321314	PPA, p. 55
obi-v03-n0140-ob-p0237	zenodo_4321314	TN, p. 26
obi-v03-n0140-ob-p0237	zenodo_4321314	U Min Hswe, no. 51
obi-v03-n0141-ob-p0238	zenodo_4321314	BA-109, 157
obi-v03-n0141-ob-p0238	zenodo_4321314	List-443, 437
obi-v03-n0141-ob-p0238	zenodo_4321314	IOB4-408 BED B 622-6
obi-v03-n0141-ob-p0238	zenodo_4321314	Pl. II 198
obi-v03-n0141-ob-p0238	zenodo_4321314	OBI 3, p. 2
obi-v03-n0141-ob-p0238	zenodo_4321314	List 90
obi-v03-n0141-ob-p0238	zenodo_4321314	PPA, p. 55
obi-v03-n0141-ob-p0238	zenodo_4321314	TN, p. 26
obi-v03-n0141-ob-p0238	zenodo_4321314	U Min Hswe, no. 51
obi-v03-n0142-ob-p0240	zenodo_4321314	BA-156
obi-v03-n0142-ob-p0240	zenodo_4321314	List-438
obi-v03-n0142-ob-p0240	zenodo_4321314	IOB4-409/a BED B 622-6
obi-v03-n0142-ob-p0240	zenodo_4321314	Pl. II 198
obi-v03-n0142-ob-p0240	zenodo_4321314	OBI 3, p. 2
obi-v03-n0142-ob-p0240	zenodo_4321314	List 90
obi-v03-n0142-ob-p0240	zenodo_4321314	PPA, p. 55
obi-v03-n0142-ob-p0240	zenodo_4321314	TN, p. 26
obi-v03-n0142-ob-p0240	zenodo_4321314	U Min Hswe, no. 51
obi-v03-n0142-re-p0241	zenodo_4321314	IOB4-409/b BED B 622-6
obi-v03-n0142-re-p0241	zenodo_4321314	Pl. II 198
obi-v03-n0142-re-p0241	zenodo_4321314	OBI 3, p. 2
obi-v03-n0142-re-p0241	zenodo_4321314	List 90
obi-v03-n0142-re-p0241	zenodo_4321314	PPA, p. 55
obi-v03-n0142-re-p0241	zenodo_4321314	TN, p. 26
obi-v03-n0142-re-p0241	zenodo_4321314	U Min Hswe, no. 51
obi-v03-n0143-ob-p0242	zenodo_4321314	BA-496
obi-v03-n0143-ob-p0242	zenodo_4321314	List-1356
obi-v03-n0143-ob-p0242	zenodo_4321314	IOB4-405/d BED B 622-6
obi-v03-n0143-ob-p0242	zenodo_4321314	Pl. II 198
obi-v03-n0143-ob-p0242	zenodo_4321314	OBI 3, p. 2
obi-v03-n0143-ob-p0242	zenodo_4321314	List 90
obi-v03-n0143-ob-p0242	zenodo_4321314	PPA, p. 55
obi-v03-n0143-ob-p0242	zenodo_4321314	TN, p. 26
obi-v03-n0143-ob-p0242	zenodo_4321314	U Min Hswe, no. 51
obi-v03-n0144-ob-p0243	zenodo_4321314	1962-63-b RDASB BED B 622-6
obi-v03-n0144-ob-p0243	zenodo_4321314	Pl. II 198
obi-v03-n0144-ob-p0243	zenodo_4321314	OBI 3, p. 2
obi-v03-n0144-ob-p0243	zenodo_4321314	List 90
obi-v03-n0144-ob-p0243	zenodo_4321314	PPA, p. 55
obi-v03-n0144-ob-p0243	zenodo_4321314	TN, p. 26
obi-v03-n0144-ob-p0243	zenodo_4321314	U Min Hswe, no. 51
obi-v03-n0145-ob-p0245	zenodo_4321314	IOB4-412/a BED B 622-6
obi-v03-n0145-ob-p0245	zenodo_4321314	Pl. II 198
obi-v03-n0145-ob-p0245	zenodo_4321314	OBI 3, p. 2
obi-v03-n0145-ob-p0245	zenodo_4321314	List 90
obi-v03-n0145-ob-p0245	zenodo_4321314	PPA, p. 55
obi-v03-n0145-ob-p0245	zenodo_4321314	TN, p. 26
obi-v03-n0145-ob-p0245	zenodo_4321314	U Min Hswe, no. 51
obi-v03-n0146-ob-p0246	zenodo_4321314	IOB4-412/b BED B 622-6
obi-v03-n0146-ob-p0246	zenodo_4321314	Pl. II 198
obi-v03-n0146-ob-p0246	zenodo_4321314	OBI 3, p. 2
obi-v03-n0146-ob-p0246	zenodo_4321314	List 90
obi-v03-n0146-ob-p0246	zenodo_4321314	PPA, p. 55
obi-v03-n0146-ob-p0246	zenodo_4321314	TN, p. 26
obi-v03-n0146-ob-p0246	zenodo_4321314	U Min Hswe, no. 51
obi-v03-n0147-ob-p0247	zenodo_4321314	IOB4-413 BED B 622-6
obi-v03-n0147-ob-p0247	zenodo_4321314	Pl. II 198
obi-v03-n0147-ob-p0247	zenodo_4321314	OBI 3, p. 2
obi-v03-n0147-ob-p0247	zenodo_4321314	List 90
obi-v03-n0147-ob-p0247	zenodo_4321314	PPA, p. 55
obi-v03-n0147-ob-p0247	zenodo_4321314	TN, p. 26
obi-v03-n0147-ob-p0247	zenodo_4321314	U Min Hswe, no. 51
obi-v03-n0148-re-p0249	zenodo_4321314	IOB2-207 BED B 622-6
obi-v03-n0148-re-p0249	zenodo_4321314	Pl. II 198
obi-v03-n0148-re-p0249	zenodo_4321314	OBI 3, p. 2
obi-v03-n0148-re-p0249	zenodo_4321314	List 90
obi-v03-n0148-re-p0249	zenodo_4321314	PPA, p. 55
obi-v03-n0148-re-p0249	zenodo_4321314	TN, p. 26
obi-v03-n0148-re-p0249	zenodo_4321314	U Min Hswe, no. 51
obi-v03-n0149-ob-p0251	zenodo_4321314	IOB4-414/a BED B 622-6
obi-v03-n0149-ob-p0251	zenodo_4321314	Pl. II 198
obi-v03-n0149-ob-p0251	zenodo_4321314	OBI 3, p. 2
obi-v03-n0149-ob-p0251	zenodo_4321314	List 90
obi-v03-n0149-ob-p0251	zenodo_4321314	PPA, p. 55
obi-v03-n0149-ob-p0251	zenodo_4321314	TN, p. 26
obi-v03-n0149-ob-p0251	zenodo_4321314	U Min Hswe, no. 51
obi-v03-n0150-ob-p0252	zenodo_4321314	BA-165
obi-v03-n0150-ob-p0252	zenodo_4321314	List-451
obi-v03-n0150-ob-p0252	zenodo_4321314	IOB4-415 BED B 622-6
obi-v03-n0150-ob-p0252	zenodo_4321314	Pl. II 198
obi-v03-n0150-ob-p0252	zenodo_4321314	OBI 3, p. 2
obi-v03-n0150-ob-p0252	zenodo_4321314	List 90
obi-v03-n0150-ob-p0252	zenodo_4321314	PPA, p. 55
obi-v03-n0150-ob-p0252	zenodo_4321314	TN, p. 26
obi-v03-n0150-ob-p0252	zenodo_4321314	U Min Hswe, no. 51
obi-v03-n0151-ob-p0253	zenodo_4321314	BM1-351-352
obi-v03-n0151-ob-p0253	zenodo_4321314	List-448 BED B 622-6
obi-v03-n0151-ob-p0253	zenodo_4321314	Pl. II 198
obi-v03-n0151-ob-p0253	zenodo_4321314	OBI 3, p. 2
obi-v03-n0151-ob-p0253	zenodo_4321314	List 90
obi-v03-n0151-ob-p0253	zenodo_4321314	PPA, p. 55
obi-v03-n0151-ob-p0253	zenodo_4321314	TN, p. 26
obi-v03-n0151-ob-p0253	zenodo_4321314	U Min Hswe, no. 51
obi-v03-n0152-ob-p0254	zenodo_4321314	IOB4-416/a BED B 622-6
obi-v03-n0152-ob-p0254	zenodo_4321314	Pl. II 198
obi-v03-n0152-ob-p0254	zenodo_4321314	OBI 3, p. 2
obi-v03-n0152-ob-p0254	zenodo_4321314	List 90
obi-v03-n0152-ob-p0254	zenodo_4321314	PPA, p. 55
obi-v03-n0152-ob-p0254	zenodo_4321314	TN, p. 26
obi-v03-n0152-ob-p0254	zenodo_4321314	U Min Hswe, no. 51
obi-v03-n0153-ob-p0255	zenodo_4321314	IUB1-269
obi-v03-n0153-ob-p0255	zenodo_4321314	List-379
obi-v03-n0153-ob-p0255	zenodo_4321314	IOB4-417 BED B 622-6
obi-v03-n0153-ob-p0255	zenodo_4321314	Pl. II 198
obi-v03-n0153-ob-p0255	zenodo_4321314	OBI 3, p. 2
obi-v03-n0153-ob-p0255	zenodo_4321314	List 90
obi-v03-n0153-ob-p0255	zenodo_4321314	PPA, p. 55
obi-v03-n0153-ob-p0255	zenodo_4321314	TN, p. 26
obi-v03-n0153-ob-p0255	zenodo_4321314	U Min Hswe, no. 51
obi-v03-n0154-ob-p0257	zenodo_4321314	BA-166-167
obi-v03-n0154-ob-p0257	zenodo_4321314	List-452
obi-v03-n0154-ob-p0257	zenodo_4321314	IOB-418 BED B 622-6
obi-v03-n0154-ob-p0257	zenodo_4321314	Pl. II 198
obi-v03-n0154-ob-p0257	zenodo_4321314	OBI 3, p. 2
obi-v03-n0154-ob-p0257	zenodo_4321314	List 90
obi-v03-n0154-ob-p0257	zenodo_4321314	PPA, p. 55
obi-v03-n0154-ob-p0257	zenodo_4321314	TN, p. 26
obi-v03-n0154-ob-p0257	zenodo_4321314	U Min Hswe, no. 51
obi-v03-n0155-ob-p0259	zenodo_4321314	IOB4-416/b BED B 622-6
obi-v03-n0155-ob-p0259	zenodo_4321314	Pl. II 198
obi-v03-n0155-ob-p0259	zenodo_4321314	OBI 3, p. 2
obi-v03-n0155-ob-p0259	zenodo_4321314	List 90
obi-v03-n0155-ob-p0259	zenodo_4321314	PPA, p. 55
obi-v03-n0155-ob-p0259	zenodo_4321314	TN, p. 26
obi-v03-n0155-ob-p0259	zenodo_4321314	U Min Hswe, no. 51
obi-v03-n0156-ob-p0259	zenodo_4321314	IOB4-416/c BED B 622-6
obi-v03-n0156-ob-p0259	zenodo_4321314	Pl. II 198
obi-v03-n0156-ob-p0259	zenodo_4321314	OBI 3, p. 2
obi-v03-n0156-ob-p0259	zenodo_4321314	List 90
obi-v03-n0156-ob-p0259	zenodo_4321314	PPA, p. 55
obi-v03-n0156-ob-p0259	zenodo_4321314	TN, p. 26
obi-v03-n0156-ob-p0259	zenodo_4321314	U Min Hswe, no. 51
obi-v03-n0157-ob-p0260	zenodo_4321314	BA-170
obi-v03-n0157-ob-p0260	zenodo_4321314	List-457
obi-v03-n0157-ob-p0260	zenodo_4321314	IOB4-419/a BED B 622-6
obi-v03-n0157-ob-p0260	zenodo_4321314	Pl. II 198
obi-v03-n0157-ob-p0260	zenodo_4321314	OBI 3, p. 2
obi-v03-n0157-ob-p0260	zenodo_4321314	List 90
obi-v03-n0157-ob-p0260	zenodo_4321314	PPA, p. 55
obi-v03-n0157-ob-p0260	zenodo_4321314	TN, p. 26
obi-v03-n0157-ob-p0260	zenodo_4321314	U Min Hswe, no. 51
obi-v03-n0158-ob-p0261	zenodo_4321314	IOB4-419/b BED B 622-6
obi-v03-n0158-ob-p0261	zenodo_4321314	Pl. II 198
obi-v03-n0158-ob-p0261	zenodo_4321314	OBI 3, p. 2
obi-v03-n0158-ob-p0261	zenodo_4321314	List 90
obi-v03-n0158-ob-p0261	zenodo_4321314	PPA, p. 55
obi-v03-n0158-ob-p0261	zenodo_4321314	TN, p. 26
obi-v03-n0158-ob-p0261	zenodo_4321314	U Min Hswe, no. 51
obi-v03-n0159-ob-p0264	zenodo_4321314	IOB4-423 BED B 622-6
obi-v03-n0159-ob-p0264	zenodo_4321314	Pl. II 198
obi-v03-n0159-ob-p0264	zenodo_4321314	OBI 3, p. 2
obi-v03-n0159-ob-p0264	zenodo_4321314	List 90
obi-v03-n0159-ob-p0264	zenodo_4321314	PPA, p. 55
obi-v03-n0159-ob-p0264	zenodo_4321314	TN, p. 26
obi-v03-n0159-ob-p0264	zenodo_4321314	U Min Hswe, no. 51
obi-v03-n0159-re-p0268	zenodo_4321314	IOB4-424 BED B 622-6
obi-v03-n0159-re-p0268	zenodo_4321314	Pl. II 198
obi-v03-n0159-re-p0268	zenodo_4321314	OBI 3, p. 2
obi-v03-n0159-re-p0268	zenodo_4321314	List 90
obi-v03-n0159-re-p0268	zenodo_4321314	PPA, p. 55
obi-v03-n0159-re-p0268	zenodo_4321314	TN, p. 26
obi-v03-n0159-re-p0268	zenodo_4321314	U Min Hswe, no. 51
obi-v03-n0160-tx-p0272	zenodo_4321314	IOB3-296-297-198/b
obi-v03-n0160-tx-p0272	zenodo_4321314	IOB3-298/a BED B 622-6
obi-v03-n0160-tx-p0272	zenodo_4321314	Pl. II 198
obi-v03-n0160-tx-p0272	zenodo_4321314	OBI 3, p. 2
obi-v03-n0160-tx-p0272	zenodo_4321314	List 90
obi-v03-n0160-tx-p0272	zenodo_4321314	PPA, p. 55
obi-v03-n0160-tx-p0272	zenodo_4321314	TN, p. 26
obi-v03-n0160-tx-p0272	zenodo_4321314	U Min Hswe, no. 51
obi-v03-n0161-re-p0273	zenodo_4321314	BED B 622-6
obi-v03-n0161-re-p0273	zenodo_4321314	Pl. II 198
obi-v03-n0161-re-p0273	zenodo_4321314	OBI 3, p. 2
obi-v03-n0161-re-p0273	zenodo_4321314	List 90
obi-v03-n0161-re-p0273	zenodo_4321314	PPA, p. 55
obi-v03-n0161-re-p0273	zenodo_4321314	TN, p. 26
obi-v03-n0161-re-p0273	zenodo_4321314	U Min Hswe, no. 51
obi-v03-n0162-ob-p0274	zenodo_4321314	IOB4-425/a BED B 622-6
obi-v03-n0162-ob-p0274	zenodo_4321314	Pl. II 198
obi-v03-n0162-ob-p0274	zenodo_4321314	OBI 3, p. 2
obi-v03-n0162-ob-p0274	zenodo_4321314	List 90
obi-v03-n0162-ob-p0274	zenodo_4321314	PPA, p. 55
obi-v03-n0162-ob-p0274	zenodo_4321314	TN, p. 26
obi-v03-n0162-ob-p0274	zenodo_4321314	U Min Hswe, no. 51
obi-v03-n0163-ob-p0275	zenodo_4321314	IOB4-425/b BED B 622-6
obi-v03-n0163-ob-p0275	zenodo_4321314	Pl. II 198
obi-v03-n0163-ob-p0275	zenodo_4321314	OBI 3, p. 2
obi-v03-n0163-ob-p0275	zenodo_4321314	List 90
obi-v03-n0163-ob-p0275	zenodo_4321314	PPA, p. 55
obi-v03-n0163-ob-p0275	zenodo_4321314	TN, p. 26
obi-v03-n0163-ob-p0275	zenodo_4321314	U Min Hswe, no. 51
obi-v03-n0164-ob-p0276	zenodo_4321314	IOB4-426 BED B 622-6
obi-v03-n0164-ob-p0276	zenodo_4321314	Pl. II 198
obi-v03-n0164-ob-p0276	zenodo_4321314	OBI 3, p. 2
obi-v03-n0164-ob-p0276	zenodo_4321314	List 90
obi-v03-n0164-ob-p0276	zenodo_4321314	PPA, p. 55
obi-v03-n0164-ob-p0276	zenodo_4321314	TN, p. 26
obi-v03-n0164-ob-p0276	zenodo_4321314	U Min Hswe, no. 51
obi-v03-n0165-ob-p0279	zenodo_4321314	IOB5-583 BED B 622-6
obi-v03-n0165-ob-p0279	zenodo_4321314	Pl. II 198
obi-v03-n0165-ob-p0279	zenodo_4321314	OBI 3, p. 2
obi-v03-n0165-ob-p0279	zenodo_4321314	List 90
obi-v03-n0165-ob-p0279	zenodo_4321314	PPA, p. 55
obi-v03-n0165-ob-p0279	zenodo_4321314	TN, p. 26
obi-v03-n0165-ob-p0279	zenodo_4321314	U Min Hswe, no. 51
obi-v03-n0165-re-p0280	zenodo_4321314	IOB5-584 BED B 622-6
obi-v03-n0165-re-p0280	zenodo_4321314	Pl. II 198
obi-v03-n0165-re-p0280	zenodo_4321314	OBI 3, p. 2
obi-v03-n0165-re-p0280	zenodo_4321314	List 90
obi-v03-n0165-re-p0280	zenodo_4321314	PPA, p. 55
obi-v03-n0165-re-p0280	zenodo_4321314	TN, p. 26
obi-v03-n0165-re-p0280	zenodo_4321314	U Min Hswe, no. 51
obi-v03-n0166-ob-p0281	zenodo_4321314	RDASB 1918-19 BED B 622-6
obi-v03-n0166-ob-p0281	zenodo_4321314	Pl. II 198
obi-v03-n0166-ob-p0281	zenodo_4321314	OBI 3, p. 2
obi-v03-n0166-ob-p0281	zenodo_4321314	List 90
obi-v03-n0166-ob-p0281	zenodo_4321314	PPA, p. 55
obi-v03-n0166-ob-p0281	zenodo_4321314	TN, p. 26
obi-v03-n0166-ob-p0281	zenodo_4321314	U Min Hswe, no. 51
obi-v03-n0167-ob-p0282	zenodo_4321314	IOB4-428 BED B 622-6
obi-v03-n0167-ob-p0282	zenodo_4321314	Pl. II 198
obi-v03-n0167-ob-p0282	zenodo_4321314	OBI 3, p. 2
obi-v03-n0167-ob-p0282	zenodo_4321314	List 90
obi-v03-n0167-ob-p0282	zenodo_4321314	PPA, p. 55
obi-v03-n0167-ob-p0282	zenodo_4321314	TN, p. 26
obi-v03-n0167-ob-p0282	zenodo_4321314	U Min Hswe, no. 51
obi-v03-n0168-ob-p0283	zenodo_4321314	IOB4-411 BED B 624-6
obi-v03-n0168-ob-p0283	zenodo_4321314	Pl. IV 411
obi-v03-n0168-ob-p0283	zenodo_4321314	OBI 3, p. 283
obi-v03-n0169-ob-p0285	zenodo_4321314	IOB4-429 BED B 622-6
obi-v03-n0169-ob-p0285	zenodo_4321314	Pl. II 198
obi-v03-n0169-ob-p0285	zenodo_4321314	OBI 3, p. 2
obi-v03-n0169-ob-p0285	zenodo_4321314	List 90
obi-v03-n0169-ob-p0285	zenodo_4321314	PPA, p. 55
obi-v03-n0169-ob-p0285	zenodo_4321314	TN, p. 26
obi-v03-n0169-ob-p0285	zenodo_4321314	U Min Hswe, no. 51
obi-v03-n0169-re-p0287	zenodo_4321314	IOB4-430 BED B 622-6
obi-v03-n0169-re-p0287	zenodo_4321314	Pl. II 198
obi-v03-n0169-re-p0287	zenodo_4321314	OBI 3, p. 2
obi-v03-n0169-re-p0287	zenodo_4321314	List 90
obi-v03-n0169-re-p0287	zenodo_4321314	PPA, p. 55
obi-v03-n0169-re-p0287	zenodo_4321314	TN, p. 26
obi-v03-n0169-re-p0287	zenodo_4321314	U Min Hswe, no. 51
obi-v03-n0170-ob-p0289	zenodo_4321314	RDASB 1958-59 BED B 622-6
obi-v03-n0170-ob-p0289	zenodo_4321314	Pl. II 198
obi-v03-n0170-ob-p0289	zenodo_4321314	OBI 3, p. 2
obi-v03-n0170-ob-p0289	zenodo_4321314	List 90
obi-v03-n0170-ob-p0289	zenodo_4321314	PPA, p. 55
obi-v03-n0170-ob-p0289	zenodo_4321314	TN, p. 26
obi-v03-n0170-ob-p0289	zenodo_4321314	U Min Hswe, no. 51
obi-v03-n0171-ob-p0290	zenodo_4321314	IOB4-431/a BED B 622-6
obi-v03-n0171-ob-p0290	zenodo_4321314	Pl. II 198
obi-v03-n0171-ob-p0290	zenodo_4321314	OBI 3, p. 2
obi-v03-n0171-ob-p0290	zenodo_4321314	List 90
obi-v03-n0171-ob-p0290	zenodo_4321314	PPA, p. 55
obi-v03-n0171-ob-p0290	zenodo_4321314	TN, p. 26
obi-v03-n0171-ob-p0290	zenodo_4321314	U Min Hswe, no. 51
obi-v03-n0171-re-p0291	zenodo_4321314	IOB4-431/b BED B 622-6
obi-v03-n0171-re-p0291	zenodo_4321314	Pl. II 198
obi-v03-n0171-re-p0291	zenodo_4321314	OBI 3, p. 2
obi-v03-n0171-re-p0291	zenodo_4321314	List 90
obi-v03-n0171-re-p0291	zenodo_4321314	PPA, p. 55
obi-v03-n0171-re-p0291	zenodo_4321314	TN, p. 26
obi-v03-n0171-re-p0291	zenodo_4321314	U Min Hswe, no. 51
obi-v03-n0172-re-p0292	zenodo_4321314	IOB2-180 BED B 622-6
obi-v03-n0172-re-p0292	zenodo_4321314	Pl. II 198
obi-v03-n0172-re-p0292	zenodo_4321314	OBI 3, p. 2
obi-v03-n0172-re-p0292	zenodo_4321314	List 90
obi-v03-n0172-re-p0292	zenodo_4321314	PPA, p. 55
obi-v03-n0172-re-p0292	zenodo_4321314	TN, p. 26
obi-v03-n0172-re-p0292	zenodo_4321314	U Min Hswe, no. 51
obi-v03-n0173-ob-p0293	zenodo_4321314	BA-117
obi-v03-n0173-ob-p0293	zenodo_4321314	List-353
obi-v03-n0173-ob-p0293	zenodo_4321314	IOB4-443 BED B 622-6
obi-v03-n0173-ob-p0293	zenodo_4321314	Pl. II 198
obi-v03-n0173-ob-p0293	zenodo_4321314	OBI 3, p. 2
obi-v03-n0173-ob-p0293	zenodo_4321314	List 90
obi-v03-n0173-ob-p0293	zenodo_4321314	PPA, p. 55
obi-v03-n0173-ob-p0293	zenodo_4321314	TN, p. 26
obi-v03-n0173-ob-p0293	zenodo_4321314	U Min Hswe, no. 51
obi-v03-n0173-re-p0295	zenodo_4321314	BA-118
obi-v03-n0173-re-p0295	zenodo_4321314	List-353/b
obi-v03-n0173-re-p0295	zenodo_4321314	IOB4-444/a BED B 622-6
obi-v03-n0173-re-p0295	zenodo_4321314	Pl. II 198
obi-v03-n0173-re-p0295	zenodo_4321314	OBI 3, p. 2
obi-v03-n0173-re-p0295	zenodo_4321314	List 90
obi-v03-n0173-re-p0295	zenodo_4321314	PPA, p. 55
obi-v03-n0173-re-p0295	zenodo_4321314	TN, p. 26
obi-v03-n0173-re-p0295	zenodo_4321314	U Min Hswe, no. 51
obi-v03-n0174-ob-p0296	zenodo_4321314	BA-177
obi-v03-n0174-ob-p0296	zenodo_4321314	List-464
obi-v03-n0174-ob-p0296	zenodo_4321314	IOB4-432/a BED B 622-6
obi-v03-n0174-ob-p0296	zenodo_4321314	Pl. II 198
obi-v03-n0174-ob-p0296	zenodo_4321314	OBI 3, p. 2
obi-v03-n0174-ob-p0296	zenodo_4321314	List 90
obi-v03-n0174-ob-p0296	zenodo_4321314	PPA, p. 55
obi-v03-n0174-ob-p0296	zenodo_4321314	TN, p. 26
obi-v03-n0174-ob-p0296	zenodo_4321314	U Min Hswe, no. 51
obi-v03-n0175-re-p0297	zenodo_4321314	BED B 622-6
obi-v03-n0175-re-p0297	zenodo_4321314	Pl. II 198
obi-v03-n0175-re-p0297	zenodo_4321314	OBI 3, p. 2
obi-v03-n0175-re-p0297	zenodo_4321314	List 90
obi-v03-n0175-re-p0297	zenodo_4321314	PPA, p. 55
obi-v03-n0175-re-p0297	zenodo_4321314	TN, p. 26
obi-v03-n0175-re-p0297	zenodo_4321314	U Min Hswe, no. 51
obi-v03-n0176-ob-p0298	zenodo_4321314	IOB4-414/b BED B 622-6
obi-v03-n0176-ob-p0298	zenodo_4321314	Pl. II 198
obi-v03-n0176-ob-p0298	zenodo_4321314	OBI 3, p. 2
obi-v03-n0176-ob-p0298	zenodo_4321314	List 90
obi-v03-n0176-ob-p0298	zenodo_4321314	PPA, p. 55
obi-v03-n0176-ob-p0298	zenodo_4321314	TN, p. 26
obi-v03-n0176-ob-p0298	zenodo_4321314	U Min Hswe, no. 51
obi-v03-n0177-ob-p0299	zenodo_4321314	IOB4-432/b BED B 622-6
obi-v03-n0177-ob-p0299	zenodo_4321314	Pl. II 198
obi-v03-n0177-ob-p0299	zenodo_4321314	OBI 3, p. 2
obi-v03-n0177-ob-p0299	zenodo_4321314	List 90
obi-v03-n0177-ob-p0299	zenodo_4321314	PPA, p. 55
obi-v03-n0177-ob-p0299	zenodo_4321314	TN, p. 26
obi-v03-n0177-ob-p0299	zenodo_4321314	U Min Hswe, no. 51
obi-v03-n0178-ob-p0299	zenodo_4321314	BA-179
obi-v03-n0178-ob-p0299	zenodo_4321314	List-467
obi-v03-n0178-ob-p0299	zenodo_4321314	IOB4-434/b BED B 622-6
obi-v03-n0178-ob-p0299	zenodo_4321314	Pl. II 198
obi-v03-n0178-ob-p0299	zenodo_4321314	OBI 3, p. 2
obi-v03-n0178-ob-p0299	zenodo_4321314	List 90
obi-v03-n0178-ob-p0299	zenodo_4321314	PPA, p. 55
obi-v03-n0178-ob-p0299	zenodo_4321314	TN, p. 26
obi-v03-n0178-ob-p0299	zenodo_4321314	U Min Hswe, no. 51
obi-v03-n0179-ob-p0300	zenodo_4321314	IOB4-435/a BED B 623-1
obi-v03-n0179-ob-p0300	zenodo_4321314	Pl. II 201b
obi-v03-n0179-ob-p0300	zenodo_4321314	OBI 3, p. 3
obi-v03-n0179-ob-p0300	zenodo_4321314	List 255
obi-v03-n0179-ob-p0300	zenodo_4321314	A, p. 79
obi-v03-n0180-ob-p0301	zenodo_4321314	IOB4-435/b BED B 623-1
obi-v03-n0180-ob-p0301	zenodo_4321314	Pl. II 201b
obi-v03-n0180-ob-p0301	zenodo_4321314	OBI 3, p. 3
obi-v03-n0180-ob-p0301	zenodo_4321314	List 255
obi-v03-n0180-ob-p0301	zenodo_4321314	A, p. 79
obi-v03-n0181-re-p0302	zenodo_4321314	IOB4-436/a BED B 623-1
obi-v03-n0181-re-p0302	zenodo_4321314	Pl. II 201b
obi-v03-n0181-re-p0302	zenodo_4321314	OBI 3, p. 3
obi-v03-n0181-re-p0302	zenodo_4321314	List 255
obi-v03-n0181-re-p0302	zenodo_4321314	A, p. 79
obi-v03-n0182-ob-p0304	zenodo_4321314	IOB4437/a BED B 623-1
obi-v03-n0182-ob-p0304	zenodo_4321314	Pl. II 201b
obi-v03-n0182-ob-p0304	zenodo_4321314	OBI 3, p. 3
obi-v03-n0182-ob-p0304	zenodo_4321314	List 255
obi-v03-n0182-ob-p0304	zenodo_4321314	A, p. 79
obi-v03-n0183-ob-p0305	zenodo_4321314	IOB4-437/b BED B 623-1
obi-v03-n0183-ob-p0305	zenodo_4321314	Pl. II 201b
obi-v03-n0183-ob-p0305	zenodo_4321314	OBI 3, p. 3
obi-v03-n0183-ob-p0305	zenodo_4321314	List 255
obi-v03-n0183-ob-p0305	zenodo_4321314	A, p. 79
obi-v03-n0184-ob-p0306	zenodo_4321314	BA-183
obi-v03-n0184-ob-p0306	zenodo_4321314	List-437
obi-v03-n0184-ob-p0306	zenodo_4321314	IOB4-438/a BED B 623-1
obi-v03-n0184-ob-p0306	zenodo_4321314	Pl. II 201b
obi-v03-n0184-ob-p0306	zenodo_4321314	OBI 3, p. 3
obi-v03-n0184-ob-p0306	zenodo_4321314	List 255
obi-v03-n0184-ob-p0306	zenodo_4321314	A, p. 79
obi-v03-n0185-ob-p0307	zenodo_4321314	IOB4-438/b BED B 623-1
obi-v03-n0185-ob-p0307	zenodo_4321314	Pl. II 201b
obi-v03-n0185-ob-p0307	zenodo_4321314	OBI 3, p. 3
obi-v03-n0185-ob-p0307	zenodo_4321314	List 255
obi-v03-n0185-ob-p0307	zenodo_4321314	A, p. 79
obi-v03-n0186-ob-p0308	zenodo_4321314	IUB1-13-14
obi-v03-n0186-ob-p0308	zenodo_4321314	List-477
obi-v03-n0186-ob-p0308	zenodo_4321314	IOB4-436/b BED B 623-1
obi-v03-n0186-ob-p0308	zenodo_4321314	Pl. II 201b
obi-v03-n0186-ob-p0308	zenodo_4321314	OBI 3, p. 3
obi-v03-n0186-ob-p0308	zenodo_4321314	List 255
obi-v03-n0186-ob-p0308	zenodo_4321314	A, p. 79
obi-v03-n0187-ob-p0310	zenodo_4321314	BED B 623-1
obi-v03-n0187-ob-p0310	zenodo_4321314	Pl. II 201b
obi-v03-n0187-ob-p0310	zenodo_4321314	OBI 3, p. 3
obi-v03-n0187-ob-p0310	zenodo_4321314	List 255
obi-v03-n0187-ob-p0310	zenodo_4321314	A, p. 79
obi-v03-n0188-ob-p0310	zenodo_4321314	IOB4-439/a BED B 623-1
obi-v03-n0188-ob-p0310	zenodo_4321314	Pl. II 201b
obi-v03-n0188-ob-p0310	zenodo_4321314	OBI 3, p. 3
obi-v03-n0188-ob-p0310	zenodo_4321314	List 255
obi-v03-n0188-ob-p0310	zenodo_4321314	A, p. 79
obi-v03-n0188-re-p0311	zenodo_4321314	IOB4-439/b BED B 623-1
obi-v03-n0188-re-p0311	zenodo_4321314	Pl. II 201b
obi-v03-n0188-re-p0311	zenodo_4321314	OBI 3, p. 3
obi-v03-n0188-re-p0311	zenodo_4321314	List 255
obi-v03-n0188-re-p0311	zenodo_4321314	A, p. 79
obi-v03-n0189-tx-p0312	zenodo_4321314	IOB3-296, 297, 298/a
obi-v03-n0189-tx-p0312	zenodo_4321314	IOB3-298/b BED B 623-1
obi-v03-n0189-tx-p0312	zenodo_4321314	Pl. II 201b
obi-v03-n0189-tx-p0312	zenodo_4321314	OBI 3, p. 3
obi-v03-n0189-tx-p0312	zenodo_4321314	List 255
obi-v03-n0189-tx-p0312	zenodo_4321314	A, p. 79
obi-v03-n0190-ob-p0312	zenodo_4321314	IOB4-440/a BED B 623-1
obi-v03-n0190-ob-p0312	zenodo_4321314	Pl. II 201b
obi-v03-n0190-ob-p0312	zenodo_4321314	OBI 3, p. 3
obi-v03-n0190-ob-p0312	zenodo_4321314	List 255
obi-v03-n0190-ob-p0312	zenodo_4321314	A, p. 79
obi-v03-n0191-ob-p0313	zenodo_4321314	IOB4-440/b BED B 623-1
obi-v03-n0191-ob-p0313	zenodo_4321314	Pl. II 201b
obi-v03-n0191-ob-p0313	zenodo_4321314	OBI 3, p. 3
obi-v03-n0191-ob-p0313	zenodo_4321314	List 255
obi-v03-n0191-ob-p0313	zenodo_4321314	A, p. 79
obi-v03-n0191-re-p0314	zenodo_4321314	IOB4-440/c BED B 623-1
obi-v03-n0191-re-p0314	zenodo_4321314	Pl. II 201b
obi-v03-n0191-re-p0314	zenodo_4321314	OBI 3, p. 3
obi-v03-n0191-re-p0314	zenodo_4321314	List 255
obi-v03-n0191-re-p0314	zenodo_4321314	A, p. 79
obi-v03-n0192-ob-p0315	zenodo_4321314	RDASB 1960-61 BED B 623-1
obi-v03-n0192-ob-p0315	zenodo_4321314	Pl. II 201b
obi-v03-n0192-ob-p0315	zenodo_4321314	OBI 3, p. 3
obi-v03-n0192-ob-p0315	zenodo_4321314	List 255
obi-v03-n0192-ob-p0315	zenodo_4321314	A, p. 79
obi-v03-n0193-ob-p0315	zenodo_4321314	IOB4-441/a BED B 623-1
obi-v03-n0193-ob-p0315	zenodo_4321314	Pl. II 201b
obi-v03-n0193-ob-p0315	zenodo_4321314	OBI 3, p. 3
obi-v03-n0193-ob-p0315	zenodo_4321314	List 255
obi-v03-n0193-ob-p0315	zenodo_4321314	A, p. 79
obi-v03-n0194-ob-p0317	zenodo_4321314	BA-184
obi-v03-n0194-ob-p0317	zenodo_4321314	List-478
obi-v03-n0194-ob-p0317	zenodo_4321314	IOB4-442/a BED B 623-1
obi-v03-n0194-ob-p0317	zenodo_4321314	Pl. II 201b
obi-v03-n0194-ob-p0317	zenodo_4321314	OBI 3, p. 3
obi-v03-n0194-ob-p0317	zenodo_4321314	List 255
obi-v03-n0194-ob-p0317	zenodo_4321314	A, p. 79
obi-v03-n0195-ob-p0318	zenodo_4321314	IOB4-442/b BED B 623-1
obi-v03-n0195-ob-p0318	zenodo_4321314	Pl. II 201b
obi-v03-n0195-ob-p0318	zenodo_4321314	OBI 3, p. 3
obi-v03-n0195-ob-p0318	zenodo_4321314	List 255
obi-v03-n0195-ob-p0318	zenodo_4321314	A, p. 79
obi-v03-n0196-ob-p0319	zenodo_4321314	IOB4-445/a BED B 623-1
obi-v03-n0196-ob-p0319	zenodo_4321314	Pl. II 201b
obi-v03-n0196-ob-p0319	zenodo_4321314	OBI 3, p. 3
obi-v03-n0196-ob-p0319	zenodo_4321314	List 255
obi-v03-n0196-ob-p0319	zenodo_4321314	A, p. 79
obi-v03-n0197-ob-p0320	zenodo_4321314	BA-168
obi-v03-n0197-ob-p0320	zenodo_4321314	List-480
obi-v03-n0197-ob-p0320	zenodo_4321314	IOB4-420/a BED B 623-1
obi-v03-n0197-ob-p0320	zenodo_4321314	Pl. II 201b
obi-v03-n0197-ob-p0320	zenodo_4321314	OBI 3, p. 3
obi-v03-n0197-ob-p0320	zenodo_4321314	List 255
obi-v03-n0197-ob-p0320	zenodo_4321314	A, p. 79
obi-v03-n0197-re-p0321	zenodo_4321314	IOB4-420/b BED B 623-1
obi-v03-n0197-re-p0321	zenodo_4321314	Pl. II 201b
obi-v03-n0197-re-p0321	zenodo_4321314	OBI 3, p. 3
obi-v03-n0197-re-p0321	zenodo_4321314	List 255
obi-v03-n0197-re-p0321	zenodo_4321314	A, p. 79
obi-v03-n0198-tx-p0322	zenodo_4321314	IOB4-404 BED B 623-1
obi-v03-n0198-tx-p0322	zenodo_4321314	Pl. II 201b
obi-v03-n0198-tx-p0322	zenodo_4321314	OBI 3, p. 3
obi-v03-n0198-tx-p0322	zenodo_4321314	List 255
obi-v03-n0198-tx-p0322	zenodo_4321314	A, p. 79
obi-v03-n0199-ob-p0324	zenodo_4321314	IOB4-441/b BED B 623-1
obi-v03-n0199-ob-p0324	zenodo_4321314	Pl. II 201b
obi-v03-n0199-ob-p0324	zenodo_4321314	OBI 3, p. 3
obi-v03-n0199-ob-p0324	zenodo_4321314	List 255
obi-v03-n0199-ob-p0324	zenodo_4321314	A, p. 79
obi-v03-n0200-ob-p0325	zenodo_4321314	IOB4-444/b BED B 623-1
obi-v03-n0200-ob-p0325	zenodo_4321314	Pl. II 201b
obi-v03-n0200-ob-p0325	zenodo_4321314	OBI 3, p. 3
obi-v03-n0200-ob-p0325	zenodo_4321314	List 255
obi-v03-n0200-ob-p0325	zenodo_4321314	A, p. 79
obi-v03-n0200-re-p0326	zenodo_4321314	BED B 623-1
obi-v03-n0200-re-p0326	zenodo_4321314	Pl. II 201b
obi-v03-n0200-re-p0326	zenodo_4321314	OBI 3, p. 3
obi-v03-n0200-re-p0326	zenodo_4321314	List 255
obi-v03-n0200-re-p0326	zenodo_4321314	A, p. 79
obi-v03-n0201-ob-p0327	zenodo_4321314	IOB4-445/b BED B 623-1
obi-v03-n0201-ob-p0327	zenodo_4321314	Pl. II 201b
obi-v03-n0201-ob-p0327	zenodo_4321314	OBI 3, p. 3
obi-v03-n0201-ob-p0327	zenodo_4321314	List 255
obi-v03-n0201-ob-p0327	zenodo_4321314	A, p. 79
obi-v03-n0201-re-p0330	zenodo_4321314	IOB4-445/c BED B 623-1
obi-v03-n0201-re-p0330	zenodo_4321314	Pl. II 201b
obi-v03-n0201-re-p0330	zenodo_4321314	OBI 3, p. 3
obi-v03-n0201-re-p0330	zenodo_4321314	List 255
obi-v03-n0201-re-p0330	zenodo_4321314	A, p. 79
obi-v03-n0202-ob-p0330	zenodo_4321314	BA-185
obi-v03-n0202-ob-p0330	zenodo_4321314	List-482
obi-v03-n0202-ob-p0330	zenodo_4321314	IOB-446/a BED B 623-1
obi-v03-n0202-ob-p0330	zenodo_4321314	Pl. II 201b
obi-v03-n0202-ob-p0330	zenodo_4321314	OBI 3, p. 3
obi-v03-n0202-ob-p0330	zenodo_4321314	List 255
obi-v03-n0202-ob-p0330	zenodo_4321314	A, p. 79
obi-v03-n0203-tx-p0331	zenodo_4321314	BA-332
obi-v03-n0203-tx-p0331	zenodo_4321314	List-772
obi-v03-n0203-tx-p0331	zenodo_4321314	IOB4 446/b BED B 623-1
obi-v03-n0203-tx-p0331	zenodo_4321314	Pl. II 201b
obi-v03-n0203-tx-p0331	zenodo_4321314	OBI 3, p. 3
obi-v03-n0203-tx-p0331	zenodo_4321314	List 255
obi-v03-n0203-tx-p0331	zenodo_4321314	A, p. 79
obi-v03-n0204-ob-p0332	zenodo_4321314	IOB4-446/c BED B 623-1
obi-v03-n0204-ob-p0332	zenodo_4321314	Pl. II 201b
obi-v03-n0204-ob-p0332	zenodo_4321314	OBI 3, p. 3
obi-v03-n0204-ob-p0332	zenodo_4321314	List 255
obi-v03-n0204-ob-p0332	zenodo_4321314	A, p. 79
obi-v03-n0205-ob-p0333	zenodo_4321314	IOB4-447 BED B 623-1
obi-v03-n0205-ob-p0333	zenodo_4321314	Pl. II 201b
obi-v03-n0205-ob-p0333	zenodo_4321314	OBI 3, p. 3
obi-v03-n0205-ob-p0333	zenodo_4321314	List 255
obi-v03-n0205-ob-p0333	zenodo_4321314	A, p. 79
obi-v03-n0206-ob-p0335	zenodo_4321314	IOB4-448/a BED B 623-1
obi-v03-n0206-ob-p0335	zenodo_4321314	Pl. II 201b
obi-v03-n0206-ob-p0335	zenodo_4321314	OBI 3, p. 3
obi-v03-n0206-ob-p0335	zenodo_4321314	List 255
obi-v03-n0206-ob-p0335	zenodo_4321314	A, p. 79
obi-v03-n0207-ob-p0336	zenodo_4321314	IOB4-448/b BED B 623-1
obi-v03-n0207-ob-p0336	zenodo_4321314	Pl. II 201b
obi-v03-n0207-ob-p0336	zenodo_4321314	OBI 3, p. 3
obi-v03-n0207-ob-p0336	zenodo_4321314	List 255
obi-v03-n0207-ob-p0336	zenodo_4321314	A, p. 79
obi-v03-n0207-re-p0337	zenodo_4321314	IOB4-448/c BED B 623-1
obi-v03-n0207-re-p0337	zenodo_4321314	Pl. II 201b
obi-v03-n0207-re-p0337	zenodo_4321314	OBI 3, p. 3
obi-v03-n0207-re-p0337	zenodo_4321314	List 255
obi-v03-n0207-re-p0337	zenodo_4321314	A, p. 79
obi-v03-n0208-ob-p0337	zenodo_4321314	IOB4-449 BED B 623-1
obi-v03-n0208-ob-p0337	zenodo_4321314	Pl. II 201b
obi-v03-n0208-ob-p0337	zenodo_4321314	OBI 3, p. 3
obi-v03-n0208-ob-p0337	zenodo_4321314	List 255
obi-v03-n0208-ob-p0337	zenodo_4321314	A, p. 79
obi-v03-n0209-ob-p0339	zenodo_4321314	BED B 623-1
obi-v03-n0209-ob-p0339	zenodo_4321314	Pl. II 201b
obi-v03-n0209-ob-p0339	zenodo_4321314	OBI 3, p. 3
obi-v03-n0209-ob-p0339	zenodo_4321314	List 255
obi-v03-n0209-ob-p0339	zenodo_4321314	A, p. 79
obi-v03-n0209-re-p0341	zenodo_4321314	BED B 623-1
obi-v03-n0209-re-p0341	zenodo_4321314	Pl. II 201b
obi-v03-n0209-re-p0341	zenodo_4321314	OBI 3, p. 3
obi-v03-n0209-re-p0341	zenodo_4321314	List 255
obi-v03-n0209-re-p0341	zenodo_4321314	A, p. 79
obi-v03-n0210-ob-p0341	zenodo_4321314	IOB4-450/a BED B 623-1
obi-v03-n0210-ob-p0341	zenodo_4321314	Pl. II 201b
obi-v03-n0210-ob-p0341	zenodo_4321314	OBI 3, p. 3
obi-v03-n0210-ob-p0341	zenodo_4321314	List 255
obi-v03-n0210-ob-p0341	zenodo_4321314	A, p. 79
obi-v03-n0211-ob-p0342	zenodo_4321314	BA-186
obi-v03-n0211-ob-p0342	zenodo_4321314	List-483
obi-v03-n0211-ob-p0342	zenodo_4321314	IOB4-450/b BED B 623-1
obi-v03-n0211-ob-p0342	zenodo_4321314	Pl. II 201b
obi-v03-n0211-ob-p0342	zenodo_4321314	OBI 3, p. 3
obi-v03-n0211-ob-p0342	zenodo_4321314	List 255
obi-v03-n0211-ob-p0342	zenodo_4321314	A, p. 79
obi-v03-n0212-ob-p0343	zenodo_4321314	IPPA-311-312
obi-v03-n0212-ob-p0343	zenodo_4321314	List-488
obi-v03-n0212-ob-p0343	zenodo_4321314	IOB4-451 BED B 623-1
obi-v03-n0212-ob-p0343	zenodo_4321314	Pl. II 201b
obi-v03-n0212-ob-p0343	zenodo_4321314	OBI 3, p. 3
obi-v03-n0212-ob-p0343	zenodo_4321314	List 255
obi-v03-n0212-ob-p0343	zenodo_4321314	A, p. 79
obi-v03-n0212-re-p0345	zenodo_4321314	IOB4-452/a BED B 623-1
obi-v03-n0212-re-p0345	zenodo_4321314	Pl. II 201b
obi-v03-n0212-re-p0345	zenodo_4321314	OBI 3, p. 3
obi-v03-n0212-re-p0345	zenodo_4321314	List 255
obi-v03-n0212-re-p0345	zenodo_4321314	A, p. 79
obi-v03-n0213-ob-p0345	zenodo_4321314	IUB2-250
obi-v03-n0213-ob-p0345	zenodo_4321314	List 487
obi-v03-n0213-ob-p0345	zenodo_4321314	IOB4-452/b BED B 623-1
obi-v03-n0213-ob-p0345	zenodo_4321314	Pl. II 201b
obi-v03-n0213-ob-p0345	zenodo_4321314	OBI 3, p. 3
obi-v03-n0213-ob-p0345	zenodo_4321314	List 255
obi-v03-n0213-ob-p0345	zenodo_4321314	A, p. 79
obi-v03-n0214-ob-p0347	zenodo_4321314	BA-187
obi-v03-n0214-ob-p0347	zenodo_4321314	List-489
obi-v03-n0214-ob-p0347	zenodo_4321314	IOB4-453/a BED B 623-1
obi-v03-n0214-ob-p0347	zenodo_4321314	Pl. II 201b
obi-v03-n0214-ob-p0347	zenodo_4321314	OBI 3, p. 3
obi-v03-n0214-ob-p0347	zenodo_4321314	List 255
obi-v03-n0214-ob-p0347	zenodo_4321314	A, p. 79
obi-v03-n0215-ob-p0348	zenodo_4321314	IOB4-454/a BED B 623-1
obi-v03-n0215-ob-p0348	zenodo_4321314	Pl. II 201b
obi-v03-n0215-ob-p0348	zenodo_4321314	OBI 3, p. 3
obi-v03-n0215-ob-p0348	zenodo_4321314	List 255
obi-v03-n0215-ob-p0348	zenodo_4321314	A, p. 79
obi-v03-n0215-re-p0350	zenodo_4321314	IOB4-454/b BED B 623-1
obi-v03-n0215-re-p0350	zenodo_4321314	Pl. II 201b
obi-v03-n0215-re-p0350	zenodo_4321314	OBI 3, p. 3
obi-v03-n0215-re-p0350	zenodo_4321314	List 255
obi-v03-n0215-re-p0350	zenodo_4321314	A, p. 79
obi-v03-n0216-ob-p0351	zenodo_4321314	BA-188
obi-v03-n0216-ob-p0351	zenodo_4321314	List-490
obi-v03-n0216-ob-p0351	zenodo_4321314	IOB4-455/a BED B 623-1
obi-v03-n0216-ob-p0351	zenodo_4321314	Pl. II 201b
obi-v03-n0216-ob-p0351	zenodo_4321314	OBI 3, p. 3
obi-v03-n0216-ob-p0351	zenodo_4321314	List 255
obi-v03-n0216-ob-p0351	zenodo_4321314	A, p. 79
obi-v03-n0217-ob-p0353	zenodo_4321314	BED B 623-1
obi-v03-n0217-ob-p0353	zenodo_4321314	Pl. II 201b
obi-v03-n0217-ob-p0353	zenodo_4321314	OBI 3, p. 3
obi-v03-n0217-ob-p0353	zenodo_4321314	List 255
obi-v03-n0217-ob-p0353	zenodo_4321314	A, p. 79
obi-v03-n0218-ob-p0354	zenodo_4321314	IOB3-306/a & IOB5-586/b/c BED B 623-1
obi-v03-n0218-ob-p0354	zenodo_4321314	Pl. II 201b
obi-v03-n0218-ob-p0354	zenodo_4321314	OBI 3, p. 3
obi-v03-n0218-ob-p0354	zenodo_4321314	List 255
obi-v03-n0218-ob-p0354	zenodo_4321314	A, p. 79
obi-v03-n0219-tx-p0355	zenodo_4321314	IOB3-306/b BED B 623-1
obi-v03-n0219-tx-p0355	zenodo_4321314	Pl. II 201b
obi-v03-n0219-tx-p0355	zenodo_4321314	OBI 3, p. 3
obi-v03-n0219-tx-p0355	zenodo_4321314	List 255
obi-v03-n0219-tx-p0355	zenodo_4321314	A, p. 79
obi-v03-n0220-tx-p0356	zenodo_4321314	IOB3-306/c BED B 623-1
obi-v03-n0220-tx-p0356	zenodo_4321314	Pl. II 201b
obi-v03-n0220-tx-p0356	zenodo_4321314	OBI 3, p. 3
obi-v03-n0220-tx-p0356	zenodo_4321314	List 255
obi-v03-n0220-tx-p0356	zenodo_4321314	A, p. 79
obi-v03-n0221-tx-p0356	zenodo_4321314	IOB3-306/d BED B 623-1
obi-v03-n0221-tx-p0356	zenodo_4321314	Pl. II 201b
obi-v03-n0221-tx-p0356	zenodo_4321314	OBI 3, p. 3
obi-v03-n0221-tx-p0356	zenodo_4321314	List 255
obi-v03-n0221-tx-p0356	zenodo_4321314	A, p. 79
obi-v03-n0222-ob-p0357	zenodo_4321314	BA-189
obi-v03-n0222-ob-p0357	zenodo_4321314	List-494
obi-v03-n0222-ob-p0357	zenodo_4321314	IOB4-455/b BED B 623-1
obi-v03-n0222-ob-p0357	zenodo_4321314	Pl. II 201b
obi-v03-n0222-ob-p0357	zenodo_4321314	OBI 3, p. 3
obi-v03-n0222-ob-p0357	zenodo_4321314	List 255
obi-v03-n0222-ob-p0357	zenodo_4321314	A, p. 79
obi-v03-n0223-ob-p0358	zenodo_4321314	BA-190
obi-v03-n0223-ob-p0358	zenodo_4321314	List-493
obi-v03-n0223-ob-p0358	zenodo_4321314	IOB4-456/a BED B 623-1
obi-v03-n0223-ob-p0358	zenodo_4321314	Pl. II 201b
obi-v03-n0223-ob-p0358	zenodo_4321314	OBI 3, p. 3
obi-v03-n0223-ob-p0358	zenodo_4321314	List 255
obi-v03-n0223-ob-p0358	zenodo_4321314	A, p. 79
obi-v03-n0224-ob-p0359	zenodo_4321314	BA-191
obi-v03-n0224-ob-p0359	zenodo_4321314	List-492
obi-v03-n0224-ob-p0359	zenodo_4321314	IOB4-456/b BED B 623-1
obi-v03-n0224-ob-p0359	zenodo_4321314	Pl. II 201b
obi-v03-n0224-ob-p0359	zenodo_4321314	OBI 3, p. 3
obi-v03-n0224-ob-p0359	zenodo_4321314	List 255
obi-v03-n0224-ob-p0359	zenodo_4321314	A, p. 79
obi-v03-n0225-ob-p0360	zenodo_4321314	IOB4-386 BED B 637-5
obi-v03-n0225-ob-p0360	zenodo_4321314	Pl. IV 386 and Pl. IV 387
obi-v03-n0225-ob-p0360	zenodo_4321314	OBI 3, p. 360-361
obi-v03-n0225-re-p0362	zenodo_4321314	IOB4-387/a BED B 623-1
obi-v03-n0225-re-p0362	zenodo_4321314	Pl. II 201b
obi-v03-n0225-re-p0362	zenodo_4321314	OBI 3, p. 3
obi-v03-n0225-re-p0362	zenodo_4321314	List 255
obi-v03-n0225-re-p0362	zenodo_4321314	A, p. 79
obi-v03-n0226-ob-p0363	zenodo_4321314	BA-192
obi-v03-n0226-ob-p0363	zenodo_4321314	List-497
obi-v03-n0226-ob-p0363	zenodo_4321314	IOB4-457/a BED B 623-1
obi-v03-n0226-ob-p0363	zenodo_4321314	Pl. II 201b
obi-v03-n0226-ob-p0363	zenodo_4321314	OBI 3, p. 3
obi-v03-n0226-ob-p0363	zenodo_4321314	List 255
obi-v03-n0226-ob-p0363	zenodo_4321314	A, p. 79
obi-v03-n0227-ob-p0364	zenodo_4321314	IOB4-458 BED B 623-1
obi-v03-n0227-ob-p0364	zenodo_4321314	Pl. II 201b
obi-v03-n0227-ob-p0364	zenodo_4321314	OBI 3, p. 3
obi-v03-n0227-ob-p0364	zenodo_4321314	List 255
obi-v03-n0227-ob-p0364	zenodo_4321314	A, p. 79
obi-v04-n0001-ob-p0001	zenodo_4321314	IOB4-433/a
obi-v04-n0001-re-p0002	zenodo_4321314	IOB4-433/b
obi-v04-n0005-ob-p0007	zenodo_4321314	RDASB 1960-61
obi-v04-n0006-ob-p0008	zenodo_4321314	IOB5-477/a
obi-v04-n0007-re-p0010	zenodo_4321314	RDASB 1961-64
obi-v04-n0008-ob-p0012	zenodo_4321314	BA-194,
obi-v04-n0008-ob-p0012	zenodo_4321314	List-498,
obi-v04-n0008-ob-p0012	zenodo_4321314	IOB4-457/b
obi-v04-n0010-re-p0014	zenodo_4321314	RDASB 62-63
obi-v04-n0011-re-p0015	zenodo_4321314	BA-141
obi-v04-n0011-re-p0015	zenodo_4321314	List-504/b
obi-v04-n0011-re-p0015	zenodo_4321314	IOB--462/b
obi-v04-n0012-ob-p0016	zenodo_4321314	-6-,
obi-v04-n0012-ob-p0016	zenodo_4321314	IOB4-462/a
obi-v04-n0013-ob-p0017	zenodo_4321314	IOB4-460/b
obi-v04-n0014-ob-p0018	zenodo_4321314	IOB4-461/a
obi-v04-n0015-ob-p0019	zenodo_4321314	BA-195,
obi-v04-n0015-ob-p0019	zenodo_4321314	List-503,
obi-v04-n0015-ob-p0019	zenodo_4321314	IOB4-461/b
obi-v04-n0017-ob-p0022	zenodo_4321314	IOB5-467/a
obi-v04-n0018-ob-p0023	zenodo_4321314	IOB5-467/b
obi-v04-n0019-ob-p0024	zenodo_4321314	IUB1-36,
obi-v04-n0019-ob-p0024	zenodo_4321314	List-517/a,
obi-v04-n0019-ob-p0024	zenodo_4321314	IOB5-466/a
obi-v04-n0019-re-p0025	zenodo_4321314	IUB1-37,
obi-v04-n0019-re-p0025	zenodo_4321314	List-517/b,
obi-v04-n0019-re-p0025	zenodo_4321314	IOB5-466/b
obi-v04-n0020-ob-p0026	zenodo_4321314	IOB5-465/a BED B 645-2
obi-v04-n0020-ob-p0026	zenodo_4321314	Pl. IV 465a (l. 1-14)
obi-v04-n0020-ob-p0026	zenodo_4321314	OBI 4, p. 26
obi-v04-n0020-re-p0027	zenodo_4321314	IOB5-465/b
obi-v04-n0021-ob-p0028	zenodo_4321314	BA-197
obi-v04-n0021-ob-p0028	zenodo_4321314	List-515
obi-v04-n0021-ob-p0028	zenodo_4321314	IOB5-464/b
obi-v04-n0022-ob-p0029	zenodo_4321314	IOB5-463 BED B 703-1
obi-v04-n0022-ob-p0029	zenodo_4321314	Pl. V 463
obi-v04-n0022-ob-p0029	zenodo_4321314	OBI 4, p. 29
obi-v04-n0022-ob-p0029	zenodo_4321314	List 512
obi-v04-n0022-ob-p0029	zenodo_4321314	B 1, p. 428
obi-v04-n0024-ob-p0036	zenodo_4321314	BA-106,
obi-v04-n0024-ob-p0036	zenodo_4321314	List-516,
obi-v04-n0024-ob-p0036	zenodo_4321314	IOB5-464/a BED B 703-2
obi-v04-n0024-ob-p0036	zenodo_4321314	Pl. V 464a
obi-v04-n0024-ob-p0036	zenodo_4321314	OBI 4, p. 36
obi-v04-n0024-ob-p0036	zenodo_4321314	List 516
obi-v04-n0024-ob-p0036	zenodo_4321314	A, p. 106
obi-v04-n0026-ob-p0040	zenodo_4321314	BA-202,
obi-v04-n0026-ob-p0040	zenodo_4321314	List-523,
obi-v04-n0026-ob-p0040	zenodo_4321314	IOB5-467/d
obi-v04-n0027-ob-p0041	zenodo_4321314	IOB5-467/c
obi-v04-n0028-ob-p0042	zenodo_4321314	IOB4-459/b
obi-v04-n0029-ob-p0044	zenodo_4321314	IUB1-38-39
obi-v04-n0029-ob-p0044	zenodo_4321314	List-524/a
obi-v04-n0029-ob-p0044	zenodo_4321314	IOB5-469/a
obi-v04-n0029-re-p0046	zenodo_4321314	IUB1-40
obi-v04-n0029-re-p0046	zenodo_4321314	List-524/b
obi-v04-n0029-re-p0046	zenodo_4321314	IOB5-469/b
obi-v04-n0030-ob-p0047	zenodo_4321314	IUB1-309
obi-v04-n0030-ob-p0047	zenodo_4321314	List-525/a--468/a
obi-v04-n0031-ob-p0049	zenodo_4321314	IUB1-33
obi-v04-n0031-ob-p0049	zenodo_4321314	List-506
obi-v04-n0031-ob-p0049	zenodo_4321314	IOB5-470/b
obi-v04-n0032-ob-p0050	zenodo_4321314	IOB5-471
obi-v04-n0032-re-p0052	zenodo_4321314	IOB5-472
obi-v04-n0033-ob-p0054	zenodo_4321314	BA-217
obi-v04-n0033-ob-p0054	zenodo_4321314	List-530
obi-v04-n0033-ob-p0054	zenodo_4321314	IOB5-470/a
obi-v04-n0034-ob-p0055	zenodo_4321314	RDASB 1962-63
obi-v04-n0035-ob-p0056	zenodo_4321314	BA-198-199
obi-v04-n0035-ob-p0056	zenodo_4321314	List-532/a
obi-v04-n0035-ob-p0056	zenodo_4321314	IOB5-474
obi-v04-n0035-re-p0058	zenodo_4321314	BA-200
obi-v04-n0035-re-p0058	zenodo_4321314	List-535/b
obi-v04-n0035-re-p0058	zenodo_4321314	IOB5-475
obi-v04-n0036-re-p0059	zenodo_4321314	IPPA 137-138
obi-v04-n0036-re-p0059	zenodo_4321314	List 533
obi-v04-n0036-re-p0059	zenodo_4321314	IOB5-
obi-v04-n0037-ob-p0061	zenodo_4321314	IOB4-458
obi-v04-n0038-ob-p0062	zenodo_4321314	IOB5-478
obi-v04-n0039-ob-p0064	zenodo_4321314	IUB2-135
obi-v04-n0039-ob-p0064	zenodo_4321314	List-92/b
obi-v04-n0039-ob-p0064	zenodo_4321314	IOB5-479 BED B 578-5
obi-v04-n0039-ob-p0064	zenodo_4321314	Pl. V 479 (l. 21-30)
obi-v04-n0039-ob-p0064	zenodo_4321314	OBI 4, p. 64
obi-v04-n0039-ob-p0064	zenodo_4321314	List 92b
obi-v04-n0039-ob-p0064	zenodo_4321314	UB 2, p. 135
obi-v04-n0039-re-p0065	zenodo_4321314	IUB2-134
obi-v04-n0039-re-p0065	zenodo_4321314	List-92/a
obi-v04-n0039-re-p0065	zenodo_4321314	IOB5-480/a BED B 565-1
obi-v04-n0039-re-p0065	zenodo_4321314	Pl. IV 479 (l. 1-20)
obi-v04-n0039-re-p0065	zenodo_4321314	OBI 4, p. 64
obi-v04-n0039-re-p0065	zenodo_4321314	List 92b
obi-v04-n0039-re-p0065	zenodo_4321314	UB 2, 135
obi-v04-n0039-re-p0065	zenodo_4321314	Pl. V 480a
obi-v04-n0039-re-p0065	zenodo_4321314	OBI 4, p. 65
obi-v04-n0039-re-p0065	zenodo_4321314	List 92a
obi-v04-n0039-re-p0065	zenodo_4321314	UB 2, p. 134
obi-v04-n0039-re-p0065	zenodo_4321314	copy List 163 (162?)
obi-v04-n0039-re-p0065	zenodo_4321314	B 2, p. 554
obi-v04-n0039-tx-p0067	zenodo_4321314	IOB5-480/c
obi-v04-n0042-re-p0071	zenodo_4321314	BA-164
obi-v04-n0042-re-p0071	zenodo_4321314	List 536/b
obi-v04-n0042-re-p0071	zenodo_4321314	IOB5-483/b
obi-v04-n0044-ob-p0073	zenodo_4321314	IOB5-481/a BED B 635-6
obi-v04-n0044-ob-p0073	zenodo_4321314	Pl. V 481a
obi-v04-n0044-ob-p0073	zenodo_4321314	OBI 4, p. 73
obi-v04-n0045-re-p0074	zenodo_4321314	BA-82
obi-v04-n0045-re-p0074	zenodo_4321314	List-264/b
obi-v04-n0045-re-p0074	zenodo_4321314	IOB5-482/a
obi-v04-n0047-ob-p0076	zenodo_4321314	IOB5-485/b
obi-v04-n0048-ob-p0077	zenodo_4321314	BA-193
obi-v04-n0048-ob-p0077	zenodo_4321314	List-499
obi-v04-n0048-ob-p0077	zenodo_4321314	IOB5-485/a
obi-v04-n0049-ob-p0079	zenodo_4321314	BA-209
obi-v04-n0049-ob-p0079	zenodo_4321314	List-538
obi-v04-n0049-ob-p0079	zenodo_4321314	IOB5-482/b
obi-v04-n0050-ob-p0080	zenodo_4321314	3 ,
obi-v04-n0050-ob-p0080	zenodo_4321314	RDASB 1969-70
obi-v04-n0051-ob-p0081	zenodo_4321314	BED B 711-1
obi-v04-n0051-ob-p0081	zenodo_4321314	OBI 4, p. 81
obi-v04-n0052-ob-p0082	zenodo_4321314	BA-215
obi-v04-n0052-ob-p0082	zenodo_4321314	List-550
obi-v04-n0052-ob-p0082	zenodo_4321314	IOB5-486/b
obi-v04-n0054-ob-p0084	zenodo_4321314	IOB5-488/a
obi-v04-n0055-ob-p0085	zenodo_4321314	IOB5-491
obi-v04-n0056-ob-p0086	zenodo_4321314	IOB5-587/b
obi-v04-n0057-ob-p0087	zenodo_4321314	IOB5-499/d
obi-v04-n0058-ob-p0088	zenodo_4321314	IOB5-477/b
obi-v04-n0059-ob-p0089	zenodo_4321314	IUB1-47
obi-v04-n0059-ob-p0089	zenodo_4321314	List-564/a
obi-v04-n0059-ob-p0089	zenodo_4321314	IOB5-497
obi-v04-n0059-re-p0090	zenodo_4321314	IUB1-49
obi-v04-n0059-re-p0090	zenodo_4321314	List-564/b
obi-v04-n0059-re-p0090	zenodo_4321314	IOB5498 9
obi-v04-n0060-ob-p0092	zenodo_4321314	BA-228 & 582
obi-v04-n0060-ob-p0092	zenodo_4321314	List 563 & 1436
obi-v04-n0060-ob-p0092	zenodo_4321314	IOB5-499/b
obi-v04-n0062-ob-p0095	zenodo_4321314	BA-229
obi-v04-n0062-ob-p0095	zenodo_4321314	List-56
obi-v04-n0062-ob-p0095	zenodo_4321314	IOB5-499/a
obi-v04-n0063-ob-p0096	zenodo_4321314	IOB5-499/c
obi-v04-n0064-ob-p0097	zenodo_4321314	BA-162
obi-v04-n0064-ob-p0097	zenodo_4321314	List-569
obi-v04-n0064-ob-p0097	zenodo_4321314	IOB5-501
obi-v04-n0064-re-p0098	zenodo_4321314	BA-487
obi-v04-n0064-re-p0098	zenodo_4321314	List-1347
obi-v04-n0064-re-p0098	zenodo_4321314	IOB5-502
obi-v04-n0065-re-p0101	zenodo_4321314	IUB1-52,
obi-v04-n0065-re-p0101	zenodo_4321314	List-565/b,
obi-v04-n0065-re-p0101	zenodo_4321314	IOB5-512/b
obi-v04-n0066-ob-p0102	zenodo_4321314	RDASB 1938-39
obi-v04-n0066-ob-p0102	zenodo_4321314	IOB5-509 BED B 628-9
obi-v04-n0066-ob-p0102	zenodo_4321314	Pl. V 509
obi-v04-n0066-ob-p0102	zenodo_4321314	OBI 4, p. 102
obi-v04-n0066-re-p0105	zenodo_4321314	RDASB 1938-39
obi-v04-n0066-re-p0105	zenodo_4321314	IOB5-510
obi-v04-n0068-ob-p0108	zenodo_4321314	BA-244
obi-v04-n0068-ob-p0108	zenodo_4321314	List-585
obi-v04-n0068-ob-p0108	zenodo_4321314	IOB5-514/a
obi-v04-n0068-re-p0108	zenodo_4321314	IOB5-514/b
obi-v04-n0069-ob-p0109	zenodo_4321314	IOB5-517/a
obi-v04-n0070-ob-p0110	zenodo_4321314	RDASB 1963-64
obi-v04-n0072-ob-p0112	zenodo_4321314	IOB5-473/a
obi-v04-n0072-re-p0113	zenodo_4321314	BA-545
obi-v04-n0072-re-p0113	zenodo_4321314	List-1399
obi-v04-n0072-re-p0113	zenodo_4321314	IOB5-473/b
obi-v04-n0073-ob-p0114	zenodo_4321314	IOB5-524/a
obi-v04-n0073-re-p0115	zenodo_4321314	IOB5-524/b
obi-v04-n0074-ob-p0117	zenodo_4321314	IPPA-341
obi-v04-n0074-ob-p0117	zenodo_4321314	List-599
obi-v04-n0074-ob-p0117	zenodo_4321314	IOB5-525/b
obi-v04-n0075-ob-p0118	zenodo_4321314	BA-254
obi-v04-n0075-ob-p0118	zenodo_4321314	List-598
obi-v04-n0075-ob-p0118	zenodo_4321314	IOB5-525/a
obi-v04-n0077-ob-p0121	zenodo_4321314	RDASB 1964-65
obi-v04-n0078-ob-p0121	zenodo_4321314	IOB5-530
obi-v04-n0079-ob-p0123	zenodo_4321314	1963-64-b RDASB
obi-v04-n0080-tx-p0124	zenodo_4321314	BA-574-227
obi-v04-n0080-tx-p0124	zenodo_4321314	List-1248-555
obi-v04-n0080-tx-p0124	zenodo_4321314	IOB5-590
obi-v04-n0081-ob-p0126	zenodo_4321314	RDASB 1961-62
obi-v04-n0082-ob-p0127	zenodo_4321314	IOB5-591/a
obi-v04-n0082-re-p0128	zenodo_4321314	IOB5-591/b
obi-v04-n0083-ob-p0129	zenodo_4321314	IOB5-542
obi-v04-n0084-tx-p0130	zenodo_4321314	BA-270
obi-v04-n0084-tx-p0130	zenodo_4321314	List 634/a
obi-v04-n0084-tx-p0130	zenodo_4321314	IOB5-541/a
obi-v04-n0084-tx-p0131	zenodo_4321314	BA-274
obi-v04-n0084-tx-p0131	zenodo_4321314	List 634/d
obi-v04-n0084-tx-p0131	zenodo_4321314	IOB5-541/d
obi-v04-n0084-tx-p0132	zenodo_4321314	BA-271-272
obi-v04-n0084-tx-p0132	zenodo_4321314	List-634/b
obi-v04-n0084-tx-p0132	zenodo_4321314	IOB5-541/b
obi-v04-n0084-tx-p0133	zenodo_4321314	BA-273
obi-v04-n0084-tx-p0133	zenodo_4321314	List-634/c
obi-v04-n0084-tx-p0133	zenodo_4321314	IOB5-541/c
obi-v04-n0085-ob-p0135	zenodo_4321314	IOB5-542
obi-v04-n0086-ob-p0136	zenodo_4321314	IOB5-544/a
obi-v04-n0087-ob-p0138	zenodo_4321314	-2
obi-v04-n0087-ob-p0138	zenodo_4321314	BA-357
obi-v04-n0087-ob-p0138	zenodo_4321314	List-821
obi-v04-n0087-ob-p0138	zenodo_4321314	IOB5-592/a
obi-v04-n0089-ob-p0140	zenodo_4321314	IUB1BM1--84
obi-v04-n0089-ob-p0140	zenodo_4321314	IUB1-34-35
obi-v04-n0089-ob-p0140	zenodo_4321314	List-535
obi-v04-n0089-ob-p0140	zenodo_4321314	BM1-183-184
obi-v04-n0089-ob-p0140	zenodo_4321314	List 638
obi-v04-n0089-ob-p0140	zenodo_4321314	IOB5-545/a
obi-v04-n0089-re-p0142	zenodo_4321314	BM1-184
obi-v04-n0089-re-p0142	zenodo_4321314	List-638
obi-v04-n0089-re-p0142	zenodo_4321314	IOB5-545/b
obi-v04-n0090-ob-p0144	zenodo_4321314	BA-225-226
obi-v04-n0090-ob-p0144	zenodo_4321314	List-622
obi-v04-n0090-ob-p0144	zenodo_4321314	IOB5-546
obi-v04-n0091-ob-p0146	zenodo_4321314	BM1184
obi-v04-n0091-ob-p0146	zenodo_4321314	List-638
obi-v04-n0092-ob-p0147	zenodo_4321314	IOB5-543/a BED B 675-1
obi-v04-n0092-ob-p0147	zenodo_4321314	Pl. V 543a
obi-v04-n0092-ob-p0147	zenodo_4321314	OBI 4, p. 147
obi-v04-n0093-ob-p0149	zenodo_4321314	IOB5-544/b
obi-v04-n0094-tx-p0150	zenodo_4321314	IOB5-543/b
obi-v04-n0096-ob-p0153	zenodo_4321314	IOB5-547/a
obi-v04-n0096-tx-p0154	zenodo_4321314	IUB1-149
obi-v04-n0096-tx-p0154	zenodo_4321314	List-1297
obi-v04-n0096-tx-p0154	zenodo_4321314	IOB5-547/b
obi-v04-n0097-ob-p0155	zenodo_4321314	RDASB 1977-78
obi-v04-n0098-tx-p0157	zenodo_4321314	RDASB 1958-59
obi-v04-n0100-ob-p0159	zenodo_4321314	RDASB 1905 n°22,
obi-v04-n0100-ob-p0159	zenodo_4321314	RDASB 1958-59,
obi-v04-n0100-ob-p0159	zenodo_4321314	BM2 -558
obi-v04-n0101-ob-p0160	zenodo_4321314	RDASB 1970-71
obi-v04-n0103-re-p0162	zenodo_4321314	RDASB 1958-59
obi-v04-n0104-ob-p0163	zenodo_4321314	IOB5-593/a BED B 539-1
obi-v04-n0104-ob-p0163	zenodo_4321314	Pl. V 593a
obi-v04-n0104-ob-p0163	zenodo_4321314	OBI 4, p. 163
obi-v04-n0104-ob-p0163	zenodo_4321314	MP 2, p. 65
obi-v04-n0104-tx-p0164	zenodo_4321314	IOB5-593/b
obi-v04-n0107-ob-p0171	zenodo_4321314	BA-88
obi-v04-n0107-ob-p0171	zenodo_4321314	List-284
obi-v04-n0107-ob-p0171	zenodo_4321314	IOB3-230 BED B 632-3
obi-v04-n0107-ob-p0171	zenodo_4321314	Pl. III 230
obi-v04-n0107-ob-p0171	zenodo_4321314	OBI 4, p. 171
obi-v04-n0107-ob-p0171	zenodo_4321314	List 284
obi-v04-n0107-ob-p0171	zenodo_4321314	A, p. 88
obi-v04-n0108-ob-p0172	zenodo_4321314	IPPA-303, 4-5
obi-v04-n0108-ob-p0172	zenodo_4321314	List-701/a
obi-v04-n0108-ob-p0172	zenodo_4321314	IOB4-392
obi-v04-n0108-re-p0175	zenodo_4321314	17
obi-v04-n0108-re-p0175	zenodo_4321314	IPPA 306, 7-8
obi-v04-n0108-re-p0175	zenodo_4321314	List-701/b
obi-v04-n0108-re-p0175	zenodo_4321314	IOB4-393
obi-v04-n0109-ob-p0178	zenodo_4321314	RDASB 1970-71
obi-v04-n0111-re-p0180	zenodo_4321314	IPPA-15
obi-v04-n0111-re-p0180	zenodo_4321314	List 710
obi-v04-n0112-ob-p0181	zenodo_4321314	IOB3-460/a
obi-v04-n0116-ob-p0185	zenodo_4321314	IPPA
obi-v04-n0116-ob-p0185	zenodo_4321314	IPPA-297-8-9
obi-v04-n0116-ob-p0185	zenodo_4321314	List-409/a
obi-v04-n0116-ob-p0185	zenodo_4321314	IOB4-390
obi-v04-n0116-re-p0188	zenodo_4321314	IPPA-300-1-2
obi-v04-n0116-re-p0188	zenodo_4321314	List-409/b
obi-v04-n0116-re-p0188	zenodo_4321314	IOB4-391
obi-v04-n0117-re-p0191	zenodo_4321314	BED B 628-7
obi-v04-n0117-re-p0191	zenodo_4321314	Pl. IV 382
obi-v04-n0117-re-p0191	zenodo_4321314	OBI 4, p. 191
obi-v04-n0117-re-p0191	zenodo_4321314	List 748
obi-v04-n0117-re-p0191	zenodo_4321314	UB 1, p. 221
obi-v04-n0118-ob-p0192	zenodo_4321314	RDASB 1964-65
obi-v04-n0119-ob-p0193	zenodo_4321314	RDASB 1963-64
obi-v04-n0119-re-p0195	zenodo_4321314	RDASB 1963-64
obi-v04-n0120-ob-p0196	zenodo_4321314	IUB1-67,
obi-v04-n0120-ob-p0196	zenodo_4321314	List-761
obi-v04-n0120-re-p0198	zenodo_4321314	IUB1-68
obi-v04-n0122-ob-p0200	zenodo_4321314	RDASB 1970-71
obi-v04-n0123-ob-p0201	zenodo_4321314	IOB5-597/c
obi-v04-n0123-re-p0201	zenodo_4321314	IOB5-597/d
obi-v04-n0123-tx-p0201	zenodo_4321314	IOB5-597/
obi-v04-n0126-ob-p0206	zenodo_4321314	RDASB 1963-64
obi-v04-n0127-re-p0208	zenodo_4321314	RDASB 1964-65
obi-v04-n0129-ob-p0212	zenodo_4321314	IOB5-588
obi-v04-n0129-re-p0214	zenodo_4321314	IOB5-589
obi-v04-n0133-re-p0219	zenodo_4321314	IUB1-212
obi-v04-n0133-re-p0219	zenodo_4321314	List-332/b
obi-v04-n0133-re-p0219	zenodo_4321314	IOB3-233
obi-v04-n0134-ob-p0220	zenodo_4321314	BM1-380
obi-v04-n0134-re-p0224	zenodo_4321314	BM1-381
obi-v04-n0137-re-p0232	zenodo_4321314	1970-71
obi-v04-n0138-re-p0235	zenodo_4321314	BED B 622-12
obi-v04-n0138-re-p0235	zenodo_4321314	OBI 4, p. 235
obi-v04-n0138-re-p0235	zenodo_4321314	Luce files G 1763
obi-v04-n0139-re-p0236	zenodo_4321314	List-1296
obi-v04-n0142-ob-p0240	zenodo_4321314	IUB1-80,
obi-v04-n0142-ob-p0240	zenodo_4321314	List-876
obi-v04-n0142-re-p0242	zenodo_4321314	IUB1-81
obi-v04-n0143-re-p0245	zenodo_4321314	RDASB 1953-54,
obi-v04-n0143-re-p0245	zenodo_4321314	BM1-80
obi-v04-n0145-ob-p0250	zenodo_4321314	RDASB 1959-60
obi-v04-n0146-ob-p0251	zenodo_4321314	IOB5-565/a BED A
obi-v04-n0146-ob-p0251	zenodo_4321314	Pl. V 565a
obi-v04-n0146-ob-p0251	zenodo_4321314	OBI 4, p. 251
obi-v04-n0148-ob-p0255	zenodo_4321314	IUB1-86,
obi-v04-n0148-ob-p0255	zenodo_4321314	List-1014
obi-v04-n0149-re-p0260	zenodo_4321314	BED B 645-2
obi-v04-n0149-re-p0260	zenodo_4321314	Pl. IV 465a (l. 1-14)
obi-v04-n0149-re-p0260	zenodo_4321314	OBI 4, p. 26
obi-v04-n0150-ob-p0261	zenodo_4321314	BED B 645-2
obi-v04-n0150-ob-p0261	zenodo_4321314	Pl. IV 465a (l. 1-14)
obi-v04-n0150-ob-p0261	zenodo_4321314	OBI 4, p. 26
obi-v04-n0150-re-p0262	zenodo_4321314	BED B 645-2
obi-v04-n0150-re-p0262	zenodo_4321314	Pl. IV 465a (l. 1-14)
obi-v04-n0150-re-p0262	zenodo_4321314	OBI 4, p. 26
obi-v04-n0151-ob-p0263	zenodo_4321314	BED B 645-2
obi-v04-n0151-ob-p0263	zenodo_4321314	Pl. IV 465a (l. 1-14)
obi-v04-n0151-ob-p0263	zenodo_4321314	OBI 4, p. 26
obi-v04-n0151-re-p0264	zenodo_4321314	BED B 645-2
obi-v04-n0151-re-p0264	zenodo_4321314	Pl. IV 465a (l. 1-14)
obi-v04-n0151-re-p0264	zenodo_4321314	OBI 4, p. 26
obi-v04-n0152-ob-p0265	zenodo_4321314	BED B 645-2
obi-v04-n0152-ob-p0265	zenodo_4321314	Pl. IV 465a (l. 1-14)
obi-v04-n0152-ob-p0265	zenodo_4321314	OBI 4, p. 26
obi-v04-n0152-re-p0267	zenodo_4321314	BED B 645-2
obi-v04-n0152-re-p0267	zenodo_4321314	Pl. IV 465a (l. 1-14)
obi-v04-n0152-re-p0267	zenodo_4321314	OBI 4, p. 26
obi-v05-n0004-tx-p0008	zenodo_4321314	BA-419
obi-v05-n0004-tx-p0008	zenodo_4321314	BA-554
obi-v05-n0005-tx-p0010	zenodo_4321314	BA-395
obi-v05-n0006-ob-p0011	zenodo_4321314	IUB1-75
obi-v05-n0006-ob-p0011	zenodo_4321314	List-804
obi-v05-n0006-re-p0015	zenodo_4321314	IUB1-78
obi-v05-n0007-ob-p0017	zenodo_4321314	RDASB 1962-63
obi-v05-n0008-re-p0019	zenodo_4321314	IUB1-146
obi-v05-n0008-re-p0019	zenodo_4321314	List-1294
obi-v05-n0009-ob-p0021	zenodo_4321314	IPPA 78-79-80-81-82
obi-v05-n0009-re-p0025	zenodo_4321314	IPPA 83-84-85-86
obi-v05-n0009-tx-p0030	zenodo_4321314	IPPA-87-88
obi-v05-n0009-tx-p0032	zenodo_4321314	IPPA-89-90
obi-v05-n0010-ob-p0034	zenodo_4321314	IUB1-94
obi-v05-n0010-ob-p0034	zenodo_4321314	List 963
obi-v05-n0010-re-p0039	zenodo_4321314	IUB1-98
obi-v05-n0011-ob-p0044	zenodo_4321314	IUB1-93,
obi-v05-n0011-ob-p0044	zenodo_4321314	List-939
obi-v05-n0012-ob-p0046	zenodo_4321314	IUB1-103
obi-v05-n0012-ob-p0046	zenodo_4321314	List-943
obi-v05-n0012-re-p0048	zenodo_4321314	IUB1-106-2-3
obi-v05-n0013-tx-p0050	zenodo_4321314	BA-399,
obi-v05-n0013-tx-p0050	zenodo_4321314	List-944
obi-v05-n0014-ob-p0052	zenodo_4321314	RDASB 1971-72
obi-v05-n0015-ob-p0053	zenodo_4321314	1963-64-b RDASB
obi-v05-n0016-ob-p0054	zenodo_4321314	IUB1-120
obi-v05-n0016-ob-p0054	zenodo_4321314	List-958
obi-v05-n0016-re-p0056	zenodo_4321314	IUB1-123
obi-v05-n0018-ob-p0061	zenodo_4321314	IPPA-320
obi-v05-n0018-ob-p0061	zenodo_4321314	List-507
obi-v05-n0018-ob-p0061	zenodo_4321314	IOB4-456/a
obi-v05-n0021-ob-p0065	zenodo_4321314	IUB1-125,
obi-v05-n0021-ob-p0065	zenodo_4321314	List-982,
obi-v05-n0021-ob-p0065	zenodo_4321314	BM1-245
obi-v05-n0023-tx-p0066	zenodo_4321314	RDASB 1958-59
obi-v05-n0026-re-p0070	zenodo_4321314	RDASB 1962-63
obi-v05-n0027-ob-p0072	zenodo_4321314	RDASB 1959-60
obi-v05-n0028-ob-p0073	zenodo_4321314	RDASB 1959-60
obi-v05-n0029-tx-p0074	zenodo_4321314	IUB1-90
obi-v05-n0031-tx-p0086	zenodo_4321314	RDASB 1958-59
obi-v05-n0032-ob-p0086	zenodo_4321314	RDASB 1961-62
obi-v05-n0036-tx-p0090	zenodo_4321314	BM1-250,
obi-v05-n0036-tx-p0090	zenodo_4321314	List-1043-1044
obi-v05-n0037-tx-p0098	zenodo_4321314	BA-428,
obi-v05-n0042-ob-p0110	zenodo_4321314	IOB2-218/b BED B 628-6b
obi-v05-n0042-ob-p0110	zenodo_4321314	Pl. II 218b
obi-v05-n0042-ob-p0110	zenodo_4321314	OBI3,p.33no22ob and OBI 5, p. 110 (with date CS 878/1516)
obi-v05-n0044-ob-p0111	zenodo_4321314	IOB5-574/a BED B 582-4
obi-v05-n0044-ob-p0111	zenodo_4321314	Pl. V 574a
obi-v05-n0044-ob-p0111	zenodo_4321314	OBI 5, p. 111
obi-v05-n0046-tx-p0116	zenodo_4321314	RDASB 1958-59
obi-v05-n0047-tx-p0116	zenodo_4321314	RDASB 1958-59
obi-v05-n0048-ob-p0117	zenodo_4321314	IUB1-126-1002
obi-v05-n0049-tx-p0122	zenodo_4321314	-31 . . . . . . 2 . . . . . . 3 . . . . . . . . .
obi-v05-n0049-tx-p0123	zenodo_4321314	RDASB 1969-70
obi-v05-n0051-re-p0126	zenodo_4321314	IOB3-320
obi-v05-n0053-ob-p0128	zenodo_4321314	RDASB 196-64
obi-v05-n0055-tx-p0130	zenodo_4321314	1958-59
obi-v05-n0056-ob-p0130	zenodo_4321314	RDASB 1961-62
obi-v05-n0057-tx-p0131	zenodo_4321314	RDASB 1958-59
obi-v05-n0058-ob-p0133	zenodo_4321314	BA-436, 1-2-3-4-5-,
obi-v05-n0058-re-p0134	zenodo_4321314	BA-437
obi-v05-n0059-re-p0134	zenodo_4321314	RDASB 1959-60
obi-v05-n0060-ob-p0135	zenodo_4321314	RDASB 1968-69
obi-v05-n0061-ob-p0135	zenodo_4321314	RDASB 1960-61
obi-v05-n0062-re-p0137	zenodo_4321314	RDASB 1955-56
obi-v05-n0063-re-p0138	zenodo_4321314	RDASB 1963-64
obi-v05-n0064-tx-p0139	zenodo_4321314	RDASB 1956-60
obi-v05-n0065-ob-p0140	zenodo_4321314	BM1-262+270
obi-v05-n0065-tx-p0151	zenodo_4321314	BM1-270 + 279
obi-v06-n0036-tx-p0141	zenodo_4321314	Htupayon1 p.249,
obi-v06-n0036-tx-p0141	zenodo_4321314	IUB1 p.140
