record_id	source_field	label_original	place_id
obi-v01-n0001-tx-p0001	place_of_origin_original	in compound of Myazedi east of Gubyaukkyi temple (IMP 1323), Myinkaba, Bagan	place-in-compound-of-myazedi-east-of-gubyaukkyi-temple-imp-1323-myinkaba-bagan
obi-v01-n0001-tx-p0001	current_location_original	in situ and Bagan Museum stone 10 (old) and 47 (new)	place-in-situ-and-bagan-museum-stone-10-old-and-47-new
obi-v01-n0002-tx-p0004	place_of_origin_original	in compound of Myazedi east of Gubyaukkyi temple (IMP 1323), Myinkaba, Bagan	place-in-compound-of-myazedi-east-of-gubyaukkyi-temple-imp-1323-myinkaba-bagan
obi-v01-n0002-tx-p0004	current_location_original	in situ and Bagan Museum stone 10 (old) and 47 (new)	place-in-situ-and-bagan-museum-stone-10-old-and-47-new
obi-v01-n0003-ob-p0008	place_of_origin_original	Napaytaw group SE of Htilominlo (IMP 410 ?), Bagan	place-napaytaw-group-se-of-htilominlo-imp-410-bagan
obi-v01-n0003-ob-p0008	current_location_original	Bagan Museum stone 116	place-bagan-museum-stone-116
obi-v01-n0004-ob-p0011	place_of_origin_original	Shwegu-gyi temple (IMP 1589). Pagan	place-shwegu-gyi-temple-imp-1589-pagan
obi-v01-n0004-ob-p0011	current_location_original	in situ	place-in-situ
obi-v01-n0005-ob-p0019	place_of_origin_original	Mt. Thetso, in collection near IMP 2223	place-mt-thetso-in-collection-near-imp-2223
obi-v01-n0005-ob-p0019	current_location_original	in situ	place-in-situ
obi-v01-n0006-ob-p0020	place_of_origin_original	Bagan	place-bagan
obi-v01-n0006-ob-p0020	current_location_original	now in brick building SE of Hsinpyushin monastery, Minnanthu	place-now-in-brick-building-se-of-hsinpyushin-monastery-minnanthu
obi-v01-n0007-ob-p0022	place_of_origin_original	Bagan Mahabodhi	place-bagan-mahabodhi
obi-v01-n0007-ob-p0022	current_location_original	Bagan Museum stone 24	place-bagan-museum-stone-24
obi-v01-n0008-ob-p0023	place_of_origin_original	Anein	place-anein
obi-v01-n0008-ob-p0023	current_location_original	Bagan Museum stone 162a+b	place-bagan-museum-stone-162a-b
obi-v01-n0009-ob-p0025	place_of_origin_original	(acc. to Luce:) Payagon temple, Wet-kyi-in village, moved to Kyanzittha Umin	place-acc-to-luce-payagon-temple-wet-kyi-in-village-moved-to-kyanzittha-umin
obi-v01-n0009-ob-p0025	current_location_original	Bagan Museum stone 158	place-bagan-museum-stone-158
obi-v01-n0010-ob-p0026	place_of_origin_original	Myingondaing	place-myingondaing
obi-v01-n0010-ob-p0026	current_location_original	Mandalay Palace stone 14	place-mandalay-palace-stone-14
obi-v01-n0011-ob-p0027	place_of_origin_original	Thein-paya, Hsalay village, Magwe distr.	place-thein-paya-hsalay-village-magwe-distr
obi-v01-n0011-ob-p0027	current_location_original	in situ	place-in-situ
obi-v01-n0012-ob-p0029	place_of_origin_original	Dhammayan-gyi temple, Bagan	place-dhammayan-gyi-temple-bagan
obi-v01-n0012-ob-p0029	current_location_original	in situ	place-in-situ
obi-v01-n0013-ob-p0032	place_of_origin_original	Nga Taya village, Sagaing distr.	place-nga-taya-village-sagaing-distr
obi-v01-n0013-ob-p0032	current_location_original	in situ	place-in-situ
obi-v01-n0014-ob-p0033	place_of_origin_original	?	place-unknown
obi-v01-n0014-ob-p0033	current_location_original	Mandalay Palace stone 596	place-mandalay-palace-stone-596
obi-v01-n0015-ob-p0034	place_of_origin_original	Yintaw vill., Meiktila distr.	place-yintaw-vill-meiktila-distr
obi-v01-n0015-ob-p0034	current_location_original	in situ	place-in-situ
obi-v01-n0017-ob-p0037	place_of_origin_original	a temple between Sha-kwe vill. and Ngapat-chaung, near Wetlet, Shwebo District.	place-a-temple-between-sha-kwe-vill-and-ngapat-chaung-near-wetlet-shwebo-district
obi-v01-n0017-ob-p0037	current_location_original	in situ	place-in-situ
obi-v01-n0018-ob-p0038	place_of_origin_original	Daung-taung village, Natmauk ts., Magwe District.	place-daung-taung-village-natmauk-ts-magwe-district
obi-v01-n0018-ob-p0038	current_location_original	in situ	place-in-situ
obi-v01-n0019-ob-p0040	place_of_origin_original	Bagan ?	place-bagan
obi-v01-n0019-ob-p0040	current_location_original	Mandalay Palace stone 3	place-mandalay-palace-stone-3
obi-v01-n0020-ob-p0041	place_of_origin_original	?	place-unknown
obi-v01-n0020-ob-p0041	current_location_original	Mandalay Palace stone 471	place-mandalay-palace-stone-471
obi-v01-n0021-ob-p0042	place_of_origin_original	Taing-chut temple (IMP no. 1957), Bagan	place-taing-chut-temple-imp-no-1957-bagan
obi-v01-n0021-ob-p0042	current_location_original	Bagan Museum stone 57	place-bagan-museum-stone-57
obi-v01-n0022-ob-p0043	place_of_origin_original	Min-o-chantha temple (IMP 1924-1930), Bagan; New Bagan Museum stone 11 (31 acc. to Min Hswe)	place-min-o-chantha-temple-imp-1924-1930-bagan-new-bagan-museum-stone-11-31-acc-to-min-hswe
obi-v01-n0022-ob-p0043	current_location_original	Mandalay Mahamuni no. 59	place-mandalay-mahamuni-no-59
obi-v01-n0023-ob-p0044	place_of_origin_original	?	place-unknown
obi-v01-n0023-ob-p0044	current_location_original	Mandalay Palace stone 21	place-mandalay-palace-stone-21
obi-v01-n0024-ob-p0045	place_of_origin_original	Bagan	place-bagan
obi-v01-n0024-ob-p0045	current_location_original	Bagan Museum stone 55	place-bagan-museum-stone-55
obi-v01-n0025-ob-p0046	place_of_origin_original	?	place-unknown
obi-v01-n0025-ob-p0046	current_location_original	Mandalay Palace stone 597	place-mandalay-palace-stone-597
obi-v01-n0026-ob-p0046	place_of_origin_original	Kyaung-pyu village, Sagaing	place-kyaung-pyu-village-sagaing
obi-v01-n0026-ob-p0046	current_location_original	Sagaing Htupayon stone 47	place-sagaing-htupayon-stone-47
obi-v01-n0027-ob-p0048	place_of_origin_original	Mahabodhi temple, Bagan	place-mahabodhi-temple-bagan
obi-v01-n0027-ob-p0048	current_location_original	Bagan Museum stone 12	place-bagan-museum-stone-12
obi-v01-n0028-ob-p0049	place_of_origin_original	Shwegu vill., Meiktila distr.	place-shwegu-vill-meiktila-distr
obi-v01-n0028-ob-p0049	current_location_original	in situ	place-in-situ
obi-v01-n0029-ob-p0050	place_of_origin_original	South Guni temple (IMP 765), Bagan	place-south-guni-temple-imp-765-bagan
obi-v01-n0029-ob-p0050	current_location_original	New Bagan Museum stone 54	place-new-bagan-museum-stone-54
obi-v01-n0030-ob-p0053	place_of_origin_original	Shwe-muttaw temple, Payagyi vill., Natogyi, Myinkyan distr.	place-shwe-muttaw-temple-payagyi-vill-natogyi-myinkyan-distr
obi-v01-n0030-ob-p0053	current_location_original	in situ	place-in-situ
obi-v01-n0031-ob-p0054	place_of_origin_original	Pandaw Shwegyaung temple, Pindale	place-pandaw-shwegyaung-temple-pindale
obi-v01-n0031-ob-p0054	current_location_original	Mandalay Palace stone 58	place-mandalay-palace-stone-58
obi-v01-n0032-ob-p0055	place_of_origin_original	Tatkale temple (IMP 572-3), Minnanthu, Bagan	place-tatkale-temple-imp-572-3-minnanthu-bagan
obi-v01-n0032-ob-p0055	current_location_original	in situ	place-in-situ
obi-v01-n0033-ob-p0056	place_of_origin_original	?	place-unknown
obi-v01-n0033-ob-p0056	current_location_original	Mandalay Palace stone 292 (291 acc to Pl.)	place-mandalay-palace-stone-292-291-acc-to-pl
obi-v01-n0034-re-p0056	place_of_origin_original	Bagan	place-bagan
obi-v01-n0034-re-p0056	current_location_original	Bagan Museum stone 12	place-bagan-museum-stone-12
obi-v01-n0035-ob-p0057	place_of_origin_original	Sagyo temple, Sale, Magwe District.	place-sagyo-temple-sale-magwe-district
obi-v01-n0035-ob-p0057	current_location_original	in situ	place-in-situ
obi-v01-n0036-ob-p0058	place_of_origin_original	Hsudaungpyi temple, Sunye village, Kyaukse Distr.	place-hsudaungpyi-temple-sunye-village-kyaukse-distr
obi-v01-n0036-ob-p0058	current_location_original	in situ	place-in-situ
obi-v01-n0037-re-p0059	place_of_origin_original	Bagan	place-bagan
obi-v01-n0037-re-p0059	current_location_original	Bagan Museum stone 158	place-bagan-museum-stone-158
obi-v01-n0040-ob-p0064	place_of_origin_original	?	place-unknown
obi-v01-n0040-ob-p0064	current_location_original	Mandalay Palace stone 204 [stone 439 acc. to IB]	place-mandalay-palace-stone-204-stone-439-acc-to-ib
obi-v01-n0041-ob-p0065	place_of_origin_original	Dhammayazika stupa (IMP 947), Bagan	place-dhammayazika-stupa-imp-947-bagan
obi-v01-n0041-ob-p0065	current_location_original	in situ	place-in-situ
obi-v01-n0042-ob-p0069	place_of_origin_original	?	place-unknown
obi-v01-n0042-ob-p0069	current_location_original	Mandalay Palace stone 22	place-mandalay-palace-stone-22
obi-v01-n0043-ob-p0070	place_of_origin_original	a temple between Maunggan village and Ye-ngwe village, near Ma-hlaing	place-a-temple-between-maunggan-village-and-ye-ngwe-village-near-ma-hlaing
obi-v01-n0043-ob-p0070	current_location_original	Man dalay Palace stone 587	place-man-dalay-palace-stone-587
obi-v01-n0044-ob-p0071	place_of_origin_original	Hsudaungpyi temple, Thatun-e vill. near Mahlaing	place-hsudaungpyi-temple-thatun-e-vill-near-mahlaing
obi-v01-n0044-ob-p0071	current_location_original	in situ	place-in-situ
obi-v01-n0045-ob-p0073	place_of_origin_original	Thampyin Yinkaung ceti (N of Mingalazedi), Bagan	place-thampyin-yinkaung-ceti-n-of-mingalazedi-bagan
obi-v01-n0045-ob-p0073	current_location_original	New Bagan Museum stone 51	place-new-bagan-museum-stone-51
obi-v01-n0046-ob-p0074	place_of_origin_original	Kyaukse village, near Yamethin	place-kyaukse-village-near-yamethin
obi-v01-n0046-ob-p0074	current_location_original	in situ	place-in-situ
obi-v01-n0047-ob-p0075	place_of_origin_original	Bagan Mahabodhi	place-bagan-mahabodhi
obi-v01-n0047-ob-p0075	current_location_original	Bagan Museum stone 14	place-bagan-museum-stone-14
obi-v01-n0048-ob-p0077	place_of_origin_original	Shwepyi-shin temple, Pyinsi town	place-shwepyi-shin-temple-pyinsi-town
obi-v01-n0048-ob-p0077	current_location_original	Mandalay Palace stone 24	place-mandalay-palace-stone-24
obi-v01-n0049-ob-p0080	place_of_origin_original	Myingun	place-myingun
obi-v01-n0049-ob-p0080	current_location_original	Mandalay Palace stone 598	place-mandalay-palace-stone-598
obi-v01-n0050-ob-p0081	place_of_origin_original	Dhammayazika stupa, Bagan	place-dhammayazika-stupa-bagan
obi-v01-n0050-ob-p0081	current_location_original	Mandalay Palace stone 37	place-mandalay-palace-stone-37
obi-v01-n0051-ob-p0082	place_of_origin_original	Thitmahti temple (IMP 844), Bagan	place-thitmahti-temple-imp-844-bagan
obi-v01-n0051-ob-p0082	current_location_original	Bagan Museum stone 148	place-bagan-museum-stone-148
obi-v01-n0052-ob-p0083	place_of_origin_original	Khemavara temple (IMP 367 ?), Bagan; Bagan Museum stone 50	place-khemavara-temple-imp-367-bagan-bagan-museum-stone-50
obi-v01-n0052-ob-p0083	current_location_original	Mandalay Mahamuni nos. 1 (MM 4), 249, and xx	place-mandalay-mahamuni-nos-1-mm-4-249-and-xx
obi-v01-n0053-ob-p0086	place_of_origin_original	?; copy from Bagan, S of Dhammayan temple; Mandalay Palace stone 348a	place-copy-from-bagan-s-of-dhammayan-temple-mandalay-palace-stone-348a
obi-v01-n0053-ob-p0086	current_location_original	Mandalay Mahamuni	place-mandalay-mahamuni
obi-v01-n0054-ob-p0086	place_of_origin_original	Mahabodhi temple, Bagan	place-mahabodhi-temple-bagan
obi-v01-n0054-ob-p0086	current_location_original	Bagan Museum stone 24	place-bagan-museum-stone-24
obi-v01-n0054-tx-p0089	place_of_origin_original	Sagyo-pyan temple, Sale	place-sagyo-pyan-temple-sale
obi-v01-n0054-tx-p0089	current_location_original	in situ	place-in-situ
obi-v01-n0055-ob-p0089	place_of_origin_original	Sagyo-pyan temple, Sale	place-sagyo-pyan-temple-sale
obi-v01-n0055-ob-p0089	current_location_original	in situ	place-in-situ
obi-v01-n0056-ob-p0090	place_of_origin_original	Kalein village, Meiktila	place-kalein-village-meiktila
obi-v01-n0056-ob-p0090	current_location_original	Mandalay Palace stone 82	place-mandalay-palace-stone-82
obi-v01-n0057-ob-p0091	place_of_origin_original	a group of temples W of Shwe chaung; Wetkyi-in, Bagan	place-a-group-of-temples-w-of-shwe-chaung-wetkyi-in-bagan
obi-v01-n0057-ob-p0091	current_location_original	New Bagan Museum stone 117	place-new-bagan-museum-stone-117
obi-v01-n0058-tx-p0093	place_of_origin_original	Pakhangyi	place-pakhangyi
obi-v01-n0058-tx-p0093	current_location_original	in situ	place-in-situ
obi-v01-n0059-ob-p0093	place_of_origin_original	Mahathi temple N of Min ga la zedi, Bagan	place-mahathi-temple-n-of-min-ga-la-zedi-bagan
obi-v01-n0059-ob-p0093	current_location_original	New Bagan Museum stone 49	place-new-bagan-museum-stone-49
obi-v01-n0060-ob-p0096	place_of_origin_original	Sheinmaka vill. near Wetlet, Shwe bo distr.	place-sheinmaka-vill-near-wetlet-shwe-bo-distr
obi-v01-n0060-ob-p0096	current_location_original	in situ	place-in-situ
obi-v01-n0061-ob-p0097	place_of_origin_original	Bagan	place-bagan
obi-v01-n0061-ob-p0097	current_location_original	Bagan Museum stone 82	place-bagan-museum-stone-82
obi-v01-n0062-ob-p0097	place_of_origin_original	Mt. Tuyin, Bagan	place-mt-tuyin-bagan
obi-v01-n0062-ob-p0097	current_location_original	in situ	place-in-situ
obi-v01-n0063-ob-p0099	place_of_origin_original	Mahabodhi, Bagan	place-mahabodhi-bagan
obi-v01-n0063-ob-p0099	current_location_original	Bagan Museum stone 16	place-bagan-museum-stone-16
obi-v01-n0064-ob-p0100	place_of_origin_original	Khuntha village near Hsalin-gyi, Lower Chindwin distr.	place-khuntha-village-near-hsalin-gyi-lower-chindwin-distr
obi-v01-n0064-ob-p0100	current_location_original	in situ	place-in-situ
obi-v01-n0065-ob-p0102	place_of_origin_original	Mahabodhi temple, Bagan	place-mahabodhi-temple-bagan
obi-v01-n0065-ob-p0102	current_location_original	New Bagan Museum stone 17	place-new-bagan-museum-stone-17
obi-v01-n0066-ob-p0105	place_of_origin_original	Pinsekkalanpa-paya, Yenan-kyaung	place-pinsekkalanpa-paya-yenan-kyaung
obi-v01-n0066-ob-p0105	current_location_original	in situ	place-in-situ
obi-v01-n0066-re-p0106	place_of_origin_original	Pinsekkalanpa-paya, Yenan-kyaung	place-pinsekkalanpa-paya-yenan-kyaung
obi-v01-n0066-re-p0106	current_location_original	in situ	place-in-situ
obi-v01-n0067-ob-p0106	place_of_origin_original	Shwethamin-gu, Pakhangyi	place-shwethamin-gu-pakhangyi
obi-v01-n0067-ob-p0106	current_location_original	in situ	place-in-situ
obi-v01-n0068-ob-p0107	place_of_origin_original	Bagan	place-bagan
obi-v01-n0068-ob-p0107	current_location_original	New Bagan Museum stone I (old PM number 84)	place-new-bagan-museum-stone-i-old-pm-number-84
obi-v01-n0069-ob-p0108	place_of_origin_original	temple no. 91 (old) E of Shwe-zedi, Myinkaba	place-temple-no-91-old-e-of-shwe-zedi-myinkaba
obi-v01-n0069-ob-p0108	current_location_original	New Bagan Museum stone 137a	place-new-bagan-museum-stone-137a
obi-v01-n0070-ob-p0111	place_of_origin_original	Dhammayan-gyi temple, Bagan; in situ	place-dhammayan-gyi-temple-bagan-in-situ
obi-v01-n0070-ob-p0111	current_location_original	Mandalay Mahamuni no. 43	place-mandalay-mahamuni-no-43
obi-v01-n0071-ob-p0112	place_of_origin_original	Bagan (perhaps Winidho complex)	place-bagan-perhaps-winidho-complex
obi-v01-n0071-ob-p0112	current_location_original	Bagan Museum stone 74	place-bagan-museum-stone-74
obi-v01-n0072-ob-p0116	place_of_origin_original	“from a monastery NE of Mingalazedi”, Bagan	place-from-a-monastery-ne-of-mingalazedi-bagan
obi-v01-n0072-ob-p0116	current_location_original	Bagan Museum stone 83 = New Bagan Museum stone G	place-bagan-museum-stone-83-new-bagan-museum-stone-g
obi-v01-n0073-ob-p0117	place_of_origin_original	?	place-unknown
obi-v01-n0073-ob-p0117	current_location_original	Mandalay Palace stone 296 and 422	place-mandalay-palace-stone-296-and-422
obi-v01-n0074-ob-p0118	place_of_origin_original	?	place-unknown
obi-v01-n0074-ob-p0118	current_location_original	from Amarapura, stone lost	place-from-amarapura-stone-lost
obi-v01-n0075-tx-p0118	place_of_origin_original	Pakhan-gyi	place-pakhan-gyi
obi-v01-n0075-tx-p0118	current_location_original	in situ	place-in-situ
obi-v01-n0076-ob-p0119	place_of_origin_original	Nga-man-aung temple, between Yelay village and Nyisu village, Sale	place-nga-man-aung-temple-between-yelay-village-and-nyisu-village-sale
obi-v01-n0076-ob-p0119	current_location_original	in situ	place-in-situ
obi-v01-n0077-ob-p0121	place_of_origin_original	Mintha-gu, Sale	place-mintha-gu-sale
obi-v01-n0077-ob-p0121	current_location_original	in situ	place-in-situ
obi-v01-n0078-ob-p0123	place_of_origin_original	Kyokya village, near Shwebo	place-kyokya-village-near-shwebo
obi-v01-n0078-ob-p0123	current_location_original	in situ	place-in-situ
obi-v01-n0079-ob-p0124	place_of_origin_original	Kunsingyay-pya thad-hla (Kwan-caṅ-kray-prasād-lha), Minnanthu, Bagan	place-kunsingyay-pya-thad-hla-kwan-ca-kray-pras-d-lha-minnanthu-bagan
obi-v01-n0079-ob-p0124	current_location_original	in situ	place-in-situ
obi-v01-n0080-ob-p0125	place_of_origin_original	Kyundaw village (old name Pyi-daw tha), Magwe distr.	place-kyundaw-village-old-name-pyi-daw-tha-magwe-distr
obi-v01-n0080-ob-p0125	current_location_original	now at Sway-taw-paya, Kyundaw village	place-now-at-sway-taw-paya-kyundaw-village
obi-v01-n0081-ob-p0125	place_of_origin_original	Winidho complex, Bagan	place-winidho-complex-bagan
obi-v01-n0081-ob-p0125	current_location_original	Bagan Museum stone 75	place-bagan-museum-stone-75
obi-v01-n0082-ob-p0127	place_of_origin_original	“found in a bomb-crater near Tuyindaung Swidaw zedi”, Bagan	place-found-in-a-bomb-crater-near-tuyindaung-swidaw-zedi-bagan
obi-v01-n0082-ob-p0127	current_location_original	Bagan Museum stone 133	place-bagan-museum-stone-133
obi-v01-n0082-re-p0127	place_of_origin_original	Mt. Tuyin, Bagan	place-mt-tuyin-bagan
obi-v01-n0082-re-p0127	current_location_original	Bagan Museum stone 133	place-bagan-museum-stone-133
obi-v01-n0083-ob-p0128	place_of_origin_original	?	place-unknown
obi-v01-n0083-ob-p0128	current_location_original	Mandalay Palace stone 259	place-mandalay-palace-stone-259
obi-v01-n0084-ob-p0129	place_of_origin_original	“Mahathi-kyaung, about a mile S of Bagan” = Kubyauk-nge (IMP 1391), Bagan	place-mahathi-kyaung-about-a-mile-s-of-bagan-kubyauk-nge-imp-1391-bagan
obi-v01-n0084-ob-p0129	current_location_original	in situ	place-in-situ
obi-v01-n0085-ob-p0130	place_of_origin_original	Bagan	place-bagan
obi-v01-n0085-ob-p0130	current_location_original	Bagan Museum stone 18	place-bagan-museum-stone-18
obi-v01-n0086-tx-p0133	place_of_origin_original	Bagan, Dhammayan-gyi	place-bagan-dhammayan-gyi
obi-v01-n0086-tx-p0133	current_location_original	in situ	place-in-situ
obi-v01-n0087-ob-p0133	place_of_origin_original	Kyaungpyu village, Sagaing dist.	place-kyaungpyu-village-sagaing-dist
obi-v01-n0087-ob-p0133	current_location_original	in situ	place-in-situ
obi-v01-n0088-ob-p0134	place_of_origin_original	Kyikan village, Wetlet	place-kyikan-village-wetlet
obi-v01-n0088-ob-p0134	current_location_original	in situ	place-in-situ
obi-v01-n0089-ob-p0136	place_of_origin_original	Kanni monatery, Ywathaya village, Myingun ts., Minbu distr.	place-kanni-monatery-ywathaya-village-myingun-ts-minbu-distr
obi-v01-n0089-ob-p0136	current_location_original	in situ	place-in-situ
obi-v01-n0090-ob-p0137	place_of_origin_original	Pantin temple(?), S of Twin-ywa, Bagan	place-pantin-temple-s-of-twin-ywa-bagan
obi-v01-n0090-ob-p0137	current_location_original	Bagan Museum stone 125	place-bagan-museum-stone-125
obi-v01-n0091-ob-p0138	place_of_origin_original	Bagan ?	place-bagan
obi-v01-n0091-ob-p0138	current_location_original	Mandalay Palace stone 19	place-mandalay-palace-stone-19
obi-v01-n0092-ob-p0139	place_of_origin_original	Mt. Thetso, Bagan	place-mt-thetso-bagan
obi-v01-n0092-ob-p0139	current_location_original	in situ (in collection near IMP 2223)	place-in-situ-in-collection-near-imp-2223
obi-v01-n0093-re-p0140	place_of_origin_original	Kubyauknge (IMP no. 1391), Myinkaba, Bagan	place-kubyauknge-imp-no-1391-myinkaba-bagan
obi-v01-n0093-re-p0140	current_location_original	in situ	place-in-situ
obi-v01-n0094-ob-p0141	place_of_origin_original	Talup town (?)	place-talup-town
obi-v01-n0094-ob-p0141	current_location_original	Mandalay Palace stone 423	place-mandalay-palace-stone-423
obi-v01-n0095-re-p0142	place_of_origin_original	“from the group of monasteries on the W bank of Shwe-chaung”, Wetkyi-in, Bagan	place-from-the-group-of-monasteries-on-the-w-bank-of-shwe-chaung-wetkyi-in-bagan
obi-v01-n0095-re-p0142	current_location_original	New Bagan Museum stone 117	place-new-bagan-museum-stone-117
obi-v01-n0096-ob-p0143	place_of_origin_original	Shwegoncha temple (IMP 1978), Bagan	place-shwegoncha-temple-imp-1978-bagan
obi-v01-n0096-ob-p0143	current_location_original	in situ	place-in-situ
obi-v01-n0097-tx-p0151	place_of_origin_original	Anantathu monastery, Minnanthu, Bagan	place-anantathu-monastery-minnanthu-bagan
obi-v01-n0097-tx-p0151	current_location_original	in situ	place-in-situ
obi-v01-n0097-tx-p0156	place_of_origin_original	Anantathu mon., Minnanthu, Bagan	place-anantathu-mon-minnanthu-bagan
obi-v01-n0097-tx-p0156	current_location_original	in situ	place-in-situ
obi-v01-n0097-tx-p0161	place_of_origin_original	Anantathu mon., Minnanthu, Bagan	place-anantathu-mon-minnanthu-bagan
obi-v01-n0097-tx-p0161	current_location_original	in situ	place-in-situ
obi-v01-n0098-ob-p0164	place_of_origin_original	Kattukan village, Meiktila distr.	place-kattukan-village-meiktila-distr
obi-v01-n0098-ob-p0164	current_location_original	in situ	place-in-situ
obi-v01-n0099-ob-p0164	place_of_origin_original	Bagan, Winidho complex	place-bagan-winidho-complex
obi-v01-n0099-ob-p0164	current_location_original	in situ	place-in-situ
obi-v01-n0100-ob-p0167	place_of_origin_original	Kauk-kwe vill. (OBI) or Sajan-min vill. (IB) near Mahlaing, Meiktila distr.	place-kauk-kwe-vill-obi-or-sajan-min-vill-ib-near-mahlaing-meiktila-distr
obi-v01-n0100-ob-p0167	current_location_original	in situ	place-in-situ
obi-v01-n0101-ob-p0168	place_of_origin_original	?	place-unknown
obi-v01-n0101-ob-p0168	current_location_original	Mandalay Palace stone 33	place-mandalay-palace-stone-33
obi-v01-n0102-ob-p0169	place_of_origin_original	Mahlon	place-mahlon
obi-v01-n0102-ob-p0169	current_location_original	Mandalay Palace stone 353	place-mandalay-palace-stone-353
obi-v01-n0103-ob-p0171	place_of_origin_original	Shagwe village, Wetlet ts., Shwe-bo	place-shagwe-village-wetlet-ts-shwe-bo
obi-v01-n0103-ob-p0171	current_location_original	in situ	place-in-situ
obi-v01-n0104-ob-p0172	place_of_origin_original	Shwemuttaw temple, Talop-myo	place-shwemuttaw-temple-talop-myo
obi-v01-n0104-ob-p0172	current_location_original	Mandalay Palace stone 34	place-mandalay-palace-stone-34
obi-v01-n0105-ob-p0173	place_of_origin_original	Bagan, Mt. Tuyin	place-bagan-mt-tuyin
obi-v01-n0105-ob-p0173	current_location_original	in situ	place-in-situ
obi-v01-n0106-ob-p0174	place_of_origin_original	Kyaukbu village near Meiktila	place-kyaukbu-village-near-meiktila
obi-v01-n0106-ob-p0174	current_location_original	in situ	place-in-situ
obi-v01-n0107-ob-p0175	place_of_origin_original	very likely Bagan	place-very-likely-bagan
obi-v01-n0107-ob-p0175	current_location_original	Mandalay Palace stone 416	place-mandalay-palace-stone-416
obi-v01-n0107-re-p0175	place_of_origin_original	very likely Bagan	place-very-likely-bagan
obi-v01-n0107-re-p0175	current_location_original	Mandalay Palace stone 416	place-mandalay-palace-stone-416
obi-v01-n0108-tx-p0176	place_of_origin_original	Anantathu monastery, Minnanthu, Bagan	place-anantathu-monastery-minnanthu-bagan
obi-v01-n0108-tx-p0176	current_location_original	in situ	place-in-situ
obi-v01-n0109-ob-p0179	place_of_origin_original	Shwepalaung monastery, Myinmu	place-shwepalaung-monastery-myinmu
obi-v01-n0109-ob-p0179	current_location_original	in situ	place-in-situ
obi-v01-n0110-ob-p0183	place_of_origin_original	?	place-unknown
obi-v01-n0110-ob-p0183	current_location_original	Mandalay Palace stone 30	place-mandalay-palace-stone-30
obi-v01-n0111-re-p0184	place_of_origin_original	Bagan	place-bagan
obi-v01-n0111-re-p0184	current_location_original	New Bagan Museum stone I (old PM number 84)	place-new-bagan-museum-stone-i-old-pm-number-84
obi-v01-n0113-ob-p0185	place_of_origin_original	Shinbinsettaw temple, Sale	place-shinbinsettaw-temple-sale
obi-v01-n0113-ob-p0185	current_location_original	in situ	place-in-situ
obi-v01-n0114-ob-p0186	place_of_origin_original	Taungbo village, Meiktila	place-taungbo-village-meiktila
obi-v01-n0114-ob-p0186	current_location_original	in situ	place-in-situ
obi-v01-n0115-ob-p0187	place_of_origin_original	?	place-unknown
obi-v01-n0115-ob-p0187	current_location_original	Mandalay Palace stone 371	place-mandalay-palace-stone-371
obi-v01-n0116-ob-p0188	place_of_origin_original	Nga-man-aung temple between Ye-lay and Ngisu villages, Sale distr.	place-nga-man-aung-temple-between-ye-lay-and-ngisu-villages-sale-distr
obi-v01-n0116-ob-p0188	current_location_original	in situ	place-in-situ
obi-v01-n0117-ob-p0189	place_of_origin_original	Halin	place-halin
obi-v01-n0117-ob-p0189	current_location_original	in situ	place-in-situ
obi-v01-n0119-ob-p0191	place_of_origin_original	?	place-unknown
obi-v01-n0119-ob-p0191	current_location_original	Mandalay Palace stones 477 and 403	place-mandalay-palace-stones-477-and-403
obi-v01-n0121-tx-p0193	place_of_origin_original	Anantathu complex, Minnanthu, Bagan,	place-anantathu-complex-minnanthu-bagan
obi-v01-n0121-tx-p0193	current_location_original	in situ	place-in-situ
obi-v01-n0121-tx-p0198	place_of_origin_original	Bagan	place-bagan
obi-v01-n0121-tx-p0198	current_location_original	Bagan Museum stone 76	place-bagan-museum-stone-76
obi-v01-n0123-ob-p0202	place_of_origin_original	Tamani complex, Bagan	place-tamani-complex-bagan
obi-v01-n0123-ob-p0202	current_location_original	New Bagan Museum stone 159	place-new-bagan-museum-stone-159
obi-v01-n0124-ob-p0203	place_of_origin_original	Shwebontha temple between Milaung-pya and Lay-gan villages E of the Bagan-Kyauk road	place-shwebontha-temple-between-milaung-pya-and-lay-gan-villages-e-of-the-bagan-kyauk-road
obi-v01-n0124-ob-p0203	current_location_original	in situ	place-in-situ
obi-v01-n0125-ob-p0204	place_of_origin_original	?	place-unknown
obi-v01-n0125-ob-p0204	current_location_original	Mandalay Palace stone 223	place-mandalay-palace-stone-223
obi-v01-n0126-ob-p0205	place_of_origin_original	in shed near IMP 2224, Mt. Thetso, Bagan	place-in-shed-near-imp-2224-mt-thetso-bagan
obi-v01-n0126-ob-p0205	current_location_original	in situ	place-in-situ
obi-v01-n0127-ob-p0206	place_of_origin_original	Bagan	place-bagan
obi-v01-n0127-ob-p0206	current_location_original	Bagan Museum stone 81	place-bagan-museum-stone-81
obi-v01-n0128-ob-p0208	place_of_origin_original	Minnanthu, Bagan; now in Anantathu complex	place-minnanthu-bagan-now-in-anantathu-complex
obi-v01-n0128-ob-p0208	current_location_original	copy Mandalay Mahamuni stone xx	place-copy-mandalay-mahamuni-stone-xx
obi-v01-n0129-tx-p0209	place_of_origin_original	West-Phwazaw village, Bagan,	place-west-phwazaw-village-bagan
obi-v01-n0129-tx-p0209	current_location_original	now in Hsudaungpyi inscr. shed	place-now-in-hsudaungpyi-inscr-shed
obi-v01-n0130-ob-p0211	place_of_origin_original	Bagan Mahabodhi	place-bagan-mahabodhi
obi-v01-n0130-ob-p0211	current_location_original	New Bagan Museum stone 13	place-new-bagan-museum-stone-13
obi-v01-n0131-ob-p0212	place_of_origin_original	Sakkay-kyan village, near Mahlaing	place-sakkay-kyan-village-near-mahlaing
obi-v01-n0131-ob-p0212	current_location_original	in situ	place-in-situ
obi-v01-n0132-ob-p0213	place_of_origin_original	Mingalathera mon. (IMP 484), Pagan,	place-mingalathera-mon-imp-484-pagan
obi-v01-n0132-ob-p0213	current_location_original	now in Bogalun temple (IMP 483)	place-now-in-bogalun-temple-imp-483
obi-v01-n0133-ob-p0214	place_of_origin_original	Shwe-muttaw temple, Payagyi vill., Natogyi	place-shwe-muttaw-temple-payagyi-vill-natogyi
obi-v01-n0133-ob-p0214	current_location_original	in situ	place-in-situ
obi-v01-n0134-ob-p0215	place_of_origin_original	Lokananda temple (IMP 1033), Bagan	place-lokananda-temple-imp-1033-bagan
obi-v01-n0134-ob-p0215	current_location_original	in situ	place-in-situ
obi-v01-n0135-ob-p0218	place_of_origin_original	Saw-Min-Lat temple (“a temple N of Ananda and E of Taing -chut temple” – IMP 1961 ?), Bagan,	place-saw-min-lat-temple-a-temple-n-of-ananda-and-e-of-taing-chut-temple-imp-1961-bagan
obi-v01-n0135-ob-p0218	current_location_original	New Bagan Museum stone 46	place-new-bagan-museum-stone-46
obi-v01-n0136-re-p0220	place_of_origin_original	temple no. 91 (old), E of Shwezedi, Myinkaba (IMP 1369, 1308, 1311 or 1312)	place-temple-no-91-old-e-of-shwezedi-myinkaba-imp-1369-1308-1311-or-1312
obi-v01-n0136-re-p0220	current_location_original	New Bagan Museum stone 137b	place-new-bagan-museum-stone-137b
obi-v01-n0137-ob-p0221	place_of_origin_original	Nibban-ywa Shin-pyu temple, Pyinzi, Myingyan district	place-nibban-ywa-shin-pyu-temple-pyinzi-myingyan-district
obi-v01-n0137-ob-p0221	current_location_original	Mandalay Palace stone 309	place-mandalay-palace-stone-309
obi-v01-n0138-ob-p0222	place_of_origin_original	Dhammayazika, Thitmati, Bagan	place-dhammayazika-thitmati-bagan
obi-v01-n0138-ob-p0222	current_location_original	Mandalay Palace stone 23	place-mandalay-palace-stone-23
obi-v01-n0139-ob-p0224	place_of_origin_original	Thitmati, Bagan; Mandalay Palace stone 23	place-thitmati-bagan-mandalay-palace-stone-23
obi-v01-n0139-ob-p0224	current_location_original	Mandalay Mahamuni stone 23xx	place-mandalay-mahamuni-stone-23xx
obi-v01-n0140-ob-p0226	place_of_origin_original	Okpho village near Hsale, Sale distr.	place-okpho-village-near-hsale-sale-distr
obi-v01-n0140-ob-p0226	current_location_original	in situ	place-in-situ
obi-v01-n0141-ob-p0227	place_of_origin_original	E of Shwegyaung mon., Bagan,	place-e-of-shwegyaung-mon-bagan
obi-v01-n0141-ob-p0227	current_location_original	Man dalay Palace stone 409	place-man-dalay-palace-stone-409
obi-v01-n0142-tx-p0238	place_of_origin_original	Anantathu complex, Minnanthu, Bagan	place-anantathu-complex-minnanthu-bagan
obi-v01-n0142-tx-p0238	current_location_original	in situ	place-in-situ
obi-v01-n0143-ob-p0240	place_of_origin_original	West Zanthi temple (IMP 557), Minnanthu, Bagan	place-west-zanthi-temple-imp-557-minnanthu-bagan
obi-v01-n0143-ob-p0240	current_location_original	in situ	place-in-situ
obi-v01-n0144-re-p0242	place_of_origin_original	“a temple N of Ananda and E of Taing -chut temple” (IMP 1961 ?), Bagan; New Bagan Museum stone 46	place-a-temple-n-of-ananda-and-e-of-taing-chut-temple-imp-1961-bagan-new-bagan-museum-stone-46
obi-v01-n0144-re-p0242	current_location_original	Mandalay Mahamuni no. 50	place-mandalay-mahamuni-no-50
obi-v01-n0145-ob-p0244	place_of_origin_original	?; formerly at the Pahtodawgyi, Amarapura	place-formerly-at-the-pahtodawgyi-amarapura
obi-v01-n0145-ob-p0244	current_location_original	now lost	place-now-lost
obi-v01-n0146-tx-p0246	place_of_origin_original	Anantathu complex, Minnanthu, Bagan	place-anantathu-complex-minnanthu-bagan
obi-v01-n0146-tx-p0246	current_location_original	in situ	place-in-situ
obi-v01-n0147-re-p0248	place_of_origin_original	Shwe-muttaw temple, Payagyi vill., Natogyi, Myin gyan district.	place-shwe-muttaw-temple-payagyi-vill-natogyi-myin-gyan-district
obi-v01-n0147-re-p0248	current_location_original	in situ	place-in-situ
obi-v01-n0148-ob-p0249	place_of_origin_original	E of Shwezigon and S of Thutthe mokku temple (IMP 43 or 44), Bagan,	place-e-of-shwezigon-and-s-of-thutthe-mokku-temple-imp-43-or-44-bagan
obi-v01-n0148-ob-p0249	current_location_original	Bagan Museum stone 100	place-bagan-museum-stone-100
obi-v01-n0149-ob-p0251	place_of_origin_original	monastic complex IMP 1117-1118, New Bagan town	place-monastic-complex-imp-1117-1118-new-bagan-town
obi-v01-n0149-ob-p0251	current_location_original	in situ	place-in-situ
obi-v01-n0150-tx-p0253	place_of_origin_original	Hsu-daung-pyi complex, West Phwazaw, Bagan	place-hsu-daung-pyi-complex-west-phwazaw-bagan
obi-v01-n0150-tx-p0253	current_location_original	in situ	place-in-situ
obi-v01-n0151-ob-p0255	place_of_origin_original	? Talop-myo	place-talop-myo
obi-v01-n0151-ob-p0255	current_location_original	Mandalay Palace stone 324	place-mandalay-palace-stone-324
obi-v01-n0152-ob-p0255	place_of_origin_original	Kattukan village Meiktila	place-kattukan-village-meiktila
obi-v01-n0152-ob-p0255	current_location_original	in situ	place-in-situ
obi-v01-n0153-ob-p0256	place_of_origin_original	W of Winidho complex (IMP 643-4 ?), Minnanthu, Bagan	place-w-of-winidho-complex-imp-643-4-minnanthu-bagan
obi-v01-n0153-ob-p0256	current_location_original	now inside IMP xx of the Winidho group	place-now-inside-imp-xx-of-the-winidho-group
obi-v01-n0154-ob-p0257	place_of_origin_original	Mahabodhi, Bagan	place-mahabodhi-bagan
obi-v01-n0154-ob-p0257	current_location_original	New Bagan Museum stone 59	place-new-bagan-museum-stone-59
obi-v01-n0155-ob-p0259	place_of_origin_original	Nan-U village, Pakhangyi Distr.	place-nan-u-village-pakhangyi-distr
obi-v01-n0155-ob-p0259	current_location_original	in situ	place-in-situ
obi-v01-n0156-tx-p0260	place_of_origin_original	Bagan	place-bagan
obi-v01-n0156-tx-p0260	current_location_original	Bagan Museum stone 43	place-bagan-museum-stone-43
obi-v01-n0157-ob-p0263	place_of_origin_original	Hsingut vill. near Wetlet	place-hsingut-vill-near-wetlet
obi-v01-n0157-ob-p0263	current_location_original	Mandalay Palace stone 589a	place-mandalay-palace-stone-589a
obi-v01-n0158-re-p0264	place_of_origin_original	Hsingut village near Wetlet	place-hsingut-village-near-wetlet
obi-v01-n0158-re-p0264	current_location_original	Mandalay Palace stone 589b	place-mandalay-palace-stone-589b
obi-v01-n0158-tx-p0265	place_of_origin_original	Htauklhawka temple (IMP 558, “East Zanthi”), Minnanthu, Bagan	place-htauklhawka-temple-imp-558-east-zanthi-minnanthu-bagan
obi-v01-n0158-tx-p0265	current_location_original	in situ	place-in-situ
obi-v01-n0159-ob-p0265	place_of_origin_original	Htauklhawka temple (IMP 558, “East Zanthi”), Minnanthu, Bagan	place-htauklhawka-temple-imp-558-east-zanthi-minnanthu-bagan
obi-v01-n0159-ob-p0265	current_location_original	in situ	place-in-situ
obi-v01-n0160-ob-p0267	place_of_origin_original	Zeyyathut (Jeyyaswat) temple (IMP 785), East Phwazaw, Bagan	place-zeyyathut-jeyyaswat-temple-imp-785-east-phwazaw-bagan
obi-v01-n0160-ob-p0267	current_location_original	in situ	place-in-situ
obi-v01-n0161-ob-p0270	place_of_origin_original	Bagan	place-bagan
obi-v01-n0161-ob-p0270	current_location_original	Bagan Museum stone 58	place-bagan-museum-stone-58
obi-v01-n0162-tx-p0272	place_of_origin_original	Hsudaungpyi complex, West Phwazaw, Bagan	place-hsudaungpyi-complex-west-phwazaw-bagan
obi-v01-n0162-tx-p0272	current_location_original	in situ	place-in-situ
obi-v01-n0163-re-p0273	place_of_origin_original	Anantathu complex, Minnanthu, Pagan; in situ	place-anantathu-complex-minnanthu-pagan-in-situ
obi-v01-n0163-re-p0273	current_location_original	Mandalay Mahamuni stone xx	place-mandalay-mahamuni-stone-xx
obi-v01-n0166-ob-p0278	place_of_origin_original	Mok-gu temple (IMP ), Wetkyi-in, Bagan	place-mok-gu-temple-imp-wetkyi-in-bagan
obi-v01-n0166-ob-p0278	current_location_original	New Bagan Museum stone 42	place-new-bagan-museum-stone-42
obi-v01-n0167-ob-p0282	place_of_origin_original	IMP 88-90, Thette village, Bagan	place-imp-88-90-thette-village-bagan
obi-v01-n0167-ob-p0282	current_location_original	in situ	place-in-situ
obi-v01-n0169-ob-p0287	place_of_origin_original	E of Kunhsaw-zedi (IMP 263-67 or 273), Wetkyi-in, Bagan	place-e-of-kunhsaw-zedi-imp-263-67-or-273-wetkyi-in-bagan
obi-v01-n0169-ob-p0287	current_location_original	Bagan Museum stone 53	place-bagan-museum-stone-53
obi-v01-n0170-ob-p0289	place_of_origin_original	“from an Ok-kyaung 200 yds south of the Myazigon” (IMP 2129-37), Wet-kyi-in, Bagan	place-from-an-ok-kyaung-200-yds-south-of-the-myazigon-imp-2129-37-wet-kyi-in-bagan
obi-v01-n0170-ob-p0289	current_location_original	Bagan Museum stone 157	place-bagan-museum-stone-157
obi-v01-n0170-re-p0289	place_of_origin_original	“from an Ok-kyaung 200 yds south of the Myazigon” (IMP 2129-37), Wet-kyi-in, Bagan	place-from-an-ok-kyaung-200-yds-south-of-the-myazigon-imp-2129-37-wet-kyi-in-bagan
obi-v01-n0170-re-p0289	current_location_original	Bagan Museum stone 157	place-bagan-museum-stone-157
obi-v01-n0171-ob-p0290	place_of_origin_original	?	place-unknown
obi-v01-n0171-ob-p0290	current_location_original	Mandalay Palace stone 354	place-mandalay-palace-stone-354
obi-v01-n0172-ob-p0291	place_of_origin_original	IMP 88-90 ?, Bagan	place-imp-88-90-bagan
obi-v01-n0172-ob-p0291	current_location_original	Bagan Museum stone 48	place-bagan-museum-stone-48
obi-v01-n0173-ob-p0298	place_of_origin_original	?	place-unknown
obi-v01-n0173-ob-p0298	current_location_original	Mandalay Palace stone 27	place-mandalay-palace-stone-27
obi-v01-n0174-ob-p0298	place_of_origin_original	Bagan citadel (IMP 1679 ?)	place-bagan-citadel-imp-1679
obi-v01-n0174-ob-p0298	current_location_original	New Bagan Museum stone 44	place-new-bagan-museum-stone-44
obi-v01-n0175-ob-p0302	place_of_origin_original	?	place-unknown
obi-v01-n0175-ob-p0302	current_location_original	Mandalay Palace stone 13	place-mandalay-palace-stone-13
obi-v01-n0176-tx-p0302	place_of_origin_original	Hsudaung-pyi complex, West Phwazaw, Bagan	place-hsudaung-pyi-complex-west-phwazaw-bagan
obi-v01-n0176-tx-p0302	current_location_original	in situ	place-in-situ
obi-v01-n0177-ob-p0304	place_of_origin_original	Shinbin-settawya temple, Nyisu vill., Sale distr.	place-shinbin-settawya-temple-nyisu-vill-sale-distr
obi-v01-n0177-ob-p0304	current_location_original	in situ	place-in-situ
obi-v01-n0178-tx-p0305	place_of_origin_original	Bagan	place-bagan
obi-v01-n0178-tx-p0305	current_location_original	New Bagan Museum stone 21	place-new-bagan-museum-stone-21
obi-v01-n0179-tx-p0306	place_of_origin_original	Bagan Mahabodhi; New Bagan Museum stone 60	place-bagan-mahabodhi-new-bagan-museum-stone-60
obi-v01-n0179-tx-p0306	current_location_original	Mandalay Mahamuni no. 63	place-mandalay-mahamuni-no-63
obi-v01-n0181-ob-p0311	place_of_origin_original	Shwegyaung monastery (“about 800 feet SW of Shwezigon”), Wetkyi-in, Bagan	place-shwegyaung-monastery-about-800-feet-sw-of-shwezigon-wetkyi-in-bagan
obi-v01-n0181-ob-p0311	current_location_original	in situ	place-in-situ
obi-v01-n0182-ob-p0314	place_of_origin_original	a cave temple NW of Sakyamuni, Nyaung-U (IMP 2244)	place-a-cave-temple-nw-of-sakyamuni-nyaung-u-imp-2244
obi-v01-n0182-ob-p0314	current_location_original	now inside Sakya muni temple	place-now-inside-sakya-muni-temple
obi-v01-n0183-ob-p0315	place_of_origin_original	Mahabodhi, Bagan	place-mahabodhi-bagan
obi-v01-n0183-ob-p0315	current_location_original	Bagan Museum stone 62	place-bagan-museum-stone-62
obi-v01-n0184-ob-p0316	place_of_origin_original	“a mon. N of Wetkyi-in”, Bagan	place-a-mon-n-of-wetkyi-in-bagan
obi-v01-n0184-ob-p0316	current_location_original	New Bagan Museum stone 41	place-new-bagan-museum-stone-41
obi-v01-n0185-ob-p0318	place_of_origin_original	“Athinkaya monastery” E of Wetkyi-in monastery (Shwegyaung), Bagan	place-athinkaya-monastery-e-of-wetkyi-in-monastery-shwegyaung-bagan
obi-v01-n0185-ob-p0318	current_location_original	in situ	place-in-situ
obi-v01-n0186-ob-p0319	place_of_origin_original	Bagan, Myinkaba	place-bagan-myinkaba
obi-v01-n0186-ob-p0319	current_location_original	New Bagan Museum stone 61	place-new-bagan-museum-stone-61
obi-v01-n0187-ob-p0320	place_of_origin_original	Malunpyit temple (IMP 667), Minnanthu, Bagan	place-malunpyit-temple-imp-667-minnanthu-bagan
obi-v01-n0187-ob-p0320	current_location_original	in situ	place-in-situ
obi-v01-n0188-ob-p0321	place_of_origin_original	Yan-aung-myint (aka Gavam) temple and Lak-saññ-rhaññ temple; Bagan	place-yan-aung-myint-aka-gavam-temple-and-lak-sa-rha-temple-bagan
obi-v01-n0188-ob-p0321	current_location_original	Mandalay Palace stone 10 and Mandalay Mahamuni nos. 88 and 158	place-mandalay-palace-stone-10-and-mandalay-mahamuni-nos-88-and-158
obi-v01-n0189-ob-p0322	place_of_origin_original	Bagan; Mandalay Palace stone 9	place-bagan-mandalay-palace-stone-9
obi-v01-n0189-ob-p0322	current_location_original	copy Mandalay Mahamuni no. 106	place-copy-mandalay-mahamuni-no-106
obi-v01-n0190-ob-p0324	place_of_origin_original	“from a field SE of Nagayon temple”, Myinkaba, Bagan	place-from-a-field-se-of-nagayon-temple-myinkaba-bagan
obi-v01-n0190-ob-p0324	current_location_original	Bagan Museum stone 134	place-bagan-museum-stone-134
obi-v01-n0191-ob-p0325	place_of_origin_original	Shin Pandaw temple (spelt pan-nobhurā: in the inscr.), Halin	place-shin-pandaw-temple-spelt-pan-nobhur-in-the-inscr-halin
obi-v01-n0191-ob-p0325	current_location_original	Mandalay Mahamuni nos. xxx, xxx and 447	place-mandalay-mahamuni-nos-xxx-xxx-and-447
obi-v01-n0192-ob-p0326	place_of_origin_original	?	place-unknown
obi-v01-n0192-ob-p0326	current_location_original	Mandalay Palace stone 246	place-mandalay-palace-stone-246
obi-v01-n0193-ob-p0328	place_of_origin_original	“Yan-aung-myin” temple, Bagan	place-yan-aung-myin-temple-bagan
obi-v01-n0193-ob-p0328	current_location_original	Mandalay Palace stone 6	place-mandalay-palace-stone-6
obi-v01-n0194-ob-p0329	place_of_origin_original	Htilaingshin temple, Pareimma vill.	place-htilaingshin-temple-pareimma-vill
obi-v01-n0194-ob-p0329	current_location_original	Mandalay Palace stone 5	place-mandalay-palace-stone-5
obi-v01-n0194-re-p0330	place_of_origin_original	Pareima; Mandalay Palace stone 5	place-pareima-mandalay-palace-stone-5
obi-v01-n0194-re-p0330	current_location_original	Mandalay Mahamuni no. 285	place-mandalay-mahamuni-no-285
obi-v01-n0195-ob-p0331	place_of_origin_original	Lhe-tauk temple, Taungpyon,	place-lhe-tauk-temple-taungpyon
obi-v01-n0195-ob-p0331	current_location_original	Mandalay Palace stone 4	place-mandalay-palace-stone-4
obi-v01-n0196-ob-p0333	place_of_origin_original	Talop-myo, Hsingut village	place-talop-myo-hsingut-village
obi-v01-n0196-ob-p0333	current_location_original	Mandalay Palace stone 16	place-mandalay-palace-stone-16
obi-v01-n0197-ob-p0334	place_of_origin_original	“from a field SE of Nagayon temple”, Myinkaba, Bagan	place-from-a-field-se-of-nagayon-temple-myinkaba-bagan
obi-v01-n0197-ob-p0334	current_location_original	Bagan Museum stone 135	place-bagan-museum-stone-135
obi-v01-n0197-re-p0336	place_of_origin_original	“from a field SE of Nagayon temple”, Myinkaba, Bagan	place-from-a-field-se-of-nagayon-temple-myinkaba-bagan
obi-v01-n0197-re-p0336	current_location_original	Bagan Museum stone 135	place-bagan-museum-stone-135
obi-v01-n0198-ob-p0337	place_of_origin_original	Sheinmaka village, Shwebo District.	place-sheinmaka-village-shwebo-district
obi-v01-n0198-ob-p0337	current_location_original	in situ	place-in-situ
obi-v01-n0199-ob-p0339	place_of_origin_original	Shinpyu-shinhla zedi, Sagaing	place-shinpyu-shinhla-zedi-sagaing
obi-v01-n0199-ob-p0339	current_location_original	in situ	place-in-situ
obi-v01-n0200-ob-p0340	place_of_origin_original	Laungshe village, Pakkoku district.	place-laungshe-village-pakkoku-district
obi-v01-n0200-ob-p0340	current_location_original	in situ	place-in-situ
obi-v01-n0201-re-p0342	place_of_origin_original	Ye-U monastery, Thawtapan village	place-ye-u-monastery-thawtapan-village
obi-v01-n0201-re-p0342	current_location_original	Sagaing Htu payon stone 58b	place-sagaing-htu-payon-stone-58b
obi-v01-n0202-re-p0343	place_of_origin_original	?	place-unknown
obi-v01-n0202-re-p0343	current_location_original	Mandalay Palace stone 135	place-mandalay-palace-stone-135
obi-v01-n0203-ob-p0344	place_of_origin_original	Kyaukse ? (Webu stone)	place-kyaukse-webu-stone
obi-v01-n0203-ob-p0344	current_location_original	Mandalay Palace stone 20	place-mandalay-palace-stone-20
obi-v01-n0204-ob-p0345	place_of_origin_original	?	place-unknown
obi-v01-n0204-ob-p0345	current_location_original	Mandalay Palace stone 501	place-mandalay-palace-stone-501
obi-v01-n0204-re-p0346	place_of_origin_original	Bagan?	place-bagan
obi-v01-n0204-re-p0346	current_location_original	Mandalay Palace stone 501	place-mandalay-palace-stone-501
obi-v01-n0205-ob-p0347	place_of_origin_original	Culamani temple, Bagan (IMP xxx); in situ	place-culamani-temple-bagan-imp-xxx-in-situ
obi-v01-n0205-ob-p0347	current_location_original	Mandalay Mahamuni nos. 100 and 71	place-mandalay-mahamuni-nos-100-and-71
obi-v01-n0206-re-p0351	place_of_origin_original	Kyaungtwin village near Pakhan-gyi	place-kyaungtwin-village-near-pakhan-gyi
obi-v01-n0206-re-p0351	current_location_original	now inside Lontawgyi-paya, Pakhan-gyi	place-now-inside-lontawgyi-paya-pakhan-gyi
obi-v01-n0207-ob-p0352	place_of_origin_original	Nadaungdat temple (IMP 1743), Pagan	place-nadaungdat-temple-imp-1743-pagan
obi-v01-n0207-ob-p0352	current_location_original	New Bagan Museum stone 56	place-new-bagan-museum-stone-56
obi-v01-n0208-ob-p0353	place_of_origin_original	Kansway temple, Sale, Magwe distr.	place-kansway-temple-sale-magwe-distr
obi-v01-n0208-ob-p0353	current_location_original	in situ	place-in-situ
obi-v01-n0209-ob-p0354	place_of_origin_original	Sagyo temple, Sale, Magwe distr.	place-sagyo-temple-sale-magwe-distr
obi-v01-n0209-ob-p0354	current_location_original	in situ	place-in-situ
obi-v01-n0212-ob-p0360	place_of_origin_original	Thitmati (perhaps S of Dhammayazika), Bagan; Mandalay Palace stone 49; perhaps a copy from Shwe-gyaung beik, Taung dwin	place-thitmati-perhaps-s-of-dhammayazika-bagan-mandalay-palace-stone-49-perhaps-a-copy-from-shwe-gyaung-beik-taung-dwin
obi-v01-n0212-ob-p0360	current_location_original	copy Mandalay Mahamuni no. 27	place-copy-mandalay-mahamuni-no-27
obi-v01-n0213-ob-p0362	place_of_origin_original	Shwemuttaw temple, Khinmun vill., Chaung-U ts.; in situ	place-shwemuttaw-temple-khinmun-vill-chaung-u-ts-in-situ
obi-v01-n0213-ob-p0362	current_location_original	Mandalay Mahamuni	place-mandalay-mahamuni
obi-v01-n0214-ob-p0363	place_of_origin_original	Sagyo temple, Sale, Magwe District.	place-sagyo-temple-sale-magwe-district
obi-v01-n0214-ob-p0363	current_location_original	in situ	place-in-situ
obi-v01-n0215-ob-p0365	place_of_origin_original	Kyantha temple, Myinmu Sagaing distr.	place-kyantha-temple-myinmu-sagaing-distr
obi-v01-n0215-ob-p0365	current_location_original	in situ	place-in-situ
obi-v01-n0216-ob-p0366	place_of_origin_original	Shwegyaung monastery (E temple), Wetgyi-in, Bagan; Mandalay Palace stone 77	place-shwegyaung-monastery-e-temple-wetgyi-in-bagan-mandalay-palace-stone-77
obi-v01-n0216-ob-p0366	current_location_original	Mandalay Mahamuni nos. 30 and 22	place-mandalay-mahamuni-nos-30-and-22
obi-v01-n0218-ob-p0370	place_of_origin_original	?	place-unknown
obi-v01-n0218-ob-p0370	current_location_original	Mandalay Palace stone 7	place-mandalay-palace-stone-7
obi-v01-n0219-ob-p0371	place_of_origin_original	a site “E of Bagan”; Mandalay Ma hamuni nos. 262 and 264	place-a-site-e-of-bagan-mandalay-ma-hamuni-nos-262-and-264
obi-v01-n0219-ob-p0371	current_location_original	Shwedwin-aung temple, Amyint (List 157)	place-shwedwin-aung-temple-amyint-list-157
obi-v01-n0221-tx-p0375	place_of_origin_original	Dhammayon temple, Pakhan-gyi	place-dhammayon-temple-pakhan-gyi
obi-v01-n0221-tx-p0375	current_location_original	now stone no. 2 in inscr. shed of Shinbinpaykyauk temple	place-now-stone-no-2-in-inscr-shed-of-shinbinpaykyauk-temple
obi-v01-n0221-tx-p0376	place_of_origin_original	Lemyethna temple, Tape (Tapay); Mandalay Palace stone 29; duplicate from Tamani complex, Bagan	place-lemyethna-temple-tape-tapay-mandalay-palace-stone-29-duplicate-from-tamani-complex-bagan
obi-v01-n0221-tx-p0376	current_location_original	New Bagan Museum stone 159	place-new-bagan-museum-stone-159
obi-v01-n0222-re-p0376	place_of_origin_original	Lemyethna temple, Tape (Tapay); Mandalay Palace stone 29; duplicate from Tamani complex, Bagan	place-lemyethna-temple-tape-tapay-mandalay-palace-stone-29-duplicate-from-tamani-complex-bagan
obi-v01-n0222-re-p0376	current_location_original	New Bagan Museum stone 159	place-new-bagan-museum-stone-159
obi-v01-n0224-ob-p0379	place_of_origin_original	Nagagyaung, Bagan; Mandalay Palace stones 275 and 28	place-nagagyaung-bagan-mandalay-palace-stones-275-and-28
obi-v01-n0224-ob-p0379	current_location_original	Mandalay Mahamuni nos. xxx	place-mandalay-mahamuni-nos-xxx
obi-v01-n0225-ob-p0381	place_of_origin_original	Bagan ?	place-bagan
obi-v01-n0225-ob-p0381	current_location_original	Mandalay Palace stone 39	place-mandalay-palace-stone-39
obi-v02-n0001-ob-p0001	place_of_origin_original	Hsu-pyu-kun village, Natogyi	place-hsu-pyu-kun-village-natogyi
obi-v02-n0001-ob-p0001	current_location_original	in situ	place-in-situ
obi-v02-n0002-ob-p0003	place_of_origin_original	Bagan, Minnanthu vill.	place-bagan-minnanthu-vill
obi-v02-n0002-ob-p0003	current_location_original	now in inscription shed of Anantathu monastery	place-now-in-inscription-shed-of-anantathu-monastery
obi-v02-n0003-ob-p0004	place_of_origin_original	Thonpanhla temple, Talop-myo, Myingyan distr.; Mandalay Palace stone 502	place-thonpanhla-temple-talop-myo-myingyan-distr-mandalay-palace-stone-502
obi-v02-n0003-ob-p0004	current_location_original	Mandalay Mahamuni	place-mandalay-mahamuni
obi-v02-n0004-ob-p0006	place_of_origin_original	Hsinpyushin complex, West Phwazaw, Bagan	place-hsinpyushin-complex-west-phwazaw-bagan
obi-v02-n0004-ob-p0006	current_location_original	in situ	place-in-situ
obi-v02-n0005-re-p0009	place_of_origin_original	Thein-paya, Sunye village, Kyaukse distr.	place-thein-paya-sunye-village-kyaukse-distr
obi-v02-n0005-re-p0009	current_location_original	in situ	place-in-situ
obi-v02-n0006-ob-p0010	place_of_origin_original	Hsu-pyu-kun village, Natogyi	place-hsu-pyu-kun-village-natogyi
obi-v02-n0006-ob-p0010	current_location_original	in situ	place-in-situ
obi-v02-n0007-ob-p0011	place_of_origin_original	Hsu-pyu-kun village, Natogyi	place-hsu-pyu-kun-village-natogyi
obi-v02-n0007-ob-p0011	current_location_original	in situ	place-in-situ
obi-v02-n0007-re-p0011	place_of_origin_original	Hsu-pyu-kun village, Natogyi	place-hsu-pyu-kun-village-natogyi
obi-v02-n0007-re-p0011	current_location_original	in situ	place-in-situ
obi-v02-n0008-re-p0013	place_of_origin_original	Hsu-pyu-kun village, Natogyi	place-hsu-pyu-kun-village-natogyi
obi-v02-n0008-re-p0013	current_location_original	in situ	place-in-situ
obi-v02-n0009-ob-p0014	place_of_origin_original	Hsu-pyu-kun village, Natogyi	place-hsu-pyu-kun-village-natogyi
obi-v02-n0009-ob-p0014	current_location_original	in situ	place-in-situ
obi-v02-n0010-ob-p0015	place_of_origin_original	“a ruined temple close to Myagan (Alam bagan) tank” (IMP 2240), Bagan	place-a-ruined-temple-close-to-myagan-alam-bagan-tank-imp-2240-bagan
obi-v02-n0010-ob-p0015	current_location_original	now lost	place-now-lost
obi-v02-n0011-ob-p0017	place_of_origin_original	Hsu-pyu-kun village, Natogyi	place-hsu-pyu-kun-village-natogyi
obi-v02-n0011-ob-p0017	current_location_original	in situ	place-in-situ
obi-v02-n0012-ob-p0018	place_of_origin_original	Hsu-pyu-kun village, Natogyi	place-hsu-pyu-kun-village-natogyi
obi-v02-n0012-ob-p0018	current_location_original	in situ	place-in-situ
obi-v02-n0013-ob-p0020	place_of_origin_original	Shwe-min-taw-gyaung (IMP 1177) Myinkaba, Bagan	place-shwe-min-taw-gyaung-imp-1177-myinkaba-bagan
obi-v02-n0013-ob-p0020	current_location_original	New Bagan Museum stone 161	place-new-bagan-museum-stone-161
obi-v02-n0014-ob-p0021	place_of_origin_original	Hmanlyo village, Chaung-U	place-hmanlyo-village-chaung-u
obi-v02-n0014-ob-p0021	current_location_original	in situ	place-in-situ
obi-v02-n0015-ob-p0022	place_of_origin_original	Hsalay village, Sale Distr.	place-hsalay-village-sale-distr
obi-v02-n0015-ob-p0022	current_location_original	in situ	place-in-situ
obi-v02-n0016-ob-p0024	place_of_origin_original	North Guni (IMP 766), Bagan	place-north-guni-imp-766-bagan
obi-v02-n0016-ob-p0024	current_location_original	New Bagan Museum stone 40	place-new-bagan-museum-stone-40
obi-v02-n0017-ob-p0027	place_of_origin_original	Letputkan temple (IMP 711), Minnanthu, Bagan	place-letputkan-temple-imp-711-minnanthu-bagan
obi-v02-n0017-ob-p0027	current_location_original	in situ	place-in-situ
obi-v02-n0018-ob-p0029	place_of_origin_original	Shwezigon stupa, Bagan	place-shwezigon-stupa-bagan
obi-v02-n0018-ob-p0029	current_location_original	in situ	place-in-situ
obi-v02-n0019-ob-p0030	place_of_origin_original	an old temple E of Taunggut vill. near Kume, Kyaukse distr.	place-an-old-temple-e-of-taunggut-vill-near-kume-kyaukse-distr
obi-v02-n0019-ob-p0030	current_location_original	in situ	place-in-situ
obi-v02-n0019-re-p0031	place_of_origin_original	Bagan, Minnanthu vill.	place-bagan-minnanthu-vill
obi-v02-n0019-re-p0031	current_location_original	now in inscription shed of Anantathu monastery	place-now-in-inscription-shed-of-anantathu-monastery
obi-v02-n0020-ob-p0033	place_of_origin_original	Bagan, Minnanthu vill.	place-bagan-minnanthu-vill
obi-v02-n0020-ob-p0033	current_location_original	now in inscription shed of Anantathu monastery	place-now-in-inscription-shed-of-anantathu-monastery
obi-v02-n0020-re-p0035	place_of_origin_original	Bagan, Minnanthu vill.	place-bagan-minnanthu-vill
obi-v02-n0020-re-p0035	current_location_original	now in inscription shed of Anantathu monastery	place-now-in-inscription-shed-of-anantathu-monastery
obi-v02-n0021-ob-p0037	place_of_origin_original	Bagan, Minnanthu vill.	place-bagan-minnanthu-vill
obi-v02-n0021-ob-p0037	current_location_original	now in inscription shed of Anantathu monastery	place-now-in-inscription-shed-of-anantathu-monastery
obi-v02-n0022-ob-p0041	place_of_origin_original	Bagan Mahabodhi	place-bagan-mahabodhi
obi-v02-n0022-ob-p0041	current_location_original	New Bagan Museum stone 63	place-new-bagan-museum-stone-63
obi-v02-n0023-ob-p0044	place_of_origin_original	N of Anantathu complex, Minnanthu, Bagan	place-n-of-anantathu-complex-minnanthu-bagan
obi-v02-n0023-ob-p0044	current_location_original	New Bagan Museum stone 130	place-new-bagan-museum-stone-130
obi-v02-n0024-ob-p0047	place_of_origin_original	Tanhsaung-paya (IMP 2095), Bagan	place-tanhsaung-paya-imp-2095-bagan
obi-v02-n0024-ob-p0047	current_location_original	New Bagan Museum stone 37-38	place-new-bagan-museum-stone-37-38
obi-v02-n0025-ob-p0049	place_of_origin_original	Thonpanhla temple, Talop-myo, Myingyan distr.; Mandalay Palace stone 502	place-thonpanhla-temple-talop-myo-myingyan-distr-mandalay-palace-stone-502
obi-v02-n0025-ob-p0049	current_location_original	Mandalay Mahamuni	place-mandalay-mahamuni
obi-v02-n0026-re-p0051	place_of_origin_original	Letputkan temple (IMP 711), Minnanthu, Bagan	place-letputkan-temple-imp-711-minnanthu-bagan
obi-v02-n0026-re-p0051	current_location_original	in situ	place-in-situ
obi-v02-n0027-ob-p0052	place_of_origin_original	Mingon village, Wetlet ts.	place-mingon-village-wetlet-ts
obi-v02-n0027-ob-p0052	current_location_original	now at Thitsein	place-now-at-thitsein
obi-v02-n0028-ob-p0053	place_of_origin_original	Shwemuttaw temple, Laygyi village, Sagaing distr.	place-shwemuttaw-temple-laygyi-village-sagaing-distr
obi-v02-n0028-ob-p0053	current_location_original	in situ	place-in-situ
obi-v02-n0029-ob-p0054	place_of_origin_original	SW of Dhammayazika (IMP 984 or 934), West Phwazaw, Bagan	place-sw-of-dhammayazika-imp-984-or-934-west-phwazaw-bagan
obi-v02-n0029-ob-p0054	current_location_original	Bagan Mu se um stone 129	place-bagan-mu-se-um-stone-129
obi-v02-n0030-ob-p0056	place_of_origin_original	Shwegu temple, Myinzi, Shwebo distr.	place-shwegu-temple-myinzi-shwebo-distr
obi-v02-n0030-ob-p0056	current_location_original	Mandalay Palace stone 116a	place-mandalay-palace-stone-116a
obi-v02-n0031-ob-p0058	place_of_origin_original	“Bagan kyaung”, Bagan	place-bagan-kyaung-bagan
obi-v02-n0031-ob-p0058	current_location_original	Mandalay Palace stone 45a	place-mandalay-palace-stone-45a
obi-v02-n0032-ob-p0060	place_of_origin_original	Hsinpyushin complex, West Phwazaw, Bagan	place-hsinpyushin-complex-west-phwazaw-bagan
obi-v02-n0032-ob-p0060	current_location_original	in situ	place-in-situ
obi-v02-n0033-ob-p0061	place_of_origin_original	Hsinpyushin complex, West Phwazaw, Bagan	place-hsinpyushin-complex-west-phwazaw-bagan
obi-v02-n0033-ob-p0061	current_location_original	in situ	place-in-situ
obi-v02-n0033-re-p0063	place_of_origin_original	Hsinpyushin complex, West Phwazaw, Bagan	place-hsinpyushin-complex-west-phwazaw-bagan
obi-v02-n0033-re-p0063	current_location_original	in situ	place-in-situ
obi-v02-n0034-ob-p0064	place_of_origin_original	Hsinpyushin complex, West Phwazaw, Bagan	place-hsinpyushin-complex-west-phwazaw-bagan
obi-v02-n0034-ob-p0064	current_location_original	in situ	place-in-situ
obi-v02-n0035-ob-p0066	place_of_origin_original	Hsinpyushin complex, West Phwazaw, Bagan	place-hsinpyushin-complex-west-phwazaw-bagan
obi-v02-n0035-ob-p0066	current_location_original	in situ	place-in-situ
obi-v02-n0035-re-p0068	place_of_origin_original	Hsinpyushin complex, West Phwazaw, Bagan	place-hsinpyushin-complex-west-phwazaw-bagan
obi-v02-n0035-re-p0068	current_location_original	in situ	place-in-situ
obi-v02-n0036-ob-p0069	place_of_origin_original	Hsinpyushin complex, West Phwazaw, Bagan	place-hsinpyushin-complex-west-phwazaw-bagan
obi-v02-n0036-ob-p0069	current_location_original	in situ	place-in-situ
obi-v02-n0037-ob-p0069	place_of_origin_original	Hsinpyushin complex, West Phwazaw, Bagan	place-hsinpyushin-complex-west-phwazaw-bagan
obi-v02-n0037-ob-p0069	current_location_original	in situ	place-in-situ
obi-v02-n0038-ob-p0072	place_of_origin_original	Anantathu complex, Minnanthu, Pagan; in situ	place-anantathu-complex-minnanthu-pagan-in-situ
obi-v02-n0038-ob-p0072	current_location_original	Mandalay Mahamuni no. 158	place-mandalay-mahamuni-no-158
obi-v02-n0039-ob-p0074	place_of_origin_original	Sagaing ?	place-sagaing
obi-v02-n0039-ob-p0074	current_location_original	Mandalay Palace stone 310	place-mandalay-palace-stone-310
obi-v02-n0040-ob-p0074	place_of_origin_original	Malonpyit temple (IMP 667), Minnanthu, Bagan	place-malonpyit-temple-imp-667-minnanthu-bagan
obi-v02-n0040-ob-p0074	current_location_original	in situ	place-in-situ
obi-v02-n0041-ob-p0076	place_of_origin_original	Bagan Mahabodhi	place-bagan-mahabodhi
obi-v02-n0041-ob-p0076	current_location_original	Bagan Museum stone 20	place-bagan-museum-stone-20
obi-v02-n0042-ob-p0078	place_of_origin_original	Bagan?	place-bagan
obi-v02-n0042-ob-p0078	current_location_original	Mandalay Palace stone 247a+b	place-mandalay-palace-stone-247a-b
obi-v02-n0043-ob-p0082	place_of_origin_original	Myinmu-myo	place-myinmu-myo
obi-v02-n0043-ob-p0082	current_location_original	Myinmu-myo	place-myinmu-myo
obi-v02-n0044-ob-p0083	place_of_origin_original	Thayagon village, Myingun ts.	place-thayagon-village-myingun-ts
obi-v02-n0044-ob-p0083	current_location_original	now at Myingun inscr. shed	place-now-at-myingun-inscr-shed
obi-v02-n0045-ob-p0083	place_of_origin_original	?	place-unknown
obi-v02-n0045-ob-p0083	current_location_original	Mandalay Palace stone 468a+b	place-mandalay-palace-stone-468a-b
obi-v02-n0046-ob-p0085	place_of_origin_original	Lokananta (IMP 1023), Thiripyit-saya, Bagan	place-lokananta-imp-1023-thiripyit-saya-bagan
obi-v02-n0046-ob-p0085	current_location_original	in situ	place-in-situ
obi-v02-n0047-re-p0087	place_of_origin_original	Mt. Thetso, Bagan	place-mt-thetso-bagan
obi-v02-n0047-re-p0087	current_location_original	in situ	place-in-situ
obi-v02-n0048-ob-p0087	place_of_origin_original	Myingun town, Magwe Distr.	place-myingun-town-magwe-distr
obi-v02-n0048-ob-p0087	current_location_original	now in Mandalay Monastery, Myingun	place-now-in-mandalay-monastery-myingun
obi-v02-n0049-ob-p0088	place_of_origin_original	U Pho Saw’s field, NW of Kusina yon (IMP 1187 or 1264), Myinkaba, Bagan	place-u-pho-saw-s-field-nw-of-kusina-yon-imp-1187-or-1264-myinkaba-bagan
obi-v02-n0049-ob-p0088	current_location_original	New Bagan Museum stone 118	place-new-bagan-museum-stone-118
obi-v02-n0050-ob-p0089	place_of_origin_original	Bagan, Mahabodhi	place-bagan-mahabodhi
obi-v02-n0050-ob-p0089	current_location_original	New Bagan Museum stone 64	place-new-bagan-museum-stone-64
obi-v02-n0051-ob-p0091	place_of_origin_original	Thein-paya, Sunye village, Kyaukse distr.	place-thein-paya-sunye-village-kyaukse-distr
obi-v02-n0051-ob-p0091	current_location_original	in situ	place-in-situ
obi-v02-n0052-ob-p0092	place_of_origin_original	Thein-paya, Sunye village, Kyaukse distr.	place-thein-paya-sunye-village-kyaukse-distr
obi-v02-n0052-ob-p0092	current_location_original	in situ	place-in-situ
obi-v02-n0053-re-p0096	place_of_origin_original	Thein-paya, Sunye village, Kyaukse distr.	place-thein-paya-sunye-village-kyaukse-distr
obi-v02-n0053-re-p0096	current_location_original	in situ	place-in-situ
obi-v02-n0053-tx-p0093	place_of_origin_original	Kassapa complex, Minnanthu, Bagan	place-kassapa-complex-minnanthu-bagan
obi-v02-n0053-tx-p0093	current_location_original	now in IMP 491 (Acaw Kyun)	place-now-in-imp-491-acaw-kyun
obi-v02-n0054-ob-p0099	place_of_origin_original	Thein-paya, Sunye village, Kyaukse distr.	place-thein-paya-sunye-village-kyaukse-distr
obi-v02-n0054-ob-p0099	current_location_original	in situ	place-in-situ
obi-v02-n0054-re-p0103	place_of_origin_original	Hsu-pyu-kun village, Natogyi	place-hsu-pyu-kun-village-natogyi
obi-v02-n0054-re-p0103	current_location_original	in situ	place-in-situ
obi-v02-n0055-re-p0104	place_of_origin_original	Hsu-pyu-kun village, Natogyi	place-hsu-pyu-kun-village-natogyi
obi-v02-n0055-re-p0104	current_location_original	in situ	place-in-situ
obi-v02-n0056-ob-p0104	place_of_origin_original	Hsu-pyu-kun village, Natogyi	place-hsu-pyu-kun-village-natogyi
obi-v02-n0056-ob-p0104	current_location_original	in situ	place-in-situ
obi-v02-n0056-re-p0108	place_of_origin_original	Hsu-pyu-kun village, Natogyi	place-hsu-pyu-kun-village-natogyi
obi-v02-n0056-re-p0108	current_location_original	in situ	place-in-situ
obi-v02-n0057-ob-p0111	place_of_origin_original	Hsu-pyu-kun village, Natogyi	place-hsu-pyu-kun-village-natogyi
obi-v02-n0057-ob-p0111	current_location_original	in situ	place-in-situ
obi-v02-n0057-tx-p0113	place_of_origin_original	Hsu-pyu-kun village, Natogyi	place-hsu-pyu-kun-village-natogyi
obi-v02-n0057-tx-p0113	current_location_original	in situ	place-in-situ
obi-v02-n0058-ob-p0115	place_of_origin_original	Hsu-pyu-kun village, Natogyi	place-hsu-pyu-kun-village-natogyi
obi-v02-n0058-ob-p0115	current_location_original	in situ	place-in-situ
obi-v02-n0059-ob-p0119	place_of_origin_original	Hsu-pyu-kun village, Natogyi	place-hsu-pyu-kun-village-natogyi
obi-v02-n0059-ob-p0119	current_location_original	in situ	place-in-situ
obi-v02-n0059-re-p0122	place_of_origin_original	Hsu-pyu-kun village, Natogyi	place-hsu-pyu-kun-village-natogyi
obi-v02-n0059-re-p0122	current_location_original	in situ	place-in-situ
obi-v02-n0060-ob-p0124	place_of_origin_original	Hsu-pyu-kun village, Natogyi	place-hsu-pyu-kun-village-natogyi
obi-v02-n0060-ob-p0124	current_location_original	in situ	place-in-situ
obi-v02-n0061-ob-p0128	place_of_origin_original	Hsu-pyu-kun village, Natogyi	place-hsu-pyu-kun-village-natogyi
obi-v02-n0061-ob-p0128	current_location_original	in situ	place-in-situ
obi-v02-n0062-ob-p0129	place_of_origin_original	Hsu-pyu-kun village, Natogyi	place-hsu-pyu-kun-village-natogyi
obi-v02-n0062-ob-p0129	current_location_original	in situ	place-in-situ
obi-v02-n0063-ob-p0131	place_of_origin_original	Hsu-pyu-kun village, Natogyi	place-hsu-pyu-kun-village-natogyi
obi-v02-n0063-ob-p0131	current_location_original	in situ	place-in-situ
obi-v02-n0064-ob-p0132	place_of_origin_original	Hsu-pyu-kun village, Natogyi	place-hsu-pyu-kun-village-natogyi
obi-v02-n0064-ob-p0132	current_location_original	in situ	place-in-situ
obi-v02-n0064-re-p0134	place_of_origin_original	Hsu-pyu-kun village, Natogyi	place-hsu-pyu-kun-village-natogyi
obi-v02-n0064-re-p0134	current_location_original	in situ	place-in-situ
obi-v02-n0065-re-p0139	place_of_origin_original	Hsu-pyu-kun village, Natogyi	place-hsu-pyu-kun-village-natogyi
obi-v02-n0065-re-p0139	current_location_original	in situ	place-in-situ
obi-v02-n0065-tx-p0137	place_of_origin_original	pentagonal temple E of Htilominlo (IMP 1831-32), Bagan	place-pentagonal-temple-e-of-htilominlo-imp-1831-32-bagan
obi-v02-n0065-tx-p0137	current_location_original	New Bagan Museum stone 35-36	place-new-bagan-museum-stone-35-36
obi-v02-n0066-ob-p0140	place_of_origin_original	Hsu-pyu-kun village, Natogyi	place-hsu-pyu-kun-village-natogyi
obi-v02-n0066-ob-p0140	current_location_original	in situ	place-in-situ
obi-v02-n0067-ob-p0141	place_of_origin_original	Hsu-pyu-kun village, Natogyi	place-hsu-pyu-kun-village-natogyi
obi-v02-n0067-ob-p0141	current_location_original	in situ	place-in-situ
obi-v02-n0069-ob-p0143	place_of_origin_original	Hsu-pyu-kun village, Natogyi	place-hsu-pyu-kun-village-natogyi
obi-v02-n0069-ob-p0143	current_location_original	in situ	place-in-situ
obi-v02-n0070-ob-p0146	place_of_origin_original	Hsu-pyu-kun village, Natogyi	place-hsu-pyu-kun-village-natogyi
obi-v02-n0070-ob-p0146	current_location_original	in situ	place-in-situ
obi-v02-n0071-ob-p0147	place_of_origin_original	Hsu-pyu-kun village, Natogyi	place-hsu-pyu-kun-village-natogyi
obi-v02-n0071-ob-p0147	current_location_original	in situ	place-in-situ
obi-v02-n0072-ob-p0148	place_of_origin_original	Thalaing village, Wetlet ts., Shwebo distr.; in situ	place-thalaing-village-wetlet-ts-shwebo-distr-in-situ
obi-v02-n0072-ob-p0148	current_location_original	copy at Shwezigon Stupa, Pagan/Mandalay Mahamuni (?)	place-copy-at-shwezigon-stupa-pagan-mandalay-mahamuni
obi-v02-n0072-ob-p0151	place_of_origin_original	“a ruined temple close to Myagan (Alam bagan) tank” (IMP 2240), Bagan	place-a-ruined-temple-close-to-myagan-alam-bagan-tank-imp-2240-bagan
obi-v02-n0072-ob-p0151	current_location_original	now lost	place-now-lost
obi-v02-n0073-tx-p0155	place_of_origin_original	“a ruined temple close to Myagan (Alam bagan) tank” (IMP 2240), Bagan	place-a-ruined-temple-close-to-myagan-alam-bagan-tank-imp-2240-bagan
obi-v02-n0073-tx-p0155	current_location_original	now lost	place-now-lost
obi-v02-n0074-ob-p0155	place_of_origin_original	? (perhaps Kukhan)	place-perhaps-kukhan
obi-v02-n0074-ob-p0155	current_location_original	Mandalay Palace stone 45	place-mandalay-palace-stone-45
obi-v02-n0075-ob-p0156	place_of_origin_original	Hsalay village, Sale, Magwe distr.	place-hsalay-village-sale-magwe-distr
obi-v02-n0075-ob-p0156	current_location_original	in situ	place-in-situ
obi-v02-n0076-ob-p0157	place_of_origin_original	“a ruined temple close to Myagan (Alam bagan) tank” (IMP 2240), Bagan	place-a-ruined-temple-close-to-myagan-alam-bagan-tank-imp-2240-bagan
obi-v02-n0076-ob-p0157	current_location_original	now lost	place-now-lost
obi-v02-n0077-ob-p0159	place_of_origin_original	“a ruined temple close to Myagan (Alam bagan) tank” (IMP 2240), Bagan	place-a-ruined-temple-close-to-myagan-alam-bagan-tank-imp-2240-bagan
obi-v02-n0077-ob-p0159	current_location_original	now lost	place-now-lost
obi-v02-n0078-ob-p0162	place_of_origin_original	“N of pentagonal pagoda” (Kazun-o, IMP 784, ?), Bagan	place-n-of-pentagonal-pagoda-kazun-o-imp-784-bagan
obi-v02-n0078-ob-p0162	current_location_original	Mandalay Palace stone 279	place-mandalay-palace-stone-279
obi-v02-n0079-ob-p0163	place_of_origin_original	Hsu-pyu-kun village, Natogyi	place-hsu-pyu-kun-village-natogyi
obi-v02-n0079-ob-p0163	current_location_original	in situ	place-in-situ
obi-v02-n0080-ob-p0164	place_of_origin_original	Hsu-pyu-kun village, Natogyi	place-hsu-pyu-kun-village-natogyi
obi-v02-n0080-ob-p0164	current_location_original	in situ	place-in-situ
obi-v02-n0080-re-p0165	place_of_origin_original	Kazun-o temple (IMP 781), East Phwazaw, Bagan	place-kazun-o-temple-imp-781-east-phwazaw-bagan
obi-v02-n0080-re-p0165	current_location_original	in situ	place-in-situ
obi-v02-n0081-ob-p0167	place_of_origin_original	Hsu-pyu-kun village, Natogyi	place-hsu-pyu-kun-village-natogyi
obi-v02-n0081-ob-p0167	current_location_original	in situ	place-in-situ
obi-v02-n0082-ob-p0168	place_of_origin_original	Hsu-pyu-kun village, Natogyi	place-hsu-pyu-kun-village-natogyi
obi-v02-n0082-ob-p0168	current_location_original	in situ	place-in-situ
obi-v02-n0083-ob-p0170	place_of_origin_original	Dhammayan-gyi, Bagan	place-dhammayan-gyi-bagan
obi-v02-n0083-ob-p0170	current_location_original	in situ	place-in-situ
obi-v02-n0084-ob-p0172	place_of_origin_original	Hsu-pyu-kun village, Natogyi	place-hsu-pyu-kun-village-natogyi
obi-v02-n0084-ob-p0172	current_location_original	in situ	place-in-situ
obi-v02-n0085-ob-p0173	place_of_origin_original	Bagan	place-bagan
obi-v02-n0085-ob-p0173	current_location_original	New Bagan Museum stone 66	place-new-bagan-museum-stone-66
obi-v02-n0086-ob-p0174	place_of_origin_original	Hsu-pyu-kun village, Natogyi	place-hsu-pyu-kun-village-natogyi
obi-v02-n0086-ob-p0174	current_location_original	in situ	place-in-situ
obi-v02-n0086-re-p0175	place_of_origin_original	Hsu-pyu-kun village, Natogyi	place-hsu-pyu-kun-village-natogyi
obi-v02-n0086-re-p0175	current_location_original	in situ	place-in-situ
obi-v02-n0087-ob-p0176	place_of_origin_original	Hsu-pyu-kun village, Natogyi	place-hsu-pyu-kun-village-natogyi
obi-v02-n0087-ob-p0176	current_location_original	in situ	place-in-situ
obi-v02-n0088-ob-p0176	place_of_origin_original	Thambyin-swa monastery (IMP 801), West Phwazaw, Bagan	place-thambyin-swa-monastery-imp-801-west-phwazaw-bagan
obi-v02-n0088-ob-p0176	current_location_original	Phwazaw inscr. shed	place-phwazaw-inscr-shed
obi-v02-n0089-ob-p0177	place_of_origin_original	Hsu-pyu-kun village, Natogyi	place-hsu-pyu-kun-village-natogyi
obi-v02-n0089-ob-p0177	current_location_original	in situ	place-in-situ
obi-v02-n0090-ob-p0178	place_of_origin_original	Hsu-pyu-kun village, Natogyi	place-hsu-pyu-kun-village-natogyi
obi-v02-n0090-ob-p0178	current_location_original	in situ	place-in-situ
obi-v02-n0091-ob-p0179	place_of_origin_original	Mathuza temple (IMP 602), Minnanthu, Bagan	place-mathuza-temple-imp-602-minnanthu-bagan
obi-v02-n0091-ob-p0179	current_location_original	in situ	place-in-situ
obi-v02-n0092-ob-p0181	place_of_origin_original	Hsu-pyu-kun village, Natogyi	place-hsu-pyu-kun-village-natogyi
obi-v02-n0092-ob-p0181	current_location_original	in situ	place-in-situ
obi-v02-n0093-ob-p0183	place_of_origin_original	Hsalay village, Sale	place-hsalay-village-sale
obi-v02-n0093-ob-p0183	current_location_original	in situ	place-in-situ
obi-v02-n0094-tx-p0185	place_of_origin_original	Hsu-pyu-kun village, Natogyi	place-hsu-pyu-kun-village-natogyi
obi-v02-n0094-tx-p0185	current_location_original	in situ	place-in-situ
obi-v02-n0095-re-p0186	place_of_origin_original	Hsu-pyu-kun village, Natogyi	place-hsu-pyu-kun-village-natogyi
obi-v02-n0095-re-p0186	current_location_original	in situ	place-in-situ
obi-v02-n0096-tx-p0187	place_of_origin_original	Hsu-pyu-kun village, Natogyi	place-hsu-pyu-kun-village-natogyi
obi-v02-n0096-tx-p0187	current_location_original	in situ	place-in-situ
obi-v02-n0097-tx-p0188	place_of_origin_original	?	place-unknown
obi-v02-n0097-tx-p0188	current_location_original	Mandalay Palace stone 38	place-mandalay-palace-stone-38
obi-v02-n0097-tx-p0189	place_of_origin_original	?	place-unknown
obi-v02-n0097-tx-p0189	current_location_original	Mandalay Palace stone 38	place-mandalay-palace-stone-38
obi-v02-n0098-ob-p0190	place_of_origin_original	Mahabodhi temple, Bagan	place-mahabodhi-temple-bagan
obi-v02-n0098-ob-p0190	current_location_original	New Bagan Museum stone 67	place-new-bagan-museum-stone-67
obi-v02-n0099-ob-p0191	place_of_origin_original	Hsu-pyu-kun village, Natogyi	place-hsu-pyu-kun-village-natogyi
obi-v02-n0099-ob-p0191	current_location_original	in situ	place-in-situ
obi-v02-n0099-re-p0192	place_of_origin_original	Hsu-pyu-kun village, Natogyi	place-hsu-pyu-kun-village-natogyi
obi-v02-n0099-re-p0192	current_location_original	in situ	place-in-situ
obi-v02-n0100-ob-p0193	place_of_origin_original	Bagan monastery, Kyaukse town	place-bagan-monastery-kyaukse-town
obi-v02-n0100-ob-p0193	current_location_original	in situ	place-in-situ
obi-v02-n0101-ob-p0194	place_of_origin_original	Hsu-pyu-kun village, Natogyi	place-hsu-pyu-kun-village-natogyi
obi-v02-n0101-ob-p0194	current_location_original	in situ	place-in-situ
obi-v02-n0102-ob-p0195	place_of_origin_original	Hsu-pyu-kun village, Natogyi	place-hsu-pyu-kun-village-natogyi
obi-v02-n0102-ob-p0195	current_location_original	in situ	place-in-situ
obi-v02-n0103-ob-p0196	place_of_origin_original	Hsu-pyu-kun village, Natogyi	place-hsu-pyu-kun-village-natogyi
obi-v02-n0103-ob-p0196	current_location_original	in situ	place-in-situ
obi-v02-n0104-ob-p0197	place_of_origin_original	Hsu-pyu-kun village, Natogyi	place-hsu-pyu-kun-village-natogyi
obi-v02-n0104-ob-p0197	current_location_original	in situ	place-in-situ
obi-v02-n0105-ob-p0198	place_of_origin_original	Hsu-pyu-kun village, Natogyi	place-hsu-pyu-kun-village-natogyi
obi-v02-n0105-ob-p0198	current_location_original	in situ	place-in-situ
obi-v02-n0106-ob-p0202	place_of_origin_original	Mt. Tuyin, Bagan	place-mt-tuyin-bagan
obi-v02-n0106-ob-p0202	current_location_original	in situ	place-in-situ
obi-v02-n0107-ob-p0203	place_of_origin_original	Shwe-min-taw-gyaung (IMP 1177) Myinkaba, Bagan	place-shwe-min-taw-gyaung-imp-1177-myinkaba-bagan
obi-v02-n0107-ob-p0203	current_location_original	New Bagan Museum stone 161	place-new-bagan-museum-stone-161
obi-v02-n0108-re-p0204	place_of_origin_original	Shwe-min-taw-gyaung (IMP 1177) Myinkaba, Bagan	place-shwe-min-taw-gyaung-imp-1177-myinkaba-bagan
obi-v02-n0108-re-p0204	current_location_original	New Bagan Museum stone 161	place-new-bagan-museum-stone-161
obi-v02-n0109-ob-p0205	place_of_origin_original	Shwe-min-taw-gyaung (IMP 1177) Myinkaba, Bagan	place-shwe-min-taw-gyaung-imp-1177-myinkaba-bagan
obi-v02-n0109-ob-p0205	current_location_original	New Bagan Museum stone 161	place-new-bagan-museum-stone-161
obi-v02-n0109-tx-p0206	place_of_origin_original	Shwe-min-taw-gyaung (IMP 1177) Myinkaba, Bagan	place-shwe-min-taw-gyaung-imp-1177-myinkaba-bagan
obi-v02-n0109-tx-p0206	current_location_original	New Bagan Museum stone 161	place-new-bagan-museum-stone-161
obi-v02-n0110-ob-p0206	place_of_origin_original	Shwe-min-taw-gyaung (IMP 1177) Myinkaba, Bagan	place-shwe-min-taw-gyaung-imp-1177-myinkaba-bagan
obi-v02-n0110-ob-p0206	current_location_original	New Bagan Museum stone 161	place-new-bagan-museum-stone-161
obi-v02-n0110-re-p0207	place_of_origin_original	Shwe-min-taw-gyaung (IMP 1177) Myinkaba, Bagan	place-shwe-min-taw-gyaung-imp-1177-myinkaba-bagan
obi-v02-n0110-re-p0207	current_location_original	New Bagan Museum stone 161	place-new-bagan-museum-stone-161
obi-v02-n0111-ob-p0207	place_of_origin_original	Shwe-min-taw-gyaung (IMP 1177) Myinkaba, Bagan	place-shwe-min-taw-gyaung-imp-1177-myinkaba-bagan
obi-v02-n0111-ob-p0207	current_location_original	New Bagan Museum stone 161	place-new-bagan-museum-stone-161
obi-v02-n0112-ob-p0209	place_of_origin_original	Shwe-min-taw-gyaung (IMP 1177) Myinkaba, Bagan	place-shwe-min-taw-gyaung-imp-1177-myinkaba-bagan
obi-v02-n0112-ob-p0209	current_location_original	New Bagan Museum stone 161	place-new-bagan-museum-stone-161
obi-v02-n0113-ob-p0210	place_of_origin_original	Hmanlyo village, Chaung-U	place-hmanlyo-village-chaung-u
obi-v02-n0113-ob-p0210	current_location_original	in situ	place-in-situ
obi-v02-n0114-ob-p0211	place_of_origin_original	Hmanlyo village, Chaung-U	place-hmanlyo-village-chaung-u
obi-v02-n0114-ob-p0211	current_location_original	in situ	place-in-situ
obi-v02-n0115-ob-p0212	place_of_origin_original	Hmanlyo village, Chaung-U	place-hmanlyo-village-chaung-u
obi-v02-n0115-ob-p0212	current_location_original	in situ	place-in-situ
obi-v02-n0116-ob-p0212	place_of_origin_original	Hmanlyo village, Chaung-U	place-hmanlyo-village-chaung-u
obi-v02-n0116-ob-p0212	current_location_original	in situ	place-in-situ
obi-v02-n0117-ob-p0213	place_of_origin_original	Hmanlyo village, Chaung-U	place-hmanlyo-village-chaung-u
obi-v02-n0117-ob-p0213	current_location_original	in situ	place-in-situ
obi-v02-n0117-re-p0215	place_of_origin_original	Hmanlyo village, Chaung-U	place-hmanlyo-village-chaung-u
obi-v02-n0117-re-p0215	current_location_original	in situ	place-in-situ
obi-v02-n0118-re-p0217	place_of_origin_original	“a brick monastery within the walls of the Mingalazedi”, Bagan	place-a-brick-monastery-within-the-walls-of-the-mingalazedi-bagan
obi-v02-n0118-re-p0217	current_location_original	New Bagan Museum stone 110	place-new-bagan-museum-stone-110
obi-v02-n0119-ob-p0219	place_of_origin_original	Hmanlyo village, Chaung-U	place-hmanlyo-village-chaung-u
obi-v02-n0119-ob-p0219	current_location_original	in situ	place-in-situ
obi-v02-n0120-ob-p0220	place_of_origin_original	Hsalay village, Sale Distr.	place-hsalay-village-sale-distr
obi-v02-n0120-ob-p0220	current_location_original	in situ	place-in-situ
obi-v02-n0120-re-p0221	place_of_origin_original	Hsalay village, Sale Distr.	place-hsalay-village-sale-distr
obi-v02-n0120-re-p0221	current_location_original	in situ	place-in-situ
obi-v02-n0121-tx-p0222	place_of_origin_original	Bagan	place-bagan
obi-v02-n0121-tx-p0222	current_location_original	Bagan Museum stone 23	place-bagan-museum-stone-23
obi-v02-n0121-tx-p0223	place_of_origin_original	Hsalay village, Sale Distr.	place-hsalay-village-sale-distr
obi-v02-n0121-tx-p0223	current_location_original	in situ	place-in-situ
obi-v02-n0121-tx-p0225	place_of_origin_original	Hsalay village, Sale Distr.	place-hsalay-village-sale-distr
obi-v02-n0121-tx-p0225	current_location_original	in situ	place-in-situ
obi-v02-n0122-ob-p0225	place_of_origin_original	Hsalay village, Sale Distr.	place-hsalay-village-sale-distr
obi-v02-n0122-ob-p0225	current_location_original	in situ	place-in-situ
obi-v02-n0123-ob-p0226	place_of_origin_original	Hsalay village, Sale Distr.	place-hsalay-village-sale-distr
obi-v02-n0123-ob-p0226	current_location_original	in situ	place-in-situ
obi-v02-n0124-ob-p0227	place_of_origin_original	Bagan	place-bagan
obi-v02-n0124-ob-p0227	current_location_original	Bagan Museum stone 90	place-bagan-museum-stone-90
obi-v02-n0125-tx-p0227	place_of_origin_original	Bagan	place-bagan
obi-v02-n0125-tx-p0227	current_location_original	Old Bagan Museum (without number?)	place-old-bagan-museum-without-number
obi-v02-n0126-tx-p0228	place_of_origin_original	Hsalay village, Sale Distr.	place-hsalay-village-sale-distr
obi-v02-n0126-tx-p0228	current_location_original	in situ	place-in-situ
obi-v02-n0127-ob-p0228	place_of_origin_original	Hsalay village, Sale Distr.	place-hsalay-village-sale-distr
obi-v02-n0127-ob-p0228	current_location_original	in situ	place-in-situ
obi-v02-n0128-ob-p0229	place_of_origin_original	Hsalay village, Sale Distr.	place-hsalay-village-sale-distr
obi-v02-n0128-ob-p0229	current_location_original	in situ	place-in-situ
obi-v02-n0129-tx-p0230	place_of_origin_original	Lemyethna temple, Laygyi village, Sagaing distr.	place-lemyethna-temple-laygyi-village-sagaing-distr
obi-v02-n0129-tx-p0230	current_location_original	in situ	place-in-situ
obi-v02-n0131-ob-p0232	place_of_origin_original	Saungdamo temple, Myinzi village, Shwebo distr.	place-saungdamo-temple-myinzi-village-shwebo-distr
obi-v02-n0131-ob-p0232	current_location_original	in situ	place-in-situ
obi-v02-n0132-tx-p0233	place_of_origin_original	Hsudaungpyi temple, Thatun-E vill., Meiktila dist.	place-hsudaungpyi-temple-thatun-e-vill-meiktila-dist
obi-v02-n0132-tx-p0233	current_location_original	in situ	place-in-situ
obi-v02-n0132-tx-p0234	place_of_origin_original	Theingon temple, Kattukan village, Meiktila distr.	place-theingon-temple-kattukan-village-meiktila-distr
obi-v02-n0132-tx-p0234	current_location_original	in situ	place-in-situ
obi-v02-n0133-ob-p0235	place_of_origin_original	Thitmati (near Dhammayazika), Pagan	place-thitmati-near-dhammayazika-pagan
obi-v02-n0133-ob-p0235	current_location_original	Bagan Museum stone 136	place-bagan-museum-stone-136
obi-v02-n0135-tx-p0238	place_of_origin_original	?	place-unknown
obi-v02-n0135-tx-p0238	current_location_original	Mandalay Palace stone 276	place-mandalay-palace-stone-276
obi-v02-n0136-tx-p0239	place_of_origin_original	?	place-unknown
obi-v02-n0136-tx-p0239	current_location_original	Mandalay Palace stone 291a	place-mandalay-palace-stone-291a
obi-v02-n0137-tx-p0240	place_of_origin_original	North Guni (IMP 766), Bagan	place-north-guni-imp-766-bagan
obi-v02-n0137-tx-p0240	current_location_original	New Bagan Museum stone 40	place-new-bagan-museum-stone-40
obi-v02-n0138-tx-p0240	place_of_origin_original	North Guni (IMP 766), Bagan	place-north-guni-imp-766-bagan
obi-v02-n0138-tx-p0240	current_location_original	New Bagan Museum stone 40	place-new-bagan-museum-stone-40
obi-v02-n0139-tx-p0241	place_of_origin_original	North Guni (IMP 766), Bagan	place-north-guni-imp-766-bagan
obi-v02-n0139-tx-p0241	current_location_original	New Bagan Museum stone 40	place-new-bagan-museum-stone-40
obi-v02-n0140-ob-p0242	place_of_origin_original	North Guni (IMP 766), Bagan	place-north-guni-imp-766-bagan
obi-v02-n0140-ob-p0242	current_location_original	New Bagan Museum stone 40	place-new-bagan-museum-stone-40
obi-v02-n0141-ob-p0243	place_of_origin_original	North Guni (IMP 766), Bagan	place-north-guni-imp-766-bagan
obi-v02-n0141-ob-p0243	current_location_original	New Bagan Museum stone 40	place-new-bagan-museum-stone-40
obi-v02-n0141-re-p0244	place_of_origin_original	North Guni (IMP 766), Bagan	place-north-guni-imp-766-bagan
obi-v02-n0141-re-p0244	current_location_original	New Bagan Museum stone 40	place-new-bagan-museum-stone-40
obi-v02-n0142-ob-p0245	place_of_origin_original	North Guni (IMP 766), Bagan	place-north-guni-imp-766-bagan
obi-v02-n0142-ob-p0245	current_location_original	New Bagan Museum stone 40	place-new-bagan-museum-stone-40
obi-v02-n0142-re-p0245	place_of_origin_original	North Guni (IMP 766), Bagan	place-north-guni-imp-766-bagan
obi-v02-n0142-re-p0245	current_location_original	New Bagan Museum stone 40	place-new-bagan-museum-stone-40
obi-v02-n0143-ob-p0246	place_of_origin_original	North Guni (IMP 766), Bagan	place-north-guni-imp-766-bagan
obi-v02-n0143-ob-p0246	current_location_original	New Bagan Museum stone 40	place-new-bagan-museum-stone-40
obi-v02-n0144-re-p0247	place_of_origin_original	Shwegu-byauk temple, Kya-O vill., Bagan	place-shwegu-byauk-temple-kya-o-vill-bagan
obi-v02-n0144-re-p0247	current_location_original	in situ	place-in-situ
obi-v02-n0145-tx-p0248	place_of_origin_original	North Guni (IMP 766), Bagan	place-north-guni-imp-766-bagan
obi-v02-n0145-tx-p0248	current_location_original	New Bagan Museum stone 40	place-new-bagan-museum-stone-40
obi-v02-n0145-tx-p0249	place_of_origin_original	North Guni (IMP 766), Bagan	place-north-guni-imp-766-bagan
obi-v02-n0145-tx-p0249	current_location_original	New Bagan Museum stone 40	place-new-bagan-museum-stone-40
obi-v03-n0001-ob-p0001	place_of_origin_original	Bagan, Mahabodhi	place-bagan-mahabodhi
obi-v03-n0001-ob-p0001	current_location_original	New Bagan Museum stone 69	place-new-bagan-museum-stone-69
obi-v03-n0002-re-p0002	place_of_origin_original	Tanhsaung monastery (IMP 299), Wetkyi-in, Bagan	place-tanhsaung-monastery-imp-299-wetkyi-in-bagan
obi-v03-n0002-re-p0002	current_location_original	New Bagan Museum stone 104d	place-new-bagan-museum-stone-104d
obi-v03-n0003-ob-p0003	place_of_origin_original	Mt. Tuyin, Bagan	place-mt-tuyin-bagan
obi-v03-n0003-ob-p0003	current_location_original	Mandalay Palace stone 362	place-mandalay-palace-stone-362
obi-v03-n0004-ob-p0004	place_of_origin_original	Bagan	place-bagan
obi-v03-n0004-ob-p0004	current_location_original	Bagan Museum stone 119	place-bagan-museum-stone-119
obi-v03-n0005-ob-p0005	place_of_origin_original	Bagan	place-bagan
obi-v03-n0005-ob-p0005	current_location_original	Mandalay Palace stone 51	place-mandalay-palace-stone-51
obi-v03-n0006-ob-p0007	place_of_origin_original	Ngalu-gu (IMP 670), Minnanthu, Pagan	place-ngalu-gu-imp-670-minnanthu-pagan
obi-v03-n0006-ob-p0007	current_location_original	in situ	place-in-situ
obi-v03-n0007-ob-p0008	place_of_origin_original	Shwemyintin temple (IMP 1018/9), Twin village, Bagan	place-shwemyintin-temple-imp-1018-9-twin-village-bagan
obi-v03-n0007-ob-p0008	current_location_original	New Bagan Museum stone J (old PM number 86a+b)	place-new-bagan-museum-stone-j-old-pm-number-86a-b
obi-v03-n0007-re-p0008	place_of_origin_original	Shwemyintin temple (IMP 1018/9), Twin village, Bagan	place-shwemyintin-temple-imp-1018-9-twin-village-bagan
obi-v03-n0007-re-p0008	current_location_original	New Bagan Museum stone J (old PM number 86a+b)	place-new-bagan-museum-stone-j-old-pm-number-86a-b
obi-v03-n0008-ob-p0009	place_of_origin_original	Kazun-o temple (IMP 778), Phwazaw, Bagan	place-kazun-o-temple-imp-778-phwazaw-bagan
obi-v03-n0008-ob-p0009	current_location_original	Mandalay Palace stone 100a+b	place-mandalay-palace-stone-100a-b
obi-v03-n0008-re-p0011	place_of_origin_original	Bagan, Mahabodhi	place-bagan-mahabodhi
obi-v03-n0008-re-p0011	current_location_original	New Bagan Museum stone 69	place-new-bagan-museum-stone-69
obi-v03-n0009-ob-p0012	place_of_origin_original	Bagan, Mahabodhi	place-bagan-mahabodhi
obi-v03-n0009-ob-p0012	current_location_original	New Bagan Museum stone 69	place-new-bagan-museum-stone-69
obi-v03-n0010-ob-p0013	place_of_origin_original	Bagan, Mahabodhi	place-bagan-mahabodhi
obi-v03-n0010-ob-p0013	current_location_original	New Bagan Museum stone 69	place-new-bagan-museum-stone-69
obi-v03-n0011-ob-p0014	place_of_origin_original	Bagan, Mahabodhi	place-bagan-mahabodhi
obi-v03-n0011-ob-p0014	current_location_original	New Bagan Museum stone 69	place-new-bagan-museum-stone-69
obi-v03-n0012-ob-p0018	place_of_origin_original	Bagan, Mahabodhi	place-bagan-mahabodhi
obi-v03-n0012-ob-p0018	current_location_original	New Bagan Museum stone 69	place-new-bagan-museum-stone-69
obi-v03-n0013-ob-p0019	place_of_origin_original	Bagan, Mahabodhi	place-bagan-mahabodhi
obi-v03-n0013-ob-p0019	current_location_original	New Bagan Museum stone 69	place-new-bagan-museum-stone-69
obi-v03-n0014-re-p0020	place_of_origin_original	Tanhsaung monastery (IMP 299), Wetkyi-in, Bagan	place-tanhsaung-monastery-imp-299-wetkyi-in-bagan
obi-v03-n0014-re-p0020	current_location_original	New Bagan Museum stone 104d	place-new-bagan-museum-stone-104d
obi-v03-n0015-ob-p0021	place_of_origin_original	Tanhsaung monastery (IMP 299), Wetkyi-in, Bagan	place-tanhsaung-monastery-imp-299-wetkyi-in-bagan
obi-v03-n0015-ob-p0021	current_location_original	New Bagan Museum stone 104d	place-new-bagan-museum-stone-104d
obi-v03-n0016-ob-p0022	place_of_origin_original	Tanhsaung monastery (IMP 299), Wetkyi-in, Bagan	place-tanhsaung-monastery-imp-299-wetkyi-in-bagan
obi-v03-n0016-ob-p0022	current_location_original	New Bagan Museum stone 104d	place-new-bagan-museum-stone-104d
obi-v03-n0016-re-p0023	place_of_origin_original	Tanhsaung monastery (IMP 299), Wetkyi-in, Bagan	place-tanhsaung-monastery-imp-299-wetkyi-in-bagan
obi-v03-n0016-re-p0023	current_location_original	New Bagan Museum stone 104d	place-new-bagan-museum-stone-104d
obi-v03-n0017-ob-p0024	place_of_origin_original	Tanhsaung monastery (IMP 299), Wetkyi-in, Bagan	place-tanhsaung-monastery-imp-299-wetkyi-in-bagan
obi-v03-n0017-ob-p0024	current_location_original	New Bagan Museum stone 104d	place-new-bagan-museum-stone-104d
obi-v03-n0018-ob-p0025	place_of_origin_original	Tanhsaung monastery (IMP 299), Wetkyi-in, Bagan	place-tanhsaung-monastery-imp-299-wetkyi-in-bagan
obi-v03-n0018-ob-p0025	current_location_original	New Bagan Museum stone 104d	place-new-bagan-museum-stone-104d
obi-v03-n0019-ob-p0026	place_of_origin_original	Tanhsaung monastery (IMP 299), Wetkyi-in, Bagan	place-tanhsaung-monastery-imp-299-wetkyi-in-bagan
obi-v03-n0019-ob-p0026	current_location_original	New Bagan Museum stone 104d	place-new-bagan-museum-stone-104d
obi-v03-n0020-tx-p0027	place_of_origin_original	Tanhsaung monastery (IMP 299), Wetkyi-in, Bagan	place-tanhsaung-monastery-imp-299-wetkyi-in-bagan
obi-v03-n0020-tx-p0027	current_location_original	New Bagan Museum stone 104d	place-new-bagan-museum-stone-104d
obi-v03-n0021-ob-p0028	place_of_origin_original	Tanhsaung monastery (IMP 299), Wetkyi-in, Bagan	place-tanhsaung-monastery-imp-299-wetkyi-in-bagan
obi-v03-n0021-ob-p0028	current_location_original	New Bagan Museum stone 104d	place-new-bagan-museum-stone-104d
obi-v03-n0022-ob-p0033	place_of_origin_original	Mt. Tuyin, Bagan	place-mt-tuyin-bagan
obi-v03-n0022-ob-p0033	current_location_original	Mandalay Palace stone 362	place-mandalay-palace-stone-362
obi-v03-n0023-ob-p0033	place_of_origin_original	Mt. Tuyin, Bagan	place-mt-tuyin-bagan
obi-v03-n0023-ob-p0033	current_location_original	Mandalay Palace stone 362	place-mandalay-palace-stone-362
obi-v03-n0023-re-p0034	place_of_origin_original	Mt. Tuyin, Bagan	place-mt-tuyin-bagan
obi-v03-n0023-re-p0034	current_location_original	Mandalay Palace stone 362	place-mandalay-palace-stone-362
obi-v03-n0024-re-p0036	place_of_origin_original	Mt. Tuyin, Bagan	place-mt-tuyin-bagan
obi-v03-n0024-re-p0036	current_location_original	Mandalay Palace stone 362	place-mandalay-palace-stone-362
obi-v03-n0024-tx-p0035	place_of_origin_original	Mt. Tuyin, Bagan	place-mt-tuyin-bagan
obi-v03-n0024-tx-p0035	current_location_original	Mandalay Palace stone 362	place-mandalay-palace-stone-362
obi-v03-n0025-ob-p0037	place_of_origin_original	Bagan Mahabodhi, Bagan Museum stone 70 (Pl. II 217-218a)	place-bagan-mahabodhi-bagan-museum-stone-70-pl-ii-217-218a
obi-v03-n0025-ob-p0037	current_location_original	Bagan, “S of Ananda”, New Bagan Museum stone 112	place-bagan-s-of-ananda-new-bagan-museum-stone-112
obi-v03-n0025-re-p0038	place_of_origin_original	Mt. Tuyin, Bagan	place-mt-tuyin-bagan
obi-v03-n0025-re-p0038	current_location_original	Mandalay Palace stone 362	place-mandalay-palace-stone-362
obi-v03-n0026-ob-p0039	place_of_origin_original	Mt. Tuyin, Bagan	place-mt-tuyin-bagan
obi-v03-n0026-ob-p0039	current_location_original	Mandalay Palace stone 362	place-mandalay-palace-stone-362
obi-v03-n0026-re-p0041	place_of_origin_original	Bagan	place-bagan
obi-v03-n0026-re-p0041	current_location_original	Bagan Museum stone 119	place-bagan-museum-stone-119
obi-v03-n0027-ob-p0043	place_of_origin_original	S temple of Myinzi vihara, Thavatti village, Myede	place-s-temple-of-myinzi-vihara-thavatti-village-myede
obi-v03-n0027-ob-p0043	current_location_original	Mandalay Mahamuni	place-mandalay-mahamuni
obi-v03-n0027-re-p0045	place_of_origin_original	Bagan	place-bagan
obi-v03-n0027-re-p0045	current_location_original	Bagan Museum stone 119	place-bagan-museum-stone-119
obi-v03-n0028-ob-p0046	place_of_origin_original	Bagan	place-bagan
obi-v03-n0028-ob-p0046	current_location_original	Bagan Museum stone 119	place-bagan-museum-stone-119
obi-v03-n0029-re-p0047	place_of_origin_original	Bagan	place-bagan
obi-v03-n0029-re-p0047	current_location_original	Bagan Museum stone 119	place-bagan-museum-stone-119
obi-v03-n0030-ob-p0048	place_of_origin_original	Bagan	place-bagan
obi-v03-n0030-ob-p0048	current_location_original	Bagan Museum stone 119	place-bagan-museum-stone-119
obi-v03-n0031-ob-p0049	place_of_origin_original	a temple N of Kubyauk-nge (IMP 1371), Myinkaba, Bagan	place-a-temple-n-of-kubyauk-nge-imp-1371-myinkaba-bagan
obi-v03-n0031-ob-p0049	current_location_original	New Bagan Museum stone 169	place-new-bagan-museum-stone-169
obi-v03-n0032-tx-p0051	place_of_origin_original	Bagan	place-bagan
obi-v03-n0032-tx-p0051	current_location_original	Mandalay Palace stone 51	place-mandalay-palace-stone-51
obi-v03-n0033-ob-p0052	place_of_origin_original	Bagan	place-bagan
obi-v03-n0033-ob-p0052	current_location_original	Mandalay Palace stone 51	place-mandalay-palace-stone-51
obi-v03-n0034-ob-p0053	place_of_origin_original	Myitmyo, near Thanput village Myeit distr.	place-myitmyo-near-thanput-village-myeit-distr
obi-v03-n0034-ob-p0053	current_location_original	Yangon Universities’ Central Library	place-yangon-universities-central-library
obi-v03-n0035-ob-p0055	place_of_origin_original	Bagan	place-bagan
obi-v03-n0035-ob-p0055	current_location_original	Mandalay Palace stone 51	place-mandalay-palace-stone-51
obi-v03-n0035-re-p0056	place_of_origin_original	Bagan	place-bagan
obi-v03-n0035-re-p0056	current_location_original	Mandalay Palace stone 51	place-mandalay-palace-stone-51
obi-v03-n0036-ob-p0057	place_of_origin_original	Bagan	place-bagan
obi-v03-n0036-ob-p0057	current_location_original	Mandalay Palace stone 51	place-mandalay-palace-stone-51
obi-v03-n0037-ob-p0058	place_of_origin_original	Bagan	place-bagan
obi-v03-n0037-ob-p0058	current_location_original	Mandalay Palace stone 51	place-mandalay-palace-stone-51
obi-v03-n0038-ob-p0062	place_of_origin_original	Thinganyon (IMP 718-9), Minnanthu, Bagan	place-thinganyon-imp-718-9-minnanthu-bagan
obi-v03-n0038-ob-p0062	current_location_original	now in IMP 712	place-now-in-imp-712
obi-v03-n0039-ob-p0065	place_of_origin_original	“near Kyaukku Umin”, Nyaung-U	place-near-kyaukku-umin-nyaung-u
obi-v03-n0039-ob-p0065	current_location_original	inside Kyaukku-Umin	place-inside-kyaukku-umin
obi-v03-n0040-ob-p0066	place_of_origin_original	Bagan, Thitmati temple (IMP 926)	place-bagan-thitmati-temple-imp-926
obi-v03-n0040-ob-p0066	current_location_original	New Bagan Museum stone 139	place-new-bagan-museum-stone-139
obi-v03-n0041-ob-p0068	place_of_origin_original	?	place-unknown
obi-v03-n0041-ob-p0068	current_location_original	Mandalay Palace stone 65	place-mandalay-palace-stone-65
obi-v03-n0042-ob-p0068	place_of_origin_original	Sathin-gu temple (IMP 610; 315 old), Minnanthu, Bagan	place-sathin-gu-temple-imp-610-315-old-minnanthu-bagan
obi-v03-n0042-ob-p0068	current_location_original	Bagan Museum stone 128	place-bagan-museum-stone-128
obi-v03-n0043-ob-p0070	place_of_origin_original	Maungyon-gu (IMP 600-1), Minnanthu, Bagan	place-maungyon-gu-imp-600-1-minnanthu-bagan
obi-v03-n0043-ob-p0070	current_location_original	in situ	place-in-situ
obi-v03-n0044-re-p0072	place_of_origin_original	Thamuti temple (IMP 844), Thitmati, Bagan	place-thamuti-temple-imp-844-thitmati-bagan
obi-v03-n0044-re-p0072	current_location_original	in situ	place-in-situ
obi-v03-n0045-re-p0073	place_of_origin_original	Ngalu-gu (IMP 670), Minnanthu, Pagan	place-ngalu-gu-imp-670-minnanthu-pagan
obi-v03-n0045-re-p0073	current_location_original	in situ	place-in-situ
obi-v03-n0046-re-p0074	place_of_origin_original	Minwaing complex (IMP 680-2), Minnanthu, Bagan	place-minwaing-complex-imp-680-2-minnanthu-bagan
obi-v03-n0046-re-p0074	current_location_original	in situ	place-in-situ
obi-v03-n0047-ob-p0077	place_of_origin_original	Ngalu-gu (IMP 670), Minnanthu, Pagan	place-ngalu-gu-imp-670-minnanthu-pagan
obi-v03-n0047-ob-p0077	current_location_original	in situ	place-in-situ
obi-v03-n0048-ob-p0078	place_of_origin_original	Legaing ?	place-legaing
obi-v03-n0048-ob-p0078	current_location_original	Mandalay Palace stone 61	place-mandalay-palace-stone-61
obi-v03-n0049-ob-p0079	place_of_origin_original	Hmanpaya (IMP 1268), Myinkaba, Bagan	place-hmanpaya-imp-1268-myinkaba-bagan
obi-v03-n0049-ob-p0079	current_location_original	Bagan Museum stone 111	place-bagan-museum-stone-111
obi-v03-n0050-ob-p0080	place_of_origin_original	Myenatha-myo	place-myenatha-myo
obi-v03-n0050-ob-p0080	current_location_original	Mandalay Palace stone 63	place-mandalay-palace-stone-63
obi-v03-n0051-ob-p0081	place_of_origin_original	a site near Thitmati, West Phwazaw, Bagan	place-a-site-near-thitmati-west-phwazaw-bagan
obi-v03-n0051-ob-p0081	current_location_original	now in Phwazaw inscr. shed	place-now-in-phwazaw-inscr-shed
obi-v03-n0052-re-p0083	place_of_origin_original	Amana complex (IMP 575), Minnanthu, Bagan	place-amana-complex-imp-575-minnanthu-bagan
obi-v03-n0052-re-p0083	current_location_original	in situ	place-in-situ
obi-v03-n0053-ob-p0085	place_of_origin_original	either Thettawya temple (A) or Zedihla (B 2) at Myingondaing-myo; Mandalay Palace stone 64	place-either-thettawya-temple-a-or-zedihla-b-2-at-myingondaing-myo-mandalay-palace-stone-64
obi-v03-n0053-ob-p0085	current_location_original	copy Mandalay Mahamuni stone	place-copy-mandalay-mahamuni-stone
obi-v03-n0054-ob-p0087	place_of_origin_original	Tawya-min-kyaung, Prome	place-tawya-min-kyaung-prome
obi-v03-n0054-ob-p0087	current_location_original	in situ	place-in-situ
obi-v03-n0055-ob-p0089	place_of_origin_original	Shwemyintin temple (IMP 1018/9), Twin village, Bagan	place-shwemyintin-temple-imp-1018-9-twin-village-bagan
obi-v03-n0055-ob-p0089	current_location_original	New Bagan Museum stone J (old PM number 86a+b)	place-new-bagan-museum-stone-j-old-pm-number-86a-b
obi-v03-n0056-ob-p0090	place_of_origin_original	Kazun-o temple (IMP 778), Phwazaw, Bagan	place-kazun-o-temple-imp-778-phwazaw-bagan
obi-v03-n0056-ob-p0090	current_location_original	Mandalay Palace stone 100a+b	place-mandalay-palace-stone-100a-b
obi-v03-n0056-re-p0091	place_of_origin_original	Kazun-o temple (IMP 778), Phwazaw, Bagan	place-kazun-o-temple-imp-778-phwazaw-bagan
obi-v03-n0056-re-p0091	current_location_original	Mandalay Palace stone 100a+b	place-mandalay-palace-stone-100a-b
obi-v03-n0057-tx-p0092	place_of_origin_original	Kazun-o temple (IMP 778), Phwazaw, Bagan	place-kazun-o-temple-imp-778-phwazaw-bagan
obi-v03-n0057-tx-p0092	current_location_original	Mandalay Palace stone 100a+b	place-mandalay-palace-stone-100a-b
obi-v03-n0058-ob-p0094	place_of_origin_original	Htisaung village, N of Myinmu (Pl.); in situ; or Taungyon temple, Pinde village (List)	place-htisaung-village-n-of-myinmu-pl-in-situ-or-taungyon-temple-pinde-village-list
obi-v03-n0058-ob-p0094	current_location_original	Mandalay Mahamuni no. 461	place-mandalay-mahamuni-no-461
obi-v03-n0059-ob-p0095	place_of_origin_original	near Dhammayazika (IMP 926 ?) Thitmati, Bagan; in situ	place-near-dhammayazika-imp-926-thitmati-bagan-in-situ
obi-v03-n0059-ob-p0095	current_location_original	Mandalay Mahamuni stone number ?	place-mandalay-mahamuni-stone-number
obi-v03-n0060-ob-p0097	place_of_origin_original	Kazun-o temple (IMP 778), Phwazaw, Bagan	place-kazun-o-temple-imp-778-phwazaw-bagan
obi-v03-n0060-ob-p0097	current_location_original	Mandalay Palace stone 100a+b	place-mandalay-palace-stone-100a-b
obi-v03-n0061-ob-p0100	place_of_origin_original	Bagan, Mahabodhi	place-bagan-mahabodhi
obi-v03-n0061-ob-p0100	current_location_original	New Bagan Museum stone 69	place-new-bagan-museum-stone-69
obi-v03-n0062-ob-p0102	place_of_origin_original	Bagan, Mahabodhi	place-bagan-mahabodhi
obi-v03-n0062-ob-p0102	current_location_original	New Bagan Museum stone 69	place-new-bagan-museum-stone-69
obi-v03-n0063-ob-p0103	place_of_origin_original	Bagan, Mahabodhi	place-bagan-mahabodhi
obi-v03-n0063-ob-p0103	current_location_original	New Bagan Museum stone 69	place-new-bagan-museum-stone-69
obi-v03-n0063-re-p0106	place_of_origin_original	Bagan, Mahabodhi	place-bagan-mahabodhi
obi-v03-n0063-re-p0106	current_location_original	New Bagan Museum stone 69	place-new-bagan-museum-stone-69
obi-v03-n0064-ob-p0109	place_of_origin_original	Bagan, Mahabodhi	place-bagan-mahabodhi
obi-v03-n0064-ob-p0109	current_location_original	New Bagan Museum stone 69	place-new-bagan-museum-stone-69
obi-v03-n0065-ob-p0109	place_of_origin_original	Bagan, Mahabodhi	place-bagan-mahabodhi
obi-v03-n0065-ob-p0109	current_location_original	New Bagan Museum stone 69	place-new-bagan-museum-stone-69
obi-v03-n0066-ob-p0110	place_of_origin_original	Bagan, Mahabodhi	place-bagan-mahabodhi
obi-v03-n0066-ob-p0110	current_location_original	New Bagan Museum stone 69	place-new-bagan-museum-stone-69
obi-v03-n0066-re-p0111	place_of_origin_original	Bagan, Mahabodhi	place-bagan-mahabodhi
obi-v03-n0066-re-p0111	current_location_original	New Bagan Museum stone 69	place-new-bagan-museum-stone-69
obi-v03-n0067-ob-p0112	place_of_origin_original	Bagan, Mahabodhi	place-bagan-mahabodhi
obi-v03-n0067-ob-p0112	current_location_original	New Bagan Museum stone 69	place-new-bagan-museum-stone-69
obi-v03-n0068-ob-p0113	place_of_origin_original	Bagan, Mahabodhi	place-bagan-mahabodhi
obi-v03-n0068-ob-p0113	current_location_original	New Bagan Museum stone 69	place-new-bagan-museum-stone-69
obi-v03-n0069-ob-p0114	place_of_origin_original	Bagan, Mahabodhi	place-bagan-mahabodhi
obi-v03-n0069-ob-p0114	current_location_original	New Bagan Museum stone 69	place-new-bagan-museum-stone-69
obi-v03-n0070-re-p0115	place_of_origin_original	Bagan, Mahabodhi	place-bagan-mahabodhi
obi-v03-n0070-re-p0115	current_location_original	New Bagan Museum stone 69	place-new-bagan-museum-stone-69
obi-v03-n0071-ob-p0117	place_of_origin_original	Bagan, Mahabodhi	place-bagan-mahabodhi
obi-v03-n0071-ob-p0117	current_location_original	New Bagan Museum stone 69	place-new-bagan-museum-stone-69
obi-v03-n0072-re-p0119	place_of_origin_original	Bagan, Mahabodhi	place-bagan-mahabodhi
obi-v03-n0072-re-p0119	current_location_original	New Bagan Museum stone 69	place-new-bagan-museum-stone-69
obi-v03-n0073-ob-p0120	place_of_origin_original	Bagan, Mahabodhi	place-bagan-mahabodhi
obi-v03-n0073-ob-p0120	current_location_original	New Bagan Museum stone 69	place-new-bagan-museum-stone-69
obi-v03-n0074-ob-p0122	place_of_origin_original	Bagan, Mahabodhi	place-bagan-mahabodhi
obi-v03-n0074-ob-p0122	current_location_original	New Bagan Museum stone 69	place-new-bagan-museum-stone-69
obi-v03-n0075-ob-p0123	place_of_origin_original	Bagan, Mahabodhi	place-bagan-mahabodhi
obi-v03-n0075-ob-p0123	current_location_original	New Bagan Museum stone 69	place-new-bagan-museum-stone-69
obi-v03-n0076-re-p0124	place_of_origin_original	Bagan, Mahabodhi	place-bagan-mahabodhi
obi-v03-n0076-re-p0124	current_location_original	New Bagan Museum stone 69	place-new-bagan-museum-stone-69
obi-v03-n0077-ob-p0127	place_of_origin_original	Bagan, Mahabodhi	place-bagan-mahabodhi
obi-v03-n0077-ob-p0127	current_location_original	New Bagan Museum stone 69	place-new-bagan-museum-stone-69
obi-v03-n0077-re-p0128	place_of_origin_original	Bagan, Mahabodhi	place-bagan-mahabodhi
obi-v03-n0077-re-p0128	current_location_original	New Bagan Museum stone 69	place-new-bagan-museum-stone-69
obi-v03-n0078-ob-p0131	place_of_origin_original	Bagan, Mahabodhi	place-bagan-mahabodhi
obi-v03-n0078-ob-p0131	current_location_original	New Bagan Museum stone 69	place-new-bagan-museum-stone-69
obi-v03-n0079-tx-p0132	place_of_origin_original	Bagan, Mahabodhi	place-bagan-mahabodhi
obi-v03-n0079-tx-p0132	current_location_original	New Bagan Museum stone 69	place-new-bagan-museum-stone-69
obi-v03-n0079-tx-p0134	place_of_origin_original	Bagan, Mahabodhi	place-bagan-mahabodhi
obi-v03-n0079-tx-p0134	current_location_original	New Bagan Museum stone 69	place-new-bagan-museum-stone-69
obi-v03-n0080-ob-p0135	place_of_origin_original	Bagan, Mahabodhi	place-bagan-mahabodhi
obi-v03-n0080-ob-p0135	current_location_original	New Bagan Museum stone 69	place-new-bagan-museum-stone-69
obi-v03-n0081-ob-p0135	place_of_origin_original	Bagan, Mahabodhi	place-bagan-mahabodhi
obi-v03-n0081-ob-p0135	current_location_original	New Bagan Museum stone 69	place-new-bagan-museum-stone-69
obi-v03-n0082-ob-p0138	place_of_origin_original	Bagan, Mahabodhi	place-bagan-mahabodhi
obi-v03-n0082-ob-p0138	current_location_original	New Bagan Museum stone 69	place-new-bagan-museum-stone-69
obi-v03-n0083-ob-p0139	place_of_origin_original	Bagan, Mahabodhi	place-bagan-mahabodhi
obi-v03-n0083-ob-p0139	current_location_original	New Bagan Museum stone 69	place-new-bagan-museum-stone-69
obi-v03-n0084-ob-p0141	place_of_origin_original	Bagan, Mahabodhi	place-bagan-mahabodhi
obi-v03-n0084-ob-p0141	current_location_original	New Bagan Museum stone 69	place-new-bagan-museum-stone-69
obi-v03-n0085-ob-p0145	place_of_origin_original	Bagan, Mahabodhi	place-bagan-mahabodhi
obi-v03-n0085-ob-p0145	current_location_original	New Bagan Museum stone 69	place-new-bagan-museum-stone-69
obi-v03-n0085-re-p0146	place_of_origin_original	Bagan, Mahabodhi	place-bagan-mahabodhi
obi-v03-n0085-re-p0146	current_location_original	New Bagan Museum stone 69	place-new-bagan-museum-stone-69
obi-v03-n0086-ob-p0147	place_of_origin_original	Bagan, Mahabodhi	place-bagan-mahabodhi
obi-v03-n0086-ob-p0147	current_location_original	New Bagan Museum stone 69	place-new-bagan-museum-stone-69
obi-v03-n0086-re-p0150	place_of_origin_original	Bagan, Mahabodhi	place-bagan-mahabodhi
obi-v03-n0086-re-p0150	current_location_original	New Bagan Museum stone 69	place-new-bagan-museum-stone-69
obi-v03-n0087-ob-p0152	place_of_origin_original	Bagan, Mahabodhi	place-bagan-mahabodhi
obi-v03-n0087-ob-p0152	current_location_original	New Bagan Museum stone 69	place-new-bagan-museum-stone-69
obi-v03-n0087-re-p0155	place_of_origin_original	Bagan, Mahabodhi	place-bagan-mahabodhi
obi-v03-n0087-re-p0155	current_location_original	New Bagan Museum stone 69	place-new-bagan-museum-stone-69
obi-v03-n0088-ob-p0158	place_of_origin_original	Bagan, Mahabodhi	place-bagan-mahabodhi
obi-v03-n0088-ob-p0158	current_location_original	New Bagan Museum stone 69	place-new-bagan-museum-stone-69
obi-v03-n0089-ob-p0159	place_of_origin_original	Bagan, Mahabodhi	place-bagan-mahabodhi
obi-v03-n0089-ob-p0159	current_location_original	New Bagan Museum stone 69	place-new-bagan-museum-stone-69
obi-v03-n0090-ob-p0160	place_of_origin_original	Bagan, Mahabodhi	place-bagan-mahabodhi
obi-v03-n0090-ob-p0160	current_location_original	New Bagan Museum stone 69	place-new-bagan-museum-stone-69
obi-v03-n0090-re-p0161	place_of_origin_original	Bagan, Mahabodhi	place-bagan-mahabodhi
obi-v03-n0090-re-p0161	current_location_original	New Bagan Museum stone 69	place-new-bagan-museum-stone-69
obi-v03-n0091-ob-p0162	place_of_origin_original	Bagan, Mahabodhi	place-bagan-mahabodhi
obi-v03-n0091-ob-p0162	current_location_original	New Bagan Museum stone 69	place-new-bagan-museum-stone-69
obi-v03-n0091-re-p0164	place_of_origin_original	Bagan, Mahabodhi	place-bagan-mahabodhi
obi-v03-n0091-re-p0164	current_location_original	New Bagan Museum stone 69	place-new-bagan-museum-stone-69
obi-v03-n0092-ob-p0167	place_of_origin_original	Bagan, Mahabodhi	place-bagan-mahabodhi
obi-v03-n0092-ob-p0167	current_location_original	New Bagan Museum stone 69	place-new-bagan-museum-stone-69
obi-v03-n0093-ob-p0168	place_of_origin_original	Bagan, Mahabodhi	place-bagan-mahabodhi
obi-v03-n0093-ob-p0168	current_location_original	New Bagan Museum stone 69	place-new-bagan-museum-stone-69
obi-v03-n0094-ob-p0169	place_of_origin_original	Bagan, Mahabodhi	place-bagan-mahabodhi
obi-v03-n0094-ob-p0169	current_location_original	New Bagan Museum stone 69	place-new-bagan-museum-stone-69
obi-v03-n0095-re-p0170	place_of_origin_original	Bagan, Mahabodhi	place-bagan-mahabodhi
obi-v03-n0095-re-p0170	current_location_original	New Bagan Museum stone 69	place-new-bagan-museum-stone-69
obi-v03-n0096-ob-p0171	place_of_origin_original	Bagan, Mahabodhi	place-bagan-mahabodhi
obi-v03-n0096-ob-p0171	current_location_original	New Bagan Museum stone 69	place-new-bagan-museum-stone-69
obi-v03-n0097-ob-p0172	place_of_origin_original	Bagan, Mahabodhi	place-bagan-mahabodhi
obi-v03-n0097-ob-p0172	current_location_original	New Bagan Museum stone 69	place-new-bagan-museum-stone-69
obi-v03-n0098-ob-p0173	place_of_origin_original	Bagan, Mahabodhi	place-bagan-mahabodhi
obi-v03-n0098-ob-p0173	current_location_original	New Bagan Museum stone 69	place-new-bagan-museum-stone-69
obi-v03-n0099-ob-p0174	place_of_origin_original	Bagan, Mahabodhi	place-bagan-mahabodhi
obi-v03-n0099-ob-p0174	current_location_original	New Bagan Museum stone 69	place-new-bagan-museum-stone-69
obi-v03-n0100-ob-p0175	place_of_origin_original	Bagan, Mahabodhi	place-bagan-mahabodhi
obi-v03-n0100-ob-p0175	current_location_original	New Bagan Museum stone 69	place-new-bagan-museum-stone-69
obi-v03-n0101-re-p0176	place_of_origin_original	Bagan, Mahabodhi	place-bagan-mahabodhi
obi-v03-n0101-re-p0176	current_location_original	New Bagan Museum stone 69	place-new-bagan-museum-stone-69
obi-v03-n0102-ob-p0177	place_of_origin_original	Bagan, Mahabodhi	place-bagan-mahabodhi
obi-v03-n0102-ob-p0177	current_location_original	New Bagan Museum stone 69	place-new-bagan-museum-stone-69
obi-v03-n0102-re-p0178	place_of_origin_original	Bagan, Mahabodhi	place-bagan-mahabodhi
obi-v03-n0102-re-p0178	current_location_original	New Bagan Museum stone 69	place-new-bagan-museum-stone-69
obi-v03-n0103-ob-p0179	place_of_origin_original	Bagan, Mahabodhi	place-bagan-mahabodhi
obi-v03-n0103-ob-p0179	current_location_original	New Bagan Museum stone 69	place-new-bagan-museum-stone-69
obi-v03-n0104-ob-p0181	place_of_origin_original	Bagan, Mahabodhi	place-bagan-mahabodhi
obi-v03-n0104-ob-p0181	current_location_original	New Bagan Museum stone 69	place-new-bagan-museum-stone-69
obi-v03-n0104-re-p0182	place_of_origin_original	Bagan, Mahabodhi	place-bagan-mahabodhi
obi-v03-n0104-re-p0182	current_location_original	New Bagan Museum stone 69	place-new-bagan-museum-stone-69
obi-v03-n0105-ob-p0183	place_of_origin_original	Bagan, Mahabodhi	place-bagan-mahabodhi
obi-v03-n0105-ob-p0183	current_location_original	New Bagan Museum stone 69	place-new-bagan-museum-stone-69
obi-v03-n0106-ob-p0184	place_of_origin_original	Bagan, Mahabodhi	place-bagan-mahabodhi
obi-v03-n0106-ob-p0184	current_location_original	New Bagan Museum stone 69	place-new-bagan-museum-stone-69
obi-v03-n0107-ob-p0185	place_of_origin_original	Bagan, Mahabodhi	place-bagan-mahabodhi
obi-v03-n0107-ob-p0185	current_location_original	New Bagan Museum stone 69	place-new-bagan-museum-stone-69
obi-v03-n0108-ob-p0187	place_of_origin_original	Bagan, Mahabodhi	place-bagan-mahabodhi
obi-v03-n0108-ob-p0187	current_location_original	New Bagan Museum stone 69	place-new-bagan-museum-stone-69
obi-v03-n0109-ob-p0187	place_of_origin_original	Bagan, Mahabodhi	place-bagan-mahabodhi
obi-v03-n0109-ob-p0187	current_location_original	New Bagan Museum stone 69	place-new-bagan-museum-stone-69
obi-v03-n0109-re-p0189	place_of_origin_original	Bagan, Mahabodhi	place-bagan-mahabodhi
obi-v03-n0109-re-p0189	current_location_original	New Bagan Museum stone 69	place-new-bagan-museum-stone-69
obi-v03-n0110-ob-p0190	place_of_origin_original	Bagan, Mahabodhi	place-bagan-mahabodhi
obi-v03-n0110-ob-p0190	current_location_original	New Bagan Museum stone 69	place-new-bagan-museum-stone-69
obi-v03-n0111-re-p0191	place_of_origin_original	Bagan, Mahabodhi	place-bagan-mahabodhi
obi-v03-n0111-re-p0191	current_location_original	New Bagan Museum stone 69	place-new-bagan-museum-stone-69
obi-v03-n0112-ob-p0192	place_of_origin_original	Bagan, Mahabodhi	place-bagan-mahabodhi
obi-v03-n0112-ob-p0192	current_location_original	New Bagan Museum stone 69	place-new-bagan-museum-stone-69
obi-v03-n0113-ob-p0193	place_of_origin_original	Bagan, Mahabodhi	place-bagan-mahabodhi
obi-v03-n0113-ob-p0193	current_location_original	New Bagan Museum stone 69	place-new-bagan-museum-stone-69
obi-v03-n0114-ob-p0193	place_of_origin_original	Bagan, Mahabodhi	place-bagan-mahabodhi
obi-v03-n0114-ob-p0193	current_location_original	New Bagan Museum stone 69	place-new-bagan-museum-stone-69
obi-v03-n0115-ob-p0194	place_of_origin_original	Bagan, Mahabodhi	place-bagan-mahabodhi
obi-v03-n0115-ob-p0194	current_location_original	New Bagan Museum stone 69	place-new-bagan-museum-stone-69
obi-v03-n0116-ob-p0196	place_of_origin_original	Bagan, Mahabodhi	place-bagan-mahabodhi
obi-v03-n0116-ob-p0196	current_location_original	New Bagan Museum stone 69	place-new-bagan-museum-stone-69
obi-v03-n0117-ob-p0197	place_of_origin_original	Bagan, Mahabodhi	place-bagan-mahabodhi
obi-v03-n0117-ob-p0197	current_location_original	New Bagan Museum stone 69	place-new-bagan-museum-stone-69
obi-v03-n0118-ob-p0198	place_of_origin_original	Bagan, Mahabodhi	place-bagan-mahabodhi
obi-v03-n0118-ob-p0198	current_location_original	New Bagan Museum stone 69	place-new-bagan-museum-stone-69
obi-v03-n0119-tx-p0202	place_of_origin_original	Tanhsaung monastery (IMP 299), Wetkyi-in, Bagan	place-tanhsaung-monastery-imp-299-wetkyi-in-bagan
obi-v03-n0119-tx-p0202	current_location_original	New Bagan Museum stone 104d	place-new-bagan-museum-stone-104d
obi-v03-n0120-ob-p0204	place_of_origin_original	Tanhsaung monastery (IMP 299), Wetkyi-in, Bagan	place-tanhsaung-monastery-imp-299-wetkyi-in-bagan
obi-v03-n0120-ob-p0204	current_location_original	New Bagan Museum stone 104d	place-new-bagan-museum-stone-104d
obi-v03-n0121-ob-p0205	place_of_origin_original	Tanhsaung monastery (IMP 299), Wetkyi-in, Bagan	place-tanhsaung-monastery-imp-299-wetkyi-in-bagan
obi-v03-n0121-ob-p0205	current_location_original	New Bagan Museum stone 104d	place-new-bagan-museum-stone-104d
obi-v03-n0122-re-p0206	place_of_origin_original	Tanhsaung monastery (IMP 299), Wetkyi-in, Bagan	place-tanhsaung-monastery-imp-299-wetkyi-in-bagan
obi-v03-n0122-re-p0206	current_location_original	New Bagan Museum stone 104d	place-new-bagan-museum-stone-104d
obi-v03-n0123-ob-p0209	place_of_origin_original	Tanhsaung monastery (IMP 299), Wetkyi-in, Bagan	place-tanhsaung-monastery-imp-299-wetkyi-in-bagan
obi-v03-n0123-ob-p0209	current_location_original	New Bagan Museum stone 104d	place-new-bagan-museum-stone-104d
obi-v03-n0123-re-p0210	place_of_origin_original	Tanhsaung monastery (IMP 299), Wetkyi-in, Bagan	place-tanhsaung-monastery-imp-299-wetkyi-in-bagan
obi-v03-n0123-re-p0210	current_location_original	New Bagan Museum stone 104d	place-new-bagan-museum-stone-104d
obi-v03-n0124-ob-p0212	place_of_origin_original	Tanhsaung monastery (IMP 299), Wetkyi-in, Bagan	place-tanhsaung-monastery-imp-299-wetkyi-in-bagan
obi-v03-n0124-ob-p0212	current_location_original	New Bagan Museum stone 104d	place-new-bagan-museum-stone-104d
obi-v03-n0124-tx-p0213	place_of_origin_original	Tanhsaung monastery (IMP 299), Wetkyi-in, Bagan	place-tanhsaung-monastery-imp-299-wetkyi-in-bagan
obi-v03-n0124-tx-p0213	current_location_original	New Bagan Museum stone 104d	place-new-bagan-museum-stone-104d
obi-v03-n0125-ob-p0214	place_of_origin_original	Tanhsaung monastery (IMP 299), Wetkyi-in, Bagan	place-tanhsaung-monastery-imp-299-wetkyi-in-bagan
obi-v03-n0125-ob-p0214	current_location_original	New Bagan Museum stone 104d	place-new-bagan-museum-stone-104d
obi-v03-n0126-ob-p0217	place_of_origin_original	Tanhsaung monastery (IMP 299), Wetkyi-in, Bagan	place-tanhsaung-monastery-imp-299-wetkyi-in-bagan
obi-v03-n0126-ob-p0217	current_location_original	New Bagan Museum stone 104d	place-new-bagan-museum-stone-104d
obi-v03-n0127-ob-p0218	place_of_origin_original	Tanhsaung monastery (IMP 299), Wetkyi-in, Bagan	place-tanhsaung-monastery-imp-299-wetkyi-in-bagan
obi-v03-n0127-ob-p0218	current_location_original	New Bagan Museum stone 104d	place-new-bagan-museum-stone-104d
obi-v03-n0128-ob-p0218	place_of_origin_original	Tanhsaung monastery (IMP 299), Wetkyi-in, Bagan	place-tanhsaung-monastery-imp-299-wetkyi-in-bagan
obi-v03-n0128-ob-p0218	current_location_original	New Bagan Museum stone 104d	place-new-bagan-museum-stone-104d
obi-v03-n0128-re-p0219	place_of_origin_original	Tanhsaung monastery (IMP 299), Wetkyi-in, Bagan	place-tanhsaung-monastery-imp-299-wetkyi-in-bagan
obi-v03-n0128-re-p0219	current_location_original	New Bagan Museum stone 104d	place-new-bagan-museum-stone-104d
obi-v03-n0129-ob-p0220	place_of_origin_original	Tanhsaung monastery (IMP 299), Wetkyi-in, Bagan	place-tanhsaung-monastery-imp-299-wetkyi-in-bagan
obi-v03-n0129-ob-p0220	current_location_original	New Bagan Museum stone 104d	place-new-bagan-museum-stone-104d
obi-v03-n0130-ob-p0221	place_of_origin_original	?	place-unknown
obi-v03-n0130-ob-p0221	current_location_original	Mandalay Palace stone 332	place-mandalay-palace-stone-332
obi-v03-n0131-ob-p0222	place_of_origin_original	Mahabodhi, Bagan	place-mahabodhi-bagan
obi-v03-n0131-ob-p0222	current_location_original	New Bagan Museum stone 115	place-new-bagan-museum-stone-115
obi-v03-n0132-ob-p0225	place_of_origin_original	Tanhsaung monastery (IMP 299), Wetkyi-in, Bagan	place-tanhsaung-monastery-imp-299-wetkyi-in-bagan
obi-v03-n0132-ob-p0225	current_location_original	New Bagan Museum stone 104d	place-new-bagan-museum-stone-104d
obi-v03-n0133-ob-p0227	place_of_origin_original	Tanhsaung monastery (IMP 299), Wetkyi-in, Bagan	place-tanhsaung-monastery-imp-299-wetkyi-in-bagan
obi-v03-n0133-ob-p0227	current_location_original	New Bagan Museum stone 104d	place-new-bagan-museum-stone-104d
obi-v03-n0134-tx-p0228	place_of_origin_original	Tanhsaung monastery (IMP 299), Wetkyi-in, Bagan	place-tanhsaung-monastery-imp-299-wetkyi-in-bagan
obi-v03-n0134-tx-p0228	current_location_original	New Bagan Museum stone 104d	place-new-bagan-museum-stone-104d
obi-v03-n0134-tx-p0229	place_of_origin_original	Tanhsaung monastery (IMP 299), Wetkyi-in, Bagan	place-tanhsaung-monastery-imp-299-wetkyi-in-bagan
obi-v03-n0134-tx-p0229	current_location_original	New Bagan Museum stone 104d	place-new-bagan-museum-stone-104d
obi-v03-n0134-tx-p0230	place_of_origin_original	Tanhsaung monastery (IMP 299), Wetkyi-in, Bagan	place-tanhsaung-monastery-imp-299-wetkyi-in-bagan
obi-v03-n0134-tx-p0230	current_location_original	New Bagan Museum stone 104d	place-new-bagan-museum-stone-104d
obi-v03-n0135-ob-p0230	place_of_origin_original	Tanhsaung monastery (IMP 299), Wetkyi-in, Bagan	place-tanhsaung-monastery-imp-299-wetkyi-in-bagan
obi-v03-n0135-ob-p0230	current_location_original	New Bagan Museum stone 104d	place-new-bagan-museum-stone-104d
obi-v03-n0136-re-p0232	place_of_origin_original	Tanhsaung monastery (IMP 299), Wetkyi-in, Bagan	place-tanhsaung-monastery-imp-299-wetkyi-in-bagan
obi-v03-n0136-re-p0232	current_location_original	New Bagan Museum stone 104d	place-new-bagan-museum-stone-104d
obi-v03-n0137-ob-p0234	place_of_origin_original	Tanhsaung monastery (IMP 299), Wetkyi-in, Bagan	place-tanhsaung-monastery-imp-299-wetkyi-in-bagan
obi-v03-n0137-ob-p0234	current_location_original	New Bagan Museum stone 104d	place-new-bagan-museum-stone-104d
obi-v03-n0138-ob-p0235	place_of_origin_original	Tanhsaung monastery (IMP 299), Wetkyi-in, Bagan	place-tanhsaung-monastery-imp-299-wetkyi-in-bagan
obi-v03-n0138-ob-p0235	current_location_original	New Bagan Museum stone 104d	place-new-bagan-museum-stone-104d
obi-v03-n0139-re-p0236	place_of_origin_original	Tanhsaung monastery (IMP 299), Wetkyi-in, Bagan	place-tanhsaung-monastery-imp-299-wetkyi-in-bagan
obi-v03-n0139-re-p0236	current_location_original	New Bagan Museum stone 104d	place-new-bagan-museum-stone-104d
obi-v03-n0140-ob-p0237	place_of_origin_original	Tanhsaung monastery (IMP 299), Wetkyi-in, Bagan	place-tanhsaung-monastery-imp-299-wetkyi-in-bagan
obi-v03-n0140-ob-p0237	current_location_original	New Bagan Museum stone 104d	place-new-bagan-museum-stone-104d
obi-v03-n0141-ob-p0238	place_of_origin_original	Tanhsaung monastery (IMP 299), Wetkyi-in, Bagan	place-tanhsaung-monastery-imp-299-wetkyi-in-bagan
obi-v03-n0141-ob-p0238	current_location_original	New Bagan Museum stone 104d	place-new-bagan-museum-stone-104d
obi-v03-n0142-ob-p0240	place_of_origin_original	Tanhsaung monastery (IMP 299), Wetkyi-in, Bagan	place-tanhsaung-monastery-imp-299-wetkyi-in-bagan
obi-v03-n0142-ob-p0240	current_location_original	New Bagan Museum stone 104d	place-new-bagan-museum-stone-104d
obi-v03-n0142-re-p0241	place_of_origin_original	Tanhsaung monastery (IMP 299), Wetkyi-in, Bagan	place-tanhsaung-monastery-imp-299-wetkyi-in-bagan
obi-v03-n0142-re-p0241	current_location_original	New Bagan Museum stone 104d	place-new-bagan-museum-stone-104d
obi-v03-n0143-ob-p0242	place_of_origin_original	Tanhsaung monastery (IMP 299), Wetkyi-in, Bagan	place-tanhsaung-monastery-imp-299-wetkyi-in-bagan
obi-v03-n0143-ob-p0242	current_location_original	New Bagan Museum stone 104d	place-new-bagan-museum-stone-104d
obi-v03-n0144-ob-p0243	place_of_origin_original	Tanhsaung monastery (IMP 299), Wetkyi-in, Bagan	place-tanhsaung-monastery-imp-299-wetkyi-in-bagan
obi-v03-n0144-ob-p0243	current_location_original	New Bagan Museum stone 104d	place-new-bagan-museum-stone-104d
obi-v03-n0145-ob-p0245	place_of_origin_original	Tanhsaung monastery (IMP 299), Wetkyi-in, Bagan	place-tanhsaung-monastery-imp-299-wetkyi-in-bagan
obi-v03-n0145-ob-p0245	current_location_original	New Bagan Museum stone 104d	place-new-bagan-museum-stone-104d
obi-v03-n0146-ob-p0246	place_of_origin_original	Tanhsaung monastery (IMP 299), Wetkyi-in, Bagan	place-tanhsaung-monastery-imp-299-wetkyi-in-bagan
obi-v03-n0146-ob-p0246	current_location_original	New Bagan Museum stone 104d	place-new-bagan-museum-stone-104d
obi-v03-n0147-ob-p0247	place_of_origin_original	Tanhsaung monastery (IMP 299), Wetkyi-in, Bagan	place-tanhsaung-monastery-imp-299-wetkyi-in-bagan
obi-v03-n0147-ob-p0247	current_location_original	New Bagan Museum stone 104d	place-new-bagan-museum-stone-104d
obi-v03-n0148-re-p0249	place_of_origin_original	Tanhsaung monastery (IMP 299), Wetkyi-in, Bagan	place-tanhsaung-monastery-imp-299-wetkyi-in-bagan
obi-v03-n0148-re-p0249	current_location_original	New Bagan Museum stone 104d	place-new-bagan-museum-stone-104d
obi-v03-n0149-ob-p0251	place_of_origin_original	Tanhsaung monastery (IMP 299), Wetkyi-in, Bagan	place-tanhsaung-monastery-imp-299-wetkyi-in-bagan
obi-v03-n0149-ob-p0251	current_location_original	New Bagan Museum stone 104d	place-new-bagan-museum-stone-104d
obi-v03-n0150-ob-p0252	place_of_origin_original	Tanhsaung monastery (IMP 299), Wetkyi-in, Bagan	place-tanhsaung-monastery-imp-299-wetkyi-in-bagan
obi-v03-n0150-ob-p0252	current_location_original	New Bagan Museum stone 104d	place-new-bagan-museum-stone-104d
obi-v03-n0151-ob-p0253	place_of_origin_original	Tanhsaung monastery (IMP 299), Wetkyi-in, Bagan	place-tanhsaung-monastery-imp-299-wetkyi-in-bagan
obi-v03-n0151-ob-p0253	current_location_original	New Bagan Museum stone 104d	place-new-bagan-museum-stone-104d
obi-v03-n0152-ob-p0254	place_of_origin_original	Tanhsaung monastery (IMP 299), Wetkyi-in, Bagan	place-tanhsaung-monastery-imp-299-wetkyi-in-bagan
obi-v03-n0152-ob-p0254	current_location_original	New Bagan Museum stone 104d	place-new-bagan-museum-stone-104d
obi-v03-n0153-ob-p0255	place_of_origin_original	Tanhsaung monastery (IMP 299), Wetkyi-in, Bagan	place-tanhsaung-monastery-imp-299-wetkyi-in-bagan
obi-v03-n0153-ob-p0255	current_location_original	New Bagan Museum stone 104d	place-new-bagan-museum-stone-104d
obi-v03-n0154-ob-p0257	place_of_origin_original	Tanhsaung monastery (IMP 299), Wetkyi-in, Bagan	place-tanhsaung-monastery-imp-299-wetkyi-in-bagan
obi-v03-n0154-ob-p0257	current_location_original	New Bagan Museum stone 104d	place-new-bagan-museum-stone-104d
obi-v03-n0155-ob-p0259	place_of_origin_original	Tanhsaung monastery (IMP 299), Wetkyi-in, Bagan	place-tanhsaung-monastery-imp-299-wetkyi-in-bagan
obi-v03-n0155-ob-p0259	current_location_original	New Bagan Museum stone 104d	place-new-bagan-museum-stone-104d
obi-v03-n0156-ob-p0259	place_of_origin_original	Tanhsaung monastery (IMP 299), Wetkyi-in, Bagan	place-tanhsaung-monastery-imp-299-wetkyi-in-bagan
obi-v03-n0156-ob-p0259	current_location_original	New Bagan Museum stone 104d	place-new-bagan-museum-stone-104d
obi-v03-n0157-ob-p0260	place_of_origin_original	Tanhsaung monastery (IMP 299), Wetkyi-in, Bagan	place-tanhsaung-monastery-imp-299-wetkyi-in-bagan
obi-v03-n0157-ob-p0260	current_location_original	New Bagan Museum stone 104d	place-new-bagan-museum-stone-104d
obi-v03-n0158-ob-p0261	place_of_origin_original	Tanhsaung monastery (IMP 299), Wetkyi-in, Bagan	place-tanhsaung-monastery-imp-299-wetkyi-in-bagan
obi-v03-n0158-ob-p0261	current_location_original	New Bagan Museum stone 104d	place-new-bagan-museum-stone-104d
obi-v03-n0159-ob-p0264	place_of_origin_original	Tanhsaung monastery (IMP 299), Wetkyi-in, Bagan	place-tanhsaung-monastery-imp-299-wetkyi-in-bagan
obi-v03-n0159-ob-p0264	current_location_original	New Bagan Museum stone 104d	place-new-bagan-museum-stone-104d
obi-v03-n0159-re-p0268	place_of_origin_original	Tanhsaung monastery (IMP 299), Wetkyi-in, Bagan	place-tanhsaung-monastery-imp-299-wetkyi-in-bagan
obi-v03-n0159-re-p0268	current_location_original	New Bagan Museum stone 104d	place-new-bagan-museum-stone-104d
obi-v03-n0160-tx-p0272	place_of_origin_original	Tanhsaung monastery (IMP 299), Wetkyi-in, Bagan	place-tanhsaung-monastery-imp-299-wetkyi-in-bagan
obi-v03-n0160-tx-p0272	current_location_original	New Bagan Museum stone 104d	place-new-bagan-museum-stone-104d
obi-v03-n0161-re-p0273	place_of_origin_original	Tanhsaung monastery (IMP 299), Wetkyi-in, Bagan	place-tanhsaung-monastery-imp-299-wetkyi-in-bagan
obi-v03-n0161-re-p0273	current_location_original	New Bagan Museum stone 104d	place-new-bagan-museum-stone-104d
obi-v03-n0162-ob-p0274	place_of_origin_original	Tanhsaung monastery (IMP 299), Wetkyi-in, Bagan	place-tanhsaung-monastery-imp-299-wetkyi-in-bagan
obi-v03-n0162-ob-p0274	current_location_original	New Bagan Museum stone 104d	place-new-bagan-museum-stone-104d
obi-v03-n0163-ob-p0275	place_of_origin_original	Tanhsaung monastery (IMP 299), Wetkyi-in, Bagan	place-tanhsaung-monastery-imp-299-wetkyi-in-bagan
obi-v03-n0163-ob-p0275	current_location_original	New Bagan Museum stone 104d	place-new-bagan-museum-stone-104d
obi-v03-n0164-ob-p0276	place_of_origin_original	Tanhsaung monastery (IMP 299), Wetkyi-in, Bagan	place-tanhsaung-monastery-imp-299-wetkyi-in-bagan
obi-v03-n0164-ob-p0276	current_location_original	New Bagan Museum stone 104d	place-new-bagan-museum-stone-104d
obi-v03-n0165-ob-p0279	place_of_origin_original	Tanhsaung monastery (IMP 299), Wetkyi-in, Bagan	place-tanhsaung-monastery-imp-299-wetkyi-in-bagan
obi-v03-n0165-ob-p0279	current_location_original	New Bagan Museum stone 104d	place-new-bagan-museum-stone-104d
obi-v03-n0165-re-p0280	place_of_origin_original	Tanhsaung monastery (IMP 299), Wetkyi-in, Bagan	place-tanhsaung-monastery-imp-299-wetkyi-in-bagan
obi-v03-n0165-re-p0280	current_location_original	New Bagan Museum stone 104d	place-new-bagan-museum-stone-104d
obi-v03-n0166-ob-p0281	place_of_origin_original	Tanhsaung monastery (IMP 299), Wetkyi-in, Bagan	place-tanhsaung-monastery-imp-299-wetkyi-in-bagan
obi-v03-n0166-ob-p0281	current_location_original	New Bagan Museum stone 104d	place-new-bagan-museum-stone-104d
obi-v03-n0167-ob-p0282	place_of_origin_original	Tanhsaung monastery (IMP 299), Wetkyi-in, Bagan	place-tanhsaung-monastery-imp-299-wetkyi-in-bagan
obi-v03-n0167-ob-p0282	current_location_original	New Bagan Museum stone 104d	place-new-bagan-museum-stone-104d
obi-v03-n0168-ob-p0283	place_of_origin_original	Shwegu temple, forest mon. of Anein	place-shwegu-temple-forest-mon-of-anein
obi-v03-n0168-ob-p0283	current_location_original	in situ	place-in-situ
obi-v03-n0169-ob-p0285	place_of_origin_original	Tanhsaung monastery (IMP 299), Wetkyi-in, Bagan	place-tanhsaung-monastery-imp-299-wetkyi-in-bagan
obi-v03-n0169-ob-p0285	current_location_original	New Bagan Museum stone 104d	place-new-bagan-museum-stone-104d
obi-v03-n0169-re-p0287	place_of_origin_original	Tanhsaung monastery (IMP 299), Wetkyi-in, Bagan	place-tanhsaung-monastery-imp-299-wetkyi-in-bagan
obi-v03-n0169-re-p0287	current_location_original	New Bagan Museum stone 104d	place-new-bagan-museum-stone-104d
obi-v03-n0170-ob-p0289	place_of_origin_original	Tanhsaung monastery (IMP 299), Wetkyi-in, Bagan	place-tanhsaung-monastery-imp-299-wetkyi-in-bagan
obi-v03-n0170-ob-p0289	current_location_original	New Bagan Museum stone 104d	place-new-bagan-museum-stone-104d
obi-v03-n0171-ob-p0290	place_of_origin_original	Tanhsaung monastery (IMP 299), Wetkyi-in, Bagan	place-tanhsaung-monastery-imp-299-wetkyi-in-bagan
obi-v03-n0171-ob-p0290	current_location_original	New Bagan Museum stone 104d	place-new-bagan-museum-stone-104d
obi-v03-n0171-re-p0291	place_of_origin_original	Tanhsaung monastery (IMP 299), Wetkyi-in, Bagan	place-tanhsaung-monastery-imp-299-wetkyi-in-bagan
obi-v03-n0171-re-p0291	current_location_original	New Bagan Museum stone 104d	place-new-bagan-museum-stone-104d
obi-v03-n0172-re-p0292	place_of_origin_original	Tanhsaung monastery (IMP 299), Wetkyi-in, Bagan	place-tanhsaung-monastery-imp-299-wetkyi-in-bagan
obi-v03-n0172-re-p0292	current_location_original	New Bagan Museum stone 104d	place-new-bagan-museum-stone-104d
obi-v03-n0173-ob-p0293	place_of_origin_original	Tanhsaung monastery (IMP 299), Wetkyi-in, Bagan	place-tanhsaung-monastery-imp-299-wetkyi-in-bagan
obi-v03-n0173-ob-p0293	current_location_original	New Bagan Museum stone 104d	place-new-bagan-museum-stone-104d
obi-v03-n0173-re-p0295	place_of_origin_original	Tanhsaung monastery (IMP 299), Wetkyi-in, Bagan	place-tanhsaung-monastery-imp-299-wetkyi-in-bagan
obi-v03-n0173-re-p0295	current_location_original	New Bagan Museum stone 104d	place-new-bagan-museum-stone-104d
obi-v03-n0174-ob-p0296	place_of_origin_original	Tanhsaung monastery (IMP 299), Wetkyi-in, Bagan	place-tanhsaung-monastery-imp-299-wetkyi-in-bagan
obi-v03-n0174-ob-p0296	current_location_original	New Bagan Museum stone 104d	place-new-bagan-museum-stone-104d
obi-v03-n0175-re-p0297	place_of_origin_original	Tanhsaung monastery (IMP 299), Wetkyi-in, Bagan	place-tanhsaung-monastery-imp-299-wetkyi-in-bagan
obi-v03-n0175-re-p0297	current_location_original	New Bagan Museum stone 104d	place-new-bagan-museum-stone-104d
obi-v03-n0176-ob-p0298	place_of_origin_original	Tanhsaung monastery (IMP 299), Wetkyi-in, Bagan	place-tanhsaung-monastery-imp-299-wetkyi-in-bagan
obi-v03-n0176-ob-p0298	current_location_original	New Bagan Museum stone 104d	place-new-bagan-museum-stone-104d
obi-v03-n0177-ob-p0299	place_of_origin_original	Tanhsaung monastery (IMP 299), Wetkyi-in, Bagan	place-tanhsaung-monastery-imp-299-wetkyi-in-bagan
obi-v03-n0177-ob-p0299	current_location_original	New Bagan Museum stone 104d	place-new-bagan-museum-stone-104d
obi-v03-n0178-ob-p0299	place_of_origin_original	Tanhsaung monastery (IMP 299), Wetkyi-in, Bagan	place-tanhsaung-monastery-imp-299-wetkyi-in-bagan
obi-v03-n0178-ob-p0299	current_location_original	New Bagan Museum stone 104d	place-new-bagan-museum-stone-104d
obi-v03-n0179-ob-p0300	place_of_origin_original	Mt. Tuyin, Bagan	place-mt-tuyin-bagan
obi-v03-n0179-ob-p0300	current_location_original	Mandalay Palace stone 362	place-mandalay-palace-stone-362
obi-v03-n0180-ob-p0301	place_of_origin_original	Mt. Tuyin, Bagan	place-mt-tuyin-bagan
obi-v03-n0180-ob-p0301	current_location_original	Mandalay Palace stone 362	place-mandalay-palace-stone-362
obi-v03-n0181-re-p0302	place_of_origin_original	Mt. Tuyin, Bagan	place-mt-tuyin-bagan
obi-v03-n0181-re-p0302	current_location_original	Mandalay Palace stone 362	place-mandalay-palace-stone-362
obi-v03-n0182-ob-p0304	place_of_origin_original	Mt. Tuyin, Bagan	place-mt-tuyin-bagan
obi-v03-n0182-ob-p0304	current_location_original	Mandalay Palace stone 362	place-mandalay-palace-stone-362
obi-v03-n0183-ob-p0305	place_of_origin_original	Mt. Tuyin, Bagan	place-mt-tuyin-bagan
obi-v03-n0183-ob-p0305	current_location_original	Mandalay Palace stone 362	place-mandalay-palace-stone-362
obi-v03-n0184-ob-p0306	place_of_origin_original	Mt. Tuyin, Bagan	place-mt-tuyin-bagan
obi-v03-n0184-ob-p0306	current_location_original	Mandalay Palace stone 362	place-mandalay-palace-stone-362
obi-v03-n0185-ob-p0307	place_of_origin_original	Mt. Tuyin, Bagan	place-mt-tuyin-bagan
obi-v03-n0185-ob-p0307	current_location_original	Mandalay Palace stone 362	place-mandalay-palace-stone-362
obi-v03-n0186-ob-p0308	place_of_origin_original	Mt. Tuyin, Bagan	place-mt-tuyin-bagan
obi-v03-n0186-ob-p0308	current_location_original	Mandalay Palace stone 362	place-mandalay-palace-stone-362
obi-v03-n0187-ob-p0310	place_of_origin_original	Mt. Tuyin, Bagan	place-mt-tuyin-bagan
obi-v03-n0187-ob-p0310	current_location_original	Mandalay Palace stone 362	place-mandalay-palace-stone-362
obi-v03-n0188-ob-p0310	place_of_origin_original	Mt. Tuyin, Bagan	place-mt-tuyin-bagan
obi-v03-n0188-ob-p0310	current_location_original	Mandalay Palace stone 362	place-mandalay-palace-stone-362
obi-v03-n0188-re-p0311	place_of_origin_original	Mt. Tuyin, Bagan	place-mt-tuyin-bagan
obi-v03-n0188-re-p0311	current_location_original	Mandalay Palace stone 362	place-mandalay-palace-stone-362
obi-v03-n0189-tx-p0312	place_of_origin_original	Mt. Tuyin, Bagan	place-mt-tuyin-bagan
obi-v03-n0189-tx-p0312	current_location_original	Mandalay Palace stone 362	place-mandalay-palace-stone-362
obi-v03-n0190-ob-p0312	place_of_origin_original	Mt. Tuyin, Bagan	place-mt-tuyin-bagan
obi-v03-n0190-ob-p0312	current_location_original	Mandalay Palace stone 362	place-mandalay-palace-stone-362
obi-v03-n0191-ob-p0313	place_of_origin_original	Mt. Tuyin, Bagan	place-mt-tuyin-bagan
obi-v03-n0191-ob-p0313	current_location_original	Mandalay Palace stone 362	place-mandalay-palace-stone-362
obi-v03-n0191-re-p0314	place_of_origin_original	Mt. Tuyin, Bagan	place-mt-tuyin-bagan
obi-v03-n0191-re-p0314	current_location_original	Mandalay Palace stone 362	place-mandalay-palace-stone-362
obi-v03-n0192-ob-p0315	place_of_origin_original	Mt. Tuyin, Bagan	place-mt-tuyin-bagan
obi-v03-n0192-ob-p0315	current_location_original	Mandalay Palace stone 362	place-mandalay-palace-stone-362
obi-v03-n0193-ob-p0315	place_of_origin_original	Mt. Tuyin, Bagan	place-mt-tuyin-bagan
obi-v03-n0193-ob-p0315	current_location_original	Mandalay Palace stone 362	place-mandalay-palace-stone-362
obi-v03-n0194-ob-p0317	place_of_origin_original	Mt. Tuyin, Bagan	place-mt-tuyin-bagan
obi-v03-n0194-ob-p0317	current_location_original	Mandalay Palace stone 362	place-mandalay-palace-stone-362
obi-v03-n0195-ob-p0318	place_of_origin_original	Mt. Tuyin, Bagan	place-mt-tuyin-bagan
obi-v03-n0195-ob-p0318	current_location_original	Mandalay Palace stone 362	place-mandalay-palace-stone-362
obi-v03-n0196-ob-p0319	place_of_origin_original	Mt. Tuyin, Bagan	place-mt-tuyin-bagan
obi-v03-n0196-ob-p0319	current_location_original	Mandalay Palace stone 362	place-mandalay-palace-stone-362
obi-v03-n0197-ob-p0320	place_of_origin_original	Mt. Tuyin, Bagan	place-mt-tuyin-bagan
obi-v03-n0197-ob-p0320	current_location_original	Mandalay Palace stone 362	place-mandalay-palace-stone-362
obi-v03-n0197-re-p0321	place_of_origin_original	Mt. Tuyin, Bagan	place-mt-tuyin-bagan
obi-v03-n0197-re-p0321	current_location_original	Mandalay Palace stone 362	place-mandalay-palace-stone-362
obi-v03-n0198-tx-p0322	place_of_origin_original	Mt. Tuyin, Bagan	place-mt-tuyin-bagan
obi-v03-n0198-tx-p0322	current_location_original	Mandalay Palace stone 362	place-mandalay-palace-stone-362
obi-v03-n0199-ob-p0324	place_of_origin_original	Mt. Tuyin, Bagan	place-mt-tuyin-bagan
obi-v03-n0199-ob-p0324	current_location_original	Mandalay Palace stone 362	place-mandalay-palace-stone-362
obi-v03-n0200-ob-p0325	place_of_origin_original	Mt. Tuyin, Bagan	place-mt-tuyin-bagan
obi-v03-n0200-ob-p0325	current_location_original	Mandalay Palace stone 362	place-mandalay-palace-stone-362
obi-v03-n0200-re-p0326	place_of_origin_original	Mt. Tuyin, Bagan	place-mt-tuyin-bagan
obi-v03-n0200-re-p0326	current_location_original	Mandalay Palace stone 362	place-mandalay-palace-stone-362
obi-v03-n0201-ob-p0327	place_of_origin_original	Mt. Tuyin, Bagan	place-mt-tuyin-bagan
obi-v03-n0201-ob-p0327	current_location_original	Mandalay Palace stone 362	place-mandalay-palace-stone-362
obi-v03-n0201-re-p0330	place_of_origin_original	Mt. Tuyin, Bagan	place-mt-tuyin-bagan
obi-v03-n0201-re-p0330	current_location_original	Mandalay Palace stone 362	place-mandalay-palace-stone-362
obi-v03-n0202-ob-p0330	place_of_origin_original	Mt. Tuyin, Bagan	place-mt-tuyin-bagan
obi-v03-n0202-ob-p0330	current_location_original	Mandalay Palace stone 362	place-mandalay-palace-stone-362
obi-v03-n0203-tx-p0331	place_of_origin_original	Mt. Tuyin, Bagan	place-mt-tuyin-bagan
obi-v03-n0203-tx-p0331	current_location_original	Mandalay Palace stone 362	place-mandalay-palace-stone-362
obi-v03-n0204-ob-p0332	place_of_origin_original	Mt. Tuyin, Bagan	place-mt-tuyin-bagan
obi-v03-n0204-ob-p0332	current_location_original	Mandalay Palace stone 362	place-mandalay-palace-stone-362
obi-v03-n0205-ob-p0333	place_of_origin_original	Mt. Tuyin, Bagan	place-mt-tuyin-bagan
obi-v03-n0205-ob-p0333	current_location_original	Mandalay Palace stone 362	place-mandalay-palace-stone-362
obi-v03-n0206-ob-p0335	place_of_origin_original	Mt. Tuyin, Bagan	place-mt-tuyin-bagan
obi-v03-n0206-ob-p0335	current_location_original	Mandalay Palace stone 362	place-mandalay-palace-stone-362
obi-v03-n0207-ob-p0336	place_of_origin_original	Mt. Tuyin, Bagan	place-mt-tuyin-bagan
obi-v03-n0207-ob-p0336	current_location_original	Mandalay Palace stone 362	place-mandalay-palace-stone-362
obi-v03-n0207-re-p0337	place_of_origin_original	Mt. Tuyin, Bagan	place-mt-tuyin-bagan
obi-v03-n0207-re-p0337	current_location_original	Mandalay Palace stone 362	place-mandalay-palace-stone-362
obi-v03-n0208-ob-p0337	place_of_origin_original	Mt. Tuyin, Bagan	place-mt-tuyin-bagan
obi-v03-n0208-ob-p0337	current_location_original	Mandalay Palace stone 362	place-mandalay-palace-stone-362
obi-v03-n0209-ob-p0339	place_of_origin_original	Mt. Tuyin, Bagan	place-mt-tuyin-bagan
obi-v03-n0209-ob-p0339	current_location_original	Mandalay Palace stone 362	place-mandalay-palace-stone-362
obi-v03-n0209-re-p0341	place_of_origin_original	Mt. Tuyin, Bagan	place-mt-tuyin-bagan
obi-v03-n0209-re-p0341	current_location_original	Mandalay Palace stone 362	place-mandalay-palace-stone-362
obi-v03-n0210-ob-p0341	place_of_origin_original	Mt. Tuyin, Bagan	place-mt-tuyin-bagan
obi-v03-n0210-ob-p0341	current_location_original	Mandalay Palace stone 362	place-mandalay-palace-stone-362
obi-v03-n0211-ob-p0342	place_of_origin_original	Mt. Tuyin, Bagan	place-mt-tuyin-bagan
obi-v03-n0211-ob-p0342	current_location_original	Mandalay Palace stone 362	place-mandalay-palace-stone-362
obi-v03-n0212-ob-p0343	place_of_origin_original	Mt. Tuyin, Bagan	place-mt-tuyin-bagan
obi-v03-n0212-ob-p0343	current_location_original	Mandalay Palace stone 362	place-mandalay-palace-stone-362
obi-v03-n0212-re-p0345	place_of_origin_original	Mt. Tuyin, Bagan	place-mt-tuyin-bagan
obi-v03-n0212-re-p0345	current_location_original	Mandalay Palace stone 362	place-mandalay-palace-stone-362
obi-v03-n0213-ob-p0345	place_of_origin_original	Mt. Tuyin, Bagan	place-mt-tuyin-bagan
obi-v03-n0213-ob-p0345	current_location_original	Mandalay Palace stone 362	place-mandalay-palace-stone-362
obi-v03-n0214-ob-p0347	place_of_origin_original	Mt. Tuyin, Bagan	place-mt-tuyin-bagan
obi-v03-n0214-ob-p0347	current_location_original	Mandalay Palace stone 362	place-mandalay-palace-stone-362
obi-v03-n0215-ob-p0348	place_of_origin_original	Mt. Tuyin, Bagan	place-mt-tuyin-bagan
obi-v03-n0215-ob-p0348	current_location_original	Mandalay Palace stone 362	place-mandalay-palace-stone-362
obi-v03-n0215-re-p0350	place_of_origin_original	Mt. Tuyin, Bagan	place-mt-tuyin-bagan
obi-v03-n0215-re-p0350	current_location_original	Mandalay Palace stone 362	place-mandalay-palace-stone-362
obi-v03-n0216-ob-p0351	place_of_origin_original	Mt. Tuyin, Bagan	place-mt-tuyin-bagan
obi-v03-n0216-ob-p0351	current_location_original	Mandalay Palace stone 362	place-mandalay-palace-stone-362
obi-v03-n0217-ob-p0353	place_of_origin_original	Mt. Tuyin, Bagan	place-mt-tuyin-bagan
obi-v03-n0217-ob-p0353	current_location_original	Mandalay Palace stone 362	place-mandalay-palace-stone-362
obi-v03-n0218-ob-p0354	place_of_origin_original	Mt. Tuyin, Bagan	place-mt-tuyin-bagan
obi-v03-n0218-ob-p0354	current_location_original	Mandalay Palace stone 362	place-mandalay-palace-stone-362
obi-v03-n0219-tx-p0355	place_of_origin_original	Mt. Tuyin, Bagan	place-mt-tuyin-bagan
obi-v03-n0219-tx-p0355	current_location_original	Mandalay Palace stone 362	place-mandalay-palace-stone-362
obi-v03-n0220-tx-p0356	place_of_origin_original	Mt. Tuyin, Bagan	place-mt-tuyin-bagan
obi-v03-n0220-tx-p0356	current_location_original	Mandalay Palace stone 362	place-mandalay-palace-stone-362
obi-v03-n0221-tx-p0356	place_of_origin_original	Mt. Tuyin, Bagan	place-mt-tuyin-bagan
obi-v03-n0221-tx-p0356	current_location_original	Mandalay Palace stone 362	place-mandalay-palace-stone-362
obi-v03-n0222-ob-p0357	place_of_origin_original	Mt. Tuyin, Bagan	place-mt-tuyin-bagan
obi-v03-n0222-ob-p0357	current_location_original	Mandalay Palace stone 362	place-mandalay-palace-stone-362
obi-v03-n0223-ob-p0358	place_of_origin_original	Mt. Tuyin, Bagan	place-mt-tuyin-bagan
obi-v03-n0223-ob-p0358	current_location_original	Mandalay Palace stone 362	place-mandalay-palace-stone-362
obi-v03-n0224-ob-p0359	place_of_origin_original	Mt. Tuyin, Bagan	place-mt-tuyin-bagan
obi-v03-n0224-ob-p0359	current_location_original	Mandalay Palace stone 362	place-mandalay-palace-stone-362
obi-v03-n0225-ob-p0360	place_of_origin_original	from the old town of Pinlay, near Myittha	place-from-the-old-town-of-pinlay-near-myittha
obi-v03-n0225-ob-p0360	current_location_original	in Shwezedi temple, Pinlay	place-in-shwezedi-temple-pinlay
obi-v03-n0225-re-p0362	place_of_origin_original	Mt. Tuyin, Bagan	place-mt-tuyin-bagan
obi-v03-n0225-re-p0362	current_location_original	Mandalay Palace stone 362	place-mandalay-palace-stone-362
obi-v03-n0226-ob-p0363	place_of_origin_original	Mt. Tuyin, Bagan	place-mt-tuyin-bagan
obi-v03-n0226-ob-p0363	current_location_original	Mandalay Palace stone 362	place-mandalay-palace-stone-362
obi-v03-n0227-ob-p0364	place_of_origin_original	Mt. Tuyin, Bagan	place-mt-tuyin-bagan
obi-v03-n0227-ob-p0364	current_location_original	Mandalay Palace stone 362	place-mandalay-palace-stone-362
obi-v04-n0020-ob-p0026	place_of_origin_original	Shwegu temple, Hsingut village, Shwe bo distr.	place-shwegu-temple-hsingut-village-shwe-bo-distr
obi-v04-n0020-ob-p0026	current_location_original	in situ	place-in-situ
obi-v04-n0022-ob-p0029	place_of_origin_original	Kodawbyauk temple, near Tawgyaung vill., Amyint	place-kodawbyauk-temple-near-tawgyaung-vill-amyint
obi-v04-n0022-ob-p0029	current_location_original	in situ	place-in-situ
obi-v04-n0024-ob-p0036	place_of_origin_original	Hsadaung village., Sagaing	place-hsadaung-village-sagaing
obi-v04-n0024-ob-p0036	current_location_original	Mandalay Palace stone 428	place-mandalay-palace-stone-428
obi-v04-n0039-ob-p0064	place_of_origin_original	Shwesaungthu temple, Pakhan-gyi	place-shwesaungthu-temple-pakhan-gyi
obi-v04-n0039-ob-p0064	current_location_original	now in inscr. shed of Shinbinpaykyauk temple, Pakhan-gyi	place-now-in-inscr-shed-of-shinbinpaykyauk-temple-pakhan-gyi
obi-v04-n0039-re-p0065	place_of_origin_original	Shwesaungtin temple, Pakhan-gyi; now in inscription shed of Shinbin-pay kyaung temple	place-shwesaungtin-temple-pakhan-gyi-now-in-inscription-shed-of-shinbin-pay-kyaung-temple
obi-v04-n0039-re-p0065	current_location_original	Mandalay Maha muni	place-mandalay-maha-muni
obi-v04-n0044-ob-p0073	place_of_origin_original	Chaung-U, Anein forest mon.	place-chaung-u-anein-forest-mon
obi-v04-n0044-ob-p0073	current_location_original	in situ	place-in-situ
obi-v04-n0051-ob-p0081	place_of_origin_original	Shwegu temple, Sha-gwe village, Wetlet township	place-shwegu-temple-sha-gwe-village-wetlet-township
obi-v04-n0051-ob-p0081	current_location_original	in situ	place-in-situ
obi-v04-n0066-ob-p0102	place_of_origin_original	Paunglaung, Anein	place-paunglaung-anein
obi-v04-n0066-ob-p0102	current_location_original	in situ	place-in-situ
obi-v04-n0092-ob-p0147	place_of_origin_original	Shwe-Palaung temple, Kyaukyit	place-shwe-palaung-temple-kyaukyit
obi-v04-n0092-ob-p0147	current_location_original	in situ	place-in-situ
obi-v04-n0104-ob-p0163	place_of_origin_original	Bagan ?	place-bagan
obi-v04-n0104-ob-p0163	current_location_original	Mandalay Palace stone 78	place-mandalay-palace-stone-78
obi-v04-n0107-ob-p0171	place_of_origin_original	Bagan ?	place-bagan
obi-v04-n0107-ob-p0171	current_location_original	Mandalay Palace stone 180	place-mandalay-palace-stone-180
obi-v04-n0117-re-p0191	place_of_origin_original	West Zanthi (IMP 557), Minnanthu, Bagan	place-west-zanthi-imp-557-minnanthu-bagan
obi-v04-n0117-re-p0191	current_location_original	in situ	place-in-situ
obi-v04-n0138-re-p0235	place_of_origin_original	Natkun-hmawdaw temple, NE of	place-natkun-hmawdaw-temple-ne-of
obi-v04-n0138-re-p0235	current_location_original	in situ ?	place-in-situ
obi-v04-n0146-ob-p0251	place_of_origin_original	Pinya, Kyaukse distr.	place-pinya-kyaukse-distr
obi-v04-n0146-ob-p0251	current_location_original	Mandalay Palace stone 343	place-mandalay-palace-stone-343
obi-v04-n0149-re-p0260	place_of_origin_original	Shwegu temple, Hsingut village, Shwe bo distr.	place-shwegu-temple-hsingut-village-shwe-bo-distr
obi-v04-n0149-re-p0260	current_location_original	in situ	place-in-situ
obi-v04-n0150-ob-p0261	place_of_origin_original	Shwegu temple, Hsingut village, Shwe bo distr.	place-shwegu-temple-hsingut-village-shwe-bo-distr
obi-v04-n0150-ob-p0261	current_location_original	in situ	place-in-situ
obi-v04-n0150-re-p0262	place_of_origin_original	Shwegu temple, Hsingut village, Shwe bo distr.	place-shwegu-temple-hsingut-village-shwe-bo-distr
obi-v04-n0150-re-p0262	current_location_original	in situ	place-in-situ
obi-v04-n0151-ob-p0263	place_of_origin_original	Shwegu temple, Hsingut village, Shwe bo distr.	place-shwegu-temple-hsingut-village-shwe-bo-distr
obi-v04-n0151-ob-p0263	current_location_original	in situ	place-in-situ
obi-v04-n0151-re-p0264	place_of_origin_original	Shwegu temple, Hsingut village, Shwe bo distr.	place-shwegu-temple-hsingut-village-shwe-bo-distr
obi-v04-n0151-re-p0264	current_location_original	in situ	place-in-situ
obi-v04-n0152-ob-p0265	place_of_origin_original	Shwegu temple, Hsingut village, Shwe bo distr.	place-shwegu-temple-hsingut-village-shwe-bo-distr
obi-v04-n0152-ob-p0265	current_location_original	in situ	place-in-situ
obi-v04-n0152-re-p0267	place_of_origin_original	Shwegu temple, Hsingut village, Shwe bo distr.	place-shwegu-temple-hsingut-village-shwe-bo-distr
obi-v04-n0152-re-p0267	current_location_original	in situ	place-in-situ
obi-v05-n0042-ob-p0110	place_of_origin_original	Theingon temple, Kattukan vill., Meiktila	place-theingon-temple-kattukan-vill-meiktila
obi-v05-n0042-ob-p0110	current_location_original	in situ	place-in-situ
obi-v05-n0044-ob-p0111	place_of_origin_original	Pyatthad-hla, Pyidawtha, Sagaing distr.	place-pyatthad-hla-pyidawtha-sagaing-distr
obi-v05-n0044-ob-p0111	current_location_original	in situ	place-in-situ
obi-v06-n0001-ob-p0001	place_of_origin_original	ကျောက်ဆည်မြို့နယ်၊ ဝက်ထိန်းရွာအနီး၊ ဖော်တော်ဦးဘုရား၌ရှိသည်။ ¤ kyokʻchaññʻ township, near vakʻthinʻḥ village, phoʻtoʻʔūḥ pagoda	place-ကျောက်ဆည်မြို့နယ်၊-ဝက်ထိန်းရွာအနီး၊-ဖော်တော်ဦးဘုရား၌ရှိသည်။-kyok-cha-township-near-vak-thin-village-pho-to-pagoda
obi-v06-n0002-ob-p0003	place_of_origin_original	မုံရွာခရိုင်၊ ပုလဲမြို့နယ်၊ လှော်ကားကြီးရွာသိမ်တော်၏စေတီအတွင်း၌ရှိသည်။ ¤ muṃrvā district, pulai township, lhoʻkāḥkrīḥ village simʻtoʻʔe*cetī	place-မုံရွာခရိုင်၊-ပုလဲမြို့နယ်၊-လှော်ကားကြီးရွာသိမ်တော်၏စေတီအတွင်း၌ရှိသည်။-mu-rv-district-pulai-township-lho-k-kr-village-sim-to-e-cet
obi-v06-n0003-ob-p0005	place_of_origin_original	ဗန်းမော်မြို့၊ ကောင်းတုံရွာ၊ အောင်မြေစေတီ ¤ banʻḥmoʻ town, koṅʻḥtuṃ village, ʔoṅʻmrecetī	place-ဗန်းမော်မြို့၊-ကောင်းတုံရွာ၊-အောင်မြေစေတီ-ban-mo-town-ko-tu-village-o-mrecet
obi-v06-n0003-ob-p0005	current_location_original	ဗန်းမော်မြို့၊ အစိုးရစစ်တပ်အတွင်း၌ရှိသည်။ ¤ banʻḥmoʻ town, ʔacuiḥracacʻtapʻ	place-ဗန်းမော်မြို့၊-အစိုးရစစ်တပ်အတွင်း၌ရှိသည်။-ban-mo-town-acui-racac-tap
obi-v06-n0004-ob-p0006	place_of_origin_original	ဟန်လင်းကြီးမြို့ဟောင်းတောင်ဘက် (၄) ဖာလုံအကွာ မြောက်ရွှေသိမ်တော် ဘုရားအရှေ့ဘက်သိမ်၏ အရှေ့မြောက်ထောင့် ¤ hanʻlaṅʻḥkrīḥ town hoṅʻḥtoṅʻbhakʻ (4) phāluṃʔakvā mrokʻrvhesimʻtoʻ pagoda east bhakʻsimʻʔe* northeast thoṅɂʻ	place-ဟန်လင်းကြီးမြို့ဟောင်းတောင်ဘက်-၄-ဖာလုံအကွာ-မြောက်ရွှေသိမ်တော်-ဘုရားအရှေ့ဘက်သိမ်၏-အရှေ့မြောက်ထောင့်-han-la-kr-town-ho-to-bhak-4-ph-lu-akv-mrok-rvhesim-to-pagoda-east-bhak-sim-e-northeast-tho
obi-v06-n0005-ob-p0007	place_of_origin_original	ယင်းမာပင်မြို့နယ်၊ ဖိုဝင်းတောင်၊ ကွန်းစင်တိုင်ဘုရာကြီးအာရုံခံအတွင်း ¤ yaṅʻḥmāpaṅʻ township, phuivaṅʻḥtoṅʻ, kvanʻḥcaṅʻtuiṅʻbhurākrīḥʔāruṃkhaṃ	place-ယင်းမာပင်မြို့နယ်၊-ဖိုဝင်းတောင်၊-ကွန်းစင်တိုင်ဘုရာကြီးအာရုံခံအတွင်း-ya-m-pa-township-phuiva-to-kvan-ca-tui-bhur-kr-ru-kha
obi-v06-n0005-ob-p0007	current_location_original	ယင်းမာပင်မြို့နယ်၊ ဖိုဝင်းတောင်၊ ကွန်းစင်တိုင်ဘုရားကြီး အာရုံခံအတွင်း ¤ yaṅʻḥmāpaṅʻ township, phuivaṅʻḥtoṅʻ, kvanʻḥcaṅʻtuiṅʻ pagoda ʔāruṃkhaṃ	place-ယင်းမာပင်မြို့နယ်၊-ဖိုဝင်းတောင်၊-ကွန်းစင်တိုင်ဘုရားကြီး-အာရုံခံအတွင်း-ya-m-pa-township-phuiva-to-kvan-ca-tui-pagoda-ru-kha
obi-v06-n0006-ob-p0008	place_of_origin_original	ယင်းမာပင်မြို့နယ်၊ ဖိုဝင်းတောင်၊ ကွန်းစင်တိုင်ဘုရားကြီးအာရုံခံအတွင်း ¤ yaṅʻḥmāpaṅʻ township, phuivaṅʻḥtoṅʻ, kvanʻḥcaṅʻtuiṅʻ pagoda ʔāruṃkhaṃ	place-ယင်းမာပင်မြို့နယ်၊-ဖိုဝင်းတောင်၊-ကွန်းစင်တိုင်ဘုရားကြီးအာရုံခံအတွင်း-ya-m-pa-township-phuiva-to-kvan-ca-tui-pagoda-ru-kha
obi-v06-n0006-ob-p0008	current_location_original	ယင်းမာပင်မြို့နယ်၊ ဖိုဝင်းတောင်၊ ကွန်းစင်တိုင်ဘုရားကြီး အာရုံခံအတွင်း ¤ yaṅʻḥmāpaṅʻ township, phuivaṅʻḥtoṅʻ, kvanʻḥcaṅʻtuiṅʻ pagoda ʔāruṃkhaṃ	place-ယင်းမာပင်မြို့နယ်၊-ဖိုဝင်းတောင်၊-ကွန်းစင်တိုင်ဘုရားကြီး-အာရုံခံအတွင်း-ya-m-pa-township-phuiva-to-kvan-ca-tui-pagoda-ru-kha
obi-v06-n0007-tx-p0009	place_of_origin_original	ယင်းမာပင်မြို့နယ်၊ ဖိုဝင်းတောင်၊ ကွန်းစင်တိုင်ဘုရားကြီးအာရုံခံအတွင်း ¤ yaṅʻḥmāpaṅʻ township, phuivaṅʻḥtoṅʻ, kvanʻḥcaṅʻtuiṅʻ pagoda ʔāruṃkhaṃ	place-ယင်းမာပင်မြို့နယ်၊-ဖိုဝင်းတောင်၊-ကွန်းစင်တိုင်ဘုရားကြီးအာရုံခံအတွင်း-ya-m-pa-township-phuiva-to-kvan-ca-tui-pagoda-ru-kha
obi-v06-n0007-tx-p0009	current_location_original	ယင်းမာပင်မြို့နယ်၊ ဖိုဝင်းတောင်၊ ကွန်းစင်တိုင်ဘုရားကြီး အာရုံခံအတွင်း ¤ yaṅʻḥmāpaṅʻ township, phuivaṅʻḥtoṅʻ, kvanʻḥcaṅʻtuiṅʻ pagoda ʔāruṃkhaṃ	place-ယင်းမာပင်မြို့နယ်၊-ဖိုဝင်းတောင်၊-ကွန်းစင်တိုင်ဘုရားကြီး-အာရုံခံအတွင်း-ya-m-pa-township-phuiva-to-kvan-ca-tui-pagoda-ru-kha
obi-v06-n0008-ob-p0011	place_of_origin_original	ရွှေဘိုမြို့၊ ရွှေချက်ကျစေတီတော်ရှေ့၊ သုဓမ္မာဇရပ်၌ရှိသည်။ ¤ rvhebhui town, in front of rvhekhyakʻkyacetītoʻ, sudhammājarapʻ	place-ရွှေဘိုမြို့၊-ရွှေချက်ကျစေတီတော်ရှေ့၊-သုဓမ္မာဇရပ်၌ရှိသည်။-rvhebhui-town-in-front-of-rvhekhyak-kyacet-to-sudhamm-jarap
obi-v06-n0008-ob-p0011	current_location_original	ရွှေဘိုမြို့၊ ရွှေချက်ကျစေတီတော်ရှေ့၊ သုဓမ္မာဇရပ်၌ရှိသည်။ ¤ rvhebhui town, in front of rvhekhyakʻkyacetītoʻ, sudhammājarapʻ	place-ရွှေဘိုမြို့၊-ရွှေချက်ကျစေတီတော်ရှေ့၊-သုဓမ္မာဇရပ်၌ရှိသည်။-rvhebhui-town-in-front-of-rvhekhyak-kyacet-to-sudhamm-jarap
obi-v06-n0009-ob-p0013	place_of_origin_original	ကျောက်ဆည်မြို့၊ ရွှေသာလျောင်းဘုရားတောင်စောင်းတန်းအဆင်း လက်ယာဘက် ¤ kyokʻchaññʻ town, rvhesālyoṅʻḥ pagoda toṅʻcoṅʻḥtanʻḥʔachaṅʻḥ lakʻyābhakʻ	place-ကျောက်ဆည်မြို့၊-ရွှေသာလျောင်းဘုရားတောင်စောင်းတန်းအဆင်း-လက်ယာဘက်-kyok-cha-town-rvhes-lyo-pagoda-to-co-tan-acha-lak-y-bhak
obi-v06-n0010-ob-p0016	place_of_origin_original	ရွှေကြက်ယက်မုဌောဘုရား ¤ rvhekrakʻyakʻmuṭho pagoda	place-ရွှေကြက်ယက်မုဌောဘုရား-rvhekrak-yak-mu-ho-pagoda
obi-v06-n0010-ob-p0016	current_location_original	မန္တလေးနန်းတွင်းကျောက်စာရုံကြီးအတွင်း ¤ mantaleḥnanʻḥtvaṅʻḥ inscription room krīḥ	place-မန္တလေးနန်းတွင်းကျောက်စာရုံကြီးအတွင်း-mantale-nan-tva-inscription-room-kr
obi-v06-n0011-ob-p0018	place_of_origin_original	ရွှေဘိုခရိုင်၊ ဒီပဲယင်းမြို့နယ်၊ နဂါးဗိုလ်ရွာ၊ ရွှေမုတ္ထောစေတီသိမ်အနီး ¤ rvhebhui district, dīpaiyaṅʻḥ township, nagāḥbuilʻ village, rvhemutthocetīsimʻʔanīḥ	place-ရွှေဘိုခရိုင်၊-ဒီပဲယင်းမြို့နယ်၊-နဂါးဗိုလ်ရွာ၊-ရွှေမုတ္ထောစေတီသိမ်အနီး-rvhebhui-district-d-paiya-township-nag-buil-village-rvhemutthocet-sim-an
obi-v06-n0011-ob-p0018	current_location_original	ရွှေဘိုခရိုင်၊ ဒီပဲယင်းမြို့နယ်၊ နဂါးဗိုလ်ရွာ ရွှေမုတ္ထောစေတီသိမ်အနီး ¤ rvhebhui district, dīpaiyaṅʻḥ township, nagāḥbuilʻ village rvhemutthocetīsimʻʔanīḥ	place-ရွှေဘိုခရိုင်၊-ဒီပဲယင်းမြို့နယ်၊-နဂါးဗိုလ်ရွာ-ရွှေမုတ္ထောစေတီသိမ်အနီး-rvhebhui-district-d-paiya-township-nag-buil-village-rvhemutthocet-sim-an
obi-v06-n0012-ob-p0022	place_of_origin_original	ရွှေဘိုမြို့ ¤ rvhebhui town	place-ရွှေဘိုမြို့-rvhebhui-town
obi-v06-n0012-ob-p0022	current_location_original	ရွှေဘိုမြို့ ¤ rvhebhui town	place-ရွှေဘိုမြို့-rvhebhui-town
obi-v06-n0013-re-p0030	place_of_origin_original	ရွှေဘိုမြို့ ¤ rvhebhui town	place-ရွှေဘိုမြို့-rvhebhui-town
obi-v06-n0013-re-p0030	current_location_original	ရွှေဘိုမြို့ ¤ rvhebhui town	place-ရွှေဘိုမြို့-rvhebhui-town
obi-v06-n0014-ob-p0039	place_of_origin_original	ရွှေဘိုမြို့၊ မဟာမုနိတံတိုင်းအတွင်း၌ ရှိသည်။ ¤ rvhebhui town, mahāmuni inner wall n* rhisaññʻ	place-ရွှေဘိုမြို့၊-မဟာမုနိတံတိုင်းအတွင်း၌-ရှိသည်။-rvhebhui-town-mah-muni-inner-wall-n-rhisa
obi-v06-n0014-ob-p0039	current_location_original	ရွှေဘိုမြို့၊ မဟာမုနိတံတိုင်းအတွင်း၌ရှိသည်။ ¤ rvhebhui town, mahāmuni inner wall	place-ရွှေဘိုမြို့၊-မဟာမုနိတံတိုင်းအတွင်း၌ရှိသည်။-rvhebhui-town-mah-muni-inner-wall
obi-v06-n0015-re-p0048	place_of_origin_original	ရွှေဘိုမြို့၊ မဟာမုနိတံတိုင်းအတွင်း၌ရှိသည် ¤ rvhebhui town, mahāmuni inner wall	place-ရွှေဘိုမြို့၊-မဟာမုနိတံတိုင်းအတွင်း၌ရှိသည်-rvhebhui-town-mah-muni-inner-wall
obi-v06-n0015-re-p0048	current_location_original	ရွှေဘိုမြို့၊ မဟာမုနိတံတိုင်းအတွင်း၌ရှိသည် ¤ rvhebhui town, mahāmuni inner wall	place-ရွှေဘိုမြို့၊-မဟာမုနိတံတိုင်းအတွင်း၌ရှိသည်-rvhebhui-town-mah-muni-inner-wall
obi-v06-n0016-tx-p0053	place_of_origin_original	မုံရွာခရိုင်၊ အရာတော်မြို့နယ်၊ မြေနက်ကျေးရွာ၊ ရန်အောင်မင်္ဂလာစေတီအရှေ့ရင်ပြင်၌ရှိ ¤ muṃrvā district, ʔarātoʻ township, mrenakʻkyeḥ village, ranʻʔoṅʻmaṅʻgalācetī east platform	place-မုံရွာခရိုင်၊-အရာတော်မြို့နယ်၊-မြေနက်ကျေးရွာ၊-ရန်အောင်မင်္ဂလာစေတီအရှေ့ရင်ပြင်၌ရှိ-mu-rv-district-ar-to-township-mrenak-kye-village-ran-o-ma-gal-cet-east-platform
obi-v06-n0016-tx-p0053	current_location_original	မုံရွာခရိုင်၊ အရာတော်မြို့နယ်၊ မြေနက်ကျေးရွာ၊ ရန်အောင်မင်္ဂလာစေတီအရှေ့ရင်ပြင်၌ရှိ ¤ muṃrvā district, ʔarātoʻ township, mrenakʻkyeḥ village, ranʻʔoṅʻmaṅʻgalācetī east platform	place-မုံရွာခရိုင်၊-အရာတော်မြို့နယ်၊-မြေနက်ကျေးရွာ၊-ရန်အောင်မင်္ဂလာစေတီအရှေ့ရင်ပြင်၌ရှိ-mu-rv-district-ar-to-township-mrenak-kye-village-ran-o-ma-gal-cet-east-platform
obi-v06-n0017-tx-p0056	place_of_origin_original	ပုဂံမြို့၊ ရွှေစည်းခုံဘုရားအတွင်းထပ်တံတိုင်းအတွင်း အရှေ့မြောက်ထောင့်ဂူ၌ရှိသည်။ ¤ pugaṃ town, rvhecaññʻḥkhuṃ pagoda thapʻ inner wall northeast thoṅɂʻgū	place-ပုဂံမြို့၊-ရွှေစည်းခုံဘုရားအတွင်းထပ်တံတိုင်းအတွင်း-အရှေ့မြောက်ထောင့်ဂူ၌ရှိသည်။-puga-town-rvheca-khu-pagoda-thap-inner-wall-northeast-tho-g
obi-v06-n0017-tx-p0056	current_location_original	ပုဂံမြို့၊ ရွှေစည်းခုံဘုရားအတွင်းထပ်တံတိုင်းအတွင်း အရှေ့မြောက်ထောင့်ဂူ၌ရှိသည်။ ¤ pugaṃ town, rvhecaññʻḥkhuṃ pagoda thapʻ inner wall northeast thoṅɂʻgū	place-ပုဂံမြို့၊-ရွှေစည်းခုံဘုရားအတွင်းထပ်တံတိုင်းအတွင်း-အရှေ့မြောက်ထောင့်ဂူ၌ရှိသည်။-puga-town-rvheca-khu-pagoda-thap-inner-wall-northeast-tho-g
obi-v06-n0018-tx-p0071	place_of_origin_original	ချောင်းဦးမြိုု့နယ်၊ မင်းခေါင်ရွာအရှေ့သိမ်ကျောင်းအတွင်းစေတီပျက်အနီး၌ ¤ khyoṅʻḥʔūḥmruiuɂnayʻ, maṅʻḥkhoṅʻ village east simʻkyoṅʻḥcetīpyakʻʔanīḥn*	place-ချောင်းဦးမြိုု့နယ်၊-မင်းခေါင်ရွာအရှေ့သိမ်ကျောင်းအတွင်းစေတီပျက်အနီး၌-khyo-mruiu-nay-ma-kho-village-east-sim-kyo-cet-pyak-an-n
obi-v06-n0018-tx-p0071	current_location_original	ချောင်းဦးမြို့နယ်၊ မင်းခေါင်ရွာအရှေ့သိမ်ကျောင်းအတွင်းစေတီပျက်အနီး၌ ¤ khyoṅʻḥʔūḥ township, maṅʻḥkhoṅʻ village east simʻkyoṅʻḥcetīpyakʻʔanīḥn*	place-ချောင်းဦးမြို့နယ်၊-မင်းခေါင်ရွာအရှေ့သိမ်ကျောင်းအတွင်းစေတီပျက်အနီး၌-khyo-township-ma-kho-village-east-sim-kyo-cet-pyak-an-n
obi-v06-n0019-tx-p0073	place_of_origin_original	ညောင်ဦးမြို့ထောင့်မြစ်ကျင်းကျောင်းတိုက်အတွင်း ¤ ññoṅʻʔūḥ town thoṅɂʻmracʻkyaṅʻḥkyoṅʻḥtuikʻ	place-ညောင်ဦးမြို့ထောင့်မြစ်ကျင်းကျောင်းတိုက်အတွင်း-o-town-tho-mrac-kya-kyo-tuik
obi-v06-n0020-tx-p0076	place_of_origin_original	တံတားဦမြို့နယ်၊ တဘက်ဆွဲ၌ ရှိသည်။ ¤ taṃtāḥʔū township, tabhakʻchvain* rhisaññʻ	place-တံတားဦမြို့နယ်၊-တဘက်ဆွဲ၌-ရှိသည်။-ta-t-township-tabhak-chvain-rhisa
obi-v06-n0020-tx-p0076	current_location_original	မန္တလေးနန်းတွင်း ကျောက်စာရုံအတွင်း၌ ရှိသည်။ ¤ mantaleḥnanʻḥtvaṅʻḥ inscription room n* rhisaññʻ	place-မန္တလေးနန်းတွင်း-ကျောက်စာရုံအတွင်း၌-ရှိသည်။-mantale-nan-tva-inscription-room-n-rhisa
obi-v06-n0021-tx-p0079	current_location_original	နန်းတွင်းရုံကြီးအတွင်း ¤ nanʻḥtvaṅʻḥruṃkrīḥ	place-နန်းတွင်းရုံကြီးအတွင်း-nan-tva-ru-kr
obi-v06-n0022-tx-p0081	current_location_original	နန်းတွင်းရုံကြီးအတွင်း ¤ nanʻḥtvaṅʻḥruṃkrīḥ	place-နန်းတွင်းရုံကြီးအတွင်း-nan-tva-ru-kr
obi-v06-n0023-tx-p0083	place_of_origin_original	ပင်းယရွှေစည်းခုံဘုရားအတွင်းအရှေ့မြောက်ထောင့်ဂူနှင့်တည်ရှိသည်။ ¤ paṅʻḥyarvhecaññʻḥkhuṃ pagoda northeast thoṅɂʻgūnhaṅɂʻtaññʻrhisaññʻ	place-ပင်းယရွှေစည်းခုံဘုရားအတွင်းအရှေ့မြောက်ထောင့်ဂူနှင့်တည်ရှိသည်။-pa-yarvheca-khu-pagoda-northeast-tho-g-nha-ta-rhisa
obi-v06-n0023-tx-p0083	current_location_original	ပင်းယရွှေစည်းခုံဘုရားအတွင်းအရှေ့မြောက်ထောင့်ဂူနှင့်တည်ရှိသည်။ ¤ paṅʻḥyarvhecaññʻḥkhuṃ pagoda northeast thoṅɂʻgūnhaṅɂʻtaññʻrhisaññʻ	place-ပင်းယရွှေစည်းခုံဘုရားအတွင်းအရှေ့မြောက်ထောင့်ဂူနှင့်တည်ရှိသည်။-pa-yarvheca-khu-pagoda-northeast-tho-g-nha-ta-rhisa
obi-v06-n0024-ob-p0086	place_of_origin_original	အင်းဝမြို့တောင်၊ မြစ်သာချောင်းကမ်းထိပ်မြောက် မိုးထိကျောင်းရာဟောင်းတံတိုင်းအတွင်း၌ရှိသည်။ ¤ ʔaṅʻḥva town toṅʻ, mracʻsākhyoṅʻḥkamʻḥthipʻmrokʻ muiḥthikyoṅʻḥrāhoṅʻḥ inner wall	place-အင်းဝမြို့တောင်၊-မြစ်သာချောင်းကမ်းထိပ်မြောက်-မိုးထိကျောင်းရာဟောင်းတံတိုင်းအတွင်း၌ရှိသည်။-a-va-town-to-mrac-s-khyo-kam-thip-mrok-mui-thikyo-r-ho-inner-wall
obi-v06-n0024-ob-p0086	current_location_original	အင်းဝမြို့တောင်၊ မြစ်သာချောင်းကမ်းထိပ်မြောက် မိုးထိကျောင်းရာဟောင်းတံတိုင်းအတွင်း၌ရှိသည်။ ¤ ʔaṅʻḥva town toṅʻ, mracʻsākhyoṅʻḥkamʻḥthipʻmrokʻ muiḥthikyoṅʻḥrāhoṅʻḥ inner wall	place-အင်းဝမြို့တောင်၊-မြစ်သာချောင်းကမ်းထိပ်မြောက်-မိုးထိကျောင်းရာဟောင်းတံတိုင်းအတွင်း၌ရှိသည်။-a-va-town-to-mrac-s-khyo-kam-thip-mrok-mui-thikyo-r-ho-inner-wall
obi-v06-n0025-re-p0093	place_of_origin_original	အင်းဝမြို့တောင်၊ မြစ်သာချောင်းကမ်းထိပ်မြောက် မိုးထိကျောင်းရာဟောင်းတံတိုင်းအတွင်း၌ရှိသည်။ ¤ ʔaṅʻḥva town toṅʻ, mracʻsākhyoṅʻḥkamʻḥthipʻmrokʻ muiḥthikyoṅʻḥrāhoṅʻḥ inner wall	place-အင်းဝမြို့တောင်၊-မြစ်သာချောင်းကမ်းထိပ်မြောက်-မိုးထိကျောင်းရာဟောင်းတံတိုင်းအတွင်း၌ရှိသည်။-a-va-town-to-mrac-s-khyo-kam-thip-mrok-mui-thikyo-r-ho-inner-wall
obi-v06-n0025-re-p0093	current_location_original	အင်းဝမြို့တောင်၊ မြစ်သာချောင်းကမ်းထိပ်မြောက်မိုးထိကျောင်းရာဟောင်းတံတိုင်းအတွင်း၌ရှိသည်။ ¤ ʔaṅʻḥva town toṅʻ, mracʻsākhyoṅʻḥkamʻḥthipʻmrokʻmuiḥthikyoṅʻḥrāhoṅʻḥ inner wall	place-အင်းဝမြို့တောင်၊-မြစ်သာချောင်းကမ်းထိပ်မြောက်မိုးထိကျောင်းရာဟောင်းတံတိုင်းအတွင်း၌ရှိသည်။-a-va-town-to-mrac-s-khyo-kam-thip-mrok-mui-thikyo-r-ho-inner-wall
obi-v06-n0026-ob-p0099	place_of_origin_original	တံတားဦးမြို့နယ်၊ ကတို့ဆိပ်နှင့်ဆင်တဲရွာအကြားသိမ်ကျောင်း၌ရှိ ¤ taṃtāḥʔūḥ township, katuiɂchipʻnhaṅɂʻchaṅʻtai village ʔakrāḥsimʻkyoṅʻḥ	place-တံတားဦးမြို့နယ်၊-ကတို့ဆိပ်နှင့်ဆင်တဲရွာအကြားသိမ်ကျောင်း၌ရှိ-ta-t-township-katui-chip-nha-cha-tai-village-akr-sim-kyo
obi-v06-n0026-ob-p0099	current_location_original	တံတားဦးမြို့နယ်၊ ကတို့ဆိပ်နှင့်ဆင်တဲရွာအကြားသိမ်ကျောင်း၌ရှိ ¤ taṃtāḥʔūḥ township, katuiɂchipʻnhaṅɂʻchaṅʻtai village ʔakrāḥsimʻkyoṅʻḥ	place-တံတားဦးမြို့နယ်၊-ကတို့ဆိပ်နှင့်ဆင်တဲရွာအကြားသိမ်ကျောင်း၌ရှိ-ta-t-township-katui-chip-nha-cha-tai-village-akr-sim-kyo
obi-v06-n0027-re-p0104	place_of_origin_original	တံတားဦးမြို့နယ်၊ ကတို့ဆိပ်နှင့် ဆင်တဲရွာအကြားသိမ်ကျောင်း၌ရှိ ¤ taṃtāḥʔūḥ township, katuiɂchipʻnhaṅɂʻ chaṅʻtai village ʔakrāḥsimʻkyoṅʻḥ	place-တံတားဦးမြို့နယ်၊-ကတို့ဆိပ်နှင့်-ဆင်တဲရွာအကြားသိမ်ကျောင်း၌ရှိ-ta-t-township-katui-chip-nha-cha-tai-village-akr-sim-kyo
obi-v06-n0027-re-p0104	current_location_original	တံတားဦးမြို့နယ်၊ ကတိုံဆိပ်နှင့် ဆင်တဲရွာအကြားသိမ်ကျောင်း၌ရှိ ¤ taṃtāḥʔūḥ township, katuiṃchipʻnhaṅɂʻ chaṅʻtai village ʔakrāḥsimʻkyoṅʻḥ	place-တံတားဦးမြို့နယ်၊-ကတိုံဆိပ်နှင့်-ဆင်တဲရွာအကြားသိမ်ကျောင်း၌ရှိ-ta-t-township-katui-chip-nha-cha-tai-village-akr-sim-kyo
obi-v06-n0028-ob-p0108	place_of_origin_original	အဝမြို့ဈေးကြိုတောင်မျက်နှာတွင်ရှိသည် ¤ ʔava town jheḥkruitoṅʻmyakʻnhātvaṅʻrhisaññʻ	place-အဝမြို့ဈေးကြိုတောင်မျက်နှာတွင်ရှိသည်-ava-town-jhe-kruito-myak-nh-tva-rhisa
obi-v06-n0029-re-p0112	place_of_origin_original	အဝမြို့ဈေးကြိုရပ်တောင်မျက်နှာတွင်ရှိသည် ¤ ʔava town jheḥkruirapʻtoṅʻmyakʻnhātvaṅʻrhisaññʻ	place-အဝမြို့ဈေးကြိုရပ်တောင်မျက်နှာတွင်ရှိသည်-ava-town-jhe-kruirap-to-myak-nh-tva-rhisa
obi-v06-n0030-ob-p0116	place_of_origin_original	တောင်တွင်းကြီးမြို့နယ်၊ ဝက်ချင်းကန်ရွာ အနောက်ဘက်ဘုရားစု၌ရှိသည်။ ¤ toṅʻtvaṅʻḥkrīḥ township, vakʻkhyaṅʻḥkanʻ village ʔanokʻbhakʻ pagoda cu	place-တောင်တွင်းကြီးမြို့နယ်၊-ဝက်ချင်းကန်ရွာ-အနောက်ဘက်ဘုရားစု၌ရှိသည်။-to-tva-kr-township-vak-khya-kan-village-anok-bhak-pagoda-cu
obi-v06-n0031-re-p0118	place_of_origin_original	တောင်တွင်းကြီးမြို့နယ်၊ ဝက်ချင်းကန်ရွာ အနောက်ဘက်ဘုရားစု၌ရှိသည်။ ¤ toṅʻtvaṅʻḥkrīḥ township, vakʻkhyaṅʻḥkanʻ village ʔanokʻbhakʻ pagoda cu	place-တောင်တွင်းကြီးမြို့နယ်၊-ဝက်ချင်းကန်ရွာ-အနောက်ဘက်ဘုရားစု၌ရှိသည်။-to-tva-kr-township-vak-khya-kan-village-anok-bhak-pagoda-cu
obi-v06-n0032-ob-p0120	place_of_origin_original	မဟာမုနိတန်တိုင်းအတွင်း၌ရှိသည်။ ¤ mahāmunitanʻtuiṅʻḥ	place-မဟာမုနိတန်တိုင်းအတွင်း၌ရှိသည်။-mah-munitan-tui
obi-v06-n0033-re-p0126	place_of_origin_original	မဟာမုနိတန်တိုင်းအတွင်း၌ရှိသည်။ ¤ mahāmunitanʻtuiṅʻḥ	place-မဟာမုနိတန်တိုင်းအတွင်း၌ရှိသည်။-mah-munitan-tui
obi-v06-n0034-ob-p0133	place_of_origin_original	အမရပူရမြို့၊ ရွှေဂူကြီးဘုရားအတွင်း ¤ Bapūra town, rvhegūkrīḥ pagoda	place-အမရပူရမြို့၊-ရွှေဂူကြီးဘုရားအတွင်း-bap-ra-town-rvheg-kr-pagoda
obi-v06-n0035-re-p0138	place_of_origin_original	အမရပူရမြို့၊ ရွှေဂူကြီးဘုရားအတွင်း ¤ Bapūra town, rvhegūkrīḥ pagoda	place-အမရပူရမြို့၊-ရွှေဂူကြီးဘုရားအတွင်း-bap-ra-town-rvheg-kr-pagoda
obi-v06-n0036-tx-p0141	place_of_origin_original	စစ်ကိုင်းမြို့ ¤ cacʻkuiṅʻḥ town	place-စစ်ကိုင်းမြို့-cac-kui-town
obi-v06-n0036-tx-p0141	current_location_original	စစ်ကိုင်းထူပါရုံကျောက်စာရုံ(၁)အတွင်း ¤ cacʻkuiṅʻḥthūpāruṃ inscription room (1)	place-စစ်ကိုင်းထူပါရုံကျောက်စာရုံ-၁-အတွင်း-cac-kui-th-p-ru-inscription-room-1
obi-v06-n0037-ob-p0145	place_of_origin_original	ပုဂံ ရွှေစည်းခုံဘုရားအတွင်းထပ် တံတိုင်းအတွင်း၊ အရှေ့မြောက် ထောင့်၌ရှိသည်။ ¤ pugaṃ rvhecaññʻḥkhuṃ pagoda thapʻ inner wall, northeast corner	place-ပုဂံ-ရွှေစည်းခုံဘုရားအတွင်းထပ်-တံတိုင်းအတွင်း၊-အရှေ့မြောက်-ထောင့်၌ရှိသည်။-puga-rvheca-khu-pagoda-thap-inner-wall-northeast-corner
obi-v06-n0038-tx-p0148	place_of_origin_original	အမရပူရမြို့၊ အောင်မြေရွှဘုံစေတီ၏ အရှေ့မြောက်ထောင့်အနီး၌ ဂူဖြင့် ရှိသည်။ ¤ Bapūra town, ʔoṅʻmrervhabhuṃcetīʔe* northeast thoṅɂʻʔanīḥn* gūphraṅɂʻ rhisaññʻ	place-အမရပူရမြို့၊-အောင်မြေရွှဘုံစေတီ၏-အရှေ့မြောက်ထောင့်အနီး၌-ဂူဖြင့်-ရှိသည်။-bap-ra-town-o-mrervhabhu-cet-e-northeast-tho-an-n-g-phra-rhisa
