local_file_id	old_file_name	old_path_stub	canonical_file_name	canonical_ocr_text_path	canonical_metadata_path	canonical_pdf_path_stub	alias_status	notes
011031-642d82a624e9	011031.pdf	Burmese/Burma JBRS/1911/011031.pdf	1911-early-use-buddhist-era-burma-taw-sein-ko.pdf	data/working/ocr/jbrs/text/1911-early-use-buddhist-era-burma-taw-sein-ko.txt	data/working/ocr/jbrs/metadata/1911-early-use-buddhist-era-burma-taw-sein-ko.json	data_local/sources/jbrs_canonical_pdfs/1911-early-use-buddhist-era-burma-taw-sein-ko.pdf	deferred_outside_phase1_scope	
011156-0d22485e8ffa	011156.pdf	Burmese/Burma JBRS/1911/011156.pdf	011156.pdf	data/working/ocr/jbrs/text/011156-0d22485e8ffa.txt	data/working/ocr/jbrs/metadata/011156-0d22485e8ffa.json		needs_manual_review	
012001-e1a50613e050	012001.pdf	Burmese/Burma JBRS/JBRS Originals/012001.pdf	1911-chinese-antiquities-pagan-by-scan-2.pdf	data/working/ocr/jbrs/text/1911-chinese-antiquities-pagan-by-scan-2.txt	data/working/ocr/jbrs/metadata/1911-chinese-antiquities-pagan-by-scan-2.json	data_local/sources/jbrs_canonical_pdfs/1911-chinese-antiquities-pagan-by-scan-2.pdf	deferred_outside_phase1_scope	duplicate_of=1911-chineseantiquitiespagan-tawseinko1911-pdf; collision_with=1911-chinese-antiquities-pagan-by
021038-b4487e7a4dfa	021038.pdf	Burmese/Burma JBRS/JBRS Originals/021038.pdf	1912-notes-talaing-epigraphy-c-o-blagden-straits-settlements-notes-on-talaing-epigraphy-scan-2.pdf	data/working/ocr/jbrs/text/1912-notes-talaing-epigraphy-c-o-blagden-straits-settlements-notes-on-talaing-epigraphy-scan-2.txt	data/working/ocr/jbrs/metadata/1912-notes-talaing-epigraphy-c-o-blagden-straits-settlements-notes-on-talaing-epigraphy-scan-2.json	data_local/sources/jbrs_canonical_pdfs/1912-notes-talaing-epigraphy-c-o-blagden-straits-settlements-notes-on-talaing-epigraphy-scan-2.pdf	deferred_outside_phase1_scope	duplicate_of=1912-talaingepigraphy-blagden1912-pdf; collision_with=1912-notes-talaing-epigraphy-c-o-blagden-straits-settlements-notes-on-talaing-epigraphy
may_oung_1929_prome_and_the_pyus_jbrs_2_-b82612456f38	021072.pdf	Burmese/Burma JBRS/JBRS Originals/021072.pdf	021072.pdf	data/working/ocr/jbrs/text/may_oung_1929_prome_and_the_pyus_jbrs_2_-b82612456f38.txt	data/working/ocr/jbrs/metadata/may_oung_1929_prome_and_the_pyus_jbrs_2_-b82612456f38.json		needs_manual_review	
021078-d339497ee1dd	021078.pdf	Burmese/Burma JBRS/JBRS Originals/021078.pdf	021078.pdf	data/working/ocr/jbrs/text/021078-d339497ee1dd.txt	data/working/ocr/jbrs/metadata/021078-d339497ee1dd.json		needs_manual_review	
021093-a2e7c6edbf7d	021093.pdf	Burmese/Burma JBRS/JBRS Originals/021093.pdf	1912-94-burmese-prosody-charles-duroiselle-scan-2.pdf	data/working/ocr/jbrs/text/1912-94-burmese-prosody-charles-duroiselle-scan-2.txt	data/working/ocr/jbrs/metadata/1912-94-burmese-prosody-charles-duroiselle-scan-2.json	data_local/sources/jbrs_canonical_pdfs/1912-94-burmese-prosody-charles-duroiselle-scan-2.pdf	deferred_outside_phase1_scope	duplicate_of=1912-duroiselle1912-burmeseprosody-iii-pdf; collision_with=1912-94-burmese-prosody-charles-duroiselle
021102-47cd984de84e	021102.pdf	Burmese/Burma JBRS/JBRS Originals/021102.pdf	1912-hypnotism-burma-taw-sein-ko.pdf	data/working/ocr/jbrs/text/1912-hypnotism-burma-taw-sein-ko.txt	data/working/ocr/jbrs/metadata/1912-hypnotism-burma-taw-sein-ko.json	data_local/sources/jbrs_canonical_pdfs/1912-hypnotism-burma-taw-sein-ko.pdf	deferred_outside_phase1_scope	
022184-3fadd36c6f9f	022184.pdf	Burmese/Burma JBRS/JBRS Originals/022184.pdf	1912-lacquerware-manufacture-pagan-it-is-not-known-when-taw-sein-ko-scan-2.pdf	data/working/ocr/jbrs/text/1912-lacquerware-manufacture-pagan-it-is-not-known-when-taw-sein-ko-scan-2.txt	data/working/ocr/jbrs/metadata/1912-lacquerware-manufacture-pagan-it-is-not-known-when-taw-sein-ko-scan-2.json	data_local/sources/jbrs_canonical_pdfs/1912-lacquerware-manufacture-pagan-it-is-not-known-when-taw-sein-ko-scan-2.pdf	deferred_outside_phase1_scope	duplicate_of=1912-lacquerwarepagan-tawseinko1912-pdf; collision_with=1912-lacquerware-manufacture-pagan-it-is-not-known-when-taw-sein-ko
022240-6b134be892b8	022240.pdf	Burmese/Burma JBRS/JBRS Originals/022240.pdf	022240.pdf	data/working/ocr/jbrs/text/022240-6b134be892b8.txt	data/working/ocr/jbrs/metadata/022240-6b134be892b8.json		needs_manual_review	
031022-7823d225cfb2	031022.pdf	Burmese/Burma JBRS/JBRS Originals/031022.pdf	1913-professor-pali-rangoon-college-24-abhisambodhi-alankara.pdf	data/working/ocr/jbrs/text/1913-professor-pali-rangoon-college-24-abhisambodhi-alankara.txt	data/working/ocr/jbrs/metadata/1913-professor-pali-rangoon-college-24-abhisambodhi-alankara.json	data_local/sources/jbrs_canonical_pdfs/1913-professor-pali-rangoon-college-24-abhisambodhi-alankara.pdf	deferred_outside_phase1_scope	
031078-057d650c3ea6	031078.pdf	Burmese/Burma JBRS/JBRS Originals/031078.pdf	1913-note-derivation-name-prome.pdf	data/working/ocr/jbrs/text/1913-note-derivation-name-prome.txt	data/working/ocr/jbrs/metadata/1913-note-derivation-name-prome.json	data_local/sources/jbrs_canonical_pdfs/1913-note-derivation-name-prome.pdf	deferred_outside_phase1_scope	
031080-d0cd762eff2d	031080.pdf	Burmese/Burma JBRS/JBRS Originals/031080.pdf	1913-talaing-pegu-chronicle-edited-schmidt-styles-this-personagem-philip-de-brito.pdf	data/working/ocr/jbrs/text/1913-talaing-pegu-chronicle-edited-schmidt-styles-this-personagem-philip-de-brito.txt	data/working/ocr/jbrs/metadata/1913-talaing-pegu-chronicle-edited-schmidt-styles-this-personagem-philip-de-brito.json	data_local/sources/jbrs_canonical_pdfs/1913-talaing-pegu-chronicle-edited-schmidt-styles-this-personagem-philip-de-brito.pdf	deferred_outside_phase1_scope	
032148-0c66971ba207	032148.pdf	Burmese/Burma JBRS/JBRS Originals/032148.pdf	1913-professor-pali-rangoon-college-continued-last-number-66-abhisambodhi-ala-k-ra.pdf	data/working/ocr/jbrs/text/1913-professor-pali-rangoon-college-continued-last-number-66-abhisambodhi-ala-k-ra.txt	data/working/ocr/jbrs/metadata/1913-professor-pali-rangoon-college-continued-last-number-66-abhisambodhi-ala-k-ra.json	data_local/sources/jbrs_canonical_pdfs/1913-professor-pali-rangoon-college-continued-last-number-66-abhisambodhi-ala-k-ra.pdf	deferred_outside_phase1_scope	
042144-09a12de35fb2	042144.pdf	Burmese/Burma JBRS/JBRS Originals/042144.pdf	1914-144-alphabetum-barmanorum-carpani-melchior-alphabetum-barmanorum-seu-alphabetum-barmanorum.pdf	data/working/ocr/jbrs/text/1914-144-alphabetum-barmanorum-carpani-melchior-alphabetum-barmanorum-seu-alphabetum-barmanorum.txt	data/working/ocr/jbrs/metadata/1914-144-alphabetum-barmanorum-carpani-melchior-alphabetum-barmanorum-seu-alphabetum-barmanorum.json	data_local/sources/jbrs_canonical_pdfs/1914-144-alphabetum-barmanorum-carpani-melchior-alphabetum-barmanorum-seu-alphabetum-barmanorum.pdf	deferred_outside_phase1_scope	
053171-0c382fdb7d3e	053171.pdf	Burmese/Burma JBRS/JBRS Originals/053171.pdf	1915-171-old-burmese-custom-indulged-young-bachelors-quarter-notes-and-reviews.pdf	data/working/ocr/jbrs/text/1915-171-old-burmese-custom-indulged-young-bachelors-quarter-notes-and-reviews.txt	data/working/ocr/jbrs/metadata/1915-171-old-burmese-custom-indulged-young-bachelors-quarter-notes-and-reviews.json	data_local/sources/jbrs_canonical_pdfs/1915-171-old-burmese-custom-indulged-young-bachelors-quarter-notes-and-reviews.pdf	deferred_outside_phase1_scope	
061013-4ade969ac1f4	061013.pdf	Burmese/Burma JBRS/JBRS Originals/061013.pdf	1916-13-following-six-ratu-s-let-w-thon-let-we-thondara.pdf	data/working/ocr/jbrs/text/1916-13-following-six-ratu-s-let-w-thon-let-we-thondara.txt	data/working/ocr/jbrs/metadata/1916-13-following-six-ratu-s-let-w-thon-let-we-thondara.json	data_local/sources/jbrs_canonical_pdfs/1916-13-following-six-ratu-s-let-w-thon-let-we-thondara.pdf	deferred_outside_phase1_scope	
062102-db54540823f2	062102.pdf	Burmese/Burma JBRS/JBRS Originals/062102.pdf	062102.pdf	data/working/ocr/jbrs/text/062102-db54540823f2.txt	data/working/ocr/jbrs/metadata/062102-db54540823f2.json		needs_manual_review	
071013-6eea453d65d2	071013.pdf	Burmese/Burma JBRS/JBRS Originals/071013.pdf	1917-excavation-exploration-pegu-introduction-i-was-duty-pegu-charles-duroiselle-scan-2.pdf	data/working/ocr/jbrs/text/1917-excavation-exploration-pegu-introduction-i-was-duty-pegu-charles-duroiselle-scan-2.txt	data/working/ocr/jbrs/metadata/1917-excavation-exploration-pegu-introduction-i-was-duty-pegu-charles-duroiselle-scan-2.json	data_local/sources/jbrs_canonical_pdfs/1917-excavation-exploration-pegu-introduction-i-was-duty-pegu-charles-duroiselle-scan-2.pdf	deferred_outside_phase1_scope	duplicate_of=1917-excavationpegu-stewart1917-pdf; collision_with=1917-excavation-exploration-pegu-introduction-i-was-duty-pegu-charles-duroiselle
083189-39dbcb3e5f02	083189.pdf	Burmese/Burma JBRS/JBRS Originals/083189.pdf	1918-greater-temples-pag-n-i-scan-2.pdf	data/working/ocr/jbrs/text/1918-greater-temples-pag-n-i-scan-2.txt	data/working/ocr/jbrs/metadata/1918-greater-temples-pag-n-i-scan-2.json	data_local/sources/jbrs_canonical_pdfs/1918-greater-temples-pag-n-i-scan-2.pdf	deferred_outside_phase1_scope	duplicate_of=1918-greatertemplespagan-luce1918-pdf; collision_with=1918-greater-temples-pag-n-i
091053-5acfb4f31690	091053.pdf	Burmese/Burma JBRS/JBRS Originals/091053.pdf	1919-ari-burma-tantric-buddhism-charles-duroiselle.pdf	data/working/ocr/jbrs/text/1919-ari-burma-tantric-buddhism-charles-duroiselle.txt	data/working/ocr/jbrs/metadata/1919-ari-burma-tantric-buddhism-charles-duroiselle.json	data_local/sources/jbrs_canonical_pdfs/1919-ari-burma-tantric-buddhism-charles-duroiselle.pdf	deferred_outside_phase1_scope	
092063-c96b46ac9386	092063.pdf	Burmese/Burma JBRS/JBRS Originals/092063.pdf	1919-importance-history-especially-present-day-the-scan-2.pdf	data/working/ocr/jbrs/text/1919-importance-history-especially-present-day-the-scan-2.txt	data/working/ocr/jbrs/metadata/1919-importance-history-especially-present-day-the-scan-2.json	data_local/sources/jbrs_canonical_pdfs/1919-importance-history-especially-present-day-the-scan-2.pdf	deferred_outside_phase1_scope	duplicate_of=1919-writingburmesehistory-hall1919-pdf; collision_with=1919-importance-history-especially-present-day-the
102041-fbc91ac44386	102041.pdf	Burmese/Burma JBRS/JBRS Originals/102041.pdf	1920-smaller-temples-pagan-i-scan-2.pdf	data/working/ocr/jbrs/text/1920-smaller-temples-pagan-i-scan-2.txt	data/working/ocr/jbrs/metadata/1920-smaller-temples-pagan-i-scan-2.json	data_local/sources/jbrs_canonical_pdfs/1920-smaller-temples-pagan-i-scan-2.pdf	deferred_outside_phase1_scope	duplicate_of=1920-smallertemplespagan-luce1920-pdf; collision_with=1920-smaller-temples-pagan-i
102067-d0831096fea3	102067.pdf	Burmese/Burma JBRS/JBRS Originals/102067.pdf	102067.pdf	data/working/ocr/jbrs/text/102067-d0831096fea3.txt	data/working/ocr/jbrs/metadata/102067-d0831096fea3.json		needs_manual_review	
102079-054596fbd560	102079.pdf	Burmese/Burma JBRS/JBRS Originals/102079.pdf	1920-i-must-thank-editor-his-kindly-review-my-alaungsithu-versus-narapatisithu.pdf	data/working/ocr/jbrs/text/1920-i-must-thank-editor-his-kindly-review-my-alaungsithu-versus-narapatisithu.txt	data/working/ocr/jbrs/metadata/1920-i-must-thank-editor-his-kindly-review-my-alaungsithu-versus-narapatisithu.json	data_local/sources/jbrs_canonical_pdfs/1920-i-must-thank-editor-his-kindly-review-my-alaungsithu-versus-narapatisithu.pdf	deferred_outside_phase1_scope	
102081-e694a37d2303	102081.pdf	Burmese/Burma JBRS/JBRS Originals/102081.pdf	1920-ar-charles-duroiselle-scan-2.pdf	data/working/ocr/jbrs/text/1920-ar-charles-duroiselle-scan-2.txt	data/working/ocr/jbrs/metadata/1920-ar-charles-duroiselle-scan-2.json	data_local/sources/jbrs_canonical_pdfs/1920-ar-charles-duroiselle-scan-2.pdf	deferred_outside_phase1_scope	duplicate_of=1920-vajrabuddhipaganyazawin-duroiselle1920-pdf; collision_with=1920-ar-charles-duroiselle
111001-76a537aced4b	111001.pdf	Burmese/Burma JBRS/JBRS Originals/111001.pdf	1921-kyaukse-irrigation-side-light-burmese-history.pdf	data/working/ocr/jbrs/text/1921-kyaukse-irrigation-side-light-burmese-history.txt	data/working/ocr/jbrs/metadata/1921-kyaukse-irrigation-side-light-burmese-history.json	data_local/sources/jbrs_canonical_pdfs/1921-kyaukse-irrigation-side-light-burmese-history.pdf	deferred_outside_phase1_scope	
111029-f93adf2c3a6c	111029.pdf	Burmese/Burma JBRS/JBRS Originals/111029.pdf	1921-chronicle-city-tagaung-we-shall-tell-story-sulathambhawa-d-g-e-hall.pdf	data/working/ocr/jbrs/text/1921-chronicle-city-tagaung-we-shall-tell-story-sulathambhawa-d-g-e-hall.txt	data/working/ocr/jbrs/metadata/1921-chronicle-city-tagaung-we-shall-tell-story-sulathambhawa-d-g-e-hall.json	data_local/sources/jbrs_canonical_pdfs/1921-chronicle-city-tagaung-we-shall-tell-story-sulathambhawa-d-g-e-hall.pdf	deferred_outside_phase1_scope	
121039-21548f2d8f9e	121039.pdf	Burmese/Burma JBRS/1922/121039.pdf	1922-cambodian-invasion-lower-burma-comparison-burmese-talaing-chronicles-d-g-e-hall.pdf	data/working/ocr/jbrs/text/1922-cambodian-invasion-lower-burma-comparison-burmese-talaing-chronicles-d-g-e-hall.txt	data/working/ocr/jbrs/metadata/1922-cambodian-invasion-lower-burma-comparison-burmese-talaing-chronicles-d-g-e-hall.json	data_local/sources/jbrs_canonical_pdfs/1922-cambodian-invasion-lower-burma-comparison-burmese-talaing-chronicles-d-g-e-hall.pdf	renamed_in_repo	
122069-2eb7ec8c78a1	122069.pdf	Burmese/Burma JBRS/1922/122069.pdf	1922-mons-siam-r-halliday-mons-siam-are-talaings-the-mons-in-siam-scan-2.pdf	data/working/ocr/jbrs/text/1922-mons-siam-r-halliday-mons-siam-are-talaings-the-mons-in-siam-scan-2.txt	data/working/ocr/jbrs/metadata/1922-mons-siam-r-halliday-mons-siam-are-talaings-the-mons-in-siam-scan-2.json	data_local/sources/jbrs_canonical_pdfs/1922-mons-siam-r-halliday-mons-siam-are-talaings-the-mons-in-siam-scan-2.pdf	deferred_outside_phase1_scope	duplicate_of=1922-monssiam-halliday1922-pdf; collision_with=1922-mons-siam-r-halliday-mons-siam-are-talaings-the-mons-in-siam
131009a-84b3476ab477	131009A.pdf	Burmese/Burma JBRS/JBRS Originals/131009A.pdf	1923-text-translation-notes-a-history-of-kings-scan-2.pdf	data/working/ocr/jbrs/text/1923-text-translation-notes-a-history-of-kings-scan-2.txt	data/working/ocr/jbrs/metadata/1923-text-translation-notes-a-history-of-kings-scan-2.json	data_local/sources/jbrs_canonical_pdfs/1923-text-translation-notes-a-history-of-kings-scan-2.pdf	deferred_outside_phase1_scope	collision_with=1923-text-translation-notes-a-history-of-kings
131009b-2e3d5c68f5a4	131009B.pdf	Burmese/Burma JBRS/JBRS Originals/131009B.pdf	1923-translation-namo-tassa-bhagavato-arahato-sammasambuddhassa-r-j-a-history-of-kings-scan-2.pdf	data/working/ocr/jbrs/text/1923-translation-namo-tassa-bhagavato-arahato-sammasambuddhassa-r-j-a-history-of-kings-scan-2.txt	data/working/ocr/jbrs/metadata/1923-translation-namo-tassa-bhagavato-arahato-sammasambuddhassa-r-j-a-history-of-kings-scan-2.json	data_local/sources/jbrs_canonical_pdfs/1923-translation-namo-tassa-bhagavato-arahato-sammasambuddhassa-r-j-a-history-of-kings-scan-2.pdf	deferred_outside_phase1_scope	collision_with=1923-translation-namo-tassa-bhagavato-arahato-sammasambuddhassa-r-j-a-history-of-kings
132069-f0d3fa74da0a	132069.pdf	Burmese/Burma JBRS/JBRS Originals/132069.pdf	1923-note-some-authorities-history-burma-j-a-stewart.pdf	data/working/ocr/jbrs/text/1923-note-some-authorities-history-burma-j-a-stewart.txt	data/working/ocr/jbrs/metadata/1923-note-some-authorities-history-burma-j-a-stewart.json	data_local/sources/jbrs_canonical_pdfs/1923-note-some-authorities-history-burma-j-a-stewart.pdf	deferred_outside_phase1_scope	
pe_maung_tin_development_of_burmese_lang-3825b88497cc	141058.pdf	Burmese/Burma JBRS/JBRS Originals/141058.pdf	141058.pdf	data/working/ocr/jbrs/text/pe_maung_tin_development_of_burmese_lang-3825b88497cc.txt	data/working/ocr/jbrs/metadata/pe_maung_tin_development_of_burmese_lang-3825b88497cc.json		needs_manual_review	
142091-0ab55f5d0db8	142091.pdf	Burmese/Burma JBRS/JBRS Originals/142091.pdf	1924-introductory-note-following-passage-history-former-han-dynasty-fu-kan-tu-lu.pdf	data/working/ocr/jbrs/text/1924-introductory-note-following-passage-history-former-han-dynasty-fu-kan-tu-lu.txt	data/working/ocr/jbrs/metadata/1924-introductory-note-following-passage-history-former-han-dynasty-fu-kan-tu-lu.json	data_local/sources/jbrs_canonical_pdfs/1924-introductory-note-following-passage-history-former-han-dynasty-fu-kan-tu-lu.pdf	renamed_in_repo	
142100-7144e2fe0f19	142100.pdf	Burmese/Burma JBRS/JBRS Originals/142100.pdf	1924-tan-97-132-d-ngai-lao.pdf	data/working/ocr/jbrs/text/1924-tan-97-132-d-ngai-lao.txt	data/working/ocr/jbrs/metadata/1924-tan-97-132-d-ngai-lao.json	data_local/sources/jbrs_canonical_pdfs/1924-tan-97-132-d-ngai-lao.pdf	renamed_in_repo	
142138a-599fa27e8039	142138A.pdf	Burmese/Burma JBRS/JBRS Originals/142138A.pdf	1924-gap-history-burma-between-3rd-8th-century-is-the-teang-ke-road.pdf	data/working/ocr/jbrs/text/1924-gap-history-burma-between-3rd-8th-century-is-the-teang-ke-road.txt	data/working/ocr/jbrs/metadata/1924-gap-history-burma-between-3rd-8th-century-is-the-teang-ke-road.json	data_local/sources/jbrs_canonical_pdfs/1924-gap-history-burma-between-3rd-8th-century-is-the-teang-ke-road.pdf	renamed_in_repo	
143221-93af6e066a85	143221.pdf	Burmese/Burma JBRS/JBRS Originals/143221.pdf	143221.pdf	data/working/ocr/jbrs/text/143221-93af6e066a85.txt	data/working/ocr/jbrs/metadata/143221-93af6e066a85.json		needs_manual_review	
152115-4cf2252c3079	152115.pdf	Burmese/Burma JBRS/JBRS Originals/152115.pdf	152115.pdf	data/working/ocr/jbrs/text/152115-4cf2252c3079.txt	data/working/ocr/jbrs/metadata/152115-4cf2252c3079.json		needs_manual_review	
171001-84052427e09b	171001.pdf	Burmese/Burma JBRS/JBRS Originals/171001.pdf	1927-english-relations-burma-1587-1686-introductroy-note.pdf	data/working/ocr/jbrs/text/1927-english-relations-burma-1587-1686-introductroy-note.txt	data/working/ocr/jbrs/metadata/1927-english-relations-burma-1587-1686-introductroy-note.json	data_local/sources/jbrs_canonical_pdfs/1927-english-relations-burma-1587-1686-introductroy-note.pdf	deferred_outside_phase1_scope	
181012-33cb3fb8a6d8	181012.pdf	Burmese/Burma JBRS/JBRS Originals/181012.pdf	181012.pdf	data/working/ocr/jbrs/text/181012-33cb3fb8a6d8.txt	data/working/ocr/jbrs/metadata/181012-33cb3fb8a6d8.json		needs_manual_review	
181021-e1ec970f5c06	181021.pdf	Burmese/Burma JBRS/JBRS Originals/181021.pdf	1928-talaing-inscription-bell-cast-anauppet-lun-min-scan-2.pdf	data/working/ocr/jbrs/text/1928-talaing-inscription-bell-cast-anauppet-lun-min-scan-2.txt	data/working/ocr/jbrs/metadata/1928-talaing-inscription-bell-cast-anauppet-lun-min-scan-2.json	data_local/sources/jbrs_canonical_pdfs/1928-talaing-inscription-bell-cast-anauppet-lun-min-scan-2.pdf	renamed_in_repo	collision_with=1928-talaing-inscription-bell-cast-anauppet-lun-min
182069-a2ca06a74fba	182069.pdf	Burmese/Burma JBRS/JBRS Originals/182069.pdf	1928-old-temple-lawksawk-southern-shan-states.pdf	data/working/ocr/jbrs/text/1928-old-temple-lawksawk-southern-shan-states.txt	data/working/ocr/jbrs/metadata/1928-old-temple-lawksawk-southern-shan-states.json	data_local/sources/jbrs_canonical_pdfs/1928-old-temple-lawksawk-southern-shan-states.pdf	deferred_outside_phase1_scope	
191001-0f934914c35c	191001.pdf	Burmese/Burma JBRS/JBRS Originals/191001.pdf	1929-karen-bronze-drums-rev-h-i-marshall-m-karen-bronze-drums.pdf	data/working/ocr/jbrs/text/1929-karen-bronze-drums-rev-h-i-marshall-m-karen-bronze-drums.txt	data/working/ocr/jbrs/metadata/1929-karen-bronze-drums-rev-h-i-marshall-m-karen-bronze-drums.json	data_local/sources/jbrs_canonical_pdfs/1929-karen-bronze-drums-rev-h-i-marshall-m-karen-bronze-drums.pdf	deferred_outside_phase1_scope	
201001-7d27981a7f7b	201001.pdf	Burmese/Burma JBRS/JBRS Originals/201001.pdf	1930-spinning-magic-1-most-what-i-shall-have-d-g-e-hall.pdf	data/working/ocr/jbrs/text/1930-spinning-magic-1-most-what-i-shall-have-d-g-e-hall.txt	data/working/ocr/jbrs/metadata/1930-spinning-magic-1-most-what-i-shall-have-d-g-e-hall.json	data_local/sources/jbrs_canonical_pdfs/1930-spinning-magic-1-most-what-i-shall-have-d-g-e-hall.pdf	deferred_outside_phase1_scope	
201033-5a49239473a4	201033.pdf	Burmese/Burma JBRS/JBRS Originals/201033.pdf	1930-no-pe-maung-tin-scan-2.pdf	data/working/ocr/jbrs/text/1930-no-pe-maung-tin-scan-2.txt	data/working/ocr/jbrs/metadata/1930-no-pe-maung-tin-scan-2.json	data_local/sources/jbrs_canonical_pdfs/1930-no-pe-maung-tin-scan-2.pdf	deferred_outside_phase1_scope	duplicate_of=1930-pemaungtin-1930-oldwordsininscriptions-pdf; collision_with=1930-no-pe-maung-tin
213059-198720759b45	213059.pdf	Burmese/Burma JBRS/JBRS Originals/213059.pdf	1931-early-english-intercourse-burma-1587-1743-the-tragedy-of-negrais.pdf	data/working/ocr/jbrs/text/1931-early-english-intercourse-burma-1587-1743-the-tragedy-of-negrais.txt	data/working/ocr/jbrs/metadata/1931-early-english-intercourse-burma-1587-1743-the-tragedy-of-negrais.json	data_local/sources/jbrs_canonical_pdfs/1931-early-english-intercourse-burma-1587-1743-the-tragedy-of-negrais.pdf	deferred_outside_phase1_scope	
221021-75cba121a12f	221021.pdf	Burmese/Burma JBRS/JBRS Originals/221021.pdf	1932-use-bronze-drum-siam-rev-h-i-marshall-d-g-e-hall.pdf	data/working/ocr/jbrs/text/1932-use-bronze-drum-siam-rev-h-i-marshall-d-g-e-hall.txt	data/working/ocr/jbrs/metadata/1932-use-bronze-drum-siam-rev-h-i-marshall-d-g-e-hall.json	data_local/sources/jbrs_canonical_pdfs/1932-use-bronze-drum-siam-rev-h-i-marshall-d-g-e-hall.pdf	deferred_outside_phase1_scope	
222068-03f0fa50e147	222068.pdf	Burmese/Burma JBRS/JBRS Originals/222068.pdf	1932-phayre-s-private-journal-his-mission-ava-transcribed-d-g-e-hall-scan-2.pdf	data/working/ocr/jbrs/text/1932-phayre-s-private-journal-his-mission-ava-transcribed-d-g-e-hall-scan-2.txt	data/working/ocr/jbrs/metadata/1932-phayre-s-private-journal-his-mission-ava-transcribed-d-g-e-hall-scan-2.json	data_local/sources/jbrs_canonical_pdfs/1932-phayre-s-private-journal-his-mission-ava-transcribed-d-g-e-hall-scan-2.pdf	deferred_outside_phase1_scope	collision_with=1932-phayre-s-private-journal-his-mission-ava-transcribed-d-g-e-hall
223107-aeea72ef833f	223107.pdf	Burmese/Burma JBRS/JBRS Originals/223107.pdf	1932-mon-inscriptions-siam-the-mon-people-scan-2.pdf	data/working/ocr/jbrs/text/1932-mon-inscriptions-siam-the-mon-people-scan-2.txt	data/working/ocr/jbrs/metadata/1932-mon-inscriptions-siam-the-mon-people-scan-2.json	data_local/sources/jbrs_canonical_pdfs/1932-mon-inscriptions-siam-the-mon-people-scan-2.pdf	renamed_in_repo	duplicate_of=1932-moninscriptionssiam-halliday1932-pdf; collision_with=1932-mon-inscriptions-siam-the-mon-people
223120-ea8eae6c00f8	223120.pdf	Burmese/Burma JBRS/JBRS Originals/223120.pdf	1932-11-villages-myittha-g-h-luce-scan-2.pdf	data/working/ocr/jbrs/text/1932-11-villages-myittha-g-h-luce-scan-2.txt	data/working/ocr/jbrs/metadata/1932-11-villages-myittha-g-h-luce-scan-2.json	data_local/sources/jbrs_canonical_pdfs/1932-11-villages-myittha-g-h-luce-scan-2.pdf	renamed_in_repo	duplicate_of=1932-burmadebttopagan-luce1932-pdf; collision_with=1932-11-villages-myittha-g-h-luce
223151-c159fe6459f2	223151.pdf	Burmese/Burma JBRS/JBRS Originals/223151.pdf	1932-saka-era-pagan-pe-maung-tin-scan-2.pdf	data/working/ocr/jbrs/text/1932-saka-era-pagan-pe-maung-tin-scan-2.txt	data/working/ocr/jbrs/metadata/1932-saka-era-pagan-pe-maung-tin-scan-2.json	data_local/sources/jbrs_canonical_pdfs/1932-saka-era-pagan-pe-maung-tin-scan-2.pdf	deferred_outside_phase1_scope	duplicate_of=1932-sakaerapagan-pemaungtin1932-pdf; collision_with=1932-saka-era-pagan-pe-maung-tin
233123-0af766867729	233123.pdf	Burmese/Burma JBRS/JBRS Originals/233123.pdf	1933-journal-felix-carey-new-burma-document.pdf	data/working/ocr/jbrs/text/1933-journal-felix-carey-new-burma-document.txt	data/working/ocr/jbrs/metadata/1933-journal-felix-carey-new-burma-document.json	data_local/sources/jbrs_canonical_pdfs/1933-journal-felix-carey-new-burma-document.pdf	deferred_outside_phase1_scope	
241001a-21f020fb358f	241001A.pdf	Burmese/Burma JBRS/JBRS Originals/241001A.pdf	1934-chapter-i-evidence-pali-story-shwe-dagon-pagoda-the-shwe-dagon-pagoda.pdf	data/working/ocr/jbrs/text/1934-chapter-i-evidence-pali-story-shwe-dagon-pagoda-the-shwe-dagon-pagoda.txt	data/working/ocr/jbrs/metadata/1934-chapter-i-evidence-pali-story-shwe-dagon-pagoda-the-shwe-dagon-pagoda.json	data_local/sources/jbrs_canonical_pdfs/1934-chapter-i-evidence-pali-story-shwe-dagon-pagoda-the-shwe-dagon-pagoda.pdf	renamed_in_repo	
241001b-bd566036df7c	241001B.pdf	Burmese/Burma JBRS/JBRS Originals/241001B.pdf	1934-translation-burmese-face-lord-lord-dipankara-name-2-the-shwe-dagon-pagoda.pdf	data/working/ocr/jbrs/text/1934-translation-burmese-face-lord-lord-dipankara-name-2-the-shwe-dagon-pagoda.txt	data/working/ocr/jbrs/metadata/1934-translation-burmese-face-lord-lord-dipankara-name-2-the-shwe-dagon-pagoda.json	data_local/sources/jbrs_canonical_pdfs/1934-translation-burmese-face-lord-lord-dipankara-name-2-the-shwe-dagon-pagoda.pdf	deferred_outside_phase1_scope	
241001c-dc7b5b9bb656	241001C.pdf	Burmese/Burma JBRS/JBRS Originals/241001C.pdf	1934-page-1-appendix.pdf	data/working/ocr/jbrs/text/1934-page-1-appendix.txt	data/working/ocr/jbrs/metadata/1934-page-1-appendix.json	data_local/sources/jbrs_canonical_pdfs/1934-page-1-appendix.pdf	deferred_outside_phase1_scope	
242093-8aa960e261d8	242093.pdf	Burmese/Burma JBRS/JBRS Originals/242093.pdf	242093.pdf	data/working/ocr/jbrs/text/242093-8aa960e261d8.txt	data/working/ocr/jbrs/metadata/242093-8aa960e261d8.json		needs_manual_review	
242105-05acb32b6631	242105.pdf	Burmese/Burma JBRS/JBRS Originals/242105.pdf	1934-105-lower-chindwin-nats-3-myinbyushin-1-elsewhere-lower-chindwin-nats.pdf	data/working/ocr/jbrs/text/1934-105-lower-chindwin-nats-3-myinbyushin-1-elsewhere-lower-chindwin-nats.txt	data/working/ocr/jbrs/metadata/1934-105-lower-chindwin-nats-3-myinbyushin-1-elsewhere-lower-chindwin-nats.json	data_local/sources/jbrs_canonical_pdfs/1934-105-lower-chindwin-nats-3-myinbyushin-1-elsewhere-lower-chindwin-nats.pdf	deferred_outside_phase1_scope	
242112-9d819eab1dd9	242112.pdf	Burmese/Burma JBRS/1934/242112.pdf	242112.pdf	data/working/ocr/jbrs/text/242112-9d819eab1dd9.txt	data/working/ocr/jbrs/metadata/242112-9d819eab1dd9.json		needs_manual_review	
242114-57df6cbc912b	242114.pdf	Burmese/Burma JBRS/JBRS Originals/242114.pdf	1934-114-jour-burma-research-soc-some-records-of-hlesatun.pdf	data/working/ocr/jbrs/text/1934-114-jour-burma-research-soc-some-records-of-hlesatun.txt	data/working/ocr/jbrs/metadata/1934-114-jour-burma-research-soc-some-records-of-hlesatun.json	data_local/sources/jbrs_canonical_pdfs/1934-114-jour-burma-research-soc-some-records-of-hlesatun.pdf	deferred_outside_phase1_scope	
242117-0ed960e759b2	242117.pdf	Burmese/Burma JBRS/JBRS Originals/242117.pdf	242117.pdf	data/working/ocr/jbrs/text/242117-0ed960e759b2.txt	data/working/ocr/jbrs/metadata/242117-0ed960e759b2.json		needs_manual_review	
242120-ab7002796f38	242120.pdf	Burmese/Burma JBRS/1934/242120.pdf	242120.pdf	data/working/ocr/jbrs/text/242120-ab7002796f38.txt	data/working/ocr/jbrs/metadata/242120-ab7002796f38.json		needs_manual_review	
243127-24e6a4201182	243127.pdf	Burmese/Burma JBRS/JBRS Originals/243127.pdf	1934-northern-hills-ponnagyun-township-by.pdf	data/working/ocr/jbrs/text/1934-northern-hills-ponnagyun-township-by.txt	data/working/ocr/jbrs/metadata/1934-northern-hills-ponnagyun-township-by.json	data_local/sources/jbrs_canonical_pdfs/1934-northern-hills-ponnagyun-township-by.pdf	deferred_outside_phase1_scope	
243149-0e171c46718f	243149.pdf	Burmese/Burma JBRS/1934/243149.pdf	1934-history-burma-indemnity-of.pdf	data/working/ocr/jbrs/text/1934-history-burma-indemnity-of.txt	data/working/ocr/jbrs/metadata/1934-history-burma-indemnity-of.json	data_local/sources/jbrs_canonical_pdfs/1934-history-burma-indemnity-of.pdf	deferred_outside_phase1_scope	
243159-14a845dc7a69	243159.pdf	Burmese/Burma JBRS/JBRS Originals/243159.pdf	243159.pdf	data/working/ocr/jbrs/text/243159-14a845dc7a69.txt	data/working/ocr/jbrs/metadata/243159-14a845dc7a69.json		needs_manual_review	
243160-c4656597a73f	243160.pdf	Burmese/Burma JBRS/JBRS Originals/243160.pdf	1934-minbya-chin-hills-akyab-district-by.pdf	data/working/ocr/jbrs/text/1934-minbya-chin-hills-akyab-district-by.txt	data/working/ocr/jbrs/metadata/1934-minbya-chin-hills-akyab-district-by.json	data_local/sources/jbrs_canonical_pdfs/1934-minbya-chin-hills-akyab-district-by.pdf	deferred_outside_phase1_scope	
251001-ad2cf9694d87	251001.pdf	Burmese/Burma JBRS/JBRS Originals/251001.pdf	1935-prehistoric-stone-implements-burma-by.pdf	data/working/ocr/jbrs/text/1935-prehistoric-stone-implements-burma-by.txt	data/working/ocr/jbrs/metadata/1935-prehistoric-stone-implements-burma-by.json	data_local/sources/jbrs_canonical_pdfs/1935-prehistoric-stone-implements-burma-by.pdf	deferred_outside_phase1_scope	
251040-dca9905d5069	251040.pdf	Burmese/Burma JBRS/JBRS Originals/251040.pdf	1935-as-you-all-know-we-are-celebrating-this-twenty-five-years.pdf	data/working/ocr/jbrs/text/1935-as-you-all-know-we-are-celebrating-this-twenty-five-years.txt	data/working/ocr/jbrs/metadata/1935-as-you-all-know-we-are-celebrating-this-twenty-five-years.json	data_local/sources/jbrs_canonical_pdfs/1935-as-you-all-know-we-are-celebrating-this-twenty-five-years.pdf	deferred_outside_phase1_scope	
252049-b632e7b1e80c	252049.pdf	Burmese/Burma JBRS/JBRS Originals/252049.pdf	1935-intercourse-between-siam-burma-preface.pdf	data/working/ocr/jbrs/text/1935-intercourse-between-siam-burma-preface.txt	data/working/ocr/jbrs/metadata/1935-intercourse-between-siam-burma-preface.json	data_local/sources/jbrs_canonical_pdfs/1935-intercourse-between-siam-burma-preface.pdf	deferred_outside_phase1_scope	
253109-adcc22071a9c	253109.pdf	Burmese/Burma JBRS/1935/253109.pdf	253109.pdf	data/working/ocr/jbrs/text/253109-adcc22071a9c.txt	data/working/ocr/jbrs/metadata/253109-adcc22071a9c.json		needs_manual_review	
253121-af9ff5a00974	253121.pdf	Burmese/Burma JBRS/1935/253121.pdf	253121.pdf	data/working/ocr/jbrs/text/253121-af9ff5a00974.txt	data/working/ocr/jbrs/metadata/253121-af9ff5a00974.json		needs_manual_review	
253129-acf5c2e71a2b	253129.pdf	Burmese/Burma JBRS/JBRS Originals/253129.pdf	1935-new-translation-let-we-thon-dhara-s-famous-ratu.pdf	data/working/ocr/jbrs/text/1935-new-translation-let-we-thon-dhara-s-famous-ratu.txt	data/working/ocr/jbrs/metadata/1935-new-translation-let-we-thon-dhara-s-famous-ratu.json	data_local/sources/jbrs_canonical_pdfs/1935-new-translation-let-we-thon-dhara-s-famous-ratu.pdf	deferred_outside_phase1_scope	
253137-1f80b7d7e596	253137.pdf	Burmese/Burma JBRS/1935/253137.pdf	1935-union-certain-epiphyses-mixed-female-population-in-rangoon.pdf	data/working/ocr/jbrs/text/1935-union-certain-epiphyses-mixed-female-population-in-rangoon.txt	data/working/ocr/jbrs/metadata/1935-union-certain-epiphyses-mixed-female-population-in-rangoon.json	data_local/sources/jbrs_canonical_pdfs/1935-union-certain-epiphyses-mixed-female-population-in-rangoon.pdf	deferred_outside_phase1_scope	
253145-f345bbc8cd4b	253145.pdf	Burmese/Burma JBRS/1935/253145.pdf	1935-additional-third-separate-head-anatomical-note.pdf	data/working/ocr/jbrs/text/1935-additional-third-separate-head-anatomical-note.txt	data/working/ocr/jbrs/metadata/1935-additional-third-separate-head-anatomical-note.json	data_local/sources/jbrs_canonical_pdfs/1935-additional-third-separate-head-anatomical-note.pdf	deferred_outside_phase1_scope	
253160-6f1fbe1d53ba	253160.pdf	Burmese/Burma JBRS/1935/253160.pdf	1935-160-jour-burma-research-soc-xxv-iii-dear-mr-secretary.pdf	data/working/ocr/jbrs/text/1935-160-jour-burma-research-soc-xxv-iii-dear-mr-secretary.txt	data/working/ocr/jbrs/metadata/1935-160-jour-burma-research-soc-xxv-iii-dear-mr-secretary.json	data_local/sources/jbrs_canonical_pdfs/1935-160-jour-burma-research-soc-xxv-iii-dear-mr-secretary.pdf	deferred_outside_phase1_scope	
253161-2f9b3f38ebe8	253161.pdf	Burmese/Burma JBRS/JBRS Originals/253161.pdf	1935-copy-letter-dated-akyab-22nd-june-my-dear-capt-crisp.pdf	data/working/ocr/jbrs/text/1935-copy-letter-dated-akyab-22nd-june-my-dear-capt-crisp.txt	data/working/ocr/jbrs/metadata/1935-copy-letter-dated-akyab-22nd-june-my-dear-capt-crisp.json	data_local/sources/jbrs_canonical_pdfs/1935-copy-letter-dated-akyab-22nd-june-my-dear-capt-crisp.pdf	deferred_outside_phase1_scope	
253162-59327c1d4171	253162.pdf	Burmese/Burma JBRS/JBRS Originals/253162.pdf	1935-871-ecc-4-dated-22nd-23rd-may-commissioner-information.pdf	data/working/ocr/jbrs/text/1935-871-ecc-4-dated-22nd-23rd-may-commissioner-information.txt	data/working/ocr/jbrs/metadata/1935-871-ecc-4-dated-22nd-23rd-may-commissioner-information.json	data_local/sources/jbrs_canonical_pdfs/1935-871-ecc-4-dated-22nd-23rd-may-commissioner-information.pdf	deferred_outside_phase1_scope	
261001-23882d2b0bf8	261001.pdf	Burmese/Burma JBRS/JBRS Originals/261001.pdf	261001.pdf	data/working/ocr/jbrs/text/261001-23882d2b0bf8.txt	data/working/ocr/jbrs/metadata/261001-23882d2b0bf8.json		needs_manual_review	
261033-f6f8e1c2177e	261033.pdf	Burmese/Burma JBRS/JBRS Originals/261033.pdf	261033.pdf	data/working/ocr/jbrs/text/261033-f6f8e1c2177e.txt	data/working/ocr/jbrs/metadata/261033-f6f8e1c2177e.json		needs_manual_review	
261035-efd44a3e2d9f	261035.pdf	Burmese/Burma JBRS/JBRS Originals/261035.pdf	1936-i-send-herewith-2-maps-other-material-which-dear.pdf	data/working/ocr/jbrs/text/1936-i-send-herewith-2-maps-other-material-which-dear.txt	data/working/ocr/jbrs/metadata/1936-i-send-herewith-2-maps-other-material-which-dear.json	data_local/sources/jbrs_canonical_pdfs/1936-i-send-herewith-2-maps-other-material-which-dear.pdf	deferred_outside_phase1_scope	
262071-013bbde34dc9	262071.pdf	Burmese/Burma JBRS/1936/262071.pdf	262071.pdf	data/working/ocr/jbrs/text/262071-013bbde34dc9.txt	data/working/ocr/jbrs/metadata/262071-013bbde34dc9.json		needs_manual_review	
262110-41a7efb55a79	262110.pdf	Burmese/Burma JBRS/1936/262110.pdf	262110.pdf	data/working/ocr/jbrs/text/262110-41a7efb55a79.txt	data/working/ocr/jbrs/metadata/262110-41a7efb55a79.json		needs_manual_review	
262116-7150ad99fba3	262116.pdf	Burmese/Burma JBRS/1936/262116.pdf	262116.pdf	data/working/ocr/jbrs/text/262116-7150ad99fba3.txt	data/working/ocr/jbrs/metadata/262116-7150ad99fba3.json		needs_manual_review	
262119-aa2bc12e3738	262119.pdf	Burmese/Burma JBRS/JBRS Originals/262119.pdf	1936-pal-olith-yenangyaung-small-hand-axe-illustrated-herewith-inches-long.pdf	data/working/ocr/jbrs/text/1936-pal-olith-yenangyaung-small-hand-axe-illustrated-herewith-inches-long.txt	data/working/ocr/jbrs/metadata/1936-pal-olith-yenangyaung-small-hand-axe-illustrated-herewith-inches-long.json	data_local/sources/jbrs_canonical_pdfs/1936-pal-olith-yenangyaung-small-hand-axe-illustrated-herewith-inches-long.pdf	deferred_outside_phase1_scope	
262122-8b943efcf25c	262122.pdf	Burmese/Burma JBRS/1936/262122.pdf	1936-s-achievements-as-general-which-are-sufficiently-well-maha-bandula-at-home.pdf	data/working/ocr/jbrs/text/1936-s-achievements-as-general-which-are-sufficiently-well-maha-bandula-at-home.txt	data/working/ocr/jbrs/metadata/1936-s-achievements-as-general-which-are-sufficiently-well-maha-bandula-at-home.json	data_local/sources/jbrs_canonical_pdfs/1936-s-achievements-as-general-which-are-sufficiently-well-maha-bandula-at-home.pdf	deferred_outside_phase1_scope	
263131-82440c497d98	263131.pdf	Burmese/Burma JBRS/JBRS Originals/263131.pdf	1936-prayers-ancient-burma-g-h-luce-scan-2.pdf	data/working/ocr/jbrs/text/1936-prayers-ancient-burma-g-h-luce-scan-2.txt	data/working/ocr/jbrs/metadata/1936-prayers-ancient-burma-g-h-luce-scan-2.json	data_local/sources/jbrs_canonical_pdfs/1936-prayers-ancient-burma-g-h-luce-scan-2.pdf	deferred_outside_phase1_scope	duplicate_of=1936-prayersburma-luce1936-pdf; collision_with=1936-prayers-ancient-burma-g-h-luce
263139-bba6fa22e2a4	263139.pdf	Burmese/Burma JBRS/1936/263139.pdf	263139.pdf	data/working/ocr/jbrs/text/263139-bba6fa22e2a4.txt	data/working/ocr/jbrs/metadata/263139-bba6fa22e2a4.json		needs_manual_review	
263147-8c40373811dd	263147.pdf	Burmese/Burma JBRS/JBRS Originals/263147.pdf	263147.pdf	data/working/ocr/jbrs/text/263147-8c40373811dd.txt	data/working/ocr/jbrs/metadata/263147-8c40373811dd.json		needs_manual_review	
263153-085d413ba955	263153.pdf	Burmese/Burma JBRS/1936/263153.pdf	1936-gastro-intestinal-measurements-orientals-suggested-standard-stomach-information-and-peritoneal-fossae.pdf	data/working/ocr/jbrs/text/1936-gastro-intestinal-measurements-orientals-suggested-standard-stomach-information-and-peritoneal-fossae.txt	data/working/ocr/jbrs/metadata/1936-gastro-intestinal-measurements-orientals-suggested-standard-stomach-information-and-peritoneal-fossae.json	data_local/sources/jbrs_canonical_pdfs/1936-gastro-intestinal-measurements-orientals-suggested-standard-stomach-information-and-peritoneal-fossae.pdf	deferred_outside_phase1_scope	
263157-4b11ac6d0804	263157.pdf	Burmese/Burma JBRS/1936/263157.pdf	263157.pdf	data/working/ocr/jbrs/text/263157-4b11ac6d0804.txt	data/working/ocr/jbrs/metadata/263157-4b11ac6d0804.json		needs_manual_review	
263163-467c7fd501bf	263163.pdf	Burmese/Burma JBRS/JBRS Originals/263163.pdf	263163.pdf	data/working/ocr/jbrs/text/263163-467c7fd501bf.txt	data/working/ocr/jbrs/metadata/263163-467c7fd501bf.json		needs_manual_review	
263171-da1960b86d45	263171.pdf	Burmese/Burma JBRS/JBRS Originals/263171.pdf	1936-exhibition-which-society-held-rains-having-aroused-some-the-society-s-exhibition.pdf	data/working/ocr/jbrs/text/1936-exhibition-which-society-held-rains-having-aroused-some-the-society-s-exhibition.txt	data/working/ocr/jbrs/metadata/1936-exhibition-which-society-held-rains-having-aroused-some-the-society-s-exhibition.json	data_local/sources/jbrs_canonical_pdfs/1936-exhibition-which-society-held-rains-having-aroused-some-the-society-s-exhibition.pdf	deferred_outside_phase1_scope	
271001-be28ce1583a5	271001.pdf	Burmese/Burma JBRS/1937/271001.pdf	271001.pdf	data/working/ocr/jbrs/text/271001-be28ce1583a5.txt	data/working/ocr/jbrs/metadata/271001-be28ce1583a5.json		needs_manual_review	
271015-9779b019a3bf	271015.pdf	Burmese/Burma JBRS/JBRS Originals/271015.pdf	271015.pdf	data/working/ocr/jbrs/text/271015-9779b019a3bf.txt	data/working/ocr/jbrs/metadata/271015-9779b019a3bf.json		needs_manual_review	
271033-e9a11aa8cdd5	271033.pdf	Burmese/Burma JBRS/1937/271033.pdf	271033.pdf	data/working/ocr/jbrs/text/271033-e9a11aa8cdd5.txt	data/working/ocr/jbrs/metadata/271033-e9a11aa8cdd5.json		needs_manual_review	
271053-894534de567c	271053.pdf	Burmese/Burma JBRS/1937/271053.pdf	1937-economic-grid-x-ray-investigation-thoracic-and-abdominal-conditions.pdf	data/working/ocr/jbrs/text/1937-economic-grid-x-ray-investigation-thoracic-and-abdominal-conditions.txt	data/working/ocr/jbrs/metadata/1937-economic-grid-x-ray-investigation-thoracic-and-abdominal-conditions.json	data_local/sources/jbrs_canonical_pdfs/1937-economic-grid-x-ray-investigation-thoracic-and-abdominal-conditions.pdf	deferred_outside_phase1_scope	
271061-dca2a3af11ad	271061.pdf	Burmese/Burma JBRS/1937/271061.pdf	271061.pdf	data/working/ocr/jbrs/text/271061-dca2a3af11ad.txt	data/working/ocr/jbrs/metadata/271061-dca2a3af11ad.json		needs_manual_review	
271074-e876dd7c50c6	271074.pdf	Burmese/Burma JBRS/JBRS Originals/271074.pdf	1937-prehistoric-stone-implements-konbyinmyint-irrawaddy-paunglaung-rivers.pdf	data/working/ocr/jbrs/text/1937-prehistoric-stone-implements-konbyinmyint-irrawaddy-paunglaung-rivers.txt	data/working/ocr/jbrs/metadata/1937-prehistoric-stone-implements-konbyinmyint-irrawaddy-paunglaung-rivers.json	data_local/sources/jbrs_canonical_pdfs/1937-prehistoric-stone-implements-konbyinmyint-irrawaddy-paunglaung-rivers.pdf	deferred_outside_phase1_scope	
271075-2a9589a6ebd5	271075.pdf	Burmese/Burma JBRS/1937/271075.pdf	1937-27-nakshatras-8-inner-constellations.pdf	data/working/ocr/jbrs/text/1937-27-nakshatras-8-inner-constellations.txt	data/working/ocr/jbrs/metadata/1937-27-nakshatras-8-inner-constellations.json	data_local/sources/jbrs_canonical_pdfs/1937-27-nakshatras-8-inner-constellations.pdf	deferred_outside_phase1_scope	
272087-389533199214	272087.pdf	Burmese/Burma JBRS/JBRS Originals/272087.pdf	1937-1-geography-kengtung-state-state-kengtung-is-largest-introduction.pdf	data/working/ocr/jbrs/text/1937-1-geography-kengtung-state-state-kengtung-is-largest-introduction.txt	data/working/ocr/jbrs/metadata/1937-1-geography-kengtung-state-state-kengtung-is-largest-introduction.json	data_local/sources/jbrs_canonical_pdfs/1937-1-geography-kengtung-state-state-kengtung-is-largest-introduction.pdf	renamed_in_repo	
273254-c73168dc7d34	273254.pdf	Burmese/Burma JBRS/1937/273254.pdf	273254.pdf	data/working/ocr/jbrs/text/273254-c73168dc7d34.txt	data/working/ocr/jbrs/metadata/273254-c73168dc7d34.json		needs_manual_review	
273277-19e16d7bf241	273277.pdf	Burmese/Burma JBRS/1937/273277.pdf	273277.pdf	data/working/ocr/jbrs/text/273277-19e16d7bf241.txt	data/working/ocr/jbrs/metadata/273277-19e16d7bf241.json		needs_manual_review	
273283-1f4f3f3d3c9a	273283.pdf	Burmese/Burma JBRS/1937/273283.pdf	273283.pdf	data/working/ocr/jbrs/text/273283-1f4f3f3d3c9a.txt	data/working/ocr/jbrs/metadata/273283-1f4f3f3d3c9a.json		needs_manual_review	
273308-d3e69c251ca0	273308.pdf	Burmese/Burma JBRS/1937/273308.pdf	1937-my-lady-wife-she-skilleth-well-give-her-roselle-buds.pdf	data/working/ocr/jbrs/text/1937-my-lady-wife-she-skilleth-well-give-her-roselle-buds.txt	data/working/ocr/jbrs/metadata/1937-my-lady-wife-she-skilleth-well-give-her-roselle-buds.json	data_local/sources/jbrs_canonical_pdfs/1937-my-lady-wife-she-skilleth-well-give-her-roselle-buds.pdf	deferred_outside_phase1_scope	
273310-6429684e1894	273310.pdf	Burmese/Burma JBRS/1937/273310.pdf	1937-french-policy-development-indo-china-thomas-e-ennis-reviews.pdf	data/working/ocr/jbrs/text/1937-french-policy-development-indo-china-thomas-e-ennis-reviews.txt	data/working/ocr/jbrs/metadata/1937-french-policy-development-indo-china-thomas-e-ennis-reviews.json	data_local/sources/jbrs_canonical_pdfs/1937-french-policy-development-indo-china-thomas-e-ennis-reviews.pdf	deferred_outside_phase1_scope	
273310a-902bf3a6443f	273310A.pdf	Burmese/Burma JBRS/1937/273310A.pdf	273310A.pdf	data/working/ocr/jbrs/text/273310a-902bf3a6443f.txt	data/working/ocr/jbrs/metadata/273310a-902bf3a6443f.json		needs_manual_review	
273312-7463dd0e16ec	273312.pdf	Burmese/Burma JBRS/1937/273312.pdf	1937-introduction-colloquial-burmese-j-stewart-british-burma-press-j-a-stewart.pdf	data/working/ocr/jbrs/text/1937-introduction-colloquial-burmese-j-stewart-british-burma-press-j-a-stewart.txt	data/working/ocr/jbrs/metadata/1937-introduction-colloquial-burmese-j-stewart-british-burma-press-j-a-stewart.json	data_local/sources/jbrs_canonical_pdfs/1937-introduction-colloquial-burmese-j-stewart-british-burma-press-j-a-stewart.pdf	deferred_outside_phase1_scope	
281001-fadc60a4137a	281001.pdf	Burmese/Burma JBRS/1938/281001.pdf	1938-felix-carey-english-baptist-mission-burma-thanks-are-d-g-e-hall.pdf	data/working/ocr/jbrs/text/1938-felix-carey-english-baptist-mission-burma-thanks-are-d-g-e-hall.txt	data/working/ocr/jbrs/metadata/1938-felix-carey-english-baptist-mission-burma-thanks-are-d-g-e-hall.json	data_local/sources/jbrs_canonical_pdfs/1938-felix-carey-english-baptist-mission-burma-thanks-are-d-g-e-hall.pdf	deferred_outside_phase1_scope	
281092-c67237413f44	281092.pdf	Burmese/Burma JBRS/JBRS Originals/281092.pdf	1938-mon-inscription-kyanzittha-ayetthema-hill-april-i-paid-pe-maung-tin-scan-2.pdf	data/working/ocr/jbrs/text/1938-mon-inscription-kyanzittha-ayetthema-hill-april-i-paid-pe-maung-tin-scan-2.txt	data/working/ocr/jbrs/metadata/1938-mon-inscription-kyanzittha-ayetthema-hill-april-i-paid-pe-maung-tin-scan-2.json	data_local/sources/jbrs_canonical_pdfs/1938-mon-inscription-kyanzittha-ayetthema-hill-april-i-paid-pe-maung-tin-scan-2.pdf	renamed_in_repo	duplicate_of=1938-moninscriptionayethema-pemaungtin1938-pdf; collision_with=1938-mon-inscription-kyanzittha-ayetthema-hill-april-i-paid-pe-maung-tin
282095-3c9999a3a1e3	282095.pdf	Burmese/Burma JBRS/JBRS Originals/282095.pdf	282095.pdf	data/working/ocr/jbrs/text/282095-3c9999a3a1e3.txt	data/working/ocr/jbrs/metadata/282095-3c9999a3a1e3.json		needs_manual_review	
282100-c2e173cc005e	282100.pdf	Burmese/Burma JBRS/JBRS Originals/282100.pdf	282100.pdf	data/working/ocr/jbrs/text/282100-c2e173cc005e.txt	data/working/ocr/jbrs/metadata/282100-c2e173cc005e.json		needs_manual_review	
282109-dadda21920c9	282109.pdf	Burmese/Burma JBRS/JBRS Originals/282109.pdf	282109.pdf	data/working/ocr/jbrs/text/282109-dadda21920c9.txt	data/working/ocr/jbrs/metadata/282109-dadda21920c9.json		needs_manual_review	
282177-86a23b01eace	282177.pdf	Burmese/Burma JBRS/JBRS Originals/282177.pdf	282177.pdf	data/working/ocr/jbrs/text/282177-86a23b01eace.txt	data/working/ocr/jbrs/metadata/282177-86a23b01eace.json		needs_manual_review	
282193-dbfd5ebb7516	282193.pdf	Burmese/Burma JBRS/1938/282193.pdf	282193.pdf	data/working/ocr/jbrs/text/282193-dbfd5ebb7516.txt	data/working/ocr/jbrs/metadata/282193-dbfd5ebb7516.json		needs_manual_review	
282232-18ca1f9ed091	282232.pdf	Burmese/Burma JBRS/JBRS Originals/282232.pdf	282232.pdf	data/working/ocr/jbrs/text/282232-18ca1f9ed091.txt	data/working/ocr/jbrs/metadata/282232-18ca1f9ed091.json		needs_manual_review	
282233-d8668741efba	282233.pdf	Burmese/Burma JBRS/1938/282233.pdf	282233.pdf	data/working/ocr/jbrs/text/282233-d8668741efba.txt	data/working/ocr/jbrs/metadata/282233-d8668741efba.json		needs_manual_review	
291001-cad6568614c2	291001.pdf	Burmese/Burma JBRS/JBRS Originals/291001.pdf	1939-beginnings-british-rule-burma-the-fashioning-of-leviathan.pdf	data/working/ocr/jbrs/text/1939-beginnings-british-rule-burma-the-fashioning-of-leviathan.txt	data/working/ocr/jbrs/metadata/1939-beginnings-british-rule-burma-the-fashioning-of-leviathan.json	data_local/sources/jbrs_canonical_pdfs/1939-beginnings-british-rule-burma-the-fashioning-of-leviathan.pdf	deferred_outside_phase1_scope	
292139-e4dff1f83397	292139.pdf	Burmese/Burma JBRS/JBRS Originals/292139.pdf	292139.pdf	data/working/ocr/jbrs/text/292139-e4dff1f83397.txt	data/working/ocr/jbrs/metadata/292139-e4dff1f83397.json		needs_manual_review	
292157-56aa15461e87	292157.pdf	Burmese/Burma JBRS/1939/292157.pdf	1939-157-tragedy-burmese-drama-i.pdf	data/working/ocr/jbrs/text/1939-157-tragedy-burmese-drama-i.txt	data/working/ocr/jbrs/metadata/1939-157-tragedy-burmese-drama-i.json	data_local/sources/jbrs_canonical_pdfs/1939-157-tragedy-burmese-drama-i.pdf	deferred_outside_phase1_scope	
292166-b0b5a7c99d5e	292166.pdf	Burmese/Burma JBRS/JBRS Originals/292166.pdf	1939-166-jour-burma-research-soc-xxix-ii-danubyu.pdf	data/working/ocr/jbrs/text/1939-166-jour-burma-research-soc-xxix-ii-danubyu.txt	data/working/ocr/jbrs/metadata/1939-166-jour-burma-research-soc-xxix-ii-danubyu.json	data_local/sources/jbrs_canonical_pdfs/1939-166-jour-burma-research-soc-xxix-ii-danubyu.pdf	deferred_outside_phase1_scope	
292187-54cbd71592a6	292187.pdf	Burmese/Burma JBRS/JBRS Originals/292187.pdf	292187.pdf	data/working/ocr/jbrs/text/292187-54cbd71592a6.txt	data/working/ocr/jbrs/metadata/292187-54cbd71592a6.json		needs_manual_review	
292193-a6f085122f7b	292193.pdf	Burmese/Burma JBRS/JBRS Originals/292193.pdf	1939-193-further-arakan-family-archives-selection-arakan-papers-further-arakan-family-archives.pdf	data/working/ocr/jbrs/text/1939-193-further-arakan-family-archives-selection-arakan-papers-further-arakan-family-archives.txt	data/working/ocr/jbrs/metadata/1939-193-further-arakan-family-archives-selection-arakan-papers-further-arakan-family-archives.json	data_local/sources/jbrs_canonical_pdfs/1939-193-further-arakan-family-archives-selection-arakan-papers-further-arakan-family-archives.pdf	deferred_outside_phase1_scope	
292198-f0d2b2d0a78a	292198.pdf	Burmese/Burma JBRS/1939/292198.pdf	1939-netherlands-india-reviews.pdf	data/working/ocr/jbrs/text/1939-netherlands-india-reviews.txt	data/working/ocr/jbrs/metadata/1939-netherlands-india-reviews.json	data_local/sources/jbrs_canonical_pdfs/1939-netherlands-india-reviews.pdf	deferred_outside_phase1_scope	
292208-68fe8d54ce87	292208.pdf	Burmese/Burma JBRS/1939/292208.pdf	292208.pdf	data/working/ocr/jbrs/text/292208-68fe8d54ce87.txt	data/working/ocr/jbrs/metadata/292208-68fe8d54ce87.json		needs_manual_review	
292212-d979f75ae0fa	292212.pdf	Burmese/Burma JBRS/1939/292212.pdf	292212.pdf	data/working/ocr/jbrs/text/292212-d979f75ae0fa.txt	data/working/ocr/jbrs/metadata/292212-d979f75ae0fa.json		needs_manual_review	
293215-3f3534af1590	293215.pdf	Burmese/Burma JBRS/1939/293215.pdf	1939-denmark-s-interest-burma-nicobar-islands.pdf	data/working/ocr/jbrs/text/1939-denmark-s-interest-burma-nicobar-islands.txt	data/working/ocr/jbrs/metadata/1939-denmark-s-interest-burma-nicobar-islands.json	data_local/sources/jbrs_canonical_pdfs/1939-denmark-s-interest-burma-nicobar-islands.pdf	deferred_outside_phase1_scope	
293233-eb48372c65e3	293233.pdf	Burmese/Burma JBRS/1939/293233.pdf	293233.pdf	data/working/ocr/jbrs/text/293233-eb48372c65e3.txt	data/working/ocr/jbrs/metadata/293233-eb48372c65e3.json		needs_manual_review	
293236-39a8ce4974e0	293236.pdf	Burmese/Burma JBRS/1939/293236.pdf	293236.pdf	data/working/ocr/jbrs/text/293236-39a8ce4974e0.txt	data/working/ocr/jbrs/metadata/293236-39a8ce4974e0.json		needs_manual_review	
293250-d2524020816e	293250.pdf	Burmese/Burma JBRS/1939/293250.pdf	1939-admiral-sir-william-garnham-luard-was-born-witham-admiral-luard.pdf	data/working/ocr/jbrs/text/1939-admiral-sir-william-garnham-luard-was-born-witham-admiral-luard.txt	data/working/ocr/jbrs/metadata/1939-admiral-sir-william-garnham-luard-was-born-witham-admiral-luard.json	data_local/sources/jbrs_canonical_pdfs/1939-admiral-sir-william-garnham-luard-was-born-witham-admiral-luard.pdf	deferred_outside_phase1_scope	
293257-7754d3d6c1d4	293257.pdf	Burmese/Burma JBRS/JBRS Originals/293257.pdf	293257.pdf	data/working/ocr/jbrs/text/293257-7754d3d6c1d4.txt	data/working/ocr/jbrs/metadata/293257-7754d3d6c1d4.json		needs_manual_review	
301283-02e08d098958	301283.pdf	Burmese/Burma JBRS/JBRS Originals/301283.pdf	301283.pdf	data/working/ocr/jbrs/text/301283-02e08d098958.txt	data/working/ocr/jbrs/metadata/301283-02e08d098958.json		needs_manual_review	
301336-31dabf53eac3	301336.pdf	Burmese/Burma JBRS/JBRS Originals/301336.pdf	301336.pdf	data/working/ocr/jbrs/text/301336-31dabf53eac3.txt	data/working/ocr/jbrs/metadata/301336-31dabf53eac3.json		needs_manual_review	
301343-6cf86c2df2d2	301343.pdf	Burmese/Burma JBRS/JBRS Originals/301343.pdf	1940-one-problems-anatomy-departments-tropical-lands-is-fact-embryology-in-concrete.pdf	data/working/ocr/jbrs/text/1940-one-problems-anatomy-departments-tropical-lands-is-fact-embryology-in-concrete.txt	data/working/ocr/jbrs/metadata/1940-one-problems-anatomy-departments-tropical-lands-is-fact-embryology-in-concrete.json	data_local/sources/jbrs_canonical_pdfs/1940-one-problems-anatomy-departments-tropical-lands-is-fact-embryology-in-concrete.pdf	deferred_outside_phase1_scope	
301345-5ef8a98b83c8	301345.pdf	Burmese/Burma JBRS/JBRS Originals/301345.pdf	1940-1-mr-notes-and-queries.pdf	data/working/ocr/jbrs/text/1940-1-mr-notes-and-queries.txt	data/working/ocr/jbrs/metadata/1940-1-mr-notes-and-queries.json	data_local/sources/jbrs_canonical_pdfs/1940-1-mr-notes-and-queries.pdf	deferred_outside_phase1_scope	
301345a-bbb481995f76	301345A.pdf	Burmese/Burma JBRS/1940/301345A.pdf	301345A.pdf	data/working/ocr/jbrs/text/301345a-bbb481995f76.txt	data/working/ocr/jbrs/metadata/301345a-bbb481995f76.json		needs_manual_review	
301346-dce0f44d77a5	301346.pdf	Burmese/Burma JBRS/1940/301346.pdf	301346.pdf	data/working/ocr/jbrs/text/301346-dce0f44d77a5.txt	data/working/ocr/jbrs/metadata/301346-dce0f44d77a5.json		needs_manual_review	
301347-8fd126704fce	301347.pdf	Burmese/Burma JBRS/JBRS Originals/301347.pdf	301347.pdf	data/working/ocr/jbrs/text/301347-8fd126704fce.txt	data/working/ocr/jbrs/metadata/301347-8fd126704fce.json		needs_manual_review	
301348-510ea60d60c3	301348.pdf	Burmese/Burma JBRS/JBRS Originals/301348.pdf	1940-5-maung-khway-it-is-not-often-that-c.pdf	data/working/ocr/jbrs/text/1940-5-maung-khway-it-is-not-often-that-c.txt	data/working/ocr/jbrs/metadata/1940-5-maung-khway-it-is-not-often-that-c.json	data_local/sources/jbrs_canonical_pdfs/1940-5-maung-khway-it-is-not-often-that-c.pdf	deferred_outside_phase1_scope	
301349-aad002ed364d	301349.pdf	Burmese/Burma JBRS/1940/301349.pdf	1940-society-s-library-several-up-country-members-society-of-the-librarian.pdf	data/working/ocr/jbrs/text/1940-society-s-library-several-up-country-members-society-of-the-librarian.txt	data/working/ocr/jbrs/metadata/1940-society-s-library-several-up-country-members-society-of-the-librarian.json	data_local/sources/jbrs_canonical_pdfs/1940-society-s-library-several-up-country-members-society-of-the-librarian.pdf	deferred_outside_phase1_scope	
301351-ed8da7b41f63	301351.pdf	Burmese/Burma JBRS/1940/301351.pdf	1940-manu-burma-some-burmese-dhammathats-i.pdf	data/working/ocr/jbrs/text/1940-manu-burma-some-burmese-dhammathats-i.txt	data/working/ocr/jbrs/metadata/1940-manu-burma-some-burmese-dhammathats-i.json	data_local/sources/jbrs_canonical_pdfs/1940-manu-burma-some-burmese-dhammathats-i.pdf	renamed_in_repo	
301371-20ef9d3fe130	301371.pdf	Burmese/Burma JBRS/1940/301371.pdf	1940-certaine-words-pegu-language-c-o-blagden.pdf	data/working/ocr/jbrs/text/1940-certaine-words-pegu-language-c-o-blagden.txt	data/working/ocr/jbrs/metadata/1940-certaine-words-pegu-language-c-o-blagden.json	data_local/sources/jbrs_canonical_pdfs/1940-certaine-words-pegu-language-c-o-blagden.pdf	deferred_outside_phase1_scope	
301376-de0b5082af8a	301376.pdf	Burmese/Burma JBRS/1940/301376.pdf	1940-superstitions-burmese-criminals-burmese-criminals-believe-superstition-performance-months.pdf	data/working/ocr/jbrs/text/1940-superstitions-burmese-criminals-burmese-criminals-believe-superstition-performance-months.txt	data/working/ocr/jbrs/metadata/1940-superstitions-burmese-criminals-burmese-criminals-believe-superstition-performance-months.json	data_local/sources/jbrs_canonical_pdfs/1940-superstitions-burmese-criminals-burmese-criminals-believe-superstition-performance-months.pdf	deferred_outside_phase1_scope	
301384-884a7b619638	301384.pdf	Burmese/Burma JBRS/1940/301384.pdf	301384.pdf	data/working/ocr/jbrs/text/301384-884a7b619638.txt	data/working/ocr/jbrs/metadata/301384-884a7b619638.json		needs_manual_review	
301386-aeb4f9fb70ec	301386.pdf	Burmese/Burma JBRS/1940/301386.pdf	1940-various-methods-fire-making-are-use-among-tribes-the-fire-piston.pdf	data/working/ocr/jbrs/text/1940-various-methods-fire-making-are-use-among-tribes-the-fire-piston.txt	data/working/ocr/jbrs/metadata/1940-various-methods-fire-making-are-use-among-tribes-the-fire-piston.json	data_local/sources/jbrs_canonical_pdfs/1940-various-methods-fire-making-are-use-among-tribes-the-fire-piston.pdf	deferred_outside_phase1_scope	
301387-ee5c670ed841	301387.pdf	Burmese/Burma JBRS/1940/301387.pdf	1940-burmese-music-a-preliminary-enquiry.pdf	data/working/ocr/jbrs/text/1940-burmese-music-a-preliminary-enquiry.txt	data/working/ocr/jbrs/metadata/1940-burmese-music-a-preliminary-enquiry.json	data_local/sources/jbrs_canonical_pdfs/1940-burmese-music-a-preliminary-enquiry.pdf	deferred_outside_phase1_scope	
311001-03e7c3f90427	311001.pdf	Burmese/Burma JBRS/JBRS Originals/311001.pdf	311001.pdf	data/working/ocr/jbrs/text/311001-03e7c3f90427.txt	data/working/ocr/jbrs/metadata/311001-03e7c3f90427.json		needs_manual_review	
311019-19500a8a6989	311019.pdf	Burmese/Burma JBRS/JBRS Originals/311019.pdf	1941-population-burman-empire-by.pdf	data/working/ocr/jbrs/text/1941-population-burman-empire-by.txt	data/working/ocr/jbrs/metadata/1941-population-burman-empire-by.json	data_local/sources/jbrs_canonical_pdfs/1941-population-burman-empire-by.pdf	deferred_outside_phase1_scope	
311035-22b4895b8234	311035.pdf	Burmese/Burma JBRS/JBRS Originals/311035.pdf	1941-europeans-burma-the-early-portuguese.pdf	data/working/ocr/jbrs/text/1941-europeans-burma-the-early-portuguese.txt	data/working/ocr/jbrs/metadata/1941-europeans-burma-the-early-portuguese.json	data_local/sources/jbrs_canonical_pdfs/1941-europeans-burma-the-early-portuguese.pdf	deferred_outside_phase1_scope	
311041-a589c32fe404	311041.pdf	Burmese/Burma JBRS/JBRS Originals/311041.pdf	1941-taungthas-tilin-township-introductory.pdf	data/working/ocr/jbrs/text/1941-taungthas-tilin-township-introductory.txt	data/working/ocr/jbrs/metadata/1941-taungthas-tilin-township-introductory.json	data_local/sources/jbrs_canonical_pdfs/1941-taungthas-tilin-township-introductory.pdf	deferred_outside_phase1_scope	
311047-d909e46e6b56	311047.pdf	Burmese/Burma JBRS/1941/311047.pdf	1941-s-criticism-is-bound-suffer-reviews.pdf	data/working/ocr/jbrs/text/1941-s-criticism-is-bound-suffer-reviews.txt	data/working/ocr/jbrs/metadata/1941-s-criticism-is-bound-suffer-reviews.json	data_local/sources/jbrs_canonical_pdfs/1941-s-criticism-is-bound-suffer-reviews.pdf	deferred_outside_phase1_scope	
311050-90cc9eb27752	311050.pdf	Burmese/Burma JBRS/1941/311050.pdf	311050.pdf	data/working/ocr/jbrs/text/311050-90cc9eb27752.txt	data/working/ocr/jbrs/metadata/311050-90cc9eb27752.json		needs_manual_review	
311052-cd69bb9b6a58	311052.pdf	Burmese/Burma JBRS/1941/311052.pdf	1941-52-jour-burma-research-soc-correspondence.pdf	data/working/ocr/jbrs/text/1941-52-jour-burma-research-soc-correspondence.txt	data/working/ocr/jbrs/metadata/1941-52-jour-burma-research-soc-correspondence.json	data_local/sources/jbrs_canonical_pdfs/1941-52-jour-burma-research-soc-correspondence.pdf	deferred_outside_phase1_scope	
311052a-fa9225c9f679	311052a.pdf	Burmese/Burma JBRS/1941/311052a.pdf	1941-jour-burma-research-soc-to.pdf	data/working/ocr/jbrs/text/1941-jour-burma-research-soc-to.txt	data/working/ocr/jbrs/metadata/1941-jour-burma-research-soc-to.json	data_local/sources/jbrs_canonical_pdfs/1941-jour-burma-research-soc-to.pdf	deferred_outside_phase1_scope	
312053-e071b4316cf7	312053.pdf	Burmese/Burma JBRS/JBRS Originals/312053.pdf	1941-some-stone-bronze-implements-from-the-triangle.pdf	data/working/ocr/jbrs/text/1941-some-stone-bronze-implements-from-the-triangle.txt	data/working/ocr/jbrs/metadata/1941-some-stone-bronze-implements-from-the-triangle.json	data_local/sources/jbrs_canonical_pdfs/1941-some-stone-bronze-implements-from-the-triangle.pdf	deferred_outside_phase1_scope	
312080-2961d384f5be	312080.pdf	Burmese/Burma JBRS/1941/312080.pdf	1941-pacification-upper-burma-a-vernacular-history.pdf	data/working/ocr/jbrs/text/1941-pacification-upper-burma-a-vernacular-history.txt	data/working/ocr/jbrs/metadata/1941-pacification-upper-burma-a-vernacular-history.json	data_local/sources/jbrs_canonical_pdfs/1941-pacification-upper-burma-a-vernacular-history.pdf	deferred_outside_phase1_scope	
312137-a6bd0ac693c1	312137.pdf	Burmese/Burma JBRS/1941/312137.pdf	1941-recordings-burmese-classical-music-these-are-times-which-impermanence.pdf	data/working/ocr/jbrs/text/1941-recordings-burmese-classical-music-these-are-times-which-impermanence.txt	data/working/ocr/jbrs/metadata/1941-recordings-burmese-classical-music-these-are-times-which-impermanence.json	data_local/sources/jbrs_canonical_pdfs/1941-recordings-burmese-classical-music-these-are-times-which-impermanence.pdf	deferred_outside_phase1_scope	
321001-a4fadee328a6	321001.pdf	Burmese/Burma JBRS/1948/321001.pdf	321001.pdf	data/working/ocr/jbrs/text/321001-a4fadee328a6.txt	data/working/ocr/jbrs/metadata/321001-a4fadee328a6.json		needs_manual_review	
321010-82d42e4676c5	321010.pdf	Burmese/Burma JBRS/1948/321010.pdf	321010.pdf	data/working/ocr/jbrs/text/321010-82d42e4676c5.txt	data/working/ocr/jbrs/metadata/321010-82d42e4676c5.json		needs_manual_review	
321041-28599b73662a	321041.pdf	Burmese/Burma JBRS/1948/321041.pdf	321041.pdf	data/working/ocr/jbrs/text/321041-28599b73662a.txt	data/working/ocr/jbrs/metadata/321041-28599b73662a.json		needs_manual_review	
321052-00fca360f449	321052.pdf	Burmese/Burma JBRS/JBRS Originals/321052.pdf	321052.pdf	data/working/ocr/jbrs/text/321052-00fca360f449.txt	data/working/ocr/jbrs/metadata/321052-00fca360f449.json		needs_manual_review	
321062-d4863629104f	321062.pdf	Burmese/Burma JBRS/1948/321062.pdf	1948-curiosities-burmese-language-1-following-phenomena-can-be-m-p-h.pdf	data/working/ocr/jbrs/text/1948-curiosities-burmese-language-1-following-phenomena-can-be-m-p-h.txt	data/working/ocr/jbrs/metadata/1948-curiosities-burmese-language-1-following-phenomena-can-be-m-p-h.json	data_local/sources/jbrs_canonical_pdfs/1948-curiosities-burmese-language-1-following-phenomena-can-be-m-p-h.pdf	deferred_outside_phase1_scope	
321073-24e98869573f	321073.pdf	Burmese/Burma JBRS/1948/321073.pdf	1948-pasteurellosis-burma-the-position-of.pdf	data/working/ocr/jbrs/text/1948-pasteurellosis-burma-the-position-of.txt	data/working/ocr/jbrs/metadata/1948-pasteurellosis-burma-the-position-of.json	data_local/sources/jbrs_canonical_pdfs/1948-pasteurellosis-burma-the-position-of.pdf	deferred_outside_phase1_scope	
321077-cb55ddf65f4d	321077.pdf	Burmese/Burma JBRS/1948/321077.pdf	1948-1475-d-two-ships-were-sent-king-pegu-the-junk-in-pali.pdf	data/working/ocr/jbrs/text/1948-1475-d-two-ships-were-sent-king-pegu-the-junk-in-pali.txt	data/working/ocr/jbrs/metadata/1948-1475-d-two-ships-were-sent-king-pegu-the-junk-in-pali.json	data_local/sources/jbrs_canonical_pdfs/1948-1475-d-two-ships-were-sent-king-pegu-the-junk-in-pali.pdf	deferred_outside_phase1_scope	
321079-886d98b46919	321079.pdf	Burmese/Burma JBRS/JBRS Originals/321079.pdf	321079.pdf	data/working/ocr/jbrs/text/321079-886d98b46919.txt	data/working/ocr/jbrs/metadata/321079-886d98b46919.json		needs_manual_review	
321095-501d494b3723	321095.pdf	Burmese/Burma JBRS/1948/321095.pdf	321095.pdf	data/working/ocr/jbrs/text/321095-501d494b3723.txt	data/working/ocr/jbrs/metadata/321095-501d494b3723.json		needs_manual_review	
331001-ecb9511e6d50	331001.pdf	Burmese/Burma JBRS/JBRS Originals/331001.pdf	1950-dawn-nationalism-burma-looking-through-some-old-papers-may-oung.pdf	data/working/ocr/jbrs/text/1950-dawn-nationalism-burma-looking-through-some-old-papers-may-oung.txt	data/working/ocr/jbrs/metadata/1950-dawn-nationalism-burma-looking-through-some-old-papers-may-oung.json	data_local/sources/jbrs_canonical_pdfs/1950-dawn-nationalism-burma-looking-through-some-old-papers-may-oung.pdf	deferred_outside_phase1_scope	
331008-95e52f4c637f	331008.pdf	Burmese/Burma JBRS/JBRS Originals/331008.pdf	1950-1-80-dice-vidhura-jataka-by.pdf	data/working/ocr/jbrs/text/1950-1-80-dice-vidhura-jataka-by.txt	data/working/ocr/jbrs/metadata/1950-1-80-dice-vidhura-jataka-by.json	data_local/sources/jbrs_canonical_pdfs/1950-1-80-dice-vidhura-jataka-by.pdf	deferred_outside_phase1_scope	
331027-49eaa1562e01	331027.pdf	Burmese/Burma JBRS/1950/331027.pdf	1950-did-shin-silavamsa-ever-write-27-poem-burmese-by.pdf	data/working/ocr/jbrs/text/1950-did-shin-silavamsa-ever-write-27-poem-burmese-by.txt	data/working/ocr/jbrs/metadata/1950-did-shin-silavamsa-ever-write-27-poem-burmese-by.json	data_local/sources/jbrs_canonical_pdfs/1950-did-shin-silavamsa-ever-write-27-poem-burmese-by.pdf	deferred_outside_phase1_scope	
331039-f3773f1521d9	331039.pdf	Burmese/Burma JBRS/JBRS Originals/331039.pdf	331039.pdf	data/working/ocr/jbrs/text/331039-f3773f1521d9.txt	data/working/ocr/jbrs/metadata/331039-f3773f1521d9.json		needs_manual_review	
331059-e67f16a2e05f	331059.pdf	Burmese/Burma JBRS/JBRS Originals/331059.pdf	331059.pdf	data/working/ocr/jbrs/text/331059-e67f16a2e05f.txt	data/working/ocr/jbrs/metadata/331059-e67f16a2e05f.json		needs_manual_review	
331089-f19d232f1c29	331089.pdf	Burmese/Burma JBRS/1950/331089.pdf	1950-69-89-dr-j-stewart-c-i-e-j-a-stewart.pdf	data/working/ocr/jbrs/text/1950-69-89-dr-j-stewart-c-i-e-j-a-stewart.txt	data/working/ocr/jbrs/metadata/1950-69-89-dr-j-stewart-c-i-e-j-a-stewart.json	data_local/sources/jbrs_canonical_pdfs/1950-69-89-dr-j-stewart-c-i-e-j-a-stewart.pdf	deferred_outside_phase1_scope	
331095-7f752c3a8359	331095.pdf	Burmese/Burma JBRS/1950/331095.pdf	1950-95-book-review-old-moulmein-875-r-r-book-review.pdf	data/working/ocr/jbrs/text/1950-95-book-review-old-moulmein-875-r-r-book-review.txt	data/working/ocr/jbrs/metadata/1950-95-book-review-old-moulmein-875-r-r-book-review.json	data_local/sources/jbrs_canonical_pdfs/1950-95-book-review-old-moulmein-875-r-r-book-review.pdf	deferred_outside_phase1_scope	
332099-cda4f66f6999	332099.pdf	Burmese/Burma JBRS/JBRS Originals/332099.pdf	1950-burma-museum-draft-scheme-for.pdf	data/working/ocr/jbrs/text/1950-burma-museum-draft-scheme-for.txt	data/working/ocr/jbrs/metadata/1950-burma-museum-draft-scheme-for.json	data_local/sources/jbrs_canonical_pdfs/1950-burma-museum-draft-scheme-for.pdf	deferred_outside_phase1_scope	
332131-15ea7f920879	332131.pdf	Burmese/Burma JBRS/1950/332131.pdf	1950-key-trees-shrubs-the-university-estate-rangoon.pdf	data/working/ocr/jbrs/text/1950-key-trees-shrubs-the-university-estate-rangoon.txt	data/working/ocr/jbrs/metadata/1950-key-trees-shrubs-the-university-estate-rangoon.json	data_local/sources/jbrs_canonical_pdfs/1950-key-trees-shrubs-the-university-estate-rangoon.pdf	deferred_outside_phase1_scope	
332169-4a3408eb0235	332169.pdf	Burmese/Burma JBRS/1950/332169.pdf	1950-twenty-burmese-songs-translations-and-notes.pdf	data/working/ocr/jbrs/text/1950-twenty-burmese-songs-translations-and-notes.txt	data/working/ocr/jbrs/metadata/1950-twenty-burmese-songs-translations-and-notes.json	data_local/sources/jbrs_canonical_pdfs/1950-twenty-burmese-songs-translations-and-notes.pdf	renamed_in_repo	
332224-6c9c5f540ee5	332224.pdf	Burmese/Burma JBRS/1950/332224.pdf	1950-224-notes-burmese-manuscript-books.pdf	data/working/ocr/jbrs/text/1950-224-notes-burmese-manuscript-books.txt	data/working/ocr/jbrs/metadata/1950-224-notes-burmese-manuscript-books.json	data_local/sources/jbrs_canonical_pdfs/1950-224-notes-burmese-manuscript-books.pdf	deferred_outside_phase1_scope	
332230-7ac3ea2a8e71	332230.pdf	Burmese/Burma JBRS/JBRS Originals/332230.pdf	332230.pdf	data/working/ocr/jbrs/text/332230-7ac3ea2a8e71.txt	data/working/ocr/jbrs/metadata/332230-7ac3ea2a8e71.json		needs_manual_review	
332260-64a0400cabd4	332260.pdf	Burmese/Burma JBRS/JBRS Originals/332260.pdf	1950-untitled-jisc.pdf	data/working/ocr/jbrs/text/1950-untitled-jisc.txt	data/working/ocr/jbrs/metadata/1950-untitled-jisc.json	data_local/sources/jbrs_canonical_pdfs/1950-untitled-jisc.pdf	deferred_outside_phase1_scope	
332263-2072f8dbbcad	332263.pdf	Burmese/Burma JBRS/1950/332263.pdf	1950-theravada-buddhism-burma-book-review.pdf	data/working/ocr/jbrs/text/1950-theravada-buddhism-burma-book-review.txt	data/working/ocr/jbrs/metadata/1950-theravada-buddhism-burma-book-review.json	data_local/sources/jbrs_canonical_pdfs/1950-theravada-buddhism-burma-book-review.pdf	deferred_outside_phase1_scope	
341001-e4f66b0df799	341001.pdf	Burmese/Burma JBRS/1951/341001.pdf	1951-arly-burmese-law-e.pdf	data/working/ocr/jbrs/text/1951-arly-burmese-law-e.txt	data/working/ocr/jbrs/metadata/1951-arly-burmese-law-e.json	data_local/sources/jbrs_canonical_pdfs/1951-arly-burmese-law-e.pdf	deferred_outside_phase1_scope	
341007-b2b1b5272469	341007.pdf	Burmese/Burma JBRS/1951/341007.pdf	1951-place-anthropology-among-social-studies-burma-by.pdf	data/working/ocr/jbrs/text/1951-place-anthropology-among-social-studies-burma-by.txt	data/working/ocr/jbrs/metadata/1951-place-anthropology-among-social-studies-burma-by.json	data_local/sources/jbrs_canonical_pdfs/1951-place-anthropology-among-social-studies-burma-by.pdf	deferred_outside_phase1_scope	
341040-eb0600afb24a	341040.pdf	Burmese/Burma JBRS/1951/341040.pdf	1951-burmese-syntax-reviews-of-books.pdf	data/working/ocr/jbrs/text/1951-burmese-syntax-reviews-of-books.txt	data/working/ocr/jbrs/metadata/1951-burmese-syntax-reviews-of-books.json	data_local/sources/jbrs_canonical_pdfs/1951-burmese-syntax-reviews-of-books.pdf	deferred_outside_phase1_scope	
341042-ad87a6395ccf	341042.pdf	Burmese/Burma JBRS/JBRS Originals/341042.pdf	1951-university-english-burmese-dictionary-by.pdf	data/working/ocr/jbrs/text/1951-university-english-burmese-dictionary-by.txt	data/working/ocr/jbrs/metadata/1951-university-english-burmese-dictionary-by.json	data_local/sources/jbrs_canonical_pdfs/1951-university-english-burmese-dictionary-by.pdf	deferred_outside_phase1_scope	
341047-47650cdbca6b	341047.pdf	Burmese/Burma JBRS/1951/341047.pdf	1951-47-1-reviews-of-books.pdf	data/working/ocr/jbrs/text/1951-47-1-reviews-of-books.txt	data/working/ocr/jbrs/metadata/1951-47-1-reviews-of-books.json	data_local/sources/jbrs_canonical_pdfs/1951-47-1-reviews-of-books.pdf	deferred_outside_phase1_scope	
351001-47a8eb4f50da	351001.pdf	Burmese/Burma JBRS/JBRS Originals/351001.pdf	1952-1-introductory.pdf	data/working/ocr/jbrs/text/1952-1-introductory.txt	data/working/ocr/jbrs/metadata/1952-1-introductory.json	data_local/sources/jbrs_canonical_pdfs/1952-1-introductory.pdf	deferred_outside_phase1_scope	
361001-3f757fcf383b	361001.pdf	Burmese/Burma JBRS/JBRS Originals/361001.pdf	1953-mons-pagan-dynasty-scan-2.pdf	data/working/ocr/jbrs/text/1953-mons-pagan-dynasty-scan-2.txt	data/working/ocr/jbrs/metadata/1953-mons-pagan-dynasty-scan-2.json	data_local/sources/jbrs_canonical_pdfs/1953-mons-pagan-dynasty-scan-2.pdf	deferred_outside_phase1_scope	collision_with=1953-mons-pagan-dynasty
361021-54644d3a17b0	361021.pdf	Burmese/Burma JBRS/JBRS Originals/361021.pdf	361021.pdf	data/working/ocr/jbrs/text/361021-54644d3a17b0.txt	data/working/ocr/jbrs/metadata/361021-54644d3a17b0.json		needs_manual_review	
361021-7307e338e8e2	361021.pdf	Burmese/Burma JBRS/1953/361021.pdf	1953-pansy-yang-mya-mya-thein-2-the-grasses-of-rangoon.pdf	data/working/ocr/jbrs/text/1953-pansy-yang-mya-mya-thein-2-the-grasses-of-rangoon.txt	data/working/ocr/jbrs/metadata/1953-pansy-yang-mya-mya-thein-2-the-grasses-of-rangoon.json	data_local/sources/jbrs_canonical_pdfs/1953-pansy-yang-mya-mya-thein-2-the-grasses-of-rangoon.pdf	deferred_outside_phase1_scope	
361060-b95d896aea97	361060.pdf	Burmese/Burma JBRS/1953/361060.pdf	1953-tekkatho-cultural-institute-j-s-ludu.pdf	data/working/ocr/jbrs/text/1953-tekkatho-cultural-institute-j-s-ludu.txt	data/working/ocr/jbrs/metadata/1953-tekkatho-cultural-institute-j-s-ludu.json	data_local/sources/jbrs_canonical_pdfs/1953-tekkatho-cultural-institute-j-s-ludu.pdf	renamed_in_repo	
361077-f1d3d06ec5f6	361077.pdf	Burmese/Burma JBRS/JBRS Originals/361077.pdf	1953-burmese-initiation-ceremonies-scan-2.pdf	data/working/ocr/jbrs/text/1953-burmese-initiation-ceremonies-scan-2.txt	data/working/ocr/jbrs/metadata/1953-burmese-initiation-ceremonies-scan-2.json	data_local/sources/jbrs_canonical_pdfs/1953-burmese-initiation-ceremonies-scan-2.pdf	deferred_outside_phase1_scope	duplicate_of=1953-initiationceremonies-maunghtinaung1953-pdf; collision_with=1953-burmese-initiation-ceremonies
361088-554636491ab5	361088.pdf	Burmese/Burma JBRS/1953/361088.pdf	1953-88-book-review-t-ht-book-review.pdf	data/working/ocr/jbrs/text/1953-88-book-review-t-ht-book-review.txt	data/working/ocr/jbrs/metadata/1953-88-book-review-t-ht-book-review.json	data_local/sources/jbrs_canonical_pdfs/1953-88-book-review-t-ht-book-review.pdf	deferred_outside_phase1_scope	
361089-9d355999c3e7	361089.pdf	Burmese/Burma JBRS/1953/361089.pdf	361089.pdf	data/working/ocr/jbrs/text/361089-9d355999c3e7.txt	data/working/ocr/jbrs/metadata/361089-9d355999c3e7.json		needs_manual_review	
361105-7c3ae62c63cf	361105.pdf	Burmese/Burma JBRS/1953/361105.pdf	1953-66-two-years-i-have-had-honour-being-to-the-younger.pdf	data/working/ocr/jbrs/text/1953-66-two-years-i-have-had-honour-being-to-the-younger.txt	data/working/ocr/jbrs/metadata/1953-66-two-years-i-have-had-honour-being-to-the-younger.json	data_local/sources/jbrs_canonical_pdfs/1953-66-two-years-i-have-had-honour-being-to-the-younger.pdf	deferred_outside_phase1_scope	
362001-0a153e545a4a	362001.pdf	Burmese/Burma JBRS/1953/362001.pdf	1953-ferns-fern-allies-rangoon-insein-area.pdf	data/working/ocr/jbrs/text/1953-ferns-fern-allies-rangoon-insein-area.txt	data/working/ocr/jbrs/metadata/1953-ferns-fern-allies-rangoon-insein-area.json	data_local/sources/jbrs_canonical_pdfs/1953-ferns-fern-allies-rangoon-insein-area.pdf	deferred_outside_phase1_scope	
362071-c7c653a0c4bd	362071.pdf	Burmese/Burma JBRS/1953/362071.pdf	1953-importance-scientific-research-burma-by.pdf	data/working/ocr/jbrs/text/1953-importance-scientific-research-burma-by.txt	data/working/ocr/jbrs/metadata/1953-importance-scientific-research-burma-by.json	data_local/sources/jbrs_canonical_pdfs/1953-importance-scientific-research-burma-by.pdf	deferred_outside_phase1_scope	
362071-d4bf7e7fb62b	362071.pdf	Burmese/Burma JBRS/JBRS Originals/362071.pdf	362071.pdf	data/working/ocr/jbrs/text/362071-d4bf7e7fb62b.txt	data/working/ocr/jbrs/metadata/362071-d4bf7e7fb62b.json		needs_manual_review	
362083-50fdb17371ee	362083.pdf	Burmese/Burma JBRS/JBRS Originals/362083.pdf	1953-83-burmese-alchemy-beliefs-by.pdf	data/working/ocr/jbrs/text/1953-83-burmese-alchemy-beliefs-by.txt	data/working/ocr/jbrs/metadata/1953-83-burmese-alchemy-beliefs-by.json	data_local/sources/jbrs_canonical_pdfs/1953-83-burmese-alchemy-beliefs-by.pdf	deferred_outside_phase1_scope	
371001-23c0ebc8f542	371001.pdf	Burmese/Burma JBRS/1954/371001.pdf	1954-life-history-dermogenys-pusillus-kuhl-van-hasselt-inya-by.pdf	data/working/ocr/jbrs/text/1954-life-history-dermogenys-pusillus-kuhl-van-hasselt-inya-by.txt	data/working/ocr/jbrs/metadata/1954-life-history-dermogenys-pusillus-kuhl-van-hasselt-inya-by.json	data_local/sources/jbrs_canonical_pdfs/1954-life-history-dermogenys-pusillus-kuhl-van-hasselt-inya-by.pdf	deferred_outside_phase1_scope	
371021-9855d837d910	371021.pdf	Burmese/Burma JBRS/1954/371021.pdf	1954-86-active-immunisation-against-pasteurella-septica-1-dr-active-immunisation-against-pasteurella.pdf	data/working/ocr/jbrs/text/1954-86-active-immunisation-against-pasteurella-septica-1-dr-active-immunisation-against-pasteurella.txt	data/working/ocr/jbrs/metadata/1954-86-active-immunisation-against-pasteurella-septica-1-dr-active-immunisation-against-pasteurella.json	data_local/sources/jbrs_canonical_pdfs/1954-86-active-immunisation-against-pasteurella-septica-1-dr-active-immunisation-against-pasteurella.pdf	deferred_outside_phase1_scope	
371035-f457476fe193	371035.pdf	Burmese/Burma JBRS/1954/371035.pdf	1954-interest-rates-asia-far-east-by.pdf	data/working/ocr/jbrs/text/1954-interest-rates-asia-far-east-by.txt	data/working/ocr/jbrs/metadata/1954-interest-rates-asia-far-east-by.json	data_local/sources/jbrs_canonical_pdfs/1954-interest-rates-asia-far-east-by.pdf	deferred_outside_phase1_scope	
371046-6b139e985ccd	371046.pdf	Burmese/Burma JBRS/1954/371046.pdf	1954-fisheries-burma-by.pdf	data/working/ocr/jbrs/text/1954-fisheries-burma-by.txt	data/working/ocr/jbrs/metadata/1954-fisheries-burma-by.json	data_local/sources/jbrs_canonical_pdfs/1954-fisheries-burma-by.pdf	deferred_outside_phase1_scope	
371052-1539615cfcaf	371052.pdf	Burmese/Burma JBRS/JBRS Originals/371052.pdf	1954-research-work-delta-kanazo-by.pdf	data/working/ocr/jbrs/text/1954-research-work-delta-kanazo-by.txt	data/working/ocr/jbrs/metadata/1954-research-work-delta-kanazo-by.json	data_local/sources/jbrs_canonical_pdfs/1954-research-work-delta-kanazo-by.pdf	deferred_outside_phase1_scope	
371059-cf5554e6a6eb	371059.pdf	Burmese/Burma JBRS/1954/371059.pdf	1954-outline-socialist-economy-for.pdf	data/working/ocr/jbrs/text/1954-outline-socialist-economy-for.txt	data/working/ocr/jbrs/metadata/1954-outline-socialist-economy-for.json	data_local/sources/jbrs_canonical_pdfs/1954-outline-socialist-economy-for.pdf	deferred_outside_phase1_scope	
371077-3baba3725cd4	371077.pdf	Burmese/Burma JBRS/JBRS Originals/371077.pdf	1954-application-radio-research-purposes-by.pdf	data/working/ocr/jbrs/text/1954-application-radio-research-purposes-by.txt	data/working/ocr/jbrs/metadata/1954-application-radio-research-purposes-by.json	data_local/sources/jbrs_canonical_pdfs/1954-application-radio-research-purposes-by.pdf	deferred_outside_phase1_scope	
371082-7a1c7ddce722	371082.pdf	Burmese/Burma JBRS/JBRS Originals/371082.pdf	371082.pdf	data/working/ocr/jbrs/text/371082-7a1c7ddce722.txt	data/working/ocr/jbrs/metadata/371082-7a1c7ddce722.json		needs_manual_review	
371082-c055e03037b8	371082.pdf	Burmese/Burma JBRS/1954/371082.pdf	1954-logic-inference-statistical-theory-by.pdf	data/working/ocr/jbrs/text/1954-logic-inference-statistical-theory-by.txt	data/working/ocr/jbrs/metadata/1954-logic-inference-statistical-theory-by.json	data_local/sources/jbrs_canonical_pdfs/1954-logic-inference-statistical-theory-by.pdf	deferred_outside_phase1_scope	
372001-6c092e5ef34b	372001.pdf	Burmese/Burma JBRS/JBRS Originals/372001.pdf	1954-nine-gods-1-by.pdf	data/working/ocr/jbrs/text/1954-nine-gods-1-by.txt	data/working/ocr/jbrs/metadata/1954-nine-gods-1-by.json	data_local/sources/jbrs_canonical_pdfs/1954-nine-gods-1-by.pdf	deferred_outside_phase1_scope	
372010-5fa5510c7396	372010.pdf	Burmese/Burma JBRS/1954/372010.pdf	1954-logical-empiricism-carvaka-buddhist-systems-philosophy-1-by.pdf	data/working/ocr/jbrs/text/1954-logical-empiricism-carvaka-buddhist-systems-philosophy-1-by.txt	data/working/ocr/jbrs/metadata/1954-logical-empiricism-carvaka-buddhist-systems-philosophy-1-by.json	data_local/sources/jbrs_canonical_pdfs/1954-logical-empiricism-carvaka-buddhist-systems-philosophy-1-by.pdf	deferred_outside_phase1_scope	
372017-30f88627481e	372017.pdf	Burmese/Burma JBRS/1954/372017.pdf	1954-clarification-critical-analysis-various-processes-involved-attainment-of-lokiyasamadhi.pdf	data/working/ocr/jbrs/text/1954-clarification-critical-analysis-various-processes-involved-attainment-of-lokiyasamadhi.txt	data/working/ocr/jbrs/metadata/1954-clarification-critical-analysis-various-processes-involved-attainment-of-lokiyasamadhi.json	data_local/sources/jbrs_canonical_pdfs/1954-clarification-critical-analysis-various-processes-involved-attainment-of-lokiyasamadhi.pdf	deferred_outside_phase1_scope	
372024-abd7fa351131	372024.pdf	Burmese/Burma JBRS/1954/372024.pdf	1954-marriage-burmese-muslim-community-1-by.pdf	data/working/ocr/jbrs/text/1954-marriage-burmese-muslim-community-1-by.txt	data/working/ocr/jbrs/metadata/1954-marriage-burmese-muslim-community-1-by.json	data_local/sources/jbrs_canonical_pdfs/1954-marriage-burmese-muslim-community-1-by.pdf	deferred_outside_phase1_scope	
372035-27aedd6f7119	372035.pdf	Burmese/Burma JBRS/1954/372035.pdf	1954-outlook-burma-s-balance-of-payments.pdf	data/working/ocr/jbrs/text/1954-outlook-burma-s-balance-of-payments.txt	data/working/ocr/jbrs/metadata/1954-outlook-burma-s-balance-of-payments.json	data_local/sources/jbrs_canonical_pdfs/1954-outlook-burma-s-balance-of-payments.pdf	deferred_outside_phase1_scope	
372041-8b43eae1f6d1	372041.pdf	Burmese/Burma JBRS/1954/372041.pdf	1954-synoptic-example-rainfall-central-burma-by.pdf	data/working/ocr/jbrs/text/1954-synoptic-example-rainfall-central-burma-by.txt	data/working/ocr/jbrs/metadata/1954-synoptic-example-rainfall-central-burma-by.json	data_local/sources/jbrs_canonical_pdfs/1954-synoptic-example-rainfall-central-burma-by.pdf	deferred_outside_phase1_scope	
372050-a9d3e366ac79	372050.pdf	Burmese/Burma JBRS/1954/372050.pdf	1954-u-hla-kyaw-b-sc-ph-d-m-passive-immunisation-against.pdf	data/working/ocr/jbrs/text/1954-u-hla-kyaw-b-sc-ph-d-m-passive-immunisation-against.txt	data/working/ocr/jbrs/metadata/1954-u-hla-kyaw-b-sc-ph-d-m-passive-immunisation-against.json	data_local/sources/jbrs_canonical_pdfs/1954-u-hla-kyaw-b-sc-ph-d-m-passive-immunisation-against.pdf	deferred_outside_phase1_scope	
372063-7caa24857672	372063.pdf	Burmese/Burma JBRS/1954/372063.pdf	1954-germination-onion-seed-1-by.pdf	data/working/ocr/jbrs/text/1954-germination-onion-seed-1-by.txt	data/working/ocr/jbrs/metadata/1954-germination-onion-seed-1-by.json	data_local/sources/jbrs_canonical_pdfs/1954-germination-onion-seed-1-by.pdf	deferred_outside_phase1_scope	
381001-981308ccd57d	381001.pdf	Burmese/Burma JBRS/1955/381001.pdf	1955-trace-element-research-31-2-richard-carrigan-ph-trace-element-research.pdf	data/working/ocr/jbrs/text/1955-trace-element-research-31-2-richard-carrigan-ph-trace-element-research.txt	data/working/ocr/jbrs/metadata/1955-trace-element-research-31-2-richard-carrigan-ph-trace-element-research.json	data_local/sources/jbrs_canonical_pdfs/1955-trace-element-research-31-2-richard-carrigan-ph-trace-element-research.pdf	deferred_outside_phase1_scope	
381013-2d12cce319ad	381013.pdf	Burmese/Burma JBRS/1955/381013.pdf	1955-nodular-s-g-by.pdf	data/working/ocr/jbrs/text/1955-nodular-s-g-by.txt	data/working/ocr/jbrs/metadata/1955-nodular-s-g-by.json	data_local/sources/jbrs_canonical_pdfs/1955-nodular-s-g-by.pdf	deferred_outside_phase1_scope	
381023-97e6eaeac58d	381023.pdf	Burmese/Burma JBRS/1955/381023.pdf	1955-tensiometer-studies-mandalay-soil-by.pdf	data/working/ocr/jbrs/text/1955-tensiometer-studies-mandalay-soil-by.txt	data/working/ocr/jbrs/metadata/1955-tensiometer-studies-mandalay-soil-by.json	data_local/sources/jbrs_canonical_pdfs/1955-tensiometer-studies-mandalay-soil-by.pdf	deferred_outside_phase1_scope	
381029-af341846ee86	381029.pdf	Burmese/Burma JBRS/1955/381029.pdf	1955-frogs-toads-rangoon.pdf	data/working/ocr/jbrs/text/1955-frogs-toads-rangoon.txt	data/working/ocr/jbrs/metadata/1955-frogs-toads-rangoon.json	data_local/sources/jbrs_canonical_pdfs/1955-frogs-toads-rangoon.pdf	deferred_outside_phase1_scope	
381052-43be81752beb	381052.pdf	Burmese/Burma JBRS/1955/381052.pdf	1955-seasonal-fluctuations-burmese-economy.pdf	data/working/ocr/jbrs/text/1955-seasonal-fluctuations-burmese-economy.txt	data/working/ocr/jbrs/metadata/1955-seasonal-fluctuations-burmese-economy.json	data_local/sources/jbrs_canonical_pdfs/1955-seasonal-fluctuations-burmese-economy.pdf	deferred_outside_phase1_scope	
381066-13a837c2022b	381066.pdf	Burmese/Burma JBRS/1955/381066.pdf	1955-theory-rate-interest-burmese-economy-by.pdf	data/working/ocr/jbrs/text/1955-theory-rate-interest-burmese-economy-by.txt	data/working/ocr/jbrs/metadata/1955-theory-rate-interest-burmese-economy-by.json	data_local/sources/jbrs_canonical_pdfs/1955-theory-rate-interest-burmese-economy-by.pdf	deferred_outside_phase1_scope	
381075-4bcbf758db86	381075.pdf	Burmese/Burma JBRS/JBRS Originals/381075.pdf	1955-lord-great-mountain-by.pdf	data/working/ocr/jbrs/text/1955-lord-great-mountain-by.txt	data/working/ocr/jbrs/metadata/1955-lord-great-mountain-by.json	data_local/sources/jbrs_canonical_pdfs/1955-lord-great-mountain-by.pdf	deferred_outside_phase1_scope	
381083-12d7f0794499	381083.pdf	Burmese/Burma JBRS/JBRS Originals/381083.pdf	381083.pdf	data/working/ocr/jbrs/text/381083-12d7f0794499.txt	data/working/ocr/jbrs/metadata/381083-12d7f0794499.json		needs_manual_review	
381083-9f43bd117da9	381083.pdf	Burmese/Burma JBRS/1955/381083.pdf	1955-microscopic-study-burmese-timbers-maceration-method.pdf	data/working/ocr/jbrs/text/1955-microscopic-study-burmese-timbers-maceration-method.txt	data/working/ocr/jbrs/metadata/1955-microscopic-study-burmese-timbers-maceration-method.json	data_local/sources/jbrs_canonical_pdfs/1955-microscopic-study-burmese-timbers-maceration-method.pdf	deferred_outside_phase1_scope	
381107-74d2f1eb7684	381107.pdf	Burmese/Burma JBRS/JBRS Originals/381107.pdf	1955-new-solar-cooker-utilisation-solar-energy-burma-by.pdf	data/working/ocr/jbrs/text/1955-new-solar-cooker-utilisation-solar-energy-burma-by.txt	data/working/ocr/jbrs/metadata/1955-new-solar-cooker-utilisation-solar-energy-burma-by.json	data_local/sources/jbrs_canonical_pdfs/1955-new-solar-cooker-utilisation-solar-energy-burma-by.pdf	deferred_outside_phase1_scope	
382121-d7da783545d1	382121.pdf	Burmese/Burma JBRS/JBRS Originals/382121.pdf	1955-our-wars-burmese-by-scan-2.pdf	data/working/ocr/jbrs/text/1955-our-wars-burmese-by-scan-2.txt	data/working/ocr/jbrs/metadata/1955-our-wars-burmese-by-scan-2.json	data_local/sources/jbrs_canonical_pdfs/1955-our-wars-burmese-by-scan-2.pdf	renamed_in_repo	collision_with=1955-our-wars-burmese-by
391001-dd3694550859	391001.pdf	Burmese/Burma JBRS/1956/391001.pdf	1956-transportation-burma-during-japanese-occupation.pdf	data/working/ocr/jbrs/text/1956-transportation-burma-during-japanese-occupation.txt	data/working/ocr/jbrs/metadata/1956-transportation-burma-during-japanese-occupation.json	data_local/sources/jbrs_canonical_pdfs/1956-transportation-burma-during-japanese-occupation.pdf	deferred_outside_phase1_scope	
391018-e64dd8213ed7	391018.pdf	Burmese/Burma JBRS/1956/391018.pdf	1956-policy-highway-transport-burma-by.pdf	data/working/ocr/jbrs/text/1956-policy-highway-transport-burma-by.txt	data/working/ocr/jbrs/metadata/1956-policy-highway-transport-burma-by.json	data_local/sources/jbrs_canonical_pdfs/1956-policy-highway-transport-burma-by.pdf	deferred_outside_phase1_scope	
391033-1a470627fc3f	391033.pdf	Burmese/Burma JBRS/1956/391033.pdf	1956-u-thein-nyun-u-than-nyun-daw-than-rice-starch-processing.pdf	data/working/ocr/jbrs/text/1956-u-thein-nyun-u-than-nyun-daw-than-rice-starch-processing.txt	data/working/ocr/jbrs/metadata/1956-u-thein-nyun-u-than-nyun-daw-than-rice-starch-processing.json	data_local/sources/jbrs_canonical_pdfs/1956-u-thein-nyun-u-than-nyun-daw-than-rice-starch-processing.pdf	deferred_outside_phase1_scope	
391041-ba78a32dee64	391041.pdf	Burmese/Burma JBRS/1956/391041.pdf	1956-psychological-problems-related-maze-learning.pdf	data/working/ocr/jbrs/text/1956-psychological-problems-related-maze-learning.txt	data/working/ocr/jbrs/metadata/1956-psychological-problems-related-maze-learning.json	data_local/sources/jbrs_canonical_pdfs/1956-psychological-problems-related-maze-learning.pdf	deferred_outside_phase1_scope	
391058-4ab23dde16bd	391058.pdf	Burmese/Burma JBRS/JBRS Originals/391058.pdf	1956-manufacture-umbrella-ribs-by.pdf	data/working/ocr/jbrs/text/1956-manufacture-umbrella-ribs-by.txt	data/working/ocr/jbrs/metadata/1956-manufacture-umbrella-ribs-by.json	data_local/sources/jbrs_canonical_pdfs/1956-manufacture-umbrella-ribs-by.pdf	deferred_outside_phase1_scope	
391071-8a79070b5eb6	391071.pdf	Burmese/Burma JBRS/JBRS Originals/391071.pdf	1956-use-new-type-multivibrator-for-radioactivity-detectors.pdf	data/working/ocr/jbrs/text/1956-use-new-type-multivibrator-for-radioactivity-detectors.txt	data/working/ocr/jbrs/metadata/1956-use-new-type-multivibrator-for-radioactivity-detectors.json	data_local/sources/jbrs_canonical_pdfs/1956-use-new-type-multivibrator-for-radioactivity-detectors.pdf	deferred_outside_phase1_scope	
391081-de79c473186c	391081.pdf	Burmese/Burma JBRS/JBRS Originals/391081.pdf	1956-maung-htin-aung-2-my-paper-lord-great-the-thirty-seven-lords.pdf	data/working/ocr/jbrs/text/1956-maung-htin-aung-2-my-paper-lord-great-the-thirty-seven-lords.txt	data/working/ocr/jbrs/metadata/1956-maung-htin-aung-2-my-paper-lord-great-the-thirty-seven-lords.json	data_local/sources/jbrs_canonical_pdfs/1956-maung-htin-aung-2-my-paper-lord-great-the-thirty-seven-lords.pdf	deferred_outside_phase1_scope	
391101-194f388844aa	391101.pdf	Burmese/Burma JBRS/1956/391101.pdf	1956-general-structure-languages-spoken-burma-by.pdf	data/working/ocr/jbrs/text/1956-general-structure-languages-spoken-burma-by.txt	data/working/ocr/jbrs/metadata/1956-general-structure-languages-spoken-burma-by.json	data_local/sources/jbrs_canonical_pdfs/1956-general-structure-languages-spoken-burma-by.pdf	deferred_outside_phase1_scope	
392127-59ce2a1b8ccc	392127.pdf	Burmese/Burma JBRS/1956/392127.pdf	1956-untitled-research-on-communication-through.pdf	data/working/ocr/jbrs/text/1956-untitled-research-on-communication-through.txt	data/working/ocr/jbrs/metadata/1956-untitled-research-on-communication-through.json	data_local/sources/jbrs_canonical_pdfs/1956-untitled-research-on-communication-through.pdf	deferred_outside_phase1_scope	
392159-e73aadff7c58	392159.pdf	Burmese/Burma JBRS/JBRS Originals/392159.pdf	1956-account-ethnographical-linguistic-survey-burma-by-scan-2.pdf	data/working/ocr/jbrs/text/1956-account-ethnographical-linguistic-survey-burma-by-scan-2.txt	data/working/ocr/jbrs/metadata/1956-account-ethnographical-linguistic-survey-burma-by-scan-2.json	data_local/sources/jbrs_canonical_pdfs/1956-account-ethnographical-linguistic-survey-burma-by-scan-2.pdf	deferred_outside_phase1_scope	duplicate_of=ethnographiclinguisticsurvey_taylor1956-b1fad00a1f88; collision_with=1956-account-ethnographical-linguistic-survey-burma-by
392176-e94a8ecfbe9a	392176.pdf	Burmese/Burma JBRS/1956/392176.pdf	1956-some-problems-lexicographer-burmese-by.pdf	data/working/ocr/jbrs/text/1956-some-problems-lexicographer-burmese-by.txt	data/working/ocr/jbrs/metadata/1956-some-problems-lexicographer-burmese-by.json	data_local/sources/jbrs_canonical_pdfs/1956-some-problems-lexicographer-burmese-by.pdf	deferred_outside_phase1_scope	
392182-6b2d83b08dfa	392182.pdf	Burmese/Burma JBRS/JBRS Originals/392182.pdf	1956-some-place-names-burma-by.pdf	data/working/ocr/jbrs/text/1956-some-place-names-burma-by.txt	data/working/ocr/jbrs/metadata/1956-some-place-names-burma-by.json	data_local/sources/jbrs_canonical_pdfs/1956-some-place-names-burma-by.pdf	deferred_outside_phase1_scope	
392193-fe1500cb4f19	392193.pdf	Burmese/Burma JBRS/1956/392193.pdf	1956-some-features-burmese-language-by.pdf	data/working/ocr/jbrs/text/1956-some-features-burmese-language-by.txt	data/working/ocr/jbrs/metadata/1956-some-features-burmese-language-by.json	data_local/sources/jbrs_canonical_pdfs/1956-some-features-burmese-language-by.pdf	deferred_outside_phase1_scope	
392203-39148e0d70e7	392203.pdf	Burmese/Burma JBRS/1956/392203.pdf	1956-seasonal-fluctuations-burmese-economy-miscellanea.pdf	data/working/ocr/jbrs/text/1956-seasonal-fluctuations-burmese-economy-miscellanea.txt	data/working/ocr/jbrs/metadata/1956-seasonal-fluctuations-burmese-economy-miscellanea.json	data_local/sources/jbrs_canonical_pdfs/1956-seasonal-fluctuations-burmese-economy-miscellanea.pdf	deferred_outside_phase1_scope	
392206-3aebf9e12621	392206.pdf	Burmese/Burma JBRS/1956/392206.pdf	1956-seasonal-fluctuations-burmese-economy-a-reply.pdf	data/working/ocr/jbrs/text/1956-seasonal-fluctuations-burmese-economy-a-reply.txt	data/working/ocr/jbrs/metadata/1956-seasonal-fluctuations-burmese-economy-a-reply.json	data_local/sources/jbrs_canonical_pdfs/1956-seasonal-fluctuations-burmese-economy-a-reply.pdf	deferred_outside_phase1_scope	
392208-f7754516de0b	392208.pdf	Burmese/Burma JBRS/1956/392208.pdf	1956-ferns-fern-allies-rangoon-insein-area-an-addenda.pdf	data/working/ocr/jbrs/text/1956-ferns-fern-allies-rangoon-insein-area-an-addenda.txt	data/working/ocr/jbrs/metadata/1956-ferns-fern-allies-rangoon-insein-area-an-addenda.json	data_local/sources/jbrs_canonical_pdfs/1956-ferns-fern-allies-rangoon-insein-area-an-addenda.pdf	deferred_outside_phase1_scope	
392213-4fb885219b29	392213.pdf	Burmese/Burma JBRS/1956/392213.pdf	1956-ko-ko-lay-1-my-attention-was-drawn-the-eradication-of-ficus.pdf	data/working/ocr/jbrs/text/1956-ko-ko-lay-1-my-attention-was-drawn-the-eradication-of-ficus.txt	data/working/ocr/jbrs/metadata/1956-ko-ko-lay-1-my-attention-was-drawn-the-eradication-of-ficus.json	data_local/sources/jbrs_canonical_pdfs/1956-ko-ko-lay-1-my-attention-was-drawn-the-eradication-of-ficus.pdf	deferred_outside_phase1_scope	
401001-97d63da221a0	401001.pdf	Burmese/Burma JBRS/1957/401001.pdf	1957-3-burmese-riddles-by.pdf	data/working/ocr/jbrs/text/1957-3-burmese-riddles-by.txt	data/working/ocr/jbrs/metadata/1957-3-burmese-riddles-by.json	data_local/sources/jbrs_canonical_pdfs/1957-3-burmese-riddles-by.pdf	deferred_outside_phase1_scope	
401014-4899d1b881e7	401014.pdf	Burmese/Burma JBRS/JBRS Originals/401014.pdf	1957-some-aspects-seasonal-agricultural-loans-burma-by.pdf	data/working/ocr/jbrs/text/1957-some-aspects-seasonal-agricultural-loans-burma-by.txt	data/working/ocr/jbrs/metadata/1957-some-aspects-seasonal-agricultural-loans-burma-by.json	data_local/sources/jbrs_canonical_pdfs/1957-some-aspects-seasonal-agricultural-loans-burma-by.pdf	deferred_outside_phase1_scope	
401024-94ef9a6f5644	401024.pdf	Burmese/Burma JBRS/1957/401024.pdf	1957-study-economic-history-burma-safety-first.pdf	data/working/ocr/jbrs/text/1957-study-economic-history-burma-safety-first.txt	data/working/ocr/jbrs/metadata/1957-study-economic-history-burma-safety-first.json	data_local/sources/jbrs_canonical_pdfs/1957-study-economic-history-burma-safety-first.pdf	deferred_outside_phase1_scope	
401039-163de86eab59	401039.pdf	Burmese/Burma JBRS/1957/401039.pdf	1957-burmese-clerodendron-by.pdf	data/working/ocr/jbrs/text/1957-burmese-clerodendron-by.txt	data/working/ocr/jbrs/metadata/1957-burmese-clerodendron-by.json	data_local/sources/jbrs_canonical_pdfs/1957-burmese-clerodendron-by.pdf	deferred_outside_phase1_scope	
401087-3987448c26d4	401087.pdf	Burmese/Burma JBRS/1957/401087.pdf	1957-type-research-reactor-burma-by.pdf	data/working/ocr/jbrs/text/1957-type-research-reactor-burma-by.txt	data/working/ocr/jbrs/metadata/1957-type-research-reactor-burma-by.json	data_local/sources/jbrs_canonical_pdfs/1957-type-research-reactor-burma-by.pdf	deferred_outside_phase1_scope	
401105-1639c31d57d9	401105.pdf	Burmese/Burma JBRS/1957/401105.pdf	1957-urbanisation-burmese-experience-by.pdf	data/working/ocr/jbrs/text/1957-urbanisation-burmese-experience-by.txt	data/working/ocr/jbrs/metadata/1957-urbanisation-burmese-experience-by.json	data_local/sources/jbrs_canonical_pdfs/1957-urbanisation-burmese-experience-by.pdf	deferred_outside_phase1_scope	
401128-b6d235c8e623	401128.pdf	Burmese/Burma JBRS/1957/401128.pdf	1957-thakin-kodaw-hmaing-tika-u-lun-man-poet-book-review.pdf	data/working/ocr/jbrs/text/1957-thakin-kodaw-hmaing-tika-u-lun-man-poet-book-review.txt	data/working/ocr/jbrs/metadata/1957-thakin-kodaw-hmaing-tika-u-lun-man-poet-book-review.json	data_local/sources/jbrs_canonical_pdfs/1957-thakin-kodaw-hmaing-tika-u-lun-man-poet-book-review.pdf	deferred_outside_phase1_scope	
402135-3557b905bba7	402135.pdf	Burmese/Burma JBRS/JBRS Originals/402135.pdf	1957-our-wars-burmese-row-robe-phama-thai-prince-translated-into-english-scan-2.pdf	data/working/ocr/jbrs/text/1957-our-wars-burmese-row-robe-phama-thai-prince-translated-into-english-scan-2.txt	data/working/ocr/jbrs/metadata/1957-our-wars-burmese-row-robe-phama-thai-prince-translated-into-english-scan-2.json	data_local/sources/jbrs_canonical_pdfs/1957-our-wars-burmese-row-robe-phama-thai-prince-translated-into-english-scan-2.pdf	deferred_outside_phase1_scope	collision_with=1957-our-wars-burmese-row-robe-phama-thai-prince-translated-into-english
402241-1c32b60c9221	402241.pdf	Burmese/Burma JBRS/JBRS Originals/402241.pdf	402241.pdf	data/working/ocr/jbrs/text/402241-1c32b60c9221.txt	data/working/ocr/jbrs/metadata/402241-1c32b60c9221.json		needs_manual_review	
402348-44a560a99ccb	402348.pdf	Burmese/Burma JBRS/1957/402348.pdf	1957-ome-early-references-first-burmese-english-dictionary-by.pdf	data/working/ocr/jbrs/text/1957-ome-early-references-first-burmese-english-dictionary-by.txt	data/working/ocr/jbrs/metadata/1957-ome-early-references-first-burmese-english-dictionary-by.json	data_local/sources/jbrs_canonical_pdfs/1957-ome-early-references-first-burmese-english-dictionary-by.pdf	deferred_outside_phase1_scope	
402354-62373c6eb602	402354.pdf	Burmese/Burma JBRS/1957/402354.pdf	1957-354-book-reviews-book-reviews-dated-buddha-images-book-reviews.pdf	data/working/ocr/jbrs/text/1957-354-book-reviews-book-reviews-dated-buddha-images-book-reviews.txt	data/working/ocr/jbrs/metadata/1957-354-book-reviews-book-reviews-dated-buddha-images-book-reviews.json	data_local/sources/jbrs_canonical_pdfs/1957-354-book-reviews-book-reviews-dated-buddha-images-book-reviews.pdf	deferred_outside_phase1_scope	
402356-ab4470d51d91	402356.pdf	Burmese/Burma JBRS/1957/402356.pdf	1957-356-book-reviews-union-burma-study-first-years-book-reviews.pdf	data/working/ocr/jbrs/text/1957-356-book-reviews-union-burma-study-first-years-book-reviews.txt	data/working/ocr/jbrs/metadata/1957-356-book-reviews-union-burma-study-first-years-book-reviews.json	data_local/sources/jbrs_canonical_pdfs/1957-356-book-reviews-union-burma-study-first-years-book-reviews.pdf	deferred_outside_phase1_scope	
402358-cf422e80e4ca	402358.pdf	Burmese/Burma JBRS/1957/402358.pdf	1957-358-book-reviews-bibliography-sino-tibetan-languages-6-book-reviews.pdf	data/working/ocr/jbrs/text/1957-358-book-reviews-bibliography-sino-tibetan-languages-6-book-reviews.txt	data/working/ocr/jbrs/metadata/1957-358-book-reviews-bibliography-sino-tibetan-languages-6-book-reviews.json	data_local/sources/jbrs_canonical_pdfs/1957-358-book-reviews-bibliography-sino-tibetan-languages-6-book-reviews.pdf	deferred_outside_phase1_scope	
402360-11e48d6e2d6e	402360.pdf	Burmese/Burma JBRS/1957/402360.pdf	1957-360-book-reviews-some-observations-libraries-manuscripts-books-book-reviews.pdf	data/working/ocr/jbrs/text/1957-360-book-reviews-some-observations-libraries-manuscripts-books-book-reviews.txt	data/working/ocr/jbrs/metadata/1957-360-book-reviews-some-observations-libraries-manuscripts-books-book-reviews.json	data_local/sources/jbrs_canonical_pdfs/1957-360-book-reviews-some-observations-libraries-manuscripts-books-book-reviews.pdf	deferred_outside_phase1_scope	
411001-eb9aa85e15ee	411001.pdf	Burmese/Burma JBRS/1958/411001.pdf	1958-u-chit-thoung-2-time-immemorial-two-staple-standards-for-ngapi.pdf	data/working/ocr/jbrs/text/1958-u-chit-thoung-2-time-immemorial-two-staple-standards-for-ngapi.txt	data/working/ocr/jbrs/metadata/1958-u-chit-thoung-2-time-immemorial-two-staple-standards-for-ngapi.json	data_local/sources/jbrs_canonical_pdfs/1958-u-chit-thoung-2-time-immemorial-two-staple-standards-for-ngapi.pdf	deferred_outside_phase1_scope	
411005-d773da635185	411005.pdf	Burmese/Burma JBRS/JBRS Originals/411005.pdf	1958-cultivators-contribution-burmese-language-the-cultivators.pdf	data/working/ocr/jbrs/text/1958-cultivators-contribution-burmese-language-the-cultivators.txt	data/working/ocr/jbrs/metadata/1958-cultivators-contribution-burmese-language-the-cultivators.json	data_local/sources/jbrs_canonical_pdfs/1958-cultivators-contribution-burmese-language-the-cultivators.pdf	deferred_outside_phase1_scope	
411019-551955e7ff53	411019.pdf	Burmese/Burma JBRS/JBRS Originals/411019.pdf	1958-some-aspects-burmese-culture-by-scan-3.pdf	data/working/ocr/jbrs/text/1958-some-aspects-burmese-culture-by-scan-3.txt	data/working/ocr/jbrs/metadata/1958-some-aspects-burmese-culture-by-scan-3.json	data_local/sources/jbrs_canonical_pdfs/1958-some-aspects-burmese-culture-by-scan-3.pdf	deferred_outside_phase1_scope	duplicate_of=1958-aspectsburmeseculture-lupewin1958-41-pdf; collision_with=1958-some-aspects-burmese-culture-by
411037-3f71aba3b9b4	411037.pdf	Burmese/Burma JBRS/JBRS Originals/411037.pdf	1958-social-life-burma-d-by.pdf	data/working/ocr/jbrs/text/1958-social-life-burma-d-by.txt	data/working/ocr/jbrs/metadata/1958-social-life-burma-d-by.json	data_local/sources/jbrs_canonical_pdfs/1958-social-life-burma-d-by.pdf	deferred_outside_phase1_scope	
411048-bbc7bf106580	411048.pdf	Burmese/Burma JBRS/JBRS Originals/411048.pdf	1958-flourimetric-methods-assay-uranium-burmese-minerals-1-by.pdf	data/working/ocr/jbrs/text/1958-flourimetric-methods-assay-uranium-burmese-minerals-1-by.txt	data/working/ocr/jbrs/metadata/1958-flourimetric-methods-assay-uranium-burmese-minerals-1-by.json	data_local/sources/jbrs_canonical_pdfs/1958-flourimetric-methods-assay-uranium-burmese-minerals-1-by.pdf	deferred_outside_phase1_scope	
411053-f1b89afebba3	411053.pdf	Burmese/Burma JBRS/1958/411053.pdf	1958-structure-properties-agave-fibre-by.pdf	data/working/ocr/jbrs/text/1958-structure-properties-agave-fibre-by.txt	data/working/ocr/jbrs/metadata/1958-structure-properties-agave-fibre-by.json	data_local/sources/jbrs_canonical_pdfs/1958-structure-properties-agave-fibre-by.pdf	deferred_outside_phase1_scope	
411065-98c2d854333e	411065.pdf	Burmese/Burma JBRS/1958/411065.pdf	1958-thailand-burma-mon-literature-culture-over.pdf	data/working/ocr/jbrs/text/1958-thailand-burma-mon-literature-culture-over.txt	data/working/ocr/jbrs/metadata/1958-thailand-burma-mon-literature-culture-over.json	data_local/sources/jbrs_canonical_pdfs/1958-thailand-burma-mon-literature-culture-over.pdf	deferred_outside_phase1_scope	
411076-6d84457ee38b	411076.pdf	Burmese/Burma JBRS/1958/411076.pdf	1958-burma-short-account-1-by.pdf	data/working/ocr/jbrs/text/1958-burma-short-account-1-by.txt	data/working/ocr/jbrs/metadata/1958-burma-short-account-1-by.json	data_local/sources/jbrs_canonical_pdfs/1958-burma-short-account-1-by.pdf	deferred_outside_phase1_scope	
411083-a01be7abc60d	411083.pdf	Burmese/Burma JBRS/JBRS Originals/411083.pdf	1958-report-field-work-at.pdf	data/working/ocr/jbrs/text/1958-report-field-work-at.txt	data/working/ocr/jbrs/metadata/1958-report-field-work-at.json	data_local/sources/jbrs_canonical_pdfs/1958-report-field-work-at.pdf	deferred_outside_phase1_scope	
411100-08d64097dd3b	411100.pdf	Burmese/Burma JBRS/1958/411100.pdf	1958-105-this-valley-running-between-river-chindwin-manipur-diplomat-orientalist.pdf	data/working/ocr/jbrs/text/1958-105-this-valley-running-between-river-chindwin-manipur-diplomat-orientalist.txt	data/working/ocr/jbrs/metadata/1958-105-this-valley-running-between-river-chindwin-manipur-diplomat-orientalist.json	data_local/sources/jbrs_canonical_pdfs/1958-105-this-valley-running-between-river-chindwin-manipur-diplomat-orientalist.pdf	renamed_in_repo	
421001-78634f673824	421001.pdf	Burmese/Burma JBRS/JBRS Originals/421001.pdf	421001.pdf	data/working/ocr/jbrs/text/421001-78634f673824.txt	data/working/ocr/jbrs/metadata/421001-78634f673824.json		needs_manual_review	
421019-b6f75c553e35	421019.pdf	Burmese/Burma JBRS/JBRS Originals/421019.pdf	1959-chin-hills-linguistic-tour-dec-university-project.pdf	data/working/ocr/jbrs/text/1959-chin-hills-linguistic-tour-dec-university-project.txt	data/working/ocr/jbrs/metadata/1959-chin-hills-linguistic-tour-dec-university-project.json	data_local/sources/jbrs_canonical_pdfs/1959-chin-hills-linguistic-tour-dec-university-project.pdf	deferred_outside_phase1_scope	
421032-8e176e037797	421032.pdf	Burmese/Burma JBRS/JBRS Originals/421032.pdf	421032.pdf	data/working/ocr/jbrs/text/421032-8e176e037797.txt	data/working/ocr/jbrs/metadata/421032-8e176e037797.json		needs_manual_review	
421052-c0135bc973cb	421052.pdf	Burmese/Burma JBRS/JBRS Originals/421052.pdf	1959-note-peoples-burma-12th-13th-century-d-by.pdf	data/working/ocr/jbrs/text/1959-note-peoples-burma-12th-13th-century-d-by.txt	data/working/ocr/jbrs/metadata/1959-note-peoples-burma-12th-13th-century-d-by.json	data_local/sources/jbrs_canonical_pdfs/1959-note-peoples-burma-12th-13th-century-d-by.pdf	deferred_outside_phase1_scope	
421075-bc9ae929dc52	421075.pdf	Burmese/Burma JBRS/JBRS Originals/421075.pdf	421075.pdf	data/working/ocr/jbrs/text/421075-bc9ae929dc52.txt	data/working/ocr/jbrs/metadata/421075-bc9ae929dc52.json		needs_manual_review	
421113-ad983c94133a	421113.pdf	Burmese/Burma JBRS/1959/421113.pdf	1959-note-petrology-provenance-of-the.pdf	data/working/ocr/jbrs/text/1959-note-petrology-provenance-of-the.txt	data/working/ocr/jbrs/metadata/1959-note-petrology-provenance-of-the.json	data_local/sources/jbrs_canonical_pdfs/1959-note-petrology-provenance-of-the.pdf	deferred_outside_phase1_scope	
421119-cf259f48e2cf	421119.pdf	Burmese/Burma JBRS/1959/421119.pdf	1959-119-obituary-sithu-u-kaung-late-director-education-obituary.pdf	data/working/ocr/jbrs/text/1959-119-obituary-sithu-u-kaung-late-director-education-obituary.txt	data/working/ocr/jbrs/metadata/1959-119-obituary-sithu-u-kaung-late-director-education-obituary.json	data_local/sources/jbrs_canonical_pdfs/1959-119-obituary-sithu-u-kaung-late-director-education-obituary.pdf	deferred_outside_phase1_scope	
422001-5e810cab8296	422001.pdf	Burmese/Burma JBRS/1959/422001.pdf	1959-burmese-embassy-cochinchina-notes-on-a-manuscript.pdf	data/working/ocr/jbrs/text/1959-burmese-embassy-cochinchina-notes-on-a-manuscript.txt	data/working/ocr/jbrs/metadata/1959-burmese-embassy-cochinchina-notes-on-a-manuscript.json	data_local/sources/jbrs_canonical_pdfs/1959-burmese-embassy-cochinchina-notes-on-a-manuscript.pdf	deferred_outside_phase1_scope	
422009-7de21769fb48	422009.pdf	Burmese/Burma JBRS/JBRS Originals/422009.pdf	1959-rice-bran-oil-extraction-process-use-burmese-rice-by.pdf	data/working/ocr/jbrs/text/1959-rice-bran-oil-extraction-process-use-burmese-rice-by.txt	data/working/ocr/jbrs/metadata/1959-rice-bran-oil-extraction-process-use-burmese-rice-by.json	data_local/sources/jbrs_canonical_pdfs/1959-rice-bran-oil-extraction-process-use-burmese-rice-by.pdf	deferred_outside_phase1_scope	
422015-2a74aef63ebf	422015.pdf	Burmese/Burma JBRS/JBRS Originals/422015.pdf	1959-his-novels-burma-maurice-collis.pdf	data/working/ocr/jbrs/text/1959-his-novels-burma-maurice-collis.txt	data/working/ocr/jbrs/metadata/1959-his-novels-burma-maurice-collis.json	data_local/sources/jbrs_canonical_pdfs/1959-his-novels-burma-maurice-collis.pdf	deferred_outside_phase1_scope	
422025-fc33f21c9bb7	422025.pdf	Burmese/Burma JBRS/1959/422025.pdf	1959-review-bibliography-sino-tibetan-languages-compiled-some-additions-to.pdf	data/working/ocr/jbrs/text/1959-review-bibliography-sino-tibetan-languages-compiled-some-additions-to.txt	data/working/ocr/jbrs/metadata/1959-review-bibliography-sino-tibetan-languages-compiled-some-additions-to.json	data_local/sources/jbrs_canonical_pdfs/1959-review-bibliography-sino-tibetan-languages-compiled-some-additions-to.pdf	deferred_outside_phase1_scope	
422029-a2bdb6cadccc	422029.pdf	Burmese/Burma JBRS/1959/422029.pdf	1959-november-museum-purchased-karen-dictionary-consist-end-text-the-first-karen-dictionary.pdf	data/working/ocr/jbrs/text/1959-november-museum-purchased-karen-dictionary-consist-end-text-the-first-karen-dictionary.txt	data/working/ocr/jbrs/metadata/1959-november-museum-purchased-karen-dictionary-consist-end-text-the-first-karen-dictionary.json	data_local/sources/jbrs_canonical_pdfs/1959-november-museum-purchased-karen-dictionary-consist-end-text-the-first-karen-dictionary.pdf	deferred_outside_phase1_scope	
422031-f5a35f4d6a68	422031.pdf	Burmese/Burma JBRS/1959/422031.pdf	1959-karens-burma-by.pdf	data/working/ocr/jbrs/text/1959-karens-burma-by.txt	data/working/ocr/jbrs/metadata/1959-karens-burma-by.json	data_local/sources/jbrs_canonical_pdfs/1959-karens-burma-by.pdf	deferred_outside_phase1_scope	
422041-4570ce56de9f	422041.pdf	Burmese/Burma JBRS/JBRS Originals/422041.pdf	422041.pdf	data/working/ocr/jbrs/text/422041-4570ce56de9f.txt	data/working/ocr/jbrs/metadata/422041-4570ce56de9f.json		needs_manual_review	
422047-621eac2106f0	422047.pdf	Burmese/Burma JBRS/JBRS Originals/422047.pdf	1959-religion-burma-d-by.pdf	data/working/ocr/jbrs/text/1959-religion-burma-d-by.txt	data/working/ocr/jbrs/metadata/1959-religion-burma-d-by.json	data_local/sources/jbrs_canonical_pdfs/1959-religion-burma-d-by.pdf	renamed_in_repo	
422071-541d6fcebe8b	422071.pdf	Burmese/Burma JBRS/JBRS Originals/422071.pdf	1959-religious-buildings-burma-d-by.pdf	data/working/ocr/jbrs/text/1959-religious-buildings-burma-d-by.txt	data/working/ocr/jbrs/metadata/1959-religious-buildings-burma-d-by.json	data_local/sources/jbrs_canonical_pdfs/1959-religious-buildings-burma-d-by.pdf	deferred_outside_phase1_scope	
422081-2a7b8e2e826b	422081.pdf	Burmese/Burma JBRS/JBRS Originals/422081.pdf	422081.pdf	data/working/ocr/jbrs/text/422081-2a7b8e2e826b.txt	data/working/ocr/jbrs/metadata/422081-2a7b8e2e826b.json		needs_manual_review	
422099-f8f7b0f9ae8e	422099.pdf	Burmese/Burma JBRS/JBRS Originals/422099.pdf	1959-mah-kassapa-his-tradition-by.pdf	data/working/ocr/jbrs/text/1959-mah-kassapa-his-tradition-by.txt	data/working/ocr/jbrs/metadata/1959-mah-kassapa-his-tradition-by.json	data_local/sources/jbrs_canonical_pdfs/1959-mah-kassapa-his-tradition-by.pdf	deferred_outside_phase1_scope	
422119-7ad68f50e98e	422119.pdf	Burmese/Burma JBRS/JBRS Originals/422119.pdf	1959-history-burma-d-1300-1400-by.pdf	data/working/ocr/jbrs/text/1959-history-burma-d-1300-1400-by.txt	data/working/ocr/jbrs/metadata/1959-history-burma-d-1300-1400-by.json	data_local/sources/jbrs_canonical_pdfs/1959-history-burma-d-1300-1400-by.pdf	deferred_outside_phase1_scope	
422135-a8d2fafc8601	422135.pdf	Burmese/Burma JBRS/JBRS Originals/422135.pdf	1959-history-burma-d-1400-1500-by.pdf	data/working/ocr/jbrs/text/1959-history-burma-d-1400-1500-by.txt	data/working/ocr/jbrs/metadata/1959-history-burma-d-1400-1500-by.json	data_local/sources/jbrs_canonical_pdfs/1959-history-burma-d-1400-1500-by.pdf	deferred_outside_phase1_scope	
422153-83e8c8cc2395	422153.pdf	Burmese/Burma JBRS/JBRS Originals/422153.pdf	422153.pdf	data/working/ocr/jbrs/text/422153-83e8c8cc2395.txt	data/working/ocr/jbrs/metadata/422153-83e8c8cc2395.json		needs_manual_review	
422171-edf2b4b41b24	422171.pdf	Burmese/Burma JBRS/JBRS Originals/422171.pdf	1959-burmese-kingship-theory-practice-during-reign-mindon-by-scan-2.pdf	data/working/ocr/jbrs/text/1959-burmese-kingship-theory-practice-during-reign-mindon-by-scan-2.txt	data/working/ocr/jbrs/metadata/1959-burmese-kingship-theory-practice-during-reign-mindon-by-scan-2.json	data_local/sources/jbrs_canonical_pdfs/1959-burmese-kingship-theory-practice-during-reign-mindon-by-scan-2.pdf	deferred_outside_phase1_scope	collision_with=1959-burmese-kingship-theory-practice-during-reign-mindon-by
431001-7a92ffb725a4	431001.pdf	Burmese/Burma JBRS/JBRS Originals/431001.pdf	431001.pdf	data/working/ocr/jbrs/text/431001-7a92ffb725a4.txt	data/working/ocr/jbrs/metadata/431001-7a92ffb725a4.json		needs_manual_review	
431009-5fbe7ec1e1bc	431009.pdf	Burmese/Burma JBRS/1960/431009.pdf	1960-language-problem-primitive-buddhism-by.pdf	data/working/ocr/jbrs/text/1960-language-problem-primitive-buddhism-by.txt	data/working/ocr/jbrs/metadata/1960-language-problem-primitive-buddhism-by.json	data_local/sources/jbrs_canonical_pdfs/1960-language-problem-primitive-buddhism-by.pdf	deferred_outside_phase1_scope	
431017-53213468757c	431017.pdf	Burmese/Burma JBRS/1960/431017.pdf	1960-notes-distribution-chinese-parnassia-by.pdf	data/working/ocr/jbrs/text/1960-notes-distribution-chinese-parnassia-by.txt	data/working/ocr/jbrs/metadata/1960-notes-distribution-chinese-parnassia-by.json	data_local/sources/jbrs_canonical_pdfs/1960-notes-distribution-chinese-parnassia-by.pdf	deferred_outside_phase1_scope	
431025-aa4c5e099860	431025.pdf	Burmese/Burma JBRS/1960/431025.pdf	1960-fiftieth-anniversary-celebration-burma-research-society-28-xii-the.pdf	data/working/ocr/jbrs/text/1960-fiftieth-anniversary-celebration-burma-research-society-28-xii-the.txt	data/working/ocr/jbrs/metadata/1960-fiftieth-anniversary-celebration-burma-research-society-28-xii-the.json	data_local/sources/jbrs_canonical_pdfs/1960-fiftieth-anniversary-celebration-burma-research-society-28-xii-the.pdf	deferred_outside_phase1_scope	
431033-7adf80a37253	431033.pdf	Burmese/Burma JBRS/1960/431033.pdf	1960-place-vietnamese-language-building-new-culture-vietnamese-people-by.pdf	data/working/ocr/jbrs/text/1960-place-vietnamese-language-building-new-culture-vietnamese-people-by.txt	data/working/ocr/jbrs/metadata/1960-place-vietnamese-language-building-new-culture-vietnamese-people-by.json	data_local/sources/jbrs_canonical_pdfs/1960-place-vietnamese-language-building-new-culture-vietnamese-people-by.pdf	deferred_outside_phase1_scope	
431037-79baa579e9e2	431037.pdf	Burmese/Burma JBRS/JBRS Originals/431037.pdf	1960-role-masses-raising-the-standard-of-welfare.pdf	data/working/ocr/jbrs/text/1960-role-masses-raising-the-standard-of-welfare.txt	data/working/ocr/jbrs/metadata/1960-role-masses-raising-the-standard-of-welfare.json	data_local/sources/jbrs_canonical_pdfs/1960-role-masses-raising-the-standard-of-welfare.pdf	deferred_outside_phase1_scope	
431041-6fb537d44ba5	431041.pdf	Burmese/Burma JBRS/1960/431041.pdf	1960-inaugural-address-j-s-a.pdf	data/working/ocr/jbrs/text/1960-inaugural-address-j-s-a.txt	data/working/ocr/jbrs/metadata/1960-inaugural-address-j-s-a.json	data_local/sources/jbrs_canonical_pdfs/1960-inaugural-address-j-s-a.pdf	deferred_outside_phase1_scope	
431051-18165066370d	431051.pdf	Burmese/Burma JBRS/JBRS Originals/431051.pdf	431051.pdf	data/working/ocr/jbrs/text/431051-18165066370d.txt	data/working/ocr/jbrs/metadata/431051-18165066370d.json		needs_manual_review	
431057-8f9f2a31cbac	431057.pdf	Burmese/Burma JBRS/1960/431057.pdf	1960-proposed-dating-yonok-chiengsaen-dynasty-by.pdf	data/working/ocr/jbrs/text/1960-proposed-dating-yonok-chiengsaen-dynasty-by.txt	data/working/ocr/jbrs/metadata/1960-proposed-dating-yonok-chiengsaen-dynasty-by.json	data_local/sources/jbrs_canonical_pdfs/1960-proposed-dating-yonok-chiengsaen-dynasty-by.pdf	deferred_outside_phase1_scope	
431063-fdfd52e2bdbe	431063.pdf	Burmese/Burma JBRS/JBRS Originals/431063.pdf	1960-chiengmai-image-inscribed-burmese-tai-by.pdf	data/working/ocr/jbrs/text/1960-chiengmai-image-inscribed-burmese-tai-by.txt	data/working/ocr/jbrs/metadata/1960-chiengmai-image-inscribed-burmese-tai-by.json	data_local/sources/jbrs_canonical_pdfs/1960-chiengmai-image-inscribed-burmese-tai-by.pdf	deferred_outside_phase1_scope	
431067-a56e0ed7db80	431067.pdf	Burmese/Burma JBRS/1960/431067.pdf	1960-towards-standardization-vietnamese-orthography.pdf	data/working/ocr/jbrs/text/1960-towards-standardization-vietnamese-orthography.txt	data/working/ocr/jbrs/metadata/1960-towards-standardization-vietnamese-orthography.json	data_local/sources/jbrs_canonical_pdfs/1960-towards-standardization-vietnamese-orthography.pdf	deferred_outside_phase1_scope	
431073-343ef2f180d9	431073.pdf	Burmese/Burma JBRS/1960/431073.pdf	1960-higher-education-republic-vietnam-by.pdf	data/working/ocr/jbrs/text/1960-higher-education-republic-vietnam-by.txt	data/working/ocr/jbrs/metadata/1960-higher-education-republic-vietnam-by.json	data_local/sources/jbrs_canonical_pdfs/1960-higher-education-republic-vietnam-by.pdf	deferred_outside_phase1_scope	
431083-5967f58badde	431083.pdf	Burmese/Burma JBRS/JBRS Originals/431083.pdf	1960-owl-crow-shan-folk-tales-scan-2.pdf	data/working/ocr/jbrs/text/1960-owl-crow-shan-folk-tales-scan-2.txt	data/working/ocr/jbrs/metadata/1960-owl-crow-shan-folk-tales-scan-2.json	data_local/sources/jbrs_canonical_pdfs/1960-owl-crow-shan-folk-tales-scan-2.pdf	deferred_outside_phase1_scope	duplicate_of=1960-shanfolktales-saimong1960-pdf; collision_with=1960-owl-crow-shan-folk-tales
431091-3d36d6ccf5b8	431091.pdf	Burmese/Burma JBRS/1960/431091.pdf	1960-histoire-des-etates-compris-entre-l-et-la-chine.pdf	data/working/ocr/jbrs/text/1960-histoire-des-etates-compris-entre-l-et-la-chine.txt	data/working/ocr/jbrs/metadata/1960-histoire-des-etates-compris-entre-l-et-la-chine.json	data_local/sources/jbrs_canonical_pdfs/1960-histoire-des-etates-compris-entre-l-et-la-chine.pdf	deferred_outside_phase1_scope	
432001-f6a30b5c99c0	432001.pdf	Burmese/Burma JBRS/JBRS Originals/432001.pdf	1960-journey-munipoor-ava-thence-across-yooma-mountain-to-arracan.pdf	data/working/ocr/jbrs/text/1960-journey-munipoor-ava-thence-across-yooma-mountain-to-arracan.txt	data/working/ocr/jbrs/metadata/1960-journey-munipoor-ava-thence-across-yooma-mountain-to-arracan.json	data_local/sources/jbrs_canonical_pdfs/1960-journey-munipoor-ava-thence-across-yooma-mountain-to-arracan.pdf	renamed_in_repo	
441001-e77854107ba4	441001.pdf	Burmese/Burma JBRS/JBRS Originals/441001.pdf	1961-natural-soda-burma-by-scan-2.pdf	data/working/ocr/jbrs/text/1961-natural-soda-burma-by-scan-2.txt	data/working/ocr/jbrs/metadata/1961-natural-soda-burma-by-scan-2.json	data_local/sources/jbrs_canonical_pdfs/1961-natural-soda-burma-by-scan-2.pdf	deferred_outside_phase1_scope	collision_with=1961-natural-soda-burma-by
441013-73e5fab1fe07	441013.pdf	Burmese/Burma JBRS/1961/441013.pdf	1961-geology-economic-possibilities-of-the-area-between.pdf	data/working/ocr/jbrs/text/1961-geology-economic-possibilities-of-the-area-between.txt	data/working/ocr/jbrs/metadata/1961-geology-economic-possibilities-of-the-area-between.json	data_local/sources/jbrs_canonical_pdfs/1961-geology-economic-possibilities-of-the-area-between.pdf	deferred_outside_phase1_scope	
441025-49da8fd77e36	441025.pdf	Burmese/Burma JBRS/1961/441025.pdf	441025.pdf	data/working/ocr/jbrs/text/441025-49da8fd77e36.txt	data/working/ocr/jbrs/metadata/441025-49da8fd77e36.json		needs_manual_review	
441035-414bda68ceea	441035.pdf	Burmese/Burma JBRS/1961/441035.pdf	1961-since-we-are-all-sons-adam-it-would-bayinnaung-s-living-descendant.pdf	data/working/ocr/jbrs/text/1961-since-we-are-all-sons-adam-it-would-bayinnaung-s-living-descendant.txt	data/working/ocr/jbrs/metadata/1961-since-we-are-all-sons-adam-it-would-bayinnaung-s-living-descendant.json	data_local/sources/jbrs_canonical_pdfs/1961-since-we-are-all-sons-adam-it-would-bayinnaung-s-living-descendant.pdf	deferred_outside_phase1_scope	
441043-04396fc0d3de	441043.pdf	Burmese/Burma JBRS/1961/441043.pdf	1961-dhammaraj-meaning-tayamin-king-law-was-whole-concept-king-mindon-s-councillors.pdf	data/working/ocr/jbrs/text/1961-dhammaraj-meaning-tayamin-king-law-was-whole-concept-king-mindon-s-councillors.txt	data/working/ocr/jbrs/metadata/1961-dhammaraj-meaning-tayamin-king-law-was-whole-concept-king-mindon-s-councillors.json	data_local/sources/jbrs_canonical_pdfs/1961-dhammaraj-meaning-tayamin-king-law-was-whole-concept-king-mindon-s-councillors.pdf	deferred_outside_phase1_scope	
441061-b50010eec7e9	441061.pdf	Burmese/Burma JBRS/1961/441061.pdf	441061.pdf	data/working/ocr/jbrs/text/441061-b50010eec7e9.txt	data/working/ocr/jbrs/metadata/441061-b50010eec7e9.json		needs_manual_review	
441081-7324d4a0404b	441081.pdf	Burmese/Burma JBRS/1961/441081.pdf	441081.pdf	data/working/ocr/jbrs/text/441081-7324d4a0404b.txt	data/working/ocr/jbrs/metadata/441081-7324d4a0404b.json		needs_manual_review	
441085-39e427a48df4	441085.pdf	Burmese/Burma JBRS/1961/441085.pdf	1961-life-burmese-court-under-the-konbaung-kingsi.pdf	data/working/ocr/jbrs/text/1961-life-burmese-court-under-the-konbaung-kingsi.txt	data/working/ocr/jbrs/metadata/1961-life-burmese-court-under-the-konbaung-kingsi.json	data_local/sources/jbrs_canonical_pdfs/1961-life-burmese-court-under-the-konbaung-kingsi.pdf	deferred_outside_phase1_scope	
442141-fb0badfa4996	442141.pdf	Burmese/Burma JBRS/1961/442141.pdf	442141.pdf	data/working/ocr/jbrs/text/442141-fb0badfa4996.txt	data/working/ocr/jbrs/metadata/442141-fb0badfa4996.json		needs_manual_review	
442165-eca728e8af14	442165.pdf	Burmese/Burma JBRS/1961/442165.pdf	1961-state-investment-burma-railways-by.pdf	data/working/ocr/jbrs/text/1961-state-investment-burma-railways-by.txt	data/working/ocr/jbrs/metadata/1961-state-investment-burma-railways-by.json	data_local/sources/jbrs_canonical_pdfs/1961-state-investment-burma-railways-by.pdf	deferred_outside_phase1_scope	
442183-cee44d27f9df	442183.pdf	Burmese/Burma JBRS/1961/442183.pdf	1961-financing-deficit-since-independnce-by.pdf	data/working/ocr/jbrs/text/1961-financing-deficit-since-independnce-by.txt	data/working/ocr/jbrs/metadata/1961-financing-deficit-since-independnce-by.json	data_local/sources/jbrs_canonical_pdfs/1961-financing-deficit-since-independnce-by.pdf	deferred_outside_phase1_scope	
442197-a73553293f2b	442197.pdf	Burmese/Burma JBRS/1961/442197.pdf	1961-some-animals-maungmagan-adjoining-shores.pdf	data/working/ocr/jbrs/text/1961-some-animals-maungmagan-adjoining-shores.txt	data/working/ocr/jbrs/metadata/1961-some-animals-maungmagan-adjoining-shores.json	data_local/sources/jbrs_canonical_pdfs/1961-some-animals-maungmagan-adjoining-shores.pdf	deferred_outside_phase1_scope	
442225-b3944aa9ea09	442225.pdf	Burmese/Burma JBRS/1961/442225.pdf	1961-effect-concentration-salts-their-rate-absorption-plants-water-by.pdf	data/working/ocr/jbrs/text/1961-effect-concentration-salts-their-rate-absorption-plants-water-by.txt	data/working/ocr/jbrs/metadata/1961-effect-concentration-salts-their-rate-absorption-plants-water-by.json	data_local/sources/jbrs_canonical_pdfs/1961-effect-concentration-salts-their-rate-absorption-plants-water-by.pdf	deferred_outside_phase1_scope	
442237-70b3bf49579b	442237.pdf	Burmese/Burma JBRS/1961/442237.pdf	1961-grading-commercial-values-shrimp-paste-hmyin-ngapi-burma-by.pdf	data/working/ocr/jbrs/text/1961-grading-commercial-values-shrimp-paste-hmyin-ngapi-burma-by.txt	data/working/ocr/jbrs/metadata/1961-grading-commercial-values-shrimp-paste-hmyin-ngapi-burma-by.json	data_local/sources/jbrs_canonical_pdfs/1961-grading-commercial-values-shrimp-paste-hmyin-ngapi-burma-by.pdf	deferred_outside_phase1_scope	
442247-2be89e8d2863	442247.pdf	Burmese/Burma JBRS/1961/442247.pdf	442247.pdf	data/working/ocr/jbrs/text/442247-2be89e8d2863.txt	data/working/ocr/jbrs/metadata/442247-2be89e8d2863.json		needs_manual_review	
442297-266453b9071f	442297.pdf	Burmese/Burma JBRS/1961/442297.pdf	1961-commentary-poems-taungoo-min-review.pdf	data/working/ocr/jbrs/text/1961-commentary-poems-taungoo-min-review.txt	data/working/ocr/jbrs/metadata/1961-commentary-poems-taungoo-min-review.json	data_local/sources/jbrs_canonical_pdfs/1961-commentary-poems-taungoo-min-review.pdf	deferred_outside_phase1_scope	
442299-63b1e8ce706e	442299.pdf	Burmese/Burma JBRS/1961/442299.pdf	1961-pali-burmese-dictionary-review.pdf	data/working/ocr/jbrs/text/1961-pali-burmese-dictionary-review.txt	data/working/ocr/jbrs/metadata/1961-pali-burmese-dictionary-review.json	data_local/sources/jbrs_canonical_pdfs/1961-pali-burmese-dictionary-review.pdf	deferred_outside_phase1_scope	
442301-06d636206b45	442301.pdf	Burmese/Burma JBRS/JBRS Originals/442301.pdf	442301.pdf	data/working/ocr/jbrs/text/442301-06d636206b45.txt	data/working/ocr/jbrs/metadata/442301-06d636206b45.json		needs_manual_review	
451001-dd76978a0c1a	451001.pdf	Burmese/Burma JBRS/JBRS Originals/451001.pdf	1962-some-problems-lexicographer-ba-han.pdf	data/working/ocr/jbrs/text/1962-some-problems-lexicographer-ba-han.txt	data/working/ocr/jbrs/metadata/1962-some-problems-lexicographer-ba-han.json	data_local/sources/jbrs_canonical_pdfs/1962-some-problems-lexicographer-ba-han.pdf	deferred_outside_phase1_scope	
451007-cc1e3f0605e9	451007.pdf	Burmese/Burma JBRS/JBRS Originals/451007.pdf	451007.pdf	data/working/ocr/jbrs/text/451007-cc1e3f0605e9.txt	data/working/ocr/jbrs/metadata/451007-cc1e3f0605e9.json		needs_manual_review	
451029-7467b232a54a	451029.pdf	Burmese/Burma JBRS/1962/451029.pdf	1962-twan-sa-wan-mah-ca-s-rhwai-ma-kyan.pdf	data/working/ocr/jbrs/text/1962-twan-sa-wan-mah-ca-s-rhwai-ma-kyan.txt	data/working/ocr/jbrs/metadata/1962-twan-sa-wan-mah-ca-s-rhwai-ma-kyan.json	data_local/sources/jbrs_canonical_pdfs/1962-twan-sa-wan-mah-ca-s-rhwai-ma-kyan.pdf	deferred_outside_phase1_scope	
451041-4a9aa2fe898b	451041.pdf	Burmese/Burma JBRS/1962/451041.pdf	1962-linguistic-position-rong-lepcha-by.pdf	data/working/ocr/jbrs/text/1962-linguistic-position-rong-lepcha-by.txt	data/working/ocr/jbrs/metadata/1962-linguistic-position-rong-lepcha-by.json	data_local/sources/jbrs_canonical_pdfs/1962-linguistic-position-rong-lepcha-by.pdf	deferred_outside_phase1_scope	
451049-4477549ee36b	451049.pdf	Burmese/Burma JBRS/1962/451049.pdf	1962-public-expenditures-inflationary-impact-burma-59-by.pdf	data/working/ocr/jbrs/text/1962-public-expenditures-inflationary-impact-burma-59-by.txt	data/working/ocr/jbrs/metadata/1962-public-expenditures-inflationary-impact-burma-59-by.json	data_local/sources/jbrs_canonical_pdfs/1962-public-expenditures-inflationary-impact-burma-59-by.pdf	deferred_outside_phase1_scope	
451079-492ba7c3e673	451079.pdf	Burmese/Burma JBRS/1962/451079.pdf	1962-politics-railroads-burma-india-problem-historical-interpretation-josef-silverstein.pdf	data/working/ocr/jbrs/text/1962-politics-railroads-burma-india-problem-historical-interpretation-josef-silverstein.txt	data/working/ocr/jbrs/metadata/1962-politics-railroads-burma-india-problem-historical-interpretation-josef-silverstein.json	data_local/sources/jbrs_canonical_pdfs/1962-politics-railroads-burma-india-problem-historical-interpretation-josef-silverstein.pdf	deferred_outside_phase1_scope	
451091-60f0fa4586e9	451091.pdf	Burmese/Burma JBRS/1962/451091.pdf	1962-rubber-industry-burma-an-overall-view-of.pdf	data/working/ocr/jbrs/text/1962-rubber-industry-burma-an-overall-view-of.txt	data/working/ocr/jbrs/metadata/1962-rubber-industry-burma-an-overall-view-of.json	data_local/sources/jbrs_canonical_pdfs/1962-rubber-industry-burma-an-overall-view-of.pdf	deferred_outside_phase1_scope	
451109-14a5f41640a7	451109.pdf	Burmese/Burma JBRS/1962/451109.pdf	1962-handbook-old-handicrafts-text-publications-new-series-no-book-review.pdf	data/working/ocr/jbrs/text/1962-handbook-old-handicrafts-text-publications-new-series-no-book-review.txt	data/working/ocr/jbrs/metadata/1962-handbook-old-handicrafts-text-publications-new-series-no-book-review.json	data_local/sources/jbrs_canonical_pdfs/1962-handbook-old-handicrafts-text-publications-new-series-no-book-review.pdf	deferred_outside_phase1_scope	
452129-3e40dc0c5769	452129.pdf	Burmese/Burma JBRS/1962/452129.pdf	452129.pdf	data/working/ocr/jbrs/text/452129-3e40dc0c5769.txt	data/working/ocr/jbrs/metadata/452129-3e40dc0c5769.json		needs_manual_review	
452137-c94f87ea513f	452137.pdf	Burmese/Burma JBRS/JBRS Originals/452137.pdf	452137.pdf	data/working/ocr/jbrs/text/452137-c94f87ea513f.txt	data/working/ocr/jbrs/metadata/452137-c94f87ea513f.json		needs_manual_review	
452163-0f2d7695222c	452163.pdf	Burmese/Burma JBRS/JBRS Originals/452163.pdf	1962-urban-study-sittang-valley-by.pdf	data/working/ocr/jbrs/text/1962-urban-study-sittang-valley-by.txt	data/working/ocr/jbrs/metadata/1962-urban-study-sittang-valley-by.json	data_local/sources/jbrs_canonical_pdfs/1962-urban-study-sittang-valley-by.pdf	deferred_outside_phase1_scope	
452181-61f682f61b18	452181.pdf	Burmese/Burma JBRS/1962/452181.pdf	1962-district-district-account-rubber-industry-burma-by.pdf	data/working/ocr/jbrs/text/1962-district-district-account-rubber-industry-burma-by.txt	data/working/ocr/jbrs/metadata/1962-district-district-account-rubber-industry-burma-by.json	data_local/sources/jbrs_canonical_pdfs/1962-district-district-account-rubber-industry-burma-by.pdf	deferred_outside_phase1_scope	
452193-fc71a2164190	452193.pdf	Burmese/Burma JBRS/JBRS Originals/452193.pdf	1962-mayan-lajung-changing-land-use-capital-investment.pdf	data/working/ocr/jbrs/text/1962-mayan-lajung-changing-land-use-capital-investment.txt	data/working/ocr/jbrs/metadata/1962-mayan-lajung-changing-land-use-capital-investment.json	data_local/sources/jbrs_canonical_pdfs/1962-mayan-lajung-changing-land-use-capital-investment.pdf	deferred_outside_phase1_scope	
452205-b44cecfd7a83	452205.pdf	Burmese/Burma JBRS/1962/452205.pdf	1962-burmese-attitudes-toward-children-by.pdf	data/working/ocr/jbrs/text/1962-burmese-attitudes-toward-children-by.txt	data/working/ocr/jbrs/metadata/1962-burmese-attitudes-toward-children-by.json	data_local/sources/jbrs_canonical_pdfs/1962-burmese-attitudes-toward-children-by.pdf	deferred_outside_phase1_scope	
452209-946ecb59ab89	452209.pdf	Burmese/Burma JBRS/JBRS Originals/452209.pdf	1962-odyssey-first-burmese-types-by-scan-2.pdf	data/working/ocr/jbrs/text/1962-odyssey-first-burmese-types-by-scan-2.txt	data/working/ocr/jbrs/metadata/1962-odyssey-first-burmese-types-by-scan-2.json	data_local/sources/jbrs_canonical_pdfs/1962-odyssey-first-burmese-types-by-scan-2.pdf	deferred_outside_phase1_scope	collision_with=1962-odyssey-first-burmese-types-by
461001-595b35f5e1c5	461001.pdf	Burmese/Burma JBRS/JBRS Originals/461001.pdf	461001.pdf	data/working/ocr/jbrs/text/461001-595b35f5e1c5.txt	data/working/ocr/jbrs/metadata/461001-595b35f5e1c5.json		needs_manual_review	
461011-1b100ecd9943	461011.pdf	Burmese/Burma JBRS/JBRS Originals/461011.pdf	461011.pdf	data/working/ocr/jbrs/text/461011-1b100ecd9943.txt	data/working/ocr/jbrs/metadata/461011-1b100ecd9943.json		needs_manual_review	
461027-87bba07f427d	461027.pdf	Burmese/Burma JBRS/1963/461027.pdf	1963-organization-planning-machinery-lessons-burmese-experience-thet-tun.pdf	data/working/ocr/jbrs/text/1963-organization-planning-machinery-lessons-burmese-experience-thet-tun.txt	data/working/ocr/jbrs/metadata/1963-organization-planning-machinery-lessons-burmese-experience-thet-tun.json	data_local/sources/jbrs_canonical_pdfs/1963-organization-planning-machinery-lessons-burmese-experience-thet-tun.pdf	deferred_outside_phase1_scope	
461035-b40362bf7b9f	461035.pdf	Burmese/Burma JBRS/JBRS Originals/461035.pdf	1963-problems-high-acid-rice-bran-oils-burma-and-their-solutions.pdf	data/working/ocr/jbrs/text/1963-problems-high-acid-rice-bran-oils-burma-and-their-solutions.txt	data/working/ocr/jbrs/metadata/1963-problems-high-acid-rice-bran-oils-burma-and-their-solutions.json	data_local/sources/jbrs_canonical_pdfs/1963-problems-high-acid-rice-bran-oils-burma-and-their-solutions.pdf	deferred_outside_phase1_scope	
461043-93e8161ba906	461043.pdf	Burmese/Burma JBRS/JBRS Originals/461043.pdf	1963-pali-burmese-nissaya-tin-lwin-scan-2.pdf	data/working/ocr/jbrs/text/1963-pali-burmese-nissaya-tin-lwin-scan-2.txt	data/working/ocr/jbrs/metadata/1963-pali-burmese-nissaya-tin-lwin-scan-2.json	data_local/sources/jbrs_canonical_pdfs/1963-pali-burmese-nissaya-tin-lwin-scan-2.pdf	renamed_in_repo	collision_with=1963-pali-burmese-nissaya-tin-lwin
461053-e53f8eb6505d	461053.pdf	Burmese/Burma JBRS/1963/461053.pdf	1963-acoustical-analysis-vibrations-bamboo-bars-used-pattalars-maung-maung-kha.pdf	data/working/ocr/jbrs/text/1963-acoustical-analysis-vibrations-bamboo-bars-used-pattalars-maung-maung-kha.txt	data/working/ocr/jbrs/metadata/1963-acoustical-analysis-vibrations-bamboo-bars-used-pattalars-maung-maung-kha.json	data_local/sources/jbrs_canonical_pdfs/1963-acoustical-analysis-vibrations-bamboo-bars-used-pattalars-maung-maung-kha.pdf	deferred_outside_phase1_scope	
461065-e40976239b95	461065.pdf	Burmese/Burma JBRS/JBRS Originals/461065.pdf	1963-storia-del-cristianesimo-nell-one-centenary-recalls-another.pdf	data/working/ocr/jbrs/text/1963-storia-del-cristianesimo-nell-one-centenary-recalls-another.txt	data/working/ocr/jbrs/metadata/1963-storia-del-cristianesimo-nell-one-centenary-recalls-another.json	data_local/sources/jbrs_canonical_pdfs/1963-storia-del-cristianesimo-nell-one-centenary-recalls-another.pdf	deferred_outside_phase1_scope	
461081-194d0ea9ee25	461081.pdf	Burmese/Burma JBRS/1963/461081.pdf	461081.pdf	data/working/ocr/jbrs/text/461081-194d0ea9ee25.txt	data/working/ocr/jbrs/metadata/461081-194d0ea9ee25.json		needs_manual_review	
462001a-b74428bb5ebe	462001A.pdf	Burmese/Burma JBRS/JBRS Originals/462001A.pdf	1963-history-education-burma-a-survey.pdf	data/working/ocr/jbrs/text/1963-history-education-burma-a-survey.txt	data/working/ocr/jbrs/metadata/1963-history-education-burma-a-survey.json	data_local/sources/jbrs_canonical_pdfs/1963-history-education-burma-a-survey.pdf	renamed_in_repo	
462001b-95b416c36248	462001B.pdf	Burmese/Burma JBRS/JBRS Originals/462001B.pdf	1963-history-education-burma-a-survey-scan-2.pdf	data/working/ocr/jbrs/text/1963-history-education-burma-a-survey-scan-2.txt	data/working/ocr/jbrs/metadata/1963-history-education-burma-a-survey-scan-2.json	data_local/sources/jbrs_canonical_pdfs/1963-history-education-burma-a-survey-scan-2.pdf	deferred_outside_phase1_scope	collision_with=1963-history-education-burma-a-survey
462001c-80146cae6b49	462001C.pdf	Burmese/Burma JBRS/JBRS Originals/462001C.pdf	1963-history-education-burma-a-survey-scan-3.pdf	data/working/ocr/jbrs/text/1963-history-education-burma-a-survey-scan-3.txt	data/working/ocr/jbrs/metadata/1963-history-education-burma-a-survey-scan-3.json	data_local/sources/jbrs_canonical_pdfs/1963-history-education-burma-a-survey-scan-3.pdf	renamed_in_repo	collision_with=1963-history-education-burma-a-survey
471001-ee68575fa6e0	471001.pdf	Burmese/Burma JBRS/1964/471001.pdf	471001.pdf	data/working/ocr/jbrs/text/471001-ee68575fa6e0.txt	data/working/ocr/jbrs/metadata/471001-ee68575fa6e0.json		needs_manual_review	
471003-c00f27cb1283	471003.pdf	Burmese/Burma JBRS/JBRS Originals/471003.pdf	1964-spiritism-burma-ba-han.pdf	data/working/ocr/jbrs/text/1964-spiritism-burma-ba-han.txt	data/working/ocr/jbrs/metadata/1964-spiritism-burma-ba-han.json	data_local/sources/jbrs_canonical_pdfs/1964-spiritism-burma-ba-han.pdf	deferred_outside_phase1_scope	
471011-1c661ca9d2a1	471011.pdf	Burmese/Burma JBRS/JBRS Originals/471011.pdf	471011.pdf	data/working/ocr/jbrs/text/471011-1c661ca9d2a1.txt	data/working/ocr/jbrs/metadata/471011-1c661ca9d2a1.json		needs_manual_review	
471011-df6fe6f6901a	471011.pdf	Burmese/Burma JBRS/1964/471011.pdf	1964-development-university-education-burma-nyi-nyi.pdf	data/working/ocr/jbrs/text/1964-development-university-education-burma-nyi-nyi.txt	data/working/ocr/jbrs/metadata/1964-development-university-education-burma-nyi-nyi.json	data_local/sources/jbrs_canonical_pdfs/1964-development-university-education-burma-nyi-nyi.pdf	deferred_outside_phase1_scope	
471077-bd2e04154a28	471077.pdf	Burmese/Burma JBRS/1964/471077.pdf	1964-burmese-modification-bernreuter-personality-inventory.pdf	data/working/ocr/jbrs/text/1964-burmese-modification-bernreuter-personality-inventory.txt	data/working/ocr/jbrs/metadata/1964-burmese-modification-bernreuter-personality-inventory.json	data_local/sources/jbrs_canonical_pdfs/1964-burmese-modification-bernreuter-personality-inventory.pdf	deferred_outside_phase1_scope	
471089-b6ae8799bdff	471089.pdf	Burmese/Burma JBRS/JBRS Originals/471089.pdf	1964-trends-economic-growth-income-cib.pdf	data/working/ocr/jbrs/text/1964-trends-economic-growth-income-cib.txt	data/working/ocr/jbrs/metadata/1964-trends-economic-growth-income-cib.json	data_local/sources/jbrs_canonical_pdfs/1964-trends-economic-growth-income-cib.pdf	deferred_outside_phase1_scope	
471149-02f68367f7cd	471149.pdf	Burmese/Burma JBRS/1964/471149.pdf	1964-burmese-embassy-vietnam-24-b-r-pearn.pdf	data/working/ocr/jbrs/text/1964-burmese-embassy-vietnam-24-b-r-pearn.txt	data/working/ocr/jbrs/metadata/1964-burmese-embassy-vietnam-24-b-r-pearn.json	data_local/sources/jbrs_canonical_pdfs/1964-burmese-embassy-vietnam-24-b-r-pearn.pdf	deferred_outside_phase1_scope	
471173-0ca3bdd886b2	471173.pdf	Burmese/Burma JBRS/1964/471173.pdf	1964-economic-development-burma-1951-1960-thet-tun.pdf	data/working/ocr/jbrs/text/1964-economic-development-burma-1951-1960-thet-tun.txt	data/working/ocr/jbrs/metadata/1964-economic-development-burma-1951-1960-thet-tun.json	data_local/sources/jbrs_canonical_pdfs/1964-economic-development-burma-1951-1960-thet-tun.pdf	deferred_outside_phase1_scope	
471183-61f9e91ba7d7	471183.pdf	Burmese/Burma JBRS/1964/471183.pdf	1964-petrography-origin-taungtha-formation-exposed-taungtha-myingyan-district-dev-d-sarin.pdf	data/working/ocr/jbrs/text/1964-petrography-origin-taungtha-formation-exposed-taungtha-myingyan-district-dev-d-sarin.txt	data/working/ocr/jbrs/metadata/1964-petrography-origin-taungtha-formation-exposed-taungtha-myingyan-district-dev-d-sarin.json	data_local/sources/jbrs_canonical_pdfs/1964-petrography-origin-taungtha-formation-exposed-taungtha-myingyan-district-dev-d-sarin.pdf	deferred_outside_phase1_scope	
471205-572068b5d6b0	471205.pdf	Burmese/Burma JBRS/1964/471205.pdf	1964-problem-crime-criminal-its-solution-socialist-burma-kyaw-yin.pdf	data/working/ocr/jbrs/text/1964-problem-crime-criminal-its-solution-socialist-burma-kyaw-yin.txt	data/working/ocr/jbrs/metadata/1964-problem-crime-criminal-its-solution-socialist-burma-kyaw-yin.json	data_local/sources/jbrs_canonical_pdfs/1964-problem-crime-criminal-its-solution-socialist-burma-kyaw-yin.pdf	deferred_outside_phase1_scope	
471225-d04763ef473c	471225.pdf	Burmese/Burma JBRS/1964/471225.pdf	471225.pdf	data/working/ocr/jbrs/text/471225-d04763ef473c.txt	data/working/ocr/jbrs/metadata/471225-d04763ef473c.json		needs_manual_review	
472263-de10db115b4a	472263.pdf	Burmese/Burma JBRS/1964/472263.pdf	1964-psychodynamics-burmese-personality-sein-tu.pdf	data/working/ocr/jbrs/text/1964-psychodynamics-burmese-personality-sein-tu.txt	data/working/ocr/jbrs/metadata/1964-psychodynamics-burmese-personality-sein-tu.json	data_local/sources/jbrs_canonical_pdfs/1964-psychodynamics-burmese-personality-sein-tu.pdf	deferred_outside_phase1_scope	
472287-1a94d3e6ce11	472287.pdf	Burmese/Burma JBRS/1964/472287.pdf	1964-beginnings-western-education-burma-vivian-ba.pdf	data/working/ocr/jbrs/text/1964-beginnings-western-education-burma-vivian-ba.txt	data/working/ocr/jbrs/metadata/1964-beginnings-western-education-burma-vivian-ba.json	data_local/sources/jbrs_canonical_pdfs/1964-beginnings-western-education-burma-vivian-ba.pdf	renamed_in_repo	
472325-666e2ce45c9b	472325.pdf	Burmese/Burma JBRS/JBRS Originals/472325.pdf	1964-textural-characteristics-channel-sediments-dev-d-sarin.pdf	data/working/ocr/jbrs/text/1964-textural-characteristics-channel-sediments-dev-d-sarin.txt	data/working/ocr/jbrs/metadata/1964-textural-characteristics-channel-sediments-dev-d-sarin.json	data_local/sources/jbrs_canonical_pdfs/1964-textural-characteristics-channel-sediments-dev-d-sarin.pdf	deferred_outside_phase1_scope	
472367-b3c75621b3e7	472367.pdf	Burmese/Burma JBRS/1964/472367.pdf	1964-text-publication-sub-committee-burma-research-society-pe-maung-tin.pdf	data/working/ocr/jbrs/text/1964-text-publication-sub-committee-burma-research-society-pe-maung-tin.txt	data/working/ocr/jbrs/metadata/1964-text-publication-sub-committee-burma-research-society-pe-maung-tin.json	data_local/sources/jbrs_canonical_pdfs/1964-text-publication-sub-committee-burma-research-society-pe-maung-tin.pdf	deferred_outside_phase1_scope	
472379-4a6c957cb0a2	472379.pdf	Burmese/Burma JBRS/1964/472379.pdf	1964-critique-new-preface-j-s-furnivall-s-introduction-thet-tun.pdf	data/working/ocr/jbrs/text/1964-critique-new-preface-j-s-furnivall-s-introduction-thet-tun.txt	data/working/ocr/jbrs/metadata/1964-critique-new-preface-j-s-furnivall-s-introduction-thet-tun.json	data_local/sources/jbrs_canonical_pdfs/1964-critique-new-preface-j-s-furnivall-s-introduction-thet-tun.pdf	deferred_outside_phase1_scope	
472385-ecc63d584b8d	472385.pdf	Burmese/Burma JBRS/1964/472385.pdf	1964-abbreviations-cryptograms-chronograms-burmese-note-transliteration-all-burmese-hla-pe.pdf	data/working/ocr/jbrs/text/1964-abbreviations-cryptograms-chronograms-burmese-note-transliteration-all-burmese-hla-pe.txt	data/working/ocr/jbrs/metadata/1964-abbreviations-cryptograms-chronograms-burmese-note-transliteration-all-burmese-hla-pe.json	data_local/sources/jbrs_canonical_pdfs/1964-abbreviations-cryptograms-chronograms-burmese-note-transliteration-all-burmese-hla-pe.pdf	deferred_outside_phase1_scope	
472397-73b58ced4eda	472397.pdf	Burmese/Burma JBRS/JBRS Originals/472397.pdf	1964-tin-hto0-geographical-profile-andaman-nicobar-islands.pdf	data/working/ocr/jbrs/text/1964-tin-hto0-geographical-profile-andaman-nicobar-islands.txt	data/working/ocr/jbrs/metadata/1964-tin-hto0-geographical-profile-andaman-nicobar-islands.json	data_local/sources/jbrs_canonical_pdfs/1964-tin-hto0-geographical-profile-andaman-nicobar-islands.pdf	deferred_outside_phase1_scope	
472415-5469e253e549	472415.pdf	Burmese/Burma JBRS/1964/472415.pdf	1964-burmese-orthography-tonal-classification-burmese-lexical-items-tonal-r-k-sprigg.pdf	data/working/ocr/jbrs/text/1964-burmese-orthography-tonal-classification-burmese-lexical-items-tonal-r-k-sprigg.txt	data/working/ocr/jbrs/metadata/1964-burmese-orthography-tonal-classification-burmese-lexical-items-tonal-r-k-sprigg.json	data_local/sources/jbrs_canonical_pdfs/1964-burmese-orthography-tonal-classification-burmese-lexical-items-tonal-r-k-sprigg.pdf	deferred_outside_phase1_scope	
472441-f021b27f9644	472441.pdf	Burmese/Burma JBRS/1964/472441.pdf	1964-burma-research-society-corrected-up-31st-december-copyright-catalogue-of-books.pdf	data/working/ocr/jbrs/text/1964-burma-research-society-corrected-up-31st-december-copyright-catalogue-of-books.txt	data/working/ocr/jbrs/metadata/1964-burma-research-society-corrected-up-31st-december-copyright-catalogue-of-books.json	data_local/sources/jbrs_canonical_pdfs/1964-burma-research-society-corrected-up-31st-december-copyright-catalogue-of-books.pdf	renamed_in_repo	
481001-a6b0e8c42fdc	481001.pdf	Burmese/Burma JBRS/JBRS Originals/481001.pdf	1965-relation-between-sa-gha-state-laity-aung-than.pdf	data/working/ocr/jbrs/text/1965-relation-between-sa-gha-state-laity-aung-than.txt	data/working/ocr/jbrs/metadata/1965-relation-between-sa-gha-state-laity-aung-than.json	data_local/sources/jbrs_canonical_pdfs/1965-relation-between-sa-gha-state-laity-aung-than.pdf	deferred_outside_phase1_scope	
481009-52763bc04231	481009.pdf	Burmese/Burma JBRS/JBRS Originals/481009.pdf	1965-burmese-cosmogony-cosmology-1-cosmogonic-myths-ba-han-scan-2.pdf	data/working/ocr/jbrs/text/1965-burmese-cosmogony-cosmology-1-cosmogonic-myths-ba-han-scan-2.txt	data/working/ocr/jbrs/metadata/1965-burmese-cosmogony-cosmology-1-cosmogonic-myths-ba-han-scan-2.json	data_local/sources/jbrs_canonical_pdfs/1965-burmese-cosmogony-cosmology-1-cosmogonic-myths-ba-han-scan-2.pdf	deferred_outside_phase1_scope	duplicate_of=1965-burmesecolmology-bahan1965-pdf; collision_with=1965-burmese-cosmogony-cosmology-1-cosmogonic-myths-ba-han
481017-5a878c82bb89	481017.pdf	Burmese/Burma JBRS/1965/481017.pdf	1965-i-am-deeply-thankful-u-aung-thaw-b-multiplicity-of-malapropism-in.pdf	data/working/ocr/jbrs/text/1965-i-am-deeply-thankful-u-aung-thaw-b-multiplicity-of-malapropism-in.txt	data/working/ocr/jbrs/metadata/1965-i-am-deeply-thankful-u-aung-thaw-b-multiplicity-of-malapropism-in.json	data_local/sources/jbrs_canonical_pdfs/1965-i-am-deeply-thankful-u-aung-thaw-b-multiplicity-of-malapropism-in.pdf	renamed_in_repo	
481043-3f84f5c285c2	481043.pdf	Burmese/Burma JBRS/1965/481043.pdf	1965-balugyun-sample-survey-thet-lwin.pdf	data/working/ocr/jbrs/text/1965-balugyun-sample-survey-thet-lwin.txt	data/working/ocr/jbrs/metadata/1965-balugyun-sample-survey-thet-lwin.json	data_local/sources/jbrs_canonical_pdfs/1965-balugyun-sample-survey-thet-lwin.pdf	deferred_outside_phase1_scope	
481057-e78cc302511d	481057.pdf	Burmese/Burma JBRS/1965/481057.pdf	1965-statistical-analysis-farm-size-and-current-expenditures.pdf	data/working/ocr/jbrs/text/1965-statistical-analysis-farm-size-and-current-expenditures.txt	data/working/ocr/jbrs/metadata/1965-statistical-analysis-farm-size-and-current-expenditures.json	data_local/sources/jbrs_canonical_pdfs/1965-statistical-analysis-farm-size-and-current-expenditures.pdf	deferred_outside_phase1_scope	
481077-aaf5d3aded8e	481077.pdf	Burmese/Burma JBRS/1965/481077.pdf	1965-antidysenterica-grown-burma-literature-survey-shows-that-large-phytochemical-studies-of-holarrhena.pdf	data/working/ocr/jbrs/text/1965-antidysenterica-grown-burma-literature-survey-shows-that-large-phytochemical-studies-of-holarrhena.txt	data/working/ocr/jbrs/metadata/1965-antidysenterica-grown-burma-literature-survey-shows-that-large-phytochemical-studies-of-holarrhena.json	data_local/sources/jbrs_canonical_pdfs/1965-antidysenterica-grown-burma-literature-survey-shows-that-large-phytochemical-studies-of-holarrhena.pdf	deferred_outside_phase1_scope	
481085-ef622cd3f289	481085.pdf	Burmese/Burma JBRS/1966/481085.pdf	1965-printed-university-press-copyright-myanmar-book-centre-book-industrial.pdf	data/working/ocr/jbrs/text/1965-printed-university-press-copyright-myanmar-book-centre-book-industrial.txt	data/working/ocr/jbrs/metadata/1965-printed-university-press-copyright-myanmar-book-centre-book-industrial.json	data_local/sources/jbrs_canonical_pdfs/1965-printed-university-press-copyright-myanmar-book-centre-book-industrial.pdf	deferred_outside_phase1_scope	
481099-de856021ac69	481099.pdf	Burmese/Burma JBRS/1965/481099.pdf	1965-flotation-monywa-copper-ore-tin-tun.pdf	data/working/ocr/jbrs/text/1965-flotation-monywa-copper-ore-tin-tun.txt	data/working/ocr/jbrs/metadata/1965-flotation-monywa-copper-ore-tin-tun.json	data_local/sources/jbrs_canonical_pdfs/1965-flotation-monywa-copper-ore-tin-tun.pdf	deferred_outside_phase1_scope	
482001-0293ed61f5dc	482001.pdf	Burmese/Burma JBRS/1965/482001.pdf	1965-some-aspects-marriage-under-burmese-buddhist-law-malayan-hla-aung.pdf	data/working/ocr/jbrs/text/1965-some-aspects-marriage-under-burmese-buddhist-law-malayan-hla-aung.txt	data/working/ocr/jbrs/metadata/1965-some-aspects-marriage-under-burmese-buddhist-law-malayan-hla-aung.json	data_local/sources/jbrs_canonical_pdfs/1965-some-aspects-marriage-under-burmese-buddhist-law-malayan-hla-aung.pdf	deferred_outside_phase1_scope	
482017-50d23a5f956e	482017.pdf	Burmese/Burma JBRS/JBRS Originals/482017.pdf	1965-king-mindon-world-fair-held-paris-documents-french-vivian-ba.pdf	data/working/ocr/jbrs/text/1965-king-mindon-world-fair-held-paris-documents-french-vivian-ba.txt	data/working/ocr/jbrs/metadata/1965-king-mindon-world-fair-held-paris-documents-french-vivian-ba.json	data_local/sources/jbrs_canonical_pdfs/1965-king-mindon-world-fair-held-paris-documents-french-vivian-ba.pdf	deferred_outside_phase1_scope	
482025-bd7332f1120a	482025.pdf	Burmese/Burma JBRS/JBRS Originals/482025.pdf	1965-emergence-burmese-nation-ba-han-scan-2.pdf	data/working/ocr/jbrs/text/1965-emergence-burmese-nation-ba-han-scan-2.txt	data/working/ocr/jbrs/metadata/1965-emergence-burmese-nation-ba-han-scan-2.json	data_local/sources/jbrs_canonical_pdfs/1965-emergence-burmese-nation-ba-han-scan-2.pdf	deferred_outside_phase1_scope	collision_with=1965-emergence-burmese-nation-ba-han
482039-7d6eee62a9bd	482039.pdf	Burmese/Burma JBRS/JBRS Originals/482039.pdf	1965-0-1-introductory-survey-studies.pdf	data/working/ocr/jbrs/text/1965-0-1-introductory-survey-studies.txt	data/working/ocr/jbrs/metadata/1965-0-1-introductory-survey-studies.json	data_local/sources/jbrs_canonical_pdfs/1965-0-1-introductory-survey-studies.pdf	deferred_outside_phase1_scope	
482065-87d9c38544cb	482065.pdf	Burmese/Burma JBRS/JBRS Originals/482065.pdf	482065.pdf	data/working/ocr/jbrs/text/482065-87d9c38544cb.txt	data/working/ocr/jbrs/metadata/482065-87d9c38544cb.json		needs_manual_review	
482079-8296aad3f021	482079.pdf	Burmese/Burma JBRS/1965/482079.pdf	482079.pdf	data/working/ocr/jbrs/text/482079-8296aad3f021.txt	data/working/ocr/jbrs/metadata/482079-8296aad3f021.json		needs_manual_review	
482083-9b536cc4fd94	482083.pdf	Burmese/Burma JBRS/1965/482083.pdf	482083.pdf	data/working/ocr/jbrs/text/482083-9b536cc4fd94.txt	data/working/ocr/jbrs/metadata/482083-9b536cc4fd94.json		needs_manual_review	
482099-e8b1474ff020	482099.pdf	Burmese/Burma JBRS/1965/482099.pdf	482099.pdf	data/working/ocr/jbrs/text/482099-e8b1474ff020.txt	data/working/ocr/jbrs/metadata/482099-e8b1474ff020.json		needs_manual_review	
491001-05ead68078f2	491001.pdf	Burmese/Burma JBRS/1966/491001.pdf	1966-evolution-burmese-dramatic-performances-and-festal-occasions.pdf	data/working/ocr/jbrs/text/1966-evolution-burmese-dramatic-performances-and-festal-occasions.txt	data/working/ocr/jbrs/metadata/1966-evolution-burmese-dramatic-performances-and-festal-occasions.json	data_local/sources/jbrs_canonical_pdfs/1966-evolution-burmese-dramatic-performances-and-festal-occasions.pdf	deferred_outside_phase1_scope	
491019-f90bbe22251e	491019.pdf	Burmese/Burma JBRS/1966/491019.pdf	1966-malapropism-u-lu-pe-win-hla-pe.pdf	data/working/ocr/jbrs/text/1966-malapropism-u-lu-pe-win-hla-pe.txt	data/working/ocr/jbrs/metadata/1966-malapropism-u-lu-pe-win-hla-pe.json	data_local/sources/jbrs_canonical_pdfs/1966-malapropism-u-lu-pe-win-hla-pe.pdf	deferred_outside_phase1_scope	
491029-28f8ec24e8b7	491029.pdf	Burmese/Burma JBRS/1966/491029.pdf	1966-mindon-min-s-development-plan-i.pdf	data/working/ocr/jbrs/text/1966-mindon-min-s-development-plan-i.txt	data/working/ocr/jbrs/metadata/1966-mindon-min-s-development-plan-i.json	data_local/sources/jbrs_canonical_pdfs/1966-mindon-min-s-development-plan-i.pdf	deferred_outside_phase1_scope	
491050-6d56c0f47e2b	491050.pdf	Burmese/Burma JBRS/JBRS Originals/491050.pdf	491050.pdf	data/working/ocr/jbrs/text/491050-6d56c0f47e2b.txt	data/working/ocr/jbrs/metadata/491050-6d56c0f47e2b.json		needs_manual_review	
491071-78314926c661	491071.pdf	Burmese/Burma JBRS/1966/491071.pdf	491071.pdf	data/working/ocr/jbrs/text/491071-78314926c661.txt	data/working/ocr/jbrs/metadata/491071-78314926c661.json		needs_manual_review	
492145-c59ff42645f1	492145.pdf	Burmese/Burma JBRS/JBRS Originals/492145.pdf	1966-relations-between-burma-chylon-c-e-godakumbura.pdf	data/working/ocr/jbrs/text/1966-relations-between-burma-chylon-c-e-godakumbura.txt	data/working/ocr/jbrs/metadata/1966-relations-between-burma-chylon-c-e-godakumbura.json	data_local/sources/jbrs_canonical_pdfs/1966-relations-between-burma-chylon-c-e-godakumbura.pdf	renamed_in_repo	
492163-6ae8a734172f	492163.pdf	Burmese/Burma JBRS/1966/492163.pdf	1966-code-versus-custom-development-a-historical-accident.pdf	data/working/ocr/jbrs/text/1966-code-versus-custom-development-a-historical-accident.txt	data/working/ocr/jbrs/metadata/1966-code-versus-custom-development-a-historical-accident.json	data_local/sources/jbrs_canonical_pdfs/1966-code-versus-custom-development-a-historical-accident.pdf	deferred_outside_phase1_scope	
492173-5a43ce2b6fcf	492173.pdf	Burmese/Burma JBRS/1966/492173.pdf	1966-origin-development-dhammathats-maung-kyin-swi.pdf	data/working/ocr/jbrs/text/1966-origin-development-dhammathats-maung-kyin-swi.txt	data/working/ocr/jbrs/metadata/1966-origin-development-dhammathats-maung-kyin-swi.json	data_local/sources/jbrs_canonical_pdfs/1966-origin-development-dhammathats-maung-kyin-swi.pdf	renamed_in_repo	
492207-8de972966cb4	492207.pdf	Burmese/Burma JBRS/1966/492207.pdf	1966-david-lester-richardson-diplomat-explorer-r-r-langham-carter.pdf	data/working/ocr/jbrs/text/1966-david-lester-richardson-diplomat-explorer-r-r-langham-carter.txt	data/working/ocr/jbrs/metadata/1966-david-lester-richardson-diplomat-explorer-r-r-langham-carter.json	data_local/sources/jbrs_canonical_pdfs/1966-david-lester-richardson-diplomat-explorer-r-r-langham-carter.pdf	deferred_outside_phase1_scope	
492219-f8b8032df969	492219.pdf	Burmese/Burma JBRS/1966/492219.pdf	1966-new-species-fish-inle-lake-southern-shan-state-silurus-burmanensis.pdf	data/working/ocr/jbrs/text/1966-new-species-fish-inle-lake-southern-shan-state-silurus-burmanensis.txt	data/working/ocr/jbrs/metadata/1966-new-species-fish-inle-lake-southern-shan-state-silurus-burmanensis.json	data_local/sources/jbrs_canonical_pdfs/1966-new-species-fish-inle-lake-southern-shan-state-silurus-burmanensis.pdf	deferred_outside_phase1_scope	
492223-c3e13f97a9c9	492223.pdf	Burmese/Burma JBRS/1966/492223.pdf	492223.pdf	data/working/ocr/jbrs/text/492223-c3e13f97a9c9.txt	data/working/ocr/jbrs/metadata/492223-c3e13f97a9c9.json		needs_manual_review	
492225-22f6d60f8026	492225.pdf	Burmese/Burma JBRS/1966/492225.pdf	1966-untitled-at.pdf	data/working/ocr/jbrs/text/1966-untitled-at.txt	data/working/ocr/jbrs/metadata/1966-untitled-at.json	data_local/sources/jbrs_canonical_pdfs/1966-untitled-at.pdf	deferred_outside_phase1_scope	
501001-e9409c452f47	501001.pdf	Burmese/Burma JBRS/1967/501001.pdf	1967-survey-some-energy-sources-burma-maung-maung-kha.pdf	data/working/ocr/jbrs/text/1967-survey-some-energy-sources-burma-maung-maung-kha.txt	data/working/ocr/jbrs/metadata/1967-survey-some-energy-sources-burma-maung-maung-kha.json	data_local/sources/jbrs_canonical_pdfs/1967-survey-some-energy-sources-burma-maung-maung-kha.pdf	deferred_outside_phase1_scope	
501011-adef3405a586	501011.pdf	Burmese/Burma JBRS/JBRS Originals/501011.pdf	501011.pdf	data/working/ocr/jbrs/text/501011-adef3405a586.txt	data/working/ocr/jbrs/metadata/501011-adef3405a586.json		needs_manual_review	
501021-054d64f3ec44	501021.pdf	Burmese/Burma JBRS/JBRS Originals/501021.pdf	501021.pdf	data/working/ocr/jbrs/text/501021-054d64f3ec44.txt	data/working/ocr/jbrs/metadata/501021-054d64f3ec44.json		needs_manual_review	
501033-54afe0f6e308	501033.pdf	Burmese/Burma JBRS/1967/501033.pdf	1967-malapropism-my-reply-dr-hla-pe-hla-pe.pdf	data/working/ocr/jbrs/text/1967-malapropism-my-reply-dr-hla-pe-hla-pe.txt	data/working/ocr/jbrs/metadata/1967-malapropism-my-reply-dr-hla-pe-hla-pe.json	data_local/sources/jbrs_canonical_pdfs/1967-malapropism-my-reply-dr-hla-pe-hla-pe.pdf	deferred_outside_phase1_scope	
501047-58b1b8ae2cea	501047.pdf	Burmese/Burma JBRS/1967/501047.pdf	1967-neologisms-english-burmese-introduction.pdf	data/working/ocr/jbrs/text/1967-neologisms-english-burmese-introduction.txt	data/working/ocr/jbrs/metadata/1967-neologisms-english-burmese-introduction.json	data_local/sources/jbrs_canonical_pdfs/1967-neologisms-english-burmese-introduction.pdf	deferred_outside_phase1_scope	
501071-33ad42532a5b	501071.pdf	Burmese/Burma JBRS/1967/501071.pdf	1967-tentative-list-mon-loan-words-burmese-hla-pe.pdf	data/working/ocr/jbrs/text/1967-tentative-list-mon-loan-words-burmese-hla-pe.txt	data/working/ocr/jbrs/metadata/1967-tentative-list-mon-loan-words-burmese-hla-pe.json	data_local/sources/jbrs_canonical_pdfs/1967-tentative-list-mon-loan-words-burmese-hla-pe.pdf	deferred_outside_phase1_scope	
501095-5959f008b473	501095.PDF	Burmese/Burma JBRS/JBRS Originals/501095.PDF	501095.PDF	data/working/ocr/jbrs/text/501095-5959f008b473.txt	data/working/ocr/jbrs/metadata/501095-5959f008b473.json		needs_manual_review	
501125-91755ef7b530	501125.pdf	Burmese/Burma JBRS/1967/501125.pdf	1967-dictionaries-national-races-union-burma-summary.pdf	data/working/ocr/jbrs/text/1967-dictionaries-national-races-union-burma-summary.txt	data/working/ocr/jbrs/metadata/1967-dictionaries-national-races-union-burma-summary.json	data_local/sources/jbrs_canonical_pdfs/1967-dictionaries-national-races-union-burma-summary.pdf	deferred_outside_phase1_scope	
502177-9b894ba0f8dd	502177.pdf	Burmese/Burma JBRS/1967/502177.pdf	1967-1-hla-pe.pdf	data/working/ocr/jbrs/text/1967-1-hla-pe.txt	data/working/ocr/jbrs/metadata/1967-1-hla-pe.json	data_local/sources/jbrs_canonical_pdfs/1967-1-hla-pe.pdf	deferred_outside_phase1_scope	
502195-f6e6811cfe79	502195.pdf	Burmese/Burma JBRS/1967/502195.pdf	1967-1-introduction-compound-nouns-burmese-dr-k-forbes-k-forbes.pdf	data/working/ocr/jbrs/text/1967-1-introduction-compound-nouns-burmese-dr-k-forbes-k-forbes.txt	data/working/ocr/jbrs/metadata/1967-1-introduction-compound-nouns-burmese-dr-k-forbes-k-forbes.json	data_local/sources/jbrs_canonical_pdfs/1967-1-introduction-compound-nouns-burmese-dr-k-forbes-k-forbes.pdf	deferred_outside_phase1_scope	
502223-e24054f60a82	502223.pdf	Burmese/Burma JBRS/JBRS Originals/502223.pdf	1967-burmese-calender-lu-pe-win-scan-2.pdf	data/working/ocr/jbrs/text/1967-burmese-calender-lu-pe-win-scan-2.txt	data/working/ocr/jbrs/metadata/1967-burmese-calender-lu-pe-win-scan-2.json	data_local/sources/jbrs_canonical_pdfs/1967-burmese-calender-lu-pe-win-scan-2.pdf	renamed_in_repo	collision_with=1967-burmese-calender-lu-pe-win
502245-9798d74ff8a5	502245.pdf	Burmese/Burma JBRS/1967/502245.pdf	1967-state-law-contemporary-i.pdf	data/working/ocr/jbrs/text/1967-state-law-contemporary-i.txt	data/working/ocr/jbrs/metadata/1967-state-law-contemporary-i.json	data_local/sources/jbrs_canonical_pdfs/1967-state-law-contemporary-i.pdf	deferred_outside_phase1_scope	
502263-711176a1a7d5	502263.pdf	Burmese/Burma JBRS/1967/502263.pdf	1967-prosodic-analysis-burmese-syllable-initial-0-1-2-features.pdf	data/working/ocr/jbrs/text/1967-prosodic-analysis-burmese-syllable-initial-0-1-2-features.txt	data/working/ocr/jbrs/metadata/1967-prosodic-analysis-burmese-syllable-initial-0-1-2-features.json	data_local/sources/jbrs_canonical_pdfs/1967-prosodic-analysis-burmese-syllable-initial-0-1-2-features.pdf	deferred_outside_phase1_scope	
502285-a2e4d0ca5eb0	502285.pdf	Burmese/Burma JBRS/1967/502285.pdf	1967-meaning-significance-dhammacakka.pdf	data/working/ocr/jbrs/text/1967-meaning-significance-dhammacakka.txt	data/working/ocr/jbrs/metadata/1967-meaning-significance-dhammacakka.json	data_local/sources/jbrs_canonical_pdfs/1967-meaning-significance-dhammacakka.pdf	deferred_outside_phase1_scope	
511001-dbefb05f2ab9	511001.pdf	Burmese/Burma JBRS/JBRS Originals/511001.pdf	511001.pdf	data/working/ocr/jbrs/text/511001-dbefb05f2ab9.txt	data/working/ocr/jbrs/metadata/511001-dbefb05f2ab9.json		needs_manual_review	
511009-750aff54672f	511009.pdf	Burmese/Burma JBRS/JBRS Originals/511009.pdf	1968-aspects-burmese-rural-life-old-ba-han.pdf	data/working/ocr/jbrs/text/1968-aspects-burmese-rural-life-old-ba-han.txt	data/working/ocr/jbrs/metadata/1968-aspects-burmese-rural-life-old-ba-han.json	data_local/sources/jbrs_canonical_pdfs/1968-aspects-burmese-rural-life-old-ba-han.pdf	deferred_outside_phase1_scope	
511017-c0462c88e09f	511017.pdf	Burmese/Burma JBRS/1968/511017.pdf	1968-attitudes-burmese-men-women-male-dominance-in-the-family.pdf	data/working/ocr/jbrs/text/1968-attitudes-burmese-men-women-male-dominance-in-the-family.txt	data/working/ocr/jbrs/metadata/1968-attitudes-burmese-men-women-male-dominance-in-the-family.json	data_local/sources/jbrs_canonical_pdfs/1968-attitudes-burmese-men-women-male-dominance-in-the-family.pdf	deferred_outside_phase1_scope	
511023-7763e9d5dd2e	511023.pdf	Burmese/Burma JBRS/1968/511023.pdf	1968-some-examples-depletion-meaning-burmese-kathleen-forbes.pdf	data/working/ocr/jbrs/text/1968-some-examples-depletion-meaning-burmese-kathleen-forbes.txt	data/working/ocr/jbrs/metadata/1968-some-examples-depletion-meaning-burmese-kathleen-forbes.json	data_local/sources/jbrs_canonical_pdfs/1968-some-examples-depletion-meaning-burmese-kathleen-forbes.pdf	deferred_outside_phase1_scope	
511029-d2a02a219c75	511029.pdf	Burmese/Burma JBRS/JBRS Originals/511029.pdf	1968-burma-languages-g-h-luce-scan-2.pdf	data/working/ocr/jbrs/text/1968-burma-languages-g-h-luce-scan-2.txt	data/working/ocr/jbrs/metadata/1968-burma-languages-g-h-luce-scan-2.json	data_local/sources/jbrs_canonical_pdfs/1968-burma-languages-g-h-luce-scan-2.pdf	deferred_outside_phase1_scope	duplicate_of=1968-burmeselanguages-luce1968-pdf; collision_with=1968-burma-languages-g-h-luce
512097-bb6772843f6f	512097.pdf	Burmese/Burma JBRS/JBRS Originals/512097.pdf	1968-assam-origins-relation-oceania-j-h-hutton.pdf	data/working/ocr/jbrs/text/1968-assam-origins-relation-oceania-j-h-hutton.txt	data/working/ocr/jbrs/metadata/1968-assam-origins-relation-oceania-j-h-hutton.json	data_local/sources/jbrs_canonical_pdfs/1968-assam-origins-relation-oceania-j-h-hutton.pdf	deferred_outside_phase1_scope	
512125-83c8c6ce8ff5	512125.pdf	Burmese/Burma JBRS/1968/512125.pdf	1968-rise-popular-literature-burma-hla-pe2-burma-has-hla-pe.pdf	data/working/ocr/jbrs/text/1968-rise-popular-literature-burma-hla-pe2-burma-has-hla-pe.txt	data/working/ocr/jbrs/metadata/1968-rise-popular-literature-burma-hla-pe2-burma-has-hla-pe.json	data_local/sources/jbrs_canonical_pdfs/1968-rise-popular-literature-burma-hla-pe2-burma-has-hla-pe.pdf	renamed_in_repo	
512145-88494fda7a12	512145.pdf	Burmese/Burma JBRS/1968/512145.pdf	1968-1-preliminary-alphabetical-order-burmese-1-john-okell.pdf	data/working/ocr/jbrs/text/1968-1-preliminary-alphabetical-order-burmese-1-john-okell.txt	data/working/ocr/jbrs/metadata/1968-1-preliminary-alphabetical-order-burmese-1-john-okell.json	data_local/sources/jbrs_canonical_pdfs/1968-1-preliminary-alphabetical-order-burmese-1-john-okell.pdf	deferred_outside_phase1_scope	
512173-a3516d020bab	512173.pdf	Burmese/Burma JBRS/JBRS Originals/512173.pdf	1968-1629-48-administration-under-king-thalun.pdf	data/working/ocr/jbrs/text/1968-1629-48-administration-under-king-thalun.txt	data/working/ocr/jbrs/metadata/1968-1629-48-administration-under-king-thalun.json	data_local/sources/jbrs_canonical_pdfs/1968-1629-48-administration-under-king-thalun.pdf	deferred_outside_phase1_scope	
512189-a68f668e4e8a	512189.pdf	Burmese/Burma JBRS/1968/512189.pdf	1968-maha-tharay-sithu-u-ba-lwin-u-ba-obituary-note.pdf	data/working/ocr/jbrs/text/1968-maha-tharay-sithu-u-ba-lwin-u-ba-obituary-note.txt	data/working/ocr/jbrs/metadata/1968-maha-tharay-sithu-u-ba-lwin-u-ba-obituary-note.json	data_local/sources/jbrs_canonical_pdfs/1968-maha-tharay-sithu-u-ba-lwin-u-ba-obituary-note.pdf	deferred_outside_phase1_scope	
512191-bffc528053e7	512191.pdf	Burmese/Burma JBRS/1968/512191.pdf	512191.pdf	data/working/ocr/jbrs/text/512191-bffc528053e7.txt	data/working/ocr/jbrs/metadata/512191-bffc528053e7.json		needs_manual_review	
521001-a16f5f693959	521001.pdf	Burmese/Burma JBRS/1969/521001.pdf	1969-5-bore-that-title-chapada-and-chapada-saddhammajotipala.pdf	data/working/ocr/jbrs/text/1969-5-bore-that-title-chapada-and-chapada-saddhammajotipala.txt	data/working/ocr/jbrs/metadata/1969-5-bore-that-title-chapada-and-chapada-saddhammajotipala.json	data_local/sources/jbrs_canonical_pdfs/1969-5-bore-that-title-chapada-and-chapada-saddhammajotipala.pdf	deferred_outside_phase1_scope	
521009-96d64d4a1227	521009.pdf	Burmese/Burma JBRS/JBRS Originals/521009.pdf	1969-neolithic-culture-padah-lin-caves-aung-thaw.pdf	data/working/ocr/jbrs/text/1969-neolithic-culture-padah-lin-caves-aung-thaw.txt	data/working/ocr/jbrs/metadata/1969-neolithic-culture-padah-lin-caves-aung-thaw.json	data_local/sources/jbrs_canonical_pdfs/1969-neolithic-culture-padah-lin-caves-aung-thaw.pdf	deferred_outside_phase1_scope	
521025-c2d6a342dd74	521025.pdf	Burmese/Burma JBRS/1969/521025.pdf	1969-untitled-ba-han.pdf	data/working/ocr/jbrs/text/1969-untitled-ba-han.txt	data/working/ocr/jbrs/metadata/1969-untitled-ba-han.json	data_local/sources/jbrs_canonical_pdfs/1969-untitled-ba-han.pdf	deferred_outside_phase1_scope	
521027-79b9ed779984	521027.pdf	Burmese/Burma JBRS/1969/521027.pdf	521027.pdf	data/working/ocr/jbrs/text/521027-79b9ed779984.txt	data/working/ocr/jbrs/metadata/521027-79b9ed779984.json		needs_manual_review	
521082-f377a63c4476	521082.pdf	Burmese/Burma JBRS/JBRS Originals/521082.pdf	521082.pdf	data/working/ocr/jbrs/text/521082-f377a63c4476.txt	data/working/ocr/jbrs/metadata/521082-f377a63c4476.json		needs_manual_review	
522001-2a3415f67469	522001.pdf	Burmese/Burma JBRS/1969/522001.pdf	1969-provincial-contract-system-exploitation.pdf	data/working/ocr/jbrs/text/1969-provincial-contract-system-exploitation.txt	data/working/ocr/jbrs/metadata/1969-provincial-contract-system-exploitation.json	data_local/sources/jbrs_canonical_pdfs/1969-provincial-contract-system-exploitation.pdf	deferred_outside_phase1_scope	
522027-5a0fb4e70541	522027.pdf	Burmese/Burma JBRS/1969/522027.pdf	1969-burmese-concept-law-by.pdf	data/working/ocr/jbrs/text/1969-burmese-concept-law-by.txt	data/working/ocr/jbrs/metadata/1969-burmese-concept-law-by.json	data_local/sources/jbrs_canonical_pdfs/1969-burmese-concept-law-by.pdf	deferred_outside_phase1_scope	
522043-44fee62cc61a	522043.pdf	Burmese/Burma JBRS/1969/522043.pdf	1969-parts-speech-burmese-burmese-qualifiers-kathleen-forbes.pdf	data/working/ocr/jbrs/text/1969-parts-speech-burmese-burmese-qualifiers-kathleen-forbes.txt	data/working/ocr/jbrs/metadata/1969-parts-speech-burmese-burmese-qualifiers-kathleen-forbes.json	data_local/sources/jbrs_canonical_pdfs/1969-parts-speech-burmese-burmese-qualifiers-kathleen-forbes.pdf	deferred_outside_phase1_scope	
522067-3e938b822ba7	522067.pdf	Burmese/Burma JBRS/1969/522067.pdf	1969-village-administration-upper-burma-during-87-ma-kyan.pdf	data/working/ocr/jbrs/text/1969-village-administration-upper-burma-during-87-ma-kyan.txt	data/working/ocr/jbrs/metadata/1969-village-administration-upper-burma-during-87-ma-kyan.json	data_local/sources/jbrs_canonical_pdfs/1969-village-administration-upper-burma-during-87-ma-kyan.pdf	deferred_outside_phase1_scope	
522081-52bfbf6bac34	522081.pdf	Burmese/Burma JBRS/JBRS Originals/522081.pdf	522081.pdf	data/working/ocr/jbrs/text/522081-52bfbf6bac34.txt	data/working/ocr/jbrs/metadata/522081-52bfbf6bac34.json		needs_manual_review	
522081-804ebeadbaaa	522081.pdf	Burmese/Burma JBRS/1969/522081.pdf	522081.pdf	data/working/ocr/jbrs/text/522081-804ebeadbaaa.txt	data/working/ocr/jbrs/metadata/522081-804ebeadbaaa.json		needs_manual_review	
531001-12d68eece0a6	531001.pdf	Burmese/Burma JBRS/1969/531001.pdf	1969-some-cognate-words-burmese-other-tibeto-1-introduction-burman-languages.pdf	data/working/ocr/jbrs/text/1969-some-cognate-words-burmese-other-tibeto-1-introduction-burman-languages.txt	data/working/ocr/jbrs/metadata/1969-some-cognate-words-burmese-other-tibeto-1-introduction-burman-languages.json	data_local/sources/jbrs_canonical_pdfs/1969-some-cognate-words-burmese-other-tibeto-1-introduction-burman-languages.pdf	deferred_outside_phase1_scope	
531025-5721e89a1fce	531025.pdf	Burmese/Burma JBRS/1970/531025.pdf	1970-western-enterprise-economic-development-burma-by.pdf	data/working/ocr/jbrs/text/1970-western-enterprise-economic-development-burma-by.txt	data/working/ocr/jbrs/metadata/1970-western-enterprise-economic-development-burma-by.json	data_local/sources/jbrs_canonical_pdfs/1970-western-enterprise-economic-development-burma-by.pdf	deferred_outside_phase1_scope	
531053-277c49f9765c	531053.pdf	Burmese/Burma JBRS/JBRS Originals/531053.pdf	1970-estimation-articles-burmese-history-published-70-by-scan-2.pdf	data/working/ocr/jbrs/text/1970-estimation-articles-burmese-history-published-70-by-scan-2.txt	data/working/ocr/jbrs/metadata/1970-estimation-articles-burmese-history-published-70-by-scan-2.json	data_local/sources/jbrs_canonical_pdfs/1970-estimation-articles-burmese-history-published-70-by-scan-2.pdf	renamed_in_repo	collision_with=1970-estimation-articles-burmese-history-published-70-by
531067-5ad28de9cedd	531067.pdf	Burmese/Burma JBRS/1970/531067.pdf	531067.pdf	data/working/ocr/jbrs/text/531067-5ad28de9cedd.txt	data/working/ocr/jbrs/metadata/531067-5ad28de9cedd.json		needs_manual_review	
531084-ac0c3bc6097d	531084.pdf	Burmese/Burma JBRS/1970/531084.pdf	531084.pdf	data/working/ocr/jbrs/text/531084-ac0c3bc6097d.txt	data/working/ocr/jbrs/metadata/531084-ac0c3bc6097d.json		needs_manual_review	
532001-54ea9d686222	532001.pdf	Burmese/Burma JBRS/JBRS Originals/532001.pdf	1970-arakanese-capitals-preliminary-survey-their-geographical-siting.pdf	data/working/ocr/jbrs/text/1970-arakanese-capitals-preliminary-survey-their-geographical-siting.txt	data/working/ocr/jbrs/metadata/1970-arakanese-capitals-preliminary-survey-their-geographical-siting.json	data_local/sources/jbrs_canonical_pdfs/1970-arakanese-capitals-preliminary-survey-their-geographical-siting.pdf	deferred_outside_phase1_scope	
532015-bf55dc76c0f6	532015.pdf	Burmese/Burma JBRS/1970/532015.pdf	1970-diplomatic-documents-relating-burmese-italian-treaty-study-documents-racchia.pdf	data/working/ocr/jbrs/text/1970-diplomatic-documents-relating-burmese-italian-treaty-study-documents-racchia.txt	data/working/ocr/jbrs/metadata/1970-diplomatic-documents-relating-burmese-italian-treaty-study-documents-racchia.json	data_local/sources/jbrs_canonical_pdfs/1970-diplomatic-documents-relating-burmese-italian-treaty-study-documents-racchia.pdf	deferred_outside_phase1_scope	
532055-b29c344316ea	532055.pdf	Burmese/Burma JBRS/JBRS Originals/532055.pdf	532055.pdf	data/working/ocr/jbrs/text/532055-b29c344316ea.txt	data/working/ocr/jbrs/metadata/532055-b29c344316ea.json		needs_manual_review	
532065-ae5d457db89a	532065.pdf	Burmese/Burma JBRS/JBRS Originals/532065.pdf	1970-burmese-embassy-italy-hitherto-unpublished-documents-italian-sources-translated-and-annotated-by-scan-2.pdf	data/working/ocr/jbrs/text/1970-burmese-embassy-italy-hitherto-unpublished-documents-italian-sources-translated-and-annotated-by-scan-2.txt	data/working/ocr/jbrs/metadata/1970-burmese-embassy-italy-hitherto-unpublished-documents-italian-sources-translated-and-annotated-by-scan-2.json	data_local/sources/jbrs_canonical_pdfs/1970-burmese-embassy-italy-hitherto-unpublished-documents-italian-sources-translated-and-annotated-by-scan-2.pdf	deferred_outside_phase1_scope	collision_with=1970-burmese-embassy-italy-hitherto-unpublished-documents-italian-sources-translated-and-annotated-by
541001-5d390a5034ab	541001.pdf	Burmese/Burma JBRS/JBRS Originals/541001.pdf	1971-old-burma-early-pagan-a-radical-review.pdf	data/working/ocr/jbrs/text/1971-old-burma-early-pagan-a-radical-review.txt	data/working/ocr/jbrs/metadata/1971-old-burma-early-pagan-a-radical-review.json	data_local/sources/jbrs_canonical_pdfs/1971-old-burma-early-pagan-a-radical-review.pdf	renamed_in_repo	
541031-f0ff252c754e	541031.pdf	Burmese/Burma JBRS/JBRS Originals/541031.pdf	1971-documents-french-foreign-ministry-prince-myngoon-s-odyssey.pdf	data/working/ocr/jbrs/text/1971-documents-french-foreign-ministry-prince-myngoon-s-odyssey.txt	data/working/ocr/jbrs/metadata/1971-documents-french-foreign-ministry-prince-myngoon-s-odyssey.json	data_local/sources/jbrs_canonical_pdfs/1971-documents-french-foreign-ministry-prince-myngoon-s-odyssey.pdf	deferred_outside_phase1_scope	
541059-193dbfebe909	541059.pdf	Burmese/Burma JBRS/1971/541059.pdf	1971-burmese-poetry-1300-hla-pe.pdf	data/working/ocr/jbrs/text/1971-burmese-poetry-1300-hla-pe.txt	data/working/ocr/jbrs/metadata/1971-burmese-poetry-1300-hla-pe.json	data_local/sources/jbrs_canonical_pdfs/1971-burmese-poetry-1300-hla-pe.pdf	deferred_outside_phase1_scope	
541059-b5548d957006	541059.pdf	Burmese/Burma JBRS/JBRS Originals/541059.pdf	541059.pdf	data/working/ocr/jbrs/text/541059-b5548d957006.txt	data/working/ocr/jbrs/metadata/541059-b5548d957006.json		needs_manual_review	
541115-aea7863f5b7e	541115.pdf	Burmese/Burma JBRS/JBRS Originals/541115.pdf	1971-110th-anniversary-gallo-manuscript-vivian-ba.pdf	data/working/ocr/jbrs/text/1971-110th-anniversary-gallo-manuscript-vivian-ba.txt	data/working/ocr/jbrs/metadata/1971-110th-anniversary-gallo-manuscript-vivian-ba.json	data_local/sources/jbrs_canonical_pdfs/1971-110th-anniversary-gallo-manuscript-vivian-ba.pdf	deferred_outside_phase1_scope	
551001-288f1cafacb0	551001.pdf	Burmese/Burma JBRS/JBRS Originals/551001.pdf	1972-some-trends-scientific-research-f-ba-hli.pdf	data/working/ocr/jbrs/text/1972-some-trends-scientific-research-f-ba-hli.txt	data/working/ocr/jbrs/metadata/1972-some-trends-scientific-research-f-ba-hli.json	data_local/sources/jbrs_canonical_pdfs/1972-some-trends-scientific-research-f-ba-hli.pdf	deferred_outside_phase1_scope	
551009-a1da1a27ffb0	551009.pdf	Burmese/Burma JBRS/JBRS Originals/551009.pdf	1972-mon-copper-plate-national-library-bangkok-scan-2.pdf	data/working/ocr/jbrs/text/1972-mon-copper-plate-national-library-bangkok-scan-2.txt	data/working/ocr/jbrs/metadata/1972-mon-copper-plate-national-library-bangkok-scan-2.json	data_local/sources/jbrs_canonical_pdfs/1972-mon-copper-plate-national-library-bangkok-scan-2.pdf	renamed_in_repo	collision_with=1972-mon-copper-plate-national-library-bangkok
551019-34dba7e5ac25	551019.pdf	Burmese/Burma JBRS/1972/551019.pdf	1972-role-literature-nation-building-special-reference-burma-tin-htway.pdf	data/working/ocr/jbrs/text/1972-role-literature-nation-building-special-reference-burma-tin-htway.txt	data/working/ocr/jbrs/metadata/1972-role-literature-nation-building-special-reference-burma-tin-htway.json	data_local/sources/jbrs_canonical_pdfs/1972-role-literature-nation-building-special-reference-burma-tin-htway.pdf	renamed_in_repo	
551047-4319c4d8dfb4	551047.pdf	Burmese/Burma JBRS/1972/551047.pdf	1972-grammar-analysis-pale-clauses-pharases-introduction.pdf	data/working/ocr/jbrs/text/1972-grammar-analysis-pale-clauses-pharases-introduction.txt	data/working/ocr/jbrs/metadata/1972-grammar-analysis-pale-clauses-pharases-introduction.json	data_local/sources/jbrs_canonical_pdfs/1972-grammar-analysis-pale-clauses-pharases-introduction.pdf	deferred_outside_phase1_scope	
551101-1a7b211be44e	551101.pdf	Burmese/Burma JBRS/JBRS Originals/551101.pdf	1972-coptright-myanmar-book-centre-book-promotion-service-ltd-ba-shin.pdf	data/working/ocr/jbrs/text/1972-coptright-myanmar-book-centre-book-promotion-service-ltd-ba-shin.txt	data/working/ocr/jbrs/metadata/1972-coptright-myanmar-book-centre-book-promotion-service-ltd-ba-shin.json	data_local/sources/jbrs_canonical_pdfs/1972-coptright-myanmar-book-centre-book-promotion-service-ltd-ba-shin.pdf	deferred_outside_phase1_scope	
561001-20676fae98a7	561001.pdf	Burmese/Burma JBRS/1973/561001.pdf	1973-public-finance-public-policy-burma-1-introduction-aye-hlaing.pdf	data/working/ocr/jbrs/text/1973-public-finance-public-policy-burma-1-introduction-aye-hlaing.txt	data/working/ocr/jbrs/metadata/1973-public-finance-public-policy-burma-1-introduction-aye-hlaing.json	data_local/sources/jbrs_canonical_pdfs/1973-public-finance-public-policy-burma-1-introduction-aye-hlaing.pdf	deferred_outside_phase1_scope	
561031-abba8fd405a5	561031.pdf	Burmese/Burma JBRS/JBRS Originals/561031.pdf	561031.pdf	data/working/ocr/jbrs/text/561031-abba8fd405a5.txt	data/working/ocr/jbrs/metadata/561031-abba8fd405a5.json		needs_manual_review	
561047-a08dfe2df947	561047.pdf	Burmese/Burma JBRS/1973/561047.pdf	1973-kinwun-mingyi-s-mission-court-versailles-htin-aung.pdf	data/working/ocr/jbrs/text/1973-kinwun-mingyi-s-mission-court-versailles-htin-aung.txt	data/working/ocr/jbrs/metadata/1973-kinwun-mingyi-s-mission-court-versailles-htin-aung.json	data_local/sources/jbrs_canonical_pdfs/1973-kinwun-mingyi-s-mission-court-versailles-htin-aung.pdf	deferred_outside_phase1_scope	
561059-6e510ea34a40	561059.pdf	Burmese/Burma JBRS/JBRS Originals/561059.pdf	1973-u-mya-retired-superintendent-archaeological-survey-burma-honorary-thiripyanchi-mya.pdf	data/working/ocr/jbrs/text/1973-u-mya-retired-superintendent-archaeological-survey-burma-honorary-thiripyanchi-mya.txt	data/working/ocr/jbrs/metadata/1973-u-mya-retired-superintendent-archaeological-survey-burma-honorary-thiripyanchi-mya.json	data_local/sources/jbrs_canonical_pdfs/1973-u-mya-retired-superintendent-archaeological-survey-burma-honorary-thiripyanchi-mya.pdf	deferred_outside_phase1_scope	
561061-932ad0baa12f	561061.pdf	Burmese/Burma JBRS/1973/561061.pdf	1973-our-late-lamented-professor-pe-maung-tin-burma-pe-maung-tin.pdf	data/working/ocr/jbrs/text/1973-our-late-lamented-professor-pe-maung-tin-burma-pe-maung-tin.txt	data/working/ocr/jbrs/metadata/1973-our-late-lamented-professor-pe-maung-tin-burma-pe-maung-tin.json	data_local/sources/jbrs_canonical_pdfs/1973-our-late-lamented-professor-pe-maung-tin-burma-pe-maung-tin.pdf	deferred_outside_phase1_scope	
561069-dedf4ac8d983	561069.pdf	Burmese/Burma JBRS/1973/561069.pdf	1973-troublesome-tonal-tokens-burmese-language-lu-pe-win.pdf	data/working/ocr/jbrs/text/1973-troublesome-tonal-tokens-burmese-language-lu-pe-win.txt	data/working/ocr/jbrs/metadata/1973-troublesome-tonal-tokens-burmese-language-lu-pe-win.json	data_local/sources/jbrs_canonical_pdfs/1973-troublesome-tonal-tokens-burmese-language-lu-pe-win.pdf	renamed_in_repo	
561098-a075d9393958	561098.pdf	Burmese/Burma JBRS/1973/561098.pdf	561098.pdf	data/working/ocr/jbrs/text/561098-a075d9393958.txt	data/working/ocr/jbrs/metadata/561098-a075d9393958.json		needs_manual_review	
571001-da9c84549c18	571001.pdf	Burmese/Burma JBRS/JBRS Originals/571001.pdf	571001.pdf	data/working/ocr/jbrs/text/571001-da9c84549c18.txt	data/working/ocr/jbrs/metadata/571001-da9c84549c18.json		needs_manual_review	
581001-be5a2bce5392	581001.pdf	Burmese/Burma JBRS/JBRS Originals/581001.pdf	1975-three-unpublished-papers-harvey-introduced-explained-and.pdf	data/working/ocr/jbrs/text/1975-three-unpublished-papers-harvey-introduced-explained-and.txt	data/working/ocr/jbrs/metadata/1975-three-unpublished-papers-harvey-introduced-explained-and.json	data_local/sources/jbrs_canonical_pdfs/1975-three-unpublished-papers-harvey-introduced-explained-and.pdf	deferred_outside_phase1_scope	
581053-41496a2a01b9	581053_1975 ComparativeOldModernBurmese.pdf	Pe Maung Tin/581053_1975 ComparativeOldModernBurmese.pdf	581053_1975 ComparativeOldModernBurmese.pdf	data/working/ocr/jbrs/text/581053-41496a2a01b9.txt	data/working/ocr/jbrs/metadata/581053-41496a2a01b9.json		needs_manual_review	
581079-7dd15c7303fe	581079.pdf	Burmese/Burma JBRS/1975/581079.pdf	1975-some-thoughts-united-nations-development-decades.pdf	data/working/ocr/jbrs/text/1975-some-thoughts-united-nations-development-decades.txt	data/working/ocr/jbrs/metadata/1975-some-thoughts-united-nations-development-decades.json	data_local/sources/jbrs_canonical_pdfs/1975-some-thoughts-united-nations-development-decades.pdf	deferred_outside_phase1_scope	
581093-bbd8cadb5e11	581093.pdf	Burmese/Burma JBRS/JBRS Originals/581093.pdf	1975-buddhaghosa-burma-lu-pe-win.pdf	data/working/ocr/jbrs/text/1975-buddhaghosa-burma-lu-pe-win.txt	data/working/ocr/jbrs/metadata/1975-buddhaghosa-burma-lu-pe-win.json	data_local/sources/jbrs_canonical_pdfs/1975-buddhaghosa-burma-lu-pe-win.pdf	renamed_in_repo	
582118-feabd8f61689	582118.pdf	Burmese/Burma JBRS/1976/582118.pdf	1976-untitled-g.pdf	data/working/ocr/jbrs/text/1976-untitled-g.txt	data/working/ocr/jbrs/metadata/1976-untitled-g.json	data_local/sources/jbrs_canonical_pdfs/1976-untitled-g.pdf	deferred_outside_phase1_scope	
582119a-9e42a3188743	582119A.pdf	Burmese/Burma JBRS/JBRS Originals/582119A.pdf	1976-pali-old-mon-ink-glosses-pag-n-temples-contents-scan-3.pdf	data/working/ocr/jbrs/text/1976-pali-old-mon-ink-glosses-pag-n-temples-contents-scan-3.txt	data/working/ocr/jbrs/metadata/1976-pali-old-mon-ink-glosses-pag-n-temples-contents-scan-3.json	data_local/sources/jbrs_canonical_pdfs/1976-pali-old-mon-ink-glosses-pag-n-temples-contents-scan-3.pdf	deferred_outside_phase1_scope	collision_with=1976-pali-old-mon-ink-glosses-pag-n-temples-contents
582119b-a8029eab19f6	582119B.pdf	Burmese/Burma JBRS/JBRS Originals/582119B.pdf	1976-pali-old-mon-ink-glosses-pag-n-temples-contents-scan-4.pdf	data/working/ocr/jbrs/text/1976-pali-old-mon-ink-glosses-pag-n-temples-contents-scan-4.txt	data/working/ocr/jbrs/metadata/1976-pali-old-mon-ink-glosses-pag-n-temples-contents-scan-4.json	data_local/sources/jbrs_canonical_pdfs/1976-pali-old-mon-ink-glosses-pag-n-temples-contents-scan-4.pdf	deferred_outside_phase1_scope	collision_with=1976-pali-old-mon-ink-glosses-pag-n-temples-contents
591001-2983541dd14c	591001.pdf	Burmese/Burma JBRS/1977/591001.pdf	1977-mind-bending-burmese-poems-songs-hla-pe.pdf	data/working/ocr/jbrs/text/1977-mind-bending-burmese-poems-songs-hla-pe.txt	data/working/ocr/jbrs/metadata/1977-mind-bending-burmese-poems-songs-hla-pe.json	data_local/sources/jbrs_canonical_pdfs/1977-mind-bending-burmese-poems-songs-hla-pe.pdf	deferred_outside_phase1_scope	
591049-2e72a165080c	591049.pdf	Burmese/Burma JBRS/1977/591049.pdf	1977-pagan-restoration-by.pdf	data/working/ocr/jbrs/text/1977-pagan-restoration-by.txt	data/working/ocr/jbrs/metadata/1977-pagan-restoration-by.json	data_local/sources/jbrs_canonical_pdfs/1977-pagan-restoration-by.pdf	deferred_outside_phase1_scope	
591097-50b0df275d48	591097.pdf	Burmese/Burma JBRS/1977/591097.pdf	1977-s-historical-earthquakes-burma-pagan-chronology.pdf	data/working/ocr/jbrs/text/1977-s-historical-earthquakes-burma-pagan-chronology.txt	data/working/ocr/jbrs/metadata/1977-s-historical-earthquakes-burma-pagan-chronology.json	data_local/sources/jbrs_canonical_pdfs/1977-s-historical-earthquakes-burma-pagan-chronology.pdf	deferred_outside_phase1_scope	
591101-97bd9fc2605c	591101.pdf	Burmese/Burma JBRS/1977/591101.pdf	1977-ananda-brick-monastery-inscriptions-pagan-tin-lwin.pdf	data/working/ocr/jbrs/text/1977-ananda-brick-monastery-inscriptions-pagan-tin-lwin.txt	data/working/ocr/jbrs/metadata/1977-ananda-brick-monastery-inscriptions-pagan-tin-lwin.json	data_local/sources/jbrs_canonical_pdfs/1977-ananda-brick-monastery-inscriptions-pagan-tin-lwin.pdf	renamed_in_repo	
591121-22be2115b3bb	591121.pdf	Burmese/Burma JBRS/1977/591121.pdf	1976-k-mala-ka-g-h-luce.pdf	data/working/ocr/jbrs/text/1976-k-mala-ka-g-h-luce.txt	data/working/ocr/jbrs/metadata/1976-k-mala-ka-g-h-luce.json	data_local/sources/jbrs_canonical_pdfs/1976-k-mala-ka-g-h-luce.pdf	deferred_outside_phase1_scope	
591125-908f4cfa5504	591125.pdf	Burmese/Burma JBRS/1977/591125.pdf	1976-dipavamsa-mahavamsa-examination-pali-chronicles-sinhalese-c-e-godakumbura-scan-2.pdf	data/working/ocr/jbrs/text/1976-dipavamsa-mahavamsa-examination-pali-chronicles-sinhalese-c-e-godakumbura-scan-2.txt	data/working/ocr/jbrs/metadata/1976-dipavamsa-mahavamsa-examination-pali-chronicles-sinhalese-c-e-godakumbura-scan-2.json	data_local/sources/jbrs_canonical_pdfs/1976-dipavamsa-mahavamsa-examination-pali-chronicles-sinhalese-c-e-godakumbura-scan-2.pdf	deferred_outside_phase1_scope	duplicate_of=1976-dipavamsamahavamsa-godakambura1976-pdf; collision_with=1976-dipavamsa-mahavamsa-examination-pali-chronicles-sinhalese-c-e-godakumbura
591137-ff80fd1fdaca	591137.pdf	Burmese/Burma JBRS/1977/591137.pdf	591137.pdf	data/working/ocr/jbrs/text/591137-ff80fd1fdaca.txt	data/working/ocr/jbrs/metadata/591137-ff80fd1fdaca.json		needs_manual_review	
591155-15cf4fdd97ba	591155.pdf	Burmese/Burma JBRS/1977/591155.pdf	1977-did-sona-uttara-come-lower-burma-sao-saimong-mangrai.pdf	data/working/ocr/jbrs/text/1977-did-sona-uttara-come-lower-burma-sao-saimong-mangrai.txt	data/working/ocr/jbrs/metadata/1977-did-sona-uttara-come-lower-burma-sao-saimong-mangrai.json	data_local/sources/jbrs_canonical_pdfs/1977-did-sona-uttara-come-lower-burma-sao-saimong-mangrai.pdf	deferred_outside_phase1_scope	
591155-55e4e110d08a	591155.pdf	Burmese/Burma JBRS/JBRS Originals/591155.pdf	1976-did-sona-uttara-come-lower-burma-sao-saimong-mangrai-scan-2.pdf	data/working/ocr/jbrs/text/1976-did-sona-uttara-come-lower-burma-sao-saimong-mangrai-scan-2.txt	data/working/ocr/jbrs/metadata/1976-did-sona-uttara-come-lower-burma-sao-saimong-mangrai-scan-2.json	data_local/sources/jbrs_canonical_pdfs/1976-did-sona-uttara-come-lower-burma-sao-saimong-mangrai-scan-2.pdf	deferred_outside_phase1_scope	duplicate_of=1976-sonauttara-saimong1976-pdf; collision_with=1976-did-sona-uttara-come-lower-burma-sao-saimong-mangrai
591165-2e8ef52605fa	591165.pdf	Burmese/Burma JBRS/1977/591165.pdf	591165.pdf	data/working/ocr/jbrs/text/591165-2e8ef52605fa.txt	data/working/ocr/jbrs/metadata/591165-2e8ef52605fa.json		needs_manual_review	
591167-905f16d06500	591167.pdf	Burmese/Burma JBRS/1977/591167.pdf	1977-dr-c-e-godakumbura-it-is-deep-sorrow-obituary.pdf	data/working/ocr/jbrs/text/1977-dr-c-e-godakumbura-it-is-deep-sorrow-obituary.txt	data/working/ocr/jbrs/metadata/1977-dr-c-e-godakumbura-it-is-deep-sorrow-obituary.json	data_local/sources/jbrs_canonical_pdfs/1977-dr-c-e-godakumbura-it-is-deep-sorrow-obituary.pdf	deferred_outside_phase1_scope	
1976-anandainscriptions-tinlwin1976-pdf	AnandaInscriptions-Tinlwin1976.pdf	1976/AnandaInscriptions-Tinlwin1976.pdf	1976-ananda-brick-monastery-inscriptions-pagan-tin-lwin.pdf	data/working/ocr/jbrs/text/1976-ananda-brick-monastery-inscriptions-pagan-tin-lwin.txt	data/working/ocr/jbrs/metadata/1976-ananda-brick-monastery-inscriptions-pagan-tin-lwin.json	data_local/sources/jbrs_canonical_pdfs/1976-ananda-brick-monastery-inscriptions-pagan-tin-lwin.pdf	renamed_in_repo	
1937-ancientpyu-luce1937-pdf	AncientPyu-Luce1937.pdf	1937/AncientPyu-Luce1937.pdf	1937-beginning-christian-era-peoples-dominating-further-india-were-the-ancient-pyu.pdf	data/working/ocr/jbrs/text/1937-beginning-christian-era-peoples-dominating-further-india-were-the-ancient-pyu.txt	data/working/ocr/jbrs/metadata/1937-beginning-christian-era-peoples-dominating-further-india-were-the-ancient-pyu.json	data_local/sources/jbrs_canonical_pdfs/1937-beginning-christian-era-peoples-dominating-further-india-were-the-ancient-pyu.pdf	deferred_outside_phase1_scope	
ancientpyu_luce1937-c7fe9ee6157d	AncientPyu-Luce1937.pdf	Burmese/Burma JBRS/1937/AncientPyu-Luce1937.pdf	1937-beginning-christian-era-peoples-dominating-further-india-were-the-ancient-pyu-scan-2.pdf	data/working/ocr/jbrs/text/1937-beginning-christian-era-peoples-dominating-further-india-were-the-ancient-pyu-scan-2.txt	data/working/ocr/jbrs/metadata/1937-beginning-christian-era-peoples-dominating-further-india-were-the-ancient-pyu-scan-2.json	data_local/sources/jbrs_canonical_pdfs/1937-beginning-christian-era-peoples-dominating-further-india-were-the-ancient-pyu-scan-2.pdf	deferred_outside_phase1_scope	collision_with=1937-beginning-christian-era-peoples-dominating-further-india-were-the-ancient-pyu
arakansplacecivilisationbay_collis1925-bb9dcdeb2834	ArakansPlaceCivilisationBay-Collis1925.pdf	Burmese/Burma JBRS/1925/ArakansPlaceCivilisationBay-Collis1925.pdf	1925-s-place-civilization-bay-study-coinage-foreign-relations-coins-found-in-arakan.pdf	data/working/ocr/jbrs/text/1925-s-place-civilization-bay-study-coinage-foreign-relations-coins-found-in-arakan.txt	data/working/ocr/jbrs/metadata/1925-s-place-civilization-bay-study-coinage-foreign-relations-coins-found-in-arakan.json	data_local/sources/jbrs_canonical_pdfs/1925-s-place-civilization-bay-study-coinage-foreign-relations-coins-found-in-arakan.pdf	deferred_outside_phase1_scope	
1958-aspectsburmeseculture-lupewin1958-41-pdf	AspectsBurmeseCulture_LuPeWin1958-41.pdf	1958/AspectsBurmeseCulture_LuPeWin1958-41.pdf	1958-some-aspects-burmese-culture-by.pdf	data/working/ocr/jbrs/text/1958-some-aspects-burmese-culture-by.txt	data/working/ocr/jbrs/metadata/1958-some-aspects-burmese-culture-by.json	data_local/sources/jbrs_canonical_pdfs/1958-some-aspects-burmese-culture-by.pdf	deferred_outside_phase1_scope	duplicate_of=aspectsburmeseculture_lupewin1958_41-9f5d97f08316
aspectsburmeseculture_lupewin1958_41-9f5d97f08316	AspectsBurmeseCulture_LuPeWin1958-41.pdf	Burmese/Burma JBRS/1958/AspectsBurmeseCulture_LuPeWin1958-41.pdf	1958-some-aspects-burmese-culture-by-scan-2.pdf	data/working/ocr/jbrs/text/1958-some-aspects-burmese-culture-by-scan-2.txt	data/working/ocr/jbrs/metadata/1958-some-aspects-burmese-culture-by-scan-2.json	data_local/sources/jbrs_canonical_pdfs/1958-some-aspects-burmese-culture-by-scan-2.pdf	deferred_outside_phase1_scope	duplicate_of=1958-aspectsburmeseculture-lupewin1958-41-pdf; collision_with=1958-some-aspects-burmese-culture-by
1920-authors-bathein1920-inburmese-pdf	Authors_BaThein1920-inBurmese.pdf	1920/Authors_BaThein1920-inBurmese.pdf	1920-adeissa-yanthi-aduminnyo-shin.pdf	data/working/ocr/jbrs/text/1920-adeissa-yanthi-aduminnyo-shin.txt	data/working/ocr/jbrs/metadata/1920-adeissa-yanthi-aduminnyo-shin.json	data_local/sources/jbrs_canonical_pdfs/1920-adeissa-yanthi-aduminnyo-shin.pdf	deferred_outside_phase1_scope	
1934-basein-1934-elementary-burmese-astrology-pdf	BaSein-1934-elementary-burmese-astrology.pdf	1934/BaSein-1934-elementary-burmese-astrology.pdf	BaSein-1934-elementary-burmese-astrology.pdf	data/working/ocr/jbrs/text/1934-basein-1934-elementary-burmese-astrology-pdf.txt	data/working/ocr/jbrs/metadata/1934-basein-1934-elementary-burmese-astrology-pdf.json		needs_manual_review	
1920-bayinnaung-sayalun1920-inburmese-pdf	Bayinnaung_SayaLun1920-inBurmese.pdf	1920/Bayinnaung_SayaLun1920-inBurmese.pdf	1920-116-life-bayin-naung-saya-lun-translated-maung-life-of-bayin-naung.pdf	data/working/ocr/jbrs/text/1920-116-life-bayin-naung-saya-lun-translated-maung-life-of-bayin-naung.txt	data/working/ocr/jbrs/metadata/1920-116-life-bayin-naung-saya-lun-translated-maung-life-of-bayin-naung.json	data_local/sources/jbrs_canonical_pdfs/1920-116-life-bayin-naung-saya-lun-translated-maung-life-of-bayin-naung.pdf	deferred_outside_phase1_scope	
1912-bell-aburmesesaying-pdf	Bell-ABurmeseSaying.pdf	1912/Bell-ABurmeseSaying.pdf	Bell-ABurmeseSaying.pdf	data/working/ocr/jbrs/text/1912-bell-aburmesesaying-pdf.txt	data/working/ocr/jbrs/metadata/1912-bell-aburmesesaying-pdf.json		needs_manual_review	
1923-boob-1923-firstburmesewar-pdf	Boob-1923-FirstBurmeseWar.pdf	1923/Boob-1923-FirstBurmeseWar.pdf	1923-first-burmese-war-maung-boon-translated-san-shwe-translator-s-note.pdf	data/working/ocr/jbrs/text/1923-first-burmese-war-maung-boon-translated-san-shwe-translator-s-note.txt	data/working/ocr/jbrs/metadata/1923-first-burmese-war-maung-boon-translated-san-shwe-translator-s-note.json	data_local/sources/jbrs_canonical_pdfs/1923-first-burmese-war-maung-boon-translated-san-shwe-translator-s-note.pdf	deferred_outside_phase1_scope	
1936-buddhismpagan-pemaungtin1936-pdf	BuddhismPagan-PeMaungTin1936.pdf	1936/BuddhismPagan-PeMaungTin1936.pdf	1936-buddhism-inscriptions-pagan-numerous-temples-pagodas-which-still-pe-maung-tin.pdf	data/working/ocr/jbrs/text/1936-buddhism-inscriptions-pagan-numerous-temples-pagodas-which-still-pe-maung-tin.txt	data/working/ocr/jbrs/metadata/1936-buddhism-inscriptions-pagan-numerous-temples-pagodas-which-still-pe-maung-tin.json	data_local/sources/jbrs_canonical_pdfs/1936-buddhism-inscriptions-pagan-numerous-temples-pagodas-which-still-pe-maung-tin.pdf	deferred_outside_phase1_scope	
1932-burmadebttopagan-luce1932-pdf	BurmaDebtToPagan-Luce1932.pdf	1932/BurmaDebtToPagan-Luce1932.pdf	1932-11-villages-myittha-g-h-luce.pdf	data/working/ocr/jbrs/text/1932-11-villages-myittha-g-h-luce.txt	data/working/ocr/jbrs/metadata/1932-11-villages-myittha-g-h-luce.json	data_local/sources/jbrs_canonical_pdfs/1932-11-villages-myittha-g-h-luce.pdf	renamed_in_repo	
burmarecordfs_ali1930-f993e6eeaef0	BurmaRecordfs_Ali1930.pdf	Burmese/Burma JBRS/1930/BurmaRecordfs_Ali1930.pdf	BurmaRecordfs_Ali1930.pdf	data/working/ocr/jbrs/text/burmarecordfs_ali1930-f993e6eeaef0.txt	data/working/ocr/jbrs/metadata/burmarecordfs_ali1930-f993e6eeaef0.json		needs_manual_review	
1939-burmatofallofpagan-luce1939-pdf	BurmaToFallOfPagan-Luce1939.pdf	1939/BurmaToFallOfPagan-Luce1939.pdf	1939-burma-down-fall-pagan-an-outline-part-i.pdf	data/working/ocr/jbrs/text/1939-burma-down-fall-pagan-an-outline-part-i.txt	data/working/ocr/jbrs/metadata/1939-burma-down-fall-pagan-an-outline-part-i.json	data_local/sources/jbrs_canonical_pdfs/1939-burma-down-fall-pagan-an-outline-part-i.pdf	deferred_outside_phase1_scope	
1967-burmesecalendar-lupewin1967-pdf	BurmeseCalendar-LuPeWin1967.pdf	1967/BurmeseCalendar-LuPeWin1967.pdf	1967-burmese-calender-lu-pe-win.pdf	data/working/ocr/jbrs/text/1967-burmese-calender-lu-pe-win.txt	data/working/ocr/jbrs/metadata/1967-burmese-calender-lu-pe-win.json	data_local/sources/jbrs_canonical_pdfs/1967-burmese-calender-lu-pe-win.pdf	renamed_in_repo	
1965-burmesecolmology-bahan1965-pdf	BurmeseColmology_BaHan1965.pdf	1965/BurmeseColmology_BaHan1965.pdf	1965-burmese-cosmogony-cosmology-1-cosmogonic-myths-ba-han.pdf	data/working/ocr/jbrs/text/1965-burmese-cosmogony-cosmology-1-cosmogonic-myths-ba-han.txt	data/working/ocr/jbrs/metadata/1965-burmese-cosmogony-cosmology-1-cosmogonic-myths-ba-han.json	data_local/sources/jbrs_canonical_pdfs/1965-burmese-cosmogony-cosmology-1-cosmogonic-myths-ba-han.pdf	deferred_outside_phase1_scope	
1970-burmeseembassy1872-ba-pdf	BurmeseEmbassy1872_Ba.pdf	1970/BurmeseEmbassy1872_Ba.pdf	1970-burmese-embassy-italy-hitherto-unpublished-documents-italian-sources-translated-and-annotated-by.pdf	data/working/ocr/jbrs/text/1970-burmese-embassy-italy-hitherto-unpublished-documents-italian-sources-translated-and-annotated-by.txt	data/working/ocr/jbrs/metadata/1970-burmese-embassy-italy-hitherto-unpublished-documents-italian-sources-translated-and-annotated-by.json	data_local/sources/jbrs_canonical_pdfs/1970-burmese-embassy-italy-hitherto-unpublished-documents-italian-sources-translated-and-annotated-by.pdf	deferred_outside_phase1_scope	
1912-burmeseera-mayoung1912-pdf	BurmeseEra-MayOung1912.pdf	1912/BurmeseEra-MayOung1912.pdf	1912-eras-reckoning-taw-sein-ko.pdf	data/working/ocr/jbrs/text/1912-eras-reckoning-taw-sein-ko.txt	data/working/ocr/jbrs/metadata/1912-eras-reckoning-taw-sein-ko.json	data_local/sources/jbrs_canonical_pdfs/1912-eras-reckoning-taw-sein-ko.pdf	deferred_outside_phase1_scope	
1923-burmesegardening-cooper1923-pdf	BurmeseGardening-Cooper1923.pdf	1923/BurmeseGardening-Cooper1923.pdf	1923-166-correspondence-burmese-gardening-dear-sir-i-am-correspondence.pdf	data/working/ocr/jbrs/text/1923-166-correspondence-burmese-gardening-dear-sir-i-am-correspondence.txt	data/working/ocr/jbrs/metadata/1923-166-correspondence-burmese-gardening-dear-sir-i-am-correspondence.json	data_local/sources/jbrs_canonical_pdfs/1923-166-correspondence-burmese-gardening-dear-sir-i-am-correspondence.pdf	deferred_outside_phase1_scope	
1970-burmesehistoryarticles-thantun1970-pdf	BurmeseHistoryArticles-ThanTun1970.pdf	1970/BurmeseHistoryArticles-ThanTun1970.pdf	1970-estimation-articles-burmese-history-published-70-by.pdf	data/working/ocr/jbrs/text/1970-estimation-articles-burmese-history-published-70-by.txt	data/working/ocr/jbrs/metadata/1970-estimation-articles-burmese-history-published-70-by.json	data_local/sources/jbrs_canonical_pdfs/1970-estimation-articles-burmese-history-published-70-by.pdf	renamed_in_repo	
1959-burmesekingshipmindon-thaung1959-pdf	BurmeseKingshipMindon-Thaung1959.pdf	1959/BurmeseKingshipMindon-Thaung1959.pdf	1959-burmese-kingship-theory-practice-during-reign-mindon-by.pdf	data/working/ocr/jbrs/text/1959-burmese-kingship-theory-practice-during-reign-mindon-by.txt	data/working/ocr/jbrs/metadata/1959-burmese-kingship-theory-practice-during-reign-mindon-by.json	data_local/sources/jbrs_canonical_pdfs/1959-burmese-kingship-theory-practice-during-reign-mindon-by.pdf	deferred_outside_phase1_scope	
1968-burmeselanguages-luce1968-pdf	BurmeseLanguages-Luce1968.pdf	1968/BurmeseLanguages-Luce1968.pdf	1968-burma-languages-g-h-luce.pdf	data/working/ocr/jbrs/text/1968-burma-languages-g-h-luce.txt	data/working/ocr/jbrs/metadata/1968-burma-languages-g-h-luce.json	data_local/sources/jbrs_canonical_pdfs/1968-burma-languages-g-h-luce.pdf	deferred_outside_phase1_scope	
1937-burmeserule-at-toungoo-langhamcarter1937-pdf	BurmeseRule-at-Toungoo-LanghamCarter1937.pdf	1937/BurmeseRule-at-Toungoo-LanghamCarter1937.pdf	BurmeseRule-at-Toungoo-LanghamCarter1937.pdf	data/working/ocr/jbrs/text/1937-burmeserule-at-toungoo-langhamcarter1937-pdf.txt	data/working/ocr/jbrs/metadata/1937-burmeserule-at-toungoo-langhamcarter1937-pdf.json		needs_manual_review	
022245-d96384af909d	CD-ASI-1909.pdf	Burmese/Burma JBRS/1912/CD-ASI-1909.pdf	1909-annual-report-9-archaeological-survey-of-india.pdf	data/working/ocr/jbrs/text/1909-annual-report-9-archaeological-survey-of-india.txt	data/working/ocr/jbrs/metadata/1909-annual-report-9-archaeological-survey-of-india.json	data_local/sources/jbrs_canonical_pdfs/1909-annual-report-9-archaeological-survey-of-india.pdf	deferred_outside_phase1_scope	
021123-bc781df6a868	CD-JRI.pdf	Burmese/Burma JBRS/1912/CD-JRI.pdf	1912-123-journal-royal-anthropological-institute-great-britain-ireland-reviews.pdf	data/working/ocr/jbrs/text/1912-123-journal-royal-anthropological-institute-great-britain-ireland-reviews.txt	data/working/ocr/jbrs/metadata/1912-123-journal-royal-anthropological-institute-great-britain-ireland-reviews.json	data_local/sources/jbrs_canonical_pdfs/1912-123-journal-royal-anthropological-institute-great-britain-ireland-reviews.pdf	deferred_outside_phase1_scope	
1912-cd-noteontalaing-pdf	CD-NoteOnTalaing.pdf	1912/CD-NoteOnTalaing.pdf	CD-NoteOnTalaing.pdf	data/working/ocr/jbrs/text/1912-cd-noteontalaing-pdf.txt	data/working/ocr/jbrs/metadata/1912-cd-noteontalaing-pdf.json		needs_manual_review	
1912-cd-noteontalaing2-pdf	CD-NoteOnTalaing2.pdf	1912/CD-NoteOnTalaing2.pdf	CD-NoteOnTalaing2.pdf	data/working/ocr/jbrs/text/1912-cd-noteontalaing2-pdf.txt	data/working/ocr/jbrs/metadata/1912-cd-noteontalaing2-pdf.json		needs_manual_review	
022256-6028da47d653	CD-OldBallads.pdf	Burmese/Burma JBRS/1912/CD-OldBallads.pdf	CD-OldBallads.pdf	data/working/ocr/jbrs/text/022256-6028da47d653.txt	data/working/ocr/jbrs/metadata/022256-6028da47d653.json		needs_manual_review	
1948-centuryofprogress-luce1948-pdf	CenturyOfProgress_Luce1948.pdf	1948/CenturyOfProgress_Luce1948.pdf	1948-century-progress-burmese-history-archaeology.pdf	data/working/ocr/jbrs/text/1948-century-progress-burmese-history-archaeology.txt	data/working/ocr/jbrs/metadata/1948-century-progress-burmese-history-archaeology.json	data_local/sources/jbrs_canonical_pdfs/1948-century-progress-burmese-history-archaeology.pdf	renamed_in_repo	
1911-chineseantiquitiespagan-tawseinko1911-pdf	ChineseAntiquitiesPagan-TawSeinKo1911.pdf	1911/ChineseAntiquitiesPagan-TawSeinKo1911.pdf	1911-chinese-antiquities-pagan-by.pdf	data/working/ocr/jbrs/text/1911-chinese-antiquities-pagan-by.txt	data/working/ocr/jbrs/metadata/1911-chinese-antiquities-pagan-by.json	data_local/sources/jbrs_canonical_pdfs/1911-chinese-antiquities-pagan-by.pdf	deferred_outside_phase1_scope	
282223-a944a3436cab	Dalet-Hall1938.pdf	Burmese/Burma JBRS/1938/Dalet-Hall1938.pdf	1938-journey-dalet-26th-nocember-embarked-board-wheel-flat-d-g-e-hall.pdf	data/working/ocr/jbrs/text/1938-journey-dalet-26th-nocember-embarked-board-wheel-flat-d-g-e-hall.txt	data/working/ocr/jbrs/metadata/1938-journey-dalet-26th-nocember-embarked-board-wheel-flat-d-g-e-hall.json	data_local/sources/jbrs_canonical_pdfs/1938-journey-dalet-26th-nocember-embarked-board-wheel-flat-d-g-e-hall.pdf	deferred_outside_phase1_scope	
1921-dialectsburmese-taylor1921-pdf	DialectsBurmese-Taylor1921.pdf	1921/DialectsBurmese-Taylor1921.pdf	1921-89-studies-indo-chinese-philology-no-1-dialects-l-f-taylor.pdf	data/working/ocr/jbrs/text/1921-89-studies-indo-chinese-philology-no-1-dialects-l-f-taylor.txt	data/working/ocr/jbrs/metadata/1921-89-studies-indo-chinese-philology-no-1-dialects-l-f-taylor.json	data_local/sources/jbrs_canonical_pdfs/1921-89-studies-indo-chinese-philology-no-1-dialects-l-f-taylor.pdf	deferred_outside_phase1_scope	
193075-610d1158c03e	Dictionary_1931.pdf	Burmese/Burma JBRS/1929/Dictionary_1931.pdf	1929-need-burmese-dictionary-most-civilized-peoples-are-careful-v.pdf	data/working/ocr/jbrs/text/1929-need-burmese-dictionary-most-civilized-peoples-are-careful-v.txt	data/working/ocr/jbrs/metadata/1929-need-burmese-dictionary-most-civilized-peoples-are-careful-v.json	data_local/sources/jbrs_canonical_pdfs/1929-need-burmese-dictionary-most-civilized-peoples-are-careful-v.pdf	deferred_outside_phase1_scope	
1976-dipavamsamahavamsa-godakambura1976-pdf	DipavamsaMahavamsa_Godakambura1976.pdf	1976/DipavamsaMahavamsa_Godakambura1976.pdf	1976-dipavamsa-mahavamsa-examination-pali-chronicles-sinhalese-c-e-godakumbura.pdf	data/working/ocr/jbrs/text/1976-dipavamsa-mahavamsa-examination-pali-chronicles-sinhalese-c-e-godakumbura.txt	data/working/ocr/jbrs/metadata/1976-dipavamsa-mahavamsa-examination-pali-chronicles-sinhalese-c-e-godakumbura.json	data_local/sources/jbrs_canonical_pdfs/1976-dipavamsa-mahavamsa-examination-pali-chronicles-sinhalese-c-e-godakumbura.pdf	deferred_outside_phase1_scope	
diplomaticmission_christian-442f8f625c66	DiplomaticMission_Christian.pdf	Burmese/Burma JBRS/1939/DiplomaticMission_Christian.pdf	DiplomaticMission_Christian.pdf	data/working/ocr/jbrs/text/diplomaticmission_christian-442f8f625c66.txt	data/working/ocr/jbrs/metadata/diplomaticmission_christian-442f8f625c66.json		needs_manual_review	
1912-duroiselle1912-burmeseprosody-iii-pdf	Duroiselle1912-BurmeseProsody-III.pdf	1912/Duroiselle1912-BurmeseProsody-III.pdf	1912-94-burmese-prosody-charles-duroiselle.pdf	data/working/ocr/jbrs/text/1912-94-burmese-prosody-charles-duroiselle.txt	data/working/ocr/jbrs/metadata/1912-94-burmese-prosody-charles-duroiselle.json	data_local/sources/jbrs_canonical_pdfs/1912-94-burmese-prosody-charles-duroiselle.pdf	deferred_outside_phase1_scope	
dutchtrade_hall_1939-eb8259b9ae05	DutchTrade-Hall-1939.pdf	Burmese/Burma JBRS/1939/DutchTrade-Hall-1939.pdf	1939-daghregister-batavia-dutch-trade-burma-seventeenth-century.pdf	data/working/ocr/jbrs/text/1939-daghregister-batavia-dutch-trade-burma-seventeenth-century.txt	data/working/ocr/jbrs/metadata/1939-daghregister-batavia-dutch-trade-burma-seventeenth-century.json	data_local/sources/jbrs_canonical_pdfs/1939-daghregister-batavia-dutch-trade-burma-seventeenth-century.pdf	deferred_outside_phase1_scope	
1932-earlierpagankings-mamyathan1932-pdf	EarlierPaganKings-mamyaThan1932.pdf	1932/EarlierPaganKings-mamyaThan1932.pdf	EarlierPaganKings-mamyaThan1932.pdf	data/working/ocr/jbrs/text/1932-earlierpagankings-mamyathan1932-pdf.txt	data/working/ocr/jbrs/metadata/1932-earlierpagankings-mamyathan1932-pdf.json		needs_manual_review	
economiclife_luce1940-44b203401c13	EconomicLife-Luce1940.pdf	Burmese/Burma JBRS/1940/EconomicLife-Luce1940.pdf	1940-economic-life-early-burman-g-h-luce.pdf	data/working/ocr/jbrs/text/1940-economic-life-early-burman-g-h-luce.txt	data/working/ocr/jbrs/metadata/1940-economic-life-early-burman-g-h-luce.json	data_local/sources/jbrs_canonical_pdfs/1940-economic-life-early-burman-g-h-luce.pdf	renamed_in_repo	
1965-emegenceburmesenation-bahan1965-pdf	EmegenceBurmeseNation_BaHan1965.pdf	1965/EmegenceBurmeseNation_BaHan1965.pdf	1965-emergence-burmese-nation-ba-han.pdf	data/working/ocr/jbrs/text/1965-emergence-burmese-nation-ba-han.txt	data/working/ocr/jbrs/metadata/1965-emergence-burmese-nation-ba-han.json	data_local/sources/jbrs_canonical_pdfs/1965-emergence-burmese-nation-ba-han.pdf	deferred_outside_phase1_scope	
1920-eraofdecay-sayapi1920-inburmese-pdf	EraOfDecay_SayaPi1920-inBurmese.pdf	1920/EraOfDecay_SayaPi1920-inBurmese.pdf	1920-beginning-era-decay-this-auspicious-world-cycle-following-the-era-of-decay.pdf	data/working/ocr/jbrs/text/1920-beginning-era-decay-this-auspicious-world-cycle-following-the-era-of-decay.txt	data/working/ocr/jbrs/metadata/1920-beginning-era-decay-this-auspicious-world-cycle-following-the-era-of-decay.json	data_local/sources/jbrs_canonical_pdfs/1920-beginning-era-decay-this-auspicious-world-cycle-following-the-era-of-decay.pdf	deferred_outside_phase1_scope	
ethnographiclinguisticsurvey_taylor1956-b1fad00a1f88	EthnographicLinguisticSurvey-Taylor1956.pdf	Burmese/Burma JBRS/1956/EthnographicLinguisticSurvey-Taylor1956.pdf	1956-account-ethnographical-linguistic-survey-burma-by.pdf	data/working/ocr/jbrs/text/1956-account-ethnographical-linguistic-survey-burma-by.txt	data/working/ocr/jbrs/metadata/1956-account-ethnographical-linguistic-survey-burma-by.json	data_local/sources/jbrs_canonical_pdfs/1956-account-ethnographical-linguistic-survey-burma-by.pdf	deferred_outside_phase1_scope	
1970-excavationhalin-myintaung1970-pdf	ExcavationHalin-MyintAung1970.pdf	1970/ExcavationHalin-MyintAung1970.pdf	1970-main-problem-burmese-archaeology-is-fill-up-gaps-the-excavations-at-halin.pdf	data/working/ocr/jbrs/text/1970-main-problem-burmese-archaeology-is-fill-up-gaps-the-excavations-at-halin.txt	data/working/ocr/jbrs/metadata/1970-main-problem-burmese-archaeology-is-fill-up-gaps-the-excavations-at-halin.json	data_local/sources/jbrs_canonical_pdfs/1970-main-problem-burmese-archaeology-is-fill-up-gaps-the-excavations-at-halin.pdf	deferred_outside_phase1_scope	duplicate_of=excavationhalin_myintaung1970-f15be817b96f
excavationhalin_myintaung1970-f15be817b96f	ExcavationHalin-MyintAung1970.pdf	Burmese/Burma JBRS/1970/ExcavationHalin-MyintAung1970.pdf	1970-main-problem-burmese-archaeology-is-fill-up-gaps-the-excavations-at-halin-scan-2.pdf	data/working/ocr/jbrs/text/1970-main-problem-burmese-archaeology-is-fill-up-gaps-the-excavations-at-halin-scan-2.txt	data/working/ocr/jbrs/metadata/1970-main-problem-burmese-archaeology-is-fill-up-gaps-the-excavations-at-halin-scan-2.json	data_local/sources/jbrs_canonical_pdfs/1970-main-problem-burmese-archaeology-is-fill-up-gaps-the-excavations-at-halin-scan-2.pdf	deferred_outside_phase1_scope	duplicate_of=1970-excavationhalin-myintaung1970-pdf; collision_with=1970-main-problem-burmese-archaeology-is-fill-up-gaps-the-excavations-at-halin
1917-excavationpegu-stewart1917-pdf	ExcavationPegu-Stewart1917.pdf	1917/ExcavationPegu-Stewart1917.pdf	1917-excavation-exploration-pegu-introduction-i-was-duty-pegu-charles-duroiselle.pdf	data/working/ocr/jbrs/text/1917-excavation-exploration-pegu-introduction-i-was-duty-pegu-charles-duroiselle.txt	data/working/ocr/jbrs/metadata/1917-excavation-exploration-pegu-introduction-i-was-duty-pegu-charles-duroiselle.json	data_local/sources/jbrs_canonical_pdfs/1917-excavation-exploration-pegu-introduction-i-was-duty-pegu-charles-duroiselle.pdf	deferred_outside_phase1_scope	
1911-foundationpagan-furnivall1911-pdf	FoundationPagan-Furnivall1911.pdf	1911/FoundationPagan-Furnivall1911.pdf	1911-w-i-n-d-e-r-winder-go-if-mr-squeers.pdf	data/working/ocr/jbrs/text/1911-w-i-n-d-e-r-winder-go-if-mr-squeers.txt	data/working/ocr/jbrs/metadata/1911-w-i-n-d-e-r-winder-go-if-mr-squeers.json	data_local/sources/jbrs_canonical_pdfs/1911-w-i-n-d-e-r-winder-go-if-mr-squeers.pdf	deferred_outside_phase1_scope	
1913-furnivall1914-monheroes-pdf	Furnivall1914-MonHeroes.pdf	1913/Furnivall1914-MonHeroes.pdf	Furnivall1914-MonHeroes.pdf	data/working/ocr/jbrs/text/1913-furnivall1914-monheroes-pdf.txt	data/working/ocr/jbrs/metadata/1913-furnivall1914-monheroes-pdf.json		needs_manual_review	
1959-geographyburmaunderpagan-luce1959-pdf	GeographyBurmaUnderPagan-Luce1959.pdf	1959/GeographyBurmaUnderPagan-Luce1959.pdf	1959-geography-burma-under-pagan-dynasty.pdf	data/working/ocr/jbrs/text/1959-geography-burma-under-pagan-dynasty.txt	data/working/ocr/jbrs/metadata/1959-geography-burma-under-pagan-dynasty.json	data_local/sources/jbrs_canonical_pdfs/1959-geography-burma-under-pagan-dynasty.pdf	deferred_outside_phase1_scope	
geographyburmaunderpagan_luce1959-dd5b8c70a170	GeographyBurmaUnderPagan-Luce1959.pdf	Burmese/Burma JBRS/1959/GeographyBurmaUnderPagan-Luce1959.pdf	1959-geography-burma-under-pagan-dynasty-scan-2.pdf	data/working/ocr/jbrs/text/1959-geography-burma-under-pagan-dynasty-scan-2.txt	data/working/ocr/jbrs/metadata/1959-geography-burma-under-pagan-dynasty-scan-2.json	data_local/sources/jbrs_canonical_pdfs/1959-geography-burma-under-pagan-dynasty-scan-2.pdf	deferred_outside_phase1_scope	collision_with=1959-geography-burma-under-pagan-dynasty
1934-george-1934-a-note-on-elementary-burmese-astrology-pdf	George-1934-a-note-on-elementary-burmese-astrology.pdf	1934/George-1934-a-note-on-elementary-burmese-astrology.pdf	George-1934-a-note-on-elementary-burmese-astrology.pdf	data/working/ocr/jbrs/text/1934-george-1934-a-note-on-elementary-burmese-astrology-pdf.txt	data/working/ocr/jbrs/metadata/1934-george-1934-a-note-on-elementary-burmese-astrology-pdf.json		needs_manual_review	
1911-grantbrown-1911-burmesesongs-pdf	GrantBrown-1911-BurmeseSongs.pdf	1911/GrantBrown-1911-BurmeseSongs.pdf	GrantBrown-1911-BurmeseSongs.pdf	data/working/ocr/jbrs/text/1911-grantbrown-1911-burmesesongs-pdf.txt	data/working/ocr/jbrs/metadata/1911-grantbrown-1911-burmesesongs-pdf.json		needs_manual_review	
1918-greatertemplespagan-luce1918-pdf	GreaterTemplesPagan-Luce1918.pdf	1918/GreaterTemplesPagan-Luce1918.pdf	1918-greater-temples-pag-n-i.pdf	data/working/ocr/jbrs/text/1918-greater-temples-pag-n-i.txt	data/working/ocr/jbrs/metadata/1918-greater-temples-pag-n-i.json	data_local/sources/jbrs_canonical_pdfs/1918-greater-temples-pag-n-i.pdf	deferred_outside_phase1_scope	
1911-haynes-paliliterature-1911-pdf	Haynes-PaliLiterature-1911.pdf	1911/Haynes-PaliLiterature-1911.pdf	Haynes-PaliLiterature-1911.pdf	data/working/ocr/jbrs/text/1911-haynes-paliliterature-1911-pdf.txt	data/working/ocr/jbrs/metadata/1911-haynes-paliliterature-1911-pdf.json		needs_manual_review	
1953-initiationceremonies-maunghtinaung1953-pdf	InitiationCeremonies-MaungHtinAung1953.pdf	1953/InitiationCeremonies-MaungHtinAung1953.pdf	1953-burmese-initiation-ceremonies.pdf	data/working/ocr/jbrs/text/1953-burmese-initiation-ceremonies.txt	data/working/ocr/jbrs/metadata/1953-burmese-initiation-ceremonies.json	data_local/sources/jbrs_canonical_pdfs/1953-burmese-initiation-ceremonies.pdf	deferred_outside_phase1_scope	
1912-lacquerwarepagan-tawseinko1912-pdf	LacquerwarePagan-TawSeinKo1912.pdf	1912/LacquerwarePagan-TawSeinKo1912.pdf	1912-lacquerware-manufacture-pagan-it-is-not-known-when-taw-sein-ko.pdf	data/working/ocr/jbrs/text/1912-lacquerware-manufacture-pagan-it-is-not-known-when-taw-sein-ko.txt	data/working/ocr/jbrs/metadata/1912-lacquerware-manufacture-pagan-it-is-not-known-when-taw-sein-ko.json	data_local/sources/jbrs_canonical_pdfs/1912-lacquerware-manufacture-pagan-it-is-not-known-when-taw-sein-ko.pdf	deferred_outside_phase1_scope	
lawscustonsvietnam_ba-5708319c10d2	LawsCustonsVietnam_Ba.pdf	Burmese/Burma JBRS/1966/LawsCustonsVietnam_Ba.pdf	1966-extracts-collection-laws-customs-great-south-kingdom-vietnam-vivian-ba.pdf	data/working/ocr/jbrs/text/1966-extracts-collection-laws-customs-great-south-kingdom-vietnam-vivian-ba.txt	data/working/ocr/jbrs/metadata/1966-extracts-collection-laws-customs-great-south-kingdom-vietnam-vivian-ba.json	data_local/sources/jbrs_canonical_pdfs/1966-extracts-collection-laws-customs-great-south-kingdom-vietnam-vivian-ba.pdf	deferred_outside_phase1_scope	
light_on_arakanese_history_stuart1923-b6232e055864	Light-on-Arakanese-History-Stuart1923.pdf	Burmese/Burma JBRS/1923/Light-on-Arakanese-History-Stuart1923.pdf	1923-appeal-more-light-arakanese-history-j-stuart.pdf	data/working/ocr/jbrs/text/1923-appeal-more-light-arakanese-history-j-stuart.txt	data/working/ocr/jbrs/metadata/1923-appeal-more-light-arakanese-history-j-stuart.json	data_local/sources/jbrs_canonical_pdfs/1923-appeal-more-light-arakanese-history-j-stuart.pdf	deferred_outside_phase1_scope	
luce_1932_names_of_pyu-95a665d52663	Luce 1932 Names of Pyu.pdf	Luce/Luce 1932 Names of Pyu.pdf	1932-1-modern-burman-writes-word-pyu-i-e-names-of-the-pyu-scan-2.pdf	data/working/ocr/jbrs/text/1932-1-modern-burman-writes-word-pyu-i-e-names-of-the-pyu-scan-2.txt	data/working/ocr/jbrs/metadata/1932-1-modern-burman-writes-word-pyu-i-e-names-of-the-pyu-scan-2.json	data_local/sources/jbrs_canonical_pdfs/1932-1-modern-burman-writes-word-pyu-i-e-names-of-the-pyu-scan-2.pdf	deferred_outside_phase1_scope	duplicate_of=1932-namesofpyu-luce1932-pdf; collision_with=1932-1-modern-burman-writes-word-pyu-i-e-names-of-the-pyu
luce_1959_oldkyaukseandthecomingofthebur-3515dbea8f5e	Luce-1959-OldKyaukseAndTheComingOfTheBurmans.pdf	Burmese/Burma JBRS/1959/Luce-1959-OldKyaukseAndTheComingOfTheBurmans.pdf	1959-geography-burma-under-pagan-dynasty-old-kyaukse.pdf	data/working/ocr/jbrs/text/1959-geography-burma-under-pagan-dynasty-old-kyaukse.txt	data/working/ocr/jbrs/metadata/1959-geography-burma-under-pagan-dynasty-old-kyaukse.json	data_local/sources/jbrs_canonical_pdfs/1959-geography-burma-under-pagan-dynasty-old-kyaukse.pdf	deferred_outside_phase1_scope	
minbu_ba_shin1936-4839b22ac3ed	Minbu_Ba-Shin1936.pdf	Burmese/Burma JBRS/1936/Minbu_Ba-Shin1936.pdf	1936-untitled-bibliographic-data.pdf	data/working/ocr/jbrs/text/1936-untitled-bibliographic-data.txt	data/working/ocr/jbrs/metadata/1936-untitled-bibliographic-data.json	data_local/sources/jbrs_canonical_pdfs/1936-untitled-bibliographic-data.pdf	deferred_outside_phase1_scope	
1938-moninscriptionayethema-pemaungtin1938-pdf	MonInscriptionAyethema-PeMaungTin1938.pdf	1938/MonInscriptionAyethema-PeMaungTin1938.pdf	1938-mon-inscription-kyanzittha-ayetthema-hill-april-i-paid-pe-maung-tin.pdf	data/working/ocr/jbrs/text/1938-mon-inscription-kyanzittha-ayetthema-hill-april-i-paid-pe-maung-tin.txt	data/working/ocr/jbrs/metadata/1938-mon-inscription-kyanzittha-ayetthema-hill-april-i-paid-pe-maung-tin.json	data_local/sources/jbrs_canonical_pdfs/1938-mon-inscription-kyanzittha-ayetthema-hill-april-i-paid-pe-maung-tin.pdf	deferred_outside_phase1_scope	
1932-moninscriptionssiam-halliday1932-pdf	MonInscriptionsSiam-Halliday1932.pdf	1932/MonInscriptionsSiam-Halliday1932.pdf	1932-mon-inscriptions-siam-the-mon-people.pdf	data/working/ocr/jbrs/text/1932-mon-inscriptions-siam-the-mon-people.txt	data/working/ocr/jbrs/metadata/1932-mon-inscriptions-siam-the-mon-people.json	data_local/sources/jbrs_canonical_pdfs/1932-mon-inscriptions-siam-the-mon-people.pdf	deferred_outside_phase1_scope	
1972-monplate-naipanhla-guillon1972-pdf	MonPlate-NaiPanHla-Guillon1972.pdf	1972/MonPlate-NaiPanHla-Guillon1972.pdf	1972-mon-copper-plate-national-library-bangkok.pdf	data/working/ocr/jbrs/text/1972-mon-copper-plate-national-library-bangkok.txt	data/working/ocr/jbrs/metadata/1972-mon-copper-plate-national-library-bangkok.json	data_local/sources/jbrs_canonical_pdfs/1972-mon-copper-plate-national-library-bangkok.pdf	deferred_outside_phase1_scope	
1920-monasteriesofpagan1-sinclair1920-pdf	MonasteriesOfPagan1_Sinclair1920.pdf	1920/MonasteriesOfPagan1_Sinclair1920.pdf	MonasteriesOfPagan1_Sinclair1920.pdf	data/working/ocr/jbrs/text/1920-monasteriesofpagan1-sinclair1920-pdf.txt	data/working/ocr/jbrs/metadata/1920-monasteriesofpagan1-sinclair1920-pdf.json		needs_manual_review	
1920-monasteriesofpagan2-u-mya1920-pdf	MonasteriesOfPagan2_U_Mya1920.pdf	1920/MonasteriesOfPagan2_U_Mya1920.pdf	1920-monasteries-pagan-notes-and-reviews.pdf	data/working/ocr/jbrs/text/1920-monasteries-pagan-notes-and-reviews.txt	data/working/ocr/jbrs/metadata/1920-monasteries-pagan-notes-and-reviews.json	data_local/sources/jbrs_canonical_pdfs/1920-monasteries-pagan-notes-and-reviews.pdf	deferred_outside_phase1_scope	
1953-monsofpagan-luce1953-pdf	MonsOfPagan-Luce1953.pdf	1953/MonsOfPagan-Luce1953.pdf	1953-mons-pagan-dynasty.pdf	data/working/ocr/jbrs/text/1953-mons-pagan-dynasty.txt	data/working/ocr/jbrs/metadata/1953-mons-pagan-dynasty.json	data_local/sources/jbrs_canonical_pdfs/1953-mons-pagan-dynasty.pdf	deferred_outside_phase1_scope	
1922-monssiam-halliday1922-pdf	MonsSiam-Halliday1922.pdf	1922/MonsSiam-Halliday1922.pdf	1922-mons-siam-r-halliday-mons-siam-are-talaings-the-mons-in-siam.pdf	data/working/ocr/jbrs/text/1922-mons-siam-r-halliday-mons-siam-are-talaings-the-mons-in-siam.txt	data/working/ocr/jbrs/metadata/1922-mons-siam-r-halliday-mons-siam-are-talaings-the-mons-in-siam.json	data_local/sources/jbrs_canonical_pdfs/1922-mons-siam-r-halliday-mons-siam-are-talaings-the-mons-in-siam.pdf	deferred_outside_phase1_scope	
312058-f37a832c648d	Mru-Shafer1941.pdf	Burmese/Burma JBRS/1941/Mru-Shafer1941.pdf	1941-linguistic-relationship-mru-traces-lost-tibeto-burmic-language-abbreviations-and-classification.pdf	data/working/ocr/jbrs/text/1941-linguistic-relationship-mru-traces-lost-tibeto-burmic-language-abbreviations-and-classification.txt	data/working/ocr/jbrs/metadata/1941-linguistic-relationship-mru-traces-lost-tibeto-burmic-language-abbreviations-and-classification.json	data_local/sources/jbrs_canonical_pdfs/1941-linguistic-relationship-mru-traces-lost-tibeto-burmic-language-abbreviations-and-classification.pdf	deferred_outside_phase1_scope	
1975-naipanhjla-1975-a-comparative-study-of-old-and-modern-burmese-pdf	NaiPanHJla-1975-a-comparative-study-of-old-and-modern-burmese.pdf	1975/NaiPanHJla-1975-a-comparative-study-of-old-and-modern-burmese.pdf	1975-comparative-study-old-modern-burmese-1-foreword-2-introduction.pdf	data/working/ocr/jbrs/text/1975-comparative-study-old-modern-burmese-1-foreword-2-introduction.txt	data/working/ocr/jbrs/metadata/1975-comparative-study-old-modern-burmese-1-foreword-2-introduction.json	data_local/sources/jbrs_canonical_pdfs/1975-comparative-study-old-modern-burmese-1-foreword-2-introduction.pdf	deferred_outside_phase1_scope	
naipanhjla_1975_a_comparative_study_of_o-b99961e719f2	NaiPanHJla-1975-a-comparative-study-of-old-and-modern-burmese.pdf	Burmese/Burma JBRS/1975/NaiPanHJla-1975-a-comparative-study-of-old-and-modern-burmese.pdf	1975-comparative-study-old-modern-burmese-1-foreword-2-introduction-scan-3.pdf	data/working/ocr/jbrs/text/1975-comparative-study-old-modern-burmese-1-foreword-2-introduction-scan-3.txt	data/working/ocr/jbrs/metadata/1975-comparative-study-old-modern-burmese-1-foreword-2-introduction-scan-3.json	data_local/sources/jbrs_canonical_pdfs/1975-comparative-study-old-modern-burmese-1-foreword-2-introduction-scan-3.pdf	deferred_outside_phase1_scope	collision_with=1975-comparative-study-old-modern-burmese-1-foreword-2-introduction
1975-naipanhla1975-oldmodernburmese-pdf	NaiPanHla1975-OldModernBurmese.pdf	1975/NaiPanHla1975-OldModernBurmese.pdf	1975-comparative-study-old-modern-burmese-1-foreword-2-introduction-scan-2.pdf	data/working/ocr/jbrs/text/1975-comparative-study-old-modern-burmese-1-foreword-2-introduction-scan-2.txt	data/working/ocr/jbrs/metadata/1975-comparative-study-old-modern-burmese-1-foreword-2-introduction-scan-2.json	data_local/sources/jbrs_canonical_pdfs/1975-comparative-study-old-modern-burmese-1-foreword-2-introduction-scan-2.pdf	deferred_outside_phase1_scope	collision_with=1975-comparative-study-old-modern-burmese-1-foreword-2-introduction
1932-namesofpyu-luce1932-pdf	NamesOfPyu-Luce1932.pdf	1932/NamesOfPyu-Luce1932.pdf	1932-1-modern-burman-writes-word-pyu-i-e-names-of-the-pyu.pdf	data/working/ocr/jbrs/text/1932-1-modern-burman-writes-word-pyu-i-e-names-of-the-pyu.txt	data/working/ocr/jbrs/metadata/1932-1-modern-burman-writes-word-pyu-i-e-names-of-the-pyu.json	data_local/sources/jbrs_canonical_pdfs/1932-1-modern-burman-writes-word-pyu-i-e-names-of-the-pyu.pdf	deferred_outside_phase1_scope	duplicate_of=luce_1932_names_of_pyu-95a665d52663
1961-natrualsoda-inburmese-pdf	NatrualSoda_inBurmese.pdf	1961/NatrualSoda_inBurmese.pdf	1961-natural-soda-burma-by.pdf	data/working/ocr/jbrs/text/1961-natural-soda-burma-by.txt	data/working/ocr/jbrs/metadata/1961-natural-soda-burma-by.json	data_local/sources/jbrs_canonical_pdfs/1961-natural-soda-burma-by.pdf	deferred_outside_phase1_scope	
nissaya_okell_1967-466204552757	Nissaya-Okell-1967.pdf	Burmese/Burma JBRS/1967/Nissaya-Okell-1967.pdf	1967-nissaya-burmese-case-systematic-adaptation-foreign-grammar-syntax-john-okell.pdf	data/working/ocr/jbrs/text/1967-nissaya-burmese-case-systematic-adaptation-foreign-grammar-syntax-john-okell.txt	data/working/ocr/jbrs/metadata/1967-nissaya-burmese-case-systematic-adaptation-foreign-grammar-syntax-john-okell.json	data_local/sources/jbrs_canonical_pdfs/1967-nissaya-burmese-case-systematic-adaptation-foreign-grammar-syntax-john-okell.pdf	renamed_in_repo	
1962-odysseyburmesetype-ba-pdf	OdysseyBurmeseType_Ba.pdf	1962/OdysseyBurmeseType_Ba.pdf	1962-odyssey-first-burmese-types-by.pdf	data/working/ocr/jbrs/text/1962-odyssey-first-burmese-types-by.txt	data/working/ocr/jbrs/metadata/1962-odyssey-first-burmese-types-by.json	data_local/sources/jbrs_canonical_pdfs/1962-odyssey-first-burmese-types-by.pdf	deferred_outside_phase1_scope	
1912-originburmese-brown1912-pdf	OriginBurmese-Brown1912.pdf	1912/OriginBurmese-Brown1912.pdf	OriginBurmese-Brown1912.pdf	data/working/ocr/jbrs/text/1912-originburmese-brown1912-pdf.txt	data/working/ocr/jbrs/metadata/1912-originburmese-brown1912-pdf.json		needs_manual_review	
originkachins_hanson1912-01914909f6c3	OriginKachins-Hanson1912.pdf	Burmese/Burma JBRS/1912/OriginKachins-Hanson1912.pdf	OriginKachins-Hanson1912.pdf	data/working/ocr/jbrs/text/originkachins_hanson1912-01914909f6c3.txt	data/working/ocr/jbrs/metadata/originkachins_hanson1912-01914909f6c3.json		needs_manual_review	
1921-pagan-enriquez1921-pdf	Pagan-Enriquez1921.pdf	1921/Pagan-Enriquez1921.pdf	1921-pagan-major-c-m-enriquez-few-places-inspire-major-c-m-enriquez.pdf	data/working/ocr/jbrs/text/1921-pagan-major-c-m-enriquez-few-places-inspire-major-c-m-enriquez.txt	data/working/ocr/jbrs/metadata/1921-pagan-major-c-m-enriquez-few-places-inspire-major-c-m-enriquez.json	data_local/sources/jbrs_canonical_pdfs/1921-pagan-major-c-m-enriquez-few-places-inspire-major-c-m-enriquez.pdf	deferred_outside_phase1_scope	
1976-paganrestoration-thantun1976-pdf	PaganRestoration-ThanTun1976.pdf	1976/PaganRestoration-ThanTun1976.pdf	1976-pagan-restoration-by.pdf	data/working/ocr/jbrs/text/1976-pagan-restoration-by.txt	data/working/ocr/jbrs/metadata/1976-pagan-restoration-by.json	data_local/sources/jbrs_canonical_pdfs/1976-pagan-restoration-by.pdf	deferred_outside_phase1_scope	
paganrestoration_thantun1976-a533abc3acb8	PaganRestoration-ThanTun1976.pdf	Burmese/Burma JBRS/1976/PaganRestoration-ThanTun1976.pdf	1976-pagan-restoration-by-scan-2.pdf	data/working/ocr/jbrs/text/1976-pagan-restoration-by-scan-2.txt	data/working/ocr/jbrs/metadata/1976-pagan-restoration-by-scan-2.json	data_local/sources/jbrs_canonical_pdfs/1976-pagan-restoration-by-scan-2.pdf	deferred_outside_phase1_scope	collision_with=1976-pagan-restoration-by
1948-pagansittan1-in-burmese-furnivall1948-pdf	PaganSittan1(in Burmese)-Furnivall1948.pdf	1948/PaganSittan1(in Burmese)-Furnivall1948.pdf	PaganSittan1(in Burmese)-Furnivall1948.pdf	data/working/ocr/jbrs/text/1948-pagansittan1-in-burmese-furnivall1948-pdf.txt	data/working/ocr/jbrs/metadata/1948-pagansittan1-in-burmese-furnivall1948-pdf.json		needs_manual_review	
1950-pagansittan1-in-burmese-furnivall1950-pdf	PaganSittan1(in Burmese)-Furnivall1950.pdf	1950/PaganSittan1(in Burmese)-Furnivall1950.pdf	PaganSittan1(in Burmese)-Furnivall1950.pdf	data/working/ocr/jbrs/text/1950-pagansittan1-in-burmese-furnivall1950-pdf.txt	data/working/ocr/jbrs/metadata/1950-pagansittan1-in-burmese-furnivall1950-pdf.json		needs_manual_review	
1950-pagansittan2-in-burmese-furnivall1950-pdf	PaganSittan2(in Burmese)-Furnivall1950.pdf	1950/PaganSittan2(in Burmese)-Furnivall1950.pdf	PaganSittan2(in Burmese)-Furnivall1950.pdf	data/working/ocr/jbrs/text/1950-pagansittan2-in-burmese-furnivall1950-pdf.txt	data/working/ocr/jbrs/metadata/1950-pagansittan2-in-burmese-furnivall1950-pdf.json		needs_manual_review	
1963-paliburmesenissaya-tinlwin1963-pdf	PaliBurmeseNissaya-TinLwin1963.pdf	1963/PaliBurmeseNissaya-TinLwin1963.pdf	1963-pali-burmese-nissaya-tin-lwin.pdf	data/working/ocr/jbrs/text/1963-pali-burmese-nissaya-tin-lwin.txt	data/working/ocr/jbrs/metadata/1963-pali-burmese-nissaya-tin-lwin.json	data_local/sources/jbrs_canonical_pdfs/1963-pali-burmese-nissaya-tin-lwin.pdf	renamed_in_repo	
1975-palimonpagan1-luce1975-pdf	PaliMonPagan1-Luce1975.pdf	1975/PaliMonPagan1-Luce1975.pdf	1975-pali-old-mon-ink-glosses-pag-n-temples-contents.pdf	data/working/ocr/jbrs/text/1975-pali-old-mon-ink-glosses-pag-n-temples-contents.txt	data/working/ocr/jbrs/metadata/1975-pali-old-mon-ink-glosses-pag-n-temples-contents.json	data_local/sources/jbrs_canonical_pdfs/1975-pali-old-mon-ink-glosses-pag-n-temples-contents.pdf	deferred_outside_phase1_scope	
1976-palimonpagan1-luce1976-pdf	PaliMonPagan1-Luce1976.pdf	1976/PaliMonPagan1-Luce1976.pdf	1976-pali-old-mon-ink-glosses-pag-n-temples-contents.pdf	data/working/ocr/jbrs/text/1976-pali-old-mon-ink-glosses-pag-n-temples-contents.txt	data/working/ocr/jbrs/metadata/1976-pali-old-mon-ink-glosses-pag-n-temples-contents.json	data_local/sources/jbrs_canonical_pdfs/1976-pali-old-mon-ink-glosses-pag-n-temples-contents.pdf	deferred_outside_phase1_scope	
1975-palimonpagan2-luce1975-pdf	PaliMonPagan2-Luce1975.pdf	1975/PaliMonPagan2-Luce1975.pdf	1975-pali-old-mon-ink-glosses-pag-n-temples-contents-scan-2.pdf	data/working/ocr/jbrs/text/1975-pali-old-mon-ink-glosses-pag-n-temples-contents-scan-2.txt	data/working/ocr/jbrs/metadata/1975-pali-old-mon-ink-glosses-pag-n-temples-contents-scan-2.json	data_local/sources/jbrs_canonical_pdfs/1975-pali-old-mon-ink-glosses-pag-n-temples-contents-scan-2.pdf	deferred_outside_phase1_scope	collision_with=1975-pali-old-mon-ink-glosses-pag-n-temples-contents
1976-palimonpagan2-luce1976-pdf	PaliMonPagan2-Luce1976.pdf	1976/PaliMonPagan2-Luce1976.pdf	1976-pali-old-mon-ink-glosses-pag-n-temples-contents-scan-2.pdf	data/working/ocr/jbrs/text/1976-pali-old-mon-ink-glosses-pag-n-temples-contents-scan-2.txt	data/working/ocr/jbrs/metadata/1976-pali-old-mon-ink-glosses-pag-n-temples-contents-scan-2.json	data_local/sources/jbrs_canonical_pdfs/1976-pali-old-mon-ink-glosses-pag-n-temples-contents-scan-2.pdf	deferred_outside_phase1_scope	collision_with=1976-pali-old-mon-ink-glosses-pag-n-temples-contents
193078-6feeee7af9fa	PeMaungTin 1929 PhilologicalFeaturesOfBurmeseInscriptions_1929.pdf	Pe Maung Tin/PeMaungTin 1929 PhilologicalFeaturesOfBurmeseInscriptions_1929.pdf	1929-philological-features-inscriptions-vii.pdf	data/working/ocr/jbrs/text/1929-philological-features-inscriptions-vii.txt	data/working/ocr/jbrs/metadata/1929-philological-features-inscriptions-vii.json	data_local/sources/jbrs_canonical_pdfs/1929-philological-features-inscriptions-vii.pdf	deferred_outside_phase1_scope	
201020-29b619f739e5	PeMaungTin 1930 OldWordsInBurmeseInscriptions.pdf	Pe Maung Tin/PeMaungTin 1930 OldWordsInBurmeseInscriptions.pdf	1930-some-old-words-inscriptions-it-is-pleasure-find-no-ix.pdf	data/working/ocr/jbrs/text/1930-some-old-words-inscriptions-it-is-pleasure-find-no-ix.txt	data/working/ocr/jbrs/metadata/1930-some-old-words-inscriptions-it-is-pleasure-find-no-ix.json	data_local/sources/jbrs_canonical_pdfs/1930-some-old-words-inscriptions-it-is-pleasure-find-no-ix.pdf	deferred_outside_phase1_scope	
253149-88495e2fcca1	PeMaungTin 1935 WomenInTheInscriptionsOfPagan.pdf	Pe Maung Tin/PeMaungTin 1935 WomenInTheInscriptionsOfPagan.pdf	1935-women-inscriptions-pagan-it-may-be-said-without-pe-maung-tin-scan-2.pdf	data/working/ocr/jbrs/text/1935-women-inscriptions-pagan-it-may-be-said-without-pe-maung-tin-scan-2.txt	data/working/ocr/jbrs/metadata/1935-women-inscriptions-pagan-it-may-be-said-without-pe-maung-tin-scan-2.json	data_local/sources/jbrs_canonical_pdfs/1935-women-inscriptions-pagan-it-may-be-said-without-pe-maung-tin-scan-2.pdf	deferred_outside_phase1_scope	duplicate_of=1935-womeninscriptionspagan-pemaungtin1935-pdf; collision_with=1935-women-inscriptions-pagan-it-may-be-said-without-pe-maung-tin
261052-0eaebe68d937	PeMaungTin 1936 BuddhismInTheInscriptionsOfPagan.pdf	Pe Maung Tin/PeMaungTin 1936 BuddhismInTheInscriptionsOfPagan.pdf	1936-buddhism-inscriptions-pagan-numerous-temples-pagodas-which-still-pe-maung-tin-scan-2.pdf	data/working/ocr/jbrs/text/1936-buddhism-inscriptions-pagan-numerous-temples-pagodas-which-still-pe-maung-tin-scan-2.txt	data/working/ocr/jbrs/metadata/1936-buddhism-inscriptions-pagan-numerous-temples-pagodas-which-still-pe-maung-tin-scan-2.json	data_local/sources/jbrs_canonical_pdfs/1936-buddhism-inscriptions-pagan-numerous-temples-pagodas-which-still-pe-maung-tin-scan-2.pdf	deferred_outside_phase1_scope	collision_with=1936-buddhism-inscriptions-pagan-numerous-temples-pagodas-which-still-pe-maung-tin
1930-pemaungtin-1930-oldwordsininscriptions-pdf	PeMaungTin-1930-OldWordsinInscriptions.pdf	1930/PeMaungTin-1930-OldWordsinInscriptions.pdf	1930-no-pe-maung-tin.pdf	data/working/ocr/jbrs/text/1930-no-pe-maung-tin.txt	data/working/ocr/jbrs/metadata/1930-no-pe-maung-tin.json	data_local/sources/jbrs_canonical_pdfs/1930-no-pe-maung-tin.pdf	deferred_outside_phase1_scope	
162099-09fa859801f5	Pegu-Hall1926.pdf	Burmese/Burma JBRS/1926/Pegu-Hall1926.pdf	1926-brief-account-kingdom-pegu-d-g-e-hall.pdf	data/working/ocr/jbrs/text/1926-brief-account-kingdom-pegu-d-g-e-hall.txt	data/working/ocr/jbrs/metadata/1926-brief-account-kingdom-pegu-d-g-e-hall.json	data_local/sources/jbrs_canonical_pdfs/1926-brief-account-kingdom-pegu-d-g-e-hall.pdf	deferred_outside_phase1_scope	
pegu2_macgregor1926-625dc5cf6a01	Pegu2-Macgregor1926.pdf	Burmese/Burma JBRS/1926/Pegu2-Macgregor1926.pdf	Pegu2-Macgregor1926.pdf	data/working/ocr/jbrs/text/pegu2_macgregor1926-625dc5cf6a01.txt	data/working/ocr/jbrs/metadata/pegu2_macgregor1926-625dc5cf6a01.json		needs_manual_review	
1932-phayreavajournal-hall1932-pdf	PhayreAvaJournal-Hall1932.pdf	1932/PhayreAvaJournal-Hall1932.pdf	1932-phayre-s-private-journal-his-mission-ava-transcribed-d-g-e-hall.pdf	data/working/ocr/jbrs/text/1932-phayre-s-private-journal-his-mission-ava-transcribed-d-g-e-hall.txt	data/working/ocr/jbrs/metadata/1932-phayre-s-private-journal-his-mission-ava-transcribed-d-g-e-hall.json	data_local/sources/jbrs_canonical_pdfs/1932-phayre-s-private-journal-his-mission-ava-transcribed-d-g-e-hall.pdf	deferred_outside_phase1_scope	
piquantsplendours_bahan1967-4f2fcdb639cc	PiquantSplendours_BaHan1967.pdf	Burmese/Burma JBRS/1967/PiquantSplendours_BaHan1967.pdf	1967-piquant-splendours-burmese-family-life-of-old.pdf	data/working/ocr/jbrs/text/1967-piquant-splendours-burmese-family-life-of-old.txt	data/working/ocr/jbrs/metadata/1967-piquant-splendours-burmese-family-life-of-old.json	data_local/sources/jbrs_canonical_pdfs/1967-piquant-splendours-burmese-family-life-of-old.pdf	deferred_outside_phase1_scope	
populationwaves_bemardelli1941-95db8a26c61b	PopulationWaves-Bemardelli1941.pdf	Burmese/Burma JBRS/1941/PopulationWaves-Bemardelli1941.pdf	1941-geometric-progression-interest-law-according-verhulst-pearl-population-waves.pdf	data/working/ocr/jbrs/text/1941-geometric-progression-interest-law-according-verhulst-pearl-population-waves.txt	data/working/ocr/jbrs/metadata/1941-geometric-progression-interest-law-according-verhulst-pearl-population-waves.json	data_local/sources/jbrs_canonical_pdfs/1941-geometric-progression-interest-law-according-verhulst-pearl-population-waves.pdf	deferred_outside_phase1_scope	
1936-prayersburma-luce1936-pdf	PrayersBurma-Luce1936.pdf	1936/PrayersBurma-Luce1936.pdf	1936-prayers-ancient-burma-g-h-luce.pdf	data/working/ocr/jbrs/text/1936-prayers-ancient-burma-g-h-luce.txt	data/working/ocr/jbrs/metadata/1936-prayers-ancient-burma-g-h-luce.json	data_local/sources/jbrs_canonical_pdfs/1936-prayers-ancient-burma-g-h-luce.pdf	deferred_outside_phase1_scope	
pyuinscriptions_blagden1917-61a4832bfac2	PyuInscriptions-Blagden1917.pdf	Burmese/Burma JBRS/1917/PyuInscriptions-Blagden1917.pdf	1917-pyu-inscriptions-c-o-blagden.pdf	data/working/ocr/jbrs/text/1917-pyu-inscriptions-c-o-blagden.txt	data/working/ocr/jbrs/metadata/1917-pyu-inscriptions-c-o-blagden.json	data_local/sources/jbrs_canonical_pdfs/1917-pyu-inscriptions-c-o-blagden.pdf	deferred_outside_phase1_scope	
1933-ramblesamongruyinsmrauku-sanbaw1933-pdf	RamblesAmongRuyinsMraukU-Sanbaw1933.pdf	1933/RamblesAmongRuyinsMraukU-Sanbaw1933.pdf	1933-amongst-ruins-golden-city-myauk-u-my-rambles.pdf	data/working/ocr/jbrs/text/1933-amongst-ruins-golden-city-myauk-u-my-rambles.txt	data/working/ocr/jbrs/metadata/1933-amongst-ruins-golden-city-myauk-u-my-rambles.json	data_local/sources/jbrs_canonical_pdfs/1933-amongst-ruins-golden-city-myauk-u-my-rambles.pdf	deferred_outside_phase1_scope	
1932-sakaerapagan-pemaungtin1932-pdf	SakaEraPagan-PeMaungTin1932.pdf	1932/SakaEraPagan-PeMaungTin1932.pdf	1932-saka-era-pagan-pe-maung-tin.pdf	data/working/ocr/jbrs/text/1932-saka-era-pagan-pe-maung-tin.txt	data/working/ocr/jbrs/metadata/1932-saka-era-pagan-pe-maung-tin.json	data_local/sources/jbrs_canonical_pdfs/1932-saka-era-pagan-pe-maung-tin.pdf	deferred_outside_phase1_scope	
1920-sayabe-1920-burmese-apocalypse-pdf	SayaBe-1920-burmese-apocalypse.pdf	1920/SayaBe-1920-burmese-apocalypse.pdf	1920-62-era-decay-the-era-of-decay.pdf	data/working/ocr/jbrs/text/1920-62-era-decay-the-era-of-decay.txt	data/working/ocr/jbrs/metadata/1920-62-era-decay-the-era-of-decay.json	data_local/sources/jbrs_canonical_pdfs/1920-62-era-decay-the-era-of-decay.pdf	deferred_outside_phase1_scope	
1960-shanfolktales-saimong1960-pdf	ShanFolktales-Saimong1960.pdf	1960/ShanFolktales-Saimong1960.pdf	1960-owl-crow-shan-folk-tales.pdf	data/working/ocr/jbrs/text/1960-owl-crow-shan-folk-tales.txt	data/working/ocr/jbrs/metadata/1960-owl-crow-shan-folk-tales.json	data_local/sources/jbrs_canonical_pdfs/1960-owl-crow-shan-folk-tales.pdf	deferred_outside_phase1_scope	
1920-shwegugyiinscription-luce1920-pdf	ShwegugyiInscription-Luce1920.pdf	1920/ShwegugyiInscription-Luce1920.pdf	1920-shwegugyi-pagoda-inscription-pagan-1141-d-g-h-luce.pdf	data/working/ocr/jbrs/text/1920-shwegugyi-pagoda-inscription-pagan-1141-d-g-h-luce.txt	data/working/ocr/jbrs/metadata/1920-shwegugyi-pagoda-inscription-pagan-1141-d-g-h-luce.json	data_local/sources/jbrs_canonical_pdfs/1920-shwegugyi-pagoda-inscription-pagan-1141-d-g-h-luce.pdf	renamed_in_repo	
1938-siamburma-inburmese1938-pdf	SiamBurma_inBurmese1938.pdf	1938/SiamBurma_inBurmese1938.pdf	SiamBurma_inBurmese1938.pdf	data/working/ocr/jbrs/text/1938-siamburma-inburmese1938-pdf.txt	data/working/ocr/jbrs/metadata/1938-siamburma-inburmese1938-pdf.json		needs_manual_review	
1938-siamburma-inburmese1938b-pdf	SiamBurma_inBurmese1938B.pdf	1938/SiamBurma_inBurmese1938B.pdf	SiamBurma_inBurmese1938B.pdf	data/working/ocr/jbrs/text/1938-siamburma-inburmese1938b-pdf.txt	data/working/ocr/jbrs/metadata/1938-siamburma-inburmese1938b-pdf.json		needs_manual_review	
1923-slapatrajawonmonhistory1-halliday1923-pdf	SlapatRajawonMonHistory1-Halliday1923.pdf	1923/SlapatRajawonMonHistory1-Halliday1923.pdf	1923-text-translation-notes-a-history-of-kings.pdf	data/working/ocr/jbrs/text/1923-text-translation-notes-a-history-of-kings.txt	data/working/ocr/jbrs/metadata/1923-text-translation-notes-a-history-of-kings.json	data_local/sources/jbrs_canonical_pdfs/1923-text-translation-notes-a-history-of-kings.pdf	deferred_outside_phase1_scope	
1923-slapatrajawonmonhistory2-halliday1923-pdf	SlapatRajawonMonHistory2-Halliday1923.pdf	1923/SlapatRajawonMonHistory2-Halliday1923.pdf	1923-translation-namo-tassa-bhagavato-arahato-sammasambuddhassa-r-j-a-history-of-kings.pdf	data/working/ocr/jbrs/text/1923-translation-namo-tassa-bhagavato-arahato-sammasambuddhassa-r-j-a-history-of-kings.txt	data/working/ocr/jbrs/metadata/1923-translation-namo-tassa-bhagavato-arahato-sammasambuddhassa-r-j-a-history-of-kings.json	data_local/sources/jbrs_canonical_pdfs/1923-translation-namo-tassa-bhagavato-arahato-sammasambuddhassa-r-j-a-history-of-kings.pdf	deferred_outside_phase1_scope	
1920-smallertemplespagan-luce1920-pdf	SmallerTemplesPagan-Luce1920.pdf	1920/SmallerTemplesPagan-Luce1920.pdf	1920-smaller-temples-pagan-i.pdf	data/working/ocr/jbrs/text/1920-smaller-temples-pagan-i.txt	data/working/ocr/jbrs/metadata/1920-smaller-temples-pagan-i.json	data_local/sources/jbrs_canonical_pdfs/1920-smaller-temples-pagan-i.pdf	deferred_outside_phase1_scope	
1976-sonauttara-saimong1976-pdf	SonaUttara-Saimong1976.pdf	1976/SonaUttara-Saimong1976.pdf	1976-did-sona-uttara-come-lower-burma-sao-saimong-mangrai.pdf	data/working/ocr/jbrs/text/1976-did-sona-uttara-come-lower-burma-sao-saimong-mangrai.txt	data/working/ocr/jbrs/metadata/1976-did-sona-uttara-come-lower-burma-sao-saimong-mangrai.json	data_local/sources/jbrs_canonical_pdfs/1976-did-sona-uttara-come-lower-burma-sao-saimong-mangrai.pdf	deferred_outside_phase1_scope	
1965-stoneinscriptionssale-swere1965-pdf	StoneInscriptionsSale-Swere1965.pdf	1965/StoneInscriptionsSale-Swere1965.pdf	StoneInscriptionsSale-Swere1965.pdf	data/working/ocr/jbrs/text/1965-stoneinscriptionssale-swere1965-pdf.txt	data/working/ocr/jbrs/metadata/1965-stoneinscriptionssale-swere1965-pdf.json		needs_manual_review	
stoneinscriptionssale_swere1965-1c981765c5c3	StoneInscriptionsSale-Swere1965.pdf	Burmese/Burma JBRS/1965/StoneInscriptionsSale-Swere1965.pdf	StoneInscriptionsSale-Swere1965.pdf	data/working/ocr/jbrs/text/stoneinscriptionssale_swere1965-1c981765c5c3.txt	data/working/ocr/jbrs/metadata/stoneinscriptionssale_swere1965-1c981765c5c3.json		needs_manual_review	
1912-talaingepigraphy-blagden1912-pdf	TalaingEpigraphy-Blagden1912.pdf	1912/TalaingEpigraphy-Blagden1912.pdf	1912-notes-talaing-epigraphy-c-o-blagden-straits-settlements-notes-on-talaing-epigraphy.pdf	data/working/ocr/jbrs/text/1912-notes-talaing-epigraphy-c-o-blagden-straits-settlements-notes-on-talaing-epigraphy.txt	data/working/ocr/jbrs/metadata/1912-notes-talaing-epigraphy-c-o-blagden-straits-settlements-notes-on-talaing-epigraphy.json	data_local/sources/jbrs_canonical_pdfs/1912-notes-talaing-epigraphy-c-o-blagden-straits-settlements-notes-on-talaing-epigraphy.pdf	deferred_outside_phase1_scope	
1928-talainginscription-blagden1928-pdf	TalaingInscription-Blagden1928.pdf	1928/TalaingInscription-Blagden1928.pdf	1928-talaing-inscription-bell-cast-anauppet-lun-min.pdf	data/working/ocr/jbrs/text/1928-talaing-inscription-bell-cast-anauppet-lun-min.txt	data/working/ocr/jbrs/metadata/1928-talaing-inscription-bell-cast-anauppet-lun-min.json	data_local/sources/jbrs_canonical_pdfs/1928-talaing-inscription-bell-cast-anauppet-lun-min.pdf	deferred_outside_phase1_scope	
taungthas_thantin1928-8a181c04fc05	Taungthas-ThanTin1928.pdf	Burmese/Burma JBRS/1928/Taungthas-ThanTin1928.pdf	Taungthas-ThanTin1928.pdf	data/working/ocr/jbrs/text/taungthas_thantin1928-8a181c04fc05.txt	data/working/ocr/jbrs/metadata/taungthas_thantin1928-8a181c04fc05.json		needs_manual_review	
1976-thatonexcavation-naipanhla1976-pdf	ThatonExcavation-NaiPanHla1976.pdf	1976/ThatonExcavation-NaiPanHla1976.pdf	ThatonExcavation-NaiPanHla1976.pdf	data/working/ocr/jbrs/text/1976-thatonexcavation-naipanhla1976-pdf.txt	data/working/ocr/jbrs/metadata/1976-thatonexcavation-naipanhla1976-pdf.json		needs_manual_review	
432097-cd71b0e9e12b	Thrones-YiYi1960.pdf	Burmese/Burma JBRS/1960/Thrones-YiYi1960.pdf	1960-thrones-burmese-kings-by.pdf	data/working/ocr/jbrs/text/1960-thrones-burmese-kings-by.txt	data/working/ocr/jbrs/metadata/1960-thrones-burmese-kings-by.json	data_local/sources/jbrs_canonical_pdfs/1960-thrones-burmese-kings-by.pdf	deferred_outside_phase1_scope	
1920-vajrabuddhipaganyazawin-duroiselle1920-pdf	VajrabuddhiPaganYazawin-Duroiselle1920.pdf	1920/VajrabuddhiPaganYazawin-Duroiselle1920.pdf	1920-ar-charles-duroiselle.pdf	data/working/ocr/jbrs/text/1920-ar-charles-duroiselle.txt	data/working/ocr/jbrs/metadata/1920-ar-charles-duroiselle.json	data_local/sources/jbrs_canonical_pdfs/1920-ar-charles-duroiselle.pdf	deferred_outside_phase1_scope	
1955-warswithburmese1-damrong1956-pdf	WarsWithBurmese1-Damrong1956.pdf	1955/WarsWithBurmese1-Damrong1956.pdf	1955-our-wars-burmese-by.pdf	data/working/ocr/jbrs/text/1955-our-wars-burmese-by.txt	data/working/ocr/jbrs/metadata/1955-our-wars-burmese-by.json	data_local/sources/jbrs_canonical_pdfs/1955-our-wars-burmese-by.pdf	renamed_in_repo	
1957-warswithburmese2-damrong1957-pdf	WarsWithBurmese2-Damrong1957.pdf	1957/WarsWithBurmese2-Damrong1957.pdf	1957-our-wars-burmese-row-robe-phama-thai-prince-translated-into-english.pdf	data/working/ocr/jbrs/text/1957-our-wars-burmese-row-robe-phama-thai-prince-translated-into-english.txt	data/working/ocr/jbrs/metadata/1957-our-wars-burmese-row-robe-phama-thai-prince-translated-into-english.json	data_local/sources/jbrs_canonical_pdfs/1957-our-wars-burmese-row-robe-phama-thai-prince-translated-into-english.pdf	deferred_outside_phase1_scope	
1957-warswithburmese3-damrong1957-pdf	WarsWithBurmese3-Damrong1957.pdf	1957/WarsWithBurmese3-Damrong1957.pdf	WarsWithBurmese3-Damrong1957.pdf	data/working/ocr/jbrs/text/1957-warswithburmese3-damrong1957-pdf.txt	data/working/ocr/jbrs/metadata/1957-warswithburmese3-damrong1957-pdf.json		needs_manual_review	
1935-womeninscriptionspagan-pemaungtin1935-pdf	WomenInscriptionsPagan-PeMaungTin1935.pdf	1935/WomenInscriptionsPagan-PeMaungTin1935.pdf	1935-women-inscriptions-pagan-it-may-be-said-without-pe-maung-tin.pdf	data/working/ocr/jbrs/text/1935-women-inscriptions-pagan-it-may-be-said-without-pe-maung-tin.txt	data/working/ocr/jbrs/metadata/1935-women-inscriptions-pagan-it-may-be-said-without-pe-maung-tin.json	data_local/sources/jbrs_canonical_pdfs/1935-women-inscriptions-pagan-it-may-be-said-without-pe-maung-tin.pdf	deferred_outside_phase1_scope	duplicate_of=253149-88495e2fcca1
1919-writingburmesehistory-hall1919-pdf	WritingBurmeseHistory-Hall1919.pdf	1919/WritingBurmeseHistory-Hall1919.pdf	1919-importance-history-especially-present-day-the.pdf	data/working/ocr/jbrs/text/1919-importance-history-especially-present-day-the.txt	data/working/ocr/jbrs/metadata/1919-importance-history-especially-present-day-the.json	data_local/sources/jbrs_canonical_pdfs/1919-importance-history-especially-present-day-the.pdf	deferred_outside_phase1_scope	
yiyi_1962_judicial_system_of_king_mindon-050205a369f2	YiYi-1962-judicial-system-of-king-mindon.pdf	Burmese/Burma JBRS/1962/YiYi-1962-judicial-system-of-king-mindon.pdf	1962-judicial-system-king-mindon-yi-yi.pdf	data/working/ocr/jbrs/text/1962-judicial-system-king-mindon-yi-yi.txt	data/working/ocr/jbrs/metadata/1962-judicial-system-king-mindon-yi-yi.json	data_local/sources/jbrs_canonical_pdfs/1962-judicial-system-king-mindon-yi-yi.pdf	deferred_outside_phase1_scope	
tosort-pe-maung-tin-development-of-burmese-language-pdf	pe-maung-tin-development-of-burmese-language.pdf	ToSort/pe-maung-tin-development-of-burmese-language.pdf	pe-maung-tin-development-of-burmese-language.pdf	data/working/ocr/jbrs/text/tosort-pe-maung-tin-development-of-burmese-language-pdf.txt	data/working/ocr/jbrs/metadata/tosort-pe-maung-tin-development-of-burmese-language-pdf.json		needs_manual_review	
