batch_id	local_file_id	file_name	path_stub	volume	issue	year	page_count_estimate	ocr_priority	ocr_scope	ocr_engine	output_basename	expected_output_format	metadata_sidecar_path	status	blocked_by	notes
jbrs-ocr-011015-7d1a32a2d131	011015-7d1a32a2d131	011015.pdf	Burmese/Burma JBRS/1911/011015.pdf					low	article_pages_only	google_vision	011015-7d1a32a2d131	metadata_sidecar+page_text+article_text+google_vision_json	data_local/ocr/jbrs/manifest/011015-7d1a32a2d131.json	ready_for_ocr	needs runtime path cache from build_jbrs_local_manifest.py --root	Matched corpus references elevate OCR priority; the committed plan stores path stubs only.
jbrs-ocr-011031-642d82a624e9	011031-642d82a624e9	011031.pdf	Burmese/Burma JBRS/1911/011031.pdf					low	article_pages_only	google_vision	011031-642d82a624e9	metadata_sidecar+page_text+article_text+google_vision_json	data_local/ocr/jbrs/manifest/011031-642d82a624e9.json	ready_for_ocr	needs runtime path cache from build_jbrs_local_manifest.py --root	Matched corpus references elevate OCR priority; the committed plan stores path stubs only.
jbrs-ocr-011035-4201ec00447e	011035-4201ec00447e	011035.pdf	Burmese/Burma JBRS/1911/011035.pdf					low	article_pages_only	google_vision	011035-4201ec00447e	metadata_sidecar+page_text+article_text+google_vision_json	data_local/ocr/jbrs/manifest/011035-4201ec00447e.json	ready_for_ocr	needs runtime path cache from build_jbrs_local_manifest.py --root	Matched corpus references elevate OCR priority; the committed plan stores path stubs only.
jbrs-ocr-011041-2bc89eb3a71a	011041-2bc89eb3a71a	011041.pdf	Burmese/Burma JBRS/1911/011041.pdf					low	article_pages_only	google_vision	011041-2bc89eb3a71a	metadata_sidecar+page_text+article_text+google_vision_json	data_local/ocr/jbrs/manifest/011041-2bc89eb3a71a.json	ready_for_ocr	needs runtime path cache from build_jbrs_local_manifest.py --root	Matched corpus references elevate OCR priority; the committed plan stores path stubs only.
jbrs-ocr-011065-b0659f6c2c42	011065-b0659f6c2c42	011065.pdf	Burmese/Burma JBRS/1911/011065.pdf					low	article_pages_only	google_vision	011065-b0659f6c2c42	metadata_sidecar+page_text+article_text+google_vision_json	data_local/ocr/jbrs/manifest/011065-b0659f6c2c42.json	ready_for_ocr	needs runtime path cache from build_jbrs_local_manifest.py --root	Matched corpus references elevate OCR priority; the committed plan stores path stubs only.
jbrs-ocr-011070-30aadc4fc3e7	011070-30aadc4fc3e7	011070.pdf	Burmese/Burma JBRS/1911/011070.pdf					low	article_pages_only	google_vision	011070-30aadc4fc3e7	metadata_sidecar+page_text+article_text+google_vision_json	data_local/ocr/jbrs/manifest/011070-30aadc4fc3e7.json	ready_for_ocr	needs runtime path cache from build_jbrs_local_manifest.py --root	Matched corpus references elevate OCR priority; the committed plan stores path stubs only.
jbrs-ocr-011075-3890ed8b77e2	011075-3890ed8b77e2	011075.pdf	Burmese/Burma JBRS/1911/011075.pdf					low	article_pages_only	google_vision	011075-3890ed8b77e2	metadata_sidecar+page_text+article_text+google_vision_json	data_local/ocr/jbrs/manifest/011075-3890ed8b77e2.json	ready_for_ocr	needs runtime path cache from build_jbrs_local_manifest.py --root	Matched corpus references elevate OCR priority; the committed plan stores path stubs only.
jbrs-ocr-011083-66f23b6e0a42	011083-66f23b6e0a42	011083.pdf	Burmese/Burma JBRS/1911/011083.pdf					low	article_pages_only	google_vision	011083-66f23b6e0a42	metadata_sidecar+page_text+article_text+google_vision_json	data_local/ocr/jbrs/manifest/011083-66f23b6e0a42.json	ready_for_ocr	needs runtime path cache from build_jbrs_local_manifest.py --root	Matched corpus references elevate OCR priority; the committed plan stores path stubs only.
jbrs-ocr-011087-4e3220d05a64	011087-4e3220d05a64	011087.pdf	Burmese/Burma JBRS/1911/011087.pdf					low	article_pages_only	google_vision	011087-4e3220d05a64	metadata_sidecar+page_text+article_text+google_vision_json	data_local/ocr/jbrs/manifest/011087-4e3220d05a64.json	ready_for_ocr	needs runtime path cache from build_jbrs_local_manifest.py --root	Matched corpus references elevate OCR priority; the committed plan stores path stubs only.
jbrs-ocr-011092-763ce641b5ae	011092-763ce641b5ae	011092.pdf	Burmese/Burma JBRS/1911/011092.pdf					low	article_pages_only	google_vision	011092-763ce641b5ae	metadata_sidecar+page_text+article_text+google_vision_json	data_local/ocr/jbrs/manifest/011092-763ce641b5ae.json	ready_for_ocr	needs runtime path cache from build_jbrs_local_manifest.py --root	Matched corpus references elevate OCR priority; the committed plan stores path stubs only.
jbrs-ocr-011096-e06a26f51f14	011096-e06a26f51f14	011096.pdf	Burmese/Burma JBRS/1911/011096.pdf					low	article_pages_only	google_vision	011096-e06a26f51f14	metadata_sidecar+page_text+article_text+google_vision_json	data_local/ocr/jbrs/manifest/011096-e06a26f51f14.json	ready_for_ocr	needs runtime path cache from build_jbrs_local_manifest.py --root	Matched corpus references elevate OCR priority; the committed plan stores path stubs only.
jbrs-ocr-011098-dfc0debb3b75	011098-dfc0debb3b75	011098.pdf	Burmese/Burma JBRS/1911/011098.pdf					low	article_pages_only	google_vision	011098-dfc0debb3b75	metadata_sidecar+page_text+article_text+google_vision_json	data_local/ocr/jbrs/manifest/011098-dfc0debb3b75.json	ready_for_ocr	needs runtime path cache from build_jbrs_local_manifest.py --root	Matched corpus references elevate OCR priority; the committed plan stores path stubs only.
jbrs-ocr-011099-e396af76a9cb	011099-e396af76a9cb	011099.pdf	Burmese/Burma JBRS/1911/011099.pdf					low	article_pages_only	google_vision	011099-e396af76a9cb	metadata_sidecar+page_text+article_text+google_vision_json	data_local/ocr/jbrs/manifest/011099-e396af76a9cb.json	ready_for_ocr	needs runtime path cache from build_jbrs_local_manifest.py --root	Matched corpus references elevate OCR priority; the committed plan stores path stubs only.
jbrs-ocr-011103-250b2aeefb9c	011103-250b2aeefb9c	011103.pdf	Burmese/Burma JBRS/1911/011103.pdf					low	article_pages_only	google_vision	011103-250b2aeefb9c	metadata_sidecar+page_text+article_text+google_vision_json	data_local/ocr/jbrs/manifest/011103-250b2aeefb9c.json	ready_for_ocr	needs runtime path cache from build_jbrs_local_manifest.py --root	Matched corpus references elevate OCR priority; the committed plan stores path stubs only.
jbrs-ocr-011107-718d5525913f	011107-718d5525913f	011107.pdf	Burmese/Burma JBRS/1911/011107.pdf					low	article_pages_only	google_vision	011107-718d5525913f	metadata_sidecar+page_text+article_text+google_vision_json	data_local/ocr/jbrs/manifest/011107-718d5525913f.json	ready_for_ocr	needs runtime path cache from build_jbrs_local_manifest.py --root	Matched corpus references elevate OCR priority; the committed plan stores path stubs only.
jbrs-ocr-011109-0929ec670e31	011109-0929ec670e31	011109.pdf	Burmese/Burma JBRS/1911/011109.pdf					low	article_pages_only	google_vision	011109-0929ec670e31	metadata_sidecar+page_text+article_text+google_vision_json	data_local/ocr/jbrs/manifest/011109-0929ec670e31.json	ready_for_ocr	needs runtime path cache from build_jbrs_local_manifest.py --root	Matched corpus references elevate OCR priority; the committed plan stores path stubs only.
jbrs-ocr-011109a-c8814bf030c2	011109a-c8814bf030c2	011109A.pdf	Burmese/Burma JBRS/1911/011109A.pdf					low	article_pages_only	google_vision	011109a-c8814bf030c2	metadata_sidecar+page_text+article_text+google_vision_json	data_local/ocr/jbrs/manifest/011109a-c8814bf030c2.json	ready_for_ocr	needs runtime path cache from build_jbrs_local_manifest.py --root	Matched corpus references elevate OCR priority; the committed plan stores path stubs only.
jbrs-ocr-011112-62c1e0363d56	011112-62c1e0363d56	011112.pdf	Burmese/Burma JBRS/1911/011112.pdf					low	article_pages_only	google_vision	011112-62c1e0363d56	metadata_sidecar+page_text+article_text+google_vision_json	data_local/ocr/jbrs/manifest/011112-62c1e0363d56.json	ready_for_ocr	needs runtime path cache from build_jbrs_local_manifest.py --root	Matched corpus references elevate OCR priority; the committed plan stores path stubs only.
jbrs-ocr-011113-d7410a638dd9	011113-d7410a638dd9	011113.pdf	Burmese/Burma JBRS/1911/011113.pdf					low	article_pages_only	google_vision	011113-d7410a638dd9	metadata_sidecar+page_text+article_text+google_vision_json	data_local/ocr/jbrs/manifest/011113-d7410a638dd9.json	ready_for_ocr	needs runtime path cache from build_jbrs_local_manifest.py --root	Matched corpus references elevate OCR priority; the committed plan stores path stubs only.
jbrs-ocr-011117-611db3ad2cfd	011117-611db3ad2cfd	011117.pdf	Burmese/Burma JBRS/1911/011117.pdf					low	article_pages_only	google_vision	011117-611db3ad2cfd	metadata_sidecar+page_text+article_text+google_vision_json	data_local/ocr/jbrs/manifest/011117-611db3ad2cfd.json	ready_for_ocr	needs runtime path cache from build_jbrs_local_manifest.py --root	Matched corpus references elevate OCR priority; the committed plan stores path stubs only.
jbrs-ocr-011119-654ca2fff409	011119-654ca2fff409	011119.pdf	Burmese/Burma JBRS/1911/011119.pdf					low	article_pages_only	google_vision	011119-654ca2fff409	metadata_sidecar+page_text+article_text+google_vision_json	data_local/ocr/jbrs/manifest/011119-654ca2fff409.json	ready_for_ocr	needs runtime path cache from build_jbrs_local_manifest.py --root	Matched corpus references elevate OCR priority; the committed plan stores path stubs only.
jbrs-ocr-011122-4e6b720936e2	011122-4e6b720936e2	011122.pdf	Burmese/Burma JBRS/1911/011122.pdf					low	article_pages_only	google_vision	011122-4e6b720936e2	metadata_sidecar+page_text+article_text+google_vision_json	data_local/ocr/jbrs/manifest/011122-4e6b720936e2.json	ready_for_ocr	needs runtime path cache from build_jbrs_local_manifest.py --root	Matched corpus references elevate OCR priority; the committed plan stores path stubs only.
jbrs-ocr-011131-b5499d8eb174	011131-b5499d8eb174	011131.pdf	Burmese/Burma JBRS/1911/011131.pdf					low	article_pages_only	google_vision	011131-b5499d8eb174	metadata_sidecar+page_text+article_text+google_vision_json	data_local/ocr/jbrs/manifest/011131-b5499d8eb174.json	ready_for_ocr	needs runtime path cache from build_jbrs_local_manifest.py --root	Matched corpus references elevate OCR priority; the committed plan stores path stubs only.
jbrs-ocr-011136-412a30c7d37d	011136-412a30c7d37d	011136.pdf	Burmese/Burma JBRS/1911/011136.pdf					low	article_pages_only	google_vision	011136-412a30c7d37d	metadata_sidecar+page_text+article_text+google_vision_json	data_local/ocr/jbrs/manifest/011136-412a30c7d37d.json	ready_for_ocr	needs runtime path cache from build_jbrs_local_manifest.py --root	Matched corpus references elevate OCR priority; the committed plan stores path stubs only.
jbrs-ocr-011140-7af3f6378d78	011140-7af3f6378d78	011140.pdf	Burmese/Burma JBRS/1911/011140.pdf					low	article_pages_only	google_vision	011140-7af3f6378d78	metadata_sidecar+page_text+article_text+google_vision_json	data_local/ocr/jbrs/manifest/011140-7af3f6378d78.json	ready_for_ocr	needs runtime path cache from build_jbrs_local_manifest.py --root	Matched corpus references elevate OCR priority; the committed plan stores path stubs only.
jbrs-ocr-011142-d4d21dbff26b	011142-d4d21dbff26b	011142.pdf	Burmese/Burma JBRS/1911/011142.pdf					low	article_pages_only	google_vision	011142-d4d21dbff26b	metadata_sidecar+page_text+article_text+google_vision_json	data_local/ocr/jbrs/manifest/011142-d4d21dbff26b.json	ready_for_ocr	needs runtime path cache from build_jbrs_local_manifest.py --root	Matched corpus references elevate OCR priority; the committed plan stores path stubs only.
jbrs-ocr-011143-7092f25827c4	011143-7092f25827c4	011143.pdf	Burmese/Burma JBRS/1911/011143.pdf					low	article_pages_only	google_vision	011143-7092f25827c4	metadata_sidecar+page_text+article_text+google_vision_json	data_local/ocr/jbrs/manifest/011143-7092f25827c4.json	ready_for_ocr	needs runtime path cache from build_jbrs_local_manifest.py --root	Matched corpus references elevate OCR priority; the committed plan stores path stubs only.
jbrs-ocr-011143a-c9c2b99ef0b4	011143a-c9c2b99ef0b4	011143A.pdf	Burmese/Burma JBRS/1911/011143A.pdf					low	article_pages_only	google_vision	011143a-c9c2b99ef0b4	metadata_sidecar+page_text+article_text+google_vision_json	data_local/ocr/jbrs/manifest/011143a-c9c2b99ef0b4.json	ready_for_ocr	needs runtime path cache from build_jbrs_local_manifest.py --root	Matched corpus references elevate OCR priority; the committed plan stores path stubs only.
jbrs-ocr-011145-982b38c4fa0c	011145-982b38c4fa0c	011145.pdf	Burmese/Burma JBRS/1911/011145.pdf					low	article_pages_only	google_vision	011145-982b38c4fa0c	metadata_sidecar+page_text+article_text+google_vision_json	data_local/ocr/jbrs/manifest/011145-982b38c4fa0c.json	ready_for_ocr	needs runtime path cache from build_jbrs_local_manifest.py --root	Matched corpus references elevate OCR priority; the committed plan stores path stubs only.
jbrs-ocr-011146-ef2e1f313359	011146-ef2e1f313359	011146.pdf	Burmese/Burma JBRS/1911/011146.pdf					low	article_pages_only	google_vision	011146-ef2e1f313359	metadata_sidecar+page_text+article_text+google_vision_json	data_local/ocr/jbrs/manifest/011146-ef2e1f313359.json	ready_for_ocr	needs runtime path cache from build_jbrs_local_manifest.py --root	Matched corpus references elevate OCR priority; the committed plan stores path stubs only.
jbrs-ocr-011147-52f8d443ab25	011147-52f8d443ab25	011147.pdf	Burmese/Burma JBRS/1911/011147.pdf					low	article_pages_only	google_vision	011147-52f8d443ab25	metadata_sidecar+page_text+article_text+google_vision_json	data_local/ocr/jbrs/manifest/011147-52f8d443ab25.json	ready_for_ocr	needs runtime path cache from build_jbrs_local_manifest.py --root	Matched corpus references elevate OCR priority; the committed plan stores path stubs only.
jbrs-ocr-011148-a406d1fa6b84	011148-a406d1fa6b84	011148.pdf	Burmese/Burma JBRS/1911/011148.pdf					low	article_pages_only	google_vision	011148-a406d1fa6b84	metadata_sidecar+page_text+article_text+google_vision_json	data_local/ocr/jbrs/manifest/011148-a406d1fa6b84.json	ready_for_ocr	needs runtime path cache from build_jbrs_local_manifest.py --root	Matched corpus references elevate OCR priority; the committed plan stores path stubs only.
jbrs-ocr-011148a-832f13c4787e	011148a-832f13c4787e	011148A.pdf	Burmese/Burma JBRS/1911/011148A.pdf					low	article_pages_only	google_vision	011148a-832f13c4787e	metadata_sidecar+page_text+article_text+google_vision_json	data_local/ocr/jbrs/manifest/011148a-832f13c4787e.json	ready_for_ocr	needs runtime path cache from build_jbrs_local_manifest.py --root	Matched corpus references elevate OCR priority; the committed plan stores path stubs only.
jbrs-ocr-011149-8d9beb4249cd	011149-8d9beb4249cd	011149.pdf	Burmese/Burma JBRS/1911/011149.pdf					low	article_pages_only	google_vision	011149-8d9beb4249cd	metadata_sidecar+page_text+article_text+google_vision_json	data_local/ocr/jbrs/manifest/011149-8d9beb4249cd.json	ready_for_ocr	needs runtime path cache from build_jbrs_local_manifest.py --root	Matched corpus references elevate OCR priority; the committed plan stores path stubs only.
jbrs-ocr-011152-63a0b8d47367	011152-63a0b8d47367	011152.pdf	Burmese/Burma JBRS/1911/011152.pdf					low	article_pages_only	google_vision	011152-63a0b8d47367	metadata_sidecar+page_text+article_text+google_vision_json	data_local/ocr/jbrs/manifest/011152-63a0b8d47367.json	ready_for_ocr	needs runtime path cache from build_jbrs_local_manifest.py --root	Matched corpus references elevate OCR priority; the committed plan stores path stubs only.
jbrs-ocr-011155-4cd07852bd9f	011155-4cd07852bd9f	011155.pdf	Burmese/Burma JBRS/1911/011155.pdf					low	article_pages_only	google_vision	011155-4cd07852bd9f	metadata_sidecar+page_text+article_text+google_vision_json	data_local/ocr/jbrs/manifest/011155-4cd07852bd9f.json	ready_for_ocr	needs runtime path cache from build_jbrs_local_manifest.py --root	Matched corpus references elevate OCR priority; the committed plan stores path stubs only.
jbrs-ocr-011156-0d22485e8ffa	011156-0d22485e8ffa	011156.pdf	Burmese/Burma JBRS/1911/011156.pdf					low	article_pages_only	google_vision	011156-0d22485e8ffa	metadata_sidecar+page_text+article_text+google_vision_json	data_local/ocr/jbrs/manifest/011156-0d22485e8ffa.json	ready_for_ocr	needs runtime path cache from build_jbrs_local_manifest.py --root	Matched corpus references elevate OCR priority; the committed plan stores path stubs only.
jbrs-ocr-012001-e1a50613e050	012001-e1a50613e050	012001.pdf	Burmese/Burma JBRS/JBRS Originals/012001.pdf					low	article_pages_only	google_vision	012001-e1a50613e050	metadata_sidecar+page_text+article_text+google_vision_json	data_local/ocr/jbrs/manifest/012001-e1a50613e050.json	ready_for_ocr	needs runtime path cache from build_jbrs_local_manifest.py --root	Matched corpus references elevate OCR priority; the committed plan stores path stubs only.
jbrs-ocr-012006-930b21185c80	012006-930b21185c80	012006.pdf	Burmese/Burma JBRS/JBRS Originals/012006.pdf					low	article_pages_only	google_vision	012006-930b21185c80	metadata_sidecar+page_text+article_text+google_vision_json	data_local/ocr/jbrs/manifest/012006-930b21185c80.json	ready_for_ocr	needs runtime path cache from build_jbrs_local_manifest.py --root	Matched corpus references elevate OCR priority; the committed plan stores path stubs only.
jbrs-ocr-012010-1c487d302c75	012010-1c487d302c75	012010.pdf	Burmese/Burma JBRS/JBRS Originals/012010.pdf					low	article_pages_only	google_vision	012010-1c487d302c75	metadata_sidecar+page_text+article_text+google_vision_json	data_local/ocr/jbrs/manifest/012010-1c487d302c75.json	ready_for_ocr	needs runtime path cache from build_jbrs_local_manifest.py --root	Matched corpus references elevate OCR priority; the committed plan stores path stubs only.
jbrs-ocr-012017-60b46a6c0292	012017-60b46a6c0292	012017.pdf	Burmese/Burma JBRS/JBRS Originals/012017.pdf					low	article_pages_only	google_vision	012017-60b46a6c0292	metadata_sidecar+page_text+article_text+google_vision_json	data_local/ocr/jbrs/manifest/012017-60b46a6c0292.json	ready_for_ocr	needs runtime path cache from build_jbrs_local_manifest.py --root	Matched corpus references elevate OCR priority; the committed plan stores path stubs only.
jbrs-ocr-012024-d52548e46bd2	012024-d52548e46bd2	012024.pdf	Burmese/Burma JBRS/JBRS Originals/012024.pdf					low	article_pages_only	google_vision	012024-d52548e46bd2	metadata_sidecar+page_text+article_text+google_vision_json	data_local/ocr/jbrs/manifest/012024-d52548e46bd2.json	ready_for_ocr	needs runtime path cache from build_jbrs_local_manifest.py --root	Matched corpus references elevate OCR priority; the committed plan stores path stubs only.
jbrs-ocr-012026-4513001c02e8	012026-4513001c02e8	012026.pdf	Burmese/Burma JBRS/JBRS Originals/012026.pdf					low	article_pages_only	google_vision	012026-4513001c02e8	metadata_sidecar+page_text+article_text+google_vision_json	data_local/ocr/jbrs/manifest/012026-4513001c02e8.json	ready_for_ocr	needs runtime path cache from build_jbrs_local_manifest.py --root	Matched corpus references elevate OCR priority; the committed plan stores path stubs only.
jbrs-ocr-012028-a5365fa04ee8	012028-a5365fa04ee8	012028.pdf	Burmese/Burma JBRS/JBRS Originals/012028.pdf					low	article_pages_only	google_vision	012028-a5365fa04ee8	metadata_sidecar+page_text+article_text+google_vision_json	data_local/ocr/jbrs/manifest/012028-a5365fa04ee8.json	ready_for_ocr	needs runtime path cache from build_jbrs_local_manifest.py --root	Matched corpus references elevate OCR priority; the committed plan stores path stubs only.
jbrs-ocr-012032-07c032db1507	012032-07c032db1507	012032.pdf	Burmese/Burma JBRS/JBRS Originals/012032.pdf					low	article_pages_only	google_vision	012032-07c032db1507	metadata_sidecar+page_text+article_text+google_vision_json	data_local/ocr/jbrs/manifest/012032-07c032db1507.json	ready_for_ocr	needs runtime path cache from build_jbrs_local_manifest.py --root	Matched corpus references elevate OCR priority; the committed plan stores path stubs only.
jbrs-ocr-012036-eda6c7c876c5	012036-eda6c7c876c5	012036.pdf	Burmese/Burma JBRS/JBRS Originals/012036.pdf					low	article_pages_only	google_vision	012036-eda6c7c876c5	metadata_sidecar+page_text+article_text+google_vision_json	data_local/ocr/jbrs/manifest/012036-eda6c7c876c5.json	ready_for_ocr	needs runtime path cache from build_jbrs_local_manifest.py --root	Matched corpus references elevate OCR priority; the committed plan stores path stubs only.
jbrs-ocr-012043-4286c1a6de46	012043-4286c1a6de46	012043.pdf	Burmese/Burma JBRS/JBRS Originals/012043.pdf					low	article_pages_only	google_vision	012043-4286c1a6de46	metadata_sidecar+page_text+article_text+google_vision_json	data_local/ocr/jbrs/manifest/012043-4286c1a6de46.json	ready_for_ocr	needs runtime path cache from build_jbrs_local_manifest.py --root	Matched corpus references elevate OCR priority; the committed plan stores path stubs only.
jbrs-ocr-012046-6bfa8d9cff88	012046-6bfa8d9cff88	012046.pdf	Burmese/Burma JBRS/JBRS Originals/012046.pdf					low	article_pages_only	google_vision	012046-6bfa8d9cff88	metadata_sidecar+page_text+article_text+google_vision_json	data_local/ocr/jbrs/manifest/012046-6bfa8d9cff88.json	ready_for_ocr	needs runtime path cache from build_jbrs_local_manifest.py --root	Matched corpus references elevate OCR priority; the committed plan stores path stubs only.
jbrs-ocr-012051-26b3daa6d9eb	012051-26b3daa6d9eb	012051.pdf	Burmese/Burma JBRS/JBRS Originals/012051.pdf					low	article_pages_only	google_vision	012051-26b3daa6d9eb	metadata_sidecar+page_text+article_text+google_vision_json	data_local/ocr/jbrs/manifest/012051-26b3daa6d9eb.json	ready_for_ocr	needs runtime path cache from build_jbrs_local_manifest.py --root	Matched corpus references elevate OCR priority; the committed plan stores path stubs only.
jbrs-ocr-012052-fe53d0c198f6	012052-fe53d0c198f6	012052.pdf	Burmese/Burma JBRS/JBRS Originals/012052.pdf					low	article_pages_only	google_vision	012052-fe53d0c198f6	metadata_sidecar+page_text+article_text+google_vision_json	data_local/ocr/jbrs/manifest/012052-fe53d0c198f6.json	ready_for_ocr	needs runtime path cache from build_jbrs_local_manifest.py --root	Matched corpus references elevate OCR priority; the committed plan stores path stubs only.
jbrs-ocr-012056-12aff3914a7b	012056-12aff3914a7b	012056.pdf	Burmese/Burma JBRS/JBRS Originals/012056.pdf					low	article_pages_only	google_vision	012056-12aff3914a7b	metadata_sidecar+page_text+article_text+google_vision_json	data_local/ocr/jbrs/manifest/012056-12aff3914a7b.json	ready_for_ocr	needs runtime path cache from build_jbrs_local_manifest.py --root	Matched corpus references elevate OCR priority; the committed plan stores path stubs only.
jbrs-ocr-012057-b4e681683902	012057-b4e681683902	012057.pdf	Burmese/Burma JBRS/JBRS Originals/012057.pdf					low	article_pages_only	google_vision	012057-b4e681683902	metadata_sidecar+page_text+article_text+google_vision_json	data_local/ocr/jbrs/manifest/012057-b4e681683902.json	ready_for_ocr	needs runtime path cache from build_jbrs_local_manifest.py --root	Matched corpus references elevate OCR priority; the committed plan stores path stubs only.
jbrs-ocr-012059-c3c491571363	012059-c3c491571363	012059.pdf	Burmese/Burma JBRS/JBRS Originals/012059.pdf					low	article_pages_only	google_vision	012059-c3c491571363	metadata_sidecar+page_text+article_text+google_vision_json	data_local/ocr/jbrs/manifest/012059-c3c491571363.json	ready_for_ocr	needs runtime path cache from build_jbrs_local_manifest.py --root	Matched corpus references elevate OCR priority; the committed plan stores path stubs only.
jbrs-ocr-012060-f73951f77186	012060-f73951f77186	012060.pdf	Burmese/Burma JBRS/JBRS Originals/012060.pdf					low	article_pages_only	google_vision	012060-f73951f77186	metadata_sidecar+page_text+article_text+google_vision_json	data_local/ocr/jbrs/manifest/012060-f73951f77186.json	ready_for_ocr	needs runtime path cache from build_jbrs_local_manifest.py --root	Matched corpus references elevate OCR priority; the committed plan stores path stubs only.
jbrs-ocr-012065-b07d064cecce	012065-b07d064cecce	012065.pdf	Burmese/Burma JBRS/JBRS Originals/012065.pdf					low	article_pages_only	google_vision	012065-b07d064cecce	metadata_sidecar+page_text+article_text+google_vision_json	data_local/ocr/jbrs/manifest/012065-b07d064cecce.json	ready_for_ocr	needs runtime path cache from build_jbrs_local_manifest.py --root	Matched corpus references elevate OCR priority; the committed plan stores path stubs only.
jbrs-ocr-012067-e5fc57d93c5d	012067-e5fc57d93c5d	012067.pdf	Burmese/Burma JBRS/JBRS Originals/012067.pdf					low	article_pages_only	google_vision	012067-e5fc57d93c5d	metadata_sidecar+page_text+article_text+google_vision_json	data_local/ocr/jbrs/manifest/012067-e5fc57d93c5d.json	ready_for_ocr	needs runtime path cache from build_jbrs_local_manifest.py --root	Matched corpus references elevate OCR priority; the committed plan stores path stubs only.
jbrs-ocr-012067a-601ee68843c6	012067a-601ee68843c6	012067A.pdf	Burmese/Burma JBRS/JBRS Originals/012067A.pdf					low	article_pages_only	google_vision	012067a-601ee68843c6	metadata_sidecar+page_text+article_text+google_vision_json	data_local/ocr/jbrs/manifest/012067a-601ee68843c6.json	ready_for_ocr	needs runtime path cache from build_jbrs_local_manifest.py --root	Matched corpus references elevate OCR priority; the committed plan stores path stubs only.
jbrs-ocr-012068-c4a199952595	012068-c4a199952595	012068.pdf	Burmese/Burma JBRS/JBRS Originals/012068.pdf					low	article_pages_only	google_vision	012068-c4a199952595	metadata_sidecar+page_text+article_text+google_vision_json	data_local/ocr/jbrs/manifest/012068-c4a199952595.json	ready_for_ocr	needs runtime path cache from build_jbrs_local_manifest.py --root	Matched corpus references elevate OCR priority; the committed plan stores path stubs only.
jbrs-ocr-012069-5daf08d19d51	012069-5daf08d19d51	012069.pdf	Burmese/Burma JBRS/JBRS Originals/012069.pdf					low	article_pages_only	google_vision	012069-5daf08d19d51	metadata_sidecar+page_text+article_text+google_vision_json	data_local/ocr/jbrs/manifest/012069-5daf08d19d51.json	ready_for_ocr	needs runtime path cache from build_jbrs_local_manifest.py --root	Matched corpus references elevate OCR priority; the committed plan stores path stubs only.
jbrs-ocr-012070-547bab4a118e	012070-547bab4a118e	012070.pdf	Burmese/Burma JBRS/JBRS Originals/012070.pdf					low	article_pages_only	google_vision	012070-547bab4a118e	metadata_sidecar+page_text+article_text+google_vision_json	data_local/ocr/jbrs/manifest/012070-547bab4a118e.json	ready_for_ocr	needs runtime path cache from build_jbrs_local_manifest.py --root	Matched corpus references elevate OCR priority; the committed plan stores path stubs only.
jbrs-ocr-012072-e81b51e12494	012072-e81b51e12494	012072.pdf	Burmese/Burma JBRS/JBRS Originals/012072.pdf					low	article_pages_only	google_vision	012072-e81b51e12494	metadata_sidecar+page_text+article_text+google_vision_json	data_local/ocr/jbrs/manifest/012072-e81b51e12494.json	ready_for_ocr	needs runtime path cache from build_jbrs_local_manifest.py --root	Matched corpus references elevate OCR priority; the committed plan stores path stubs only.
jbrs-ocr-012072a-a13976f0d7e1	012072a-a13976f0d7e1	012072A.pdf	Burmese/Burma JBRS/JBRS Originals/012072A.pdf					low	article_pages_only	google_vision	012072a-a13976f0d7e1	metadata_sidecar+page_text+article_text+google_vision_json	data_local/ocr/jbrs/manifest/012072a-a13976f0d7e1.json	ready_for_ocr	needs runtime path cache from build_jbrs_local_manifest.py --root	Matched corpus references elevate OCR priority; the committed plan stores path stubs only.
jbrs-ocr-012076-d42545ae8db2	012076-d42545ae8db2	012076.pdf	Burmese/Burma JBRS/JBRS Originals/012076.pdf					low	article_pages_only	google_vision	012076-d42545ae8db2	metadata_sidecar+page_text+article_text+google_vision_json	data_local/ocr/jbrs/manifest/012076-d42545ae8db2.json	ready_for_ocr	needs runtime path cache from build_jbrs_local_manifest.py --root	Matched corpus references elevate OCR priority; the committed plan stores path stubs only.
jbrs-ocr-012077-074ec0a2c2fc	012077-074ec0a2c2fc	012077.pdf	Burmese/Burma JBRS/JBRS Originals/012077.pdf					low	article_pages_only	google_vision	012077-074ec0a2c2fc	metadata_sidecar+page_text+article_text+google_vision_json	data_local/ocr/jbrs/manifest/012077-074ec0a2c2fc.json	ready_for_ocr	needs runtime path cache from build_jbrs_local_manifest.py --root	Matched corpus references elevate OCR priority; the committed plan stores path stubs only.
jbrs-ocr-012078-8e8f573b5574	012078-8e8f573b5574	012078.pdf	Burmese/Burma JBRS/JBRS Originals/012078.pdf					low	article_pages_only	google_vision	012078-8e8f573b5574	metadata_sidecar+page_text+article_text+google_vision_json	data_local/ocr/jbrs/manifest/012078-8e8f573b5574.json	ready_for_ocr	needs runtime path cache from build_jbrs_local_manifest.py --root	Matched corpus references elevate OCR priority; the committed plan stores path stubs only.
jbrs-ocr-012078a-f209df9c93e6	012078a-f209df9c93e6	012078A.pdf	Burmese/Burma JBRS/JBRS Originals/012078A.pdf					low	article_pages_only	google_vision	012078a-f209df9c93e6	metadata_sidecar+page_text+article_text+google_vision_json	data_local/ocr/jbrs/manifest/012078a-f209df9c93e6.json	ready_for_ocr	needs runtime path cache from build_jbrs_local_manifest.py --root	Matched corpus references elevate OCR priority; the committed plan stores path stubs only.
jbrs-ocr-012080-2d97390c74ec	012080-2d97390c74ec	012080.pdf	Burmese/Burma JBRS/JBRS Originals/012080.pdf					low	article_pages_only	google_vision	012080-2d97390c74ec	metadata_sidecar+page_text+article_text+google_vision_json	data_local/ocr/jbrs/manifest/012080-2d97390c74ec.json	ready_for_ocr	needs runtime path cache from build_jbrs_local_manifest.py --root	Matched corpus references elevate OCR priority; the committed plan stores path stubs only.
jbrs-ocr-012081-395dd805f286	012081-395dd805f286	012081.pdf	Burmese/Burma JBRS/JBRS Originals/012081.pdf					low	article_pages_only	google_vision	012081-395dd805f286	metadata_sidecar+page_text+article_text+google_vision_json	data_local/ocr/jbrs/manifest/012081-395dd805f286.json	ready_for_ocr	needs runtime path cache from build_jbrs_local_manifest.py --root	Matched corpus references elevate OCR priority; the committed plan stores path stubs only.
jbrs-ocr-012081a-73fe4a41713a	012081a-73fe4a41713a	012081A.pdf	Burmese/Burma JBRS/JBRS Originals/012081A.pdf					low	article_pages_only	google_vision	012081a-73fe4a41713a	metadata_sidecar+page_text+article_text+google_vision_json	data_local/ocr/jbrs/manifest/012081a-73fe4a41713a.json	ready_for_ocr	needs runtime path cache from build_jbrs_local_manifest.py --root	Matched corpus references elevate OCR priority; the committed plan stores path stubs only.
jbrs-ocr-012083-3498e3d21191	012083-3498e3d21191	012083.pdf	Burmese/Burma JBRS/JBRS Originals/012083.pdf					low	article_pages_only	google_vision	012083-3498e3d21191	metadata_sidecar+page_text+article_text+google_vision_json	data_local/ocr/jbrs/manifest/012083-3498e3d21191.json	ready_for_ocr	needs runtime path cache from build_jbrs_local_manifest.py --root	Matched corpus references elevate OCR priority; the committed plan stores path stubs only.
jbrs-ocr-012084-b3cd6bb058eb	012084-b3cd6bb058eb	012084.pdf	Burmese/Burma JBRS/JBRS Originals/012084.pdf					low	article_pages_only	google_vision	012084-b3cd6bb058eb	metadata_sidecar+page_text+article_text+google_vision_json	data_local/ocr/jbrs/manifest/012084-b3cd6bb058eb.json	ready_for_ocr	needs runtime path cache from build_jbrs_local_manifest.py --root	Matched corpus references elevate OCR priority; the committed plan stores path stubs only.
jbrs-ocr-012087-e2bd6cc7dcd7	012087-e2bd6cc7dcd7	012087.pdf	Burmese/Burma JBRS/JBRS Originals/012087.pdf					low	article_pages_only	google_vision	012087-e2bd6cc7dcd7	metadata_sidecar+page_text+article_text+google_vision_json	data_local/ocr/jbrs/manifest/012087-e2bd6cc7dcd7.json	ready_for_ocr	needs runtime path cache from build_jbrs_local_manifest.py --root	Matched corpus references elevate OCR priority; the committed plan stores path stubs only.
jbrs-ocr-012088-e86d63d4ea13	012088-e86d63d4ea13	012088.pdf	Burmese/Burma JBRS/JBRS Originals/012088.pdf					low	article_pages_only	google_vision	012088-e86d63d4ea13	metadata_sidecar+page_text+article_text+google_vision_json	data_local/ocr/jbrs/manifest/012088-e86d63d4ea13.json	ready_for_ocr	needs runtime path cache from build_jbrs_local_manifest.py --root	Matched corpus references elevate OCR priority; the committed plan stores path stubs only.
jbrs-ocr-012091-ea5f99cad5f1	012091-ea5f99cad5f1	012091.pdf	Burmese/Burma JBRS/JBRS Originals/012091.pdf					low	article_pages_only	google_vision	012091-ea5f99cad5f1	metadata_sidecar+page_text+article_text+google_vision_json	data_local/ocr/jbrs/manifest/012091-ea5f99cad5f1.json	ready_for_ocr	needs runtime path cache from build_jbrs_local_manifest.py --root	Matched corpus references elevate OCR priority; the committed plan stores path stubs only.
jbrs-ocr-012095-732e408367a4	012095-732e408367a4	012095.pdf	Burmese/Burma JBRS/JBRS Originals/012095.pdf					low	article_pages_only	google_vision	012095-732e408367a4	metadata_sidecar+page_text+article_text+google_vision_json	data_local/ocr/jbrs/manifest/012095-732e408367a4.json	ready_for_ocr	needs runtime path cache from build_jbrs_local_manifest.py --root	Matched corpus references elevate OCR priority; the committed plan stores path stubs only.
jbrs-ocr-021001-6827aa20ae1c	021001-6827aa20ae1c	021001.pdf	Burmese/Burma JBRS/JBRS Originals/021001.pdf					low	article_pages_only	google_vision	021001-6827aa20ae1c	metadata_sidecar+page_text+article_text+google_vision_json	data_local/ocr/jbrs/manifest/021001-6827aa20ae1c.json	ready_for_ocr	needs runtime path cache from build_jbrs_local_manifest.py --root	Matched corpus references elevate OCR priority; the committed plan stores path stubs only.
jbrs-ocr-021008-a56d140a2ccb	021008-a56d140a2ccb	021008.pdf	Burmese/Burma JBRS/JBRS Originals/021008.pdf					low	article_pages_only	google_vision	021008-a56d140a2ccb	metadata_sidecar+page_text+article_text+google_vision_json	data_local/ocr/jbrs/manifest/021008-a56d140a2ccb.json	ready_for_ocr	needs runtime path cache from build_jbrs_local_manifest.py --root	Matched corpus references elevate OCR priority; the committed plan stores path stubs only.
jbrs-ocr-021030-ab92c7699c27	021030-ab92c7699c27	021030.pdf	Burmese/Burma JBRS/JBRS Originals/021030.pdf					low	article_pages_only	google_vision	021030-ab92c7699c27	metadata_sidecar+page_text+article_text+google_vision_json	data_local/ocr/jbrs/manifest/021030-ab92c7699c27.json	ready_for_ocr	needs runtime path cache from build_jbrs_local_manifest.py --root	Matched corpus references elevate OCR priority; the committed plan stores path stubs only.
jbrs-ocr-021038-b4487e7a4dfa	021038-b4487e7a4dfa	021038.pdf	Burmese/Burma JBRS/JBRS Originals/021038.pdf					low	article_pages_only	google_vision	021038-b4487e7a4dfa	metadata_sidecar+page_text+article_text+google_vision_json	data_local/ocr/jbrs/manifest/021038-b4487e7a4dfa.json	ready_for_ocr	needs runtime path cache from build_jbrs_local_manifest.py --root	Matched corpus references elevate OCR priority; the committed plan stores path stubs only.
jbrs-ocr-021044-f3332e157ab6	021044-f3332e157ab6	021044.pdf	Burmese/Burma JBRS/JBRS Originals/021044.pdf					low	article_pages_only	google_vision	021044-f3332e157ab6	metadata_sidecar+page_text+article_text+google_vision_json	data_local/ocr/jbrs/manifest/021044-f3332e157ab6.json	ready_for_ocr	needs runtime path cache from build_jbrs_local_manifest.py --root	Matched corpus references elevate OCR priority; the committed plan stores path stubs only.
jbrs-ocr-021057-21ee07e3d244	021057-21ee07e3d244	021057.pdf	Burmese/Burma JBRS/JBRS Originals/021057.pdf					low	article_pages_only	google_vision	021057-21ee07e3d244	metadata_sidecar+page_text+article_text+google_vision_json	data_local/ocr/jbrs/manifest/021057-21ee07e3d244.json	ready_for_ocr	needs runtime path cache from build_jbrs_local_manifest.py --root	Matched corpus references elevate OCR priority; the committed plan stores path stubs only.
jbrs-ocr-021062-e2f85a8b8af1	021062-e2f85a8b8af1	021062.pdf	Burmese/Burma JBRS/JBRS Originals/021062.pdf					low	article_pages_only	google_vision	021062-e2f85a8b8af1	metadata_sidecar+page_text+article_text+google_vision_json	data_local/ocr/jbrs/manifest/021062-e2f85a8b8af1.json	ready_for_ocr	needs runtime path cache from build_jbrs_local_manifest.py --root	Matched corpus references elevate OCR priority; the committed plan stores path stubs only.
jbrs-ocr-021065-7d12b6fc10ff	021065-7d12b6fc10ff	021065.pdf	Burmese/Burma JBRS/JBRS Originals/021065.pdf					low	article_pages_only	google_vision	021065-7d12b6fc10ff	metadata_sidecar+page_text+article_text+google_vision_json	data_local/ocr/jbrs/manifest/021065-7d12b6fc10ff.json	ready_for_ocr	needs runtime path cache from build_jbrs_local_manifest.py --root	Matched corpus references elevate OCR priority; the committed plan stores path stubs only.
jbrs-ocr-021073-b64992e4dedb	021073-b64992e4dedb	021073.pdf	Burmese/Burma JBRS/JBRS Originals/021073.pdf					low	article_pages_only	google_vision	021073-b64992e4dedb	metadata_sidecar+page_text+article_text+google_vision_json	data_local/ocr/jbrs/manifest/021073-b64992e4dedb.json	ready_for_ocr	needs runtime path cache from build_jbrs_local_manifest.py --root	Matched corpus references elevate OCR priority; the committed plan stores path stubs only.
jbrs-ocr-021074-45acef3dcde3	021074-45acef3dcde3	021074.pdf	Burmese/Burma JBRS/JBRS Originals/021074.pdf					low	article_pages_only	google_vision	021074-45acef3dcde3	metadata_sidecar+page_text+article_text+google_vision_json	data_local/ocr/jbrs/manifest/021074-45acef3dcde3.json	ready_for_ocr	needs runtime path cache from build_jbrs_local_manifest.py --root	Matched corpus references elevate OCR priority; the committed plan stores path stubs only.
jbrs-ocr-021076-a86f4eef601a	021076-a86f4eef601a	021076.pdf	Burmese/Burma JBRS/JBRS Originals/021076.pdf					low	article_pages_only	google_vision	021076-a86f4eef601a	metadata_sidecar+page_text+article_text+google_vision_json	data_local/ocr/jbrs/manifest/021076-a86f4eef601a.json	ready_for_ocr	needs runtime path cache from build_jbrs_local_manifest.py --root	Matched corpus references elevate OCR priority; the committed plan stores path stubs only.
jbrs-ocr-021077-cb1bb51e1418	021077-cb1bb51e1418	021077.pdf	Burmese/Burma JBRS/JBRS Originals/021077.pdf					low	article_pages_only	google_vision	021077-cb1bb51e1418	metadata_sidecar+page_text+article_text+google_vision_json	data_local/ocr/jbrs/manifest/021077-cb1bb51e1418.json	ready_for_ocr	needs runtime path cache from build_jbrs_local_manifest.py --root	Matched corpus references elevate OCR priority; the committed plan stores path stubs only.
jbrs-ocr-021078-d339497ee1dd	021078-d339497ee1dd	021078.pdf	Burmese/Burma JBRS/JBRS Originals/021078.pdf					low	article_pages_only	google_vision	021078-d339497ee1dd	metadata_sidecar+page_text+article_text+google_vision_json	data_local/ocr/jbrs/manifest/021078-d339497ee1dd.json	ready_for_ocr	needs runtime path cache from build_jbrs_local_manifest.py --root	Matched corpus references elevate OCR priority; the committed plan stores path stubs only.
jbrs-ocr-021089-ff13fedb53c6	021089-ff13fedb53c6	021089.pdf	Burmese/Burma JBRS/JBRS Originals/021089.pdf					low	article_pages_only	google_vision	021089-ff13fedb53c6	metadata_sidecar+page_text+article_text+google_vision_json	data_local/ocr/jbrs/manifest/021089-ff13fedb53c6.json	ready_for_ocr	needs runtime path cache from build_jbrs_local_manifest.py --root	Matched corpus references elevate OCR priority; the committed plan stores path stubs only.
jbrs-ocr-021092-f8a87538e515	021092-f8a87538e515	021092.pdf	Burmese/Burma JBRS/JBRS Originals/021092.pdf					low	article_pages_only	google_vision	021092-f8a87538e515	metadata_sidecar+page_text+article_text+google_vision_json	data_local/ocr/jbrs/manifest/021092-f8a87538e515.json	ready_for_ocr	needs runtime path cache from build_jbrs_local_manifest.py --root	Matched corpus references elevate OCR priority; the committed plan stores path stubs only.
jbrs-ocr-021093-a2e7c6edbf7d	021093-a2e7c6edbf7d	021093.pdf	Burmese/Burma JBRS/JBRS Originals/021093.pdf					low	article_pages_only	google_vision	021093-a2e7c6edbf7d	metadata_sidecar+page_text+article_text+google_vision_json	data_local/ocr/jbrs/manifest/021093-a2e7c6edbf7d.json	ready_for_ocr	needs runtime path cache from build_jbrs_local_manifest.py --root	Matched corpus references elevate OCR priority; the committed plan stores path stubs only.
jbrs-ocr-021094-87e71e4a1898	021094-87e71e4a1898	021094.pdf	Burmese/Burma JBRS/JBRS Originals/021094.pdf					low	article_pages_only	google_vision	021094-87e71e4a1898	metadata_sidecar+page_text+article_text+google_vision_json	data_local/ocr/jbrs/manifest/021094-87e71e4a1898.json	ready_for_ocr	needs runtime path cache from build_jbrs_local_manifest.py --root	Matched corpus references elevate OCR priority; the committed plan stores path stubs only.
jbrs-ocr-021100-e3ca1d95f971	021100-e3ca1d95f971	021100.pdf	Burmese/Burma JBRS/JBRS Originals/021100.pdf					low	article_pages_only	google_vision	021100-e3ca1d95f971	metadata_sidecar+page_text+article_text+google_vision_json	data_local/ocr/jbrs/manifest/021100-e3ca1d95f971.json	ready_for_ocr	needs runtime path cache from build_jbrs_local_manifest.py --root	Matched corpus references elevate OCR priority; the committed plan stores path stubs only.
jbrs-ocr-021101-a70e6ebcd0be	021101-a70e6ebcd0be	021101.pdf	Burmese/Burma JBRS/JBRS Originals/021101.pdf					low	article_pages_only	google_vision	021101-a70e6ebcd0be	metadata_sidecar+page_text+article_text+google_vision_json	data_local/ocr/jbrs/manifest/021101-a70e6ebcd0be.json	ready_for_ocr	needs runtime path cache from build_jbrs_local_manifest.py --root	Matched corpus references elevate OCR priority; the committed plan stores path stubs only.
jbrs-ocr-021102-47cd984de84e	021102-47cd984de84e	021102.pdf	Burmese/Burma JBRS/JBRS Originals/021102.pdf					low	article_pages_only	google_vision	021102-47cd984de84e	metadata_sidecar+page_text+article_text+google_vision_json	data_local/ocr/jbrs/manifest/021102-47cd984de84e.json	ready_for_ocr	needs runtime path cache from build_jbrs_local_manifest.py --root	Matched corpus references elevate OCR priority; the committed plan stores path stubs only.
jbrs-ocr-021103-5ad576bc2bb5	021103-5ad576bc2bb5	021103.pdf	Burmese/Burma JBRS/JBRS Originals/021103.pdf					low	article_pages_only	google_vision	021103-5ad576bc2bb5	metadata_sidecar+page_text+article_text+google_vision_json	data_local/ocr/jbrs/manifest/021103-5ad576bc2bb5.json	ready_for_ocr	needs runtime path cache from build_jbrs_local_manifest.py --root	Matched corpus references elevate OCR priority; the committed plan stores path stubs only.
jbrs-ocr-021106-6d4b534bc547	021106-6d4b534bc547	021106.pdf	Burmese/Burma JBRS/JBRS Originals/021106.pdf					low	article_pages_only	google_vision	021106-6d4b534bc547	metadata_sidecar+page_text+article_text+google_vision_json	data_local/ocr/jbrs/manifest/021106-6d4b534bc547.json	ready_for_ocr	needs runtime path cache from build_jbrs_local_manifest.py --root	Matched corpus references elevate OCR priority; the committed plan stores path stubs only.
jbrs-ocr-021107-a9645b2e5e1f	021107-a9645b2e5e1f	021107.pdf	Burmese/Burma JBRS/JBRS Originals/021107.pdf					low	article_pages_only	google_vision	021107-a9645b2e5e1f	metadata_sidecar+page_text+article_text+google_vision_json	data_local/ocr/jbrs/manifest/021107-a9645b2e5e1f.json	ready_for_ocr	needs runtime path cache from build_jbrs_local_manifest.py --root	Matched corpus references elevate OCR priority; the committed plan stores path stubs only.
jbrs-ocr-021112-c873814f58c7	021112-c873814f58c7	021112.pdf	Burmese/Burma JBRS/JBRS Originals/021112.pdf					low	article_pages_only	google_vision	021112-c873814f58c7	metadata_sidecar+page_text+article_text+google_vision_json	data_local/ocr/jbrs/manifest/021112-c873814f58c7.json	ready_for_ocr	needs runtime path cache from build_jbrs_local_manifest.py --root	Matched corpus references elevate OCR priority; the committed plan stores path stubs only.
jbrs-ocr-021116-d6d09984eb53	021116-d6d09984eb53	021116.pdf	Burmese/Burma JBRS/JBRS Originals/021116.pdf					low	article_pages_only	google_vision	021116-d6d09984eb53	metadata_sidecar+page_text+article_text+google_vision_json	data_local/ocr/jbrs/manifest/021116-d6d09984eb53.json	ready_for_ocr	needs runtime path cache from build_jbrs_local_manifest.py --root	Matched corpus references elevate OCR priority; the committed plan stores path stubs only.
jbrs-ocr-021117-388297a119a1	021117-388297a119a1	021117.pdf	Burmese/Burma JBRS/JBRS Originals/021117.pdf					low	article_pages_only	google_vision	021117-388297a119a1	metadata_sidecar+page_text+article_text+google_vision_json	data_local/ocr/jbrs/manifest/021117-388297a119a1.json	ready_for_ocr	needs runtime path cache from build_jbrs_local_manifest.py --root	Matched corpus references elevate OCR priority; the committed plan stores path stubs only.
jbrs-ocr-021119-71fce7cacf64	021119-71fce7cacf64	021119.pdf	Burmese/Burma JBRS/JBRS Originals/021119.pdf					low	article_pages_only	google_vision	021119-71fce7cacf64	metadata_sidecar+page_text+article_text+google_vision_json	data_local/ocr/jbrs/manifest/021119-71fce7cacf64.json	ready_for_ocr	needs runtime path cache from build_jbrs_local_manifest.py --root	Matched corpus references elevate OCR priority; the committed plan stores path stubs only.
jbrs-ocr-021122-4fb2435e6ff7	021122-4fb2435e6ff7	021122.pdf	Burmese/Burma JBRS/JBRS Originals/021122.pdf					low	article_pages_only	google_vision	021122-4fb2435e6ff7	metadata_sidecar+page_text+article_text+google_vision_json	data_local/ocr/jbrs/manifest/021122-4fb2435e6ff7.json	ready_for_ocr	needs runtime path cache from build_jbrs_local_manifest.py --root	Matched corpus references elevate OCR priority; the committed plan stores path stubs only.
jbrs-ocr-021153-c0b5429f7583	021153-c0b5429f7583	021153.pdf	Burmese/Burma JBRS/JBRS Originals/021153.pdf					low	article_pages_only	google_vision	021153-c0b5429f7583	metadata_sidecar+page_text+article_text+google_vision_json	data_local/ocr/jbrs/manifest/021153-c0b5429f7583.json	ready_for_ocr	needs runtime path cache from build_jbrs_local_manifest.py --root	Matched corpus references elevate OCR priority; the committed plan stores path stubs only.
jbrs-ocr-022161-d63c1adf8182	022161-d63c1adf8182	022161.pdf	Burmese/Burma JBRS/JBRS Originals/022161.pdf					low	article_pages_only	google_vision	022161-d63c1adf8182	metadata_sidecar+page_text+article_text+google_vision_json	data_local/ocr/jbrs/manifest/022161-d63c1adf8182.json	ready_for_ocr	needs runtime path cache from build_jbrs_local_manifest.py --root	Matched corpus references elevate OCR priority; the committed plan stores path stubs only.
jbrs-ocr-022168-59d80fadb2c1	022168-59d80fadb2c1	022168.pdf	Burmese/Burma JBRS/JBRS Originals/022168.pdf					low	article_pages_only	google_vision	022168-59d80fadb2c1	metadata_sidecar+page_text+article_text+google_vision_json	data_local/ocr/jbrs/manifest/022168-59d80fadb2c1.json	ready_for_ocr	needs runtime path cache from build_jbrs_local_manifest.py --root	Matched corpus references elevate OCR priority; the committed plan stores path stubs only.
jbrs-ocr-022174-24543b603e1c	022174-24543b603e1c	022174.pdf	Burmese/Burma JBRS/JBRS Originals/022174.pdf					low	article_pages_only	google_vision	022174-24543b603e1c	metadata_sidecar+page_text+article_text+google_vision_json	data_local/ocr/jbrs/manifest/022174-24543b603e1c.json	ready_for_ocr	needs runtime path cache from build_jbrs_local_manifest.py --root	Matched corpus references elevate OCR priority; the committed plan stores path stubs only.
jbrs-ocr-022184-3fadd36c6f9f	022184-3fadd36c6f9f	022184.pdf	Burmese/Burma JBRS/JBRS Originals/022184.pdf					low	article_pages_only	google_vision	022184-3fadd36c6f9f	metadata_sidecar+page_text+article_text+google_vision_json	data_local/ocr/jbrs/manifest/022184-3fadd36c6f9f.json	ready_for_ocr	needs runtime path cache from build_jbrs_local_manifest.py --root	Matched corpus references elevate OCR priority; the committed plan stores path stubs only.
jbrs-ocr-022185-5ee45304382d	022185-5ee45304382d	022185.pdf	Burmese/Burma JBRS/JBRS Originals/022185.pdf					low	article_pages_only	google_vision	022185-5ee45304382d	metadata_sidecar+page_text+article_text+google_vision_json	data_local/ocr/jbrs/manifest/022185-5ee45304382d.json	ready_for_ocr	needs runtime path cache from build_jbrs_local_manifest.py --root	Matched corpus references elevate OCR priority; the committed plan stores path stubs only.
jbrs-ocr-022197-8584b5a9c2b3	022197-8584b5a9c2b3	022197.pdf	Burmese/Burma JBRS/JBRS Originals/022197.pdf					low	article_pages_only	google_vision	022197-8584b5a9c2b3	metadata_sidecar+page_text+article_text+google_vision_json	data_local/ocr/jbrs/manifest/022197-8584b5a9c2b3.json	ready_for_ocr	needs runtime path cache from build_jbrs_local_manifest.py --root	Matched corpus references elevate OCR priority; the committed plan stores path stubs only.
jbrs-ocr-022204-7515fa8967e5	022204-7515fa8967e5	022204.pdf	Burmese/Burma JBRS/JBRS Originals/022204.pdf					low	article_pages_only	google_vision	022204-7515fa8967e5	metadata_sidecar+page_text+article_text+google_vision_json	data_local/ocr/jbrs/manifest/022204-7515fa8967e5.json	ready_for_ocr	needs runtime path cache from build_jbrs_local_manifest.py --root	Matched corpus references elevate OCR priority; the committed plan stores path stubs only.
jbrs-ocr-022214-9e69320194b0	022214-9e69320194b0	022214.pdf	Burmese/Burma JBRS/JBRS Originals/022214.pdf					low	article_pages_only	google_vision	022214-9e69320194b0	metadata_sidecar+page_text+article_text+google_vision_json	data_local/ocr/jbrs/manifest/022214-9e69320194b0.json	ready_for_ocr	needs runtime path cache from build_jbrs_local_manifest.py --root	Matched corpus references elevate OCR priority; the committed plan stores path stubs only.
jbrs-ocr-022217-31decb87a064	022217-31decb87a064	022217.pdf	Burmese/Burma JBRS/JBRS Originals/022217.pdf					low	article_pages_only	google_vision	022217-31decb87a064	metadata_sidecar+page_text+article_text+google_vision_json	data_local/ocr/jbrs/manifest/022217-31decb87a064.json	ready_for_ocr	needs runtime path cache from build_jbrs_local_manifest.py --root	Matched corpus references elevate OCR priority; the committed plan stores path stubs only.
jbrs-ocr-022218-0ddb91a99dbf	022218-0ddb91a99dbf	022218.pdf	Burmese/Burma JBRS/JBRS Originals/022218.pdf					low	article_pages_only	google_vision	022218-0ddb91a99dbf	metadata_sidecar+page_text+article_text+google_vision_json	data_local/ocr/jbrs/manifest/022218-0ddb91a99dbf.json	ready_for_ocr	needs runtime path cache from build_jbrs_local_manifest.py --root	Matched corpus references elevate OCR priority; the committed plan stores path stubs only.
jbrs-ocr-022225-fb51361f1555	022225-fb51361f1555	022225.pdf	Burmese/Burma JBRS/JBRS Originals/022225.pdf					low	article_pages_only	google_vision	022225-fb51361f1555	metadata_sidecar+page_text+article_text+google_vision_json	data_local/ocr/jbrs/manifest/022225-fb51361f1555.json	ready_for_ocr	needs runtime path cache from build_jbrs_local_manifest.py --root	Matched corpus references elevate OCR priority; the committed plan stores path stubs only.
jbrs-ocr-022230-d1542fbc4042	022230-d1542fbc4042	022230.pdf	Burmese/Burma JBRS/JBRS Originals/022230.pdf					low	article_pages_only	google_vision	022230-d1542fbc4042	metadata_sidecar+page_text+article_text+google_vision_json	data_local/ocr/jbrs/manifest/022230-d1542fbc4042.json	ready_for_ocr	needs runtime path cache from build_jbrs_local_manifest.py --root	Matched corpus references elevate OCR priority; the committed plan stores path stubs only.
jbrs-ocr-022233-d37ca7c192f0	022233-d37ca7c192f0	022233.pdf	Burmese/Burma JBRS/JBRS Originals/022233.pdf					low	article_pages_only	google_vision	022233-d37ca7c192f0	metadata_sidecar+page_text+article_text+google_vision_json	data_local/ocr/jbrs/manifest/022233-d37ca7c192f0.json	ready_for_ocr	needs runtime path cache from build_jbrs_local_manifest.py --root	Matched corpus references elevate OCR priority; the committed plan stores path stubs only.
jbrs-ocr-022237-3c2ab23db440	022237-3c2ab23db440	022237.pdf	Burmese/Burma JBRS/JBRS Originals/022237.pdf					low	article_pages_only	google_vision	022237-3c2ab23db440	metadata_sidecar+page_text+article_text+google_vision_json	data_local/ocr/jbrs/manifest/022237-3c2ab23db440.json	ready_for_ocr	needs runtime path cache from build_jbrs_local_manifest.py --root	Matched corpus references elevate OCR priority; the committed plan stores path stubs only.
jbrs-ocr-022239-bb0c982578cb	022239-bb0c982578cb	022239.pdf	Burmese/Burma JBRS/JBRS Originals/022239.pdf					low	article_pages_only	google_vision	022239-bb0c982578cb	metadata_sidecar+page_text+article_text+google_vision_json	data_local/ocr/jbrs/manifest/022239-bb0c982578cb.json	ready_for_ocr	needs runtime path cache from build_jbrs_local_manifest.py --root	Matched corpus references elevate OCR priority; the committed plan stores path stubs only.
jbrs-ocr-022240-6b134be892b8	022240-6b134be892b8	022240.pdf	Burmese/Burma JBRS/JBRS Originals/022240.pdf					low	article_pages_only	google_vision	022240-6b134be892b8	metadata_sidecar+page_text+article_text+google_vision_json	data_local/ocr/jbrs/manifest/022240-6b134be892b8.json	ready_for_ocr	needs runtime path cache from build_jbrs_local_manifest.py --root	Matched corpus references elevate OCR priority; the committed plan stores path stubs only.
jbrs-ocr-022242-7ac69cbd6867	022242-7ac69cbd6867	022242.pdf	Burmese/Burma JBRS/JBRS Originals/022242.pdf					low	article_pages_only	google_vision	022242-7ac69cbd6867	metadata_sidecar+page_text+article_text+google_vision_json	data_local/ocr/jbrs/manifest/022242-7ac69cbd6867.json	ready_for_ocr	needs runtime path cache from build_jbrs_local_manifest.py --root	Matched corpus references elevate OCR priority; the committed plan stores path stubs only.
jbrs-ocr-022246-12f5cfdd6f83	022246-12f5cfdd6f83	022246.pdf	Burmese/Burma JBRS/JBRS Originals/022246.pdf					low	article_pages_only	google_vision	022246-12f5cfdd6f83	metadata_sidecar+page_text+article_text+google_vision_json	data_local/ocr/jbrs/manifest/022246-12f5cfdd6f83.json	ready_for_ocr	needs runtime path cache from build_jbrs_local_manifest.py --root	Matched corpus references elevate OCR priority; the committed plan stores path stubs only.
jbrs-ocr-022248-66855a191916	022248-66855a191916	022248.pdf	Burmese/Burma JBRS/JBRS Originals/022248.pdf					low	article_pages_only	google_vision	022248-66855a191916	metadata_sidecar+page_text+article_text+google_vision_json	data_local/ocr/jbrs/manifest/022248-66855a191916.json	ready_for_ocr	needs runtime path cache from build_jbrs_local_manifest.py --root	Matched corpus references elevate OCR priority; the committed plan stores path stubs only.
jbrs-ocr-022260-5b69928a8570	022260-5b69928a8570	022260.pdf	Burmese/Burma JBRS/JBRS Originals/022260.pdf					low	article_pages_only	google_vision	022260-5b69928a8570	metadata_sidecar+page_text+article_text+google_vision_json	data_local/ocr/jbrs/manifest/022260-5b69928a8570.json	ready_for_ocr	needs runtime path cache from build_jbrs_local_manifest.py --root	Matched corpus references elevate OCR priority; the committed plan stores path stubs only.
jbrs-ocr-022262-81a2b9adba06	022262-81a2b9adba06	022262.pdf	Burmese/Burma JBRS/JBRS Originals/022262.pdf					low	article_pages_only	google_vision	022262-81a2b9adba06	metadata_sidecar+page_text+article_text+google_vision_json	data_local/ocr/jbrs/manifest/022262-81a2b9adba06.json	ready_for_ocr	needs runtime path cache from build_jbrs_local_manifest.py --root	Matched corpus references elevate OCR priority; the committed plan stores path stubs only.
jbrs-ocr-022265-2013fe62927d	022265-2013fe62927d	022265.pdf	Burmese/Burma JBRS/JBRS Originals/022265.pdf					low	article_pages_only	google_vision	022265-2013fe62927d	metadata_sidecar+page_text+article_text+google_vision_json	data_local/ocr/jbrs/manifest/022265-2013fe62927d.json	ready_for_ocr	needs runtime path cache from build_jbrs_local_manifest.py --root	Matched corpus references elevate OCR priority; the committed plan stores path stubs only.
jbrs-ocr-022267-2d605b3b8106	022267-2d605b3b8106	022267.pdf	Burmese/Burma JBRS/JBRS Originals/022267.pdf					low	article_pages_only	google_vision	022267-2d605b3b8106	metadata_sidecar+page_text+article_text+google_vision_json	data_local/ocr/jbrs/manifest/022267-2d605b3b8106.json	ready_for_ocr	needs runtime path cache from build_jbrs_local_manifest.py --root	Matched corpus references elevate OCR priority; the committed plan stores path stubs only.
jbrs-ocr-031001-44faf9d7e1cb	031001-44faf9d7e1cb	031001.pdf	Burmese/Burma JBRS/1913/031001.pdf					low	article_pages_only	google_vision	031001-44faf9d7e1cb	metadata_sidecar+page_text+article_text+google_vision_json	data_local/ocr/jbrs/manifest/031001-44faf9d7e1cb.json	ready_for_ocr	needs runtime path cache from build_jbrs_local_manifest.py --root	Matched corpus references elevate OCR priority; the committed plan stores path stubs only.
jbrs-ocr-031012-bbdb2a8ee20c	031012-bbdb2a8ee20c	031012.pdf	Burmese/Burma JBRS/1913/031012.pdf					low	article_pages_only	google_vision	031012-bbdb2a8ee20c	metadata_sidecar+page_text+article_text+google_vision_json	data_local/ocr/jbrs/manifest/031012-bbdb2a8ee20c.json	ready_for_ocr	needs runtime path cache from build_jbrs_local_manifest.py --root	Matched corpus references elevate OCR priority; the committed plan stores path stubs only.
jbrs-ocr-031022-7823d225cfb2	031022-7823d225cfb2	031022.pdf	Burmese/Burma JBRS/JBRS Originals/031022.pdf					low	article_pages_only	google_vision	031022-7823d225cfb2	metadata_sidecar+page_text+article_text+google_vision_json	data_local/ocr/jbrs/manifest/031022-7823d225cfb2.json	ready_for_ocr	needs runtime path cache from build_jbrs_local_manifest.py --root	Matched corpus references elevate OCR priority; the committed plan stores path stubs only.
jbrs-ocr-031034-928d27d5c4da	031034-928d27d5c4da	031034.pdf	Burmese/Burma JBRS/1913/031034.pdf					low	article_pages_only	google_vision	031034-928d27d5c4da	metadata_sidecar+page_text+article_text+google_vision_json	data_local/ocr/jbrs/manifest/031034-928d27d5c4da.json	ready_for_ocr	needs runtime path cache from build_jbrs_local_manifest.py --root	Matched corpus references elevate OCR priority; the committed plan stores path stubs only.
jbrs-ocr-031040-6cbe6493c725	031040-6cbe6493c725	031040.pdf	Burmese/Burma JBRS/JBRS Originals/031040.pdf					low	article_pages_only	google_vision	031040-6cbe6493c725	metadata_sidecar+page_text+article_text+google_vision_json	data_local/ocr/jbrs/manifest/031040-6cbe6493c725.json	ready_for_ocr	needs runtime path cache from build_jbrs_local_manifest.py --root	Matched corpus references elevate OCR priority; the committed plan stores path stubs only.
jbrs-ocr-031047-aec14a92f349	031047-aec14a92f349	031047.pdf	Burmese/Burma JBRS/JBRS Originals/031047.pdf					low	article_pages_only	google_vision	031047-aec14a92f349	metadata_sidecar+page_text+article_text+google_vision_json	data_local/ocr/jbrs/manifest/031047-aec14a92f349.json	ready_for_ocr	needs runtime path cache from build_jbrs_local_manifest.py --root	Matched corpus references elevate OCR priority; the committed plan stores path stubs only.
jbrs-ocr-031054-de46d2f77992	031054-de46d2f77992	031054.pdf	Burmese/Burma JBRS/1913/031054.pdf					low	article_pages_only	google_vision	031054-de46d2f77992	metadata_sidecar+page_text+article_text+google_vision_json	data_local/ocr/jbrs/manifest/031054-de46d2f77992.json	ready_for_ocr	needs runtime path cache from build_jbrs_local_manifest.py --root	Matched corpus references elevate OCR priority; the committed plan stores path stubs only.
jbrs-ocr-031065-b95e736d9853	031065-b95e736d9853	031065.pdf	Burmese/Burma JBRS/JBRS Originals/031065.pdf					low	article_pages_only	google_vision	031065-b95e736d9853	metadata_sidecar+page_text+article_text+google_vision_json	data_local/ocr/jbrs/manifest/031065-b95e736d9853.json	ready_for_ocr	needs runtime path cache from build_jbrs_local_manifest.py --root	Matched corpus references elevate OCR priority; the committed plan stores path stubs only.
jbrs-ocr-031069-8189371fc53f	031069-8189371fc53f	031069.pdf	Burmese/Burma JBRS/JBRS Originals/031069.pdf					low	article_pages_only	google_vision	031069-8189371fc53f	metadata_sidecar+page_text+article_text+google_vision_json	data_local/ocr/jbrs/manifest/031069-8189371fc53f.json	ready_for_ocr	needs runtime path cache from build_jbrs_local_manifest.py --root	Matched corpus references elevate OCR priority; the committed plan stores path stubs only.
jbrs-ocr-031070-d0d3df8f0935	031070-d0d3df8f0935	031070.pdf	Burmese/Burma JBRS/JBRS Originals/031070.pdf					low	article_pages_only	google_vision	031070-d0d3df8f0935	metadata_sidecar+page_text+article_text+google_vision_json	data_local/ocr/jbrs/manifest/031070-d0d3df8f0935.json	ready_for_ocr	needs runtime path cache from build_jbrs_local_manifest.py --root	Matched corpus references elevate OCR priority; the committed plan stores path stubs only.
jbrs-ocr-031070a-87021dff31dd	031070a-87021dff31dd	031070A.pdf	Burmese/Burma JBRS/1913/031070A.pdf					low	article_pages_only	google_vision	031070a-87021dff31dd	metadata_sidecar+page_text+article_text+google_vision_json	data_local/ocr/jbrs/manifest/031070a-87021dff31dd.json	ready_for_ocr	needs runtime path cache from build_jbrs_local_manifest.py --root	Matched corpus references elevate OCR priority; the committed plan stores path stubs only.
jbrs-ocr-031071-f9b92c1e254a	031071-f9b92c1e254a	031071.pdf	Burmese/Burma JBRS/JBRS Originals/031071.pdf					low	article_pages_only	google_vision	031071-f9b92c1e254a	metadata_sidecar+page_text+article_text+google_vision_json	data_local/ocr/jbrs/manifest/031071-f9b92c1e254a.json	ready_for_ocr	needs runtime path cache from build_jbrs_local_manifest.py --root	Matched corpus references elevate OCR priority; the committed plan stores path stubs only.
jbrs-ocr-031072-3b18e28ed17d	031072-3b18e28ed17d	031072.pdf	Burmese/Burma JBRS/1913/031072.pdf					low	article_pages_only	google_vision	031072-3b18e28ed17d	metadata_sidecar+page_text+article_text+google_vision_json	data_local/ocr/jbrs/manifest/031072-3b18e28ed17d.json	ready_for_ocr	needs runtime path cache from build_jbrs_local_manifest.py --root	Matched corpus references elevate OCR priority; the committed plan stores path stubs only.
jbrs-ocr-031075-10e34d9b6cd2	031075-10e34d9b6cd2	031075.pdf	Burmese/Burma JBRS/JBRS Originals/031075.pdf					low	article_pages_only	google_vision	031075-10e34d9b6cd2	metadata_sidecar+page_text+article_text+google_vision_json	data_local/ocr/jbrs/manifest/031075-10e34d9b6cd2.json	ready_for_ocr	needs runtime path cache from build_jbrs_local_manifest.py --root	Matched corpus references elevate OCR priority; the committed plan stores path stubs only.
jbrs-ocr-031078-057d650c3ea6	031078-057d650c3ea6	031078.pdf	Burmese/Burma JBRS/JBRS Originals/031078.pdf					low	article_pages_only	google_vision	031078-057d650c3ea6	metadata_sidecar+page_text+article_text+google_vision_json	data_local/ocr/jbrs/manifest/031078-057d650c3ea6.json	ready_for_ocr	needs runtime path cache from build_jbrs_local_manifest.py --root	Matched corpus references elevate OCR priority; the committed plan stores path stubs only.
jbrs-ocr-031080-d0cd762eff2d	031080-d0cd762eff2d	031080.pdf	Burmese/Burma JBRS/JBRS Originals/031080.pdf					low	article_pages_only	google_vision	031080-d0cd762eff2d	metadata_sidecar+page_text+article_text+google_vision_json	data_local/ocr/jbrs/manifest/031080-d0cd762eff2d.json	ready_for_ocr	needs runtime path cache from build_jbrs_local_manifest.py --root	Matched corpus references elevate OCR priority; the committed plan stores path stubs only.
jbrs-ocr-031080a-250055deaa51	031080a-250055deaa51	031080A.pdf	Burmese/Burma JBRS/1913/031080A.pdf					low	article_pages_only	google_vision	031080a-250055deaa51	metadata_sidecar+page_text+article_text+google_vision_json	data_local/ocr/jbrs/manifest/031080a-250055deaa51.json	ready_for_ocr	needs runtime path cache from build_jbrs_local_manifest.py --root	Matched corpus references elevate OCR priority; the committed plan stores path stubs only.
jbrs-ocr-031084-b429910d7a3d	031084-b429910d7a3d	031084.pdf	Burmese/Burma JBRS/JBRS Originals/031084.pdf					low	article_pages_only	google_vision	031084-b429910d7a3d	metadata_sidecar+page_text+article_text+google_vision_json	data_local/ocr/jbrs/manifest/031084-b429910d7a3d.json	ready_for_ocr	needs runtime path cache from build_jbrs_local_manifest.py --root	Matched corpus references elevate OCR priority; the committed plan stores path stubs only.
jbrs-ocr-031086-4c76fe21c857	031086-4c76fe21c857	031086.pdf	Burmese/Burma JBRS/JBRS Originals/031086.pdf					low	article_pages_only	google_vision	031086-4c76fe21c857	metadata_sidecar+page_text+article_text+google_vision_json	data_local/ocr/jbrs/manifest/031086-4c76fe21c857.json	ready_for_ocr	needs runtime path cache from build_jbrs_local_manifest.py --root	Matched corpus references elevate OCR priority; the committed plan stores path stubs only.
jbrs-ocr-031086a-af01cf3603ec	031086a-af01cf3603ec	031086A.pdf	Burmese/Burma JBRS/1913/031086A.pdf					low	article_pages_only	google_vision	031086a-af01cf3603ec	metadata_sidecar+page_text+article_text+google_vision_json	data_local/ocr/jbrs/manifest/031086a-af01cf3603ec.json	ready_for_ocr	needs runtime path cache from build_jbrs_local_manifest.py --root	Matched corpus references elevate OCR priority; the committed plan stores path stubs only.
jbrs-ocr-031088-fb81ec887a26	031088-fb81ec887a26	031088.pdf	Burmese/Burma JBRS/1913/031088.pdf					low	article_pages_only	google_vision	031088-fb81ec887a26	metadata_sidecar+page_text+article_text+google_vision_json	data_local/ocr/jbrs/manifest/031088-fb81ec887a26.json	ready_for_ocr	needs runtime path cache from build_jbrs_local_manifest.py --root	Matched corpus references elevate OCR priority; the committed plan stores path stubs only.
jbrs-ocr-031088a-883c1d8b9920	031088a-883c1d8b9920	031088A.pdf	Burmese/Burma JBRS/1913/031088A.pdf					low	article_pages_only	google_vision	031088a-883c1d8b9920	metadata_sidecar+page_text+article_text+google_vision_json	data_local/ocr/jbrs/manifest/031088a-883c1d8b9920.json	ready_for_ocr	needs runtime path cache from build_jbrs_local_manifest.py --root	Matched corpus references elevate OCR priority; the committed plan stores path stubs only.
jbrs-ocr-031089-4095143a871f	031089-4095143a871f	031089.pdf	Burmese/Burma JBRS/JBRS Originals/031089.pdf					low	article_pages_only	google_vision	031089-4095143a871f	metadata_sidecar+page_text+article_text+google_vision_json	data_local/ocr/jbrs/manifest/031089-4095143a871f.json	ready_for_ocr	needs runtime path cache from build_jbrs_local_manifest.py --root	Matched corpus references elevate OCR priority; the committed plan stores path stubs only.
jbrs-ocr-032103-bcfceb526d81	032103-bcfceb526d81	032103.pdf	Burmese/Burma JBRS/1913/032103.pdf					low	article_pages_only	google_vision	032103-bcfceb526d81	metadata_sidecar+page_text+article_text+google_vision_json	data_local/ocr/jbrs/manifest/032103-bcfceb526d81.json	ready_for_ocr	needs runtime path cache from build_jbrs_local_manifest.py --root	Matched corpus references elevate OCR priority; the committed plan stores path stubs only.
jbrs-ocr-032145-51ffd0fbf408	032145-51ffd0fbf408	032145.pdf	Burmese/Burma JBRS/JBRS Originals/032145.pdf					low	article_pages_only	google_vision	032145-51ffd0fbf408	metadata_sidecar+page_text+article_text+google_vision_json	data_local/ocr/jbrs/manifest/032145-51ffd0fbf408.json	ready_for_ocr	needs runtime path cache from build_jbrs_local_manifest.py --root	Matched corpus references elevate OCR priority; the committed plan stores path stubs only.
jbrs-ocr-032148-0c66971ba207	032148-0c66971ba207	032148.pdf	Burmese/Burma JBRS/JBRS Originals/032148.pdf					low	article_pages_only	google_vision	032148-0c66971ba207	metadata_sidecar+page_text+article_text+google_vision_json	data_local/ocr/jbrs/manifest/032148-0c66971ba207.json	ready_for_ocr	needs runtime path cache from build_jbrs_local_manifest.py --root	Matched corpus references elevate OCR priority; the committed plan stores path stubs only.
jbrs-ocr-032160-867edcf9ae18	032160-867edcf9ae18	032160.pdf	Burmese/Burma JBRS/JBRS Originals/032160.pdf					low	article_pages_only	google_vision	032160-867edcf9ae18	metadata_sidecar+page_text+article_text+google_vision_json	data_local/ocr/jbrs/manifest/032160-867edcf9ae18.json	ready_for_ocr	needs runtime path cache from build_jbrs_local_manifest.py --root	Matched corpus references elevate OCR priority; the committed plan stores path stubs only.
jbrs-ocr-032165-34497a301734	032165-34497a301734	032165.pdf	Burmese/Burma JBRS/JBRS Originals/032165.pdf					low	article_pages_only	google_vision	032165-34497a301734	metadata_sidecar+page_text+article_text+google_vision_json	data_local/ocr/jbrs/manifest/032165-34497a301734.json	ready_for_ocr	needs runtime path cache from build_jbrs_local_manifest.py --root	Matched corpus references elevate OCR priority; the committed plan stores path stubs only.
jbrs-ocr-032170-b9f9b9d5f51c	032170-b9f9b9d5f51c	032170.pdf	Burmese/Burma JBRS/1913/032170.pdf					low	article_pages_only	google_vision	032170-b9f9b9d5f51c	metadata_sidecar+page_text+article_text+google_vision_json	data_local/ocr/jbrs/manifest/032170-b9f9b9d5f51c.json	ready_for_ocr	needs runtime path cache from build_jbrs_local_manifest.py --root	Matched corpus references elevate OCR priority; the committed plan stores path stubs only.
jbrs-ocr-032183-d222b3e1c83e	032183-d222b3e1c83e	032183.pdf	Burmese/Burma JBRS/JBRS Originals/032183.pdf					low	article_pages_only	google_vision	032183-d222b3e1c83e	metadata_sidecar+page_text+article_text+google_vision_json	data_local/ocr/jbrs/manifest/032183-d222b3e1c83e.json	ready_for_ocr	needs runtime path cache from build_jbrs_local_manifest.py --root	Matched corpus references elevate OCR priority; the committed plan stores path stubs only.
jbrs-ocr-032186-bfb56138ff92	032186-bfb56138ff92	032186.pdf	Burmese/Burma JBRS/JBRS Originals/032186.pdf					low	article_pages_only	google_vision	032186-bfb56138ff92	metadata_sidecar+page_text+article_text+google_vision_json	data_local/ocr/jbrs/manifest/032186-bfb56138ff92.json	ready_for_ocr	needs runtime path cache from build_jbrs_local_manifest.py --root	Matched corpus references elevate OCR priority; the committed plan stores path stubs only.
jbrs-ocr-032187-27960fd93ae7	032187-27960fd93ae7	032187.pdf	Burmese/Burma JBRS/JBRS Originals/032187.pdf					low	article_pages_only	google_vision	032187-27960fd93ae7	metadata_sidecar+page_text+article_text+google_vision_json	data_local/ocr/jbrs/manifest/032187-27960fd93ae7.json	ready_for_ocr	needs runtime path cache from build_jbrs_local_manifest.py --root	Matched corpus references elevate OCR priority; the committed plan stores path stubs only.
jbrs-ocr-032190-e426d7aec9d8	032190-e426d7aec9d8	032190.pdf	Burmese/Burma JBRS/JBRS Originals/032190.pdf					low	article_pages_only	google_vision	032190-e426d7aec9d8	metadata_sidecar+page_text+article_text+google_vision_json	data_local/ocr/jbrs/manifest/032190-e426d7aec9d8.json	ready_for_ocr	needs runtime path cache from build_jbrs_local_manifest.py --root	Matched corpus references elevate OCR priority; the committed plan stores path stubs only.
jbrs-ocr-032191-bdab0141a599	032191-bdab0141a599	032191.pdf	Burmese/Burma JBRS/JBRS Originals/032191.pdf					low	article_pages_only	google_vision	032191-bdab0141a599	metadata_sidecar+page_text+article_text+google_vision_json	data_local/ocr/jbrs/manifest/032191-bdab0141a599.json	ready_for_ocr	needs runtime path cache from build_jbrs_local_manifest.py --root	Matched corpus references elevate OCR priority; the committed plan stores path stubs only.
jbrs-ocr-041001-9084b31d5ebd	041001-9084b31d5ebd	041001.pdf	Burmese/Burma JBRS/JBRS Originals/041001.pdf					low	article_pages_only	google_vision	041001-9084b31d5ebd	metadata_sidecar+page_text+article_text+google_vision_json	data_local/ocr/jbrs/manifest/041001-9084b31d5ebd.json	ready_for_ocr	needs runtime path cache from build_jbrs_local_manifest.py --root	Matched corpus references elevate OCR priority; the committed plan stores path stubs only.
jbrs-ocr-041007-ddc0f02fcc13	041007-ddc0f02fcc13	041007.pdf	Burmese/Burma JBRS/JBRS Originals/041007.pdf					low	article_pages_only	google_vision	041007-ddc0f02fcc13	metadata_sidecar+page_text+article_text+google_vision_json	data_local/ocr/jbrs/manifest/041007-ddc0f02fcc13.json	ready_for_ocr	needs runtime path cache from build_jbrs_local_manifest.py --root	Matched corpus references elevate OCR priority; the committed plan stores path stubs only.
jbrs-ocr-041023-a3b284dbc4bf	041023-a3b284dbc4bf	041023.pdf	Burmese/Burma JBRS/JBRS Originals/041023.pdf					low	article_pages_only	google_vision	041023-a3b284dbc4bf	metadata_sidecar+page_text+article_text+google_vision_json	data_local/ocr/jbrs/manifest/041023-a3b284dbc4bf.json	ready_for_ocr	needs runtime path cache from build_jbrs_local_manifest.py --root	Matched corpus references elevate OCR priority; the committed plan stores path stubs only.
jbrs-ocr-041045-11e948bc5dd5	041045-11e948bc5dd5	041045.pdf	Burmese/Burma JBRS/JBRS Originals/041045.pdf					low	article_pages_only	google_vision	041045-11e948bc5dd5	metadata_sidecar+page_text+article_text+google_vision_json	data_local/ocr/jbrs/manifest/041045-11e948bc5dd5.json	ready_for_ocr	needs runtime path cache from build_jbrs_local_manifest.py --root	Matched corpus references elevate OCR priority; the committed plan stores path stubs only.
jbrs-ocr-041049-0a3694e7ba1f	041049-0a3694e7ba1f	041049.pdf	Burmese/Burma JBRS/JBRS Originals/041049.pdf					low	article_pages_only	google_vision	041049-0a3694e7ba1f	metadata_sidecar+page_text+article_text+google_vision_json	data_local/ocr/jbrs/manifest/041049-0a3694e7ba1f.json	ready_for_ocr	needs runtime path cache from build_jbrs_local_manifest.py --root	Matched corpus references elevate OCR priority; the committed plan stores path stubs only.
jbrs-ocr-041053-9546fae7553a	041053-9546fae7553a	041053.pdf	Burmese/Burma JBRS/JBRS Originals/041053.pdf					low	article_pages_only	google_vision	041053-9546fae7553a	metadata_sidecar+page_text+article_text+google_vision_json	data_local/ocr/jbrs/manifest/041053-9546fae7553a.json	ready_for_ocr	needs runtime path cache from build_jbrs_local_manifest.py --root	Matched corpus references elevate OCR priority; the committed plan stores path stubs only.
jbrs-ocr-041057-690d093a2257	041057-690d093a2257	041057.pdf	Burmese/Burma JBRS/1913/041057.pdf					low	article_pages_only	google_vision	041057-690d093a2257	metadata_sidecar+page_text+article_text+google_vision_json	data_local/ocr/jbrs/manifest/041057-690d093a2257.json	ready_for_ocr	needs runtime path cache from build_jbrs_local_manifest.py --root	Matched corpus references elevate OCR priority; the committed plan stores path stubs only.
jbrs-ocr-041061-c5a554b709da	041061-c5a554b709da	041061.pdf	Burmese/Burma JBRS/1913/041061.pdf					low	article_pages_only	google_vision	041061-c5a554b709da	metadata_sidecar+page_text+article_text+google_vision_json	data_local/ocr/jbrs/manifest/041061-c5a554b709da.json	ready_for_ocr	needs runtime path cache from build_jbrs_local_manifest.py --root	Matched corpus references elevate OCR priority; the committed plan stores path stubs only.
jbrs-ocr-041062-7f56d36ad2c3	041062-7f56d36ad2c3	041062.pdf	Burmese/Burma JBRS/JBRS Originals/041062.pdf					low	article_pages_only	google_vision	041062-7f56d36ad2c3	metadata_sidecar+page_text+article_text+google_vision_json	data_local/ocr/jbrs/manifest/041062-7f56d36ad2c3.json	ready_for_ocr	needs runtime path cache from build_jbrs_local_manifest.py --root	Matched corpus references elevate OCR priority; the committed plan stores path stubs only.
jbrs-ocr-041067-704a4685023c	041067-704a4685023c	041067.pdf	Burmese/Burma JBRS/JBRS Originals/041067.pdf					low	article_pages_only	google_vision	041067-704a4685023c	metadata_sidecar+page_text+article_text+google_vision_json	data_local/ocr/jbrs/manifest/041067-704a4685023c.json	ready_for_ocr	needs runtime path cache from build_jbrs_local_manifest.py --root	Matched corpus references elevate OCR priority; the committed plan stores path stubs only.
jbrs-ocr-041069-acf20264318e	041069-acf20264318e	041069.pdf	Burmese/Burma JBRS/JBRS Originals/041069.pdf					low	article_pages_only	google_vision	041069-acf20264318e	metadata_sidecar+page_text+article_text+google_vision_json	data_local/ocr/jbrs/manifest/041069-acf20264318e.json	ready_for_ocr	needs runtime path cache from build_jbrs_local_manifest.py --root	Matched corpus references elevate OCR priority; the committed plan stores path stubs only.
jbrs-ocr-041071-5151dcce531f	041071-5151dcce531f	041071.pdf	Burmese/Burma JBRS/JBRS Originals/041071.pdf					low	article_pages_only	google_vision	041071-5151dcce531f	metadata_sidecar+page_text+article_text+google_vision_json	data_local/ocr/jbrs/manifest/041071-5151dcce531f.json	ready_for_ocr	needs runtime path cache from build_jbrs_local_manifest.py --root	Matched corpus references elevate OCR priority; the committed plan stores path stubs only.
jbrs-ocr-041073-a1b84257b2d5	041073-a1b84257b2d5	041073.pdf	Burmese/Burma JBRS/JBRS Originals/041073.pdf					low	article_pages_only	google_vision	041073-a1b84257b2d5	metadata_sidecar+page_text+article_text+google_vision_json	data_local/ocr/jbrs/manifest/041073-a1b84257b2d5.json	ready_for_ocr	needs runtime path cache from build_jbrs_local_manifest.py --root	Matched corpus references elevate OCR priority; the committed plan stores path stubs only.
jbrs-ocr-041075-03b175581c64	041075-03b175581c64	041075.pdf	Burmese/Burma JBRS/1913/041075.pdf					low	article_pages_only	google_vision	041075-03b175581c64	metadata_sidecar+page_text+article_text+google_vision_json	data_local/ocr/jbrs/manifest/041075-03b175581c64.json	ready_for_ocr	needs runtime path cache from build_jbrs_local_manifest.py --root	Matched corpus references elevate OCR priority; the committed plan stores path stubs only.
jbrs-ocr-041077-99791ede9237	041077-99791ede9237	041077.pdf	Burmese/Burma JBRS/1914/041077.pdf					low	article_pages_only	google_vision	041077-99791ede9237	metadata_sidecar+page_text+article_text+google_vision_json	data_local/ocr/jbrs/manifest/041077-99791ede9237.json	ready_for_ocr	needs runtime path cache from build_jbrs_local_manifest.py --root	Matched corpus references elevate OCR priority; the committed plan stores path stubs only.
jbrs-ocr-041079-16a47805e9be	041079-16a47805e9be	041079.pdf	Burmese/Burma JBRS/JBRS Originals/041079.pdf					low	article_pages_only	google_vision	041079-16a47805e9be	metadata_sidecar+page_text+article_text+google_vision_json	data_local/ocr/jbrs/manifest/041079-16a47805e9be.json	ready_for_ocr	needs runtime path cache from build_jbrs_local_manifest.py --root	Matched corpus references elevate OCR priority; the committed plan stores path stubs only.
jbrs-ocr-042085-2ab93bd4408c	042085-2ab93bd4408c	042085.pdf	Burmese/Burma JBRS/JBRS Originals/042085.pdf					low	article_pages_only	google_vision	042085-2ab93bd4408c	metadata_sidecar+page_text+article_text+google_vision_json	data_local/ocr/jbrs/manifest/042085-2ab93bd4408c.json	ready_for_ocr	needs runtime path cache from build_jbrs_local_manifest.py --root	Matched corpus references elevate OCR priority; the committed plan stores path stubs only.
jbrs-ocr-042093-393ae06fc806	042093-393ae06fc806	042093.pdf	Burmese/Burma JBRS/JBRS Originals/042093.pdf					low	article_pages_only	google_vision	042093-393ae06fc806	metadata_sidecar+page_text+article_text+google_vision_json	data_local/ocr/jbrs/manifest/042093-393ae06fc806.json	ready_for_ocr	needs runtime path cache from build_jbrs_local_manifest.py --root	Matched corpus references elevate OCR priority; the committed plan stores path stubs only.
jbrs-ocr-042103-3998faa44a08	042103-3998faa44a08	042103.pdf	Burmese/Burma JBRS/JBRS Originals/042103.pdf					low	article_pages_only	google_vision	042103-3998faa44a08	metadata_sidecar+page_text+article_text+google_vision_json	data_local/ocr/jbrs/manifest/042103-3998faa44a08.json	ready_for_ocr	needs runtime path cache from build_jbrs_local_manifest.py --root	Matched corpus references elevate OCR priority; the committed plan stores path stubs only.
jbrs-ocr-042107-072ea9580eb8	042107-072ea9580eb8	042107.pdf	Burmese/Burma JBRS/JBRS Originals/042107.pdf					low	article_pages_only	google_vision	042107-072ea9580eb8	metadata_sidecar+page_text+article_text+google_vision_json	data_local/ocr/jbrs/manifest/042107-072ea9580eb8.json	ready_for_ocr	needs runtime path cache from build_jbrs_local_manifest.py --root	Matched corpus references elevate OCR priority; the committed plan stores path stubs only.
jbrs-ocr-042119-330aed996b61	042119-330aed996b61	042119.pdf	Burmese/Burma JBRS/JBRS Originals/042119.pdf					low	article_pages_only	google_vision	042119-330aed996b61	metadata_sidecar+page_text+article_text+google_vision_json	data_local/ocr/jbrs/manifest/042119-330aed996b61.json	ready_for_ocr	needs runtime path cache from build_jbrs_local_manifest.py --root	Matched corpus references elevate OCR priority; the committed plan stores path stubs only.
jbrs-ocr-042121-a10b00dfb9e9	042121-a10b00dfb9e9	042121.pdf	Burmese/Burma JBRS/JBRS Originals/042121.pdf					low	article_pages_only	google_vision	042121-a10b00dfb9e9	metadata_sidecar+page_text+article_text+google_vision_json	data_local/ocr/jbrs/manifest/042121-a10b00dfb9e9.json	ready_for_ocr	needs runtime path cache from build_jbrs_local_manifest.py --root	Matched corpus references elevate OCR priority; the committed plan stores path stubs only.
jbrs-ocr-042125-7c868da09989	042125-7c868da09989	042125.pdf	Burmese/Burma JBRS/1913/042125.pdf					low	article_pages_only	google_vision	042125-7c868da09989	metadata_sidecar+page_text+article_text+google_vision_json	data_local/ocr/jbrs/manifest/042125-7c868da09989.json	ready_for_ocr	needs runtime path cache from build_jbrs_local_manifest.py --root	Matched corpus references elevate OCR priority; the committed plan stores path stubs only.
jbrs-ocr-042135-0510e4f82c73	042135-0510e4f82c73	042135.pdf	Burmese/Burma JBRS/1914/042135.pdf					low	article_pages_only	google_vision	042135-0510e4f82c73	metadata_sidecar+page_text+article_text+google_vision_json	data_local/ocr/jbrs/manifest/042135-0510e4f82c73.json	ready_for_ocr	needs runtime path cache from build_jbrs_local_manifest.py --root	Matched corpus references elevate OCR priority; the committed plan stores path stubs only.
jbrs-ocr-042136-d360e86b243a	042136-d360e86b243a	042136.pdf	Burmese/Burma JBRS/1913/042136.pdf					low	article_pages_only	google_vision	042136-d360e86b243a	metadata_sidecar+page_text+article_text+google_vision_json	data_local/ocr/jbrs/manifest/042136-d360e86b243a.json	ready_for_ocr	needs runtime path cache from build_jbrs_local_manifest.py --root	Matched corpus references elevate OCR priority; the committed plan stores path stubs only.
jbrs-ocr-042139-3ebe0794047f	042139-3ebe0794047f	042139.pdf	Burmese/Burma JBRS/1913/042139.pdf					low	article_pages_only	google_vision	042139-3ebe0794047f	metadata_sidecar+page_text+article_text+google_vision_json	data_local/ocr/jbrs/manifest/042139-3ebe0794047f.json	ready_for_ocr	needs runtime path cache from build_jbrs_local_manifest.py --root	Matched corpus references elevate OCR priority; the committed plan stores path stubs only.
jbrs-ocr-042144-09a12de35fb2	042144-09a12de35fb2	042144.pdf	Burmese/Burma JBRS/JBRS Originals/042144.pdf					low	article_pages_only	google_vision	042144-09a12de35fb2	metadata_sidecar+page_text+article_text+google_vision_json	data_local/ocr/jbrs/manifest/042144-09a12de35fb2.json	ready_for_ocr	needs runtime path cache from build_jbrs_local_manifest.py --root	Matched corpus references elevate OCR priority; the committed plan stores path stubs only.
jbrs-ocr-042145-49cb110d0542	042145-49cb110d0542	042145.pdf	Burmese/Burma JBRS/JBRS Originals/042145.pdf					low	article_pages_only	google_vision	042145-49cb110d0542	metadata_sidecar+page_text+article_text+google_vision_json	data_local/ocr/jbrs/manifest/042145-49cb110d0542.json	ready_for_ocr	needs runtime path cache from build_jbrs_local_manifest.py --root	Matched corpus references elevate OCR priority; the committed plan stores path stubs only.
jbrs-ocr-042148-fade0204288c	042148-fade0204288c	042148.pdf	Burmese/Burma JBRS/JBRS Originals/042148.pdf					low	article_pages_only	google_vision	042148-fade0204288c	metadata_sidecar+page_text+article_text+google_vision_json	data_local/ocr/jbrs/manifest/042148-fade0204288c.json	ready_for_ocr	needs runtime path cache from build_jbrs_local_manifest.py --root	Matched corpus references elevate OCR priority; the committed plan stores path stubs only.
jbrs-ocr-042148a-eef15a1d1576	042148a-eef15a1d1576	042148A.pdf	Burmese/Burma JBRS/JBRS Originals/042148A.pdf					low	article_pages_only	google_vision	042148a-eef15a1d1576	metadata_sidecar+page_text+article_text+google_vision_json	data_local/ocr/jbrs/manifest/042148a-eef15a1d1576.json	ready_for_ocr	needs runtime path cache from build_jbrs_local_manifest.py --root	Matched corpus references elevate OCR priority; the committed plan stores path stubs only.
jbrs-ocr-042152-fcee950a9ff1	042152-fcee950a9ff1	042152.pdf	Burmese/Burma JBRS/1914/042152.pdf					low	article_pages_only	google_vision	042152-fcee950a9ff1	metadata_sidecar+page_text+article_text+google_vision_json	data_local/ocr/jbrs/manifest/042152-fcee950a9ff1.json	ready_for_ocr	needs runtime path cache from build_jbrs_local_manifest.py --root	Matched corpus references elevate OCR priority; the committed plan stores path stubs only.
jbrs-ocr-042154-29226ab681a0	042154-29226ab681a0	042154.pdf	Burmese/Burma JBRS/JBRS Originals/042154.pdf					low	article_pages_only	google_vision	042154-29226ab681a0	metadata_sidecar+page_text+article_text+google_vision_json	data_local/ocr/jbrs/manifest/042154-29226ab681a0.json	ready_for_ocr	needs runtime path cache from build_jbrs_local_manifest.py --root	Matched corpus references elevate OCR priority; the committed plan stores path stubs only.
jbrs-ocr-043161-a92e9aba624d	043161-a92e9aba624d	043161.pdf	Burmese/Burma JBRS/JBRS Originals/043161.pdf					low	article_pages_only	google_vision	043161-a92e9aba624d	metadata_sidecar+page_text+article_text+google_vision_json	data_local/ocr/jbrs/manifest/043161-a92e9aba624d.json	ready_for_ocr	needs runtime path cache from build_jbrs_local_manifest.py --root	Matched corpus references elevate OCR priority; the committed plan stores path stubs only.
jbrs-ocr-043171-e35ae1498a45	043171-e35ae1498a45	043171.pdf	Burmese/Burma JBRS/JBRS Originals/043171.pdf					low	article_pages_only	google_vision	043171-e35ae1498a45	metadata_sidecar+page_text+article_text+google_vision_json	data_local/ocr/jbrs/manifest/043171-e35ae1498a45.json	ready_for_ocr	needs runtime path cache from build_jbrs_local_manifest.py --root	Matched corpus references elevate OCR priority; the committed plan stores path stubs only.
jbrs-ocr-043209-b801e27ebf1a	043209-b801e27ebf1a	043209.pdf	Burmese/Burma JBRS/JBRS Originals/043209.pdf					low	article_pages_only	google_vision	043209-b801e27ebf1a	metadata_sidecar+page_text+article_text+google_vision_json	data_local/ocr/jbrs/manifest/043209-b801e27ebf1a.json	ready_for_ocr	needs runtime path cache from build_jbrs_local_manifest.py --root	Matched corpus references elevate OCR priority; the committed plan stores path stubs only.
jbrs-ocr-043215-9c28fa69925b	043215-9c28fa69925b	043215.pdf	Burmese/Burma JBRS/JBRS Originals/043215.pdf					low	article_pages_only	google_vision	043215-9c28fa69925b	metadata_sidecar+page_text+article_text+google_vision_json	data_local/ocr/jbrs/manifest/043215-9c28fa69925b.json	ready_for_ocr	needs runtime path cache from build_jbrs_local_manifest.py --root	Matched corpus references elevate OCR priority; the committed plan stores path stubs only.
jbrs-ocr-043219-8c13f0cb306a	043219-8c13f0cb306a	043219.pdf	Burmese/Burma JBRS/JBRS Originals/043219.pdf					low	article_pages_only	google_vision	043219-8c13f0cb306a	metadata_sidecar+page_text+article_text+google_vision_json	data_local/ocr/jbrs/manifest/043219-8c13f0cb306a.json	ready_for_ocr	needs runtime path cache from build_jbrs_local_manifest.py --root	Matched corpus references elevate OCR priority; the committed plan stores path stubs only.
jbrs-ocr-043224-89b1bf4f944a	043224-89b1bf4f944a	043224.pdf	Burmese/Burma JBRS/JBRS Originals/043224.pdf					low	article_pages_only	google_vision	043224-89b1bf4f944a	metadata_sidecar+page_text+article_text+google_vision_json	data_local/ocr/jbrs/manifest/043224-89b1bf4f944a.json	ready_for_ocr	needs runtime path cache from build_jbrs_local_manifest.py --root	Matched corpus references elevate OCR priority; the committed plan stores path stubs only.
jbrs-ocr-043225-237aebfd997e	043225-237aebfd997e	043225.pdf	Burmese/Burma JBRS/JBRS Originals/043225.pdf					low	article_pages_only	google_vision	043225-237aebfd997e	metadata_sidecar+page_text+article_text+google_vision_json	data_local/ocr/jbrs/manifest/043225-237aebfd997e.json	ready_for_ocr	needs runtime path cache from build_jbrs_local_manifest.py --root	Matched corpus references elevate OCR priority; the committed plan stores path stubs only.
jbrs-ocr-043229-95da12edf7fe	043229-95da12edf7fe	043229.pdf	Burmese/Burma JBRS/1913/043229.pdf					low	article_pages_only	google_vision	043229-95da12edf7fe	metadata_sidecar+page_text+article_text+google_vision_json	data_local/ocr/jbrs/manifest/043229-95da12edf7fe.json	ready_for_ocr	needs runtime path cache from build_jbrs_local_manifest.py --root	Matched corpus references elevate OCR priority; the committed plan stores path stubs only.
jbrs-ocr-043230-3fb6cb023a6a	043230-3fb6cb023a6a	043230.pdf	Burmese/Burma JBRS/JBRS Originals/043230.pdf					low	article_pages_only	google_vision	043230-3fb6cb023a6a	metadata_sidecar+page_text+article_text+google_vision_json	data_local/ocr/jbrs/manifest/043230-3fb6cb023a6a.json	ready_for_ocr	needs runtime path cache from build_jbrs_local_manifest.py --root	Matched corpus references elevate OCR priority; the committed plan stores path stubs only.
jbrs-ocr-043232-ac7138fd1746	043232-ac7138fd1746	043232.pdf	Burmese/Burma JBRS/JBRS Originals/043232.pdf					low	article_pages_only	google_vision	043232-ac7138fd1746	metadata_sidecar+page_text+article_text+google_vision_json	data_local/ocr/jbrs/manifest/043232-ac7138fd1746.json	ready_for_ocr	needs runtime path cache from build_jbrs_local_manifest.py --root	Matched corpus references elevate OCR priority; the committed plan stores path stubs only.
jbrs-ocr-043232a-da167e9ef1f5	043232a-da167e9ef1f5	043232A.pdf	Burmese/Burma JBRS/JBRS Originals/043232A.pdf					low	article_pages_only	google_vision	043232a-da167e9ef1f5	metadata_sidecar+page_text+article_text+google_vision_json	data_local/ocr/jbrs/manifest/043232a-da167e9ef1f5.json	ready_for_ocr	needs runtime path cache from build_jbrs_local_manifest.py --root	Matched corpus references elevate OCR priority; the committed plan stores path stubs only.
jbrs-ocr-043233-7ca751053f4d	043233-7ca751053f4d	043233.pdf	Burmese/Burma JBRS/1914/043233.pdf					low	article_pages_only	google_vision	043233-7ca751053f4d	metadata_sidecar+page_text+article_text+google_vision_json	data_local/ocr/jbrs/manifest/043233-7ca751053f4d.json	ready_for_ocr	needs runtime path cache from build_jbrs_local_manifest.py --root	Matched corpus references elevate OCR priority; the committed plan stores path stubs only.
jbrs-ocr-043234-f1c1d29136f8	043234-f1c1d29136f8	043234.pdf	Burmese/Burma JBRS/JBRS Originals/043234.pdf					low	article_pages_only	google_vision	043234-f1c1d29136f8	metadata_sidecar+page_text+article_text+google_vision_json	data_local/ocr/jbrs/manifest/043234-f1c1d29136f8.json	ready_for_ocr	needs runtime path cache from build_jbrs_local_manifest.py --root	Matched corpus references elevate OCR priority; the committed plan stores path stubs only.
jbrs-ocr-043236-b03dad217a61	043236-b03dad217a61	043236.pdf	Burmese/Burma JBRS/1913/043236.pdf					low	article_pages_only	google_vision	043236-b03dad217a61	metadata_sidecar+page_text+article_text+google_vision_json	data_local/ocr/jbrs/manifest/043236-b03dad217a61.json	ready_for_ocr	needs runtime path cache from build_jbrs_local_manifest.py --root	Matched corpus references elevate OCR priority; the committed plan stores path stubs only.
jbrs-ocr-043237-10238af95090	043237-10238af95090	043237.pdf	Burmese/Burma JBRS/JBRS Originals/043237.pdf					low	article_pages_only	google_vision	043237-10238af95090	metadata_sidecar+page_text+article_text+google_vision_json	data_local/ocr/jbrs/manifest/043237-10238af95090.json	ready_for_ocr	needs runtime path cache from build_jbrs_local_manifest.py --root	Matched corpus references elevate OCR priority; the committed plan stores path stubs only.
jbrs-ocr-043246-b5d8b369a3ef	043246-b5d8b369a3ef	043246.pdf	Burmese/Burma JBRS/JBRS Originals/043246.pdf					low	article_pages_only	google_vision	043246-b5d8b369a3ef	metadata_sidecar+page_text+article_text+google_vision_json	data_local/ocr/jbrs/manifest/043246-b5d8b369a3ef.json	ready_for_ocr	needs runtime path cache from build_jbrs_local_manifest.py --root	Matched corpus references elevate OCR priority; the committed plan stores path stubs only.
jbrs-ocr-043247-1d364402e16e	043247-1d364402e16e	043247.pdf	Burmese/Burma JBRS/JBRS Originals/043247.pdf					low	article_pages_only	google_vision	043247-1d364402e16e	metadata_sidecar+page_text+article_text+google_vision_json	data_local/ocr/jbrs/manifest/043247-1d364402e16e.json	ready_for_ocr	needs runtime path cache from build_jbrs_local_manifest.py --root	Matched corpus references elevate OCR priority; the committed plan stores path stubs only.
jbrs-ocr-051001-6e549ffebfb3	051001-6e549ffebfb3	051001.pdf	Burmese/Burma JBRS/JBRS Originals/051001.pdf					low	article_pages_only	google_vision	051001-6e549ffebfb3	metadata_sidecar+page_text+article_text+google_vision_json	data_local/ocr/jbrs/manifest/051001-6e549ffebfb3.json	ready_for_ocr	needs runtime path cache from build_jbrs_local_manifest.py --root	Matched corpus references elevate OCR priority; the committed plan stores path stubs only.
jbrs-ocr-051013-53a611f4cd7b	051013-53a611f4cd7b	051013.pdf	Burmese/Burma JBRS/JBRS Originals/051013.pdf					low	article_pages_only	google_vision	051013-53a611f4cd7b	metadata_sidecar+page_text+article_text+google_vision_json	data_local/ocr/jbrs/manifest/051013-53a611f4cd7b.json	ready_for_ocr	needs runtime path cache from build_jbrs_local_manifest.py --root	Matched corpus references elevate OCR priority; the committed plan stores path stubs only.
jbrs-ocr-051021-6734149e3e0f	051021-6734149e3e0f	051021.pdf	Burmese/Burma JBRS/JBRS Originals/051021.pdf					low	article_pages_only	google_vision	051021-6734149e3e0f	metadata_sidecar+page_text+article_text+google_vision_json	data_local/ocr/jbrs/manifest/051021-6734149e3e0f.json	ready_for_ocr	needs runtime path cache from build_jbrs_local_manifest.py --root	Matched corpus references elevate OCR priority; the committed plan stores path stubs only.
jbrs-ocr-051025-740805ebde23	051025-740805ebde23	051025.pdf	Burmese/Burma JBRS/1915/051025.pdf					low	article_pages_only	google_vision	051025-740805ebde23	metadata_sidecar+page_text+article_text+google_vision_json	data_local/ocr/jbrs/manifest/051025-740805ebde23.json	ready_for_ocr	needs runtime path cache from build_jbrs_local_manifest.py --root	Matched corpus references elevate OCR priority; the committed plan stores path stubs only.
jbrs-ocr-051030-0293c3e06793	051030-0293c3e06793	051030.pdf	Burmese/Burma JBRS/1915/051030.pdf					low	article_pages_only	google_vision	051030-0293c3e06793	metadata_sidecar+page_text+article_text+google_vision_json	data_local/ocr/jbrs/manifest/051030-0293c3e06793.json	ready_for_ocr	needs runtime path cache from build_jbrs_local_manifest.py --root	Matched corpus references elevate OCR priority; the committed plan stores path stubs only.
jbrs-ocr-051031-04560d421019	051031-04560d421019	051031.pdf	Burmese/Burma JBRS/JBRS Originals/051031.pdf					low	article_pages_only	google_vision	051031-04560d421019	metadata_sidecar+page_text+article_text+google_vision_json	data_local/ocr/jbrs/manifest/051031-04560d421019.json	ready_for_ocr	needs runtime path cache from build_jbrs_local_manifest.py --root	Matched corpus references elevate OCR priority; the committed plan stores path stubs only.
jbrs-ocr-051033-eb89c7e48479	051033-eb89c7e48479	051033.pdf	Burmese/Burma JBRS/JBRS Originals/051033.pdf					low	article_pages_only	google_vision	051033-eb89c7e48479	metadata_sidecar+page_text+article_text+google_vision_json	data_local/ocr/jbrs/manifest/051033-eb89c7e48479.json	ready_for_ocr	needs runtime path cache from build_jbrs_local_manifest.py --root	Matched corpus references elevate OCR priority; the committed plan stores path stubs only.
jbrs-ocr-051034-f78d618cbacf	051034-f78d618cbacf	051034.pdf	Burmese/Burma JBRS/1915/051034.pdf					low	article_pages_only	google_vision	051034-f78d618cbacf	metadata_sidecar+page_text+article_text+google_vision_json	data_local/ocr/jbrs/manifest/051034-f78d618cbacf.json	ready_for_ocr	needs runtime path cache from build_jbrs_local_manifest.py --root	Matched corpus references elevate OCR priority; the committed plan stores path stubs only.
jbrs-ocr-051035-ebbc816bdbe4	051035-ebbc816bdbe4	051035.pdf	Burmese/Burma JBRS/JBRS Originals/051035.pdf					low	article_pages_only	google_vision	051035-ebbc816bdbe4	metadata_sidecar+page_text+article_text+google_vision_json	data_local/ocr/jbrs/manifest/051035-ebbc816bdbe4.json	ready_for_ocr	needs runtime path cache from build_jbrs_local_manifest.py --root	Matched corpus references elevate OCR priority; the committed plan stores path stubs only.
jbrs-ocr-051036-5021cc43776e	051036-5021cc43776e	051036.pdf	Burmese/Burma JBRS/1915/051036.pdf					low	article_pages_only	google_vision	051036-5021cc43776e	metadata_sidecar+page_text+article_text+google_vision_json	data_local/ocr/jbrs/manifest/051036-5021cc43776e.json	ready_for_ocr	needs runtime path cache from build_jbrs_local_manifest.py --root	Matched corpus references elevate OCR priority; the committed plan stores path stubs only.
jbrs-ocr-052043-286a5ccb9771	052043-286a5ccb9771	052043.pdf	Burmese/Burma JBRS/1915/052043.pdf					low	article_pages_only	google_vision	052043-286a5ccb9771	metadata_sidecar+page_text+article_text+google_vision_json	data_local/ocr/jbrs/manifest/052043-286a5ccb9771.json	ready_for_ocr	needs runtime path cache from build_jbrs_local_manifest.py --root	Matched corpus references elevate OCR priority; the committed plan stores path stubs only.
jbrs-ocr-052049-39ff96a24906	052049-39ff96a24906	052049.pdf	Burmese/Burma JBRS/JBRS Originals/052049.pdf					low	article_pages_only	google_vision	052049-39ff96a24906	metadata_sidecar+page_text+article_text+google_vision_json	data_local/ocr/jbrs/manifest/052049-39ff96a24906.json	ready_for_ocr	needs runtime path cache from build_jbrs_local_manifest.py --root	Matched corpus references elevate OCR priority; the committed plan stores path stubs only.
jbrs-ocr-052059-29251d830200	052059-29251d830200	052059.pdf	Burmese/Burma JBRS/JBRS Originals/052059.pdf					low	article_pages_only	google_vision	052059-29251d830200	metadata_sidecar+page_text+article_text+google_vision_json	data_local/ocr/jbrs/manifest/052059-29251d830200.json	ready_for_ocr	needs runtime path cache from build_jbrs_local_manifest.py --root	Matched corpus references elevate OCR priority; the committed plan stores path stubs only.
jbrs-ocr-052091-593ea4dfb3b9	052091-593ea4dfb3b9	052091.pdf	Burmese/Burma JBRS/1915/052091.pdf					low	article_pages_only	google_vision	052091-593ea4dfb3b9	metadata_sidecar+page_text+article_text+google_vision_json	data_local/ocr/jbrs/manifest/052091-593ea4dfb3b9.json	ready_for_ocr	needs runtime path cache from build_jbrs_local_manifest.py --root	Matched corpus references elevate OCR priority; the committed plan stores path stubs only.
jbrs-ocr-052096-8d5d09ece92b	052096-8d5d09ece92b	052096.pdf	Burmese/Burma JBRS/JBRS Originals/052096.pdf					low	article_pages_only	google_vision	052096-8d5d09ece92b	metadata_sidecar+page_text+article_text+google_vision_json	data_local/ocr/jbrs/manifest/052096-8d5d09ece92b.json	ready_for_ocr	needs runtime path cache from build_jbrs_local_manifest.py --root	Matched corpus references elevate OCR priority; the committed plan stores path stubs only.
jbrs-ocr-052097-7d162903c88a	052097-7d162903c88a	052097.pdf	Burmese/Burma JBRS/1915/052097.pdf					low	article_pages_only	google_vision	052097-7d162903c88a	metadata_sidecar+page_text+article_text+google_vision_json	data_local/ocr/jbrs/manifest/052097-7d162903c88a.json	ready_for_ocr	needs runtime path cache from build_jbrs_local_manifest.py --root	Matched corpus references elevate OCR priority; the committed plan stores path stubs only.
jbrs-ocr-052098-c189d2c69bac	052098-c189d2c69bac	052098.pdf	Burmese/Burma JBRS/1915/052098.pdf					low	article_pages_only	google_vision	052098-c189d2c69bac	metadata_sidecar+page_text+article_text+google_vision_json	data_local/ocr/jbrs/manifest/052098-c189d2c69bac.json	ready_for_ocr	needs runtime path cache from build_jbrs_local_manifest.py --root	Matched corpus references elevate OCR priority; the committed plan stores path stubs only.
jbrs-ocr-052102-385a33d151fe	052102-385a33d151fe	052102.pdf	Burmese/Burma JBRS/JBRS Originals/052102.pdf					low	article_pages_only	google_vision	052102-385a33d151fe	metadata_sidecar+page_text+article_text+google_vision_json	data_local/ocr/jbrs/manifest/052102-385a33d151fe.json	ready_for_ocr	needs runtime path cache from build_jbrs_local_manifest.py --root	Matched corpus references elevate OCR priority; the committed plan stores path stubs only.
jbrs-ocr-052110-c234d5989a1e	052110-c234d5989a1e	052110.pdf	Burmese/Burma JBRS/JBRS Originals/052110.pdf					low	article_pages_only	google_vision	052110-c234d5989a1e	metadata_sidecar+page_text+article_text+google_vision_json	data_local/ocr/jbrs/manifest/052110-c234d5989a1e.json	ready_for_ocr	needs runtime path cache from build_jbrs_local_manifest.py --root	Matched corpus references elevate OCR priority; the committed plan stores path stubs only.
jbrs-ocr-052111-bfe568a7b25f	052111-bfe568a7b25f	052111.pdf	Burmese/Burma JBRS/1915/052111.pdf					low	article_pages_only	google_vision	052111-bfe568a7b25f	metadata_sidecar+page_text+article_text+google_vision_json	data_local/ocr/jbrs/manifest/052111-bfe568a7b25f.json	ready_for_ocr	needs runtime path cache from build_jbrs_local_manifest.py --root	Matched corpus references elevate OCR priority; the committed plan stores path stubs only.
jbrs-ocr-052111a-1a81c952a600	052111a-1a81c952a600	052111A.pdf	Burmese/Burma JBRS/JBRS Originals/052111A.pdf					low	article_pages_only	google_vision	052111a-1a81c952a600	metadata_sidecar+page_text+article_text+google_vision_json	data_local/ocr/jbrs/manifest/052111a-1a81c952a600.json	ready_for_ocr	needs runtime path cache from build_jbrs_local_manifest.py --root	Matched corpus references elevate OCR priority; the committed plan stores path stubs only.
jbrs-ocr-052113-94654fc5d375	052113-94654fc5d375	052113.pdf	Burmese/Burma JBRS/1915/052113.pdf					low	article_pages_only	google_vision	052113-94654fc5d375	metadata_sidecar+page_text+article_text+google_vision_json	data_local/ocr/jbrs/manifest/052113-94654fc5d375.json	ready_for_ocr	needs runtime path cache from build_jbrs_local_manifest.py --root	Matched corpus references elevate OCR priority; the committed plan stores path stubs only.
jbrs-ocr-053117-d7da4c3931d9	053117-d7da4c3931d9	053117.pdf	Burmese/Burma JBRS/JBRS Originals/053117.pdf					low	article_pages_only	google_vision	053117-d7da4c3931d9	metadata_sidecar+page_text+article_text+google_vision_json	data_local/ocr/jbrs/manifest/053117-d7da4c3931d9.json	ready_for_ocr	needs runtime path cache from build_jbrs_local_manifest.py --root	Matched corpus references elevate OCR priority; the committed plan stores path stubs only.
jbrs-ocr-053129-4d89fbc59fa8	053129-4d89fbc59fa8	053129.pdf	Burmese/Burma JBRS/JBRS Originals/053129.pdf					low	article_pages_only	google_vision	053129-4d89fbc59fa8	metadata_sidecar+page_text+article_text+google_vision_json	data_local/ocr/jbrs/manifest/053129-4d89fbc59fa8.json	ready_for_ocr	needs runtime path cache from build_jbrs_local_manifest.py --root	Matched corpus references elevate OCR priority; the committed plan stores path stubs only.
jbrs-ocr-053152-fbe88d96116a	053152-fbe88d96116a	053152.pdf	Burmese/Burma JBRS/JBRS Originals/053152.pdf					low	article_pages_only	google_vision	053152-fbe88d96116a	metadata_sidecar+page_text+article_text+google_vision_json	data_local/ocr/jbrs/manifest/053152-fbe88d96116a.json	ready_for_ocr	needs runtime path cache from build_jbrs_local_manifest.py --root	Matched corpus references elevate OCR priority; the committed plan stores path stubs only.
jbrs-ocr-053159-5005dafb8478	053159-5005dafb8478	053159.pdf	Burmese/Burma JBRS/1915/053159.pdf					low	article_pages_only	google_vision	053159-5005dafb8478	metadata_sidecar+page_text+article_text+google_vision_json	data_local/ocr/jbrs/manifest/053159-5005dafb8478.json	ready_for_ocr	needs runtime path cache from build_jbrs_local_manifest.py --root	Matched corpus references elevate OCR priority; the committed plan stores path stubs only.
jbrs-ocr-053160-0b14c9564ca6	053160-0b14c9564ca6	053160.pdf	Burmese/Burma JBRS/JBRS Originals/053160.pdf					low	article_pages_only	google_vision	053160-0b14c9564ca6	metadata_sidecar+page_text+article_text+google_vision_json	data_local/ocr/jbrs/manifest/053160-0b14c9564ca6.json	ready_for_ocr	needs runtime path cache from build_jbrs_local_manifest.py --root	Matched corpus references elevate OCR priority; the committed plan stores path stubs only.
jbrs-ocr-053162-9dd092ecebc0	053162-9dd092ecebc0	053162.pdf	Burmese/Burma JBRS/1915/053162.pdf					low	article_pages_only	google_vision	053162-9dd092ecebc0	metadata_sidecar+page_text+article_text+google_vision_json	data_local/ocr/jbrs/manifest/053162-9dd092ecebc0.json	ready_for_ocr	needs runtime path cache from build_jbrs_local_manifest.py --root	Matched corpus references elevate OCR priority; the committed plan stores path stubs only.
jbrs-ocr-053164-faf508cfddfa	053164-faf508cfddfa	053164.pdf	Burmese/Burma JBRS/JBRS Originals/053164.pdf					low	article_pages_only	google_vision	053164-faf508cfddfa	metadata_sidecar+page_text+article_text+google_vision_json	data_local/ocr/jbrs/manifest/053164-faf508cfddfa.json	ready_for_ocr	needs runtime path cache from build_jbrs_local_manifest.py --root	Matched corpus references elevate OCR priority; the committed plan stores path stubs only.
jbrs-ocr-053167-0543d1ba233c	053167-0543d1ba233c	053167.pdf	Burmese/Burma JBRS/1915/053167.pdf					low	article_pages_only	google_vision	053167-0543d1ba233c	metadata_sidecar+page_text+article_text+google_vision_json	data_local/ocr/jbrs/manifest/053167-0543d1ba233c.json	ready_for_ocr	needs runtime path cache from build_jbrs_local_manifest.py --root	Matched corpus references elevate OCR priority; the committed plan stores path stubs only.
jbrs-ocr-053168-25f9e5bfd77d	053168-25f9e5bfd77d	053168.pdf	Burmese/Burma JBRS/JBRS Originals/053168.pdf					low	article_pages_only	google_vision	053168-25f9e5bfd77d	metadata_sidecar+page_text+article_text+google_vision_json	data_local/ocr/jbrs/manifest/053168-25f9e5bfd77d.json	ready_for_ocr	needs runtime path cache from build_jbrs_local_manifest.py --root	Matched corpus references elevate OCR priority; the committed plan stores path stubs only.
jbrs-ocr-053171-0c382fdb7d3e	053171-0c382fdb7d3e	053171.pdf	Burmese/Burma JBRS/JBRS Originals/053171.pdf					low	article_pages_only	google_vision	053171-0c382fdb7d3e	metadata_sidecar+page_text+article_text+google_vision_json	data_local/ocr/jbrs/manifest/053171-0c382fdb7d3e.json	ready_for_ocr	needs runtime path cache from build_jbrs_local_manifest.py --root	Matched corpus references elevate OCR priority; the committed plan stores path stubs only.
jbrs-ocr-053172-92bdd471e562	053172-92bdd471e562	053172.pdf	Burmese/Burma JBRS/JBRS Originals/053172.pdf					low	article_pages_only	google_vision	053172-92bdd471e562	metadata_sidecar+page_text+article_text+google_vision_json	data_local/ocr/jbrs/manifest/053172-92bdd471e562.json	ready_for_ocr	needs runtime path cache from build_jbrs_local_manifest.py --root	Matched corpus references elevate OCR priority; the committed plan stores path stubs only.
jbrs-ocr-053174-6a4620920797	053174-6a4620920797	053174.pdf	Burmese/Burma JBRS/JBRS Originals/053174.pdf					low	article_pages_only	google_vision	053174-6a4620920797	metadata_sidecar+page_text+article_text+google_vision_json	data_local/ocr/jbrs/manifest/053174-6a4620920797.json	ready_for_ocr	needs runtime path cache from build_jbrs_local_manifest.py --root	Matched corpus references elevate OCR priority; the committed plan stores path stubs only.
jbrs-ocr-053175-359dcc652ea6	053175-359dcc652ea6	053175.pdf	Burmese/Burma JBRS/1915/053175.pdf					low	article_pages_only	google_vision	053175-359dcc652ea6	metadata_sidecar+page_text+article_text+google_vision_json	data_local/ocr/jbrs/manifest/053175-359dcc652ea6.json	ready_for_ocr	needs runtime path cache from build_jbrs_local_manifest.py --root	Matched corpus references elevate OCR priority; the committed plan stores path stubs only.
jbrs-ocr-061001-0714e045bece	061001-0714e045bece	061001.pdf	Burmese/Burma JBRS/1916/061001.pdf					low	article_pages_only	google_vision	061001-0714e045bece	metadata_sidecar+page_text+article_text+google_vision_json	data_local/ocr/jbrs/manifest/061001-0714e045bece.json	ready_for_ocr	needs runtime path cache from build_jbrs_local_manifest.py --root	Matched corpus references elevate OCR priority; the committed plan stores path stubs only.
jbrs-ocr-061009-240867a46564	061009-240867a46564	061009.pdf	Burmese/Burma JBRS/JBRS Originals/061009.pdf					low	article_pages_only	google_vision	061009-240867a46564	metadata_sidecar+page_text+article_text+google_vision_json	data_local/ocr/jbrs/manifest/061009-240867a46564.json	ready_for_ocr	needs runtime path cache from build_jbrs_local_manifest.py --root	Matched corpus references elevate OCR priority; the committed plan stores path stubs only.
jbrs-ocr-061009a-cd54213d32f2	061009a-cd54213d32f2	061009a.pdf	Burmese/Burma JBRS/1916/061009a.pdf					low	article_pages_only	google_vision	061009a-cd54213d32f2	metadata_sidecar+page_text+article_text+google_vision_json	data_local/ocr/jbrs/manifest/061009a-cd54213d32f2.json	ready_for_ocr	needs runtime path cache from build_jbrs_local_manifest.py --root	Matched corpus references elevate OCR priority; the committed plan stores path stubs only.
jbrs-ocr-061013-4ade969ac1f4	061013-4ade969ac1f4	061013.pdf	Burmese/Burma JBRS/JBRS Originals/061013.pdf					low	article_pages_only	google_vision	061013-4ade969ac1f4	metadata_sidecar+page_text+article_text+google_vision_json	data_local/ocr/jbrs/manifest/061013-4ade969ac1f4.json	ready_for_ocr	needs runtime path cache from build_jbrs_local_manifest.py --root	Matched corpus references elevate OCR priority; the committed plan stores path stubs only.
jbrs-ocr-061019-ad8459e21656	061019-ad8459e21656	061019.pdf	Burmese/Burma JBRS/JBRS Originals/061019.pdf					low	article_pages_only	google_vision	061019-ad8459e21656	metadata_sidecar+page_text+article_text+google_vision_json	data_local/ocr/jbrs/manifest/061019-ad8459e21656.json	ready_for_ocr	needs runtime path cache from build_jbrs_local_manifest.py --root	Matched corpus references elevate OCR priority; the committed plan stores path stubs only.
jbrs-ocr-061020-f833cb9ed098	061020-f833cb9ed098	061020.pdf	Burmese/Burma JBRS/1916/061020.pdf					low	article_pages_only	google_vision	061020-f833cb9ed098	metadata_sidecar+page_text+article_text+google_vision_json	data_local/ocr/jbrs/manifest/061020-f833cb9ed098.json	ready_for_ocr	needs runtime path cache from build_jbrs_local_manifest.py --root	Matched corpus references elevate OCR priority; the committed plan stores path stubs only.
jbrs-ocr-061021-1c46079ca7b2	061021-1c46079ca7b2	061021.pdf	Burmese/Burma JBRS/JBRS Originals/061021.pdf					low	article_pages_only	google_vision	061021-1c46079ca7b2	metadata_sidecar+page_text+article_text+google_vision_json	data_local/ocr/jbrs/manifest/061021-1c46079ca7b2.json	ready_for_ocr	needs runtime path cache from build_jbrs_local_manifest.py --root	Matched corpus references elevate OCR priority; the committed plan stores path stubs only.
jbrs-ocr-061021a-4d68e92fbaf6	061021a-4d68e92fbaf6	061021A.pdf	Burmese/Burma JBRS/JBRS Originals/061021A.pdf					low	article_pages_only	google_vision	061021a-4d68e92fbaf6	metadata_sidecar+page_text+article_text+google_vision_json	data_local/ocr/jbrs/manifest/061021a-4d68e92fbaf6.json	ready_for_ocr	needs runtime path cache from build_jbrs_local_manifest.py --root	Matched corpus references elevate OCR priority; the committed plan stores path stubs only.
jbrs-ocr-061030-9f9270039344	061030-9f9270039344	061030.pdf	Burmese/Burma JBRS/1916/061030.pdf					low	article_pages_only	google_vision	061030-9f9270039344	metadata_sidecar+page_text+article_text+google_vision_json	data_local/ocr/jbrs/manifest/061030-9f9270039344.json	ready_for_ocr	needs runtime path cache from build_jbrs_local_manifest.py --root	Matched corpus references elevate OCR priority; the committed plan stores path stubs only.
jbrs-ocr-061031-f1c7769a0333	061031-f1c7769a0333	061031.pdf	Burmese/Burma JBRS/JBRS Originals/061031.pdf					low	article_pages_only	google_vision	061031-f1c7769a0333	metadata_sidecar+page_text+article_text+google_vision_json	data_local/ocr/jbrs/manifest/061031-f1c7769a0333.json	ready_for_ocr	needs runtime path cache from build_jbrs_local_manifest.py --root	Matched corpus references elevate OCR priority; the committed plan stores path stubs only.
jbrs-ocr-061033-d5d60901692e	061033-d5d60901692e	061033.pdf	Burmese/Burma JBRS/JBRS Originals/061033.pdf					low	article_pages_only	google_vision	061033-d5d60901692e	metadata_sidecar+page_text+article_text+google_vision_json	data_local/ocr/jbrs/manifest/061033-d5d60901692e.json	ready_for_ocr	needs runtime path cache from build_jbrs_local_manifest.py --root	Matched corpus references elevate OCR priority; the committed plan stores path stubs only.
jbrs-ocr-061037-a77a892a06b7	061037-a77a892a06b7	061037.pdf	Burmese/Burma JBRS/JBRS Originals/061037.pdf					low	article_pages_only	google_vision	061037-a77a892a06b7	metadata_sidecar+page_text+article_text+google_vision_json	data_local/ocr/jbrs/manifest/061037-a77a892a06b7.json	ready_for_ocr	needs runtime path cache from build_jbrs_local_manifest.py --root	Matched corpus references elevate OCR priority; the committed plan stores path stubs only.
jbrs-ocr-062049-fad738ddf8dc	062049-fad738ddf8dc	062049.pdf	Burmese/Burma JBRS/1916/062049.pdf					low	article_pages_only	google_vision	062049-fad738ddf8dc	metadata_sidecar+page_text+article_text+google_vision_json	data_local/ocr/jbrs/manifest/062049-fad738ddf8dc.json	ready_for_ocr	needs runtime path cache from build_jbrs_local_manifest.py --root	Matched corpus references elevate OCR priority; the committed plan stores path stubs only.
jbrs-ocr-062057-c62589674754	062057-c62589674754	062057.pdf	Burmese/Burma JBRS/1916/062057.pdf					low	article_pages_only	google_vision	062057-c62589674754	metadata_sidecar+page_text+article_text+google_vision_json	data_local/ocr/jbrs/manifest/062057-c62589674754.json	ready_for_ocr	needs runtime path cache from build_jbrs_local_manifest.py --root	Matched corpus references elevate OCR priority; the committed plan stores path stubs only.
jbrs-ocr-062078-0c7cb2c166fd	062078-0c7cb2c166fd	062078.pdf	Burmese/Burma JBRS/JBRS Originals/062078.pdf					low	article_pages_only	google_vision	062078-0c7cb2c166fd	metadata_sidecar+page_text+article_text+google_vision_json	data_local/ocr/jbrs/manifest/062078-0c7cb2c166fd.json	ready_for_ocr	needs runtime path cache from build_jbrs_local_manifest.py --root	Matched corpus references elevate OCR priority; the committed plan stores path stubs only.
jbrs-ocr-062081-787d31fc9a88	062081-787d31fc9a88	062081.pdf	Burmese/Burma JBRS/1916/062081.pdf					low	article_pages_only	google_vision	062081-787d31fc9a88	metadata_sidecar+page_text+article_text+google_vision_json	data_local/ocr/jbrs/manifest/062081-787d31fc9a88.json	ready_for_ocr	needs runtime path cache from build_jbrs_local_manifest.py --root	Matched corpus references elevate OCR priority; the committed plan stores path stubs only.
jbrs-ocr-062090-6fc3e143f9e3	062090-6fc3e143f9e3	062090.pdf	Burmese/Burma JBRS/1916/062090.pdf					low	article_pages_only	google_vision	062090-6fc3e143f9e3	metadata_sidecar+page_text+article_text+google_vision_json	data_local/ocr/jbrs/manifest/062090-6fc3e143f9e3.json	ready_for_ocr	needs runtime path cache from build_jbrs_local_manifest.py --root	Matched corpus references elevate OCR priority; the committed plan stores path stubs only.
jbrs-ocr-062095-a74ed3dbee37	062095-a74ed3dbee37	062095.pdf	Burmese/Burma JBRS/1916/062095.pdf					low	article_pages_only	google_vision	062095-a74ed3dbee37	metadata_sidecar+page_text+article_text+google_vision_json	data_local/ocr/jbrs/manifest/062095-a74ed3dbee37.json	ready_for_ocr	needs runtime path cache from build_jbrs_local_manifest.py --root	Matched corpus references elevate OCR priority; the committed plan stores path stubs only.
jbrs-ocr-062098-e507c82eb379	062098-e507c82eb379	062098.pdf	Burmese/Burma JBRS/1916/062098.pdf					low	article_pages_only	google_vision	062098-e507c82eb379	metadata_sidecar+page_text+article_text+google_vision_json	data_local/ocr/jbrs/manifest/062098-e507c82eb379.json	ready_for_ocr	needs runtime path cache from build_jbrs_local_manifest.py --root	Matched corpus references elevate OCR priority; the committed plan stores path stubs only.
jbrs-ocr-062102-db54540823f2	062102-db54540823f2	062102.pdf	Burmese/Burma JBRS/JBRS Originals/062102.pdf					low	article_pages_only	google_vision	062102-db54540823f2	metadata_sidecar+page_text+article_text+google_vision_json	data_local/ocr/jbrs/manifest/062102-db54540823f2.json	ready_for_ocr	needs runtime path cache from build_jbrs_local_manifest.py --root	Matched corpus references elevate OCR priority; the committed plan stores path stubs only.
jbrs-ocr-062106-4e5803d96013	062106-4e5803d96013	062106.pdf	Burmese/Burma JBRS/1916/062106.pdf					low	article_pages_only	google_vision	062106-4e5803d96013	metadata_sidecar+page_text+article_text+google_vision_json	data_local/ocr/jbrs/manifest/062106-4e5803d96013.json	ready_for_ocr	needs runtime path cache from build_jbrs_local_manifest.py --root	Matched corpus references elevate OCR priority; the committed plan stores path stubs only.
jbrs-ocr-062108-3a5af6303de4	062108-3a5af6303de4	062108.pdf	Burmese/Burma JBRS/JBRS Originals/062108.pdf					low	article_pages_only	google_vision	062108-3a5af6303de4	metadata_sidecar+page_text+article_text+google_vision_json	data_local/ocr/jbrs/manifest/062108-3a5af6303de4.json	ready_for_ocr	needs runtime path cache from build_jbrs_local_manifest.py --root	Matched corpus references elevate OCR priority; the committed plan stores path stubs only.
jbrs-ocr-062108a-647e365f31f8	062108a-647e365f31f8	062108A.pdf	Burmese/Burma JBRS/JBRS Originals/062108A.pdf					low	article_pages_only	google_vision	062108a-647e365f31f8	metadata_sidecar+page_text+article_text+google_vision_json	data_local/ocr/jbrs/manifest/062108a-647e365f31f8.json	ready_for_ocr	needs runtime path cache from build_jbrs_local_manifest.py --root	Matched corpus references elevate OCR priority; the committed plan stores path stubs only.
jbrs-ocr-063121-3ae8a6c44290	063121-3ae8a6c44290	063121.pdf	Burmese/Burma JBRS/1916/063121.pdf					low	article_pages_only	google_vision	063121-3ae8a6c44290	metadata_sidecar+page_text+article_text+google_vision_json	data_local/ocr/jbrs/manifest/063121-3ae8a6c44290.json	ready_for_ocr	needs runtime path cache from build_jbrs_local_manifest.py --root	Matched corpus references elevate OCR priority; the committed plan stores path stubs only.
jbrs-ocr-063131-f2d5d8bfda88	063131-f2d5d8bfda88	063131.pdf	Burmese/Burma JBRS/1916/063131.pdf					low	article_pages_only	google_vision	063131-f2d5d8bfda88	metadata_sidecar+page_text+article_text+google_vision_json	data_local/ocr/jbrs/manifest/063131-f2d5d8bfda88.json	ready_for_ocr	needs runtime path cache from build_jbrs_local_manifest.py --root	Matched corpus references elevate OCR priority; the committed plan stores path stubs only.
jbrs-ocr-063139-91fcc30377c2	063139-91fcc30377c2	063139.pdf	Burmese/Burma JBRS/JBRS Originals/063139.pdf					low	article_pages_only	google_vision	063139-91fcc30377c2	metadata_sidecar+page_text+article_text+google_vision_json	data_local/ocr/jbrs/manifest/063139-91fcc30377c2.json	ready_for_ocr	needs runtime path cache from build_jbrs_local_manifest.py --root	Matched corpus references elevate OCR priority; the committed plan stores path stubs only.
jbrs-ocr-063145-297231d470d5	063145-297231d470d5	063145.pdf	Burmese/Burma JBRS/1916/063145.pdf					low	article_pages_only	google_vision	063145-297231d470d5	metadata_sidecar+page_text+article_text+google_vision_json	data_local/ocr/jbrs/manifest/063145-297231d470d5.json	ready_for_ocr	needs runtime path cache from build_jbrs_local_manifest.py --root	Matched corpus references elevate OCR priority; the committed plan stores path stubs only.
jbrs-ocr-063203-44aae7d4614f	063203-44aae7d4614f	063203.pdf	Burmese/Burma JBRS/1916/063203.pdf					low	article_pages_only	google_vision	063203-44aae7d4614f	metadata_sidecar+page_text+article_text+google_vision_json	data_local/ocr/jbrs/manifest/063203-44aae7d4614f.json	ready_for_ocr	needs runtime path cache from build_jbrs_local_manifest.py --root	Matched corpus references elevate OCR priority; the committed plan stores path stubs only.
jbrs-ocr-063205-59c376834663	063205-59c376834663	063205.pdf	Burmese/Burma JBRS/1916/063205.pdf					low	article_pages_only	google_vision	063205-59c376834663	metadata_sidecar+page_text+article_text+google_vision_json	data_local/ocr/jbrs/manifest/063205-59c376834663.json	ready_for_ocr	needs runtime path cache from build_jbrs_local_manifest.py --root	Matched corpus references elevate OCR priority; the committed plan stores path stubs only.
jbrs-ocr-063213-f04fbc19a3f0	063213-f04fbc19a3f0	063213.pdf	Burmese/Burma JBRS/1916/063213.pdf					low	article_pages_only	google_vision	063213-f04fbc19a3f0	metadata_sidecar+page_text+article_text+google_vision_json	data_local/ocr/jbrs/manifest/063213-f04fbc19a3f0.json	ready_for_ocr	needs runtime path cache from build_jbrs_local_manifest.py --root	Matched corpus references elevate OCR priority; the committed plan stores path stubs only.
jbrs-ocr-063223-94665256fe7e	063223-94665256fe7e	063223.pdf	Burmese/Burma JBRS/JBRS Originals/063223.pdf					low	article_pages_only	google_vision	063223-94665256fe7e	metadata_sidecar+page_text+article_text+google_vision_json	data_local/ocr/jbrs/manifest/063223-94665256fe7e.json	ready_for_ocr	needs runtime path cache from build_jbrs_local_manifest.py --root	Matched corpus references elevate OCR priority; the committed plan stores path stubs only.
jbrs-ocr-063225-abd84c39263c	063225-abd84c39263c	063225.pdf	Burmese/Burma JBRS/JBRS Originals/063225.pdf					low	article_pages_only	google_vision	063225-abd84c39263c	metadata_sidecar+page_text+article_text+google_vision_json	data_local/ocr/jbrs/manifest/063225-abd84c39263c.json	ready_for_ocr	needs runtime path cache from build_jbrs_local_manifest.py --root	Matched corpus references elevate OCR priority; the committed plan stores path stubs only.
jbrs-ocr-063229-aaa336ad9cbb	063229-aaa336ad9cbb	063229.pdf	Burmese/Burma JBRS/JBRS Originals/063229.pdf					low	article_pages_only	google_vision	063229-aaa336ad9cbb	metadata_sidecar+page_text+article_text+google_vision_json	data_local/ocr/jbrs/manifest/063229-aaa336ad9cbb.json	ready_for_ocr	needs runtime path cache from build_jbrs_local_manifest.py --root	Matched corpus references elevate OCR priority; the committed plan stores path stubs only.
jbrs-ocr-063230-96da048b2bd7	063230-96da048b2bd7	063230.pdf	Burmese/Burma JBRS/1916/063230.pdf					low	article_pages_only	google_vision	063230-96da048b2bd7	metadata_sidecar+page_text+article_text+google_vision_json	data_local/ocr/jbrs/manifest/063230-96da048b2bd7.json	ready_for_ocr	needs runtime path cache from build_jbrs_local_manifest.py --root	Matched corpus references elevate OCR priority; the committed plan stores path stubs only.
jbrs-ocr-071001-7fa61801a1ec	071001-7fa61801a1ec	071001.pdf	Burmese/Burma JBRS/1917/071001.pdf					low	article_pages_only	google_vision	071001-7fa61801a1ec	metadata_sidecar+page_text+article_text+google_vision_json	data_local/ocr/jbrs/manifest/071001-7fa61801a1ec.json	ready_for_ocr	needs runtime path cache from build_jbrs_local_manifest.py --root	Matched corpus references elevate OCR priority; the committed plan stores path stubs only.
jbrs-ocr-071013-6eea453d65d2	071013-6eea453d65d2	071013.pdf	Burmese/Burma JBRS/JBRS Originals/071013.pdf					low	article_pages_only	google_vision	071013-6eea453d65d2	metadata_sidecar+page_text+article_text+google_vision_json	data_local/ocr/jbrs/manifest/071013-6eea453d65d2.json	ready_for_ocr	needs runtime path cache from build_jbrs_local_manifest.py --root	Matched corpus references elevate OCR priority; the committed plan stores path stubs only.
jbrs-ocr-071027-332ca44661ff	071027-332ca44661ff	071027.pdf	Burmese/Burma JBRS/1917/071027.pdf					low	article_pages_only	google_vision	071027-332ca44661ff	metadata_sidecar+page_text+article_text+google_vision_json	data_local/ocr/jbrs/manifest/071027-332ca44661ff.json	ready_for_ocr	needs runtime path cache from build_jbrs_local_manifest.py --root	Matched corpus references elevate OCR priority; the committed plan stores path stubs only.
jbrs-ocr-071037-1894e50d86e7	071037-1894e50d86e7	071037.pdf	Burmese/Burma JBRS/JBRS Originals/071037.pdf					low	article_pages_only	google_vision	071037-1894e50d86e7	metadata_sidecar+page_text+article_text+google_vision_json	data_local/ocr/jbrs/manifest/071037-1894e50d86e7.json	ready_for_ocr	needs runtime path cache from build_jbrs_local_manifest.py --root	Matched corpus references elevate OCR priority; the committed plan stores path stubs only.
jbrs-ocr-071045-b1c90bcb3fe6	071045-b1c90bcb3fe6	071045.pdf	Burmese/Burma JBRS/JBRS Originals/071045.pdf					low	article_pages_only	google_vision	071045-b1c90bcb3fe6	metadata_sidecar+page_text+article_text+google_vision_json	data_local/ocr/jbrs/manifest/071045-b1c90bcb3fe6.json	ready_for_ocr	needs runtime path cache from build_jbrs_local_manifest.py --root	Matched corpus references elevate OCR priority; the committed plan stores path stubs only.
jbrs-ocr-071056-7c47c98ca73f	071056-7c47c98ca73f	071056.pdf	Burmese/Burma JBRS/JBRS Originals/071056.pdf					low	article_pages_only	google_vision	071056-7c47c98ca73f	metadata_sidecar+page_text+article_text+google_vision_json	data_local/ocr/jbrs/manifest/071056-7c47c98ca73f.json	ready_for_ocr	needs runtime path cache from build_jbrs_local_manifest.py --root	Matched corpus references elevate OCR priority; the committed plan stores path stubs only.
jbrs-ocr-071057-2ee81f86b59f	071057-2ee81f86b59f	071057.pdf	Burmese/Burma JBRS/JBRS Originals/071057.pdf					low	article_pages_only	google_vision	071057-2ee81f86b59f	metadata_sidecar+page_text+article_text+google_vision_json	data_local/ocr/jbrs/manifest/071057-2ee81f86b59f.json	ready_for_ocr	needs runtime path cache from build_jbrs_local_manifest.py --root	Matched corpus references elevate OCR priority; the committed plan stores path stubs only.
jbrs-ocr-071069-b62d80bbe884	071069-b62d80bbe884	071069.pdf	Burmese/Burma JBRS/1917/071069.pdf					low	article_pages_only	google_vision	071069-b62d80bbe884	metadata_sidecar+page_text+article_text+google_vision_json	data_local/ocr/jbrs/manifest/071069-b62d80bbe884.json	ready_for_ocr	needs runtime path cache from build_jbrs_local_manifest.py --root	Matched corpus references elevate OCR priority; the committed plan stores path stubs only.
jbrs-ocr-071082-f231e3f70393	071082-f231e3f70393	071082.pdf	Burmese/Burma JBRS/JBRS Originals/071082.pdf					low	article_pages_only	google_vision	071082-f231e3f70393	metadata_sidecar+page_text+article_text+google_vision_json	data_local/ocr/jbrs/manifest/071082-f231e3f70393.json	ready_for_ocr	needs runtime path cache from build_jbrs_local_manifest.py --root	Matched corpus references elevate OCR priority; the committed plan stores path stubs only.
jbrs-ocr-071085-c46ebb5de31d	071085-c46ebb5de31d	071085.pdf	Burmese/Burma JBRS/1917/071085.pdf					low	article_pages_only	google_vision	071085-c46ebb5de31d	metadata_sidecar+page_text+article_text+google_vision_json	data_local/ocr/jbrs/manifest/071085-c46ebb5de31d.json	ready_for_ocr	needs runtime path cache from build_jbrs_local_manifest.py --root	Matched corpus references elevate OCR priority; the committed plan stores path stubs only.
jbrs-ocr-071088-f61f8926c231	071088-f61f8926c231	071088.pdf	Burmese/Burma JBRS/1917/071088.pdf					low	article_pages_only	google_vision	071088-f61f8926c231	metadata_sidecar+page_text+article_text+google_vision_json	data_local/ocr/jbrs/manifest/071088-f61f8926c231.json	ready_for_ocr	needs runtime path cache from build_jbrs_local_manifest.py --root	Matched corpus references elevate OCR priority; the committed plan stores path stubs only.
jbrs-ocr-071094-34bb9d6dc9cc	071094-34bb9d6dc9cc	071094.pdf	Burmese/Burma JBRS/1917/071094.pdf					low	article_pages_only	google_vision	071094-34bb9d6dc9cc	metadata_sidecar+page_text+article_text+google_vision_json	data_local/ocr/jbrs/manifest/071094-34bb9d6dc9cc.json	ready_for_ocr	needs runtime path cache from build_jbrs_local_manifest.py --root	Matched corpus references elevate OCR priority; the committed plan stores path stubs only.
jbrs-ocr-071110-3baa3a8f1493	071110-3baa3a8f1493	071110.pdf	Burmese/Burma JBRS/JBRS Originals/071110.pdf					low	article_pages_only	google_vision	071110-3baa3a8f1493	metadata_sidecar+page_text+article_text+google_vision_json	data_local/ocr/jbrs/manifest/071110-3baa3a8f1493.json	ready_for_ocr	needs runtime path cache from build_jbrs_local_manifest.py --root	Matched corpus references elevate OCR priority; the committed plan stores path stubs only.
jbrs-ocr-071111-68d1c41410ae	071111-68d1c41410ae	071111.pdf	Burmese/Burma JBRS/JBRS Originals/071111.pdf					low	article_pages_only	google_vision	071111-68d1c41410ae	metadata_sidecar+page_text+article_text+google_vision_json	data_local/ocr/jbrs/manifest/071111-68d1c41410ae.json	ready_for_ocr	needs runtime path cache from build_jbrs_local_manifest.py --root	Matched corpus references elevate OCR priority; the committed plan stores path stubs only.
jbrs-ocr-072127-10c4b41ffa87	072127-10c4b41ffa87	072127.pdf	Burmese/Burma JBRS/1917/072127.pdf					low	article_pages_only	google_vision	072127-10c4b41ffa87	metadata_sidecar+page_text+article_text+google_vision_json	data_local/ocr/jbrs/manifest/072127-10c4b41ffa87.json	ready_for_ocr	needs runtime path cache from build_jbrs_local_manifest.py --root	Matched corpus references elevate OCR priority; the committed plan stores path stubs only.
jbrs-ocr-072137-acc26fa32523	072137-acc26fa32523	072137.pdf	Burmese/Burma JBRS/1917/072137.pdf					low	article_pages_only	google_vision	072137-acc26fa32523	metadata_sidecar+page_text+article_text+google_vision_json	data_local/ocr/jbrs/manifest/072137-acc26fa32523.json	ready_for_ocr	needs runtime path cache from build_jbrs_local_manifest.py --root	Matched corpus references elevate OCR priority; the committed plan stores path stubs only.
jbrs-ocr-072143-e40922495a65	072143-e40922495a65	072143.pdf	Burmese/Burma JBRS/1917/072143.pdf					low	article_pages_only	google_vision	072143-e40922495a65	metadata_sidecar+page_text+article_text+google_vision_json	data_local/ocr/jbrs/manifest/072143-e40922495a65.json	ready_for_ocr	needs runtime path cache from build_jbrs_local_manifest.py --root	Matched corpus references elevate OCR priority; the committed plan stores path stubs only.
jbrs-ocr-072147-7ab6bc5bbd26	072147-7ab6bc5bbd26	072147.pdf	Burmese/Burma JBRS/1917/072147.pdf					low	article_pages_only	google_vision	072147-7ab6bc5bbd26	metadata_sidecar+page_text+article_text+google_vision_json	data_local/ocr/jbrs/manifest/072147-7ab6bc5bbd26.json	ready_for_ocr	needs runtime path cache from build_jbrs_local_manifest.py --root	Matched corpus references elevate OCR priority; the committed plan stores path stubs only.
jbrs-ocr-072159-9b2bf82bcb39	072159-9b2bf82bcb39	072159.pdf	Burmese/Burma JBRS/JBRS Originals/072159.pdf					low	article_pages_only	google_vision	072159-9b2bf82bcb39	metadata_sidecar+page_text+article_text+google_vision_json	data_local/ocr/jbrs/manifest/072159-9b2bf82bcb39.json	ready_for_ocr	needs runtime path cache from build_jbrs_local_manifest.py --root	Matched corpus references elevate OCR priority; the committed plan stores path stubs only.
jbrs-ocr-072175-77982ecd0396	072175-77982ecd0396	072175.pdf	Burmese/Burma JBRS/JBRS Originals/072175.pdf					low	article_pages_only	google_vision	072175-77982ecd0396	metadata_sidecar+page_text+article_text+google_vision_json	data_local/ocr/jbrs/manifest/072175-77982ecd0396.json	ready_for_ocr	needs runtime path cache from build_jbrs_local_manifest.py --root	Matched corpus references elevate OCR priority; the committed plan stores path stubs only.
jbrs-ocr-072181-69df44382c65	072181-69df44382c65	072181.pdf	Burmese/Burma JBRS/JBRS Originals/072181.pdf					low	article_pages_only	google_vision	072181-69df44382c65	metadata_sidecar+page_text+article_text+google_vision_json	data_local/ocr/jbrs/manifest/072181-69df44382c65.json	ready_for_ocr	needs runtime path cache from build_jbrs_local_manifest.py --root	Matched corpus references elevate OCR priority; the committed plan stores path stubs only.
jbrs-ocr-072184-81bec2845bfb	072184-81bec2845bfb	072184.pdf	Burmese/Burma JBRS/1917/072184.pdf					low	article_pages_only	google_vision	072184-81bec2845bfb	metadata_sidecar+page_text+article_text+google_vision_json	data_local/ocr/jbrs/manifest/072184-81bec2845bfb.json	ready_for_ocr	needs runtime path cache from build_jbrs_local_manifest.py --root	Matched corpus references elevate OCR priority; the committed plan stores path stubs only.
jbrs-ocr-072186-2cdee7008687	072186-2cdee7008687	072186.pdf	Burmese/Burma JBRS/JBRS Originals/072186.pdf					low	article_pages_only	google_vision	072186-2cdee7008687	metadata_sidecar+page_text+article_text+google_vision_json	data_local/ocr/jbrs/manifest/072186-2cdee7008687.json	ready_for_ocr	needs runtime path cache from build_jbrs_local_manifest.py --root	Matched corpus references elevate OCR priority; the committed plan stores path stubs only.
jbrs-ocr-072192-63a4fb50cad1	072192-63a4fb50cad1	072192.pdf	Burmese/Burma JBRS/1917/072192.pdf					low	article_pages_only	google_vision	072192-63a4fb50cad1	metadata_sidecar+page_text+article_text+google_vision_json	data_local/ocr/jbrs/manifest/072192-63a4fb50cad1.json	ready_for_ocr	needs runtime path cache from build_jbrs_local_manifest.py --root	Matched corpus references elevate OCR priority; the committed plan stores path stubs only.
jbrs-ocr-072194-d484a5de8651	072194-d484a5de8651	072194.pdf	Burmese/Burma JBRS/1917/072194.pdf					low	article_pages_only	google_vision	072194-d484a5de8651	metadata_sidecar+page_text+article_text+google_vision_json	data_local/ocr/jbrs/manifest/072194-d484a5de8651.json	ready_for_ocr	needs runtime path cache from build_jbrs_local_manifest.py --root	Matched corpus references elevate OCR priority; the committed plan stores path stubs only.
jbrs-ocr-073203-d839184084a7	073203-d839184084a7	073203.pdf	Burmese/Burma JBRS/JBRS Originals/073203.pdf					low	article_pages_only	google_vision	073203-d839184084a7	metadata_sidecar+page_text+article_text+google_vision_json	data_local/ocr/jbrs/manifest/073203-d839184084a7.json	ready_for_ocr	needs runtime path cache from build_jbrs_local_manifest.py --root	Matched corpus references elevate OCR priority; the committed plan stores path stubs only.
jbrs-ocr-073221-ec8a3b430337	073221-ec8a3b430337	073221.pdf	Burmese/Burma JBRS/1917/073221.pdf					low	article_pages_only	google_vision	073221-ec8a3b430337	metadata_sidecar+page_text+article_text+google_vision_json	data_local/ocr/jbrs/manifest/073221-ec8a3b430337.json	ready_for_ocr	needs runtime path cache from build_jbrs_local_manifest.py --root	Matched corpus references elevate OCR priority; the committed plan stores path stubs only.
jbrs-ocr-073241-c60480724b7f	073241-c60480724b7f	073241.pdf	Burmese/Burma JBRS/JBRS Originals/073241.pdf					low	article_pages_only	google_vision	073241-c60480724b7f	metadata_sidecar+page_text+article_text+google_vision_json	data_local/ocr/jbrs/manifest/073241-c60480724b7f.json	ready_for_ocr	needs runtime path cache from build_jbrs_local_manifest.py --root	Matched corpus references elevate OCR priority; the committed plan stores path stubs only.
jbrs-ocr-073251-69f84cf1b267	073251-69f84cf1b267	073251.pdf	Burmese/Burma JBRS/JBRS Originals/073251.pdf					low	article_pages_only	google_vision	073251-69f84cf1b267	metadata_sidecar+page_text+article_text+google_vision_json	data_local/ocr/jbrs/manifest/073251-69f84cf1b267.json	ready_for_ocr	needs runtime path cache from build_jbrs_local_manifest.py --root	Matched corpus references elevate OCR priority; the committed plan stores path stubs only.
jbrs-ocr-073255-acec6f1e760e	073255-acec6f1e760e	073255.pdf	Burmese/Burma JBRS/1917/073255.pdf					low	article_pages_only	google_vision	073255-acec6f1e760e	metadata_sidecar+page_text+article_text+google_vision_json	data_local/ocr/jbrs/manifest/073255-acec6f1e760e.json	ready_for_ocr	needs runtime path cache from build_jbrs_local_manifest.py --root	Matched corpus references elevate OCR priority; the committed plan stores path stubs only.
jbrs-ocr-073263-35036c21884c	073263-35036c21884c	073263.pdf	Burmese/Burma JBRS/JBRS Originals/073263.pdf					low	article_pages_only	google_vision	073263-35036c21884c	metadata_sidecar+page_text+article_text+google_vision_json	data_local/ocr/jbrs/manifest/073263-35036c21884c.json	ready_for_ocr	needs runtime path cache from build_jbrs_local_manifest.py --root	Matched corpus references elevate OCR priority; the committed plan stores path stubs only.
jbrs-ocr-073274-0db49ff9d388	073274-0db49ff9d388	073274.pdf	Burmese/Burma JBRS/JBRS Originals/073274.pdf					low	article_pages_only	google_vision	073274-0db49ff9d388	metadata_sidecar+page_text+article_text+google_vision_json	data_local/ocr/jbrs/manifest/073274-0db49ff9d388.json	ready_for_ocr	needs runtime path cache from build_jbrs_local_manifest.py --root	Matched corpus references elevate OCR priority; the committed plan stores path stubs only.
jbrs-ocr-073277-07351770d820	073277-07351770d820	073277.pdf	Burmese/Burma JBRS/JBRS Originals/073277.pdf					low	article_pages_only	google_vision	073277-07351770d820	metadata_sidecar+page_text+article_text+google_vision_json	data_local/ocr/jbrs/manifest/073277-07351770d820.json	ready_for_ocr	needs runtime path cache from build_jbrs_local_manifest.py --root	Matched corpus references elevate OCR priority; the committed plan stores path stubs only.
jbrs-ocr-073278-eadfd8868804	073278-eadfd8868804	073278.pdf	Burmese/Burma JBRS/JBRS Originals/073278.pdf					low	article_pages_only	google_vision	073278-eadfd8868804	metadata_sidecar+page_text+article_text+google_vision_json	data_local/ocr/jbrs/manifest/073278-eadfd8868804.json	ready_for_ocr	needs runtime path cache from build_jbrs_local_manifest.py --root	Matched corpus references elevate OCR priority; the committed plan stores path stubs only.
jbrs-ocr-073279-7f0786dd442b	073279-7f0786dd442b	073279.pdf	Burmese/Burma JBRS/JBRS Originals/073279.pdf					low	article_pages_only	google_vision	073279-7f0786dd442b	metadata_sidecar+page_text+article_text+google_vision_json	data_local/ocr/jbrs/manifest/073279-7f0786dd442b.json	ready_for_ocr	needs runtime path cache from build_jbrs_local_manifest.py --root	Matched corpus references elevate OCR priority; the committed plan stores path stubs only.
jbrs-ocr-073284-d1fdb1e901f1	073284-d1fdb1e901f1	073284.pdf	Burmese/Burma JBRS/JBRS Originals/073284.pdf					low	article_pages_only	google_vision	073284-d1fdb1e901f1	metadata_sidecar+page_text+article_text+google_vision_json	data_local/ocr/jbrs/manifest/073284-d1fdb1e901f1.json	ready_for_ocr	needs runtime path cache from build_jbrs_local_manifest.py --root	Matched corpus references elevate OCR priority; the committed plan stores path stubs only.
jbrs-ocr-073285-42e7903b4058	073285-42e7903b4058	073285.pdf	Burmese/Burma JBRS/JBRS Originals/073285.pdf					low	article_pages_only	google_vision	073285-42e7903b4058	metadata_sidecar+page_text+article_text+google_vision_json	data_local/ocr/jbrs/manifest/073285-42e7903b4058.json	ready_for_ocr	needs runtime path cache from build_jbrs_local_manifest.py --root	Matched corpus references elevate OCR priority; the committed plan stores path stubs only.
jbrs-ocr-081001-c3d013c150f2	081001-c3d013c150f2	081001.pdf	Burmese/Burma JBRS/1918/081001.pdf					low	article_pages_only	google_vision	081001-c3d013c150f2	metadata_sidecar+page_text+article_text+google_vision_json	data_local/ocr/jbrs/manifest/081001-c3d013c150f2.json	ready_for_ocr	needs runtime path cache from build_jbrs_local_manifest.py --root	Matched corpus references elevate OCR priority; the committed plan stores path stubs only.
jbrs-ocr-081009-313c9daab433	081009-313c9daab433	081009.pdf	Burmese/Burma JBRS/1918/081009.pdf					low	article_pages_only	google_vision	081009-313c9daab433	metadata_sidecar+page_text+article_text+google_vision_json	data_local/ocr/jbrs/manifest/081009-313c9daab433.json	ready_for_ocr	needs runtime path cache from build_jbrs_local_manifest.py --root	Matched corpus references elevate OCR priority; the committed plan stores path stubs only.
jbrs-ocr-081015-78c3aa63b699	081015-78c3aa63b699	081015.pdf	Burmese/Burma JBRS/JBRS Originals/081015.pdf					low	article_pages_only	google_vision	081015-78c3aa63b699	metadata_sidecar+page_text+article_text+google_vision_json	data_local/ocr/jbrs/manifest/081015-78c3aa63b699.json	ready_for_ocr	needs runtime path cache from build_jbrs_local_manifest.py --root	Matched corpus references elevate OCR priority; the committed plan stores path stubs only.
jbrs-ocr-081021-81b457e42898	081021-81b457e42898	081021.pdf	Burmese/Burma JBRS/1918/081021.pdf					low	article_pages_only	google_vision	081021-81b457e42898	metadata_sidecar+page_text+article_text+google_vision_json	data_local/ocr/jbrs/manifest/081021-81b457e42898.json	ready_for_ocr	needs runtime path cache from build_jbrs_local_manifest.py --root	Matched corpus references elevate OCR priority; the committed plan stores path stubs only.
jbrs-ocr-081033-96e2e6352feb	081033-96e2e6352feb	081033.pdf	Burmese/Burma JBRS/1918/081033.pdf					low	article_pages_only	google_vision	081033-96e2e6352feb	metadata_sidecar+page_text+article_text+google_vision_json	data_local/ocr/jbrs/manifest/081033-96e2e6352feb.json	ready_for_ocr	needs runtime path cache from build_jbrs_local_manifest.py --root	Matched corpus references elevate OCR priority; the committed plan stores path stubs only.
jbrs-ocr-081039-a86394aa815a	081039-a86394aa815a	081039.pdf	Burmese/Burma JBRS/JBRS Originals/081039.pdf					low	article_pages_only	google_vision	081039-a86394aa815a	metadata_sidecar+page_text+article_text+google_vision_json	data_local/ocr/jbrs/manifest/081039-a86394aa815a.json	ready_for_ocr	needs runtime path cache from build_jbrs_local_manifest.py --root	Matched corpus references elevate OCR priority; the committed plan stores path stubs only.
jbrs-ocr-081040-c37292618b67	081040-c37292618b67	081040.pdf	Burmese/Burma JBRS/JBRS Originals/081040.pdf					low	article_pages_only	google_vision	081040-c37292618b67	metadata_sidecar+page_text+article_text+google_vision_json	data_local/ocr/jbrs/manifest/081040-c37292618b67.json	ready_for_ocr	needs runtime path cache from build_jbrs_local_manifest.py --root	Matched corpus references elevate OCR priority; the committed plan stores path stubs only.
jbrs-ocr-081052-3f8ce72898bd	081052-3f8ce72898bd	081052.pdf	Burmese/Burma JBRS/1918/081052.pdf					low	article_pages_only	google_vision	081052-3f8ce72898bd	metadata_sidecar+page_text+article_text+google_vision_json	data_local/ocr/jbrs/manifest/081052-3f8ce72898bd.json	ready_for_ocr	needs runtime path cache from build_jbrs_local_manifest.py --root	Matched corpus references elevate OCR priority; the committed plan stores path stubs only.
jbrs-ocr-081054-534270c7ebb8	081054-534270c7ebb8	081054.pdf	Burmese/Burma JBRS/JBRS Originals/081054.pdf					low	article_pages_only	google_vision	081054-534270c7ebb8	metadata_sidecar+page_text+article_text+google_vision_json	data_local/ocr/jbrs/manifest/081054-534270c7ebb8.json	ready_for_ocr	needs runtime path cache from build_jbrs_local_manifest.py --root	Matched corpus references elevate OCR priority; the committed plan stores path stubs only.
jbrs-ocr-081057-43f94b7b6186	081057-43f94b7b6186	081057.pdf	Burmese/Burma JBRS/JBRS Originals/081057.pdf					low	article_pages_only	google_vision	081057-43f94b7b6186	metadata_sidecar+page_text+article_text+google_vision_json	data_local/ocr/jbrs/manifest/081057-43f94b7b6186.json	ready_for_ocr	needs runtime path cache from build_jbrs_local_manifest.py --root	Matched corpus references elevate OCR priority; the committed plan stores path stubs only.
jbrs-ocr-081063-431100581f04	081063-431100581f04	081063.pdf	Burmese/Burma JBRS/JBRS Originals/081063.pdf					low	article_pages_only	google_vision	081063-431100581f04	metadata_sidecar+page_text+article_text+google_vision_json	data_local/ocr/jbrs/manifest/081063-431100581f04.json	ready_for_ocr	needs runtime path cache from build_jbrs_local_manifest.py --root	Matched corpus references elevate OCR priority; the committed plan stores path stubs only.
jbrs-ocr-081064-e1b2509336fe	081064-e1b2509336fe	081064.pdf	Burmese/Burma JBRS/JBRS Originals/081064.pdf					low	article_pages_only	google_vision	081064-e1b2509336fe	metadata_sidecar+page_text+article_text+google_vision_json	data_local/ocr/jbrs/manifest/081064-e1b2509336fe.json	ready_for_ocr	needs runtime path cache from build_jbrs_local_manifest.py --root	Matched corpus references elevate OCR priority; the committed plan stores path stubs only.
jbrs-ocr-082081-b20ed900e378	082081-b20ed900e378	082081.pdf	Burmese/Burma JBRS/1918/082081.pdf					low	article_pages_only	google_vision	082081-b20ed900e378	metadata_sidecar+page_text+article_text+google_vision_json	data_local/ocr/jbrs/manifest/082081-b20ed900e378.json	ready_for_ocr	needs runtime path cache from build_jbrs_local_manifest.py --root	Matched corpus references elevate OCR priority; the committed plan stores path stubs only.
jbrs-ocr-082099-652575bc84df	082099-652575bc84df	082099.pdf	Burmese/Burma JBRS/JBRS Originals/082099.pdf					low	article_pages_only	google_vision	082099-652575bc84df	metadata_sidecar+page_text+article_text+google_vision_json	data_local/ocr/jbrs/manifest/082099-652575bc84df.json	ready_for_ocr	needs runtime path cache from build_jbrs_local_manifest.py --root	Matched corpus references elevate OCR priority; the committed plan stores path stubs only.
jbrs-ocr-082107-a13b951ea6ee	082107-a13b951ea6ee	082107.pdf	Burmese/Burma JBRS/JBRS Originals/082107.pdf					low	article_pages_only	google_vision	082107-a13b951ea6ee	metadata_sidecar+page_text+article_text+google_vision_json	data_local/ocr/jbrs/manifest/082107-a13b951ea6ee.json	ready_for_ocr	needs runtime path cache from build_jbrs_local_manifest.py --root	Matched corpus references elevate OCR priority; the committed plan stores path stubs only.
jbrs-ocr-082113-286532b4f67e	082113-286532b4f67e	082113.pdf	Burmese/Burma JBRS/1918/082113.pdf					low	article_pages_only	google_vision	082113-286532b4f67e	metadata_sidecar+page_text+article_text+google_vision_json	data_local/ocr/jbrs/manifest/082113-286532b4f67e.json	ready_for_ocr	needs runtime path cache from build_jbrs_local_manifest.py --root	Matched corpus references elevate OCR priority; the committed plan stores path stubs only.
jbrs-ocr-082121-b10a9409289a	082121-b10a9409289a	082121.pdf	Burmese/Burma JBRS/JBRS Originals/082121.pdf					low	article_pages_only	google_vision	082121-b10a9409289a	metadata_sidecar+page_text+article_text+google_vision_json	data_local/ocr/jbrs/manifest/082121-b10a9409289a.json	ready_for_ocr	needs runtime path cache from build_jbrs_local_manifest.py --root	Matched corpus references elevate OCR priority; the committed plan stores path stubs only.
jbrs-ocr-082143-40846ff4e45d	082143-40846ff4e45d	082143.pdf	Burmese/Burma JBRS/1918/082143.pdf					low	article_pages_only	google_vision	082143-40846ff4e45d	metadata_sidecar+page_text+article_text+google_vision_json	data_local/ocr/jbrs/manifest/082143-40846ff4e45d.json	ready_for_ocr	needs runtime path cache from build_jbrs_local_manifest.py --root	Matched corpus references elevate OCR priority; the committed plan stores path stubs only.
jbrs-ocr-082153-5d75719ae7c3	082153-5d75719ae7c3	082153.pdf	Burmese/Burma JBRS/1918/082153.pdf					low	article_pages_only	google_vision	082153-5d75719ae7c3	metadata_sidecar+page_text+article_text+google_vision_json	data_local/ocr/jbrs/manifest/082153-5d75719ae7c3.json	ready_for_ocr	needs runtime path cache from build_jbrs_local_manifest.py --root	Matched corpus references elevate OCR priority; the committed plan stores path stubs only.
jbrs-ocr-082159-4c6d9c7e2759	082159-4c6d9c7e2759	082159.pdf	Burmese/Burma JBRS/JBRS Originals/082159.pdf					low	article_pages_only	google_vision	082159-4c6d9c7e2759	metadata_sidecar+page_text+article_text+google_vision_json	data_local/ocr/jbrs/manifest/082159-4c6d9c7e2759.json	ready_for_ocr	needs runtime path cache from build_jbrs_local_manifest.py --root	Matched corpus references elevate OCR priority; the committed plan stores path stubs only.
jbrs-ocr-082160-24d654564d73	082160-24d654564d73	082160.pdf	Burmese/Burma JBRS/JBRS Originals/082160.pdf					low	article_pages_only	google_vision	082160-24d654564d73	metadata_sidecar+page_text+article_text+google_vision_json	data_local/ocr/jbrs/manifest/082160-24d654564d73.json	ready_for_ocr	needs runtime path cache from build_jbrs_local_manifest.py --root	Matched corpus references elevate OCR priority; the committed plan stores path stubs only.
jbrs-ocr-082163-58d17deea586	082163-58d17deea586	082163.pdf	Burmese/Burma JBRS/1918/082163.pdf					low	article_pages_only	google_vision	082163-58d17deea586	metadata_sidecar+page_text+article_text+google_vision_json	data_local/ocr/jbrs/manifest/082163-58d17deea586.json	ready_for_ocr	needs runtime path cache from build_jbrs_local_manifest.py --root	Matched corpus references elevate OCR priority; the committed plan stores path stubs only.
jbrs-ocr-082164-16588293f2a3	082164-16588293f2a3	082164.pdf	Burmese/Burma JBRS/JBRS Originals/082164.pdf					low	article_pages_only	google_vision	082164-16588293f2a3	metadata_sidecar+page_text+article_text+google_vision_json	data_local/ocr/jbrs/manifest/082164-16588293f2a3.json	ready_for_ocr	needs runtime path cache from build_jbrs_local_manifest.py --root	Matched corpus references elevate OCR priority; the committed plan stores path stubs only.
jbrs-ocr-082166-b63929ac4fbf	082166-b63929ac4fbf	082166.pdf	Burmese/Burma JBRS/1918/082166.pdf					low	article_pages_only	google_vision	082166-b63929ac4fbf	metadata_sidecar+page_text+article_text+google_vision_json	data_local/ocr/jbrs/manifest/082166-b63929ac4fbf.json	ready_for_ocr	needs runtime path cache from build_jbrs_local_manifest.py --root	Matched corpus references elevate OCR priority; the committed plan stores path stubs only.
jbrs-ocr-082171-f3ef8090599c	082171-f3ef8090599c	082171.pdf	Burmese/Burma JBRS/JBRS Originals/082171.pdf					low	article_pages_only	google_vision	082171-f3ef8090599c	metadata_sidecar+page_text+article_text+google_vision_json	data_local/ocr/jbrs/manifest/082171-f3ef8090599c.json	ready_for_ocr	needs runtime path cache from build_jbrs_local_manifest.py --root	Matched corpus references elevate OCR priority; the committed plan stores path stubs only.
jbrs-ocr-082172-b54f0376a780	082172-b54f0376a780	082172.pdf	Burmese/Burma JBRS/1918/082172.pdf					low	article_pages_only	google_vision	082172-b54f0376a780	metadata_sidecar+page_text+article_text+google_vision_json	data_local/ocr/jbrs/manifest/082172-b54f0376a780.json	ready_for_ocr	needs runtime path cache from build_jbrs_local_manifest.py --root	Matched corpus references elevate OCR priority; the committed plan stores path stubs only.
jbrs-ocr-082176-f85b36e6bdb0	082176-f85b36e6bdb0	082176.pdf	Burmese/Burma JBRS/JBRS Originals/082176.pdf					low	article_pages_only	google_vision	082176-f85b36e6bdb0	metadata_sidecar+page_text+article_text+google_vision_json	data_local/ocr/jbrs/manifest/082176-f85b36e6bdb0.json	ready_for_ocr	needs runtime path cache from build_jbrs_local_manifest.py --root	Matched corpus references elevate OCR priority; the committed plan stores path stubs only.
jbrs-ocr-082179-088166f4d7ec	082179-088166f4d7ec	082179.pdf	Burmese/Burma JBRS/JBRS Originals/082179.pdf					low	article_pages_only	google_vision	082179-088166f4d7ec	metadata_sidecar+page_text+article_text+google_vision_json	data_local/ocr/jbrs/manifest/082179-088166f4d7ec.json	ready_for_ocr	needs runtime path cache from build_jbrs_local_manifest.py --root	Matched corpus references elevate OCR priority; the committed plan stores path stubs only.
jbrs-ocr-082180-95cda4cc1bde	082180-95cda4cc1bde	082180.pdf	Burmese/Burma JBRS/JBRS Originals/082180.pdf					low	article_pages_only	google_vision	082180-95cda4cc1bde	metadata_sidecar+page_text+article_text+google_vision_json	data_local/ocr/jbrs/manifest/082180-95cda4cc1bde.json	ready_for_ocr	needs runtime path cache from build_jbrs_local_manifest.py --root	Matched corpus references elevate OCR priority; the committed plan stores path stubs only.
jbrs-ocr-082181-e0541151cf82	082181-e0541151cf82	082181.pdf	Burmese/Burma JBRS/JBRS Originals/082181.pdf					low	article_pages_only	google_vision	082181-e0541151cf82	metadata_sidecar+page_text+article_text+google_vision_json	data_local/ocr/jbrs/manifest/082181-e0541151cf82.json	ready_for_ocr	needs runtime path cache from build_jbrs_local_manifest.py --root	Matched corpus references elevate OCR priority; the committed plan stores path stubs only.
jbrs-ocr-083189-39dbcb3e5f02	083189-39dbcb3e5f02	083189.pdf	Burmese/Burma JBRS/JBRS Originals/083189.pdf					low	article_pages_only	google_vision	083189-39dbcb3e5f02	metadata_sidecar+page_text+article_text+google_vision_json	data_local/ocr/jbrs/manifest/083189-39dbcb3e5f02.json	ready_for_ocr	needs runtime path cache from build_jbrs_local_manifest.py --root	Matched corpus references elevate OCR priority; the committed plan stores path stubs only.
jbrs-ocr-083199-febe4428d75a	083199-febe4428d75a	083199.pdf	Burmese/Burma JBRS/JBRS Originals/083199.pdf					low	article_pages_only	google_vision	083199-febe4428d75a	metadata_sidecar+page_text+article_text+google_vision_json	data_local/ocr/jbrs/manifest/083199-febe4428d75a.json	ready_for_ocr	needs runtime path cache from build_jbrs_local_manifest.py --root	Matched corpus references elevate OCR priority; the committed plan stores path stubs only.
jbrs-ocr-083213-3a74624c6852	083213-3a74624c6852	083213.pdf	Burmese/Burma JBRS/JBRS Originals/083213.pdf					low	article_pages_only	google_vision	083213-3a74624c6852	metadata_sidecar+page_text+article_text+google_vision_json	data_local/ocr/jbrs/manifest/083213-3a74624c6852.json	ready_for_ocr	needs runtime path cache from build_jbrs_local_manifest.py --root	Matched corpus references elevate OCR priority; the committed plan stores path stubs only.
jbrs-ocr-083223-771270f06c0d	083223-771270f06c0d	083223.pdf	Burmese/Burma JBRS/JBRS Originals/083223.pdf					low	article_pages_only	google_vision	083223-771270f06c0d	metadata_sidecar+page_text+article_text+google_vision_json	data_local/ocr/jbrs/manifest/083223-771270f06c0d.json	ready_for_ocr	needs runtime path cache from build_jbrs_local_manifest.py --root	Matched corpus references elevate OCR priority; the committed plan stores path stubs only.
jbrs-ocr-083233-7e7fd2110d52	083233-7e7fd2110d52	083233.pdf	Burmese/Burma JBRS/1918/083233.pdf					low	article_pages_only	google_vision	083233-7e7fd2110d52	metadata_sidecar+page_text+article_text+google_vision_json	data_local/ocr/jbrs/manifest/083233-7e7fd2110d52.json	ready_for_ocr	needs runtime path cache from build_jbrs_local_manifest.py --root	Matched corpus references elevate OCR priority; the committed plan stores path stubs only.
jbrs-ocr-083255-31a19239f3a0	083255-31a19239f3a0	083255.pdf	Burmese/Burma JBRS/1918/083255.pdf					low	article_pages_only	google_vision	083255-31a19239f3a0	metadata_sidecar+page_text+article_text+google_vision_json	data_local/ocr/jbrs/manifest/083255-31a19239f3a0.json	ready_for_ocr	needs runtime path cache from build_jbrs_local_manifest.py --root	Matched corpus references elevate OCR priority; the committed plan stores path stubs only.
jbrs-ocr-083263-0c05f7125d52	083263-0c05f7125d52	083263.pdf	Burmese/Burma JBRS/JBRS Originals/083263.pdf					low	article_pages_only	google_vision	083263-0c05f7125d52	metadata_sidecar+page_text+article_text+google_vision_json	data_local/ocr/jbrs/manifest/083263-0c05f7125d52.json	ready_for_ocr	needs runtime path cache from build_jbrs_local_manifest.py --root	Matched corpus references elevate OCR priority; the committed plan stores path stubs only.
jbrs-ocr-083270-14b73ca14a1a	083270-14b73ca14a1a	083270.pdf	Burmese/Burma JBRS/1918/083270.pdf					low	article_pages_only	google_vision	083270-14b73ca14a1a	metadata_sidecar+page_text+article_text+google_vision_json	data_local/ocr/jbrs/manifest/083270-14b73ca14a1a.json	ready_for_ocr	needs runtime path cache from build_jbrs_local_manifest.py --root	Matched corpus references elevate OCR priority; the committed plan stores path stubs only.
jbrs-ocr-083275-80515cf11687	083275-80515cf11687	083275.pdf	Burmese/Burma JBRS/JBRS Originals/083275.pdf					low	article_pages_only	google_vision	083275-80515cf11687	metadata_sidecar+page_text+article_text+google_vision_json	data_local/ocr/jbrs/manifest/083275-80515cf11687.json	ready_for_ocr	needs runtime path cache from build_jbrs_local_manifest.py --root	Matched corpus references elevate OCR priority; the committed plan stores path stubs only.
jbrs-ocr-083285-ccbafde46147	083285-ccbafde46147	083285.pdf	Burmese/Burma JBRS/1918/083285.pdf					low	article_pages_only	google_vision	083285-ccbafde46147	metadata_sidecar+page_text+article_text+google_vision_json	data_local/ocr/jbrs/manifest/083285-ccbafde46147.json	ready_for_ocr	needs runtime path cache from build_jbrs_local_manifest.py --root	Matched corpus references elevate OCR priority; the committed plan stores path stubs only.
jbrs-ocr-083286-b30f197ec593	083286-b30f197ec593	083286.pdf	Burmese/Burma JBRS/JBRS Originals/083286.pdf					low	article_pages_only	google_vision	083286-b30f197ec593	metadata_sidecar+page_text+article_text+google_vision_json	data_local/ocr/jbrs/manifest/083286-b30f197ec593.json	ready_for_ocr	needs runtime path cache from build_jbrs_local_manifest.py --root	Matched corpus references elevate OCR priority; the committed plan stores path stubs only.
jbrs-ocr-083286a-ad970aff069e	083286a-ad970aff069e	083286A.pdf	Burmese/Burma JBRS/JBRS Originals/083286A.pdf					low	article_pages_only	google_vision	083286a-ad970aff069e	metadata_sidecar+page_text+article_text+google_vision_json	data_local/ocr/jbrs/manifest/083286a-ad970aff069e.json	ready_for_ocr	needs runtime path cache from build_jbrs_local_manifest.py --root	Matched corpus references elevate OCR priority; the committed plan stores path stubs only.
jbrs-ocr-091001-8b7c4f87a226	091001-8b7c4f87a226	091001.pdf	Burmese/Burma JBRS/JBRS Originals/091001.pdf					low	article_pages_only	google_vision	091001-8b7c4f87a226	metadata_sidecar+page_text+article_text+google_vision_json	data_local/ocr/jbrs/manifest/091001-8b7c4f87a226.json	ready_for_ocr	needs runtime path cache from build_jbrs_local_manifest.py --root	Matched corpus references elevate OCR priority; the committed plan stores path stubs only.
jbrs-ocr-091015-ae3e130fe3bd	091015-ae3e130fe3bd	091015.pdf	Burmese/Burma JBRS/1919/091015.pdf					low	article_pages_only	google_vision	091015-ae3e130fe3bd	metadata_sidecar+page_text+article_text+google_vision_json	data_local/ocr/jbrs/manifest/091015-ae3e130fe3bd.json	ready_for_ocr	needs runtime path cache from build_jbrs_local_manifest.py --root	Matched corpus references elevate OCR priority; the committed plan stores path stubs only.
jbrs-ocr-091027-70ec99988610	091027-70ec99988610	091027.pdf	Burmese/Burma JBRS/JBRS Originals/091027.pdf					low	article_pages_only	google_vision	091027-70ec99988610	metadata_sidecar+page_text+article_text+google_vision_json	data_local/ocr/jbrs/manifest/091027-70ec99988610.json	ready_for_ocr	needs runtime path cache from build_jbrs_local_manifest.py --root	Matched corpus references elevate OCR priority; the committed plan stores path stubs only.
jbrs-ocr-091033-18ba039b48d4	091033-18ba039b48d4	091033.pdf	Burmese/Burma JBRS/JBRS Originals/091033.pdf					low	article_pages_only	google_vision	091033-18ba039b48d4	metadata_sidecar+page_text+article_text+google_vision_json	data_local/ocr/jbrs/manifest/091033-18ba039b48d4.json	ready_for_ocr	needs runtime path cache from build_jbrs_local_manifest.py --root	Matched corpus references elevate OCR priority; the committed plan stores path stubs only.
jbrs-ocr-091052-cee9cc0ef91d	091052-cee9cc0ef91d	091052.pdf	Burmese/Burma JBRS/JBRS Originals/091052.pdf					low	article_pages_only	google_vision	091052-cee9cc0ef91d	metadata_sidecar+page_text+article_text+google_vision_json	data_local/ocr/jbrs/manifest/091052-cee9cc0ef91d.json	ready_for_ocr	needs runtime path cache from build_jbrs_local_manifest.py --root	Matched corpus references elevate OCR priority; the committed plan stores path stubs only.
jbrs-ocr-091053-5acfb4f31690	091053-5acfb4f31690	091053.pdf	Burmese/Burma JBRS/JBRS Originals/091053.pdf					low	article_pages_only	google_vision	091053-5acfb4f31690	metadata_sidecar+page_text+article_text+google_vision_json	data_local/ocr/jbrs/manifest/091053-5acfb4f31690.json	ready_for_ocr	needs runtime path cache from build_jbrs_local_manifest.py --root	Matched corpus references elevate OCR priority; the committed plan stores path stubs only.
jbrs-ocr-091056-1d0466a11745	091056-1d0466a11745	091056.pdf	Burmese/Burma JBRS/JBRS Originals/091056.pdf					low	article_pages_only	google_vision	091056-1d0466a11745	metadata_sidecar+page_text+article_text+google_vision_json	data_local/ocr/jbrs/manifest/091056-1d0466a11745.json	ready_for_ocr	needs runtime path cache from build_jbrs_local_manifest.py --root	Matched corpus references elevate OCR priority; the committed plan stores path stubs only.
jbrs-ocr-092063-c96b46ac9386	092063-c96b46ac9386	092063.pdf	Burmese/Burma JBRS/JBRS Originals/092063.pdf					low	article_pages_only	google_vision	092063-c96b46ac9386	metadata_sidecar+page_text+article_text+google_vision_json	data_local/ocr/jbrs/manifest/092063-c96b46ac9386.json	ready_for_ocr	needs runtime path cache from build_jbrs_local_manifest.py --root	Matched corpus references elevate OCR priority; the committed plan stores path stubs only.
jbrs-ocr-092083-515729f009e7	092083-515729f009e7	092083.pdf	Burmese/Burma JBRS/1919/092083.pdf					low	article_pages_only	google_vision	092083-515729f009e7	metadata_sidecar+page_text+article_text+google_vision_json	data_local/ocr/jbrs/manifest/092083-515729f009e7.json	ready_for_ocr	needs runtime path cache from build_jbrs_local_manifest.py --root	Matched corpus references elevate OCR priority; the committed plan stores path stubs only.
jbrs-ocr-092097-c6d60e6c0d72	092097-c6d60e6c0d72	092097.pdf	Burmese/Burma JBRS/JBRS Originals/092097.pdf					low	article_pages_only	google_vision	092097-c6d60e6c0d72	metadata_sidecar+page_text+article_text+google_vision_json	data_local/ocr/jbrs/manifest/092097-c6d60e6c0d72.json	ready_for_ocr	needs runtime path cache from build_jbrs_local_manifest.py --root	Matched corpus references elevate OCR priority; the committed plan stores path stubs only.
jbrs-ocr-092103-69d825d7d9b8	092103-69d825d7d9b8	092103.pdf	Burmese/Burma JBRS/1919/092103.pdf					low	article_pages_only	google_vision	092103-69d825d7d9b8	metadata_sidecar+page_text+article_text+google_vision_json	data_local/ocr/jbrs/manifest/092103-69d825d7d9b8.json	ready_for_ocr	needs runtime path cache from build_jbrs_local_manifest.py --root	Matched corpus references elevate OCR priority; the committed plan stores path stubs only.
jbrs-ocr-092109-669f6576a8d2	092109-669f6576a8d2	092109.pdf	Burmese/Burma JBRS/JBRS Originals/092109.pdf					low	article_pages_only	google_vision	092109-669f6576a8d2	metadata_sidecar+page_text+article_text+google_vision_json	data_local/ocr/jbrs/manifest/092109-669f6576a8d2.json	ready_for_ocr	needs runtime path cache from build_jbrs_local_manifest.py --root	Matched corpus references elevate OCR priority; the committed plan stores path stubs only.
jbrs-ocr-092111-2b4a82b8879a	092111-2b4a82b8879a	092111.pdf	Burmese/Burma JBRS/1919/092111.pdf					low	article_pages_only	google_vision	092111-2b4a82b8879a	metadata_sidecar+page_text+article_text+google_vision_json	data_local/ocr/jbrs/manifest/092111-2b4a82b8879a.json	ready_for_ocr	needs runtime path cache from build_jbrs_local_manifest.py --root	Matched corpus references elevate OCR priority; the committed plan stores path stubs only.
jbrs-ocr-092112-182feecff36d	092112-182feecff36d	092112.pdf	Burmese/Burma JBRS/JBRS Originals/092112.pdf					low	article_pages_only	google_vision	092112-182feecff36d	metadata_sidecar+page_text+article_text+google_vision_json	data_local/ocr/jbrs/manifest/092112-182feecff36d.json	ready_for_ocr	needs runtime path cache from build_jbrs_local_manifest.py --root	Matched corpus references elevate OCR priority; the committed plan stores path stubs only.
jbrs-ocr-092112a-b863099bdb24	092112a-b863099bdb24	092112A.pdf	Burmese/Burma JBRS/JBRS Originals/092112A.pdf					low	article_pages_only	google_vision	092112a-b863099bdb24	metadata_sidecar+page_text+article_text+google_vision_json	data_local/ocr/jbrs/manifest/092112a-b863099bdb24.json	ready_for_ocr	needs runtime path cache from build_jbrs_local_manifest.py --root	Matched corpus references elevate OCR priority; the committed plan stores path stubs only.
jbrs-ocr-093117-88ed6b0e9156	093117-88ed6b0e9156	093117.pdf	Burmese/Burma JBRS/1919/093117.pdf					low	article_pages_only	google_vision	093117-88ed6b0e9156	metadata_sidecar+page_text+article_text+google_vision_json	data_local/ocr/jbrs/manifest/093117-88ed6b0e9156.json	ready_for_ocr	needs runtime path cache from build_jbrs_local_manifest.py --root	Matched corpus references elevate OCR priority; the committed plan stores path stubs only.
jbrs-ocr-093125-1af51c958314	093125-1af51c958314	093125.pdf	Burmese/Burma JBRS/1919/093125.pdf					low	article_pages_only	google_vision	093125-1af51c958314	metadata_sidecar+page_text+article_text+google_vision_json	data_local/ocr/jbrs/manifest/093125-1af51c958314.json	ready_for_ocr	needs runtime path cache from build_jbrs_local_manifest.py --root	Matched corpus references elevate OCR priority; the committed plan stores path stubs only.
jbrs-ocr-093129-c0da47fb3193	093129-c0da47fb3193	093129.pdf	Burmese/Burma JBRS/1919/093129.pdf					low	article_pages_only	google_vision	093129-c0da47fb3193	metadata_sidecar+page_text+article_text+google_vision_json	data_local/ocr/jbrs/manifest/093129-c0da47fb3193.json	ready_for_ocr	needs runtime path cache from build_jbrs_local_manifest.py --root	Matched corpus references elevate OCR priority; the committed plan stores path stubs only.
jbrs-ocr-093145-7f45fe275a84	093145-7f45fe275a84	093145.pdf	Burmese/Burma JBRS/1919/093145.pdf					low	article_pages_only	google_vision	093145-7f45fe275a84	metadata_sidecar+page_text+article_text+google_vision_json	data_local/ocr/jbrs/manifest/093145-7f45fe275a84.json	ready_for_ocr	needs runtime path cache from build_jbrs_local_manifest.py --root	Matched corpus references elevate OCR priority; the committed plan stores path stubs only.
jbrs-ocr-093151-ab14c103ce2d	093151-ab14c103ce2d	093151.pdf	Burmese/Burma JBRS/1919/093151.pdf					low	article_pages_only	google_vision	093151-ab14c103ce2d	metadata_sidecar+page_text+article_text+google_vision_json	data_local/ocr/jbrs/manifest/093151-ab14c103ce2d.json	ready_for_ocr	needs runtime path cache from build_jbrs_local_manifest.py --root	Matched corpus references elevate OCR priority; the committed plan stores path stubs only.
jbrs-ocr-093153-6ee598741133	093153-6ee598741133	093153.pdf	Burmese/Burma JBRS/JBRS Originals/093153.pdf					low	article_pages_only	google_vision	093153-6ee598741133	metadata_sidecar+page_text+article_text+google_vision_json	data_local/ocr/jbrs/manifest/093153-6ee598741133.json	ready_for_ocr	needs runtime path cache from build_jbrs_local_manifest.py --root	Matched corpus references elevate OCR priority; the committed plan stores path stubs only.
jbrs-ocr-093155-d9fad16655f0	093155-d9fad16655f0	093155.pdf	Burmese/Burma JBRS/JBRS Originals/093155.pdf					low	article_pages_only	google_vision	093155-d9fad16655f0	metadata_sidecar+page_text+article_text+google_vision_json	data_local/ocr/jbrs/manifest/093155-d9fad16655f0.json	ready_for_ocr	needs runtime path cache from build_jbrs_local_manifest.py --root	Matched corpus references elevate OCR priority; the committed plan stores path stubs only.
jbrs-ocr-093157-216e6c592e8b	093157-216e6c592e8b	093157.pdf	Burmese/Burma JBRS/1919/093157.pdf					low	article_pages_only	google_vision	093157-216e6c592e8b	metadata_sidecar+page_text+article_text+google_vision_json	data_local/ocr/jbrs/manifest/093157-216e6c592e8b.json	ready_for_ocr	needs runtime path cache from build_jbrs_local_manifest.py --root	Matched corpus references elevate OCR priority; the committed plan stores path stubs only.
jbrs-ocr-093158-9c4a29cf3f1f	093158-9c4a29cf3f1f	093158.pdf	Burmese/Burma JBRS/JBRS Originals/093158.pdf					low	article_pages_only	google_vision	093158-9c4a29cf3f1f	metadata_sidecar+page_text+article_text+google_vision_json	data_local/ocr/jbrs/manifest/093158-9c4a29cf3f1f.json	ready_for_ocr	needs runtime path cache from build_jbrs_local_manifest.py --root	Matched corpus references elevate OCR priority; the committed plan stores path stubs only.
jbrs-ocr-093158a-20f435d13d1e	093158a-20f435d13d1e	093158A.pdf	Burmese/Burma JBRS/JBRS Originals/093158A.pdf					low	article_pages_only	google_vision	093158a-20f435d13d1e	metadata_sidecar+page_text+article_text+google_vision_json	data_local/ocr/jbrs/manifest/093158a-20f435d13d1e.json	ready_for_ocr	needs runtime path cache from build_jbrs_local_manifest.py --root	Matched corpus references elevate OCR priority; the committed plan stores path stubs only.
jbrs-ocr-093159-a72d541169ea	093159-a72d541169ea	093159.pdf	Burmese/Burma JBRS/JBRS Originals/093159.pdf					low	article_pages_only	google_vision	093159-a72d541169ea	metadata_sidecar+page_text+article_text+google_vision_json	data_local/ocr/jbrs/manifest/093159-a72d541169ea.json	ready_for_ocr	needs runtime path cache from build_jbrs_local_manifest.py --root	Matched corpus references elevate OCR priority; the committed plan stores path stubs only.
jbrs-ocr-093160-d2723df5d007	093160-d2723df5d007	093160.pdf	Burmese/Burma JBRS/JBRS Originals/093160.pdf					low	article_pages_only	google_vision	093160-d2723df5d007	metadata_sidecar+page_text+article_text+google_vision_json	data_local/ocr/jbrs/manifest/093160-d2723df5d007.json	ready_for_ocr	needs runtime path cache from build_jbrs_local_manifest.py --root	Matched corpus references elevate OCR priority; the committed plan stores path stubs only.
jbrs-ocr-093160a-03b15d20bb7c	093160a-03b15d20bb7c	093160A.pdf	Burmese/Burma JBRS/JBRS Originals/093160A.pdf					low	article_pages_only	google_vision	093160a-03b15d20bb7c	metadata_sidecar+page_text+article_text+google_vision_json	data_local/ocr/jbrs/manifest/093160a-03b15d20bb7c.json	ready_for_ocr	needs runtime path cache from build_jbrs_local_manifest.py --root	Matched corpus references elevate OCR priority; the committed plan stores path stubs only.
jbrs-ocr-101001-e4401f608c69	101001-e4401f608c69	101001.pdf	Burmese/Burma JBRS/JBRS Originals/101001.pdf					low	article_pages_only	google_vision	101001-e4401f608c69	metadata_sidecar+page_text+article_text+google_vision_json	data_local/ocr/jbrs/manifest/101001-e4401f608c69.json	ready_for_ocr	needs runtime path cache from build_jbrs_local_manifest.py --root	Matched corpus references elevate OCR priority; the committed plan stores path stubs only.
jbrs-ocr-101005-5705497b7e5e	101005-5705497b7e5e	101005.pdf	Burmese/Burma JBRS/1920/101005.pdf					low	article_pages_only	google_vision	101005-5705497b7e5e	metadata_sidecar+page_text+article_text+google_vision_json	data_local/ocr/jbrs/manifest/101005-5705497b7e5e.json	ready_for_ocr	needs runtime path cache from build_jbrs_local_manifest.py --root	Matched corpus references elevate OCR priority; the committed plan stores path stubs only.
jbrs-ocr-101013-0a1bd97f3a1f	101013-0a1bd97f3a1f	101013.pdf	Burmese/Burma JBRS/1920/101013.pdf					low	article_pages_only	google_vision	101013-0a1bd97f3a1f	metadata_sidecar+page_text+article_text+google_vision_json	data_local/ocr/jbrs/manifest/101013-0a1bd97f3a1f.json	ready_for_ocr	needs runtime path cache from build_jbrs_local_manifest.py --root	Matched corpus references elevate OCR priority; the committed plan stores path stubs only.
jbrs-ocr-101015-4ba21055b718	101015-4ba21055b718	101015.pdf	Burmese/Burma JBRS/1920/101015.pdf					low	article_pages_only	google_vision	101015-4ba21055b718	metadata_sidecar+page_text+article_text+google_vision_json	data_local/ocr/jbrs/manifest/101015-4ba21055b718.json	ready_for_ocr	needs runtime path cache from build_jbrs_local_manifest.py --root	Matched corpus references elevate OCR priority; the committed plan stores path stubs only.
jbrs-ocr-101020-4d986f9130bc	101020-4d986f9130bc	101020.pdf	Burmese/Burma JBRS/JBRS Originals/101020.pdf					low	article_pages_only	google_vision	101020-4d986f9130bc	metadata_sidecar+page_text+article_text+google_vision_json	data_local/ocr/jbrs/manifest/101020-4d986f9130bc.json	ready_for_ocr	needs runtime path cache from build_jbrs_local_manifest.py --root	Matched corpus references elevate OCR priority; the committed plan stores path stubs only.
jbrs-ocr-101023-6c1a34f41875	101023-6c1a34f41875	101023.pdf	Burmese/Burma JBRS/JBRS Originals/101023.pdf					low	article_pages_only	google_vision	101023-6c1a34f41875	metadata_sidecar+page_text+article_text+google_vision_json	data_local/ocr/jbrs/manifest/101023-6c1a34f41875.json	ready_for_ocr	needs runtime path cache from build_jbrs_local_manifest.py --root	Matched corpus references elevate OCR priority; the committed plan stores path stubs only.
jbrs-ocr-101025-d934584a518c	101025-d934584a518c	101025.pdf	Burmese/Burma JBRS/JBRS Originals/101025.pdf					low	article_pages_only	google_vision	101025-d934584a518c	metadata_sidecar+page_text+article_text+google_vision_json	data_local/ocr/jbrs/manifest/101025-d934584a518c.json	ready_for_ocr	needs runtime path cache from build_jbrs_local_manifest.py --root	Matched corpus references elevate OCR priority; the committed plan stores path stubs only.
jbrs-ocr-101025a-78cecaa84cd7	101025a-78cecaa84cd7	101025A.pdf	Burmese/Burma JBRS/JBRS Originals/101025A.pdf					low	article_pages_only	google_vision	101025a-78cecaa84cd7	metadata_sidecar+page_text+article_text+google_vision_json	data_local/ocr/jbrs/manifest/101025a-78cecaa84cd7.json	ready_for_ocr	needs runtime path cache from build_jbrs_local_manifest.py --root	Matched corpus references elevate OCR priority; the committed plan stores path stubs only.
jbrs-ocr-101025b-6f872395552f	101025b-6f872395552f	101025B.pdf	Burmese/Burma JBRS/JBRS Originals/101025B.pdf					low	article_pages_only	google_vision	101025b-6f872395552f	metadata_sidecar+page_text+article_text+google_vision_json	data_local/ocr/jbrs/manifest/101025b-6f872395552f.json	ready_for_ocr	needs runtime path cache from build_jbrs_local_manifest.py --root	Matched corpus references elevate OCR priority; the committed plan stores path stubs only.
jbrs-ocr-101025c-8b93ac6abb6c	101025c-8b93ac6abb6c	101025C.pdf	Burmese/Burma JBRS/JBRS Originals/101025C.pdf					low	article_pages_only	google_vision	101025c-8b93ac6abb6c	metadata_sidecar+page_text+article_text+google_vision_json	data_local/ocr/jbrs/manifest/101025c-8b93ac6abb6c.json	ready_for_ocr	needs runtime path cache from build_jbrs_local_manifest.py --root	Matched corpus references elevate OCR priority; the committed plan stores path stubs only.
jbrs-ocr-101026-095c3482dca5	101026-095c3482dca5	101026.pdf	Burmese/Burma JBRS/JBRS Originals/101026.pdf					low	article_pages_only	google_vision	101026-095c3482dca5	metadata_sidecar+page_text+article_text+google_vision_json	data_local/ocr/jbrs/manifest/101026-095c3482dca5.json	ready_for_ocr	needs runtime path cache from build_jbrs_local_manifest.py --root	Matched corpus references elevate OCR priority; the committed plan stores path stubs only.
jbrs-ocr-101026a-1f47db0ab6d1	101026a-1f47db0ab6d1	101026A.pdf	Burmese/Burma JBRS/JBRS Originals/101026A.pdf					low	article_pages_only	google_vision	101026a-1f47db0ab6d1	metadata_sidecar+page_text+article_text+google_vision_json	data_local/ocr/jbrs/manifest/101026a-1f47db0ab6d1.json	ready_for_ocr	needs runtime path cache from build_jbrs_local_manifest.py --root	Matched corpus references elevate OCR priority; the committed plan stores path stubs only.
jbrs-ocr-101027-0f228c77b288	101027-0f228c77b288	101027.pdf	Burmese/Burma JBRS/JBRS Originals/101027.pdf					low	article_pages_only	google_vision	101027-0f228c77b288	metadata_sidecar+page_text+article_text+google_vision_json	data_local/ocr/jbrs/manifest/101027-0f228c77b288.json	ready_for_ocr	needs runtime path cache from build_jbrs_local_manifest.py --root	Matched corpus references elevate OCR priority; the committed plan stores path stubs only.
jbrs-ocr-101028-2803d7130503	101028-2803d7130503	101028.pdf	Burmese/Burma JBRS/JBRS Originals/101028.pdf					low	article_pages_only	google_vision	101028-2803d7130503	metadata_sidecar+page_text+article_text+google_vision_json	data_local/ocr/jbrs/manifest/101028-2803d7130503.json	ready_for_ocr	needs runtime path cache from build_jbrs_local_manifest.py --root	Matched corpus references elevate OCR priority; the committed plan stores path stubs only.
jbrs-ocr-102041-fbc91ac44386	102041-fbc91ac44386	102041.pdf	Burmese/Burma JBRS/JBRS Originals/102041.pdf					low	article_pages_only	google_vision	102041-fbc91ac44386	metadata_sidecar+page_text+article_text+google_vision_json	data_local/ocr/jbrs/manifest/102041-fbc91ac44386.json	ready_for_ocr	needs runtime path cache from build_jbrs_local_manifest.py --root	Matched corpus references elevate OCR priority; the committed plan stores path stubs only.
jbrs-ocr-102049-bb70d30ebeab	102049-bb70d30ebeab	102049.pdf	Burmese/Burma JBRS/JBRS Originals/102049.pdf					low	article_pages_only	google_vision	102049-bb70d30ebeab	metadata_sidecar+page_text+article_text+google_vision_json	data_local/ocr/jbrs/manifest/102049-bb70d30ebeab.json	ready_for_ocr	needs runtime path cache from build_jbrs_local_manifest.py --root	Matched corpus references elevate OCR priority; the committed plan stores path stubs only.
jbrs-ocr-102061-6f6157af27aa	102061-6f6157af27aa	102061.pdf	Burmese/Burma JBRS/JBRS Originals/102061.pdf					low	article_pages_only	google_vision	102061-6f6157af27aa	metadata_sidecar+page_text+article_text+google_vision_json	data_local/ocr/jbrs/manifest/102061-6f6157af27aa.json	ready_for_ocr	needs runtime path cache from build_jbrs_local_manifest.py --root	Matched corpus references elevate OCR priority; the committed plan stores path stubs only.
jbrs-ocr-102062-d9541cadfec2	102062-d9541cadfec2	102062.pdf	Burmese/Burma JBRS/JBRS Originals/102062.pdf					low	article_pages_only	google_vision	102062-d9541cadfec2	metadata_sidecar+page_text+article_text+google_vision_json	data_local/ocr/jbrs/manifest/102062-d9541cadfec2.json	ready_for_ocr	needs runtime path cache from build_jbrs_local_manifest.py --root	Matched corpus references elevate OCR priority; the committed plan stores path stubs only.
jbrs-ocr-102065-86f12dd10c1f	102065-86f12dd10c1f	102065.pdf	Burmese/Burma JBRS/JBRS Originals/102065.pdf					low	article_pages_only	google_vision	102065-86f12dd10c1f	metadata_sidecar+page_text+article_text+google_vision_json	data_local/ocr/jbrs/manifest/102065-86f12dd10c1f.json	ready_for_ocr	needs runtime path cache from build_jbrs_local_manifest.py --root	Matched corpus references elevate OCR priority; the committed plan stores path stubs only.
jbrs-ocr-102067-d0831096fea3	102067-d0831096fea3	102067.pdf	Burmese/Burma JBRS/JBRS Originals/102067.pdf					low	article_pages_only	google_vision	102067-d0831096fea3	metadata_sidecar+page_text+article_text+google_vision_json	data_local/ocr/jbrs/manifest/102067-d0831096fea3.json	ready_for_ocr	needs runtime path cache from build_jbrs_local_manifest.py --root	Matched corpus references elevate OCR priority; the committed plan stores path stubs only.
jbrs-ocr-102075-7598b6c787c9	102075-7598b6c787c9	102075.pdf	Burmese/Burma JBRS/1920/102075.pdf					low	article_pages_only	google_vision	102075-7598b6c787c9	metadata_sidecar+page_text+article_text+google_vision_json	data_local/ocr/jbrs/manifest/102075-7598b6c787c9.json	ready_for_ocr	needs runtime path cache from build_jbrs_local_manifest.py --root	Matched corpus references elevate OCR priority; the committed plan stores path stubs only.
jbrs-ocr-102077-d23a4b358510	102077-d23a4b358510	102077.pdf	Burmese/Burma JBRS/JBRS Originals/102077.pdf					low	article_pages_only	google_vision	102077-d23a4b358510	metadata_sidecar+page_text+article_text+google_vision_json	data_local/ocr/jbrs/manifest/102077-d23a4b358510.json	ready_for_ocr	needs runtime path cache from build_jbrs_local_manifest.py --root	Matched corpus references elevate OCR priority; the committed plan stores path stubs only.
jbrs-ocr-102079-054596fbd560	102079-054596fbd560	102079.pdf	Burmese/Burma JBRS/JBRS Originals/102079.pdf					low	article_pages_only	google_vision	102079-054596fbd560	metadata_sidecar+page_text+article_text+google_vision_json	data_local/ocr/jbrs/manifest/102079-054596fbd560.json	ready_for_ocr	needs runtime path cache from build_jbrs_local_manifest.py --root	Matched corpus references elevate OCR priority; the committed plan stores path stubs only.
jbrs-ocr-102081-e694a37d2303	102081-e694a37d2303	102081.pdf	Burmese/Burma JBRS/JBRS Originals/102081.pdf					low	article_pages_only	google_vision	102081-e694a37d2303	metadata_sidecar+page_text+article_text+google_vision_json	data_local/ocr/jbrs/manifest/102081-e694a37d2303.json	ready_for_ocr	needs runtime path cache from build_jbrs_local_manifest.py --root	Matched corpus references elevate OCR priority; the committed plan stores path stubs only.
jbrs-ocr-102082-ffc035238642	102082-ffc035238642	102082.pdf	Burmese/Burma JBRS/JBRS Originals/102082.pdf					low	article_pages_only	google_vision	102082-ffc035238642	metadata_sidecar+page_text+article_text+google_vision_json	data_local/ocr/jbrs/manifest/102082-ffc035238642.json	ready_for_ocr	needs runtime path cache from build_jbrs_local_manifest.py --root	Matched corpus references elevate OCR priority; the committed plan stores path stubs only.
jbrs-ocr-103088-b644b0c7440f	103088-b644b0c7440f	103088.pdf	Burmese/Burma JBRS/JBRS Originals/103088.pdf					low	article_pages_only	google_vision	103088-b644b0c7440f	metadata_sidecar+page_text+article_text+google_vision_json	data_local/ocr/jbrs/manifest/103088-b644b0c7440f.json	ready_for_ocr	needs runtime path cache from build_jbrs_local_manifest.py --root	Matched corpus references elevate OCR priority; the committed plan stores path stubs only.
jbrs-ocr-103093-5d57c0642dcf	103093-5d57c0642dcf	103093.pdf	Burmese/Burma JBRS/JBRS Originals/103093.pdf					low	article_pages_only	google_vision	103093-5d57c0642dcf	metadata_sidecar+page_text+article_text+google_vision_json	data_local/ocr/jbrs/manifest/103093-5d57c0642dcf.json	ready_for_ocr	needs runtime path cache from build_jbrs_local_manifest.py --root	Matched corpus references elevate OCR priority; the committed plan stores path stubs only.
jbrs-ocr-103104-986a130a4918	103104-986a130a4918	103104.pdf	Burmese/Burma JBRS/JBRS Originals/103104.pdf					low	article_pages_only	google_vision	103104-986a130a4918	metadata_sidecar+page_text+article_text+google_vision_json	data_local/ocr/jbrs/manifest/103104-986a130a4918.json	ready_for_ocr	needs runtime path cache from build_jbrs_local_manifest.py --root	Matched corpus references elevate OCR priority; the committed plan stores path stubs only.
jbrs-ocr-103107-e6eb19e2484f	103107-e6eb19e2484f	103107.pdf	Burmese/Burma JBRS/JBRS Originals/103107.pdf					low	article_pages_only	google_vision	103107-e6eb19e2484f	metadata_sidecar+page_text+article_text+google_vision_json	data_local/ocr/jbrs/manifest/103107-e6eb19e2484f.json	ready_for_ocr	needs runtime path cache from build_jbrs_local_manifest.py --root	Matched corpus references elevate OCR priority; the committed plan stores path stubs only.
jbrs-ocr-103112-9676ec52bdb4	103112-9676ec52bdb4	103112.pdf	Burmese/Burma JBRS/JBRS Originals/103112.pdf					low	article_pages_only	google_vision	103112-9676ec52bdb4	metadata_sidecar+page_text+article_text+google_vision_json	data_local/ocr/jbrs/manifest/103112-9676ec52bdb4.json	ready_for_ocr	needs runtime path cache from build_jbrs_local_manifest.py --root	Matched corpus references elevate OCR priority; the committed plan stores path stubs only.
jbrs-ocr-103116-9201efd8430d	103116-9201efd8430d	103116.pdf	Burmese/Burma JBRS/JBRS Originals/103116.pdf					low	article_pages_only	google_vision	103116-9201efd8430d	metadata_sidecar+page_text+article_text+google_vision_json	data_local/ocr/jbrs/manifest/103116-9201efd8430d.json	ready_for_ocr	needs runtime path cache from build_jbrs_local_manifest.py --root	Matched corpus references elevate OCR priority; the committed plan stores path stubs only.
jbrs-ocr-103119-d0848adb6ca3	103119-d0848adb6ca3	103119.pdf	Burmese/Burma JBRS/JBRS Originals/103119.pdf					low	article_pages_only	google_vision	103119-d0848adb6ca3	metadata_sidecar+page_text+article_text+google_vision_json	data_local/ocr/jbrs/manifest/103119-d0848adb6ca3.json	ready_for_ocr	needs runtime path cache from build_jbrs_local_manifest.py --root	Matched corpus references elevate OCR priority; the committed plan stores path stubs only.
jbrs-ocr-103120-c0ca33f0f591	103120-c0ca33f0f591	103120.pdf	Burmese/Burma JBRS/JBRS Originals/103120.pdf					low	article_pages_only	google_vision	103120-c0ca33f0f591	metadata_sidecar+page_text+article_text+google_vision_json	data_local/ocr/jbrs/manifest/103120-c0ca33f0f591.json	ready_for_ocr	needs runtime path cache from build_jbrs_local_manifest.py --root	Matched corpus references elevate OCR priority; the committed plan stores path stubs only.
jbrs-ocr-103137-4942df9ef891	103137-4942df9ef891	103137.pdf	Burmese/Burma JBRS/JBRS Originals/103137.pdf					low	article_pages_only	google_vision	103137-4942df9ef891	metadata_sidecar+page_text+article_text+google_vision_json	data_local/ocr/jbrs/manifest/103137-4942df9ef891.json	ready_for_ocr	needs runtime path cache from build_jbrs_local_manifest.py --root	Matched corpus references elevate OCR priority; the committed plan stores path stubs only.
jbrs-ocr-103155-2f6dc2340fc8	103155-2f6dc2340fc8	103155.pdf	Burmese/Burma JBRS/JBRS Originals/103155.pdf					low	article_pages_only	google_vision	103155-2f6dc2340fc8	metadata_sidecar+page_text+article_text+google_vision_json	data_local/ocr/jbrs/manifest/103155-2f6dc2340fc8.json	ready_for_ocr	needs runtime path cache from build_jbrs_local_manifest.py --root	Matched corpus references elevate OCR priority; the committed plan stores path stubs only.
jbrs-ocr-103158-f8313cbecb92	103158-f8313cbecb92	103158.pdf	Burmese/Burma JBRS/JBRS Originals/103158.pdf					low	article_pages_only	google_vision	103158-f8313cbecb92	metadata_sidecar+page_text+article_text+google_vision_json	data_local/ocr/jbrs/manifest/103158-f8313cbecb92.json	ready_for_ocr	needs runtime path cache from build_jbrs_local_manifest.py --root	Matched corpus references elevate OCR priority; the committed plan stores path stubs only.
jbrs-ocr-103160-f63f60e477a8	103160-f63f60e477a8	103160.pdf	Burmese/Burma JBRS/JBRS Originals/103160.pdf					low	article_pages_only	google_vision	103160-f63f60e477a8	metadata_sidecar+page_text+article_text+google_vision_json	data_local/ocr/jbrs/manifest/103160-f63f60e477a8.json	ready_for_ocr	needs runtime path cache from build_jbrs_local_manifest.py --root	Matched corpus references elevate OCR priority; the committed plan stores path stubs only.
jbrs-ocr-103160a-7e2f799ed8c5	103160a-7e2f799ed8c5	103160A.pdf	Burmese/Burma JBRS/JBRS Originals/103160A.pdf					low	article_pages_only	google_vision	103160a-7e2f799ed8c5	metadata_sidecar+page_text+article_text+google_vision_json	data_local/ocr/jbrs/manifest/103160a-7e2f799ed8c5.json	ready_for_ocr	needs runtime path cache from build_jbrs_local_manifest.py --root	Matched corpus references elevate OCR priority; the committed plan stores path stubs only.
jbrs-ocr-103160b-7600f81ca27c	103160b-7600f81ca27c	103160B.pdf	Burmese/Burma JBRS/JBRS Originals/103160B.pdf					low	article_pages_only	google_vision	103160b-7600f81ca27c	metadata_sidecar+page_text+article_text+google_vision_json	data_local/ocr/jbrs/manifest/103160b-7600f81ca27c.json	ready_for_ocr	needs runtime path cache from build_jbrs_local_manifest.py --root	Matched corpus references elevate OCR priority; the committed plan stores path stubs only.
jbrs-ocr-103161-3155dc182173	103161-3155dc182173	103161.pdf	Burmese/Burma JBRS/JBRS Originals/103161.pdf					low	article_pages_only	google_vision	103161-3155dc182173	metadata_sidecar+page_text+article_text+google_vision_json	data_local/ocr/jbrs/manifest/103161-3155dc182173.json	ready_for_ocr	needs runtime path cache from build_jbrs_local_manifest.py --root	Matched corpus references elevate OCR priority; the committed plan stores path stubs only.
jbrs-ocr-103163-2e37ac7b2a0e	103163-2e37ac7b2a0e	103163.pdf	Burmese/Burma JBRS/1920/103163.pdf					low	article_pages_only	google_vision	103163-2e37ac7b2a0e	metadata_sidecar+page_text+article_text+google_vision_json	data_local/ocr/jbrs/manifest/103163-2e37ac7b2a0e.json	ready_for_ocr	needs runtime path cache from build_jbrs_local_manifest.py --root	Matched corpus references elevate OCR priority; the committed plan stores path stubs only.
jbrs-ocr-103163a-c614e0e3cdcc	103163a-c614e0e3cdcc	103163A.pdf	Burmese/Burma JBRS/JBRS Originals/103163A.pdf					low	article_pages_only	google_vision	103163a-c614e0e3cdcc	metadata_sidecar+page_text+article_text+google_vision_json	data_local/ocr/jbrs/manifest/103163a-c614e0e3cdcc.json	ready_for_ocr	needs runtime path cache from build_jbrs_local_manifest.py --root	Matched corpus references elevate OCR priority; the committed plan stores path stubs only.
jbrs-ocr-103163b-305263c395fa	103163b-305263c395fa	103163B.pdf	Burmese/Burma JBRS/JBRS Originals/103163B.pdf					low	article_pages_only	google_vision	103163b-305263c395fa	metadata_sidecar+page_text+article_text+google_vision_json	data_local/ocr/jbrs/manifest/103163b-305263c395fa.json	ready_for_ocr	needs runtime path cache from build_jbrs_local_manifest.py --root	Matched corpus references elevate OCR priority; the committed plan stores path stubs only.
jbrs-ocr-111001-76a537aced4b	111001-76a537aced4b	111001.pdf	Burmese/Burma JBRS/JBRS Originals/111001.pdf					low	article_pages_only	google_vision	111001-76a537aced4b	metadata_sidecar+page_text+article_text+google_vision_json	data_local/ocr/jbrs/manifest/111001-76a537aced4b.json	ready_for_ocr	needs runtime path cache from build_jbrs_local_manifest.py --root	Matched corpus references elevate OCR priority; the committed plan stores path stubs only.
jbrs-ocr-111005-0f27f2d332d4	111005-0f27f2d332d4	111005.pdf	Burmese/Burma JBRS/1921/111005.pdf					low	article_pages_only	google_vision	111005-0f27f2d332d4	metadata_sidecar+page_text+article_text+google_vision_json	data_local/ocr/jbrs/manifest/111005-0f27f2d332d4.json	ready_for_ocr	needs runtime path cache from build_jbrs_local_manifest.py --root	Matched corpus references elevate OCR priority; the committed plan stores path stubs only.
jbrs-ocr-111010-bec56d838d30	111010-bec56d838d30	111010.pdf	Burmese/Burma JBRS/JBRS Originals/111010.pdf					low	article_pages_only	google_vision	111010-bec56d838d30	metadata_sidecar+page_text+article_text+google_vision_json	data_local/ocr/jbrs/manifest/111010-bec56d838d30.json	ready_for_ocr	needs runtime path cache from build_jbrs_local_manifest.py --root	Matched corpus references elevate OCR priority; the committed plan stores path stubs only.
jbrs-ocr-111015-3f35a4036cbf	111015-3f35a4036cbf	111015.pdf	Burmese/Burma JBRS/JBRS Originals/111015.pdf					low	article_pages_only	google_vision	111015-3f35a4036cbf	metadata_sidecar+page_text+article_text+google_vision_json	data_local/ocr/jbrs/manifest/111015-3f35a4036cbf.json	ready_for_ocr	needs runtime path cache from build_jbrs_local_manifest.py --root	Matched corpus references elevate OCR priority; the committed plan stores path stubs only.
jbrs-ocr-111019-e4ab09d4ab4c	111019-e4ab09d4ab4c	111019.pdf	Burmese/Burma JBRS/1921/111019.pdf					low	article_pages_only	google_vision	111019-e4ab09d4ab4c	metadata_sidecar+page_text+article_text+google_vision_json	data_local/ocr/jbrs/manifest/111019-e4ab09d4ab4c.json	ready_for_ocr	needs runtime path cache from build_jbrs_local_manifest.py --root	Matched corpus references elevate OCR priority; the committed plan stores path stubs only.
jbrs-ocr-111029-f93adf2c3a6c	111029-f93adf2c3a6c	111029.pdf	Burmese/Burma JBRS/JBRS Originals/111029.pdf					low	article_pages_only	google_vision	111029-f93adf2c3a6c	metadata_sidecar+page_text+article_text+google_vision_json	data_local/ocr/jbrs/manifest/111029-f93adf2c3a6c.json	ready_for_ocr	needs runtime path cache from build_jbrs_local_manifest.py --root	Matched corpus references elevate OCR priority; the committed plan stores path stubs only.
jbrs-ocr-111055-312245ed1803	111055-312245ed1803	111055.pdf	Burmese/Burma JBRS/1921/111055.pdf					low	article_pages_only	google_vision	111055-312245ed1803	metadata_sidecar+page_text+article_text+google_vision_json	data_local/ocr/jbrs/manifest/111055-312245ed1803.json	ready_for_ocr	needs runtime path cache from build_jbrs_local_manifest.py --root	Matched corpus references elevate OCR priority; the committed plan stores path stubs only.
jbrs-ocr-111057-c6b80b55a07f	111057-c6b80b55a07f	111057.pdf	Burmese/Burma JBRS/1921/111057.pdf					low	article_pages_only	google_vision	111057-c6b80b55a07f	metadata_sidecar+page_text+article_text+google_vision_json	data_local/ocr/jbrs/manifest/111057-c6b80b55a07f.json	ready_for_ocr	needs runtime path cache from build_jbrs_local_manifest.py --root	Matched corpus references elevate OCR priority; the committed plan stores path stubs only.
jbrs-ocr-111060-0c2c79c0b2cd	111060-0c2c79c0b2cd	111060.pdf	Burmese/Burma JBRS/1921/111060.pdf					low	article_pages_only	google_vision	111060-0c2c79c0b2cd	metadata_sidecar+page_text+article_text+google_vision_json	data_local/ocr/jbrs/manifest/111060-0c2c79c0b2cd.json	ready_for_ocr	needs runtime path cache from build_jbrs_local_manifest.py --root	Matched corpus references elevate OCR priority; the committed plan stores path stubs only.
jbrs-ocr-112062-387dde8678f6	112062-387dde8678f6	112062.pdf	Burmese/Burma JBRS/JBRS Originals/112062.pdf					low	article_pages_only	google_vision	112062-387dde8678f6	metadata_sidecar+page_text+article_text+google_vision_json	data_local/ocr/jbrs/manifest/112062-387dde8678f6.json	ready_for_ocr	needs runtime path cache from build_jbrs_local_manifest.py --root	Matched corpus references elevate OCR priority; the committed plan stores path stubs only.
jbrs-ocr-112066-42fb2b202614	112066-42fb2b202614	112066.pdf	Burmese/Burma JBRS/JBRS Originals/112066.pdf					low	article_pages_only	google_vision	112066-42fb2b202614	metadata_sidecar+page_text+article_text+google_vision_json	data_local/ocr/jbrs/manifest/112066-42fb2b202614.json	ready_for_ocr	needs runtime path cache from build_jbrs_local_manifest.py --root	Matched corpus references elevate OCR priority; the committed plan stores path stubs only.
jbrs-ocr-112070-f4a5fabc1d1d	112070-f4a5fabc1d1d	112070.pdf	Burmese/Burma JBRS/JBRS Originals/112070.pdf					low	article_pages_only	google_vision	112070-f4a5fabc1d1d	metadata_sidecar+page_text+article_text+google_vision_json	data_local/ocr/jbrs/manifest/112070-f4a5fabc1d1d.json	ready_for_ocr	needs runtime path cache from build_jbrs_local_manifest.py --root	Matched corpus references elevate OCR priority; the committed plan stores path stubs only.
jbrs-ocr-112075-7d5cbd242813	112075-7d5cbd242813	112075.pdf	Burmese/Burma JBRS/JBRS Originals/112075.pdf					low	article_pages_only	google_vision	112075-7d5cbd242813	metadata_sidecar+page_text+article_text+google_vision_json	data_local/ocr/jbrs/manifest/112075-7d5cbd242813.json	ready_for_ocr	needs runtime path cache from build_jbrs_local_manifest.py --root	Matched corpus references elevate OCR priority; the committed plan stores path stubs only.
jbrs-ocr-112089-723cad79b0ec	112089-723cad79b0ec	112089.pdf	Burmese/Burma JBRS/JBRS Originals/112089.pdf					low	article_pages_only	google_vision	112089-723cad79b0ec	metadata_sidecar+page_text+article_text+google_vision_json	data_local/ocr/jbrs/manifest/112089-723cad79b0ec.json	ready_for_ocr	needs runtime path cache from build_jbrs_local_manifest.py --root	Matched corpus references elevate OCR priority; the committed plan stores path stubs only.
jbrs-ocr-112098-5b289b1c35a2	112098-5b289b1c35a2	112098.pdf	Burmese/Burma JBRS/1921/112098.pdf					low	article_pages_only	google_vision	112098-5b289b1c35a2	metadata_sidecar+page_text+article_text+google_vision_json	data_local/ocr/jbrs/manifest/112098-5b289b1c35a2.json	ready_for_ocr	needs runtime path cache from build_jbrs_local_manifest.py --root	Matched corpus references elevate OCR priority; the committed plan stores path stubs only.
jbrs-ocr-113113-4682cff48cb0	113113-4682cff48cb0	113113.pdf	Burmese/Burma JBRS/1921/113113.pdf					low	article_pages_only	google_vision	113113-4682cff48cb0	metadata_sidecar+page_text+article_text+google_vision_json	data_local/ocr/jbrs/manifest/113113-4682cff48cb0.json	ready_for_ocr	needs runtime path cache from build_jbrs_local_manifest.py --root	Matched corpus references elevate OCR priority; the committed plan stores path stubs only.
jbrs-ocr-113119-280ea4bc06eb	113119-280ea4bc06eb	113119.pdf	Burmese/Burma JBRS/1921/113119.pdf					low	article_pages_only	google_vision	113119-280ea4bc06eb	metadata_sidecar+page_text+article_text+google_vision_json	data_local/ocr/jbrs/manifest/113119-280ea4bc06eb.json	ready_for_ocr	needs runtime path cache from build_jbrs_local_manifest.py --root	Matched corpus references elevate OCR priority; the committed plan stores path stubs only.
jbrs-ocr-113123-0208ee213780	113123-0208ee213780	113123.pdf	Burmese/Burma JBRS/1921/113123.pdf					low	article_pages_only	google_vision	113123-0208ee213780	metadata_sidecar+page_text+article_text+google_vision_json	data_local/ocr/jbrs/manifest/113123-0208ee213780.json	ready_for_ocr	needs runtime path cache from build_jbrs_local_manifest.py --root	Matched corpus references elevate OCR priority; the committed plan stores path stubs only.
jbrs-ocr-113153-b5563bf9d546	113153-b5563bf9d546	113153.pdf	Burmese/Burma JBRS/JBRS Originals/113153.pdf					low	article_pages_only	google_vision	113153-b5563bf9d546	metadata_sidecar+page_text+article_text+google_vision_json	data_local/ocr/jbrs/manifest/113153-b5563bf9d546.json	ready_for_ocr	needs runtime path cache from build_jbrs_local_manifest.py --root	Matched corpus references elevate OCR priority; the committed plan stores path stubs only.
jbrs-ocr-113158-ceb624fafd12	113158-ceb624fafd12	113158.pdf	Burmese/Burma JBRS/JBRS Originals/113158.pdf					low	article_pages_only	google_vision	113158-ceb624fafd12	metadata_sidecar+page_text+article_text+google_vision_json	data_local/ocr/jbrs/manifest/113158-ceb624fafd12.json	ready_for_ocr	needs runtime path cache from build_jbrs_local_manifest.py --root	Matched corpus references elevate OCR priority; the committed plan stores path stubs only.
jbrs-ocr-113163-e0f5ee5db6f4	113163-e0f5ee5db6f4	113163.pdf	Burmese/Burma JBRS/JBRS Originals/113163.pdf					low	article_pages_only	google_vision	113163-e0f5ee5db6f4	metadata_sidecar+page_text+article_text+google_vision_json	data_local/ocr/jbrs/manifest/113163-e0f5ee5db6f4.json	ready_for_ocr	needs runtime path cache from build_jbrs_local_manifest.py --root	Matched corpus references elevate OCR priority; the committed plan stores path stubs only.
jbrs-ocr-121001-cc812ff2068d	121001-cc812ff2068d	121001.pdf	Burmese/Burma JBRS/1922/121001.pdf					low	article_pages_only	google_vision	121001-cc812ff2068d	metadata_sidecar+page_text+article_text+google_vision_json	data_local/ocr/jbrs/manifest/121001-cc812ff2068d.json	ready_for_ocr	needs runtime path cache from build_jbrs_local_manifest.py --root	Matched corpus references elevate OCR priority; the committed plan stores path stubs only.
jbrs-ocr-121014-4a903c1edd5b	121014-4a903c1edd5b	121014.pdf	Burmese/Burma JBRS/1922/121014.pdf					low	article_pages_only	google_vision	121014-4a903c1edd5b	metadata_sidecar+page_text+article_text+google_vision_json	data_local/ocr/jbrs/manifest/121014-4a903c1edd5b.json	ready_for_ocr	needs runtime path cache from build_jbrs_local_manifest.py --root	Matched corpus references elevate OCR priority; the committed plan stores path stubs only.
jbrs-ocr-121021-fc22656c1127	121021-fc22656c1127	121021.pdf	Burmese/Burma JBRS/1922/121021.pdf					low	article_pages_only	google_vision	121021-fc22656c1127	metadata_sidecar+page_text+article_text+google_vision_json	data_local/ocr/jbrs/manifest/121021-fc22656c1127.json	ready_for_ocr	needs runtime path cache from build_jbrs_local_manifest.py --root	Matched corpus references elevate OCR priority; the committed plan stores path stubs only.
jbrs-ocr-121024-e763d201cdba	121024-e763d201cdba	121024.pdf	Burmese/Burma JBRS/1922/121024.pdf					low	article_pages_only	google_vision	121024-e763d201cdba	metadata_sidecar+page_text+article_text+google_vision_json	data_local/ocr/jbrs/manifest/121024-e763d201cdba.json	ready_for_ocr	needs runtime path cache from build_jbrs_local_manifest.py --root	Matched corpus references elevate OCR priority; the committed plan stores path stubs only.
jbrs-ocr-121034-b761cf3f22f3	121034-b761cf3f22f3	121034.pdf	Burmese/Burma JBRS/1922/121034.pdf					low	article_pages_only	google_vision	121034-b761cf3f22f3	metadata_sidecar+page_text+article_text+google_vision_json	data_local/ocr/jbrs/manifest/121034-b761cf3f22f3.json	ready_for_ocr	needs runtime path cache from build_jbrs_local_manifest.py --root	Matched corpus references elevate OCR priority; the committed plan stores path stubs only.
jbrs-ocr-121035-6b380ba80269	121035-6b380ba80269	121035.pdf	Burmese/Burma JBRS/1922/121035.pdf					low	article_pages_only	google_vision	121035-6b380ba80269	metadata_sidecar+page_text+article_text+google_vision_json	data_local/ocr/jbrs/manifest/121035-6b380ba80269.json	ready_for_ocr	needs runtime path cache from build_jbrs_local_manifest.py --root	Matched corpus references elevate OCR priority; the committed plan stores path stubs only.
jbrs-ocr-121039-21548f2d8f9e	121039-21548f2d8f9e	121039.pdf	Burmese/Burma JBRS/1922/121039.pdf					low	article_pages_only	google_vision	121039-21548f2d8f9e	metadata_sidecar+page_text+article_text+google_vision_json	data_local/ocr/jbrs/manifest/121039-21548f2d8f9e.json	ready_for_ocr	needs runtime path cache from build_jbrs_local_manifest.py --root	Matched corpus references elevate OCR priority; the committed plan stores path stubs only.
jbrs-ocr-121046-05c291398533	121046-05c291398533	121046.pdf	Burmese/Burma JBRS/1922/121046.pdf					low	article_pages_only	google_vision	121046-05c291398533	metadata_sidecar+page_text+article_text+google_vision_json	data_local/ocr/jbrs/manifest/121046-05c291398533.json	ready_for_ocr	needs runtime path cache from build_jbrs_local_manifest.py --root	Matched corpus references elevate OCR priority; the committed plan stores path stubs only.
jbrs-ocr-121050-0d3dc2980898	121050-0d3dc2980898	121050.pdf	Burmese/Burma JBRS/1922/121050.pdf					low	article_pages_only	google_vision	121050-0d3dc2980898	metadata_sidecar+page_text+article_text+google_vision_json	data_local/ocr/jbrs/manifest/121050-0d3dc2980898.json	ready_for_ocr	needs runtime path cache from build_jbrs_local_manifest.py --root	Matched corpus references elevate OCR priority; the committed plan stores path stubs only.
jbrs-ocr-121055-3ca391fd7884	121055-3ca391fd7884	121055.pdf	Burmese/Burma JBRS/1922/121055.pdf					low	article_pages_only	google_vision	121055-3ca391fd7884	metadata_sidecar+page_text+article_text+google_vision_json	data_local/ocr/jbrs/manifest/121055-3ca391fd7884.json	ready_for_ocr	needs runtime path cache from build_jbrs_local_manifest.py --root	Matched corpus references elevate OCR priority; the committed plan stores path stubs only.
jbrs-ocr-121057-73b183acf19e	121057-73b183acf19e	121057.pdf	Burmese/Burma JBRS/1922/121057.pdf					low	article_pages_only	google_vision	121057-73b183acf19e	metadata_sidecar+page_text+article_text+google_vision_json	data_local/ocr/jbrs/manifest/121057-73b183acf19e.json	ready_for_ocr	needs runtime path cache from build_jbrs_local_manifest.py --root	Matched corpus references elevate OCR priority; the committed plan stores path stubs only.
jbrs-ocr-121058-3474a974db6b	121058-3474a974db6b	121058.pdf	Burmese/Burma JBRS/1922/121058.pdf					low	article_pages_only	google_vision	121058-3474a974db6b	metadata_sidecar+page_text+article_text+google_vision_json	data_local/ocr/jbrs/manifest/121058-3474a974db6b.json	ready_for_ocr	needs runtime path cache from build_jbrs_local_manifest.py --root	Matched corpus references elevate OCR priority; the committed plan stores path stubs only.
jbrs-ocr-121061-932e6ffb8877	121061-932e6ffb8877	121061.pdf	Burmese/Burma JBRS/1922/121061.pdf					low	article_pages_only	google_vision	121061-932e6ffb8877	metadata_sidecar+page_text+article_text+google_vision_json	data_local/ocr/jbrs/manifest/121061-932e6ffb8877.json	ready_for_ocr	needs runtime path cache from build_jbrs_local_manifest.py --root	Matched corpus references elevate OCR priority; the committed plan stores path stubs only.
jbrs-ocr-121062-1f746cab1507	121062-1f746cab1507	121062.pdf	Burmese/Burma JBRS/1922/121062.pdf					low	article_pages_only	google_vision	121062-1f746cab1507	metadata_sidecar+page_text+article_text+google_vision_json	data_local/ocr/jbrs/manifest/121062-1f746cab1507.json	ready_for_ocr	needs runtime path cache from build_jbrs_local_manifest.py --root	Matched corpus references elevate OCR priority; the committed plan stores path stubs only.
jbrs-ocr-121064-7527383b661c	121064-7527383b661c	121064.pdf	Burmese/Burma JBRS/1922/121064.pdf					low	article_pages_only	google_vision	121064-7527383b661c	metadata_sidecar+page_text+article_text+google_vision_json	data_local/ocr/jbrs/manifest/121064-7527383b661c.json	ready_for_ocr	needs runtime path cache from build_jbrs_local_manifest.py --root	Matched corpus references elevate OCR priority; the committed plan stores path stubs only.
jbrs-ocr-121065-64ef499e03f2	121065-64ef499e03f2	121065.pdf	Burmese/Burma JBRS/1922/121065.pdf					low	article_pages_only	google_vision	121065-64ef499e03f2	metadata_sidecar+page_text+article_text+google_vision_json	data_local/ocr/jbrs/manifest/121065-64ef499e03f2.json	ready_for_ocr	needs runtime path cache from build_jbrs_local_manifest.py --root	Matched corpus references elevate OCR priority; the committed plan stores path stubs only.
jbrs-ocr-121065a-c4a59ceda97b	121065a-c4a59ceda97b	121065A.pdf	Burmese/Burma JBRS/1922/121065A.pdf					low	article_pages_only	google_vision	121065a-c4a59ceda97b	metadata_sidecar+page_text+article_text+google_vision_json	data_local/ocr/jbrs/manifest/121065a-c4a59ceda97b.json	ready_for_ocr	needs runtime path cache from build_jbrs_local_manifest.py --root	Matched corpus references elevate OCR priority; the committed plan stores path stubs only.
jbrs-ocr-122069-2eb7ec8c78a1	122069-2eb7ec8c78a1	122069.pdf	Burmese/Burma JBRS/1922/122069.pdf					low	article_pages_only	google_vision	122069-2eb7ec8c78a1	metadata_sidecar+page_text+article_text+google_vision_json	data_local/ocr/jbrs/manifest/122069-2eb7ec8c78a1.json	ready_for_ocr	needs runtime path cache from build_jbrs_local_manifest.py --root	Matched corpus references elevate OCR priority; the committed plan stores path stubs only.
jbrs-ocr-122080-6f415a24de22	122080-6f415a24de22	122080.pdf	Burmese/Burma JBRS/1922/122080.pdf					low	article_pages_only	google_vision	122080-6f415a24de22	metadata_sidecar+page_text+article_text+google_vision_json	data_local/ocr/jbrs/manifest/122080-6f415a24de22.json	ready_for_ocr	needs runtime path cache from build_jbrs_local_manifest.py --root	Matched corpus references elevate OCR priority; the committed plan stores path stubs only.
jbrs-ocr-122096-c592eba7834d	122096-c592eba7834d	122096.pdf	Burmese/Burma JBRS/1922/122096.pdf					low	article_pages_only	google_vision	122096-c592eba7834d	metadata_sidecar+page_text+article_text+google_vision_json	data_local/ocr/jbrs/manifest/122096-c592eba7834d.json	ready_for_ocr	needs runtime path cache from build_jbrs_local_manifest.py --root	Matched corpus references elevate OCR priority; the committed plan stores path stubs only.
jbrs-ocr-122102-58a5e7e74ceb	122102-58a5e7e74ceb	122102.pdf	Burmese/Burma JBRS/1922/122102.pdf					low	article_pages_only	google_vision	122102-58a5e7e74ceb	metadata_sidecar+page_text+article_text+google_vision_json	data_local/ocr/jbrs/manifest/122102-58a5e7e74ceb.json	ready_for_ocr	needs runtime path cache from build_jbrs_local_manifest.py --root	Matched corpus references elevate OCR priority; the committed plan stores path stubs only.
jbrs-ocr-122107-75091d2174c8	122107-75091d2174c8	122107.pdf	Burmese/Burma JBRS/1922/122107.pdf					low	article_pages_only	google_vision	122107-75091d2174c8	metadata_sidecar+page_text+article_text+google_vision_json	data_local/ocr/jbrs/manifest/122107-75091d2174c8.json	ready_for_ocr	needs runtime path cache from build_jbrs_local_manifest.py --root	Matched corpus references elevate OCR priority; the committed plan stores path stubs only.
jbrs-ocr-122133-c408612efdd9	122133-c408612efdd9	122133.pdf	Burmese/Burma JBRS/1922/122133.pdf					low	article_pages_only	google_vision	122133-c408612efdd9	metadata_sidecar+page_text+article_text+google_vision_json	data_local/ocr/jbrs/manifest/122133-c408612efdd9.json	ready_for_ocr	needs runtime path cache from build_jbrs_local_manifest.py --root	Matched corpus references elevate OCR priority; the committed plan stores path stubs only.
jbrs-ocr-122140-71c980c8c267	122140-71c980c8c267	122140.pdf	Burmese/Burma JBRS/1922/122140.pdf					low	article_pages_only	google_vision	122140-71c980c8c267	metadata_sidecar+page_text+article_text+google_vision_json	data_local/ocr/jbrs/manifest/122140-71c980c8c267.json	ready_for_ocr	needs runtime path cache from build_jbrs_local_manifest.py --root	Matched corpus references elevate OCR priority; the committed plan stores path stubs only.
jbrs-ocr-123145-ad2aa01214da	123145-ad2aa01214da	123145.pdf	Burmese/Burma JBRS/1922/123145.pdf					low	article_pages_only	google_vision	123145-ad2aa01214da	metadata_sidecar+page_text+article_text+google_vision_json	data_local/ocr/jbrs/manifest/123145-ad2aa01214da.json	ready_for_ocr	needs runtime path cache from build_jbrs_local_manifest.py --root	Matched corpus references elevate OCR priority; the committed plan stores path stubs only.
jbrs-ocr-123146-c8e109681c06	123146-c8e109681c06	123146.pdf	Burmese/Burma JBRS/1922/123146.pdf					low	article_pages_only	google_vision	123146-c8e109681c06	metadata_sidecar+page_text+article_text+google_vision_json	data_local/ocr/jbrs/manifest/123146-c8e109681c06.json	ready_for_ocr	needs runtime path cache from build_jbrs_local_manifest.py --root	Matched corpus references elevate OCR priority; the committed plan stores path stubs only.
jbrs-ocr-123149-e989e437a0ba	123149-e989e437a0ba	123149.pdf	Burmese/Burma JBRS/1922/123149.pdf					low	article_pages_only	google_vision	123149-e989e437a0ba	metadata_sidecar+page_text+article_text+google_vision_json	data_local/ocr/jbrs/manifest/123149-e989e437a0ba.json	ready_for_ocr	needs runtime path cache from build_jbrs_local_manifest.py --root	Matched corpus references elevate OCR priority; the committed plan stores path stubs only.
jbrs-ocr-123152-c19453dbb4a0	123152-c19453dbb4a0	123152.pdf	Burmese/Burma JBRS/1922/123152.pdf					low	article_pages_only	google_vision	123152-c19453dbb4a0	metadata_sidecar+page_text+article_text+google_vision_json	data_local/ocr/jbrs/manifest/123152-c19453dbb4a0.json	ready_for_ocr	needs runtime path cache from build_jbrs_local_manifest.py --root	Matched corpus references elevate OCR priority; the committed plan stores path stubs only.
jbrs-ocr-123153-4ad224a62139	123153-4ad224a62139	123153.pdf	Burmese/Burma JBRS/1922/123153.pdf					low	article_pages_only	google_vision	123153-4ad224a62139	metadata_sidecar+page_text+article_text+google_vision_json	data_local/ocr/jbrs/manifest/123153-4ad224a62139.json	ready_for_ocr	needs runtime path cache from build_jbrs_local_manifest.py --root	Matched corpus references elevate OCR priority; the committed plan stores path stubs only.
jbrs-ocr-123155-817213fff53f	123155-817213fff53f	123155.pdf	Burmese/Burma JBRS/1922/123155.pdf					low	article_pages_only	google_vision	123155-817213fff53f	metadata_sidecar+page_text+article_text+google_vision_json	data_local/ocr/jbrs/manifest/123155-817213fff53f.json	ready_for_ocr	needs runtime path cache from build_jbrs_local_manifest.py --root	Matched corpus references elevate OCR priority; the committed plan stores path stubs only.
jbrs-ocr-123156-9e6d0da3654f	123156-9e6d0da3654f	123156.pdf	Burmese/Burma JBRS/1922/123156.pdf					low	article_pages_only	google_vision	123156-9e6d0da3654f	metadata_sidecar+page_text+article_text+google_vision_json	data_local/ocr/jbrs/manifest/123156-9e6d0da3654f.json	ready_for_ocr	needs runtime path cache from build_jbrs_local_manifest.py --root	Matched corpus references elevate OCR priority; the committed plan stores path stubs only.
jbrs-ocr-123160-3e5cb3b81913	123160-3e5cb3b81913	123160.pdf	Burmese/Burma JBRS/1922/123160.pdf					low	article_pages_only	google_vision	123160-3e5cb3b81913	metadata_sidecar+page_text+article_text+google_vision_json	data_local/ocr/jbrs/manifest/123160-3e5cb3b81913.json	ready_for_ocr	needs runtime path cache from build_jbrs_local_manifest.py --root	Matched corpus references elevate OCR priority; the committed plan stores path stubs only.
jbrs-ocr-123162-e2e1281f5f8c	123162-e2e1281f5f8c	123162.pdf	Burmese/Burma JBRS/1922/123162.pdf					low	article_pages_only	google_vision	123162-e2e1281f5f8c	metadata_sidecar+page_text+article_text+google_vision_json	data_local/ocr/jbrs/manifest/123162-e2e1281f5f8c.json	ready_for_ocr	needs runtime path cache from build_jbrs_local_manifest.py --root	Matched corpus references elevate OCR priority; the committed plan stores path stubs only.
jbrs-ocr-123163-104d34015d10	123163-104d34015d10	123163.pdf	Burmese/Burma JBRS/1922/123163.pdf					low	article_pages_only	google_vision	123163-104d34015d10	metadata_sidecar+page_text+article_text+google_vision_json	data_local/ocr/jbrs/manifest/123163-104d34015d10.json	ready_for_ocr	needs runtime path cache from build_jbrs_local_manifest.py --root	Matched corpus references elevate OCR priority; the committed plan stores path stubs only.
jbrs-ocr-123164-1082816050ef	123164-1082816050ef	123164.pdf	Burmese/Burma JBRS/1922/123164.pdf					low	article_pages_only	google_vision	123164-1082816050ef	metadata_sidecar+page_text+article_text+google_vision_json	data_local/ocr/jbrs/manifest/123164-1082816050ef.json	ready_for_ocr	needs runtime path cache from build_jbrs_local_manifest.py --root	Matched corpus references elevate OCR priority; the committed plan stores path stubs only.
jbrs-ocr-123166-51c7c87bdcf6	123166-51c7c87bdcf6	123166.pdf	Burmese/Burma JBRS/1922/123166.pdf					low	article_pages_only	google_vision	123166-51c7c87bdcf6	metadata_sidecar+page_text+article_text+google_vision_json	data_local/ocr/jbrs/manifest/123166-51c7c87bdcf6.json	ready_for_ocr	needs runtime path cache from build_jbrs_local_manifest.py --root	Matched corpus references elevate OCR priority; the committed plan stores path stubs only.
jbrs-ocr-123167-9e8ae7d066e3	123167-9e8ae7d066e3	123167.pdf	Burmese/Burma JBRS/1922/123167.pdf					low	article_pages_only	google_vision	123167-9e8ae7d066e3	metadata_sidecar+page_text+article_text+google_vision_json	data_local/ocr/jbrs/manifest/123167-9e8ae7d066e3.json	ready_for_ocr	needs runtime path cache from build_jbrs_local_manifest.py --root	Matched corpus references elevate OCR priority; the committed plan stores path stubs only.
jbrs-ocr-131009a-84b3476ab477	131009a-84b3476ab477	131009A.pdf	Burmese/Burma JBRS/JBRS Originals/131009A.pdf					low	article_pages_only	google_vision	131009a-84b3476ab477	metadata_sidecar+page_text+article_text+google_vision_json	data_local/ocr/jbrs/manifest/131009a-84b3476ab477.json	ready_for_ocr	needs runtime path cache from build_jbrs_local_manifest.py --root	Matched corpus references elevate OCR priority; the committed plan stores path stubs only.
jbrs-ocr-131009b-2e3d5c68f5a4	131009b-2e3d5c68f5a4	131009B.pdf	Burmese/Burma JBRS/JBRS Originals/131009B.pdf					low	article_pages_only	google_vision	131009b-2e3d5c68f5a4	metadata_sidecar+page_text+article_text+google_vision_json	data_local/ocr/jbrs/manifest/131009b-2e3d5c68f5a4.json	ready_for_ocr	needs runtime path cache from build_jbrs_local_manifest.py --root	Matched corpus references elevate OCR priority; the committed plan stores path stubs only.
jbrs-ocr-132069-f0d3fa74da0a	132069-f0d3fa74da0a	132069.pdf	Burmese/Burma JBRS/JBRS Originals/132069.pdf					low	article_pages_only	google_vision	132069-f0d3fa74da0a	metadata_sidecar+page_text+article_text+google_vision_json	data_local/ocr/jbrs/manifest/132069-f0d3fa74da0a.json	ready_for_ocr	needs runtime path cache from build_jbrs_local_manifest.py --root	Matched corpus references elevate OCR priority; the committed plan stores path stubs only.
jbrs-ocr-132077-2fadd1462752	132077-2fadd1462752	132077.pdf	Burmese/Burma JBRS/JBRS Originals/132077.pdf					low	article_pages_only	google_vision	132077-2fadd1462752	metadata_sidecar+page_text+article_text+google_vision_json	data_local/ocr/jbrs/manifest/132077-2fadd1462752.json	ready_for_ocr	needs runtime path cache from build_jbrs_local_manifest.py --root	Matched corpus references elevate OCR priority; the committed plan stores path stubs only.
jbrs-ocr-132082-0ceb53b680e2	132082-0ceb53b680e2	132082.pdf	Burmese/Burma JBRS/JBRS Originals/132082.pdf					low	article_pages_only	google_vision	132082-0ceb53b680e2	metadata_sidecar+page_text+article_text+google_vision_json	data_local/ocr/jbrs/manifest/132082-0ceb53b680e2.json	ready_for_ocr	needs runtime path cache from build_jbrs_local_manifest.py --root	Matched corpus references elevate OCR priority; the committed plan stores path stubs only.
jbrs-ocr-132099-bf3426ca973d	132099-bf3426ca973d	132099.pdf	Burmese/Burma JBRS/JBRS Originals/132099.pdf					low	article_pages_only	google_vision	132099-bf3426ca973d	metadata_sidecar+page_text+article_text+google_vision_json	data_local/ocr/jbrs/manifest/132099-bf3426ca973d.json	ready_for_ocr	needs runtime path cache from build_jbrs_local_manifest.py --root	Matched corpus references elevate OCR priority; the committed plan stores path stubs only.
jbrs-ocr-132106-c9497fa8caed	132106-c9497fa8caed	132106.pdf	Burmese/Burma JBRS/JBRS Originals/132106.pdf					low	article_pages_only	google_vision	132106-c9497fa8caed	metadata_sidecar+page_text+article_text+google_vision_json	data_local/ocr/jbrs/manifest/132106-c9497fa8caed.json	ready_for_ocr	needs runtime path cache from build_jbrs_local_manifest.py --root	Matched corpus references elevate OCR priority; the committed plan stores path stubs only.
jbrs-ocr-132109-a60648fefb03	132109-a60648fefb03	132109.pdf	Burmese/Burma JBRS/JBRS Originals/132109.pdf					low	article_pages_only	google_vision	132109-a60648fefb03	metadata_sidecar+page_text+article_text+google_vision_json	data_local/ocr/jbrs/manifest/132109-a60648fefb03.json	ready_for_ocr	needs runtime path cache from build_jbrs_local_manifest.py --root	Matched corpus references elevate OCR priority; the committed plan stores path stubs only.
jbrs-ocr-132129-91b44dbec1e6	132129-91b44dbec1e6	132129.pdf	Burmese/Burma JBRS/JBRS Originals/132129.pdf					low	article_pages_only	google_vision	132129-91b44dbec1e6	metadata_sidecar+page_text+article_text+google_vision_json	data_local/ocr/jbrs/manifest/132129-91b44dbec1e6.json	ready_for_ocr	needs runtime path cache from build_jbrs_local_manifest.py --root	Matched corpus references elevate OCR priority; the committed plan stores path stubs only.
jbrs-ocr-132136-083c2c3ec432	132136-083c2c3ec432	132136.pdf	Burmese/Burma JBRS/JBRS Originals/132136.pdf					low	article_pages_only	google_vision	132136-083c2c3ec432	metadata_sidecar+page_text+article_text+google_vision_json	data_local/ocr/jbrs/manifest/132136-083c2c3ec432.json	ready_for_ocr	needs runtime path cache from build_jbrs_local_manifest.py --root	Matched corpus references elevate OCR priority; the committed plan stores path stubs only.
jbrs-ocr-132139-70243283a74f	132139-70243283a74f	132139.pdf	Burmese/Burma JBRS/1923/132139.pdf					low	article_pages_only	google_vision	132139-70243283a74f	metadata_sidecar+page_text+article_text+google_vision_json	data_local/ocr/jbrs/manifest/132139-70243283a74f.json	ready_for_ocr	needs runtime path cache from build_jbrs_local_manifest.py --root	Matched corpus references elevate OCR priority; the committed plan stores path stubs only.
jbrs-ocr-132145-51ea98abb9d9	132145-51ea98abb9d9	132145.pdf	Burmese/Burma JBRS/1923/132145.pdf					low	article_pages_only	google_vision	132145-51ea98abb9d9	metadata_sidecar+page_text+article_text+google_vision_json	data_local/ocr/jbrs/manifest/132145-51ea98abb9d9.json	ready_for_ocr	needs runtime path cache from build_jbrs_local_manifest.py --root	Matched corpus references elevate OCR priority; the committed plan stores path stubs only.
jbrs-ocr-132148-792f5a510bac	132148-792f5a510bac	132148.pdf	Burmese/Burma JBRS/JBRS Originals/132148.pdf					low	article_pages_only	google_vision	132148-792f5a510bac	metadata_sidecar+page_text+article_text+google_vision_json	data_local/ocr/jbrs/manifest/132148-792f5a510bac.json	ready_for_ocr	needs runtime path cache from build_jbrs_local_manifest.py --root	Matched corpus references elevate OCR priority; the committed plan stores path stubs only.
jbrs-ocr-132151-d4310feaedc0	132151-d4310feaedc0	132151.pdf	Burmese/Burma JBRS/1923/132151.pdf					low	article_pages_only	google_vision	132151-d4310feaedc0	metadata_sidecar+page_text+article_text+google_vision_json	data_local/ocr/jbrs/manifest/132151-d4310feaedc0.json	ready_for_ocr	needs runtime path cache from build_jbrs_local_manifest.py --root	Matched corpus references elevate OCR priority; the committed plan stores path stubs only.
jbrs-ocr-132157-7cbf5d133922	132157-7cbf5d133922	132157.pdf	Burmese/Burma JBRS/JBRS Originals/132157.pdf					low	article_pages_only	google_vision	132157-7cbf5d133922	metadata_sidecar+page_text+article_text+google_vision_json	data_local/ocr/jbrs/manifest/132157-7cbf5d133922.json	ready_for_ocr	needs runtime path cache from build_jbrs_local_manifest.py --root	Matched corpus references elevate OCR priority; the committed plan stores path stubs only.
jbrs-ocr-132157-fa930cac6451	132157-fa930cac6451	132157.pdf	Burmese/Burma JBRS/1923/132157.pdf					low	article_pages_only	google_vision	132157-fa930cac6451	metadata_sidecar+page_text+article_text+google_vision_json	data_local/ocr/jbrs/manifest/132157-fa930cac6451.json	ready_for_ocr	needs runtime path cache from build_jbrs_local_manifest.py --root	Matched corpus references elevate OCR priority; the committed plan stores path stubs only.
jbrs-ocr-132159-f97cac957893	132159-f97cac957893	132159.pdf	Burmese/Burma JBRS/1923/132159.pdf					low	article_pages_only	google_vision	132159-f97cac957893	metadata_sidecar+page_text+article_text+google_vision_json	data_local/ocr/jbrs/manifest/132159-f97cac957893.json	ready_for_ocr	needs runtime path cache from build_jbrs_local_manifest.py --root	Matched corpus references elevate OCR priority; the committed plan stores path stubs only.
jbrs-ocr-132162-d62ced4d0162	132162-d62ced4d0162	132162.pdf	Burmese/Burma JBRS/JBRS Originals/132162.pdf					low	article_pages_only	google_vision	132162-d62ced4d0162	metadata_sidecar+page_text+article_text+google_vision_json	data_local/ocr/jbrs/manifest/132162-d62ced4d0162.json	ready_for_ocr	needs runtime path cache from build_jbrs_local_manifest.py --root	Matched corpus references elevate OCR priority; the committed plan stores path stubs only.
jbrs-ocr-132164-bd8f84ef5c01	132164-bd8f84ef5c01	132164.pdf	Burmese/Burma JBRS/JBRS Originals/132164.pdf					low	article_pages_only	google_vision	132164-bd8f84ef5c01	metadata_sidecar+page_text+article_text+google_vision_json	data_local/ocr/jbrs/manifest/132164-bd8f84ef5c01.json	ready_for_ocr	needs runtime path cache from build_jbrs_local_manifest.py --root	Matched corpus references elevate OCR priority; the committed plan stores path stubs only.
jbrs-ocr-132166-a829af82d687	132166-a829af82d687	132166.pdf	Burmese/Burma JBRS/JBRS Originals/132166.pdf					low	article_pages_only	google_vision	132166-a829af82d687	metadata_sidecar+page_text+article_text+google_vision_json	data_local/ocr/jbrs/manifest/132166-a829af82d687.json	ready_for_ocr	needs runtime path cache from build_jbrs_local_manifest.py --root	Matched corpus references elevate OCR priority; the committed plan stores path stubs only.
jbrs-ocr-132167-69fb75949167	132167-69fb75949167	132167.pdf	Burmese/Burma JBRS/JBRS Originals/132167.pdf					low	article_pages_only	google_vision	132167-69fb75949167	metadata_sidecar+page_text+article_text+google_vision_json	data_local/ocr/jbrs/manifest/132167-69fb75949167.json	ready_for_ocr	needs runtime path cache from build_jbrs_local_manifest.py --root	Matched corpus references elevate OCR priority; the committed plan stores path stubs only.
jbrs-ocr-132170-119b5941c31b	132170-119b5941c31b	132170.pdf	Burmese/Burma JBRS/JBRS Originals/132170.pdf					low	article_pages_only	google_vision	132170-119b5941c31b	metadata_sidecar+page_text+article_text+google_vision_json	data_local/ocr/jbrs/manifest/132170-119b5941c31b.json	ready_for_ocr	needs runtime path cache from build_jbrs_local_manifest.py --root	Matched corpus references elevate OCR priority; the committed plan stores path stubs only.
jbrs-ocr-132180-cf310f3ebdd5	132180-cf310f3ebdd5	132180.pdf	Burmese/Burma JBRS/1923/132180.pdf					low	article_pages_only	google_vision	132180-cf310f3ebdd5	metadata_sidecar+page_text+article_text+google_vision_json	data_local/ocr/jbrs/manifest/132180-cf310f3ebdd5.json	ready_for_ocr	needs runtime path cache from build_jbrs_local_manifest.py --root	Matched corpus references elevate OCR priority; the committed plan stores path stubs only.
jbrs-ocr-133199-22ff606148eb	133199-22ff606148eb	133199.pdf	Burmese/Burma JBRS/JBRS Originals/133199.pdf					low	article_pages_only	google_vision	133199-22ff606148eb	metadata_sidecar+page_text+article_text+google_vision_json	data_local/ocr/jbrs/manifest/133199-22ff606148eb.json	ready_for_ocr	needs runtime path cache from build_jbrs_local_manifest.py --root	Matched corpus references elevate OCR priority; the committed plan stores path stubs only.
jbrs-ocr-133221-507639293d2f	133221-507639293d2f	133221.pdf	Burmese/Burma JBRS/JBRS Originals/133221.pdf					low	article_pages_only	google_vision	133221-507639293d2f	metadata_sidecar+page_text+article_text+google_vision_json	data_local/ocr/jbrs/manifest/133221-507639293d2f.json	ready_for_ocr	needs runtime path cache from build_jbrs_local_manifest.py --root	Matched corpus references elevate OCR priority; the committed plan stores path stubs only.
jbrs-ocr-133229-27abd66845ce	133229-27abd66845ce	133229.pdf	Burmese/Burma JBRS/JBRS Originals/133229.pdf					low	article_pages_only	google_vision	133229-27abd66845ce	metadata_sidecar+page_text+article_text+google_vision_json	data_local/ocr/jbrs/manifest/133229-27abd66845ce.json	ready_for_ocr	needs runtime path cache from build_jbrs_local_manifest.py --root	Matched corpus references elevate OCR priority; the committed plan stores path stubs only.
jbrs-ocr-133232-c1b4b47e4ee2	133232-c1b4b47e4ee2	133232.pdf	Burmese/Burma JBRS/JBRS Originals/133232.pdf					low	article_pages_only	google_vision	133232-c1b4b47e4ee2	metadata_sidecar+page_text+article_text+google_vision_json	data_local/ocr/jbrs/manifest/133232-c1b4b47e4ee2.json	ready_for_ocr	needs runtime path cache from build_jbrs_local_manifest.py --root	Matched corpus references elevate OCR priority; the committed plan stores path stubs only.
jbrs-ocr-133236-948a63d9c862	133236-948a63d9c862	133236.pdf	Burmese/Burma JBRS/JBRS Originals/133236.pdf					low	article_pages_only	google_vision	133236-948a63d9c862	metadata_sidecar+page_text+article_text+google_vision_json	data_local/ocr/jbrs/manifest/133236-948a63d9c862.json	ready_for_ocr	needs runtime path cache from build_jbrs_local_manifest.py --root	Matched corpus references elevate OCR priority; the committed plan stores path stubs only.
jbrs-ocr-133244-5410911998e0	133244-5410911998e0	133244.pdf	Burmese/Burma JBRS/JBRS Originals/133244.pdf					low	article_pages_only	google_vision	133244-5410911998e0	metadata_sidecar+page_text+article_text+google_vision_json	data_local/ocr/jbrs/manifest/133244-5410911998e0.json	ready_for_ocr	needs runtime path cache from build_jbrs_local_manifest.py --root	Matched corpus references elevate OCR priority; the committed plan stores path stubs only.
jbrs-ocr-133257-918b1c5f4967	133257-918b1c5f4967	133257.pdf	Burmese/Burma JBRS/JBRS Originals/133257.pdf					low	article_pages_only	google_vision	133257-918b1c5f4967	metadata_sidecar+page_text+article_text+google_vision_json	data_local/ocr/jbrs/manifest/133257-918b1c5f4967.json	ready_for_ocr	needs runtime path cache from build_jbrs_local_manifest.py --root	Matched corpus references elevate OCR priority; the committed plan stores path stubs only.
jbrs-ocr-133261-7998ffc6d278	133261-7998ffc6d278	133261.pdf	Burmese/Burma JBRS/JBRS Originals/133261.pdf					low	article_pages_only	google_vision	133261-7998ffc6d278	metadata_sidecar+page_text+article_text+google_vision_json	data_local/ocr/jbrs/manifest/133261-7998ffc6d278.json	ready_for_ocr	needs runtime path cache from build_jbrs_local_manifest.py --root	Matched corpus references elevate OCR priority; the committed plan stores path stubs only.
jbrs-ocr-133280-db4cad460c0d	133280-db4cad460c0d	133280.pdf	Burmese/Burma JBRS/JBRS Originals/133280.pdf					low	article_pages_only	google_vision	133280-db4cad460c0d	metadata_sidecar+page_text+article_text+google_vision_json	data_local/ocr/jbrs/manifest/133280-db4cad460c0d.json	ready_for_ocr	needs runtime path cache from build_jbrs_local_manifest.py --root	Matched corpus references elevate OCR priority; the committed plan stores path stubs only.
jbrs-ocr-141001-20da16406f79	141001-20da16406f79	141001.pdf	Burmese/Burma JBRS/1924/141001.pdf					low	article_pages_only	google_vision	141001-20da16406f79	metadata_sidecar+page_text+article_text+google_vision_json	data_local/ocr/jbrs/manifest/141001-20da16406f79.json	ready_for_ocr	needs runtime path cache from build_jbrs_local_manifest.py --root	Matched corpus references elevate OCR priority; the committed plan stores path stubs only.
jbrs-ocr-141021-590f445421cd	141021-590f445421cd	141021.pdf	Burmese/Burma JBRS/1924/141021.pdf					low	article_pages_only	google_vision	141021-590f445421cd	metadata_sidecar+page_text+article_text+google_vision_json	data_local/ocr/jbrs/manifest/141021-590f445421cd.json	ready_for_ocr	needs runtime path cache from build_jbrs_local_manifest.py --root	Matched corpus references elevate OCR priority; the committed plan stores path stubs only.
jbrs-ocr-141039-be29dbe23279	141039-be29dbe23279	141039.pdf	Burmese/Burma JBRS/JBRS Originals/141039.pdf					low	article_pages_only	google_vision	141039-be29dbe23279	metadata_sidecar+page_text+article_text+google_vision_json	data_local/ocr/jbrs/manifest/141039-be29dbe23279.json	ready_for_ocr	needs runtime path cache from build_jbrs_local_manifest.py --root	Matched corpus references elevate OCR priority; the committed plan stores path stubs only.
jbrs-ocr-141051-61f6e2e7987a	141051-61f6e2e7987a	141051.pdf	Burmese/Burma JBRS/1924/141051.pdf					low	article_pages_only	google_vision	141051-61f6e2e7987a	metadata_sidecar+page_text+article_text+google_vision_json	data_local/ocr/jbrs/manifest/141051-61f6e2e7987a.json	ready_for_ocr	needs runtime path cache from build_jbrs_local_manifest.py --root	Matched corpus references elevate OCR priority; the committed plan stores path stubs only.
jbrs-ocr-141053-f8fd04e349f3	141053-f8fd04e349f3	141053.pdf	Burmese/Burma JBRS/1924/141053.pdf					low	article_pages_only	google_vision	141053-f8fd04e349f3	metadata_sidecar+page_text+article_text+google_vision_json	data_local/ocr/jbrs/manifest/141053-f8fd04e349f3.json	ready_for_ocr	needs runtime path cache from build_jbrs_local_manifest.py --root	Matched corpus references elevate OCR priority; the committed plan stores path stubs only.
jbrs-ocr-pe-maung-tin-development-of-burmese-lang-3825b88497cc	pe_maung_tin_development_of_burmese_lang-3825b88497cc	141058.pdf	Burmese/Burma JBRS/JBRS Originals/141058.pdf					high	article_pages_only	google_vision	pe-maung-tin-development-of-burmese-lang-3825b88497cc	metadata_sidecar+page_text+article_text+google_vision_json	data_local/ocr/jbrs/manifest/pe-maung-tin-development-of-burmese-lang-3825b88497cc.json	ready_for_ocr	needs runtime path cache from build_jbrs_local_manifest.py --root	Matched corpus references elevate OCR priority; the committed plan stores path stubs only.
jbrs-ocr-141060-d6abcfed0980	141060-d6abcfed0980	141060.pdf	Burmese/Burma JBRS/JBRS Originals/141060.pdf					low	article_pages_only	google_vision	141060-d6abcfed0980	metadata_sidecar+page_text+article_text+google_vision_json	data_local/ocr/jbrs/manifest/141060-d6abcfed0980.json	ready_for_ocr	needs runtime path cache from build_jbrs_local_manifest.py --root	Matched corpus references elevate OCR priority; the committed plan stores path stubs only.
jbrs-ocr-141062-dece8fd5a9a5	141062-dece8fd5a9a5	141062.pdf	Burmese/Burma JBRS/1924/141062.pdf					low	article_pages_only	google_vision	141062-dece8fd5a9a5	metadata_sidecar+page_text+article_text+google_vision_json	data_local/ocr/jbrs/manifest/141062-dece8fd5a9a5.json	ready_for_ocr	needs runtime path cache from build_jbrs_local_manifest.py --root	Matched corpus references elevate OCR priority; the committed plan stores path stubs only.
jbrs-ocr-141069-fd817d7a6609	141069-fd817d7a6609	141069.pdf	Burmese/Burma JBRS/1924/141069.pdf					low	article_pages_only	google_vision	141069-fd817d7a6609	metadata_sidecar+page_text+article_text+google_vision_json	data_local/ocr/jbrs/manifest/141069-fd817d7a6609.json	ready_for_ocr	needs runtime path cache from build_jbrs_local_manifest.py --root	Matched corpus references elevate OCR priority; the committed plan stores path stubs only.
jbrs-ocr-142087-3f7ca428fee5	142087-3f7ca428fee5	142087.pdf	Burmese/Burma JBRS/JBRS Originals/142087.pdf					low	article_pages_only	google_vision	142087-3f7ca428fee5	metadata_sidecar+page_text+article_text+google_vision_json	data_local/ocr/jbrs/manifest/142087-3f7ca428fee5.json	ready_for_ocr	needs runtime path cache from build_jbrs_local_manifest.py --root	Matched corpus references elevate OCR priority; the committed plan stores path stubs only.
jbrs-ocr-142091-0ab55f5d0db8	142091-0ab55f5d0db8	142091.pdf	Burmese/Burma JBRS/JBRS Originals/142091.pdf					low	article_pages_only	google_vision	142091-0ab55f5d0db8	metadata_sidecar+page_text+article_text+google_vision_json	data_local/ocr/jbrs/manifest/142091-0ab55f5d0db8.json	ready_for_ocr	needs runtime path cache from build_jbrs_local_manifest.py --root	Matched corpus references elevate OCR priority; the committed plan stores path stubs only.
jbrs-ocr-142100-7144e2fe0f19	142100-7144e2fe0f19	142100.pdf	Burmese/Burma JBRS/JBRS Originals/142100.pdf					low	article_pages_only	google_vision	142100-7144e2fe0f19	metadata_sidecar+page_text+article_text+google_vision_json	data_local/ocr/jbrs/manifest/142100-7144e2fe0f19.json	ready_for_ocr	needs runtime path cache from build_jbrs_local_manifest.py --root	Matched corpus references elevate OCR priority; the committed plan stores path stubs only.
jbrs-ocr-142138a-599fa27e8039	142138a-599fa27e8039	142138A.pdf	Burmese/Burma JBRS/JBRS Originals/142138A.pdf					low	article_pages_only	google_vision	142138a-599fa27e8039	metadata_sidecar+page_text+article_text+google_vision_json	data_local/ocr/jbrs/manifest/142138a-599fa27e8039.json	ready_for_ocr	needs runtime path cache from build_jbrs_local_manifest.py --root	Matched corpus references elevate OCR priority; the committed plan stores path stubs only.
jbrs-ocr-142138b-1b65a1889663	142138b-1b65a1889663	142138B.pdf	Burmese/Burma JBRS/JBRS Originals/142138B.pdf					low	article_pages_only	google_vision	142138b-1b65a1889663	metadata_sidecar+page_text+article_text+google_vision_json	data_local/ocr/jbrs/manifest/142138b-1b65a1889663.json	ready_for_ocr	needs runtime path cache from build_jbrs_local_manifest.py --root	Matched corpus references elevate OCR priority; the committed plan stores path stubs only.
jbrs-ocr-143207-a396bc3590b8	143207-a396bc3590b8	143207.pdf	Burmese/Burma JBRS/JBRS Originals/143207.pdf					low	article_pages_only	google_vision	143207-a396bc3590b8	metadata_sidecar+page_text+article_text+google_vision_json	data_local/ocr/jbrs/manifest/143207-a396bc3590b8.json	ready_for_ocr	needs runtime path cache from build_jbrs_local_manifest.py --root	Matched corpus references elevate OCR priority; the committed plan stores path stubs only.
jbrs-ocr-143218-a8205921bf39	143218-a8205921bf39	143218.pdf	Burmese/Burma JBRS/1924/143218.pdf					low	article_pages_only	google_vision	143218-a8205921bf39	metadata_sidecar+page_text+article_text+google_vision_json	data_local/ocr/jbrs/manifest/143218-a8205921bf39.json	ready_for_ocr	needs runtime path cache from build_jbrs_local_manifest.py --root	Matched corpus references elevate OCR priority; the committed plan stores path stubs only.
jbrs-ocr-143221-93af6e066a85	143221-93af6e066a85	143221.pdf	Burmese/Burma JBRS/JBRS Originals/143221.pdf					low	article_pages_only	google_vision	143221-93af6e066a85	metadata_sidecar+page_text+article_text+google_vision_json	data_local/ocr/jbrs/manifest/143221-93af6e066a85.json	ready_for_ocr	needs runtime path cache from build_jbrs_local_manifest.py --root	Matched corpus references elevate OCR priority; the committed plan stores path stubs only.
jbrs-ocr-151001-96428277d85e	151001-96428277d85e	151001.pdf	Burmese/Burma JBRS/JBRS Originals/151001.pdf					low	article_pages_only	google_vision	151001-96428277d85e	metadata_sidecar+page_text+article_text+google_vision_json	data_local/ocr/jbrs/manifest/151001-96428277d85e.json	ready_for_ocr	needs runtime path cache from build_jbrs_local_manifest.py --root	Matched corpus references elevate OCR priority; the committed plan stores path stubs only.
jbrs-ocr-151034-0bfaec589756	151034-0bfaec589756	151034.pdf	Burmese/Burma JBRS/JBRS Originals/151034.pdf					low	article_pages_only	google_vision	151034-0bfaec589756	metadata_sidecar+page_text+article_text+google_vision_json	data_local/ocr/jbrs/manifest/151034-0bfaec589756.json	ready_for_ocr	needs runtime path cache from build_jbrs_local_manifest.py --root	Matched corpus references elevate OCR priority; the committed plan stores path stubs only.
jbrs-ocr-151053-a7e6fcd7c232	151053-a7e6fcd7c232	151053.pdf	Burmese/Burma JBRS/JBRS Originals/151053.pdf					low	article_pages_only	google_vision	151053-a7e6fcd7c232	metadata_sidecar+page_text+article_text+google_vision_json	data_local/ocr/jbrs/manifest/151053-a7e6fcd7c232.json	ready_for_ocr	needs runtime path cache from build_jbrs_local_manifest.py --root	Matched corpus references elevate OCR priority; the committed plan stores path stubs only.
jbrs-ocr-151073-7e087e998b81	151073-7e087e998b81	151073.pdf	Burmese/Burma JBRS/JBRS Originals/151073.pdf					low	article_pages_only	google_vision	151073-7e087e998b81	metadata_sidecar+page_text+article_text+google_vision_json	data_local/ocr/jbrs/manifest/151073-7e087e998b81.json	ready_for_ocr	needs runtime path cache from build_jbrs_local_manifest.py --root	Matched corpus references elevate OCR priority; the committed plan stores path stubs only.
jbrs-ocr-151076-09faca23b27b	151076-09faca23b27b	151076.pdf	Burmese/Burma JBRS/JBRS Originals/151076.pdf					low	article_pages_only	google_vision	151076-09faca23b27b	metadata_sidecar+page_text+article_text+google_vision_json	data_local/ocr/jbrs/manifest/151076-09faca23b27b.json	ready_for_ocr	needs runtime path cache from build_jbrs_local_manifest.py --root	Matched corpus references elevate OCR priority; the committed plan stores path stubs only.
jbrs-ocr-151080-4ff35b5b3430	151080-4ff35b5b3430	151080.pdf	Burmese/Burma JBRS/JBRS Originals/151080.pdf					low	article_pages_only	google_vision	151080-4ff35b5b3430	metadata_sidecar+page_text+article_text+google_vision_json	data_local/ocr/jbrs/manifest/151080-4ff35b5b3430.json	ready_for_ocr	needs runtime path cache from build_jbrs_local_manifest.py --root	Matched corpus references elevate OCR priority; the committed plan stores path stubs only.
jbrs-ocr-151081-ac95a4804eff	151081-ac95a4804eff	151081.pdf	Burmese/Burma JBRS/1925/151081.pdf					low	article_pages_only	google_vision	151081-ac95a4804eff	metadata_sidecar+page_text+article_text+google_vision_json	data_local/ocr/jbrs/manifest/151081-ac95a4804eff.json	ready_for_ocr	needs runtime path cache from build_jbrs_local_manifest.py --root	Matched corpus references elevate OCR priority; the committed plan stores path stubs only.
jbrs-ocr-151083-c586cf4c40f7	151083-c586cf4c40f7	151083.pdf	Burmese/Burma JBRS/1925/151083.pdf					low	article_pages_only	google_vision	151083-c586cf4c40f7	metadata_sidecar+page_text+article_text+google_vision_json	data_local/ocr/jbrs/manifest/151083-c586cf4c40f7.json	ready_for_ocr	needs runtime path cache from build_jbrs_local_manifest.py --root	Matched corpus references elevate OCR priority; the committed plan stores path stubs only.
jbrs-ocr-151086-9525f6e44ae7	151086-9525f6e44ae7	151086.pdf	Burmese/Burma JBRS/JBRS Originals/151086.pdf					low	article_pages_only	google_vision	151086-9525f6e44ae7	metadata_sidecar+page_text+article_text+google_vision_json	data_local/ocr/jbrs/manifest/151086-9525f6e44ae7.json	ready_for_ocr	needs runtime path cache from build_jbrs_local_manifest.py --root	Matched corpus references elevate OCR priority; the committed plan stores path stubs only.
jbrs-ocr-151089-7e1aa44c3d52	151089-7e1aa44c3d52	151089.pdf	Burmese/Burma JBRS/1925/151089.pdf					low	article_pages_only	google_vision	151089-7e1aa44c3d52	metadata_sidecar+page_text+article_text+google_vision_json	data_local/ocr/jbrs/manifest/151089-7e1aa44c3d52.json	ready_for_ocr	needs runtime path cache from build_jbrs_local_manifest.py --root	Matched corpus references elevate OCR priority; the committed plan stores path stubs only.
jbrs-ocr-152115-4cf2252c3079	152115-4cf2252c3079	152115.pdf	Burmese/Burma JBRS/JBRS Originals/152115.pdf					low	article_pages_only	google_vision	152115-4cf2252c3079	metadata_sidecar+page_text+article_text+google_vision_json	data_local/ocr/jbrs/manifest/152115-4cf2252c3079.json	ready_for_ocr	needs runtime path cache from build_jbrs_local_manifest.py --root	Matched corpus references elevate OCR priority; the committed plan stores path stubs only.
jbrs-ocr-152129-f0fc8c3c53cd	152129-f0fc8c3c53cd	152129.pdf	Burmese/Burma JBRS/JBRS Originals/152129.pdf					low	article_pages_only	google_vision	152129-f0fc8c3c53cd	metadata_sidecar+page_text+article_text+google_vision_json	data_local/ocr/jbrs/manifest/152129-f0fc8c3c53cd.json	ready_for_ocr	needs runtime path cache from build_jbrs_local_manifest.py --root	Matched corpus references elevate OCR priority; the committed plan stores path stubs only.
jbrs-ocr-152134-ae6f93b7992d	152134-ae6f93b7992d	152134.pdf	Burmese/Burma JBRS/JBRS Originals/152134.pdf					low	article_pages_only	google_vision	152134-ae6f93b7992d	metadata_sidecar+page_text+article_text+google_vision_json	data_local/ocr/jbrs/manifest/152134-ae6f93b7992d.json	ready_for_ocr	needs runtime path cache from build_jbrs_local_manifest.py --root	Matched corpus references elevate OCR priority; the committed plan stores path stubs only.
jbrs-ocr-152137-70f7c47e116c	152137-70f7c47e116c	152137.pdf	Burmese/Burma JBRS/JBRS Originals/152137.pdf					low	article_pages_only	google_vision	152137-70f7c47e116c	metadata_sidecar+page_text+article_text+google_vision_json	data_local/ocr/jbrs/manifest/152137-70f7c47e116c.json	ready_for_ocr	needs runtime path cache from build_jbrs_local_manifest.py --root	Matched corpus references elevate OCR priority; the committed plan stores path stubs only.
jbrs-ocr-152142-28ab851d2a8b	152142-28ab851d2a8b	152142.pdf	Burmese/Burma JBRS/1925/152142.pdf					low	article_pages_only	google_vision	152142-28ab851d2a8b	metadata_sidecar+page_text+article_text+google_vision_json	data_local/ocr/jbrs/manifest/152142-28ab851d2a8b.json	ready_for_ocr	needs runtime path cache from build_jbrs_local_manifest.py --root	Matched corpus references elevate OCR priority; the committed plan stores path stubs only.
jbrs-ocr-152144-43e6315a2f2e	152144-43e6315a2f2e	152144.pdf	Burmese/Burma JBRS/1925/152144.pdf					low	article_pages_only	google_vision	152144-43e6315a2f2e	metadata_sidecar+page_text+article_text+google_vision_json	data_local/ocr/jbrs/manifest/152144-43e6315a2f2e.json	ready_for_ocr	needs runtime path cache from build_jbrs_local_manifest.py --root	Matched corpus references elevate OCR priority; the committed plan stores path stubs only.
jbrs-ocr-152145-cc4567025f38	152145-cc4567025f38	152145.pdf	Burmese/Burma JBRS/1925/152145.pdf					low	article_pages_only	google_vision	152145-cc4567025f38	metadata_sidecar+page_text+article_text+google_vision_json	data_local/ocr/jbrs/manifest/152145-cc4567025f38.json	ready_for_ocr	needs runtime path cache from build_jbrs_local_manifest.py --root	Matched corpus references elevate OCR priority; the committed plan stores path stubs only.
jbrs-ocr-152148-c715f8667914	152148-c715f8667914	152148.pdf	Burmese/Burma JBRS/JBRS Originals/152148.pdf					low	article_pages_only	google_vision	152148-c715f8667914	metadata_sidecar+page_text+article_text+google_vision_json	data_local/ocr/jbrs/manifest/152148-c715f8667914.json	ready_for_ocr	needs runtime path cache from build_jbrs_local_manifest.py --root	Matched corpus references elevate OCR priority; the committed plan stores path stubs only.
jbrs-ocr-152149-faf61f15afdf	152149-faf61f15afdf	152149.pdf	Burmese/Burma JBRS/JBRS Originals/152149.pdf					low	article_pages_only	google_vision	152149-faf61f15afdf	metadata_sidecar+page_text+article_text+google_vision_json	data_local/ocr/jbrs/manifest/152149-faf61f15afdf.json	ready_for_ocr	needs runtime path cache from build_jbrs_local_manifest.py --root	Matched corpus references elevate OCR priority; the committed plan stores path stubs only.
jbrs-ocr-152150-83025e9c2575	152150-83025e9c2575	152150.pdf	Burmese/Burma JBRS/JBRS Originals/152150.pdf					low	article_pages_only	google_vision	152150-83025e9c2575	metadata_sidecar+page_text+article_text+google_vision_json	data_local/ocr/jbrs/manifest/152150-83025e9c2575.json	ready_for_ocr	needs runtime path cache from build_jbrs_local_manifest.py --root	Matched corpus references elevate OCR priority; the committed plan stores path stubs only.
jbrs-ocr-152150a-2cc67d394d60	152150a-2cc67d394d60	152150A.pdf	Burmese/Burma JBRS/JBRS Originals/152150A.pdf					low	article_pages_only	google_vision	152150a-2cc67d394d60	metadata_sidecar+page_text+article_text+google_vision_json	data_local/ocr/jbrs/manifest/152150a-2cc67d394d60.json	ready_for_ocr	needs runtime path cache from build_jbrs_local_manifest.py --root	Matched corpus references elevate OCR priority; the committed plan stores path stubs only.
jbrs-ocr-152151-8a41a2a4b863	152151-8a41a2a4b863	152151.pdf	Burmese/Burma JBRS/JBRS Originals/152151.pdf					low	article_pages_only	google_vision	152151-8a41a2a4b863	metadata_sidecar+page_text+article_text+google_vision_json	data_local/ocr/jbrs/manifest/152151-8a41a2a4b863.json	ready_for_ocr	needs runtime path cache from build_jbrs_local_manifest.py --root	Matched corpus references elevate OCR priority; the committed plan stores path stubs only.
jbrs-ocr-152151a-51d86292f097	152151a-51d86292f097	152151A.pdf	Burmese/Burma JBRS/JBRS Originals/152151A.pdf					low	article_pages_only	google_vision	152151a-51d86292f097	metadata_sidecar+page_text+article_text+google_vision_json	data_local/ocr/jbrs/manifest/152151a-51d86292f097.json	ready_for_ocr	needs runtime path cache from build_jbrs_local_manifest.py --root	Matched corpus references elevate OCR priority; the committed plan stores path stubs only.
jbrs-ocr-152152-a92f8d829e89	152152-a92f8d829e89	152152.pdf	Burmese/Burma JBRS/JBRS Originals/152152.pdf					low	article_pages_only	google_vision	152152-a92f8d829e89	metadata_sidecar+page_text+article_text+google_vision_json	data_local/ocr/jbrs/manifest/152152-a92f8d829e89.json	ready_for_ocr	needs runtime path cache from build_jbrs_local_manifest.py --root	Matched corpus references elevate OCR priority; the committed plan stores path stubs only.
jbrs-ocr-152152a-285f6382111c	152152a-285f6382111c	152152A.pdf	Burmese/Burma JBRS/JBRS Originals/152152A.pdf					low	article_pages_only	google_vision	152152a-285f6382111c	metadata_sidecar+page_text+article_text+google_vision_json	data_local/ocr/jbrs/manifest/152152a-285f6382111c.json	ready_for_ocr	needs runtime path cache from build_jbrs_local_manifest.py --root	Matched corpus references elevate OCR priority; the committed plan stores path stubs only.
jbrs-ocr-152152b-1bc11c9dc132	152152b-1bc11c9dc132	152152B.pdf	Burmese/Burma JBRS/JBRS Originals/152152B.pdf					low	article_pages_only	google_vision	152152b-1bc11c9dc132	metadata_sidecar+page_text+article_text+google_vision_json	data_local/ocr/jbrs/manifest/152152b-1bc11c9dc132.json	ready_for_ocr	needs runtime path cache from build_jbrs_local_manifest.py --root	Matched corpus references elevate OCR priority; the committed plan stores path stubs only.
jbrs-ocr-152153-9fa7e1dd0297	152153-9fa7e1dd0297	152153.pdf	Burmese/Burma JBRS/JBRS Originals/152153.pdf					low	article_pages_only	google_vision	152153-9fa7e1dd0297	metadata_sidecar+page_text+article_text+google_vision_json	data_local/ocr/jbrs/manifest/152153-9fa7e1dd0297.json	ready_for_ocr	needs runtime path cache from build_jbrs_local_manifest.py --root	Matched corpus references elevate OCR priority; the committed plan stores path stubs only.
jbrs-ocr-152162-701768dd6791	152162-701768dd6791	152162.pdf	Burmese/Burma JBRS/1925/152162.pdf					low	article_pages_only	google_vision	152162-701768dd6791	metadata_sidecar+page_text+article_text+google_vision_json	data_local/ocr/jbrs/manifest/152162-701768dd6791.json	ready_for_ocr	needs runtime path cache from build_jbrs_local_manifest.py --root	Matched corpus references elevate OCR priority; the committed plan stores path stubs only.
jbrs-ocr-152164-d00d834b9063	152164-d00d834b9063	152164.pdf	Burmese/Burma JBRS/JBRS Originals/152164.pdf					low	article_pages_only	google_vision	152164-d00d834b9063	metadata_sidecar+page_text+article_text+google_vision_json	data_local/ocr/jbrs/manifest/152164-d00d834b9063.json	ready_for_ocr	needs runtime path cache from build_jbrs_local_manifest.py --root	Matched corpus references elevate OCR priority; the committed plan stores path stubs only.
jbrs-ocr-152166-d2cd815258f2	152166-d2cd815258f2	152166.pdf	Burmese/Burma JBRS/1925/152166.pdf					low	article_pages_only	google_vision	152166-d2cd815258f2	metadata_sidecar+page_text+article_text+google_vision_json	data_local/ocr/jbrs/manifest/152166-d2cd815258f2.json	ready_for_ocr	needs runtime path cache from build_jbrs_local_manifest.py --root	Matched corpus references elevate OCR priority; the committed plan stores path stubs only.
jbrs-ocr-153171-dd8a528147e6	153171-dd8a528147e6	153171.pdf	Burmese/Burma JBRS/JBRS Originals/153171.pdf					low	article_pages_only	google_vision	153171-dd8a528147e6	metadata_sidecar+page_text+article_text+google_vision_json	data_local/ocr/jbrs/manifest/153171-dd8a528147e6.json	ready_for_ocr	needs runtime path cache from build_jbrs_local_manifest.py --root	Matched corpus references elevate OCR priority; the committed plan stores path stubs only.
jbrs-ocr-153181-d20e40b35106	153181-d20e40b35106	153181.pdf	Burmese/Burma JBRS/1925/153181.pdf					low	article_pages_only	google_vision	153181-d20e40b35106	metadata_sidecar+page_text+article_text+google_vision_json	data_local/ocr/jbrs/manifest/153181-d20e40b35106.json	ready_for_ocr	needs runtime path cache from build_jbrs_local_manifest.py --root	Matched corpus references elevate OCR priority; the committed plan stores path stubs only.
jbrs-ocr-153196-6dfe64d80772	153196-6dfe64d80772	153196.pdf	Burmese/Burma JBRS/1925/153196.pdf					low	article_pages_only	google_vision	153196-6dfe64d80772	metadata_sidecar+page_text+article_text+google_vision_json	data_local/ocr/jbrs/manifest/153196-6dfe64d80772.json	ready_for_ocr	needs runtime path cache from build_jbrs_local_manifest.py --root	Matched corpus references elevate OCR priority; the committed plan stores path stubs only.
jbrs-ocr-153222-8c68a8fba69d	153222-8c68a8fba69d	153222.pdf	Burmese/Burma JBRS/1925/153222.pdf					low	article_pages_only	google_vision	153222-8c68a8fba69d	metadata_sidecar+page_text+article_text+google_vision_json	data_local/ocr/jbrs/manifest/153222-8c68a8fba69d.json	ready_for_ocr	needs runtime path cache from build_jbrs_local_manifest.py --root	Matched corpus references elevate OCR priority; the committed plan stores path stubs only.
jbrs-ocr-153244-515f34442fa2	153244-515f34442fa2	153244.pdf	Burmese/Burma JBRS/1925/153244.pdf					low	article_pages_only	google_vision	153244-515f34442fa2	metadata_sidecar+page_text+article_text+google_vision_json	data_local/ocr/jbrs/manifest/153244-515f34442fa2.json	ready_for_ocr	needs runtime path cache from build_jbrs_local_manifest.py --root	Matched corpus references elevate OCR priority; the committed plan stores path stubs only.
jbrs-ocr-153254-e32b6a7943bc	153254-e32b6a7943bc	153254.pdf	Burmese/Burma JBRS/JBRS Originals/153254.pdf					low	article_pages_only	google_vision	153254-e32b6a7943bc	metadata_sidecar+page_text+article_text+google_vision_json	data_local/ocr/jbrs/manifest/153254-e32b6a7943bc.json	ready_for_ocr	needs runtime path cache from build_jbrs_local_manifest.py --root	Matched corpus references elevate OCR priority; the committed plan stores path stubs only.
jbrs-ocr-161001-450bd98c8531	161001-450bd98c8531	161001.pdf	Burmese/Burma JBRS/JBRS Originals/161001.pdf					low	article_pages_only	google_vision	161001-450bd98c8531	metadata_sidecar+page_text+article_text+google_vision_json	data_local/ocr/jbrs/manifest/161001-450bd98c8531.json	ready_for_ocr	needs runtime path cache from build_jbrs_local_manifest.py --root	Matched corpus references elevate OCR priority; the committed plan stores path stubs only.
jbrs-ocr-161011-1f3df346e666	161011-1f3df346e666	161011.pdf	Burmese/Burma JBRS/JBRS Originals/161011.pdf					low	article_pages_only	google_vision	161011-1f3df346e666	metadata_sidecar+page_text+article_text+google_vision_json	data_local/ocr/jbrs/manifest/161011-1f3df346e666.json	ready_for_ocr	needs runtime path cache from build_jbrs_local_manifest.py --root	Matched corpus references elevate OCR priority; the committed plan stores path stubs only.
jbrs-ocr-161024-14ad33e05980	161024-14ad33e05980	161024.pdf	Burmese/Burma JBRS/1926/161024.pdf					low	article_pages_only	google_vision	161024-14ad33e05980	metadata_sidecar+page_text+article_text+google_vision_json	data_local/ocr/jbrs/manifest/161024-14ad33e05980.json	ready_for_ocr	needs runtime path cache from build_jbrs_local_manifest.py --root	Matched corpus references elevate OCR priority; the committed plan stores path stubs only.
jbrs-ocr-161036-96753ad4fbfe	161036-96753ad4fbfe	161036.pdf	Burmese/Burma JBRS/JBRS Originals/161036.pdf					low	article_pages_only	google_vision	161036-96753ad4fbfe	metadata_sidecar+page_text+article_text+google_vision_json	data_local/ocr/jbrs/manifest/161036-96753ad4fbfe.json	ready_for_ocr	needs runtime path cache from build_jbrs_local_manifest.py --root	Matched corpus references elevate OCR priority; the committed plan stores path stubs only.
jbrs-ocr-161043-3079a396b45a	161043-3079a396b45a	161043.pdf	Burmese/Burma JBRS/JBRS Originals/161043.pdf					low	article_pages_only	google_vision	161043-3079a396b45a	metadata_sidecar+page_text+article_text+google_vision_json	data_local/ocr/jbrs/manifest/161043-3079a396b45a.json	ready_for_ocr	needs runtime path cache from build_jbrs_local_manifest.py --root	Matched corpus references elevate OCR priority; the committed plan stores path stubs only.
jbrs-ocr-161046-98d33c1d89b7	161046-98d33c1d89b7	161046.pdf	Burmese/Burma JBRS/1926/161046.pdf					low	article_pages_only	google_vision	161046-98d33c1d89b7	metadata_sidecar+page_text+article_text+google_vision_json	data_local/ocr/jbrs/manifest/161046-98d33c1d89b7.json	ready_for_ocr	needs runtime path cache from build_jbrs_local_manifest.py --root	Matched corpus references elevate OCR priority; the committed plan stores path stubs only.
jbrs-ocr-161058-ba3519089170	161058-ba3519089170	161058.pdf	Burmese/Burma JBRS/JBRS Originals/161058.pdf					low	article_pages_only	google_vision	161058-ba3519089170	metadata_sidecar+page_text+article_text+google_vision_json	data_local/ocr/jbrs/manifest/161058-ba3519089170.json	ready_for_ocr	needs runtime path cache from build_jbrs_local_manifest.py --root	Matched corpus references elevate OCR priority; the committed plan stores path stubs only.
jbrs-ocr-161068-24807e29e50e	161068-24807e29e50e	161068.pdf	Burmese/Burma JBRS/JBRS Originals/161068.pdf					low	article_pages_only	google_vision	161068-24807e29e50e	metadata_sidecar+page_text+article_text+google_vision_json	data_local/ocr/jbrs/manifest/161068-24807e29e50e.json	ready_for_ocr	needs runtime path cache from build_jbrs_local_manifest.py --root	Matched corpus references elevate OCR priority; the committed plan stores path stubs only.
jbrs-ocr-162101-97bfbd67bba1	162101-97bfbd67bba1	162101.pdf	Burmese/Burma JBRS/JBRS Originals/162101.pdf					low	article_pages_only	google_vision	162101-97bfbd67bba1	metadata_sidecar+page_text+article_text+google_vision_json	data_local/ocr/jbrs/manifest/162101-97bfbd67bba1.json	ready_for_ocr	needs runtime path cache from build_jbrs_local_manifest.py --root	Matched corpus references elevate OCR priority; the committed plan stores path stubs only.
jbrs-ocr-162139-d634ce27da2b	162139-d634ce27da2b	162139.pdf	Burmese/Burma JBRS/JBRS Originals/162139.pdf					low	article_pages_only	google_vision	162139-d634ce27da2b	metadata_sidecar+page_text+article_text+google_vision_json	data_local/ocr/jbrs/manifest/162139-d634ce27da2b.json	ready_for_ocr	needs runtime path cache from build_jbrs_local_manifest.py --root	Matched corpus references elevate OCR priority; the committed plan stores path stubs only.
jbrs-ocr-162150-dfdc3ba658c6	162150-dfdc3ba658c6	162150.pdf	Burmese/Burma JBRS/JBRS Originals/162150.pdf					low	article_pages_only	google_vision	162150-dfdc3ba658c6	metadata_sidecar+page_text+article_text+google_vision_json	data_local/ocr/jbrs/manifest/162150-dfdc3ba658c6.json	ready_for_ocr	needs runtime path cache from build_jbrs_local_manifest.py --root	Matched corpus references elevate OCR priority; the committed plan stores path stubs only.
jbrs-ocr-162158-5f937673c2aa	162158-5f937673c2aa	162158.pdf	Burmese/Burma JBRS/1926/162158.pdf					low	article_pages_only	google_vision	162158-5f937673c2aa	metadata_sidecar+page_text+article_text+google_vision_json	data_local/ocr/jbrs/manifest/162158-5f937673c2aa.json	ready_for_ocr	needs runtime path cache from build_jbrs_local_manifest.py --root	Matched corpus references elevate OCR priority; the committed plan stores path stubs only.
jbrs-ocr-163166-6790ffef95b5	163166-6790ffef95b5	163166.pdf	Burmese/Burma JBRS/1928/163166.pdf					low	article_pages_only	google_vision	163166-6790ffef95b5	metadata_sidecar+page_text+article_text+google_vision_json	data_local/ocr/jbrs/manifest/163166-6790ffef95b5.json	ready_for_ocr	needs runtime path cache from build_jbrs_local_manifest.py --root	Matched corpus references elevate OCR priority; the committed plan stores path stubs only.
jbrs-ocr-163176-fcce90bb44bf	163176-fcce90bb44bf	163176.pdf	Burmese/Burma JBRS/1928/163176.pdf					low	article_pages_only	google_vision	163176-fcce90bb44bf	metadata_sidecar+page_text+article_text+google_vision_json	data_local/ocr/jbrs/manifest/163176-fcce90bb44bf.json	ready_for_ocr	needs runtime path cache from build_jbrs_local_manifest.py --root	Matched corpus references elevate OCR priority; the committed plan stores path stubs only.
jbrs-ocr-163200-8794da1791a6	163200-8794da1791a6	163200.pdf	Burmese/Burma JBRS/1926/163200.pdf					low	article_pages_only	google_vision	163200-8794da1791a6	metadata_sidecar+page_text+article_text+google_vision_json	data_local/ocr/jbrs/manifest/163200-8794da1791a6.json	ready_for_ocr	needs runtime path cache from build_jbrs_local_manifest.py --root	Matched corpus references elevate OCR priority; the committed plan stores path stubs only.
jbrs-ocr-163211-1aadfb635d11	163211-1aadfb635d11	163211.pdf	Burmese/Burma JBRS/1926/163211.pdf					low	article_pages_only	google_vision	163211-1aadfb635d11	metadata_sidecar+page_text+article_text+google_vision_json	data_local/ocr/jbrs/manifest/163211-1aadfb635d11.json	ready_for_ocr	needs runtime path cache from build_jbrs_local_manifest.py --root	Matched corpus references elevate OCR priority; the committed plan stores path stubs only.
jbrs-ocr-163213-47f181958d75	163213-47f181958d75	163213.pdf	Burmese/Burma JBRS/JBRS Originals/163213.pdf					low	article_pages_only	google_vision	163213-47f181958d75	metadata_sidecar+page_text+article_text+google_vision_json	data_local/ocr/jbrs/manifest/163213-47f181958d75.json	ready_for_ocr	needs runtime path cache from build_jbrs_local_manifest.py --root	Matched corpus references elevate OCR priority; the committed plan stores path stubs only.
jbrs-ocr-163214-d0a936daba98	163214-d0a936daba98	163214.pdf	Burmese/Burma JBRS/1926/163214.pdf					low	article_pages_only	google_vision	163214-d0a936daba98	metadata_sidecar+page_text+article_text+google_vision_json	data_local/ocr/jbrs/manifest/163214-d0a936daba98.json	ready_for_ocr	needs runtime path cache from build_jbrs_local_manifest.py --root	Matched corpus references elevate OCR priority; the committed plan stores path stubs only.
jbrs-ocr-163220-3d6b54c91196	163220-3d6b54c91196	163220.pdf	Burmese/Burma JBRS/1926/163220.pdf					low	article_pages_only	google_vision	163220-3d6b54c91196	metadata_sidecar+page_text+article_text+google_vision_json	data_local/ocr/jbrs/manifest/163220-3d6b54c91196.json	ready_for_ocr	needs runtime path cache from build_jbrs_local_manifest.py --root	Matched corpus references elevate OCR priority; the committed plan stores path stubs only.
jbrs-ocr-163220-e662541eca85	163220-e662541eca85	163220.pdf	Burmese/Burma JBRS/JBRS Originals/163220.pdf					low	article_pages_only	google_vision	163220-e662541eca85	metadata_sidecar+page_text+article_text+google_vision_json	data_local/ocr/jbrs/manifest/163220-e662541eca85.json	ready_for_ocr	needs runtime path cache from build_jbrs_local_manifest.py --root	Matched corpus references elevate OCR priority; the committed plan stores path stubs only.
jbrs-ocr-163227-85434c42c221	163227-85434c42c221	163227.pdf	Burmese/Burma JBRS/1926/163227.pdf					low	article_pages_only	google_vision	163227-85434c42c221	metadata_sidecar+page_text+article_text+google_vision_json	data_local/ocr/jbrs/manifest/163227-85434c42c221.json	ready_for_ocr	needs runtime path cache from build_jbrs_local_manifest.py --root	Matched corpus references elevate OCR priority; the committed plan stores path stubs only.
jbrs-ocr-163230-f6e29a083fd9	163230-f6e29a083fd9	163230.pdf	Burmese/Burma JBRS/1926/163230.pdf					low	article_pages_only	google_vision	163230-f6e29a083fd9	metadata_sidecar+page_text+article_text+google_vision_json	data_local/ocr/jbrs/manifest/163230-f6e29a083fd9.json	ready_for_ocr	needs runtime path cache from build_jbrs_local_manifest.py --root	Matched corpus references elevate OCR priority; the committed plan stores path stubs only.
jbrs-ocr-171001-84052427e09b	171001-84052427e09b	171001.pdf	Burmese/Burma JBRS/JBRS Originals/171001.pdf					low	article_pages_only	google_vision	171001-84052427e09b	metadata_sidecar+page_text+article_text+google_vision_json	data_local/ocr/jbrs/manifest/171001-84052427e09b.json	ready_for_ocr	needs runtime path cache from build_jbrs_local_manifest.py --root	Matched corpus references elevate OCR priority; the committed plan stores path stubs only.
jbrs-ocr-172105-7def855daf0e	172105-7def855daf0e	172105.pdf	Burmese/Burma JBRS/1927/172105.pdf					low	article_pages_only	google_vision	172105-7def855daf0e	metadata_sidecar+page_text+article_text+google_vision_json	data_local/ocr/jbrs/manifest/172105-7def855daf0e.json	ready_for_ocr	needs runtime path cache from build_jbrs_local_manifest.py --root	Matched corpus references elevate OCR priority; the committed plan stores path stubs only.
jbrs-ocr-172119-63915e425265	172119-63915e425265	172119.pdf	Burmese/Burma JBRS/JBRS Originals/172119.pdf					low	article_pages_only	google_vision	172119-63915e425265	metadata_sidecar+page_text+article_text+google_vision_json	data_local/ocr/jbrs/manifest/172119-63915e425265.json	ready_for_ocr	needs runtime path cache from build_jbrs_local_manifest.py --root	Matched corpus references elevate OCR priority; the committed plan stores path stubs only.
jbrs-ocr-172127-1cc5174fb172	172127-1cc5174fb172	172127.pdf	Burmese/Burma JBRS/JBRS Originals/172127.pdf					low	article_pages_only	google_vision	172127-1cc5174fb172	metadata_sidecar+page_text+article_text+google_vision_json	data_local/ocr/jbrs/manifest/172127-1cc5174fb172.json	ready_for_ocr	needs runtime path cache from build_jbrs_local_manifest.py --root	Matched corpus references elevate OCR priority; the committed plan stores path stubs only.
jbrs-ocr-172157-6e2d43365b64	172157-6e2d43365b64	172157.pdf	Burmese/Burma JBRS/1927/172157.pdf					low	article_pages_only	google_vision	172157-6e2d43365b64	metadata_sidecar+page_text+article_text+google_vision_json	data_local/ocr/jbrs/manifest/172157-6e2d43365b64.json	ready_for_ocr	needs runtime path cache from build_jbrs_local_manifest.py --root	Matched corpus references elevate OCR priority; the committed plan stores path stubs only.
jbrs-ocr-172165-43733b36bc41	172165-43733b36bc41	172165.pdf	Burmese/Burma JBRS/JBRS Originals/172165.pdf					low	article_pages_only	google_vision	172165-43733b36bc41	metadata_sidecar+page_text+article_text+google_vision_json	data_local/ocr/jbrs/manifest/172165-43733b36bc41.json	ready_for_ocr	needs runtime path cache from build_jbrs_local_manifest.py --root	Matched corpus references elevate OCR priority; the committed plan stores path stubs only.
jbrs-ocr-173169-556a95aa00c4	173169-556a95aa00c4	173169.pdf	Burmese/Burma JBRS/JBRS Originals/173169.pdf					low	article_pages_only	google_vision	173169-556a95aa00c4	metadata_sidecar+page_text+article_text+google_vision_json	data_local/ocr/jbrs/manifest/173169-556a95aa00c4.json	ready_for_ocr	needs runtime path cache from build_jbrs_local_manifest.py --root	Matched corpus references elevate OCR priority; the committed plan stores path stubs only.
jbrs-ocr-173174-6058a5bc8892	173174-6058a5bc8892	173174.pdf	Burmese/Burma JBRS/JBRS Originals/173174.pdf					low	article_pages_only	google_vision	173174-6058a5bc8892	metadata_sidecar+page_text+article_text+google_vision_json	data_local/ocr/jbrs/manifest/173174-6058a5bc8892.json	ready_for_ocr	needs runtime path cache from build_jbrs_local_manifest.py --root	Matched corpus references elevate OCR priority; the committed plan stores path stubs only.
jbrs-ocr-173176-cf8642affb2a	173176-cf8642affb2a	173176.pdf	Burmese/Burma JBRS/JBRS Originals/173176.pdf					low	article_pages_only	google_vision	173176-cf8642affb2a	metadata_sidecar+page_text+article_text+google_vision_json	data_local/ocr/jbrs/manifest/173176-cf8642affb2a.json	ready_for_ocr	needs runtime path cache from build_jbrs_local_manifest.py --root	Matched corpus references elevate OCR priority; the committed plan stores path stubs only.
jbrs-ocr-173177-03021e2137b7	173177-03021e2137b7	173177.pdf	Burmese/Burma JBRS/JBRS Originals/173177.pdf					low	article_pages_only	google_vision	173177-03021e2137b7	metadata_sidecar+page_text+article_text+google_vision_json	data_local/ocr/jbrs/manifest/173177-03021e2137b7.json	ready_for_ocr	needs runtime path cache from build_jbrs_local_manifest.py --root	Matched corpus references elevate OCR priority; the committed plan stores path stubs only.
jbrs-ocr-173190-4a6e1b9c5700	173190-4a6e1b9c5700	173190.pdf	Burmese/Burma JBRS/1927/173190.pdf					low	article_pages_only	google_vision	173190-4a6e1b9c5700	metadata_sidecar+page_text+article_text+google_vision_json	data_local/ocr/jbrs/manifest/173190-4a6e1b9c5700.json	ready_for_ocr	needs runtime path cache from build_jbrs_local_manifest.py --root	Matched corpus references elevate OCR priority; the committed plan stores path stubs only.
jbrs-ocr-173238-cbcb07b75cb7	173238-cbcb07b75cb7	173238.pdf	Burmese/Burma JBRS/1927/173238.pdf					low	article_pages_only	google_vision	173238-cbcb07b75cb7	metadata_sidecar+page_text+article_text+google_vision_json	data_local/ocr/jbrs/manifest/173238-cbcb07b75cb7.json	ready_for_ocr	needs runtime path cache from build_jbrs_local_manifest.py --root	Matched corpus references elevate OCR priority; the committed plan stores path stubs only.
jbrs-ocr-173244-793180541919	173244-793180541919	173244.pdf	Burmese/Burma JBRS/1927/173244.pdf					low	article_pages_only	google_vision	173244-793180541919	metadata_sidecar+page_text+article_text+google_vision_json	data_local/ocr/jbrs/manifest/173244-793180541919.json	ready_for_ocr	needs runtime path cache from build_jbrs_local_manifest.py --root	Matched corpus references elevate OCR priority; the committed plan stores path stubs only.
jbrs-ocr-173252-8d1501849396	173252-8d1501849396	173252.pdf	Burmese/Burma JBRS/1927/173252.pdf					low	article_pages_only	google_vision	173252-8d1501849396	metadata_sidecar+page_text+article_text+google_vision_json	data_local/ocr/jbrs/manifest/173252-8d1501849396.json	ready_for_ocr	needs runtime path cache from build_jbrs_local_manifest.py --root	Matched corpus references elevate OCR priority; the committed plan stores path stubs only.
jbrs-ocr-173257-37007a05bfa0	173257-37007a05bfa0	173257.pdf	Burmese/Burma JBRS/1927/173257.pdf					low	article_pages_only	google_vision	173257-37007a05bfa0	metadata_sidecar+page_text+article_text+google_vision_json	data_local/ocr/jbrs/manifest/173257-37007a05bfa0.json	ready_for_ocr	needs runtime path cache from build_jbrs_local_manifest.py --root	Matched corpus references elevate OCR priority; the committed plan stores path stubs only.
jbrs-ocr-173259-dcd317851ed1	173259-dcd317851ed1	173259.pdf	Burmese/Burma JBRS/1927/173259.pdf					low	article_pages_only	google_vision	173259-dcd317851ed1	metadata_sidecar+page_text+article_text+google_vision_json	data_local/ocr/jbrs/manifest/173259-dcd317851ed1.json	ready_for_ocr	needs runtime path cache from build_jbrs_local_manifest.py --root	Matched corpus references elevate OCR priority; the committed plan stores path stubs only.
jbrs-ocr-173270-d6ef2d83dc98	173270-d6ef2d83dc98	173270.pdf	Burmese/Burma JBRS/1927/173270.pdf					low	article_pages_only	google_vision	173270-d6ef2d83dc98	metadata_sidecar+page_text+article_text+google_vision_json	data_local/ocr/jbrs/manifest/173270-d6ef2d83dc98.json	ready_for_ocr	needs runtime path cache from build_jbrs_local_manifest.py --root	Matched corpus references elevate OCR priority; the committed plan stores path stubs only.
jbrs-ocr-181001-962e62798285	181001-962e62798285	181001.pdf	Burmese/Burma JBRS/1928/181001.pdf					low	article_pages_only	google_vision	181001-962e62798285	metadata_sidecar+page_text+article_text+google_vision_json	data_local/ocr/jbrs/manifest/181001-962e62798285.json	ready_for_ocr	needs runtime path cache from build_jbrs_local_manifest.py --root	Matched corpus references elevate OCR priority; the committed plan stores path stubs only.
jbrs-ocr-181012-33cb3fb8a6d8	181012-33cb3fb8a6d8	181012.pdf	Burmese/Burma JBRS/JBRS Originals/181012.pdf					low	article_pages_only	google_vision	181012-33cb3fb8a6d8	metadata_sidecar+page_text+article_text+google_vision_json	data_local/ocr/jbrs/manifest/181012-33cb3fb8a6d8.json	ready_for_ocr	needs runtime path cache from build_jbrs_local_manifest.py --root	Matched corpus references elevate OCR priority; the committed plan stores path stubs only.
jbrs-ocr-181016-005a85035d1a	181016-005a85035d1a	181016.pdf	Burmese/Burma JBRS/JBRS Originals/181016.pdf					low	article_pages_only	google_vision	181016-005a85035d1a	metadata_sidecar+page_text+article_text+google_vision_json	data_local/ocr/jbrs/manifest/181016-005a85035d1a.json	ready_for_ocr	needs runtime path cache from build_jbrs_local_manifest.py --root	Matched corpus references elevate OCR priority; the committed plan stores path stubs only.
jbrs-ocr-181021-e1ec970f5c06	181021-e1ec970f5c06	181021.pdf	Burmese/Burma JBRS/JBRS Originals/181021.pdf					low	article_pages_only	google_vision	181021-e1ec970f5c06	metadata_sidecar+page_text+article_text+google_vision_json	data_local/ocr/jbrs/manifest/181021-e1ec970f5c06.json	ready_for_ocr	needs runtime path cache from build_jbrs_local_manifest.py --root	Matched corpus references elevate OCR priority; the committed plan stores path stubs only.
jbrs-ocr-181035-c6123f3db422	181035-c6123f3db422	181035.pdf	Burmese/Burma JBRS/1928/181035.pdf					low	article_pages_only	google_vision	181035-c6123f3db422	metadata_sidecar+page_text+article_text+google_vision_json	data_local/ocr/jbrs/manifest/181035-c6123f3db422.json	ready_for_ocr	needs runtime path cache from build_jbrs_local_manifest.py --root	Matched corpus references elevate OCR priority; the committed plan stores path stubs only.
jbrs-ocr-181044-21aa5be6e926	181044-21aa5be6e926	181044.pdf	Burmese/Burma JBRS/JBRS Originals/181044.pdf					low	article_pages_only	google_vision	181044-21aa5be6e926	metadata_sidecar+page_text+article_text+google_vision_json	data_local/ocr/jbrs/manifest/181044-21aa5be6e926.json	ready_for_ocr	needs runtime path cache from build_jbrs_local_manifest.py --root	Matched corpus references elevate OCR priority; the committed plan stores path stubs only.
jbrs-ocr-182051-915f34b1d8a8	182051-915f34b1d8a8	182051.pdf	Burmese/Burma JBRS/JBRS Originals/182051.pdf					low	article_pages_only	google_vision	182051-915f34b1d8a8	metadata_sidecar+page_text+article_text+google_vision_json	data_local/ocr/jbrs/manifest/182051-915f34b1d8a8.json	ready_for_ocr	needs runtime path cache from build_jbrs_local_manifest.py --root	Matched corpus references elevate OCR priority; the committed plan stores path stubs only.
jbrs-ocr-182062-6501ea80f0f4	182062-6501ea80f0f4	182062.pdf	Burmese/Burma JBRS/JBRS Originals/182062.pdf					low	article_pages_only	google_vision	182062-6501ea80f0f4	metadata_sidecar+page_text+article_text+google_vision_json	data_local/ocr/jbrs/manifest/182062-6501ea80f0f4.json	ready_for_ocr	needs runtime path cache from build_jbrs_local_manifest.py --root	Matched corpus references elevate OCR priority; the committed plan stores path stubs only.
jbrs-ocr-182069-a2ca06a74fba	182069-a2ca06a74fba	182069.pdf	Burmese/Burma JBRS/JBRS Originals/182069.pdf					low	article_pages_only	google_vision	182069-a2ca06a74fba	metadata_sidecar+page_text+article_text+google_vision_json	data_local/ocr/jbrs/manifest/182069-a2ca06a74fba.json	ready_for_ocr	needs runtime path cache from build_jbrs_local_manifest.py --root	Matched corpus references elevate OCR priority; the committed plan stores path stubs only.
jbrs-ocr-182071-651517c09d1d	182071-651517c09d1d	182071.pdf	Burmese/Burma JBRS/1928/182071.pdf					low	article_pages_only	google_vision	182071-651517c09d1d	metadata_sidecar+page_text+article_text+google_vision_json	data_local/ocr/jbrs/manifest/182071-651517c09d1d.json	ready_for_ocr	needs runtime path cache from build_jbrs_local_manifest.py --root	Matched corpus references elevate OCR priority; the committed plan stores path stubs only.
jbrs-ocr-182072-0ea88e417bcf	182072-0ea88e417bcf	182072.pdf	Burmese/Burma JBRS/1928/182072.pdf					low	article_pages_only	google_vision	182072-0ea88e417bcf	metadata_sidecar+page_text+article_text+google_vision_json	data_local/ocr/jbrs/manifest/182072-0ea88e417bcf.json	ready_for_ocr	needs runtime path cache from build_jbrs_local_manifest.py --root	Matched corpus references elevate OCR priority; the committed plan stores path stubs only.
jbrs-ocr-183075-1816e00dbb07	183075-1816e00dbb07	183075.pdf	Burmese/Burma JBRS/1928/183075.pdf					low	article_pages_only	google_vision	183075-1816e00dbb07	metadata_sidecar+page_text+article_text+google_vision_json	data_local/ocr/jbrs/manifest/183075-1816e00dbb07.json	ready_for_ocr	needs runtime path cache from build_jbrs_local_manifest.py --root	Matched corpus references elevate OCR priority; the committed plan stores path stubs only.
jbrs-ocr-183078-fdac84208dbe	183078-fdac84208dbe	183078.pdf	Burmese/Burma JBRS/1928/183078.pdf					low	article_pages_only	google_vision	183078-fdac84208dbe	metadata_sidecar+page_text+article_text+google_vision_json	data_local/ocr/jbrs/manifest/183078-fdac84208dbe.json	ready_for_ocr	needs runtime path cache from build_jbrs_local_manifest.py --root	Matched corpus references elevate OCR priority; the committed plan stores path stubs only.
jbrs-ocr-183080-3d891f28edef	183080-3d891f28edef	183080.pdf	Burmese/Burma JBRS/1928/183080.pdf					low	article_pages_only	google_vision	183080-3d891f28edef	metadata_sidecar+page_text+article_text+google_vision_json	data_local/ocr/jbrs/manifest/183080-3d891f28edef.json	ready_for_ocr	needs runtime path cache from build_jbrs_local_manifest.py --root	Matched corpus references elevate OCR priority; the committed plan stores path stubs only.
jbrs-ocr-183098-db13706dabbc	183098-db13706dabbc	183098.pdf	Burmese/Burma JBRS/JBRS Originals/183098.pdf					low	article_pages_only	google_vision	183098-db13706dabbc	metadata_sidecar+page_text+article_text+google_vision_json	data_local/ocr/jbrs/manifest/183098-db13706dabbc.json	ready_for_ocr	needs runtime path cache from build_jbrs_local_manifest.py --root	Matched corpus references elevate OCR priority; the committed plan stores path stubs only.
jbrs-ocr-183102-2ac79d8d2fdc	183102-2ac79d8d2fdc	183102.pdf	Burmese/Burma JBRS/1928/183102.pdf					low	article_pages_only	google_vision	183102-2ac79d8d2fdc	metadata_sidecar+page_text+article_text+google_vision_json	data_local/ocr/jbrs/manifest/183102-2ac79d8d2fdc.json	ready_for_ocr	needs runtime path cache from build_jbrs_local_manifest.py --root	Matched corpus references elevate OCR priority; the committed plan stores path stubs only.
jbrs-ocr-183110-730ce045039d	183110-730ce045039d	183110.pdf	Burmese/Burma JBRS/1928/183110.pdf					low	article_pages_only	google_vision	183110-730ce045039d	metadata_sidecar+page_text+article_text+google_vision_json	data_local/ocr/jbrs/manifest/183110-730ce045039d.json	ready_for_ocr	needs runtime path cache from build_jbrs_local_manifest.py --root	Matched corpus references elevate OCR priority; the committed plan stores path stubs only.
jbrs-ocr-183112-11e7d3df44c3	183112-11e7d3df44c3	183112.pdf	Burmese/Burma JBRS/1928/183112.pdf					low	article_pages_only	google_vision	183112-11e7d3df44c3	metadata_sidecar+page_text+article_text+google_vision_json	data_local/ocr/jbrs/manifest/183112-11e7d3df44c3.json	ready_for_ocr	needs runtime path cache from build_jbrs_local_manifest.py --root	Matched corpus references elevate OCR priority; the committed plan stores path stubs only.
jbrs-ocr-183116-903defc7fdf1	183116-903defc7fdf1	183116.pdf	Burmese/Burma JBRS/1928/183116.pdf					low	article_pages_only	google_vision	183116-903defc7fdf1	metadata_sidecar+page_text+article_text+google_vision_json	data_local/ocr/jbrs/manifest/183116-903defc7fdf1.json	ready_for_ocr	needs runtime path cache from build_jbrs_local_manifest.py --root	Matched corpus references elevate OCR priority; the committed plan stores path stubs only.
jbrs-ocr-183120-1b7fb9bdf189	183120-1b7fb9bdf189	183120.pdf	Burmese/Burma JBRS/1928/183120.pdf					low	article_pages_only	google_vision	183120-1b7fb9bdf189	metadata_sidecar+page_text+article_text+google_vision_json	data_local/ocr/jbrs/manifest/183120-1b7fb9bdf189.json	ready_for_ocr	needs runtime path cache from build_jbrs_local_manifest.py --root	Matched corpus references elevate OCR priority; the committed plan stores path stubs only.
jbrs-ocr-183124-1c440ec9a32d	183124-1c440ec9a32d	183124.pdf	Burmese/Burma JBRS/JBRS Originals/183124.pdf					low	article_pages_only	google_vision	183124-1c440ec9a32d	metadata_sidecar+page_text+article_text+google_vision_json	data_local/ocr/jbrs/manifest/183124-1c440ec9a32d.json	ready_for_ocr	needs runtime path cache from build_jbrs_local_manifest.py --root	Matched corpus references elevate OCR priority; the committed plan stores path stubs only.
jbrs-ocr-183132-e83bdb66544b	183132-e83bdb66544b	183132.pdf	Burmese/Burma JBRS/JBRS Originals/183132.pdf					low	article_pages_only	google_vision	183132-e83bdb66544b	metadata_sidecar+page_text+article_text+google_vision_json	data_local/ocr/jbrs/manifest/183132-e83bdb66544b.json	ready_for_ocr	needs runtime path cache from build_jbrs_local_manifest.py --root	Matched corpus references elevate OCR priority; the committed plan stores path stubs only.
jbrs-ocr-191001-0f934914c35c	191001-0f934914c35c	191001.pdf	Burmese/Burma JBRS/JBRS Originals/191001.pdf					low	article_pages_only	google_vision	191001-0f934914c35c	metadata_sidecar+page_text+article_text+google_vision_json	data_local/ocr/jbrs/manifest/191001-0f934914c35c.json	ready_for_ocr	needs runtime path cache from build_jbrs_local_manifest.py --root	Matched corpus references elevate OCR priority; the committed plan stores path stubs only.
jbrs-ocr-191015-c05a3e1df08b	191015-c05a3e1df08b	191015.pdf	Burmese/Burma JBRS/1929/191015.pdf					low	article_pages_only	google_vision	191015-c05a3e1df08b	metadata_sidecar+page_text+article_text+google_vision_json	data_local/ocr/jbrs/manifest/191015-c05a3e1df08b.json	ready_for_ocr	needs runtime path cache from build_jbrs_local_manifest.py --root	Matched corpus references elevate OCR priority; the committed plan stores path stubs only.
jbrs-ocr-191025-5f312423bfce	191025-5f312423bfce	191025.pdf	Burmese/Burma JBRS/1929/191025.pdf					low	article_pages_only	google_vision	191025-5f312423bfce	metadata_sidecar+page_text+article_text+google_vision_json	data_local/ocr/jbrs/manifest/191025-5f312423bfce.json	ready_for_ocr	needs runtime path cache from build_jbrs_local_manifest.py --root	Matched corpus references elevate OCR priority; the committed plan stores path stubs only.
jbrs-ocr-191028-0b9ed64bdd6b	191028-0b9ed64bdd6b	191028.pdf	Burmese/Burma JBRS/1929/191028.pdf					low	article_pages_only	google_vision	191028-0b9ed64bdd6b	metadata_sidecar+page_text+article_text+google_vision_json	data_local/ocr/jbrs/manifest/191028-0b9ed64bdd6b.json	ready_for_ocr	needs runtime path cache from build_jbrs_local_manifest.py --root	Matched corpus references elevate OCR priority; the committed plan stores path stubs only.
jbrs-ocr-192031-6ec1941589dc	192031-6ec1941589dc	192031.pdf	Burmese/Burma JBRS/JBRS Originals/192031.pdf					low	article_pages_only	google_vision	192031-6ec1941589dc	metadata_sidecar+page_text+article_text+google_vision_json	data_local/ocr/jbrs/manifest/192031-6ec1941589dc.json	ready_for_ocr	needs runtime path cache from build_jbrs_local_manifest.py --root	Matched corpus references elevate OCR priority; the committed plan stores path stubs only.
jbrs-ocr-192036-e203c6694577	192036-e203c6694577	192036.pdf	Burmese/Burma JBRS/1929/192036.pdf					low	article_pages_only	google_vision	192036-e203c6694577	metadata_sidecar+page_text+article_text+google_vision_json	data_local/ocr/jbrs/manifest/192036-e203c6694577.json	ready_for_ocr	needs runtime path cache from build_jbrs_local_manifest.py --root	Matched corpus references elevate OCR priority; the committed plan stores path stubs only.
jbrs-ocr-192043-301f1e5c4f12	192043-301f1e5c4f12	192043.pdf	Burmese/Burma JBRS/1929/192043.pdf					low	article_pages_only	google_vision	192043-301f1e5c4f12	metadata_sidecar+page_text+article_text+google_vision_json	data_local/ocr/jbrs/manifest/192043-301f1e5c4f12.json	ready_for_ocr	needs runtime path cache from build_jbrs_local_manifest.py --root	Matched corpus references elevate OCR priority; the committed plan stores path stubs only.
jbrs-ocr-192045-a88f57dc7c00	192045-a88f57dc7c00	192045.pdf	Burmese/Burma JBRS/JBRS Originals/192045.pdf					low	article_pages_only	google_vision	192045-a88f57dc7c00	metadata_sidecar+page_text+article_text+google_vision_json	data_local/ocr/jbrs/manifest/192045-a88f57dc7c00.json	ready_for_ocr	needs runtime path cache from build_jbrs_local_manifest.py --root	Matched corpus references elevate OCR priority; the committed plan stores path stubs only.
jbrs-ocr-192047-daf4b8229721	192047-daf4b8229721	192047.pdf	Burmese/Burma JBRS/JBRS Originals/192047.pdf					low	article_pages_only	google_vision	192047-daf4b8229721	metadata_sidecar+page_text+article_text+google_vision_json	data_local/ocr/jbrs/manifest/192047-daf4b8229721.json	ready_for_ocr	needs runtime path cache from build_jbrs_local_manifest.py --root	Matched corpus references elevate OCR priority; the committed plan stores path stubs only.
jbrs-ocr-193057-0717fbed4a03	193057-0717fbed4a03	193057.pdf	Burmese/Burma JBRS/1929/193057.pdf					low	article_pages_only	google_vision	193057-0717fbed4a03	metadata_sidecar+page_text+article_text+google_vision_json	data_local/ocr/jbrs/manifest/193057-0717fbed4a03.json	ready_for_ocr	needs runtime path cache from build_jbrs_local_manifest.py --root	Matched corpus references elevate OCR priority; the committed plan stores path stubs only.
jbrs-ocr-193067-ae4aa92881d5	193067-ae4aa92881d5	193067.pdf	Burmese/Burma JBRS/1929/193067.pdf					low	article_pages_only	google_vision	193067-ae4aa92881d5	metadata_sidecar+page_text+article_text+google_vision_json	data_local/ocr/jbrs/manifest/193067-ae4aa92881d5.json	ready_for_ocr	needs runtime path cache from build_jbrs_local_manifest.py --root	Matched corpus references elevate OCR priority; the committed plan stores path stubs only.
jbrs-ocr-193069-47fb5e4167f6	193069-47fb5e4167f6	193069.pdf	Burmese/Burma JBRS/1929/193069.pdf					low	article_pages_only	google_vision	193069-47fb5e4167f6	metadata_sidecar+page_text+article_text+google_vision_json	data_local/ocr/jbrs/manifest/193069-47fb5e4167f6.json	ready_for_ocr	needs runtime path cache from build_jbrs_local_manifest.py --root	Matched corpus references elevate OCR priority; the committed plan stores path stubs only.
jbrs-ocr-193071-fb03fbfb7bf5	193071-fb03fbfb7bf5	193071.pdf	Burmese/Burma JBRS/1929/193071.pdf					low	article_pages_only	google_vision	193071-fb03fbfb7bf5	metadata_sidecar+page_text+article_text+google_vision_json	data_local/ocr/jbrs/manifest/193071-fb03fbfb7bf5.json	ready_for_ocr	needs runtime path cache from build_jbrs_local_manifest.py --root	Matched corpus references elevate OCR priority; the committed plan stores path stubs only.
jbrs-ocr-193073-a9547e5fc107	193073-a9547e5fc107	193073.pdf	Burmese/Burma JBRS/1929/193073.pdf					low	article_pages_only	google_vision	193073-a9547e5fc107	metadata_sidecar+page_text+article_text+google_vision_json	data_local/ocr/jbrs/manifest/193073-a9547e5fc107.json	ready_for_ocr	needs runtime path cache from build_jbrs_local_manifest.py --root	Matched corpus references elevate OCR priority; the committed plan stores path stubs only.
jbrs-ocr-193076-fc423f599ef9	193076-fc423f599ef9	193076.pdf	Burmese/Burma JBRS/1929/193076.pdf					low	article_pages_only	google_vision	193076-fc423f599ef9	metadata_sidecar+page_text+article_text+google_vision_json	data_local/ocr/jbrs/manifest/193076-fc423f599ef9.json	ready_for_ocr	needs runtime path cache from build_jbrs_local_manifest.py --root	Matched corpus references elevate OCR priority; the committed plan stores path stubs only.
jbrs-ocr-193080-a012af413891	193080-a012af413891	193080.pdf	Burmese/Burma JBRS/1929/193080.pdf					low	article_pages_only	google_vision	193080-a012af413891	metadata_sidecar+page_text+article_text+google_vision_json	data_local/ocr/jbrs/manifest/193080-a012af413891.json	ready_for_ocr	needs runtime path cache from build_jbrs_local_manifest.py --root	Matched corpus references elevate OCR priority; the committed plan stores path stubs only.
jbrs-ocr-193083-0a91111a45d3	193083-0a91111a45d3	193083.pdf	Burmese/Burma JBRS/JBRS Originals/193083.pdf					low	article_pages_only	google_vision	193083-0a91111a45d3	metadata_sidecar+page_text+article_text+google_vision_json	data_local/ocr/jbrs/manifest/193083-0a91111a45d3.json	ready_for_ocr	needs runtime path cache from build_jbrs_local_manifest.py --root	Matched corpus references elevate OCR priority; the committed plan stores path stubs only.
jbrs-ocr-193094-16e74c299627	193094-16e74c299627	193094.pdf	Burmese/Burma JBRS/JBRS Originals/193094.pdf					low	article_pages_only	google_vision	193094-16e74c299627	metadata_sidecar+page_text+article_text+google_vision_json	data_local/ocr/jbrs/manifest/193094-16e74c299627.json	ready_for_ocr	needs runtime path cache from build_jbrs_local_manifest.py --root	Matched corpus references elevate OCR priority; the committed plan stores path stubs only.
jbrs-ocr-201001-7d27981a7f7b	201001-7d27981a7f7b	201001.pdf	Burmese/Burma JBRS/JBRS Originals/201001.pdf					low	article_pages_only	google_vision	201001-7d27981a7f7b	metadata_sidecar+page_text+article_text+google_vision_json	data_local/ocr/jbrs/manifest/201001-7d27981a7f7b.json	ready_for_ocr	needs runtime path cache from build_jbrs_local_manifest.py --root	Matched corpus references elevate OCR priority; the committed plan stores path stubs only.
jbrs-ocr-201019-c4561e81b8fb	201019-c4561e81b8fb	201019.pdf	Burmese/Burma JBRS/1930/201019.pdf					low	article_pages_only	google_vision	201019-c4561e81b8fb	metadata_sidecar+page_text+article_text+google_vision_json	data_local/ocr/jbrs/manifest/201019-c4561e81b8fb.json	ready_for_ocr	needs runtime path cache from build_jbrs_local_manifest.py --root	Matched corpus references elevate OCR priority; the committed plan stores path stubs only.
jbrs-ocr-201022-acbfc8f0b30c	201022-acbfc8f0b30c	201022.pdf	Burmese/Burma JBRS/1930/201022.pdf					low	article_pages_only	google_vision	201022-acbfc8f0b30c	metadata_sidecar+page_text+article_text+google_vision_json	data_local/ocr/jbrs/manifest/201022-acbfc8f0b30c.json	ready_for_ocr	needs runtime path cache from build_jbrs_local_manifest.py --root	Matched corpus references elevate OCR priority; the committed plan stores path stubs only.
jbrs-ocr-201024-6f28f64a669b	201024-6f28f64a669b	201024.pdf	Burmese/Burma JBRS/1930/201024.pdf					low	article_pages_only	google_vision	201024-6f28f64a669b	metadata_sidecar+page_text+article_text+google_vision_json	data_local/ocr/jbrs/manifest/201024-6f28f64a669b.json	ready_for_ocr	needs runtime path cache from build_jbrs_local_manifest.py --root	Matched corpus references elevate OCR priority; the committed plan stores path stubs only.
jbrs-ocr-201024a-7e8bd421ef9d	201024a-7e8bd421ef9d	201024a.pdf	Burmese/Burma JBRS/1930/201024a.pdf					low	article_pages_only	google_vision	201024a-7e8bd421ef9d	metadata_sidecar+page_text+article_text+google_vision_json	data_local/ocr/jbrs/manifest/201024a-7e8bd421ef9d.json	ready_for_ocr	needs runtime path cache from build_jbrs_local_manifest.py --root	Matched corpus references elevate OCR priority; the committed plan stores path stubs only.
jbrs-ocr-201027-85dadcec2700	201027-85dadcec2700	201027.pdf	Burmese/Burma JBRS/1930/201027.pdf					low	article_pages_only	google_vision	201027-85dadcec2700	metadata_sidecar+page_text+article_text+google_vision_json	data_local/ocr/jbrs/manifest/201027-85dadcec2700.json	ready_for_ocr	needs runtime path cache from build_jbrs_local_manifest.py --root	Matched corpus references elevate OCR priority; the committed plan stores path stubs only.
jbrs-ocr-201028-059baa3da221	201028-059baa3da221	201028.pdf	Burmese/Burma JBRS/1930/201028.pdf					low	article_pages_only	google_vision	201028-059baa3da221	metadata_sidecar+page_text+article_text+google_vision_json	data_local/ocr/jbrs/manifest/201028-059baa3da221.json	ready_for_ocr	needs runtime path cache from build_jbrs_local_manifest.py --root	Matched corpus references elevate OCR priority; the committed plan stores path stubs only.
jbrs-ocr-201029-03c618bfb53c	201029-03c618bfb53c	201029.pdf	Burmese/Burma JBRS/1930/201029.pdf					low	article_pages_only	google_vision	201029-03c618bfb53c	metadata_sidecar+page_text+article_text+google_vision_json	data_local/ocr/jbrs/manifest/201029-03c618bfb53c.json	ready_for_ocr	needs runtime path cache from build_jbrs_local_manifest.py --root	Matched corpus references elevate OCR priority; the committed plan stores path stubs only.
jbrs-ocr-201031-8b9acefbb270	201031-8b9acefbb270	201031.pdf	Burmese/Burma JBRS/1930/201031.pdf					low	article_pages_only	google_vision	201031-8b9acefbb270	metadata_sidecar+page_text+article_text+google_vision_json	data_local/ocr/jbrs/manifest/201031-8b9acefbb270.json	ready_for_ocr	needs runtime path cache from build_jbrs_local_manifest.py --root	Matched corpus references elevate OCR priority; the committed plan stores path stubs only.
jbrs-ocr-201033-5a49239473a4	201033-5a49239473a4	201033.pdf	Burmese/Burma JBRS/JBRS Originals/201033.pdf					low	article_pages_only	google_vision	201033-5a49239473a4	metadata_sidecar+page_text+article_text+google_vision_json	data_local/ocr/jbrs/manifest/201033-5a49239473a4.json	ready_for_ocr	needs runtime path cache from build_jbrs_local_manifest.py --root	Matched corpus references elevate OCR priority; the committed plan stores path stubs only.
jbrs-ocr-201035-9d080b71764b	201035-9d080b71764b	201035.pdf	Burmese/Burma JBRS/JBRS Originals/201035.pdf					low	article_pages_only	google_vision	201035-9d080b71764b	metadata_sidecar+page_text+article_text+google_vision_json	data_local/ocr/jbrs/manifest/201035-9d080b71764b.json	ready_for_ocr	needs runtime path cache from build_jbrs_local_manifest.py --root	Matched corpus references elevate OCR priority; the committed plan stores path stubs only.
jbrs-ocr-201038-af5118f1c9a6	201038-af5118f1c9a6	201038.pdf	Burmese/Burma JBRS/JBRS Originals/201038.pdf					low	article_pages_only	google_vision	201038-af5118f1c9a6	metadata_sidecar+page_text+article_text+google_vision_json	data_local/ocr/jbrs/manifest/201038-af5118f1c9a6.json	ready_for_ocr	needs runtime path cache from build_jbrs_local_manifest.py --root	Matched corpus references elevate OCR priority; the committed plan stores path stubs only.
jbrs-ocr-201039-02306daaecf2	201039-02306daaecf2	201039.pdf	Burmese/Burma JBRS/JBRS Originals/201039.pdf					low	article_pages_only	google_vision	201039-02306daaecf2	metadata_sidecar+page_text+article_text+google_vision_json	data_local/ocr/jbrs/manifest/201039-02306daaecf2.json	ready_for_ocr	needs runtime path cache from build_jbrs_local_manifest.py --root	Matched corpus references elevate OCR priority; the committed plan stores path stubs only.
jbrs-ocr-201039a-edc0ecc716da	201039a-edc0ecc716da	201039A.pdf	Burmese/Burma JBRS/1930/201039A.pdf					low	article_pages_only	google_vision	201039a-edc0ecc716da	metadata_sidecar+page_text+article_text+google_vision_json	data_local/ocr/jbrs/manifest/201039a-edc0ecc716da.json	ready_for_ocr	needs runtime path cache from build_jbrs_local_manifest.py --root	Matched corpus references elevate OCR priority; the committed plan stores path stubs only.
jbrs-ocr-201042-6821b255b6d1	201042-6821b255b6d1	201042.pdf	Burmese/Burma JBRS/JBRS Originals/201042.pdf					low	article_pages_only	google_vision	201042-6821b255b6d1	metadata_sidecar+page_text+article_text+google_vision_json	data_local/ocr/jbrs/manifest/201042-6821b255b6d1.json	ready_for_ocr	needs runtime path cache from build_jbrs_local_manifest.py --root	Matched corpus references elevate OCR priority; the committed plan stores path stubs only.
jbrs-ocr-201043-9401deb2be73	201043-9401deb2be73	201043.pdf	Burmese/Burma JBRS/JBRS Originals/201043.pdf					low	article_pages_only	google_vision	201043-9401deb2be73	metadata_sidecar+page_text+article_text+google_vision_json	data_local/ocr/jbrs/manifest/201043-9401deb2be73.json	ready_for_ocr	needs runtime path cache from build_jbrs_local_manifest.py --root	Matched corpus references elevate OCR priority; the committed plan stores path stubs only.
jbrs-ocr-201044-15d61a42f3d4	201044-15d61a42f3d4	201044.pdf	Burmese/Burma JBRS/JBRS Originals/201044.pdf					low	article_pages_only	google_vision	201044-15d61a42f3d4	metadata_sidecar+page_text+article_text+google_vision_json	data_local/ocr/jbrs/manifest/201044-15d61a42f3d4.json	ready_for_ocr	needs runtime path cache from build_jbrs_local_manifest.py --root	Matched corpus references elevate OCR priority; the committed plan stores path stubs only.
jbrs-ocr-201047-e82dd22dc298	201047-e82dd22dc298	201047.pdf	Burmese/Burma JBRS/1930/201047.pdf					low	article_pages_only	google_vision	201047-e82dd22dc298	metadata_sidecar+page_text+article_text+google_vision_json	data_local/ocr/jbrs/manifest/201047-e82dd22dc298.json	ready_for_ocr	needs runtime path cache from build_jbrs_local_manifest.py --root	Matched corpus references elevate OCR priority; the committed plan stores path stubs only.
jbrs-ocr-201049-3958ab6a4949	201049-3958ab6a4949	201049.pdf	Burmese/Burma JBRS/1930/201049.pdf					low	article_pages_only	google_vision	201049-3958ab6a4949	metadata_sidecar+page_text+article_text+google_vision_json	data_local/ocr/jbrs/manifest/201049-3958ab6a4949.json	ready_for_ocr	needs runtime path cache from build_jbrs_local_manifest.py --root	Matched corpus references elevate OCR priority; the committed plan stores path stubs only.
jbrs-ocr-202053-dd77bc2c931a	202053-dd77bc2c931a	202053.pdf	Burmese/Burma JBRS/JBRS Originals/202053.pdf					low	article_pages_only	google_vision	202053-dd77bc2c931a	metadata_sidecar+page_text+article_text+google_vision_json	data_local/ocr/jbrs/manifest/202053-dd77bc2c931a.json	ready_for_ocr	needs runtime path cache from build_jbrs_local_manifest.py --root	Matched corpus references elevate OCR priority; the committed plan stores path stubs only.
jbrs-ocr-202059-caea6518afb1	202059-caea6518afb1	202059.pdf	Burmese/Burma JBRS/1930/202059.pdf					low	article_pages_only	google_vision	202059-caea6518afb1	metadata_sidecar+page_text+article_text+google_vision_json	data_local/ocr/jbrs/manifest/202059-caea6518afb1.json	ready_for_ocr	needs runtime path cache from build_jbrs_local_manifest.py --root	Matched corpus references elevate OCR priority; the committed plan stores path stubs only.
jbrs-ocr-202076-dc6c6f99c2fd	202076-dc6c6f99c2fd	202076.pdf	Burmese/Burma JBRS/JBRS Originals/202076.pdf					low	article_pages_only	google_vision	202076-dc6c6f99c2fd	metadata_sidecar+page_text+article_text+google_vision_json	data_local/ocr/jbrs/manifest/202076-dc6c6f99c2fd.json	ready_for_ocr	needs runtime path cache from build_jbrs_local_manifest.py --root	Matched corpus references elevate OCR priority; the committed plan stores path stubs only.
jbrs-ocr-202081-1a7db2b48306	202081-1a7db2b48306	202081.pdf	Burmese/Burma JBRS/JBRS Originals/202081.pdf					low	article_pages_only	google_vision	202081-1a7db2b48306	metadata_sidecar+page_text+article_text+google_vision_json	data_local/ocr/jbrs/manifest/202081-1a7db2b48306.json	ready_for_ocr	needs runtime path cache from build_jbrs_local_manifest.py --root	Matched corpus references elevate OCR priority; the committed plan stores path stubs only.
jbrs-ocr-202083-50026b75a434	202083-50026b75a434	202083.pdf	Burmese/Burma JBRS/JBRS Originals/202083.pdf					low	article_pages_only	google_vision	202083-50026b75a434	metadata_sidecar+page_text+article_text+google_vision_json	data_local/ocr/jbrs/manifest/202083-50026b75a434.json	ready_for_ocr	needs runtime path cache from build_jbrs_local_manifest.py --root	Matched corpus references elevate OCR priority; the committed plan stores path stubs only.
jbrs-ocr-202084-b1a6f571bbe1	202084-b1a6f571bbe1	202084.pdf	Burmese/Burma JBRS/1930/202084.pdf					low	article_pages_only	google_vision	202084-b1a6f571bbe1	metadata_sidecar+page_text+article_text+google_vision_json	data_local/ocr/jbrs/manifest/202084-b1a6f571bbe1.json	ready_for_ocr	needs runtime path cache from build_jbrs_local_manifest.py --root	Matched corpus references elevate OCR priority; the committed plan stores path stubs only.
jbrs-ocr-202086-803e4661ffb5	202086-803e4661ffb5	202086.pdf	Burmese/Burma JBRS/1930/202086.pdf					low	article_pages_only	google_vision	202086-803e4661ffb5	metadata_sidecar+page_text+article_text+google_vision_json	data_local/ocr/jbrs/manifest/202086-803e4661ffb5.json	ready_for_ocr	needs runtime path cache from build_jbrs_local_manifest.py --root	Matched corpus references elevate OCR priority; the committed plan stores path stubs only.
jbrs-ocr-202087-27bf953182e9	202087-27bf953182e9	202087.pdf	Burmese/Burma JBRS/JBRS Originals/202087.pdf					low	article_pages_only	google_vision	202087-27bf953182e9	metadata_sidecar+page_text+article_text+google_vision_json	data_local/ocr/jbrs/manifest/202087-27bf953182e9.json	ready_for_ocr	needs runtime path cache from build_jbrs_local_manifest.py --root	Matched corpus references elevate OCR priority; the committed plan stores path stubs only.
jbrs-ocr-202089-5c38e5ddca24	202089-5c38e5ddca24	202089.pdf	Burmese/Burma JBRS/JBRS Originals/202089.pdf					low	article_pages_only	google_vision	202089-5c38e5ddca24	metadata_sidecar+page_text+article_text+google_vision_json	data_local/ocr/jbrs/manifest/202089-5c38e5ddca24.json	ready_for_ocr	needs runtime path cache from build_jbrs_local_manifest.py --root	Matched corpus references elevate OCR priority; the committed plan stores path stubs only.
jbrs-ocr-202092-41cc33d668f5	202092-41cc33d668f5	202092.pdf	Burmese/Burma JBRS/JBRS Originals/202092.pdf					low	article_pages_only	google_vision	202092-41cc33d668f5	metadata_sidecar+page_text+article_text+google_vision_json	data_local/ocr/jbrs/manifest/202092-41cc33d668f5.json	ready_for_ocr	needs runtime path cache from build_jbrs_local_manifest.py --root	Matched corpus references elevate OCR priority; the committed plan stores path stubs only.
jbrs-ocr-202094-38814c0dcb36	202094-38814c0dcb36	202094.pdf	Burmese/Burma JBRS/JBRS Originals/202094.pdf					low	article_pages_only	google_vision	202094-38814c0dcb36	metadata_sidecar+page_text+article_text+google_vision_json	data_local/ocr/jbrs/manifest/202094-38814c0dcb36.json	ready_for_ocr	needs runtime path cache from build_jbrs_local_manifest.py --root	Matched corpus references elevate OCR priority; the committed plan stores path stubs only.
jbrs-ocr-202096-592b156cba8a	202096-592b156cba8a	202096.pdf	Burmese/Burma JBRS/JBRS Originals/202096.pdf					low	article_pages_only	google_vision	202096-592b156cba8a	metadata_sidecar+page_text+article_text+google_vision_json	data_local/ocr/jbrs/manifest/202096-592b156cba8a.json	ready_for_ocr	needs runtime path cache from build_jbrs_local_manifest.py --root	Matched corpus references elevate OCR priority; the committed plan stores path stubs only.
jbrs-ocr-202100-77b81d969689	202100-77b81d969689	202100.pdf	Burmese/Burma JBRS/JBRS Originals/202100.pdf					low	article_pages_only	google_vision	202100-77b81d969689	metadata_sidecar+page_text+article_text+google_vision_json	data_local/ocr/jbrs/manifest/202100-77b81d969689.json	ready_for_ocr	needs runtime path cache from build_jbrs_local_manifest.py --root	Matched corpus references elevate OCR priority; the committed plan stores path stubs only.
jbrs-ocr-202102-57413e1c2094	202102-57413e1c2094	202102.pdf	Burmese/Burma JBRS/JBRS Originals/202102.pdf					low	article_pages_only	google_vision	202102-57413e1c2094	metadata_sidecar+page_text+article_text+google_vision_json	data_local/ocr/jbrs/manifest/202102-57413e1c2094.json	ready_for_ocr	needs runtime path cache from build_jbrs_local_manifest.py --root	Matched corpus references elevate OCR priority; the committed plan stores path stubs only.
jbrs-ocr-211001-f0dbbd8f9a42	211001-f0dbbd8f9a42	211001.pdf	Burmese/Burma JBRS/1931/211001.pdf					low	article_pages_only	google_vision	211001-f0dbbd8f9a42	metadata_sidecar+page_text+article_text+google_vision_json	data_local/ocr/jbrs/manifest/211001-f0dbbd8f9a42.json	ready_for_ocr	needs runtime path cache from build_jbrs_local_manifest.py --root	Matched corpus references elevate OCR priority; the committed plan stores path stubs only.
jbrs-ocr-211013-7809c6f93ef2	211013-7809c6f93ef2	211013.pdf	Burmese/Burma JBRS/1931/211013.pdf					low	article_pages_only	google_vision	211013-7809c6f93ef2	metadata_sidecar+page_text+article_text+google_vision_json	data_local/ocr/jbrs/manifest/211013-7809c6f93ef2.json	ready_for_ocr	needs runtime path cache from build_jbrs_local_manifest.py --root	Matched corpus references elevate OCR priority; the committed plan stores path stubs only.
jbrs-ocr-211015-10078df413f6	211015-10078df413f6	211015.pdf	Burmese/Burma JBRS/1931/211015.pdf					low	article_pages_only	google_vision	211015-10078df413f6	metadata_sidecar+page_text+article_text+google_vision_json	data_local/ocr/jbrs/manifest/211015-10078df413f6.json	ready_for_ocr	needs runtime path cache from build_jbrs_local_manifest.py --root	Matched corpus references elevate OCR priority; the committed plan stores path stubs only.
jbrs-ocr-211026-29d9bb334a99	211026-29d9bb334a99	211026.pdf	Burmese/Burma JBRS/1931/211026.pdf					low	article_pages_only	google_vision	211026-29d9bb334a99	metadata_sidecar+page_text+article_text+google_vision_json	data_local/ocr/jbrs/manifest/211026-29d9bb334a99.json	ready_for_ocr	needs runtime path cache from build_jbrs_local_manifest.py --root	Matched corpus references elevate OCR priority; the committed plan stores path stubs only.
jbrs-ocr-211030-75a892b25868	211030-75a892b25868	211030.pdf	Burmese/Burma JBRS/1931/211030.pdf					low	article_pages_only	google_vision	211030-75a892b25868	metadata_sidecar+page_text+article_text+google_vision_json	data_local/ocr/jbrs/manifest/211030-75a892b25868.json	ready_for_ocr	needs runtime path cache from build_jbrs_local_manifest.py --root	Matched corpus references elevate OCR priority; the committed plan stores path stubs only.
jbrs-ocr-211031-6364cc5f1d73	211031-6364cc5f1d73	211031.pdf	Burmese/Burma JBRS/1932/211031.pdf					low	article_pages_only	google_vision	211031-6364cc5f1d73	metadata_sidecar+page_text+article_text+google_vision_json	data_local/ocr/jbrs/manifest/211031-6364cc5f1d73.json	ready_for_ocr	needs runtime path cache from build_jbrs_local_manifest.py --root	Matched corpus references elevate OCR priority; the committed plan stores path stubs only.
jbrs-ocr-212033-e0abe2313182	212033-e0abe2313182	212033.pdf	Burmese/Burma JBRS/JBRS Originals/212033.pdf					low	article_pages_only	google_vision	212033-e0abe2313182	metadata_sidecar+page_text+article_text+google_vision_json	data_local/ocr/jbrs/manifest/212033-e0abe2313182.json	ready_for_ocr	needs runtime path cache from build_jbrs_local_manifest.py --root	Matched corpus references elevate OCR priority; the committed plan stores path stubs only.
jbrs-ocr-212045-1f2732c2f1d5	212045-1f2732c2f1d5	212045.pdf	Burmese/Burma JBRS/JBRS Originals/212045.pdf					low	article_pages_only	google_vision	212045-1f2732c2f1d5	metadata_sidecar+page_text+article_text+google_vision_json	data_local/ocr/jbrs/manifest/212045-1f2732c2f1d5.json	ready_for_ocr	needs runtime path cache from build_jbrs_local_manifest.py --root	Matched corpus references elevate OCR priority; the committed plan stores path stubs only.
jbrs-ocr-212052-80adc11cec4b	212052-80adc11cec4b	212052.pdf	Burmese/Burma JBRS/JBRS Originals/212052.pdf					low	article_pages_only	google_vision	212052-80adc11cec4b	metadata_sidecar+page_text+article_text+google_vision_json	data_local/ocr/jbrs/manifest/212052-80adc11cec4b.json	ready_for_ocr	needs runtime path cache from build_jbrs_local_manifest.py --root	Matched corpus references elevate OCR priority; the committed plan stores path stubs only.
jbrs-ocr-212057-aed7f95efe7d	212057-aed7f95efe7d	212057.pdf	Burmese/Burma JBRS/JBRS Originals/212057.pdf					low	article_pages_only	google_vision	212057-aed7f95efe7d	metadata_sidecar+page_text+article_text+google_vision_json	data_local/ocr/jbrs/manifest/212057-aed7f95efe7d.json	ready_for_ocr	needs runtime path cache from build_jbrs_local_manifest.py --root	Matched corpus references elevate OCR priority; the committed plan stores path stubs only.
jbrs-ocr-213059-198720759b45	213059-198720759b45	213059.pdf	Burmese/Burma JBRS/JBRS Originals/213059.pdf					low	article_pages_only	google_vision	213059-198720759b45	metadata_sidecar+page_text+article_text+google_vision_json	data_local/ocr/jbrs/manifest/213059-198720759b45.json	ready_for_ocr	needs runtime path cache from build_jbrs_local_manifest.py --root	Matched corpus references elevate OCR priority; the committed plan stores path stubs only.
jbrs-ocr-221001-2d76904af4a6	221001-2d76904af4a6	221001.pdf	Burmese/Burma JBRS/JBRS Originals/221001.pdf					low	article_pages_only	google_vision	221001-2d76904af4a6	metadata_sidecar+page_text+article_text+google_vision_json	data_local/ocr/jbrs/manifest/221001-2d76904af4a6.json	ready_for_ocr	needs runtime path cache from build_jbrs_local_manifest.py --root	Matched corpus references elevate OCR priority; the committed plan stores path stubs only.
jbrs-ocr-221019-2312a3d2b1a7	221019-2312a3d2b1a7	221019.pdf	Burmese/Burma JBRS/JBRS Originals/221019.pdf					low	article_pages_only	google_vision	221019-2312a3d2b1a7	metadata_sidecar+page_text+article_text+google_vision_json	data_local/ocr/jbrs/manifest/221019-2312a3d2b1a7.json	ready_for_ocr	needs runtime path cache from build_jbrs_local_manifest.py --root	Matched corpus references elevate OCR priority; the committed plan stores path stubs only.
jbrs-ocr-221021-75cba121a12f	221021-75cba121a12f	221021.pdf	Burmese/Burma JBRS/JBRS Originals/221021.pdf					low	article_pages_only	google_vision	221021-75cba121a12f	metadata_sidecar+page_text+article_text+google_vision_json	data_local/ocr/jbrs/manifest/221021-75cba121a12f.json	ready_for_ocr	needs runtime path cache from build_jbrs_local_manifest.py --root	Matched corpus references elevate OCR priority; the committed plan stores path stubs only.
jbrs-ocr-221023-2242f13a355d	221023-2242f13a355d	221023.pdf	Burmese/Burma JBRS/JBRS Originals/221023.pdf					low	article_pages_only	google_vision	221023-2242f13a355d	metadata_sidecar+page_text+article_text+google_vision_json	data_local/ocr/jbrs/manifest/221023-2242f13a355d.json	ready_for_ocr	needs runtime path cache from build_jbrs_local_manifest.py --root	Matched corpus references elevate OCR priority; the committed plan stores path stubs only.
jbrs-ocr-221035-5ee0963057ca	221035-5ee0963057ca	221035.pdf	Burmese/Burma JBRS/JBRS Originals/221035.pdf					low	article_pages_only	google_vision	221035-5ee0963057ca	metadata_sidecar+page_text+article_text+google_vision_json	data_local/ocr/jbrs/manifest/221035-5ee0963057ca.json	ready_for_ocr	needs runtime path cache from build_jbrs_local_manifest.py --root	Matched corpus references elevate OCR priority; the committed plan stores path stubs only.
jbrs-ocr-221039-4c1144a594c0	221039-4c1144a594c0	221039.pdf	Burmese/Burma JBRS/1932/221039.pdf					low	article_pages_only	google_vision	221039-4c1144a594c0	metadata_sidecar+page_text+article_text+google_vision_json	data_local/ocr/jbrs/manifest/221039-4c1144a594c0.json	ready_for_ocr	needs runtime path cache from build_jbrs_local_manifest.py --root	Matched corpus references elevate OCR priority; the committed plan stores path stubs only.
jbrs-ocr-221039a-5dbced5298a8	221039a-5dbced5298a8	221039A.pdf	Burmese/Burma JBRS/JBRS Originals/221039A.pdf					low	article_pages_only	google_vision	221039a-5dbced5298a8	metadata_sidecar+page_text+article_text+google_vision_json	data_local/ocr/jbrs/manifest/221039a-5dbced5298a8.json	ready_for_ocr	needs runtime path cache from build_jbrs_local_manifest.py --root	Matched corpus references elevate OCR priority; the committed plan stores path stubs only.
jbrs-ocr-221041-20c2b1fc6429	221041-20c2b1fc6429	221041.pdf	Burmese/Burma JBRS/JBRS Originals/221041.pdf					low	article_pages_only	google_vision	221041-20c2b1fc6429	metadata_sidecar+page_text+article_text+google_vision_json	data_local/ocr/jbrs/manifest/221041-20c2b1fc6429.json	ready_for_ocr	needs runtime path cache from build_jbrs_local_manifest.py --root	Matched corpus references elevate OCR priority; the committed plan stores path stubs only.
jbrs-ocr-221042-07aadddb970e	221042-07aadddb970e	221042.pdf	Burmese/Burma JBRS/JBRS Originals/221042.pdf					low	article_pages_only	google_vision	221042-07aadddb970e	metadata_sidecar+page_text+article_text+google_vision_json	data_local/ocr/jbrs/manifest/221042-07aadddb970e.json	ready_for_ocr	needs runtime path cache from build_jbrs_local_manifest.py --root	Matched corpus references elevate OCR priority; the committed plan stores path stubs only.
jbrs-ocr-221043-165913b87af1	221043-165913b87af1	221043.pdf	Burmese/Burma JBRS/1932/221043.pdf					low	article_pages_only	google_vision	221043-165913b87af1	metadata_sidecar+page_text+article_text+google_vision_json	data_local/ocr/jbrs/manifest/221043-165913b87af1.json	ready_for_ocr	needs runtime path cache from build_jbrs_local_manifest.py --root	Matched corpus references elevate OCR priority; the committed plan stores path stubs only.
jbrs-ocr-222047-57d4b4886f5f	222047-57d4b4886f5f	222047.pdf	Burmese/Burma JBRS/JBRS Originals/222047.pdf					low	article_pages_only	google_vision	222047-57d4b4886f5f	metadata_sidecar+page_text+article_text+google_vision_json	data_local/ocr/jbrs/manifest/222047-57d4b4886f5f.json	ready_for_ocr	needs runtime path cache from build_jbrs_local_manifest.py --root	Matched corpus references elevate OCR priority; the committed plan stores path stubs only.
jbrs-ocr-222068-03f0fa50e147	222068-03f0fa50e147	222068.pdf	Burmese/Burma JBRS/JBRS Originals/222068.pdf					low	article_pages_only	google_vision	222068-03f0fa50e147	metadata_sidecar+page_text+article_text+google_vision_json	data_local/ocr/jbrs/manifest/222068-03f0fa50e147.json	ready_for_ocr	needs runtime path cache from build_jbrs_local_manifest.py --root	Matched corpus references elevate OCR priority; the committed plan stores path stubs only.
jbrs-ocr-222091-e6ac98592cf7	222091-e6ac98592cf7	222091.pdf	Burmese/Burma JBRS/1932/222091.pdf					low	article_pages_only	google_vision	222091-e6ac98592cf7	metadata_sidecar+page_text+article_text+google_vision_json	data_local/ocr/jbrs/manifest/222091-e6ac98592cf7.json	ready_for_ocr	needs runtime path cache from build_jbrs_local_manifest.py --root	Matched corpus references elevate OCR priority; the committed plan stores path stubs only.
jbrs-ocr-222095-b5faf2da4422	222095-b5faf2da4422	222095.pdf	Burmese/Burma JBRS/JBRS Originals/222095.pdf					low	article_pages_only	google_vision	222095-b5faf2da4422	metadata_sidecar+page_text+article_text+google_vision_json	data_local/ocr/jbrs/manifest/222095-b5faf2da4422.json	ready_for_ocr	needs runtime path cache from build_jbrs_local_manifest.py --root	Matched corpus references elevate OCR priority; the committed plan stores path stubs only.
jbrs-ocr-222098-3b093bd8d262	222098-3b093bd8d262	222098.pdf	Burmese/Burma JBRS/JBRS Originals/222098.pdf					low	article_pages_only	google_vision	222098-3b093bd8d262	metadata_sidecar+page_text+article_text+google_vision_json	data_local/ocr/jbrs/manifest/222098-3b093bd8d262.json	ready_for_ocr	needs runtime path cache from build_jbrs_local_manifest.py --root	Matched corpus references elevate OCR priority; the committed plan stores path stubs only.
jbrs-ocr-222102-65bf5ab5916c	222102-65bf5ab5916c	222102.pdf	Burmese/Burma JBRS/1932/222102.pdf					low	article_pages_only	google_vision	222102-65bf5ab5916c	metadata_sidecar+page_text+article_text+google_vision_json	data_local/ocr/jbrs/manifest/222102-65bf5ab5916c.json	ready_for_ocr	needs runtime path cache from build_jbrs_local_manifest.py --root	Matched corpus references elevate OCR priority; the committed plan stores path stubs only.
jbrs-ocr-222103-b8411eaf05de	222103-b8411eaf05de	222103.pdf	Burmese/Burma JBRS/1932/222103.pdf					low	article_pages_only	google_vision	222103-b8411eaf05de	metadata_sidecar+page_text+article_text+google_vision_json	data_local/ocr/jbrs/manifest/222103-b8411eaf05de.json	ready_for_ocr	needs runtime path cache from build_jbrs_local_manifest.py --root	Matched corpus references elevate OCR priority; the committed plan stores path stubs only.
jbrs-ocr-223107-aeea72ef833f	223107-aeea72ef833f	223107.pdf	Burmese/Burma JBRS/JBRS Originals/223107.pdf					low	article_pages_only	google_vision	223107-aeea72ef833f	metadata_sidecar+page_text+article_text+google_vision_json	data_local/ocr/jbrs/manifest/223107-aeea72ef833f.json	ready_for_ocr	needs runtime path cache from build_jbrs_local_manifest.py --root	Matched corpus references elevate OCR priority; the committed plan stores path stubs only.
jbrs-ocr-223120-ea8eae6c00f8	223120-ea8eae6c00f8	223120.pdf	Burmese/Burma JBRS/JBRS Originals/223120.pdf					low	article_pages_only	google_vision	223120-ea8eae6c00f8	metadata_sidecar+page_text+article_text+google_vision_json	data_local/ocr/jbrs/manifest/223120-ea8eae6c00f8.json	ready_for_ocr	needs runtime path cache from build_jbrs_local_manifest.py --root	Matched corpus references elevate OCR priority; the committed plan stores path stubs only.
jbrs-ocr-223128-853033841d5e	223128-853033841d5e	223128.pdf	Burmese/Burma JBRS/1932/223128.pdf					low	article_pages_only	google_vision	223128-853033841d5e	metadata_sidecar+page_text+article_text+google_vision_json	data_local/ocr/jbrs/manifest/223128-853033841d5e.json	ready_for_ocr	needs runtime path cache from build_jbrs_local_manifest.py --root	Matched corpus references elevate OCR priority; the committed plan stores path stubs only.
jbrs-ocr-223132-c2eb5f84feea	223132-c2eb5f84feea	223132.pdf	Burmese/Burma JBRS/1932/223132.pdf					low	article_pages_only	google_vision	223132-c2eb5f84feea	metadata_sidecar+page_text+article_text+google_vision_json	data_local/ocr/jbrs/manifest/223132-c2eb5f84feea.json	ready_for_ocr	needs runtime path cache from build_jbrs_local_manifest.py --root	Matched corpus references elevate OCR priority; the committed plan stores path stubs only.
jbrs-ocr-223133-930776b2bd56	223133-930776b2bd56	223133.pdf	Burmese/Burma JBRS/1932/223133.pdf					low	article_pages_only	google_vision	223133-930776b2bd56	metadata_sidecar+page_text+article_text+google_vision_json	data_local/ocr/jbrs/manifest/223133-930776b2bd56.json	ready_for_ocr	needs runtime path cache from build_jbrs_local_manifest.py --root	Matched corpus references elevate OCR priority; the committed plan stores path stubs only.
jbrs-ocr-223150-34d2ae68581b	223150-34d2ae68581b	223150.pdf	Burmese/Burma JBRS/JBRS Originals/223150.pdf					low	article_pages_only	google_vision	223150-34d2ae68581b	metadata_sidecar+page_text+article_text+google_vision_json	data_local/ocr/jbrs/manifest/223150-34d2ae68581b.json	ready_for_ocr	needs runtime path cache from build_jbrs_local_manifest.py --root	Matched corpus references elevate OCR priority; the committed plan stores path stubs only.
jbrs-ocr-223151-c159fe6459f2	223151-c159fe6459f2	223151.pdf	Burmese/Burma JBRS/JBRS Originals/223151.pdf					low	article_pages_only	google_vision	223151-c159fe6459f2	metadata_sidecar+page_text+article_text+google_vision_json	data_local/ocr/jbrs/manifest/223151-c159fe6459f2.json	ready_for_ocr	needs runtime path cache from build_jbrs_local_manifest.py --root	Matched corpus references elevate OCR priority; the committed plan stores path stubs only.
jbrs-ocr-231001-85f547d1a2dd	231001-85f547d1a2dd	231001.pdf	Burmese/Burma JBRS/JBRS Originals/231001.pdf					low	article_pages_only	google_vision	231001-85f547d1a2dd	metadata_sidecar+page_text+article_text+google_vision_json	data_local/ocr/jbrs/manifest/231001-85f547d1a2dd.json	ready_for_ocr	needs runtime path cache from build_jbrs_local_manifest.py --root	Matched corpus references elevate OCR priority; the committed plan stores path stubs only.
jbrs-ocr-231013-ecf517a3d557	231013-ecf517a3d557	231013.pdf	Burmese/Burma JBRS/JBRS Originals/231013.pdf					low	article_pages_only	google_vision	231013-ecf517a3d557	metadata_sidecar+page_text+article_text+google_vision_json	data_local/ocr/jbrs/manifest/231013-ecf517a3d557.json	ready_for_ocr	needs runtime path cache from build_jbrs_local_manifest.py --root	Matched corpus references elevate OCR priority; the committed plan stores path stubs only.
jbrs-ocr-231020-289c23b08e35	231020-289c23b08e35	231020.pdf	Burmese/Burma JBRS/JBRS Originals/231020.pdf					low	article_pages_only	google_vision	231020-289c23b08e35	metadata_sidecar+page_text+article_text+google_vision_json	data_local/ocr/jbrs/manifest/231020-289c23b08e35.json	ready_for_ocr	needs runtime path cache from build_jbrs_local_manifest.py --root	Matched corpus references elevate OCR priority; the committed plan stores path stubs only.
jbrs-ocr-231026-49ca1b81590f	231026-49ca1b81590f	231026.pdf	Burmese/Burma JBRS/1933/231026.pdf					low	article_pages_only	google_vision	231026-49ca1b81590f	metadata_sidecar+page_text+article_text+google_vision_json	data_local/ocr/jbrs/manifest/231026-49ca1b81590f.json	ready_for_ocr	needs runtime path cache from build_jbrs_local_manifest.py --root	Matched corpus references elevate OCR priority; the committed plan stores path stubs only.
jbrs-ocr-231026a-d6eb2f9b216c	231026a-d6eb2f9b216c	231026A.pdf	Burmese/Burma JBRS/1933/231026A.pdf					low	article_pages_only	google_vision	231026a-d6eb2f9b216c	metadata_sidecar+page_text+article_text+google_vision_json	data_local/ocr/jbrs/manifest/231026a-d6eb2f9b216c.json	ready_for_ocr	needs runtime path cache from build_jbrs_local_manifest.py --root	Matched corpus references elevate OCR priority; the committed plan stores path stubs only.
jbrs-ocr-231026b-a18153713848	231026b-a18153713848	231026b.pdf	Burmese/Burma JBRS/1933/231026b.pdf					low	article_pages_only	google_vision	231026b-a18153713848	metadata_sidecar+page_text+article_text+google_vision_json	data_local/ocr/jbrs/manifest/231026b-a18153713848.json	ready_for_ocr	needs runtime path cache from build_jbrs_local_manifest.py --root	Matched corpus references elevate OCR priority; the committed plan stores path stubs only.
jbrs-ocr-231027-54a2c9803cb9	231027-54a2c9803cb9	231027.pdf	Burmese/Burma JBRS/1933/231027.pdf					low	article_pages_only	google_vision	231027-54a2c9803cb9	metadata_sidecar+page_text+article_text+google_vision_json	data_local/ocr/jbrs/manifest/231027-54a2c9803cb9.json	ready_for_ocr	needs runtime path cache from build_jbrs_local_manifest.py --root	Matched corpus references elevate OCR priority; the committed plan stores path stubs only.
jbrs-ocr-231028-25ec730e5448	231028-25ec730e5448	231028.pdf	Burmese/Burma JBRS/1933/231028.pdf					low	article_pages_only	google_vision	231028-25ec730e5448	metadata_sidecar+page_text+article_text+google_vision_json	data_local/ocr/jbrs/manifest/231028-25ec730e5448.json	ready_for_ocr	needs runtime path cache from build_jbrs_local_manifest.py --root	Matched corpus references elevate OCR priority; the committed plan stores path stubs only.
jbrs-ocr-231047-c8e3f88bb01d	231047-c8e3f88bb01d	231047.pdf	Burmese/Burma JBRS/1933/231047.pdf					low	article_pages_only	google_vision	231047-c8e3f88bb01d	metadata_sidecar+page_text+article_text+google_vision_json	data_local/ocr/jbrs/manifest/231047-c8e3f88bb01d.json	ready_for_ocr	needs runtime path cache from build_jbrs_local_manifest.py --root	Matched corpus references elevate OCR priority; the committed plan stores path stubs only.
jbrs-ocr-232055-8fb793b0bf83	232055-8fb793b0bf83	232055.pdf	Burmese/Burma JBRS/JBRS Originals/232055.pdf					low	article_pages_only	google_vision	232055-8fb793b0bf83	metadata_sidecar+page_text+article_text+google_vision_json	data_local/ocr/jbrs/manifest/232055-8fb793b0bf83.json	ready_for_ocr	needs runtime path cache from build_jbrs_local_manifest.py --root	Matched corpus references elevate OCR priority; the committed plan stores path stubs only.
jbrs-ocr-232086-f3829ab0e3e2	232086-f3829ab0e3e2	232086.pdf	Burmese/Burma JBRS/JBRS Originals/232086.pdf					low	article_pages_only	google_vision	232086-f3829ab0e3e2	metadata_sidecar+page_text+article_text+google_vision_json	data_local/ocr/jbrs/manifest/232086-f3829ab0e3e2.json	ready_for_ocr	needs runtime path cache from build_jbrs_local_manifest.py --root	Matched corpus references elevate OCR priority; the committed plan stores path stubs only.
jbrs-ocr-232094-d10b1a355e7a	232094-d10b1a355e7a	232094.pdf	Burmese/Burma JBRS/1933/232094.pdf					low	article_pages_only	google_vision	232094-d10b1a355e7a	metadata_sidecar+page_text+article_text+google_vision_json	data_local/ocr/jbrs/manifest/232094-d10b1a355e7a.json	ready_for_ocr	needs runtime path cache from build_jbrs_local_manifest.py --root	Matched corpus references elevate OCR priority; the committed plan stores path stubs only.
jbrs-ocr-232094a-a80a57895b18	232094a-a80a57895b18	232094a.pdf	Burmese/Burma JBRS/1933/232094a.pdf					low	article_pages_only	google_vision	232094a-a80a57895b18	metadata_sidecar+page_text+article_text+google_vision_json	data_local/ocr/jbrs/manifest/232094a-a80a57895b18.json	ready_for_ocr	needs runtime path cache from build_jbrs_local_manifest.py --root	Matched corpus references elevate OCR priority; the committed plan stores path stubs only.
jbrs-ocr-232095-3547ce11c0c8	232095-3547ce11c0c8	232095.pdf	Burmese/Burma JBRS/1933/232095.pdf					low	article_pages_only	google_vision	232095-3547ce11c0c8	metadata_sidecar+page_text+article_text+google_vision_json	data_local/ocr/jbrs/manifest/232095-3547ce11c0c8.json	ready_for_ocr	needs runtime path cache from build_jbrs_local_manifest.py --root	Matched corpus references elevate OCR priority; the committed plan stores path stubs only.
jbrs-ocr-232096-a7fa341eeae1	232096-a7fa341eeae1	232096.pdf	Burmese/Burma JBRS/1933/232096.pdf					low	article_pages_only	google_vision	232096-a7fa341eeae1	metadata_sidecar+page_text+article_text+google_vision_json	data_local/ocr/jbrs/manifest/232096-a7fa341eeae1.json	ready_for_ocr	needs runtime path cache from build_jbrs_local_manifest.py --root	Matched corpus references elevate OCR priority; the committed plan stores path stubs only.
jbrs-ocr-233097-2198b53d3ae7	233097-2198b53d3ae7	233097.pdf	Burmese/Burma JBRS/JBRS Originals/233097.pdf					low	article_pages_only	google_vision	233097-2198b53d3ae7	metadata_sidecar+page_text+article_text+google_vision_json	data_local/ocr/jbrs/manifest/233097-2198b53d3ae7.json	ready_for_ocr	needs runtime path cache from build_jbrs_local_manifest.py --root	Matched corpus references elevate OCR priority; the committed plan stores path stubs only.
jbrs-ocr-233106-f09d54847f41	233106-f09d54847f41	233106.pdf	Burmese/Burma JBRS/1933/233106.pdf					low	article_pages_only	google_vision	233106-f09d54847f41	metadata_sidecar+page_text+article_text+google_vision_json	data_local/ocr/jbrs/manifest/233106-f09d54847f41.json	ready_for_ocr	needs runtime path cache from build_jbrs_local_manifest.py --root	Matched corpus references elevate OCR priority; the committed plan stores path stubs only.
jbrs-ocr-233123-0af766867729	233123-0af766867729	233123.pdf	Burmese/Burma JBRS/JBRS Originals/233123.pdf					low	article_pages_only	google_vision	233123-0af766867729	metadata_sidecar+page_text+article_text+google_vision_json	data_local/ocr/jbrs/manifest/233123-0af766867729.json	ready_for_ocr	needs runtime path cache from build_jbrs_local_manifest.py --root	Matched corpus references elevate OCR priority; the committed plan stores path stubs only.
jbrs-ocr-233125-2bd1aefd06c1	233125-2bd1aefd06c1	233125.pdf	Burmese/Burma JBRS/JBRS Originals/233125.pdf					low	article_pages_only	google_vision	233125-2bd1aefd06c1	metadata_sidecar+page_text+article_text+google_vision_json	data_local/ocr/jbrs/manifest/233125-2bd1aefd06c1.json	ready_for_ocr	needs runtime path cache from build_jbrs_local_manifest.py --root	Matched corpus references elevate OCR priority; the committed plan stores path stubs only.
jbrs-ocr-233129-09614960bd5d	233129-09614960bd5d	233129.pdf	Burmese/Burma JBRS/JBRS Originals/233129.pdf					low	article_pages_only	google_vision	233129-09614960bd5d	metadata_sidecar+page_text+article_text+google_vision_json	data_local/ocr/jbrs/manifest/233129-09614960bd5d.json	ready_for_ocr	needs runtime path cache from build_jbrs_local_manifest.py --root	Matched corpus references elevate OCR priority; the committed plan stores path stubs only.
jbrs-ocr-233130-d5752b724e87	233130-d5752b724e87	233130.pdf	Burmese/Burma JBRS/JBRS Originals/233130.pdf					low	article_pages_only	google_vision	233130-d5752b724e87	metadata_sidecar+page_text+article_text+google_vision_json	data_local/ocr/jbrs/manifest/233130-d5752b724e87.json	ready_for_ocr	needs runtime path cache from build_jbrs_local_manifest.py --root	Matched corpus references elevate OCR priority; the committed plan stores path stubs only.
jbrs-ocr-241001a-21f020fb358f	241001a-21f020fb358f	241001A.pdf	Burmese/Burma JBRS/JBRS Originals/241001A.pdf					low	article_pages_only	google_vision	241001a-21f020fb358f	metadata_sidecar+page_text+article_text+google_vision_json	data_local/ocr/jbrs/manifest/241001a-21f020fb358f.json	ready_for_ocr	needs runtime path cache from build_jbrs_local_manifest.py --root	Matched corpus references elevate OCR priority; the committed plan stores path stubs only.
jbrs-ocr-241001b-bd566036df7c	241001b-bd566036df7c	241001B.pdf	Burmese/Burma JBRS/JBRS Originals/241001B.pdf					low	article_pages_only	google_vision	241001b-bd566036df7c	metadata_sidecar+page_text+article_text+google_vision_json	data_local/ocr/jbrs/manifest/241001b-bd566036df7c.json	ready_for_ocr	needs runtime path cache from build_jbrs_local_manifest.py --root	Matched corpus references elevate OCR priority; the committed plan stores path stubs only.
jbrs-ocr-241001c-dc7b5b9bb656	241001c-dc7b5b9bb656	241001C.pdf	Burmese/Burma JBRS/JBRS Originals/241001C.pdf					low	article_pages_only	google_vision	241001c-dc7b5b9bb656	metadata_sidecar+page_text+article_text+google_vision_json	data_local/ocr/jbrs/manifest/241001c-dc7b5b9bb656.json	ready_for_ocr	needs runtime path cache from build_jbrs_local_manifest.py --root	Matched corpus references elevate OCR priority; the committed plan stores path stubs only.
jbrs-ocr-242093-8aa960e261d8	242093-8aa960e261d8	242093.pdf	Burmese/Burma JBRS/JBRS Originals/242093.pdf					low	article_pages_only	google_vision	242093-8aa960e261d8	metadata_sidecar+page_text+article_text+google_vision_json	data_local/ocr/jbrs/manifest/242093-8aa960e261d8.json	ready_for_ocr	needs runtime path cache from build_jbrs_local_manifest.py --root	Matched corpus references elevate OCR priority; the committed plan stores path stubs only.
jbrs-ocr-242105-05acb32b6631	242105-05acb32b6631	242105.pdf	Burmese/Burma JBRS/JBRS Originals/242105.pdf					low	article_pages_only	google_vision	242105-05acb32b6631	metadata_sidecar+page_text+article_text+google_vision_json	data_local/ocr/jbrs/manifest/242105-05acb32b6631.json	ready_for_ocr	needs runtime path cache from build_jbrs_local_manifest.py --root	Matched corpus references elevate OCR priority; the committed plan stores path stubs only.
jbrs-ocr-242112-9d819eab1dd9	242112-9d819eab1dd9	242112.pdf	Burmese/Burma JBRS/1934/242112.pdf					low	article_pages_only	google_vision	242112-9d819eab1dd9	metadata_sidecar+page_text+article_text+google_vision_json	data_local/ocr/jbrs/manifest/242112-9d819eab1dd9.json	ready_for_ocr	needs runtime path cache from build_jbrs_local_manifest.py --root	Matched corpus references elevate OCR priority; the committed plan stores path stubs only.
jbrs-ocr-242114-57df6cbc912b	242114-57df6cbc912b	242114.pdf	Burmese/Burma JBRS/JBRS Originals/242114.pdf					low	article_pages_only	google_vision	242114-57df6cbc912b	metadata_sidecar+page_text+article_text+google_vision_json	data_local/ocr/jbrs/manifest/242114-57df6cbc912b.json	ready_for_ocr	needs runtime path cache from build_jbrs_local_manifest.py --root	Matched corpus references elevate OCR priority; the committed plan stores path stubs only.
jbrs-ocr-242117-0ed960e759b2	242117-0ed960e759b2	242117.pdf	Burmese/Burma JBRS/JBRS Originals/242117.pdf					low	article_pages_only	google_vision	242117-0ed960e759b2	metadata_sidecar+page_text+article_text+google_vision_json	data_local/ocr/jbrs/manifest/242117-0ed960e759b2.json	ready_for_ocr	needs runtime path cache from build_jbrs_local_manifest.py --root	Matched corpus references elevate OCR priority; the committed plan stores path stubs only.
jbrs-ocr-242120-ab7002796f38	242120-ab7002796f38	242120.pdf	Burmese/Burma JBRS/1934/242120.pdf					low	article_pages_only	google_vision	242120-ab7002796f38	metadata_sidecar+page_text+article_text+google_vision_json	data_local/ocr/jbrs/manifest/242120-ab7002796f38.json	ready_for_ocr	needs runtime path cache from build_jbrs_local_manifest.py --root	Matched corpus references elevate OCR priority; the committed plan stores path stubs only.
jbrs-ocr-243127-24e6a4201182	243127-24e6a4201182	243127.pdf	Burmese/Burma JBRS/JBRS Originals/243127.pdf					low	article_pages_only	google_vision	243127-24e6a4201182	metadata_sidecar+page_text+article_text+google_vision_json	data_local/ocr/jbrs/manifest/243127-24e6a4201182.json	ready_for_ocr	needs runtime path cache from build_jbrs_local_manifest.py --root	Matched corpus references elevate OCR priority; the committed plan stores path stubs only.
jbrs-ocr-243149-0e171c46718f	243149-0e171c46718f	243149.pdf	Burmese/Burma JBRS/1934/243149.pdf					low	article_pages_only	google_vision	243149-0e171c46718f	metadata_sidecar+page_text+article_text+google_vision_json	data_local/ocr/jbrs/manifest/243149-0e171c46718f.json	ready_for_ocr	needs runtime path cache from build_jbrs_local_manifest.py --root	Matched corpus references elevate OCR priority; the committed plan stores path stubs only.
jbrs-ocr-243159-14a845dc7a69	243159-14a845dc7a69	243159.pdf	Burmese/Burma JBRS/JBRS Originals/243159.pdf					low	article_pages_only	google_vision	243159-14a845dc7a69	metadata_sidecar+page_text+article_text+google_vision_json	data_local/ocr/jbrs/manifest/243159-14a845dc7a69.json	ready_for_ocr	needs runtime path cache from build_jbrs_local_manifest.py --root	Matched corpus references elevate OCR priority; the committed plan stores path stubs only.
jbrs-ocr-243160-c4656597a73f	243160-c4656597a73f	243160.pdf	Burmese/Burma JBRS/JBRS Originals/243160.pdf					low	article_pages_only	google_vision	243160-c4656597a73f	metadata_sidecar+page_text+article_text+google_vision_json	data_local/ocr/jbrs/manifest/243160-c4656597a73f.json	ready_for_ocr	needs runtime path cache from build_jbrs_local_manifest.py --root	Matched corpus references elevate OCR priority; the committed plan stores path stubs only.
jbrs-ocr-251001-ad2cf9694d87	251001-ad2cf9694d87	251001.pdf	Burmese/Burma JBRS/JBRS Originals/251001.pdf					low	article_pages_only	google_vision	251001-ad2cf9694d87	metadata_sidecar+page_text+article_text+google_vision_json	data_local/ocr/jbrs/manifest/251001-ad2cf9694d87.json	ready_for_ocr	needs runtime path cache from build_jbrs_local_manifest.py --root	Matched corpus references elevate OCR priority; the committed plan stores path stubs only.
jbrs-ocr-251040-dca9905d5069	251040-dca9905d5069	251040.pdf	Burmese/Burma JBRS/JBRS Originals/251040.pdf					low	article_pages_only	google_vision	251040-dca9905d5069	metadata_sidecar+page_text+article_text+google_vision_json	data_local/ocr/jbrs/manifest/251040-dca9905d5069.json	ready_for_ocr	needs runtime path cache from build_jbrs_local_manifest.py --root	Matched corpus references elevate OCR priority; the committed plan stores path stubs only.
jbrs-ocr-252049-b632e7b1e80c	252049-b632e7b1e80c	252049.pdf	Burmese/Burma JBRS/JBRS Originals/252049.pdf					low	article_pages_only	google_vision	252049-b632e7b1e80c	metadata_sidecar+page_text+article_text+google_vision_json	data_local/ocr/jbrs/manifest/252049-b632e7b1e80c.json	ready_for_ocr	needs runtime path cache from build_jbrs_local_manifest.py --root	Matched corpus references elevate OCR priority; the committed plan stores path stubs only.
jbrs-ocr-253109-adcc22071a9c	253109-adcc22071a9c	253109.pdf	Burmese/Burma JBRS/1935/253109.pdf					low	article_pages_only	google_vision	253109-adcc22071a9c	metadata_sidecar+page_text+article_text+google_vision_json	data_local/ocr/jbrs/manifest/253109-adcc22071a9c.json	ready_for_ocr	needs runtime path cache from build_jbrs_local_manifest.py --root	Matched corpus references elevate OCR priority; the committed plan stores path stubs only.
jbrs-ocr-253121-af9ff5a00974	253121-af9ff5a00974	253121.pdf	Burmese/Burma JBRS/1935/253121.pdf					low	article_pages_only	google_vision	253121-af9ff5a00974	metadata_sidecar+page_text+article_text+google_vision_json	data_local/ocr/jbrs/manifest/253121-af9ff5a00974.json	ready_for_ocr	needs runtime path cache from build_jbrs_local_manifest.py --root	Matched corpus references elevate OCR priority; the committed plan stores path stubs only.
jbrs-ocr-253129-acf5c2e71a2b	253129-acf5c2e71a2b	253129.pdf	Burmese/Burma JBRS/JBRS Originals/253129.pdf					low	article_pages_only	google_vision	253129-acf5c2e71a2b	metadata_sidecar+page_text+article_text+google_vision_json	data_local/ocr/jbrs/manifest/253129-acf5c2e71a2b.json	ready_for_ocr	needs runtime path cache from build_jbrs_local_manifest.py --root	Matched corpus references elevate OCR priority; the committed plan stores path stubs only.
jbrs-ocr-253137-1f80b7d7e596	253137-1f80b7d7e596	253137.pdf	Burmese/Burma JBRS/1935/253137.pdf					low	article_pages_only	google_vision	253137-1f80b7d7e596	metadata_sidecar+page_text+article_text+google_vision_json	data_local/ocr/jbrs/manifest/253137-1f80b7d7e596.json	ready_for_ocr	needs runtime path cache from build_jbrs_local_manifest.py --root	Matched corpus references elevate OCR priority; the committed plan stores path stubs only.
jbrs-ocr-253145-f345bbc8cd4b	253145-f345bbc8cd4b	253145.pdf	Burmese/Burma JBRS/1935/253145.pdf					low	article_pages_only	google_vision	253145-f345bbc8cd4b	metadata_sidecar+page_text+article_text+google_vision_json	data_local/ocr/jbrs/manifest/253145-f345bbc8cd4b.json	ready_for_ocr	needs runtime path cache from build_jbrs_local_manifest.py --root	Matched corpus references elevate OCR priority; the committed plan stores path stubs only.
jbrs-ocr-253160-6f1fbe1d53ba	253160-6f1fbe1d53ba	253160.pdf	Burmese/Burma JBRS/1935/253160.pdf					low	article_pages_only	google_vision	253160-6f1fbe1d53ba	metadata_sidecar+page_text+article_text+google_vision_json	data_local/ocr/jbrs/manifest/253160-6f1fbe1d53ba.json	ready_for_ocr	needs runtime path cache from build_jbrs_local_manifest.py --root	Matched corpus references elevate OCR priority; the committed plan stores path stubs only.
jbrs-ocr-253161-2f9b3f38ebe8	253161-2f9b3f38ebe8	253161.pdf	Burmese/Burma JBRS/JBRS Originals/253161.pdf					low	article_pages_only	google_vision	253161-2f9b3f38ebe8	metadata_sidecar+page_text+article_text+google_vision_json	data_local/ocr/jbrs/manifest/253161-2f9b3f38ebe8.json	ready_for_ocr	needs runtime path cache from build_jbrs_local_manifest.py --root	Matched corpus references elevate OCR priority; the committed plan stores path stubs only.
jbrs-ocr-253162-59327c1d4171	253162-59327c1d4171	253162.pdf	Burmese/Burma JBRS/JBRS Originals/253162.pdf					low	article_pages_only	google_vision	253162-59327c1d4171	metadata_sidecar+page_text+article_text+google_vision_json	data_local/ocr/jbrs/manifest/253162-59327c1d4171.json	ready_for_ocr	needs runtime path cache from build_jbrs_local_manifest.py --root	Matched corpus references elevate OCR priority; the committed plan stores path stubs only.
jbrs-ocr-261001-23882d2b0bf8	261001-23882d2b0bf8	261001.pdf	Burmese/Burma JBRS/JBRS Originals/261001.pdf					low	article_pages_only	google_vision	261001-23882d2b0bf8	metadata_sidecar+page_text+article_text+google_vision_json	data_local/ocr/jbrs/manifest/261001-23882d2b0bf8.json	ready_for_ocr	needs runtime path cache from build_jbrs_local_manifest.py --root	Matched corpus references elevate OCR priority; the committed plan stores path stubs only.
jbrs-ocr-261033-f6f8e1c2177e	261033-f6f8e1c2177e	261033.pdf	Burmese/Burma JBRS/JBRS Originals/261033.pdf					low	article_pages_only	google_vision	261033-f6f8e1c2177e	metadata_sidecar+page_text+article_text+google_vision_json	data_local/ocr/jbrs/manifest/261033-f6f8e1c2177e.json	ready_for_ocr	needs runtime path cache from build_jbrs_local_manifest.py --root	Matched corpus references elevate OCR priority; the committed plan stores path stubs only.
jbrs-ocr-261035-efd44a3e2d9f	261035-efd44a3e2d9f	261035.pdf	Burmese/Burma JBRS/JBRS Originals/261035.pdf					low	article_pages_only	google_vision	261035-efd44a3e2d9f	metadata_sidecar+page_text+article_text+google_vision_json	data_local/ocr/jbrs/manifest/261035-efd44a3e2d9f.json	ready_for_ocr	needs runtime path cache from build_jbrs_local_manifest.py --root	Matched corpus references elevate OCR priority; the committed plan stores path stubs only.
jbrs-ocr-262071-013bbde34dc9	262071-013bbde34dc9	262071.pdf	Burmese/Burma JBRS/1936/262071.pdf					low	article_pages_only	google_vision	262071-013bbde34dc9	metadata_sidecar+page_text+article_text+google_vision_json	data_local/ocr/jbrs/manifest/262071-013bbde34dc9.json	ready_for_ocr	needs runtime path cache from build_jbrs_local_manifest.py --root	Matched corpus references elevate OCR priority; the committed plan stores path stubs only.
jbrs-ocr-262110-41a7efb55a79	262110-41a7efb55a79	262110.pdf	Burmese/Burma JBRS/1936/262110.pdf					low	article_pages_only	google_vision	262110-41a7efb55a79	metadata_sidecar+page_text+article_text+google_vision_json	data_local/ocr/jbrs/manifest/262110-41a7efb55a79.json	ready_for_ocr	needs runtime path cache from build_jbrs_local_manifest.py --root	Matched corpus references elevate OCR priority; the committed plan stores path stubs only.
jbrs-ocr-262116-7150ad99fba3	262116-7150ad99fba3	262116.pdf	Burmese/Burma JBRS/1936/262116.pdf					low	article_pages_only	google_vision	262116-7150ad99fba3	metadata_sidecar+page_text+article_text+google_vision_json	data_local/ocr/jbrs/manifest/262116-7150ad99fba3.json	ready_for_ocr	needs runtime path cache from build_jbrs_local_manifest.py --root	Matched corpus references elevate OCR priority; the committed plan stores path stubs only.
jbrs-ocr-262119-aa2bc12e3738	262119-aa2bc12e3738	262119.pdf	Burmese/Burma JBRS/JBRS Originals/262119.pdf					low	article_pages_only	google_vision	262119-aa2bc12e3738	metadata_sidecar+page_text+article_text+google_vision_json	data_local/ocr/jbrs/manifest/262119-aa2bc12e3738.json	ready_for_ocr	needs runtime path cache from build_jbrs_local_manifest.py --root	Matched corpus references elevate OCR priority; the committed plan stores path stubs only.
jbrs-ocr-262122-8b943efcf25c	262122-8b943efcf25c	262122.pdf	Burmese/Burma JBRS/1936/262122.pdf					low	article_pages_only	google_vision	262122-8b943efcf25c	metadata_sidecar+page_text+article_text+google_vision_json	data_local/ocr/jbrs/manifest/262122-8b943efcf25c.json	ready_for_ocr	needs runtime path cache from build_jbrs_local_manifest.py --root	Matched corpus references elevate OCR priority; the committed plan stores path stubs only.
jbrs-ocr-263131-82440c497d98	263131-82440c497d98	263131.pdf	Burmese/Burma JBRS/JBRS Originals/263131.pdf					low	article_pages_only	google_vision	263131-82440c497d98	metadata_sidecar+page_text+article_text+google_vision_json	data_local/ocr/jbrs/manifest/263131-82440c497d98.json	ready_for_ocr	needs runtime path cache from build_jbrs_local_manifest.py --root	Matched corpus references elevate OCR priority; the committed plan stores path stubs only.
jbrs-ocr-263139-bba6fa22e2a4	263139-bba6fa22e2a4	263139.pdf	Burmese/Burma JBRS/1936/263139.pdf					low	article_pages_only	google_vision	263139-bba6fa22e2a4	metadata_sidecar+page_text+article_text+google_vision_json	data_local/ocr/jbrs/manifest/263139-bba6fa22e2a4.json	ready_for_ocr	needs runtime path cache from build_jbrs_local_manifest.py --root	Matched corpus references elevate OCR priority; the committed plan stores path stubs only.
jbrs-ocr-263147-8c40373811dd	263147-8c40373811dd	263147.pdf	Burmese/Burma JBRS/JBRS Originals/263147.pdf					low	article_pages_only	google_vision	263147-8c40373811dd	metadata_sidecar+page_text+article_text+google_vision_json	data_local/ocr/jbrs/manifest/263147-8c40373811dd.json	ready_for_ocr	needs runtime path cache from build_jbrs_local_manifest.py --root	Matched corpus references elevate OCR priority; the committed plan stores path stubs only.
jbrs-ocr-263153-085d413ba955	263153-085d413ba955	263153.pdf	Burmese/Burma JBRS/1936/263153.pdf					low	article_pages_only	google_vision	263153-085d413ba955	metadata_sidecar+page_text+article_text+google_vision_json	data_local/ocr/jbrs/manifest/263153-085d413ba955.json	ready_for_ocr	needs runtime path cache from build_jbrs_local_manifest.py --root	Matched corpus references elevate OCR priority; the committed plan stores path stubs only.
jbrs-ocr-263157-4b11ac6d0804	263157-4b11ac6d0804	263157.pdf	Burmese/Burma JBRS/1936/263157.pdf					low	article_pages_only	google_vision	263157-4b11ac6d0804	metadata_sidecar+page_text+article_text+google_vision_json	data_local/ocr/jbrs/manifest/263157-4b11ac6d0804.json	ready_for_ocr	needs runtime path cache from build_jbrs_local_manifest.py --root	Matched corpus references elevate OCR priority; the committed plan stores path stubs only.
jbrs-ocr-263163-467c7fd501bf	263163-467c7fd501bf	263163.pdf	Burmese/Burma JBRS/JBRS Originals/263163.pdf					low	article_pages_only	google_vision	263163-467c7fd501bf	metadata_sidecar+page_text+article_text+google_vision_json	data_local/ocr/jbrs/manifest/263163-467c7fd501bf.json	ready_for_ocr	needs runtime path cache from build_jbrs_local_manifest.py --root	Matched corpus references elevate OCR priority; the committed plan stores path stubs only.
jbrs-ocr-263171-da1960b86d45	263171-da1960b86d45	263171.pdf	Burmese/Burma JBRS/JBRS Originals/263171.pdf					low	article_pages_only	google_vision	263171-da1960b86d45	metadata_sidecar+page_text+article_text+google_vision_json	data_local/ocr/jbrs/manifest/263171-da1960b86d45.json	ready_for_ocr	needs runtime path cache from build_jbrs_local_manifest.py --root	Matched corpus references elevate OCR priority; the committed plan stores path stubs only.
jbrs-ocr-271001-be28ce1583a5	271001-be28ce1583a5	271001.pdf	Burmese/Burma JBRS/1937/271001.pdf					low	article_pages_only	google_vision	271001-be28ce1583a5	metadata_sidecar+page_text+article_text+google_vision_json	data_local/ocr/jbrs/manifest/271001-be28ce1583a5.json	ready_for_ocr	needs runtime path cache from build_jbrs_local_manifest.py --root	Matched corpus references elevate OCR priority; the committed plan stores path stubs only.
jbrs-ocr-271015-9779b019a3bf	271015-9779b019a3bf	271015.pdf	Burmese/Burma JBRS/JBRS Originals/271015.pdf					low	article_pages_only	google_vision	271015-9779b019a3bf	metadata_sidecar+page_text+article_text+google_vision_json	data_local/ocr/jbrs/manifest/271015-9779b019a3bf.json	ready_for_ocr	needs runtime path cache from build_jbrs_local_manifest.py --root	Matched corpus references elevate OCR priority; the committed plan stores path stubs only.
jbrs-ocr-271033-e9a11aa8cdd5	271033-e9a11aa8cdd5	271033.pdf	Burmese/Burma JBRS/1937/271033.pdf					low	article_pages_only	google_vision	271033-e9a11aa8cdd5	metadata_sidecar+page_text+article_text+google_vision_json	data_local/ocr/jbrs/manifest/271033-e9a11aa8cdd5.json	ready_for_ocr	needs runtime path cache from build_jbrs_local_manifest.py --root	Matched corpus references elevate OCR priority; the committed plan stores path stubs only.
jbrs-ocr-271053-894534de567c	271053-894534de567c	271053.pdf	Burmese/Burma JBRS/1937/271053.pdf					low	article_pages_only	google_vision	271053-894534de567c	metadata_sidecar+page_text+article_text+google_vision_json	data_local/ocr/jbrs/manifest/271053-894534de567c.json	ready_for_ocr	needs runtime path cache from build_jbrs_local_manifest.py --root	Matched corpus references elevate OCR priority; the committed plan stores path stubs only.
jbrs-ocr-271061-dca2a3af11ad	271061-dca2a3af11ad	271061.pdf	Burmese/Burma JBRS/1937/271061.pdf					low	article_pages_only	google_vision	271061-dca2a3af11ad	metadata_sidecar+page_text+article_text+google_vision_json	data_local/ocr/jbrs/manifest/271061-dca2a3af11ad.json	ready_for_ocr	needs runtime path cache from build_jbrs_local_manifest.py --root	Matched corpus references elevate OCR priority; the committed plan stores path stubs only.
jbrs-ocr-271074-e876dd7c50c6	271074-e876dd7c50c6	271074.pdf	Burmese/Burma JBRS/JBRS Originals/271074.pdf					low	article_pages_only	google_vision	271074-e876dd7c50c6	metadata_sidecar+page_text+article_text+google_vision_json	data_local/ocr/jbrs/manifest/271074-e876dd7c50c6.json	ready_for_ocr	needs runtime path cache from build_jbrs_local_manifest.py --root	Matched corpus references elevate OCR priority; the committed plan stores path stubs only.
jbrs-ocr-271075-2a9589a6ebd5	271075-2a9589a6ebd5	271075.pdf	Burmese/Burma JBRS/1937/271075.pdf					low	article_pages_only	google_vision	271075-2a9589a6ebd5	metadata_sidecar+page_text+article_text+google_vision_json	data_local/ocr/jbrs/manifest/271075-2a9589a6ebd5.json	ready_for_ocr	needs runtime path cache from build_jbrs_local_manifest.py --root	Matched corpus references elevate OCR priority; the committed plan stores path stubs only.
jbrs-ocr-272087-389533199214	272087-389533199214	272087.pdf	Burmese/Burma JBRS/JBRS Originals/272087.pdf					low	article_pages_only	google_vision	272087-389533199214	metadata_sidecar+page_text+article_text+google_vision_json	data_local/ocr/jbrs/manifest/272087-389533199214.json	ready_for_ocr	needs runtime path cache from build_jbrs_local_manifest.py --root	Matched corpus references elevate OCR priority; the committed plan stores path stubs only.
jbrs-ocr-273254-c73168dc7d34	273254-c73168dc7d34	273254.pdf	Burmese/Burma JBRS/1937/273254.pdf					low	article_pages_only	google_vision	273254-c73168dc7d34	metadata_sidecar+page_text+article_text+google_vision_json	data_local/ocr/jbrs/manifest/273254-c73168dc7d34.json	ready_for_ocr	needs runtime path cache from build_jbrs_local_manifest.py --root	Matched corpus references elevate OCR priority; the committed plan stores path stubs only.
jbrs-ocr-273277-19e16d7bf241	273277-19e16d7bf241	273277.pdf	Burmese/Burma JBRS/1937/273277.pdf					low	article_pages_only	google_vision	273277-19e16d7bf241	metadata_sidecar+page_text+article_text+google_vision_json	data_local/ocr/jbrs/manifest/273277-19e16d7bf241.json	ready_for_ocr	needs runtime path cache from build_jbrs_local_manifest.py --root	Matched corpus references elevate OCR priority; the committed plan stores path stubs only.
jbrs-ocr-273283-1f4f3f3d3c9a	273283-1f4f3f3d3c9a	273283.pdf	Burmese/Burma JBRS/1937/273283.pdf					low	article_pages_only	google_vision	273283-1f4f3f3d3c9a	metadata_sidecar+page_text+article_text+google_vision_json	data_local/ocr/jbrs/manifest/273283-1f4f3f3d3c9a.json	ready_for_ocr	needs runtime path cache from build_jbrs_local_manifest.py --root	Matched corpus references elevate OCR priority; the committed plan stores path stubs only.
jbrs-ocr-273308-d3e69c251ca0	273308-d3e69c251ca0	273308.pdf	Burmese/Burma JBRS/1937/273308.pdf					low	article_pages_only	google_vision	273308-d3e69c251ca0	metadata_sidecar+page_text+article_text+google_vision_json	data_local/ocr/jbrs/manifest/273308-d3e69c251ca0.json	ready_for_ocr	needs runtime path cache from build_jbrs_local_manifest.py --root	Matched corpus references elevate OCR priority; the committed plan stores path stubs only.
jbrs-ocr-273310-6429684e1894	273310-6429684e1894	273310.pdf	Burmese/Burma JBRS/1937/273310.pdf					low	article_pages_only	google_vision	273310-6429684e1894	metadata_sidecar+page_text+article_text+google_vision_json	data_local/ocr/jbrs/manifest/273310-6429684e1894.json	ready_for_ocr	needs runtime path cache from build_jbrs_local_manifest.py --root	Matched corpus references elevate OCR priority; the committed plan stores path stubs only.
jbrs-ocr-273310a-902bf3a6443f	273310a-902bf3a6443f	273310A.pdf	Burmese/Burma JBRS/1937/273310A.pdf					low	article_pages_only	google_vision	273310a-902bf3a6443f	metadata_sidecar+page_text+article_text+google_vision_json	data_local/ocr/jbrs/manifest/273310a-902bf3a6443f.json	ready_for_ocr	needs runtime path cache from build_jbrs_local_manifest.py --root	Matched corpus references elevate OCR priority; the committed plan stores path stubs only.
jbrs-ocr-273312-7463dd0e16ec	273312-7463dd0e16ec	273312.pdf	Burmese/Burma JBRS/1937/273312.pdf					low	article_pages_only	google_vision	273312-7463dd0e16ec	metadata_sidecar+page_text+article_text+google_vision_json	data_local/ocr/jbrs/manifest/273312-7463dd0e16ec.json	ready_for_ocr	needs runtime path cache from build_jbrs_local_manifest.py --root	Matched corpus references elevate OCR priority; the committed plan stores path stubs only.
jbrs-ocr-281001-fadc60a4137a	281001-fadc60a4137a	281001.pdf	Burmese/Burma JBRS/1938/281001.pdf					low	article_pages_only	google_vision	281001-fadc60a4137a	metadata_sidecar+page_text+article_text+google_vision_json	data_local/ocr/jbrs/manifest/281001-fadc60a4137a.json	ready_for_ocr	needs runtime path cache from build_jbrs_local_manifest.py --root	Matched corpus references elevate OCR priority; the committed plan stores path stubs only.
jbrs-ocr-281092-c67237413f44	281092-c67237413f44	281092.pdf	Burmese/Burma JBRS/JBRS Originals/281092.pdf					low	article_pages_only	google_vision	281092-c67237413f44	metadata_sidecar+page_text+article_text+google_vision_json	data_local/ocr/jbrs/manifest/281092-c67237413f44.json	ready_for_ocr	needs runtime path cache from build_jbrs_local_manifest.py --root	Matched corpus references elevate OCR priority; the committed plan stores path stubs only.
jbrs-ocr-282095-3c9999a3a1e3	282095-3c9999a3a1e3	282095.pdf	Burmese/Burma JBRS/JBRS Originals/282095.pdf					low	article_pages_only	google_vision	282095-3c9999a3a1e3	metadata_sidecar+page_text+article_text+google_vision_json	data_local/ocr/jbrs/manifest/282095-3c9999a3a1e3.json	ready_for_ocr	needs runtime path cache from build_jbrs_local_manifest.py --root	Matched corpus references elevate OCR priority; the committed plan stores path stubs only.
jbrs-ocr-282100-c2e173cc005e	282100-c2e173cc005e	282100.pdf	Burmese/Burma JBRS/JBRS Originals/282100.pdf					low	article_pages_only	google_vision	282100-c2e173cc005e	metadata_sidecar+page_text+article_text+google_vision_json	data_local/ocr/jbrs/manifest/282100-c2e173cc005e.json	ready_for_ocr	needs runtime path cache from build_jbrs_local_manifest.py --root	Matched corpus references elevate OCR priority; the committed plan stores path stubs only.
jbrs-ocr-282109-dadda21920c9	282109-dadda21920c9	282109.pdf	Burmese/Burma JBRS/JBRS Originals/282109.pdf					low	article_pages_only	google_vision	282109-dadda21920c9	metadata_sidecar+page_text+article_text+google_vision_json	data_local/ocr/jbrs/manifest/282109-dadda21920c9.json	ready_for_ocr	needs runtime path cache from build_jbrs_local_manifest.py --root	Matched corpus references elevate OCR priority; the committed plan stores path stubs only.
jbrs-ocr-282177-86a23b01eace	282177-86a23b01eace	282177.pdf	Burmese/Burma JBRS/JBRS Originals/282177.pdf					low	article_pages_only	google_vision	282177-86a23b01eace	metadata_sidecar+page_text+article_text+google_vision_json	data_local/ocr/jbrs/manifest/282177-86a23b01eace.json	ready_for_ocr	needs runtime path cache from build_jbrs_local_manifest.py --root	Matched corpus references elevate OCR priority; the committed plan stores path stubs only.
jbrs-ocr-282193-dbfd5ebb7516	282193-dbfd5ebb7516	282193.pdf	Burmese/Burma JBRS/1938/282193.pdf					low	article_pages_only	google_vision	282193-dbfd5ebb7516	metadata_sidecar+page_text+article_text+google_vision_json	data_local/ocr/jbrs/manifest/282193-dbfd5ebb7516.json	ready_for_ocr	needs runtime path cache from build_jbrs_local_manifest.py --root	Matched corpus references elevate OCR priority; the committed plan stores path stubs only.
jbrs-ocr-282232-18ca1f9ed091	282232-18ca1f9ed091	282232.pdf	Burmese/Burma JBRS/JBRS Originals/282232.pdf					low	article_pages_only	google_vision	282232-18ca1f9ed091	metadata_sidecar+page_text+article_text+google_vision_json	data_local/ocr/jbrs/manifest/282232-18ca1f9ed091.json	ready_for_ocr	needs runtime path cache from build_jbrs_local_manifest.py --root	Matched corpus references elevate OCR priority; the committed plan stores path stubs only.
jbrs-ocr-282233-d8668741efba	282233-d8668741efba	282233.pdf	Burmese/Burma JBRS/1938/282233.pdf					low	article_pages_only	google_vision	282233-d8668741efba	metadata_sidecar+page_text+article_text+google_vision_json	data_local/ocr/jbrs/manifest/282233-d8668741efba.json	ready_for_ocr	needs runtime path cache from build_jbrs_local_manifest.py --root	Matched corpus references elevate OCR priority; the committed plan stores path stubs only.
jbrs-ocr-291001-cad6568614c2	291001-cad6568614c2	291001.pdf	Burmese/Burma JBRS/JBRS Originals/291001.pdf					low	article_pages_only	google_vision	291001-cad6568614c2	metadata_sidecar+page_text+article_text+google_vision_json	data_local/ocr/jbrs/manifest/291001-cad6568614c2.json	ready_for_ocr	needs runtime path cache from build_jbrs_local_manifest.py --root	Matched corpus references elevate OCR priority; the committed plan stores path stubs only.
jbrs-ocr-292139-e4dff1f83397	292139-e4dff1f83397	292139.pdf	Burmese/Burma JBRS/JBRS Originals/292139.pdf					low	article_pages_only	google_vision	292139-e4dff1f83397	metadata_sidecar+page_text+article_text+google_vision_json	data_local/ocr/jbrs/manifest/292139-e4dff1f83397.json	ready_for_ocr	needs runtime path cache from build_jbrs_local_manifest.py --root	Matched corpus references elevate OCR priority; the committed plan stores path stubs only.
jbrs-ocr-292157-56aa15461e87	292157-56aa15461e87	292157.pdf	Burmese/Burma JBRS/1939/292157.pdf					low	article_pages_only	google_vision	292157-56aa15461e87	metadata_sidecar+page_text+article_text+google_vision_json	data_local/ocr/jbrs/manifest/292157-56aa15461e87.json	ready_for_ocr	needs runtime path cache from build_jbrs_local_manifest.py --root	Matched corpus references elevate OCR priority; the committed plan stores path stubs only.
jbrs-ocr-292166-b0b5a7c99d5e	292166-b0b5a7c99d5e	292166.pdf	Burmese/Burma JBRS/JBRS Originals/292166.pdf					low	article_pages_only	google_vision	292166-b0b5a7c99d5e	metadata_sidecar+page_text+article_text+google_vision_json	data_local/ocr/jbrs/manifest/292166-b0b5a7c99d5e.json	ready_for_ocr	needs runtime path cache from build_jbrs_local_manifest.py --root	Matched corpus references elevate OCR priority; the committed plan stores path stubs only.
jbrs-ocr-292187-54cbd71592a6	292187-54cbd71592a6	292187.pdf	Burmese/Burma JBRS/JBRS Originals/292187.pdf					low	article_pages_only	google_vision	292187-54cbd71592a6	metadata_sidecar+page_text+article_text+google_vision_json	data_local/ocr/jbrs/manifest/292187-54cbd71592a6.json	ready_for_ocr	needs runtime path cache from build_jbrs_local_manifest.py --root	Matched corpus references elevate OCR priority; the committed plan stores path stubs only.
jbrs-ocr-292193-a6f085122f7b	292193-a6f085122f7b	292193.pdf	Burmese/Burma JBRS/JBRS Originals/292193.pdf					low	article_pages_only	google_vision	292193-a6f085122f7b	metadata_sidecar+page_text+article_text+google_vision_json	data_local/ocr/jbrs/manifest/292193-a6f085122f7b.json	ready_for_ocr	needs runtime path cache from build_jbrs_local_manifest.py --root	Matched corpus references elevate OCR priority; the committed plan stores path stubs only.
jbrs-ocr-292198-f0d2b2d0a78a	292198-f0d2b2d0a78a	292198.pdf	Burmese/Burma JBRS/1939/292198.pdf					low	article_pages_only	google_vision	292198-f0d2b2d0a78a	metadata_sidecar+page_text+article_text+google_vision_json	data_local/ocr/jbrs/manifest/292198-f0d2b2d0a78a.json	ready_for_ocr	needs runtime path cache from build_jbrs_local_manifest.py --root	Matched corpus references elevate OCR priority; the committed plan stores path stubs only.
jbrs-ocr-292208-68fe8d54ce87	292208-68fe8d54ce87	292208.pdf	Burmese/Burma JBRS/1939/292208.pdf					low	article_pages_only	google_vision	292208-68fe8d54ce87	metadata_sidecar+page_text+article_text+google_vision_json	data_local/ocr/jbrs/manifest/292208-68fe8d54ce87.json	ready_for_ocr	needs runtime path cache from build_jbrs_local_manifest.py --root	Matched corpus references elevate OCR priority; the committed plan stores path stubs only.
jbrs-ocr-292212-d979f75ae0fa	292212-d979f75ae0fa	292212.pdf	Burmese/Burma JBRS/1939/292212.pdf					low	article_pages_only	google_vision	292212-d979f75ae0fa	metadata_sidecar+page_text+article_text+google_vision_json	data_local/ocr/jbrs/manifest/292212-d979f75ae0fa.json	ready_for_ocr	needs runtime path cache from build_jbrs_local_manifest.py --root	Matched corpus references elevate OCR priority; the committed plan stores path stubs only.
jbrs-ocr-293215-3f3534af1590	293215-3f3534af1590	293215.pdf	Burmese/Burma JBRS/1939/293215.pdf					low	article_pages_only	google_vision	293215-3f3534af1590	metadata_sidecar+page_text+article_text+google_vision_json	data_local/ocr/jbrs/manifest/293215-3f3534af1590.json	ready_for_ocr	needs runtime path cache from build_jbrs_local_manifest.py --root	Matched corpus references elevate OCR priority; the committed plan stores path stubs only.
jbrs-ocr-293233-eb48372c65e3	293233-eb48372c65e3	293233.pdf	Burmese/Burma JBRS/1939/293233.pdf					low	article_pages_only	google_vision	293233-eb48372c65e3	metadata_sidecar+page_text+article_text+google_vision_json	data_local/ocr/jbrs/manifest/293233-eb48372c65e3.json	ready_for_ocr	needs runtime path cache from build_jbrs_local_manifest.py --root	Matched corpus references elevate OCR priority; the committed plan stores path stubs only.
jbrs-ocr-293236-39a8ce4974e0	293236-39a8ce4974e0	293236.pdf	Burmese/Burma JBRS/1939/293236.pdf					low	article_pages_only	google_vision	293236-39a8ce4974e0	metadata_sidecar+page_text+article_text+google_vision_json	data_local/ocr/jbrs/manifest/293236-39a8ce4974e0.json	ready_for_ocr	needs runtime path cache from build_jbrs_local_manifest.py --root	Matched corpus references elevate OCR priority; the committed plan stores path stubs only.
jbrs-ocr-293250-d2524020816e	293250-d2524020816e	293250.pdf	Burmese/Burma JBRS/1939/293250.pdf					low	article_pages_only	google_vision	293250-d2524020816e	metadata_sidecar+page_text+article_text+google_vision_json	data_local/ocr/jbrs/manifest/293250-d2524020816e.json	ready_for_ocr	needs runtime path cache from build_jbrs_local_manifest.py --root	Matched corpus references elevate OCR priority; the committed plan stores path stubs only.
jbrs-ocr-293257-7754d3d6c1d4	293257-7754d3d6c1d4	293257.pdf	Burmese/Burma JBRS/JBRS Originals/293257.pdf					low	article_pages_only	google_vision	293257-7754d3d6c1d4	metadata_sidecar+page_text+article_text+google_vision_json	data_local/ocr/jbrs/manifest/293257-7754d3d6c1d4.json	ready_for_ocr	needs runtime path cache from build_jbrs_local_manifest.py --root	Matched corpus references elevate OCR priority; the committed plan stores path stubs only.
jbrs-ocr-301283-02e08d098958	301283-02e08d098958	301283.pdf	Burmese/Burma JBRS/JBRS Originals/301283.pdf					low	article_pages_only	google_vision	301283-02e08d098958	metadata_sidecar+page_text+article_text+google_vision_json	data_local/ocr/jbrs/manifest/301283-02e08d098958.json	ready_for_ocr	needs runtime path cache from build_jbrs_local_manifest.py --root	Matched corpus references elevate OCR priority; the committed plan stores path stubs only.
jbrs-ocr-301336-31dabf53eac3	301336-31dabf53eac3	301336.pdf	Burmese/Burma JBRS/JBRS Originals/301336.pdf					low	article_pages_only	google_vision	301336-31dabf53eac3	metadata_sidecar+page_text+article_text+google_vision_json	data_local/ocr/jbrs/manifest/301336-31dabf53eac3.json	ready_for_ocr	needs runtime path cache from build_jbrs_local_manifest.py --root	Matched corpus references elevate OCR priority; the committed plan stores path stubs only.
jbrs-ocr-301343-6cf86c2df2d2	301343-6cf86c2df2d2	301343.pdf	Burmese/Burma JBRS/JBRS Originals/301343.pdf					low	article_pages_only	google_vision	301343-6cf86c2df2d2	metadata_sidecar+page_text+article_text+google_vision_json	data_local/ocr/jbrs/manifest/301343-6cf86c2df2d2.json	ready_for_ocr	needs runtime path cache from build_jbrs_local_manifest.py --root	Matched corpus references elevate OCR priority; the committed plan stores path stubs only.
jbrs-ocr-301345-5ef8a98b83c8	301345-5ef8a98b83c8	301345.pdf	Burmese/Burma JBRS/JBRS Originals/301345.pdf					low	article_pages_only	google_vision	301345-5ef8a98b83c8	metadata_sidecar+page_text+article_text+google_vision_json	data_local/ocr/jbrs/manifest/301345-5ef8a98b83c8.json	ready_for_ocr	needs runtime path cache from build_jbrs_local_manifest.py --root	Matched corpus references elevate OCR priority; the committed plan stores path stubs only.
jbrs-ocr-301345a-bbb481995f76	301345a-bbb481995f76	301345A.pdf	Burmese/Burma JBRS/1940/301345A.pdf					low	article_pages_only	google_vision	301345a-bbb481995f76	metadata_sidecar+page_text+article_text+google_vision_json	data_local/ocr/jbrs/manifest/301345a-bbb481995f76.json	ready_for_ocr	needs runtime path cache from build_jbrs_local_manifest.py --root	Matched corpus references elevate OCR priority; the committed plan stores path stubs only.
jbrs-ocr-301346-dce0f44d77a5	301346-dce0f44d77a5	301346.pdf	Burmese/Burma JBRS/1940/301346.pdf					low	article_pages_only	google_vision	301346-dce0f44d77a5	metadata_sidecar+page_text+article_text+google_vision_json	data_local/ocr/jbrs/manifest/301346-dce0f44d77a5.json	ready_for_ocr	needs runtime path cache from build_jbrs_local_manifest.py --root	Matched corpus references elevate OCR priority; the committed plan stores path stubs only.
jbrs-ocr-301347-8fd126704fce	301347-8fd126704fce	301347.pdf	Burmese/Burma JBRS/JBRS Originals/301347.pdf					low	article_pages_only	google_vision	301347-8fd126704fce	metadata_sidecar+page_text+article_text+google_vision_json	data_local/ocr/jbrs/manifest/301347-8fd126704fce.json	ready_for_ocr	needs runtime path cache from build_jbrs_local_manifest.py --root	Matched corpus references elevate OCR priority; the committed plan stores path stubs only.
jbrs-ocr-301348-510ea60d60c3	301348-510ea60d60c3	301348.pdf	Burmese/Burma JBRS/JBRS Originals/301348.pdf					low	article_pages_only	google_vision	301348-510ea60d60c3	metadata_sidecar+page_text+article_text+google_vision_json	data_local/ocr/jbrs/manifest/301348-510ea60d60c3.json	ready_for_ocr	needs runtime path cache from build_jbrs_local_manifest.py --root	Matched corpus references elevate OCR priority; the committed plan stores path stubs only.
jbrs-ocr-301349-aad002ed364d	301349-aad002ed364d	301349.pdf	Burmese/Burma JBRS/1940/301349.pdf					low	article_pages_only	google_vision	301349-aad002ed364d	metadata_sidecar+page_text+article_text+google_vision_json	data_local/ocr/jbrs/manifest/301349-aad002ed364d.json	ready_for_ocr	needs runtime path cache from build_jbrs_local_manifest.py --root	Matched corpus references elevate OCR priority; the committed plan stores path stubs only.
jbrs-ocr-301351-ed8da7b41f63	301351-ed8da7b41f63	301351.pdf	Burmese/Burma JBRS/1940/301351.pdf					low	article_pages_only	google_vision	301351-ed8da7b41f63	metadata_sidecar+page_text+article_text+google_vision_json	data_local/ocr/jbrs/manifest/301351-ed8da7b41f63.json	ready_for_ocr	needs runtime path cache from build_jbrs_local_manifest.py --root	Matched corpus references elevate OCR priority; the committed plan stores path stubs only.
jbrs-ocr-301371-20ef9d3fe130	301371-20ef9d3fe130	301371.pdf	Burmese/Burma JBRS/1940/301371.pdf					low	article_pages_only	google_vision	301371-20ef9d3fe130	metadata_sidecar+page_text+article_text+google_vision_json	data_local/ocr/jbrs/manifest/301371-20ef9d3fe130.json	ready_for_ocr	needs runtime path cache from build_jbrs_local_manifest.py --root	Matched corpus references elevate OCR priority; the committed plan stores path stubs only.
jbrs-ocr-301376-de0b5082af8a	301376-de0b5082af8a	301376.pdf	Burmese/Burma JBRS/1940/301376.pdf					low	article_pages_only	google_vision	301376-de0b5082af8a	metadata_sidecar+page_text+article_text+google_vision_json	data_local/ocr/jbrs/manifest/301376-de0b5082af8a.json	ready_for_ocr	needs runtime path cache from build_jbrs_local_manifest.py --root	Matched corpus references elevate OCR priority; the committed plan stores path stubs only.
jbrs-ocr-301384-884a7b619638	301384-884a7b619638	301384.pdf	Burmese/Burma JBRS/1940/301384.pdf					low	article_pages_only	google_vision	301384-884a7b619638	metadata_sidecar+page_text+article_text+google_vision_json	data_local/ocr/jbrs/manifest/301384-884a7b619638.json	ready_for_ocr	needs runtime path cache from build_jbrs_local_manifest.py --root	Matched corpus references elevate OCR priority; the committed plan stores path stubs only.
jbrs-ocr-301386-aeb4f9fb70ec	301386-aeb4f9fb70ec	301386.pdf	Burmese/Burma JBRS/1940/301386.pdf					low	article_pages_only	google_vision	301386-aeb4f9fb70ec	metadata_sidecar+page_text+article_text+google_vision_json	data_local/ocr/jbrs/manifest/301386-aeb4f9fb70ec.json	ready_for_ocr	needs runtime path cache from build_jbrs_local_manifest.py --root	Matched corpus references elevate OCR priority; the committed plan stores path stubs only.
jbrs-ocr-301387-ee5c670ed841	301387-ee5c670ed841	301387.pdf	Burmese/Burma JBRS/1940/301387.pdf					low	article_pages_only	google_vision	301387-ee5c670ed841	metadata_sidecar+page_text+article_text+google_vision_json	data_local/ocr/jbrs/manifest/301387-ee5c670ed841.json	ready_for_ocr	needs runtime path cache from build_jbrs_local_manifest.py --root	Matched corpus references elevate OCR priority; the committed plan stores path stubs only.
jbrs-ocr-311001-03e7c3f90427	311001-03e7c3f90427	311001.pdf	Burmese/Burma JBRS/JBRS Originals/311001.pdf					low	article_pages_only	google_vision	311001-03e7c3f90427	metadata_sidecar+page_text+article_text+google_vision_json	data_local/ocr/jbrs/manifest/311001-03e7c3f90427.json	ready_for_ocr	needs runtime path cache from build_jbrs_local_manifest.py --root	Matched corpus references elevate OCR priority; the committed plan stores path stubs only.
jbrs-ocr-311019-19500a8a6989	311019-19500a8a6989	311019.pdf	Burmese/Burma JBRS/JBRS Originals/311019.pdf					low	article_pages_only	google_vision	311019-19500a8a6989	metadata_sidecar+page_text+article_text+google_vision_json	data_local/ocr/jbrs/manifest/311019-19500a8a6989.json	ready_for_ocr	needs runtime path cache from build_jbrs_local_manifest.py --root	Matched corpus references elevate OCR priority; the committed plan stores path stubs only.
jbrs-ocr-311035-22b4895b8234	311035-22b4895b8234	311035.pdf	Burmese/Burma JBRS/JBRS Originals/311035.pdf					low	article_pages_only	google_vision	311035-22b4895b8234	metadata_sidecar+page_text+article_text+google_vision_json	data_local/ocr/jbrs/manifest/311035-22b4895b8234.json	ready_for_ocr	needs runtime path cache from build_jbrs_local_manifest.py --root	Matched corpus references elevate OCR priority; the committed plan stores path stubs only.
jbrs-ocr-311041-a589c32fe404	311041-a589c32fe404	311041.pdf	Burmese/Burma JBRS/JBRS Originals/311041.pdf					low	article_pages_only	google_vision	311041-a589c32fe404	metadata_sidecar+page_text+article_text+google_vision_json	data_local/ocr/jbrs/manifest/311041-a589c32fe404.json	ready_for_ocr	needs runtime path cache from build_jbrs_local_manifest.py --root	Matched corpus references elevate OCR priority; the committed plan stores path stubs only.
jbrs-ocr-311047-d909e46e6b56	311047-d909e46e6b56	311047.pdf	Burmese/Burma JBRS/1941/311047.pdf					low	article_pages_only	google_vision	311047-d909e46e6b56	metadata_sidecar+page_text+article_text+google_vision_json	data_local/ocr/jbrs/manifest/311047-d909e46e6b56.json	ready_for_ocr	needs runtime path cache from build_jbrs_local_manifest.py --root	Matched corpus references elevate OCR priority; the committed plan stores path stubs only.
jbrs-ocr-311050-90cc9eb27752	311050-90cc9eb27752	311050.pdf	Burmese/Burma JBRS/1941/311050.pdf					low	article_pages_only	google_vision	311050-90cc9eb27752	metadata_sidecar+page_text+article_text+google_vision_json	data_local/ocr/jbrs/manifest/311050-90cc9eb27752.json	ready_for_ocr	needs runtime path cache from build_jbrs_local_manifest.py --root	Matched corpus references elevate OCR priority; the committed plan stores path stubs only.
jbrs-ocr-311052-cd69bb9b6a58	311052-cd69bb9b6a58	311052.pdf	Burmese/Burma JBRS/1941/311052.pdf					low	article_pages_only	google_vision	311052-cd69bb9b6a58	metadata_sidecar+page_text+article_text+google_vision_json	data_local/ocr/jbrs/manifest/311052-cd69bb9b6a58.json	ready_for_ocr	needs runtime path cache from build_jbrs_local_manifest.py --root	Matched corpus references elevate OCR priority; the committed plan stores path stubs only.
jbrs-ocr-311052a-fa9225c9f679	311052a-fa9225c9f679	311052a.pdf	Burmese/Burma JBRS/1941/311052a.pdf					low	article_pages_only	google_vision	311052a-fa9225c9f679	metadata_sidecar+page_text+article_text+google_vision_json	data_local/ocr/jbrs/manifest/311052a-fa9225c9f679.json	ready_for_ocr	needs runtime path cache from build_jbrs_local_manifest.py --root	Matched corpus references elevate OCR priority; the committed plan stores path stubs only.
jbrs-ocr-312053-e071b4316cf7	312053-e071b4316cf7	312053.pdf	Burmese/Burma JBRS/JBRS Originals/312053.pdf					low	article_pages_only	google_vision	312053-e071b4316cf7	metadata_sidecar+page_text+article_text+google_vision_json	data_local/ocr/jbrs/manifest/312053-e071b4316cf7.json	ready_for_ocr	needs runtime path cache from build_jbrs_local_manifest.py --root	Matched corpus references elevate OCR priority; the committed plan stores path stubs only.
jbrs-ocr-312080-2961d384f5be	312080-2961d384f5be	312080.pdf	Burmese/Burma JBRS/1941/312080.pdf					low	article_pages_only	google_vision	312080-2961d384f5be	metadata_sidecar+page_text+article_text+google_vision_json	data_local/ocr/jbrs/manifest/312080-2961d384f5be.json	ready_for_ocr	needs runtime path cache from build_jbrs_local_manifest.py --root	Matched corpus references elevate OCR priority; the committed plan stores path stubs only.
jbrs-ocr-312137-a6bd0ac693c1	312137-a6bd0ac693c1	312137.pdf	Burmese/Burma JBRS/1941/312137.pdf					low	article_pages_only	google_vision	312137-a6bd0ac693c1	metadata_sidecar+page_text+article_text+google_vision_json	data_local/ocr/jbrs/manifest/312137-a6bd0ac693c1.json	ready_for_ocr	needs runtime path cache from build_jbrs_local_manifest.py --root	Matched corpus references elevate OCR priority; the committed plan stores path stubs only.
jbrs-ocr-321001-a4fadee328a6	321001-a4fadee328a6	321001.pdf	Burmese/Burma JBRS/1948/321001.pdf					low	article_pages_only	google_vision	321001-a4fadee328a6	metadata_sidecar+page_text+article_text+google_vision_json	data_local/ocr/jbrs/manifest/321001-a4fadee328a6.json	ready_for_ocr	needs runtime path cache from build_jbrs_local_manifest.py --root	Matched corpus references elevate OCR priority; the committed plan stores path stubs only.
jbrs-ocr-321010-82d42e4676c5	321010-82d42e4676c5	321010.pdf	Burmese/Burma JBRS/1948/321010.pdf					low	article_pages_only	google_vision	321010-82d42e4676c5	metadata_sidecar+page_text+article_text+google_vision_json	data_local/ocr/jbrs/manifest/321010-82d42e4676c5.json	ready_for_ocr	needs runtime path cache from build_jbrs_local_manifest.py --root	Matched corpus references elevate OCR priority; the committed plan stores path stubs only.
jbrs-ocr-321041-28599b73662a	321041-28599b73662a	321041.pdf	Burmese/Burma JBRS/1948/321041.pdf					low	article_pages_only	google_vision	321041-28599b73662a	metadata_sidecar+page_text+article_text+google_vision_json	data_local/ocr/jbrs/manifest/321041-28599b73662a.json	ready_for_ocr	needs runtime path cache from build_jbrs_local_manifest.py --root	Matched corpus references elevate OCR priority; the committed plan stores path stubs only.
jbrs-ocr-321052-00fca360f449	321052-00fca360f449	321052.pdf	Burmese/Burma JBRS/JBRS Originals/321052.pdf					low	article_pages_only	google_vision	321052-00fca360f449	metadata_sidecar+page_text+article_text+google_vision_json	data_local/ocr/jbrs/manifest/321052-00fca360f449.json	ready_for_ocr	needs runtime path cache from build_jbrs_local_manifest.py --root	Matched corpus references elevate OCR priority; the committed plan stores path stubs only.
jbrs-ocr-321062-d4863629104f	321062-d4863629104f	321062.pdf	Burmese/Burma JBRS/1948/321062.pdf					low	article_pages_only	google_vision	321062-d4863629104f	metadata_sidecar+page_text+article_text+google_vision_json	data_local/ocr/jbrs/manifest/321062-d4863629104f.json	ready_for_ocr	needs runtime path cache from build_jbrs_local_manifest.py --root	Matched corpus references elevate OCR priority; the committed plan stores path stubs only.
jbrs-ocr-321073-24e98869573f	321073-24e98869573f	321073.pdf	Burmese/Burma JBRS/1948/321073.pdf					low	article_pages_only	google_vision	321073-24e98869573f	metadata_sidecar+page_text+article_text+google_vision_json	data_local/ocr/jbrs/manifest/321073-24e98869573f.json	ready_for_ocr	needs runtime path cache from build_jbrs_local_manifest.py --root	Matched corpus references elevate OCR priority; the committed plan stores path stubs only.
jbrs-ocr-321077-cb55ddf65f4d	321077-cb55ddf65f4d	321077.pdf	Burmese/Burma JBRS/1948/321077.pdf					low	article_pages_only	google_vision	321077-cb55ddf65f4d	metadata_sidecar+page_text+article_text+google_vision_json	data_local/ocr/jbrs/manifest/321077-cb55ddf65f4d.json	ready_for_ocr	needs runtime path cache from build_jbrs_local_manifest.py --root	Matched corpus references elevate OCR priority; the committed plan stores path stubs only.
jbrs-ocr-321079-886d98b46919	321079-886d98b46919	321079.pdf	Burmese/Burma JBRS/JBRS Originals/321079.pdf					low	article_pages_only	google_vision	321079-886d98b46919	metadata_sidecar+page_text+article_text+google_vision_json	data_local/ocr/jbrs/manifest/321079-886d98b46919.json	ready_for_ocr	needs runtime path cache from build_jbrs_local_manifest.py --root	Matched corpus references elevate OCR priority; the committed plan stores path stubs only.
jbrs-ocr-321095-501d494b3723	321095-501d494b3723	321095.pdf	Burmese/Burma JBRS/1948/321095.pdf					low	article_pages_only	google_vision	321095-501d494b3723	metadata_sidecar+page_text+article_text+google_vision_json	data_local/ocr/jbrs/manifest/321095-501d494b3723.json	ready_for_ocr	needs runtime path cache from build_jbrs_local_manifest.py --root	Matched corpus references elevate OCR priority; the committed plan stores path stubs only.
jbrs-ocr-331001-ecb9511e6d50	331001-ecb9511e6d50	331001.pdf	Burmese/Burma JBRS/JBRS Originals/331001.pdf					low	article_pages_only	google_vision	331001-ecb9511e6d50	metadata_sidecar+page_text+article_text+google_vision_json	data_local/ocr/jbrs/manifest/331001-ecb9511e6d50.json	ready_for_ocr	needs runtime path cache from build_jbrs_local_manifest.py --root	Matched corpus references elevate OCR priority; the committed plan stores path stubs only.
jbrs-ocr-331008-95e52f4c637f	331008-95e52f4c637f	331008.pdf	Burmese/Burma JBRS/JBRS Originals/331008.pdf					low	article_pages_only	google_vision	331008-95e52f4c637f	metadata_sidecar+page_text+article_text+google_vision_json	data_local/ocr/jbrs/manifest/331008-95e52f4c637f.json	ready_for_ocr	needs runtime path cache from build_jbrs_local_manifest.py --root	Matched corpus references elevate OCR priority; the committed plan stores path stubs only.
jbrs-ocr-331027-49eaa1562e01	331027-49eaa1562e01	331027.pdf	Burmese/Burma JBRS/1950/331027.pdf					low	article_pages_only	google_vision	331027-49eaa1562e01	metadata_sidecar+page_text+article_text+google_vision_json	data_local/ocr/jbrs/manifest/331027-49eaa1562e01.json	ready_for_ocr	needs runtime path cache from build_jbrs_local_manifest.py --root	Matched corpus references elevate OCR priority; the committed plan stores path stubs only.
jbrs-ocr-331039-f3773f1521d9	331039-f3773f1521d9	331039.pdf	Burmese/Burma JBRS/JBRS Originals/331039.pdf					low	article_pages_only	google_vision	331039-f3773f1521d9	metadata_sidecar+page_text+article_text+google_vision_json	data_local/ocr/jbrs/manifest/331039-f3773f1521d9.json	ready_for_ocr	needs runtime path cache from build_jbrs_local_manifest.py --root	Matched corpus references elevate OCR priority; the committed plan stores path stubs only.
jbrs-ocr-331059-adfbcf4a06da	331059-adfbcf4a06da	331059.pdf	Burmese/Burma JBRS/1950/331059.pdf					low	article_pages_only	google_vision	331059-adfbcf4a06da	metadata_sidecar+page_text+article_text+google_vision_json	data_local/ocr/jbrs/manifest/331059-adfbcf4a06da.json	ready_for_ocr	needs runtime path cache from build_jbrs_local_manifest.py --root	Matched corpus references elevate OCR priority; the committed plan stores path stubs only.
jbrs-ocr-331059-e67f16a2e05f	331059-e67f16a2e05f	331059.pdf	Burmese/Burma JBRS/JBRS Originals/331059.pdf					low	article_pages_only	google_vision	331059-e67f16a2e05f	metadata_sidecar+page_text+article_text+google_vision_json	data_local/ocr/jbrs/manifest/331059-e67f16a2e05f.json	ready_for_ocr	needs runtime path cache from build_jbrs_local_manifest.py --root	Matched corpus references elevate OCR priority; the committed plan stores path stubs only.
jbrs-ocr-331089-f19d232f1c29	331089-f19d232f1c29	331089.pdf	Burmese/Burma JBRS/1950/331089.pdf					low	article_pages_only	google_vision	331089-f19d232f1c29	metadata_sidecar+page_text+article_text+google_vision_json	data_local/ocr/jbrs/manifest/331089-f19d232f1c29.json	ready_for_ocr	needs runtime path cache from build_jbrs_local_manifest.py --root	Matched corpus references elevate OCR priority; the committed plan stores path stubs only.
jbrs-ocr-331095-7f752c3a8359	331095-7f752c3a8359	331095.pdf	Burmese/Burma JBRS/1950/331095.pdf					low	article_pages_only	google_vision	331095-7f752c3a8359	metadata_sidecar+page_text+article_text+google_vision_json	data_local/ocr/jbrs/manifest/331095-7f752c3a8359.json	ready_for_ocr	needs runtime path cache from build_jbrs_local_manifest.py --root	Matched corpus references elevate OCR priority; the committed plan stores path stubs only.
jbrs-ocr-332099-cda4f66f6999	332099-cda4f66f6999	332099.pdf	Burmese/Burma JBRS/JBRS Originals/332099.pdf					low	article_pages_only	google_vision	332099-cda4f66f6999	metadata_sidecar+page_text+article_text+google_vision_json	data_local/ocr/jbrs/manifest/332099-cda4f66f6999.json	ready_for_ocr	needs runtime path cache from build_jbrs_local_manifest.py --root	Matched corpus references elevate OCR priority; the committed plan stores path stubs only.
jbrs-ocr-332131-15ea7f920879	332131-15ea7f920879	332131.pdf	Burmese/Burma JBRS/1950/332131.pdf					low	article_pages_only	google_vision	332131-15ea7f920879	metadata_sidecar+page_text+article_text+google_vision_json	data_local/ocr/jbrs/manifest/332131-15ea7f920879.json	ready_for_ocr	needs runtime path cache from build_jbrs_local_manifest.py --root	Matched corpus references elevate OCR priority; the committed plan stores path stubs only.
jbrs-ocr-332169-4a3408eb0235	332169-4a3408eb0235	332169.pdf	Burmese/Burma JBRS/1950/332169.pdf					low	article_pages_only	google_vision	332169-4a3408eb0235	metadata_sidecar+page_text+article_text+google_vision_json	data_local/ocr/jbrs/manifest/332169-4a3408eb0235.json	ready_for_ocr	needs runtime path cache from build_jbrs_local_manifest.py --root	Matched corpus references elevate OCR priority; the committed plan stores path stubs only.
jbrs-ocr-332224-6c9c5f540ee5	332224-6c9c5f540ee5	332224.pdf	Burmese/Burma JBRS/1950/332224.pdf					low	article_pages_only	google_vision	332224-6c9c5f540ee5	metadata_sidecar+page_text+article_text+google_vision_json	data_local/ocr/jbrs/manifest/332224-6c9c5f540ee5.json	ready_for_ocr	needs runtime path cache from build_jbrs_local_manifest.py --root	Matched corpus references elevate OCR priority; the committed plan stores path stubs only.
jbrs-ocr-332230-7ac3ea2a8e71	332230-7ac3ea2a8e71	332230.pdf	Burmese/Burma JBRS/JBRS Originals/332230.pdf					low	article_pages_only	google_vision	332230-7ac3ea2a8e71	metadata_sidecar+page_text+article_text+google_vision_json	data_local/ocr/jbrs/manifest/332230-7ac3ea2a8e71.json	ready_for_ocr	needs runtime path cache from build_jbrs_local_manifest.py --root	Matched corpus references elevate OCR priority; the committed plan stores path stubs only.
jbrs-ocr-332260-64a0400cabd4	332260-64a0400cabd4	332260.pdf	Burmese/Burma JBRS/JBRS Originals/332260.pdf					low	article_pages_only	google_vision	332260-64a0400cabd4	metadata_sidecar+page_text+article_text+google_vision_json	data_local/ocr/jbrs/manifest/332260-64a0400cabd4.json	ready_for_ocr	needs runtime path cache from build_jbrs_local_manifest.py --root	Matched corpus references elevate OCR priority; the committed plan stores path stubs only.
jbrs-ocr-332263-2072f8dbbcad	332263-2072f8dbbcad	332263.pdf	Burmese/Burma JBRS/1950/332263.pdf					low	article_pages_only	google_vision	332263-2072f8dbbcad	metadata_sidecar+page_text+article_text+google_vision_json	data_local/ocr/jbrs/manifest/332263-2072f8dbbcad.json	ready_for_ocr	needs runtime path cache from build_jbrs_local_manifest.py --root	Matched corpus references elevate OCR priority; the committed plan stores path stubs only.
jbrs-ocr-341001-e4f66b0df799	341001-e4f66b0df799	341001.pdf	Burmese/Burma JBRS/1951/341001.pdf					low	article_pages_only	google_vision	341001-e4f66b0df799	metadata_sidecar+page_text+article_text+google_vision_json	data_local/ocr/jbrs/manifest/341001-e4f66b0df799.json	ready_for_ocr	needs runtime path cache from build_jbrs_local_manifest.py --root	Matched corpus references elevate OCR priority; the committed plan stores path stubs only.
jbrs-ocr-341007-b2b1b5272469	341007-b2b1b5272469	341007.pdf	Burmese/Burma JBRS/1951/341007.pdf					low	article_pages_only	google_vision	341007-b2b1b5272469	metadata_sidecar+page_text+article_text+google_vision_json	data_local/ocr/jbrs/manifest/341007-b2b1b5272469.json	ready_for_ocr	needs runtime path cache from build_jbrs_local_manifest.py --root	Matched corpus references elevate OCR priority; the committed plan stores path stubs only.
jbrs-ocr-341040-eb0600afb24a	341040-eb0600afb24a	341040.pdf	Burmese/Burma JBRS/1951/341040.pdf					low	article_pages_only	google_vision	341040-eb0600afb24a	metadata_sidecar+page_text+article_text+google_vision_json	data_local/ocr/jbrs/manifest/341040-eb0600afb24a.json	ready_for_ocr	needs runtime path cache from build_jbrs_local_manifest.py --root	Matched corpus references elevate OCR priority; the committed plan stores path stubs only.
jbrs-ocr-341042-ad87a6395ccf	341042-ad87a6395ccf	341042.pdf	Burmese/Burma JBRS/JBRS Originals/341042.pdf					low	article_pages_only	google_vision	341042-ad87a6395ccf	metadata_sidecar+page_text+article_text+google_vision_json	data_local/ocr/jbrs/manifest/341042-ad87a6395ccf.json	ready_for_ocr	needs runtime path cache from build_jbrs_local_manifest.py --root	Matched corpus references elevate OCR priority; the committed plan stores path stubs only.
jbrs-ocr-341047-47650cdbca6b	341047-47650cdbca6b	341047.pdf	Burmese/Burma JBRS/1951/341047.pdf					low	article_pages_only	google_vision	341047-47650cdbca6b	metadata_sidecar+page_text+article_text+google_vision_json	data_local/ocr/jbrs/manifest/341047-47650cdbca6b.json	ready_for_ocr	needs runtime path cache from build_jbrs_local_manifest.py --root	Matched corpus references elevate OCR priority; the committed plan stores path stubs only.
jbrs-ocr-351001-47a8eb4f50da	351001-47a8eb4f50da	351001.pdf	Burmese/Burma JBRS/JBRS Originals/351001.pdf					low	article_pages_only	google_vision	351001-47a8eb4f50da	metadata_sidecar+page_text+article_text+google_vision_json	data_local/ocr/jbrs/manifest/351001-47a8eb4f50da.json	ready_for_ocr	needs runtime path cache from build_jbrs_local_manifest.py --root	Matched corpus references elevate OCR priority; the committed plan stores path stubs only.
jbrs-ocr-361001-3f757fcf383b	361001-3f757fcf383b	361001.pdf	Burmese/Burma JBRS/JBRS Originals/361001.pdf					low	article_pages_only	google_vision	361001-3f757fcf383b	metadata_sidecar+page_text+article_text+google_vision_json	data_local/ocr/jbrs/manifest/361001-3f757fcf383b.json	ready_for_ocr	needs runtime path cache from build_jbrs_local_manifest.py --root	Matched corpus references elevate OCR priority; the committed plan stores path stubs only.
jbrs-ocr-361021-54644d3a17b0	361021-54644d3a17b0	361021.pdf	Burmese/Burma JBRS/JBRS Originals/361021.pdf					low	article_pages_only	google_vision	361021-54644d3a17b0	metadata_sidecar+page_text+article_text+google_vision_json	data_local/ocr/jbrs/manifest/361021-54644d3a17b0.json	ready_for_ocr	needs runtime path cache from build_jbrs_local_manifest.py --root	Matched corpus references elevate OCR priority; the committed plan stores path stubs only.
jbrs-ocr-361021-7307e338e8e2	361021-7307e338e8e2	361021.pdf	Burmese/Burma JBRS/1953/361021.pdf					low	article_pages_only	google_vision	361021-7307e338e8e2	metadata_sidecar+page_text+article_text+google_vision_json	data_local/ocr/jbrs/manifest/361021-7307e338e8e2.json	ready_for_ocr	needs runtime path cache from build_jbrs_local_manifest.py --root	Matched corpus references elevate OCR priority; the committed plan stores path stubs only.
jbrs-ocr-361060-b95d896aea97	361060-b95d896aea97	361060.pdf	Burmese/Burma JBRS/1953/361060.pdf					low	article_pages_only	google_vision	361060-b95d896aea97	metadata_sidecar+page_text+article_text+google_vision_json	data_local/ocr/jbrs/manifest/361060-b95d896aea97.json	ready_for_ocr	needs runtime path cache from build_jbrs_local_manifest.py --root	Matched corpus references elevate OCR priority; the committed plan stores path stubs only.
jbrs-ocr-361077-f1d3d06ec5f6	361077-f1d3d06ec5f6	361077.pdf	Burmese/Burma JBRS/JBRS Originals/361077.pdf					low	article_pages_only	google_vision	361077-f1d3d06ec5f6	metadata_sidecar+page_text+article_text+google_vision_json	data_local/ocr/jbrs/manifest/361077-f1d3d06ec5f6.json	ready_for_ocr	needs runtime path cache from build_jbrs_local_manifest.py --root	Matched corpus references elevate OCR priority; the committed plan stores path stubs only.
jbrs-ocr-361088-554636491ab5	361088-554636491ab5	361088.pdf	Burmese/Burma JBRS/1953/361088.pdf					low	article_pages_only	google_vision	361088-554636491ab5	metadata_sidecar+page_text+article_text+google_vision_json	data_local/ocr/jbrs/manifest/361088-554636491ab5.json	ready_for_ocr	needs runtime path cache from build_jbrs_local_manifest.py --root	Matched corpus references elevate OCR priority; the committed plan stores path stubs only.
jbrs-ocr-361089-9d355999c3e7	361089-9d355999c3e7	361089.pdf	Burmese/Burma JBRS/1953/361089.pdf					low	article_pages_only	google_vision	361089-9d355999c3e7	metadata_sidecar+page_text+article_text+google_vision_json	data_local/ocr/jbrs/manifest/361089-9d355999c3e7.json	ready_for_ocr	needs runtime path cache from build_jbrs_local_manifest.py --root	Matched corpus references elevate OCR priority; the committed plan stores path stubs only.
jbrs-ocr-361105-7c3ae62c63cf	361105-7c3ae62c63cf	361105.pdf	Burmese/Burma JBRS/1953/361105.pdf					low	article_pages_only	google_vision	361105-7c3ae62c63cf	metadata_sidecar+page_text+article_text+google_vision_json	data_local/ocr/jbrs/manifest/361105-7c3ae62c63cf.json	ready_for_ocr	needs runtime path cache from build_jbrs_local_manifest.py --root	Matched corpus references elevate OCR priority; the committed plan stores path stubs only.
jbrs-ocr-362001-0a153e545a4a	362001-0a153e545a4a	362001.pdf	Burmese/Burma JBRS/1953/362001.pdf					low	article_pages_only	google_vision	362001-0a153e545a4a	metadata_sidecar+page_text+article_text+google_vision_json	data_local/ocr/jbrs/manifest/362001-0a153e545a4a.json	ready_for_ocr	needs runtime path cache from build_jbrs_local_manifest.py --root	Matched corpus references elevate OCR priority; the committed plan stores path stubs only.
jbrs-ocr-362071-c7c653a0c4bd	362071-c7c653a0c4bd	362071.pdf	Burmese/Burma JBRS/1953/362071.pdf					low	article_pages_only	google_vision	362071-c7c653a0c4bd	metadata_sidecar+page_text+article_text+google_vision_json	data_local/ocr/jbrs/manifest/362071-c7c653a0c4bd.json	ready_for_ocr	needs runtime path cache from build_jbrs_local_manifest.py --root	Matched corpus references elevate OCR priority; the committed plan stores path stubs only.
jbrs-ocr-362071-d4bf7e7fb62b	362071-d4bf7e7fb62b	362071.pdf	Burmese/Burma JBRS/JBRS Originals/362071.pdf					low	article_pages_only	google_vision	362071-d4bf7e7fb62b	metadata_sidecar+page_text+article_text+google_vision_json	data_local/ocr/jbrs/manifest/362071-d4bf7e7fb62b.json	ready_for_ocr	needs runtime path cache from build_jbrs_local_manifest.py --root	Matched corpus references elevate OCR priority; the committed plan stores path stubs only.
jbrs-ocr-362083-50fdb17371ee	362083-50fdb17371ee	362083.pdf	Burmese/Burma JBRS/JBRS Originals/362083.pdf					low	article_pages_only	google_vision	362083-50fdb17371ee	metadata_sidecar+page_text+article_text+google_vision_json	data_local/ocr/jbrs/manifest/362083-50fdb17371ee.json	ready_for_ocr	needs runtime path cache from build_jbrs_local_manifest.py --root	Matched corpus references elevate OCR priority; the committed plan stores path stubs only.
jbrs-ocr-371001-23c0ebc8f542	371001-23c0ebc8f542	371001.pdf	Burmese/Burma JBRS/1954/371001.pdf					low	article_pages_only	google_vision	371001-23c0ebc8f542	metadata_sidecar+page_text+article_text+google_vision_json	data_local/ocr/jbrs/manifest/371001-23c0ebc8f542.json	ready_for_ocr	needs runtime path cache from build_jbrs_local_manifest.py --root	Matched corpus references elevate OCR priority; the committed plan stores path stubs only.
jbrs-ocr-371021-9855d837d910	371021-9855d837d910	371021.pdf	Burmese/Burma JBRS/1954/371021.pdf					low	article_pages_only	google_vision	371021-9855d837d910	metadata_sidecar+page_text+article_text+google_vision_json	data_local/ocr/jbrs/manifest/371021-9855d837d910.json	ready_for_ocr	needs runtime path cache from build_jbrs_local_manifest.py --root	Matched corpus references elevate OCR priority; the committed plan stores path stubs only.
jbrs-ocr-371035-f457476fe193	371035-f457476fe193	371035.pdf	Burmese/Burma JBRS/1954/371035.pdf					low	article_pages_only	google_vision	371035-f457476fe193	metadata_sidecar+page_text+article_text+google_vision_json	data_local/ocr/jbrs/manifest/371035-f457476fe193.json	ready_for_ocr	needs runtime path cache from build_jbrs_local_manifest.py --root	Matched corpus references elevate OCR priority; the committed plan stores path stubs only.
jbrs-ocr-371046-6b139e985ccd	371046-6b139e985ccd	371046.pdf	Burmese/Burma JBRS/1954/371046.pdf					low	article_pages_only	google_vision	371046-6b139e985ccd	metadata_sidecar+page_text+article_text+google_vision_json	data_local/ocr/jbrs/manifest/371046-6b139e985ccd.json	ready_for_ocr	needs runtime path cache from build_jbrs_local_manifest.py --root	Matched corpus references elevate OCR priority; the committed plan stores path stubs only.
jbrs-ocr-371052-1539615cfcaf	371052-1539615cfcaf	371052.pdf	Burmese/Burma JBRS/JBRS Originals/371052.pdf					low	article_pages_only	google_vision	371052-1539615cfcaf	metadata_sidecar+page_text+article_text+google_vision_json	data_local/ocr/jbrs/manifest/371052-1539615cfcaf.json	ready_for_ocr	needs runtime path cache from build_jbrs_local_manifest.py --root	Matched corpus references elevate OCR priority; the committed plan stores path stubs only.
jbrs-ocr-371059-cf5554e6a6eb	371059-cf5554e6a6eb	371059.pdf	Burmese/Burma JBRS/1954/371059.pdf					low	article_pages_only	google_vision	371059-cf5554e6a6eb	metadata_sidecar+page_text+article_text+google_vision_json	data_local/ocr/jbrs/manifest/371059-cf5554e6a6eb.json	ready_for_ocr	needs runtime path cache from build_jbrs_local_manifest.py --root	Matched corpus references elevate OCR priority; the committed plan stores path stubs only.
jbrs-ocr-371077-3baba3725cd4	371077-3baba3725cd4	371077.pdf	Burmese/Burma JBRS/JBRS Originals/371077.pdf					low	article_pages_only	google_vision	371077-3baba3725cd4	metadata_sidecar+page_text+article_text+google_vision_json	data_local/ocr/jbrs/manifest/371077-3baba3725cd4.json	ready_for_ocr	needs runtime path cache from build_jbrs_local_manifest.py --root	Matched corpus references elevate OCR priority; the committed plan stores path stubs only.
jbrs-ocr-371082-7a1c7ddce722	371082-7a1c7ddce722	371082.pdf	Burmese/Burma JBRS/JBRS Originals/371082.pdf					low	article_pages_only	google_vision	371082-7a1c7ddce722	metadata_sidecar+page_text+article_text+google_vision_json	data_local/ocr/jbrs/manifest/371082-7a1c7ddce722.json	ready_for_ocr	needs runtime path cache from build_jbrs_local_manifest.py --root	Matched corpus references elevate OCR priority; the committed plan stores path stubs only.
jbrs-ocr-371082-c055e03037b8	371082-c055e03037b8	371082.pdf	Burmese/Burma JBRS/1954/371082.pdf					low	article_pages_only	google_vision	371082-c055e03037b8	metadata_sidecar+page_text+article_text+google_vision_json	data_local/ocr/jbrs/manifest/371082-c055e03037b8.json	ready_for_ocr	needs runtime path cache from build_jbrs_local_manifest.py --root	Matched corpus references elevate OCR priority; the committed plan stores path stubs only.
jbrs-ocr-372001-6c092e5ef34b	372001-6c092e5ef34b	372001.pdf	Burmese/Burma JBRS/JBRS Originals/372001.pdf					low	article_pages_only	google_vision	372001-6c092e5ef34b	metadata_sidecar+page_text+article_text+google_vision_json	data_local/ocr/jbrs/manifest/372001-6c092e5ef34b.json	ready_for_ocr	needs runtime path cache from build_jbrs_local_manifest.py --root	Matched corpus references elevate OCR priority; the committed plan stores path stubs only.
jbrs-ocr-372010-5fa5510c7396	372010-5fa5510c7396	372010.pdf	Burmese/Burma JBRS/1954/372010.pdf					low	article_pages_only	google_vision	372010-5fa5510c7396	metadata_sidecar+page_text+article_text+google_vision_json	data_local/ocr/jbrs/manifest/372010-5fa5510c7396.json	ready_for_ocr	needs runtime path cache from build_jbrs_local_manifest.py --root	Matched corpus references elevate OCR priority; the committed plan stores path stubs only.
jbrs-ocr-372017-30f88627481e	372017-30f88627481e	372017.pdf	Burmese/Burma JBRS/1954/372017.pdf					low	article_pages_only	google_vision	372017-30f88627481e	metadata_sidecar+page_text+article_text+google_vision_json	data_local/ocr/jbrs/manifest/372017-30f88627481e.json	ready_for_ocr	needs runtime path cache from build_jbrs_local_manifest.py --root	Matched corpus references elevate OCR priority; the committed plan stores path stubs only.
jbrs-ocr-372024-abd7fa351131	372024-abd7fa351131	372024.pdf	Burmese/Burma JBRS/1954/372024.pdf					low	article_pages_only	google_vision	372024-abd7fa351131	metadata_sidecar+page_text+article_text+google_vision_json	data_local/ocr/jbrs/manifest/372024-abd7fa351131.json	ready_for_ocr	needs runtime path cache from build_jbrs_local_manifest.py --root	Matched corpus references elevate OCR priority; the committed plan stores path stubs only.
jbrs-ocr-372035-27aedd6f7119	372035-27aedd6f7119	372035.pdf	Burmese/Burma JBRS/1954/372035.pdf					low	article_pages_only	google_vision	372035-27aedd6f7119	metadata_sidecar+page_text+article_text+google_vision_json	data_local/ocr/jbrs/manifest/372035-27aedd6f7119.json	ready_for_ocr	needs runtime path cache from build_jbrs_local_manifest.py --root	Matched corpus references elevate OCR priority; the committed plan stores path stubs only.
jbrs-ocr-372041-8b43eae1f6d1	372041-8b43eae1f6d1	372041.pdf	Burmese/Burma JBRS/1954/372041.pdf					low	article_pages_only	google_vision	372041-8b43eae1f6d1	metadata_sidecar+page_text+article_text+google_vision_json	data_local/ocr/jbrs/manifest/372041-8b43eae1f6d1.json	ready_for_ocr	needs runtime path cache from build_jbrs_local_manifest.py --root	Matched corpus references elevate OCR priority; the committed plan stores path stubs only.
jbrs-ocr-372050-a9d3e366ac79	372050-a9d3e366ac79	372050.pdf	Burmese/Burma JBRS/1954/372050.pdf					low	article_pages_only	google_vision	372050-a9d3e366ac79	metadata_sidecar+page_text+article_text+google_vision_json	data_local/ocr/jbrs/manifest/372050-a9d3e366ac79.json	ready_for_ocr	needs runtime path cache from build_jbrs_local_manifest.py --root	Matched corpus references elevate OCR priority; the committed plan stores path stubs only.
jbrs-ocr-372063-7caa24857672	372063-7caa24857672	372063.pdf	Burmese/Burma JBRS/1954/372063.pdf					low	article_pages_only	google_vision	372063-7caa24857672	metadata_sidecar+page_text+article_text+google_vision_json	data_local/ocr/jbrs/manifest/372063-7caa24857672.json	ready_for_ocr	needs runtime path cache from build_jbrs_local_manifest.py --root	Matched corpus references elevate OCR priority; the committed plan stores path stubs only.
jbrs-ocr-381001-981308ccd57d	381001-981308ccd57d	381001.pdf	Burmese/Burma JBRS/1955/381001.pdf					low	article_pages_only	google_vision	381001-981308ccd57d	metadata_sidecar+page_text+article_text+google_vision_json	data_local/ocr/jbrs/manifest/381001-981308ccd57d.json	ready_for_ocr	needs runtime path cache from build_jbrs_local_manifest.py --root	Matched corpus references elevate OCR priority; the committed plan stores path stubs only.
jbrs-ocr-381013-2d12cce319ad	381013-2d12cce319ad	381013.pdf	Burmese/Burma JBRS/1955/381013.pdf					low	article_pages_only	google_vision	381013-2d12cce319ad	metadata_sidecar+page_text+article_text+google_vision_json	data_local/ocr/jbrs/manifest/381013-2d12cce319ad.json	ready_for_ocr	needs runtime path cache from build_jbrs_local_manifest.py --root	Matched corpus references elevate OCR priority; the committed plan stores path stubs only.
jbrs-ocr-381023-97e6eaeac58d	381023-97e6eaeac58d	381023.pdf	Burmese/Burma JBRS/1955/381023.pdf					low	article_pages_only	google_vision	381023-97e6eaeac58d	metadata_sidecar+page_text+article_text+google_vision_json	data_local/ocr/jbrs/manifest/381023-97e6eaeac58d.json	ready_for_ocr	needs runtime path cache from build_jbrs_local_manifest.py --root	Matched corpus references elevate OCR priority; the committed plan stores path stubs only.
jbrs-ocr-381029-af341846ee86	381029-af341846ee86	381029.pdf	Burmese/Burma JBRS/1955/381029.pdf					low	article_pages_only	google_vision	381029-af341846ee86	metadata_sidecar+page_text+article_text+google_vision_json	data_local/ocr/jbrs/manifest/381029-af341846ee86.json	ready_for_ocr	needs runtime path cache from build_jbrs_local_manifest.py --root	Matched corpus references elevate OCR priority; the committed plan stores path stubs only.
jbrs-ocr-381052-43be81752beb	381052-43be81752beb	381052.pdf	Burmese/Burma JBRS/1955/381052.pdf					low	article_pages_only	google_vision	381052-43be81752beb	metadata_sidecar+page_text+article_text+google_vision_json	data_local/ocr/jbrs/manifest/381052-43be81752beb.json	ready_for_ocr	needs runtime path cache from build_jbrs_local_manifest.py --root	Matched corpus references elevate OCR priority; the committed plan stores path stubs only.
jbrs-ocr-381066-13a837c2022b	381066-13a837c2022b	381066.pdf	Burmese/Burma JBRS/1955/381066.pdf					low	article_pages_only	google_vision	381066-13a837c2022b	metadata_sidecar+page_text+article_text+google_vision_json	data_local/ocr/jbrs/manifest/381066-13a837c2022b.json	ready_for_ocr	needs runtime path cache from build_jbrs_local_manifest.py --root	Matched corpus references elevate OCR priority; the committed plan stores path stubs only.
jbrs-ocr-381075-4bcbf758db86	381075-4bcbf758db86	381075.pdf	Burmese/Burma JBRS/JBRS Originals/381075.pdf					low	article_pages_only	google_vision	381075-4bcbf758db86	metadata_sidecar+page_text+article_text+google_vision_json	data_local/ocr/jbrs/manifest/381075-4bcbf758db86.json	ready_for_ocr	needs runtime path cache from build_jbrs_local_manifest.py --root	Matched corpus references elevate OCR priority; the committed plan stores path stubs only.
jbrs-ocr-381083-12d7f0794499	381083-12d7f0794499	381083.pdf	Burmese/Burma JBRS/JBRS Originals/381083.pdf					low	article_pages_only	google_vision	381083-12d7f0794499	metadata_sidecar+page_text+article_text+google_vision_json	data_local/ocr/jbrs/manifest/381083-12d7f0794499.json	ready_for_ocr	needs runtime path cache from build_jbrs_local_manifest.py --root	Matched corpus references elevate OCR priority; the committed plan stores path stubs only.
jbrs-ocr-381083-9f43bd117da9	381083-9f43bd117da9	381083.pdf	Burmese/Burma JBRS/1955/381083.pdf					low	article_pages_only	google_vision	381083-9f43bd117da9	metadata_sidecar+page_text+article_text+google_vision_json	data_local/ocr/jbrs/manifest/381083-9f43bd117da9.json	ready_for_ocr	needs runtime path cache from build_jbrs_local_manifest.py --root	Matched corpus references elevate OCR priority; the committed plan stores path stubs only.
jbrs-ocr-381107-74d2f1eb7684	381107-74d2f1eb7684	381107.pdf	Burmese/Burma JBRS/JBRS Originals/381107.pdf					low	article_pages_only	google_vision	381107-74d2f1eb7684	metadata_sidecar+page_text+article_text+google_vision_json	data_local/ocr/jbrs/manifest/381107-74d2f1eb7684.json	ready_for_ocr	needs runtime path cache from build_jbrs_local_manifest.py --root	Matched corpus references elevate OCR priority; the committed plan stores path stubs only.
jbrs-ocr-382121-d7da783545d1	382121-d7da783545d1	382121.pdf	Burmese/Burma JBRS/JBRS Originals/382121.pdf					low	article_pages_only	google_vision	382121-d7da783545d1	metadata_sidecar+page_text+article_text+google_vision_json	data_local/ocr/jbrs/manifest/382121-d7da783545d1.json	ready_for_ocr	needs runtime path cache from build_jbrs_local_manifest.py --root	Matched corpus references elevate OCR priority; the committed plan stores path stubs only.
jbrs-ocr-391001-dd3694550859	391001-dd3694550859	391001.pdf	Burmese/Burma JBRS/1956/391001.pdf					low	article_pages_only	google_vision	391001-dd3694550859	metadata_sidecar+page_text+article_text+google_vision_json	data_local/ocr/jbrs/manifest/391001-dd3694550859.json	ready_for_ocr	needs runtime path cache from build_jbrs_local_manifest.py --root	Matched corpus references elevate OCR priority; the committed plan stores path stubs only.
jbrs-ocr-391018-e64dd8213ed7	391018-e64dd8213ed7	391018.pdf	Burmese/Burma JBRS/1956/391018.pdf					low	article_pages_only	google_vision	391018-e64dd8213ed7	metadata_sidecar+page_text+article_text+google_vision_json	data_local/ocr/jbrs/manifest/391018-e64dd8213ed7.json	ready_for_ocr	needs runtime path cache from build_jbrs_local_manifest.py --root	Matched corpus references elevate OCR priority; the committed plan stores path stubs only.
jbrs-ocr-391033-1a470627fc3f	391033-1a470627fc3f	391033.pdf	Burmese/Burma JBRS/1956/391033.pdf					low	article_pages_only	google_vision	391033-1a470627fc3f	metadata_sidecar+page_text+article_text+google_vision_json	data_local/ocr/jbrs/manifest/391033-1a470627fc3f.json	ready_for_ocr	needs runtime path cache from build_jbrs_local_manifest.py --root	Matched corpus references elevate OCR priority; the committed plan stores path stubs only.
jbrs-ocr-391041-ba78a32dee64	391041-ba78a32dee64	391041.pdf	Burmese/Burma JBRS/1956/391041.pdf					low	article_pages_only	google_vision	391041-ba78a32dee64	metadata_sidecar+page_text+article_text+google_vision_json	data_local/ocr/jbrs/manifest/391041-ba78a32dee64.json	ready_for_ocr	needs runtime path cache from build_jbrs_local_manifest.py --root	Matched corpus references elevate OCR priority; the committed plan stores path stubs only.
jbrs-ocr-391058-4ab23dde16bd	391058-4ab23dde16bd	391058.pdf	Burmese/Burma JBRS/JBRS Originals/391058.pdf					low	article_pages_only	google_vision	391058-4ab23dde16bd	metadata_sidecar+page_text+article_text+google_vision_json	data_local/ocr/jbrs/manifest/391058-4ab23dde16bd.json	ready_for_ocr	needs runtime path cache from build_jbrs_local_manifest.py --root	Matched corpus references elevate OCR priority; the committed plan stores path stubs only.
jbrs-ocr-391071-8a79070b5eb6	391071-8a79070b5eb6	391071.pdf	Burmese/Burma JBRS/JBRS Originals/391071.pdf					low	article_pages_only	google_vision	391071-8a79070b5eb6	metadata_sidecar+page_text+article_text+google_vision_json	data_local/ocr/jbrs/manifest/391071-8a79070b5eb6.json	ready_for_ocr	needs runtime path cache from build_jbrs_local_manifest.py --root	Matched corpus references elevate OCR priority; the committed plan stores path stubs only.
jbrs-ocr-391081-de79c473186c	391081-de79c473186c	391081.pdf	Burmese/Burma JBRS/JBRS Originals/391081.pdf					low	article_pages_only	google_vision	391081-de79c473186c	metadata_sidecar+page_text+article_text+google_vision_json	data_local/ocr/jbrs/manifest/391081-de79c473186c.json	ready_for_ocr	needs runtime path cache from build_jbrs_local_manifest.py --root	Matched corpus references elevate OCR priority; the committed plan stores path stubs only.
jbrs-ocr-391101-194f388844aa	391101-194f388844aa	391101.pdf	Burmese/Burma JBRS/1956/391101.pdf					low	article_pages_only	google_vision	391101-194f388844aa	metadata_sidecar+page_text+article_text+google_vision_json	data_local/ocr/jbrs/manifest/391101-194f388844aa.json	ready_for_ocr	needs runtime path cache from build_jbrs_local_manifest.py --root	Matched corpus references elevate OCR priority; the committed plan stores path stubs only.
jbrs-ocr-392127-59ce2a1b8ccc	392127-59ce2a1b8ccc	392127.pdf	Burmese/Burma JBRS/1956/392127.pdf					low	article_pages_only	google_vision	392127-59ce2a1b8ccc	metadata_sidecar+page_text+article_text+google_vision_json	data_local/ocr/jbrs/manifest/392127-59ce2a1b8ccc.json	ready_for_ocr	needs runtime path cache from build_jbrs_local_manifest.py --root	Matched corpus references elevate OCR priority; the committed plan stores path stubs only.
jbrs-ocr-392159-e73aadff7c58	392159-e73aadff7c58	392159.pdf	Burmese/Burma JBRS/JBRS Originals/392159.pdf					low	article_pages_only	google_vision	392159-e73aadff7c58	metadata_sidecar+page_text+article_text+google_vision_json	data_local/ocr/jbrs/manifest/392159-e73aadff7c58.json	ready_for_ocr	needs runtime path cache from build_jbrs_local_manifest.py --root	Matched corpus references elevate OCR priority; the committed plan stores path stubs only.
jbrs-ocr-392176-e94a8ecfbe9a	392176-e94a8ecfbe9a	392176.pdf	Burmese/Burma JBRS/1956/392176.pdf					low	article_pages_only	google_vision	392176-e94a8ecfbe9a	metadata_sidecar+page_text+article_text+google_vision_json	data_local/ocr/jbrs/manifest/392176-e94a8ecfbe9a.json	ready_for_ocr	needs runtime path cache from build_jbrs_local_manifest.py --root	Matched corpus references elevate OCR priority; the committed plan stores path stubs only.
jbrs-ocr-392182-6b2d83b08dfa	392182-6b2d83b08dfa	392182.pdf	Burmese/Burma JBRS/JBRS Originals/392182.pdf					low	article_pages_only	google_vision	392182-6b2d83b08dfa	metadata_sidecar+page_text+article_text+google_vision_json	data_local/ocr/jbrs/manifest/392182-6b2d83b08dfa.json	ready_for_ocr	needs runtime path cache from build_jbrs_local_manifest.py --root	Matched corpus references elevate OCR priority; the committed plan stores path stubs only.
jbrs-ocr-392193-fe1500cb4f19	392193-fe1500cb4f19	392193.pdf	Burmese/Burma JBRS/1956/392193.pdf					low	article_pages_only	google_vision	392193-fe1500cb4f19	metadata_sidecar+page_text+article_text+google_vision_json	data_local/ocr/jbrs/manifest/392193-fe1500cb4f19.json	ready_for_ocr	needs runtime path cache from build_jbrs_local_manifest.py --root	Matched corpus references elevate OCR priority; the committed plan stores path stubs only.
jbrs-ocr-392203-39148e0d70e7	392203-39148e0d70e7	392203.pdf	Burmese/Burma JBRS/1956/392203.pdf					low	article_pages_only	google_vision	392203-39148e0d70e7	metadata_sidecar+page_text+article_text+google_vision_json	data_local/ocr/jbrs/manifest/392203-39148e0d70e7.json	ready_for_ocr	needs runtime path cache from build_jbrs_local_manifest.py --root	Matched corpus references elevate OCR priority; the committed plan stores path stubs only.
jbrs-ocr-392206-3aebf9e12621	392206-3aebf9e12621	392206.pdf	Burmese/Burma JBRS/1956/392206.pdf					low	article_pages_only	google_vision	392206-3aebf9e12621	metadata_sidecar+page_text+article_text+google_vision_json	data_local/ocr/jbrs/manifest/392206-3aebf9e12621.json	ready_for_ocr	needs runtime path cache from build_jbrs_local_manifest.py --root	Matched corpus references elevate OCR priority; the committed plan stores path stubs only.
jbrs-ocr-392208-f7754516de0b	392208-f7754516de0b	392208.pdf	Burmese/Burma JBRS/1956/392208.pdf					low	article_pages_only	google_vision	392208-f7754516de0b	metadata_sidecar+page_text+article_text+google_vision_json	data_local/ocr/jbrs/manifest/392208-f7754516de0b.json	ready_for_ocr	needs runtime path cache from build_jbrs_local_manifest.py --root	Matched corpus references elevate OCR priority; the committed plan stores path stubs only.
jbrs-ocr-392213-4fb885219b29	392213-4fb885219b29	392213.pdf	Burmese/Burma JBRS/1956/392213.pdf					low	article_pages_only	google_vision	392213-4fb885219b29	metadata_sidecar+page_text+article_text+google_vision_json	data_local/ocr/jbrs/manifest/392213-4fb885219b29.json	ready_for_ocr	needs runtime path cache from build_jbrs_local_manifest.py --root	Matched corpus references elevate OCR priority; the committed plan stores path stubs only.
jbrs-ocr-401001-97d63da221a0	401001-97d63da221a0	401001.pdf	Burmese/Burma JBRS/1957/401001.pdf					low	article_pages_only	google_vision	401001-97d63da221a0	metadata_sidecar+page_text+article_text+google_vision_json	data_local/ocr/jbrs/manifest/401001-97d63da221a0.json	ready_for_ocr	needs runtime path cache from build_jbrs_local_manifest.py --root	Matched corpus references elevate OCR priority; the committed plan stores path stubs only.
jbrs-ocr-401014-4899d1b881e7	401014-4899d1b881e7	401014.pdf	Burmese/Burma JBRS/JBRS Originals/401014.pdf					low	article_pages_only	google_vision	401014-4899d1b881e7	metadata_sidecar+page_text+article_text+google_vision_json	data_local/ocr/jbrs/manifest/401014-4899d1b881e7.json	ready_for_ocr	needs runtime path cache from build_jbrs_local_manifest.py --root	Matched corpus references elevate OCR priority; the committed plan stores path stubs only.
jbrs-ocr-401024-94ef9a6f5644	401024-94ef9a6f5644	401024.pdf	Burmese/Burma JBRS/1957/401024.pdf					low	article_pages_only	google_vision	401024-94ef9a6f5644	metadata_sidecar+page_text+article_text+google_vision_json	data_local/ocr/jbrs/manifest/401024-94ef9a6f5644.json	ready_for_ocr	needs runtime path cache from build_jbrs_local_manifest.py --root	Matched corpus references elevate OCR priority; the committed plan stores path stubs only.
jbrs-ocr-401039-163de86eab59	401039-163de86eab59	401039.pdf	Burmese/Burma JBRS/1957/401039.pdf					low	article_pages_only	google_vision	401039-163de86eab59	metadata_sidecar+page_text+article_text+google_vision_json	data_local/ocr/jbrs/manifest/401039-163de86eab59.json	ready_for_ocr	needs runtime path cache from build_jbrs_local_manifest.py --root	Matched corpus references elevate OCR priority; the committed plan stores path stubs only.
jbrs-ocr-401087-3987448c26d4	401087-3987448c26d4	401087.pdf	Burmese/Burma JBRS/1957/401087.pdf					low	article_pages_only	google_vision	401087-3987448c26d4	metadata_sidecar+page_text+article_text+google_vision_json	data_local/ocr/jbrs/manifest/401087-3987448c26d4.json	ready_for_ocr	needs runtime path cache from build_jbrs_local_manifest.py --root	Matched corpus references elevate OCR priority; the committed plan stores path stubs only.
jbrs-ocr-401105-1639c31d57d9	401105-1639c31d57d9	401105.pdf	Burmese/Burma JBRS/1957/401105.pdf					low	article_pages_only	google_vision	401105-1639c31d57d9	metadata_sidecar+page_text+article_text+google_vision_json	data_local/ocr/jbrs/manifest/401105-1639c31d57d9.json	ready_for_ocr	needs runtime path cache from build_jbrs_local_manifest.py --root	Matched corpus references elevate OCR priority; the committed plan stores path stubs only.
jbrs-ocr-401128-b6d235c8e623	401128-b6d235c8e623	401128.pdf	Burmese/Burma JBRS/1957/401128.pdf					low	article_pages_only	google_vision	401128-b6d235c8e623	metadata_sidecar+page_text+article_text+google_vision_json	data_local/ocr/jbrs/manifest/401128-b6d235c8e623.json	ready_for_ocr	needs runtime path cache from build_jbrs_local_manifest.py --root	Matched corpus references elevate OCR priority; the committed plan stores path stubs only.
jbrs-ocr-402135-3557b905bba7	402135-3557b905bba7	402135.pdf	Burmese/Burma JBRS/JBRS Originals/402135.pdf					low	article_pages_only	google_vision	402135-3557b905bba7	metadata_sidecar+page_text+article_text+google_vision_json	data_local/ocr/jbrs/manifest/402135-3557b905bba7.json	ready_for_ocr	needs runtime path cache from build_jbrs_local_manifest.py --root	Matched corpus references elevate OCR priority; the committed plan stores path stubs only.
jbrs-ocr-402241-1c32b60c9221	402241-1c32b60c9221	402241.pdf	Burmese/Burma JBRS/JBRS Originals/402241.pdf					low	article_pages_only	google_vision	402241-1c32b60c9221	metadata_sidecar+page_text+article_text+google_vision_json	data_local/ocr/jbrs/manifest/402241-1c32b60c9221.json	ready_for_ocr	needs runtime path cache from build_jbrs_local_manifest.py --root	Matched corpus references elevate OCR priority; the committed plan stores path stubs only.
jbrs-ocr-402348-44a560a99ccb	402348-44a560a99ccb	402348.pdf	Burmese/Burma JBRS/1957/402348.pdf					low	article_pages_only	google_vision	402348-44a560a99ccb	metadata_sidecar+page_text+article_text+google_vision_json	data_local/ocr/jbrs/manifest/402348-44a560a99ccb.json	ready_for_ocr	needs runtime path cache from build_jbrs_local_manifest.py --root	Matched corpus references elevate OCR priority; the committed plan stores path stubs only.
jbrs-ocr-402354-62373c6eb602	402354-62373c6eb602	402354.pdf	Burmese/Burma JBRS/1957/402354.pdf					low	article_pages_only	google_vision	402354-62373c6eb602	metadata_sidecar+page_text+article_text+google_vision_json	data_local/ocr/jbrs/manifest/402354-62373c6eb602.json	ready_for_ocr	needs runtime path cache from build_jbrs_local_manifest.py --root	Matched corpus references elevate OCR priority; the committed plan stores path stubs only.
jbrs-ocr-402356-ab4470d51d91	402356-ab4470d51d91	402356.pdf	Burmese/Burma JBRS/1957/402356.pdf					low	article_pages_only	google_vision	402356-ab4470d51d91	metadata_sidecar+page_text+article_text+google_vision_json	data_local/ocr/jbrs/manifest/402356-ab4470d51d91.json	ready_for_ocr	needs runtime path cache from build_jbrs_local_manifest.py --root	Matched corpus references elevate OCR priority; the committed plan stores path stubs only.
jbrs-ocr-402358-cf422e80e4ca	402358-cf422e80e4ca	402358.pdf	Burmese/Burma JBRS/1957/402358.pdf					low	article_pages_only	google_vision	402358-cf422e80e4ca	metadata_sidecar+page_text+article_text+google_vision_json	data_local/ocr/jbrs/manifest/402358-cf422e80e4ca.json	ready_for_ocr	needs runtime path cache from build_jbrs_local_manifest.py --root	Matched corpus references elevate OCR priority; the committed plan stores path stubs only.
jbrs-ocr-402360-11e48d6e2d6e	402360-11e48d6e2d6e	402360.pdf	Burmese/Burma JBRS/1957/402360.pdf					low	article_pages_only	google_vision	402360-11e48d6e2d6e	metadata_sidecar+page_text+article_text+google_vision_json	data_local/ocr/jbrs/manifest/402360-11e48d6e2d6e.json	ready_for_ocr	needs runtime path cache from build_jbrs_local_manifest.py --root	Matched corpus references elevate OCR priority; the committed plan stores path stubs only.
jbrs-ocr-411001-eb9aa85e15ee	411001-eb9aa85e15ee	411001.pdf	Burmese/Burma JBRS/1958/411001.pdf					low	article_pages_only	google_vision	411001-eb9aa85e15ee	metadata_sidecar+page_text+article_text+google_vision_json	data_local/ocr/jbrs/manifest/411001-eb9aa85e15ee.json	ready_for_ocr	needs runtime path cache from build_jbrs_local_manifest.py --root	Matched corpus references elevate OCR priority; the committed plan stores path stubs only.
jbrs-ocr-411005-d773da635185	411005-d773da635185	411005.pdf	Burmese/Burma JBRS/JBRS Originals/411005.pdf					low	article_pages_only	google_vision	411005-d773da635185	metadata_sidecar+page_text+article_text+google_vision_json	data_local/ocr/jbrs/manifest/411005-d773da635185.json	ready_for_ocr	needs runtime path cache from build_jbrs_local_manifest.py --root	Matched corpus references elevate OCR priority; the committed plan stores path stubs only.
jbrs-ocr-411019-551955e7ff53	411019-551955e7ff53	411019.pdf	Burmese/Burma JBRS/JBRS Originals/411019.pdf					low	article_pages_only	google_vision	411019-551955e7ff53	metadata_sidecar+page_text+article_text+google_vision_json	data_local/ocr/jbrs/manifest/411019-551955e7ff53.json	ready_for_ocr	needs runtime path cache from build_jbrs_local_manifest.py --root	Matched corpus references elevate OCR priority; the committed plan stores path stubs only.
jbrs-ocr-411037-3f71aba3b9b4	411037-3f71aba3b9b4	411037.pdf	Burmese/Burma JBRS/JBRS Originals/411037.pdf					low	article_pages_only	google_vision	411037-3f71aba3b9b4	metadata_sidecar+page_text+article_text+google_vision_json	data_local/ocr/jbrs/manifest/411037-3f71aba3b9b4.json	ready_for_ocr	needs runtime path cache from build_jbrs_local_manifest.py --root	Matched corpus references elevate OCR priority; the committed plan stores path stubs only.
jbrs-ocr-411048-bbc7bf106580	411048-bbc7bf106580	411048.pdf	Burmese/Burma JBRS/JBRS Originals/411048.pdf					low	article_pages_only	google_vision	411048-bbc7bf106580	metadata_sidecar+page_text+article_text+google_vision_json	data_local/ocr/jbrs/manifest/411048-bbc7bf106580.json	ready_for_ocr	needs runtime path cache from build_jbrs_local_manifest.py --root	Matched corpus references elevate OCR priority; the committed plan stores path stubs only.
jbrs-ocr-411053-f1b89afebba3	411053-f1b89afebba3	411053.pdf	Burmese/Burma JBRS/1958/411053.pdf					low	article_pages_only	google_vision	411053-f1b89afebba3	metadata_sidecar+page_text+article_text+google_vision_json	data_local/ocr/jbrs/manifest/411053-f1b89afebba3.json	ready_for_ocr	needs runtime path cache from build_jbrs_local_manifest.py --root	Matched corpus references elevate OCR priority; the committed plan stores path stubs only.
jbrs-ocr-411065-98c2d854333e	411065-98c2d854333e	411065.pdf	Burmese/Burma JBRS/1958/411065.pdf					low	article_pages_only	google_vision	411065-98c2d854333e	metadata_sidecar+page_text+article_text+google_vision_json	data_local/ocr/jbrs/manifest/411065-98c2d854333e.json	ready_for_ocr	needs runtime path cache from build_jbrs_local_manifest.py --root	Matched corpus references elevate OCR priority; the committed plan stores path stubs only.
jbrs-ocr-411076-6d84457ee38b	411076-6d84457ee38b	411076.pdf	Burmese/Burma JBRS/1958/411076.pdf					low	article_pages_only	google_vision	411076-6d84457ee38b	metadata_sidecar+page_text+article_text+google_vision_json	data_local/ocr/jbrs/manifest/411076-6d84457ee38b.json	ready_for_ocr	needs runtime path cache from build_jbrs_local_manifest.py --root	Matched corpus references elevate OCR priority; the committed plan stores path stubs only.
jbrs-ocr-411083-a01be7abc60d	411083-a01be7abc60d	411083.pdf	Burmese/Burma JBRS/JBRS Originals/411083.pdf					low	article_pages_only	google_vision	411083-a01be7abc60d	metadata_sidecar+page_text+article_text+google_vision_json	data_local/ocr/jbrs/manifest/411083-a01be7abc60d.json	ready_for_ocr	needs runtime path cache from build_jbrs_local_manifest.py --root	Matched corpus references elevate OCR priority; the committed plan stores path stubs only.
jbrs-ocr-411100-08d64097dd3b	411100-08d64097dd3b	411100.pdf	Burmese/Burma JBRS/1958/411100.pdf					low	article_pages_only	google_vision	411100-08d64097dd3b	metadata_sidecar+page_text+article_text+google_vision_json	data_local/ocr/jbrs/manifest/411100-08d64097dd3b.json	ready_for_ocr	needs runtime path cache from build_jbrs_local_manifest.py --root	Matched corpus references elevate OCR priority; the committed plan stores path stubs only.
jbrs-ocr-421001-78634f673824	421001-78634f673824	421001.pdf	Burmese/Burma JBRS/JBRS Originals/421001.pdf					low	article_pages_only	google_vision	421001-78634f673824	metadata_sidecar+page_text+article_text+google_vision_json	data_local/ocr/jbrs/manifest/421001-78634f673824.json	ready_for_ocr	needs runtime path cache from build_jbrs_local_manifest.py --root	Matched corpus references elevate OCR priority; the committed plan stores path stubs only.
jbrs-ocr-421019-b6f75c553e35	421019-b6f75c553e35	421019.pdf	Burmese/Burma JBRS/JBRS Originals/421019.pdf					low	article_pages_only	google_vision	421019-b6f75c553e35	metadata_sidecar+page_text+article_text+google_vision_json	data_local/ocr/jbrs/manifest/421019-b6f75c553e35.json	ready_for_ocr	needs runtime path cache from build_jbrs_local_manifest.py --root	Matched corpus references elevate OCR priority; the committed plan stores path stubs only.
jbrs-ocr-421032-8e176e037797	421032-8e176e037797	421032.pdf	Burmese/Burma JBRS/JBRS Originals/421032.pdf					low	article_pages_only	google_vision	421032-8e176e037797	metadata_sidecar+page_text+article_text+google_vision_json	data_local/ocr/jbrs/manifest/421032-8e176e037797.json	ready_for_ocr	needs runtime path cache from build_jbrs_local_manifest.py --root	Matched corpus references elevate OCR priority; the committed plan stores path stubs only.
jbrs-ocr-421052-c0135bc973cb	421052-c0135bc973cb	421052.pdf	Burmese/Burma JBRS/JBRS Originals/421052.pdf					low	article_pages_only	google_vision	421052-c0135bc973cb	metadata_sidecar+page_text+article_text+google_vision_json	data_local/ocr/jbrs/manifest/421052-c0135bc973cb.json	ready_for_ocr	needs runtime path cache from build_jbrs_local_manifest.py --root	Matched corpus references elevate OCR priority; the committed plan stores path stubs only.
jbrs-ocr-421075-bc9ae929dc52	421075-bc9ae929dc52	421075.pdf	Burmese/Burma JBRS/JBRS Originals/421075.pdf					low	article_pages_only	google_vision	421075-bc9ae929dc52	metadata_sidecar+page_text+article_text+google_vision_json	data_local/ocr/jbrs/manifest/421075-bc9ae929dc52.json	ready_for_ocr	needs runtime path cache from build_jbrs_local_manifest.py --root	Matched corpus references elevate OCR priority; the committed plan stores path stubs only.
jbrs-ocr-421113-ad983c94133a	421113-ad983c94133a	421113.pdf	Burmese/Burma JBRS/1959/421113.pdf					low	article_pages_only	google_vision	421113-ad983c94133a	metadata_sidecar+page_text+article_text+google_vision_json	data_local/ocr/jbrs/manifest/421113-ad983c94133a.json	ready_for_ocr	needs runtime path cache from build_jbrs_local_manifest.py --root	Matched corpus references elevate OCR priority; the committed plan stores path stubs only.
jbrs-ocr-421119-cf259f48e2cf	421119-cf259f48e2cf	421119.pdf	Burmese/Burma JBRS/1959/421119.pdf					low	article_pages_only	google_vision	421119-cf259f48e2cf	metadata_sidecar+page_text+article_text+google_vision_json	data_local/ocr/jbrs/manifest/421119-cf259f48e2cf.json	ready_for_ocr	needs runtime path cache from build_jbrs_local_manifest.py --root	Matched corpus references elevate OCR priority; the committed plan stores path stubs only.
jbrs-ocr-422001-5e810cab8296	422001-5e810cab8296	422001.pdf	Burmese/Burma JBRS/1959/422001.pdf					low	article_pages_only	google_vision	422001-5e810cab8296	metadata_sidecar+page_text+article_text+google_vision_json	data_local/ocr/jbrs/manifest/422001-5e810cab8296.json	ready_for_ocr	needs runtime path cache from build_jbrs_local_manifest.py --root	Matched corpus references elevate OCR priority; the committed plan stores path stubs only.
jbrs-ocr-422009-7de21769fb48	422009-7de21769fb48	422009.pdf	Burmese/Burma JBRS/JBRS Originals/422009.pdf					low	article_pages_only	google_vision	422009-7de21769fb48	metadata_sidecar+page_text+article_text+google_vision_json	data_local/ocr/jbrs/manifest/422009-7de21769fb48.json	ready_for_ocr	needs runtime path cache from build_jbrs_local_manifest.py --root	Matched corpus references elevate OCR priority; the committed plan stores path stubs only.
jbrs-ocr-422015-2a74aef63ebf	422015-2a74aef63ebf	422015.pdf	Burmese/Burma JBRS/JBRS Originals/422015.pdf					low	article_pages_only	google_vision	422015-2a74aef63ebf	metadata_sidecar+page_text+article_text+google_vision_json	data_local/ocr/jbrs/manifest/422015-2a74aef63ebf.json	ready_for_ocr	needs runtime path cache from build_jbrs_local_manifest.py --root	Matched corpus references elevate OCR priority; the committed plan stores path stubs only.
jbrs-ocr-422025-fc33f21c9bb7	422025-fc33f21c9bb7	422025.pdf	Burmese/Burma JBRS/1959/422025.pdf					low	article_pages_only	google_vision	422025-fc33f21c9bb7	metadata_sidecar+page_text+article_text+google_vision_json	data_local/ocr/jbrs/manifest/422025-fc33f21c9bb7.json	ready_for_ocr	needs runtime path cache from build_jbrs_local_manifest.py --root	Matched corpus references elevate OCR priority; the committed plan stores path stubs only.
jbrs-ocr-422029-a2bdb6cadccc	422029-a2bdb6cadccc	422029.pdf	Burmese/Burma JBRS/1959/422029.pdf					low	article_pages_only	google_vision	422029-a2bdb6cadccc	metadata_sidecar+page_text+article_text+google_vision_json	data_local/ocr/jbrs/manifest/422029-a2bdb6cadccc.json	ready_for_ocr	needs runtime path cache from build_jbrs_local_manifest.py --root	Matched corpus references elevate OCR priority; the committed plan stores path stubs only.
jbrs-ocr-422031-f5a35f4d6a68	422031-f5a35f4d6a68	422031.pdf	Burmese/Burma JBRS/1959/422031.pdf					low	article_pages_only	google_vision	422031-f5a35f4d6a68	metadata_sidecar+page_text+article_text+google_vision_json	data_local/ocr/jbrs/manifest/422031-f5a35f4d6a68.json	ready_for_ocr	needs runtime path cache from build_jbrs_local_manifest.py --root	Matched corpus references elevate OCR priority; the committed plan stores path stubs only.
jbrs-ocr-422041-4570ce56de9f	422041-4570ce56de9f	422041.pdf	Burmese/Burma JBRS/JBRS Originals/422041.pdf					low	article_pages_only	google_vision	422041-4570ce56de9f	metadata_sidecar+page_text+article_text+google_vision_json	data_local/ocr/jbrs/manifest/422041-4570ce56de9f.json	ready_for_ocr	needs runtime path cache from build_jbrs_local_manifest.py --root	Matched corpus references elevate OCR priority; the committed plan stores path stubs only.
jbrs-ocr-422047-621eac2106f0	422047-621eac2106f0	422047.pdf	Burmese/Burma JBRS/JBRS Originals/422047.pdf					low	article_pages_only	google_vision	422047-621eac2106f0	metadata_sidecar+page_text+article_text+google_vision_json	data_local/ocr/jbrs/manifest/422047-621eac2106f0.json	ready_for_ocr	needs runtime path cache from build_jbrs_local_manifest.py --root	Matched corpus references elevate OCR priority; the committed plan stores path stubs only.
jbrs-ocr-422071-541d6fcebe8b	422071-541d6fcebe8b	422071.pdf	Burmese/Burma JBRS/JBRS Originals/422071.pdf					low	article_pages_only	google_vision	422071-541d6fcebe8b	metadata_sidecar+page_text+article_text+google_vision_json	data_local/ocr/jbrs/manifest/422071-541d6fcebe8b.json	ready_for_ocr	needs runtime path cache from build_jbrs_local_manifest.py --root	Matched corpus references elevate OCR priority; the committed plan stores path stubs only.
jbrs-ocr-422081-2a7b8e2e826b	422081-2a7b8e2e826b	422081.pdf	Burmese/Burma JBRS/JBRS Originals/422081.pdf					low	article_pages_only	google_vision	422081-2a7b8e2e826b	metadata_sidecar+page_text+article_text+google_vision_json	data_local/ocr/jbrs/manifest/422081-2a7b8e2e826b.json	ready_for_ocr	needs runtime path cache from build_jbrs_local_manifest.py --root	Matched corpus references elevate OCR priority; the committed plan stores path stubs only.
jbrs-ocr-422099-f8f7b0f9ae8e	422099-f8f7b0f9ae8e	422099.pdf	Burmese/Burma JBRS/JBRS Originals/422099.pdf					low	article_pages_only	google_vision	422099-f8f7b0f9ae8e	metadata_sidecar+page_text+article_text+google_vision_json	data_local/ocr/jbrs/manifest/422099-f8f7b0f9ae8e.json	ready_for_ocr	needs runtime path cache from build_jbrs_local_manifest.py --root	Matched corpus references elevate OCR priority; the committed plan stores path stubs only.
jbrs-ocr-422119-7ad68f50e98e	422119-7ad68f50e98e	422119.pdf	Burmese/Burma JBRS/JBRS Originals/422119.pdf					low	article_pages_only	google_vision	422119-7ad68f50e98e	metadata_sidecar+page_text+article_text+google_vision_json	data_local/ocr/jbrs/manifest/422119-7ad68f50e98e.json	ready_for_ocr	needs runtime path cache from build_jbrs_local_manifest.py --root	Matched corpus references elevate OCR priority; the committed plan stores path stubs only.
jbrs-ocr-422135-a8d2fafc8601	422135-a8d2fafc8601	422135.pdf	Burmese/Burma JBRS/JBRS Originals/422135.pdf					low	article_pages_only	google_vision	422135-a8d2fafc8601	metadata_sidecar+page_text+article_text+google_vision_json	data_local/ocr/jbrs/manifest/422135-a8d2fafc8601.json	ready_for_ocr	needs runtime path cache from build_jbrs_local_manifest.py --root	Matched corpus references elevate OCR priority; the committed plan stores path stubs only.
jbrs-ocr-422153-83e8c8cc2395	422153-83e8c8cc2395	422153.pdf	Burmese/Burma JBRS/JBRS Originals/422153.pdf					low	article_pages_only	google_vision	422153-83e8c8cc2395	metadata_sidecar+page_text+article_text+google_vision_json	data_local/ocr/jbrs/manifest/422153-83e8c8cc2395.json	ready_for_ocr	needs runtime path cache from build_jbrs_local_manifest.py --root	Matched corpus references elevate OCR priority; the committed plan stores path stubs only.
jbrs-ocr-422171-edf2b4b41b24	422171-edf2b4b41b24	422171.pdf	Burmese/Burma JBRS/JBRS Originals/422171.pdf					low	article_pages_only	google_vision	422171-edf2b4b41b24	metadata_sidecar+page_text+article_text+google_vision_json	data_local/ocr/jbrs/manifest/422171-edf2b4b41b24.json	ready_for_ocr	needs runtime path cache from build_jbrs_local_manifest.py --root	Matched corpus references elevate OCR priority; the committed plan stores path stubs only.
jbrs-ocr-431001-7a92ffb725a4	431001-7a92ffb725a4	431001.pdf	Burmese/Burma JBRS/JBRS Originals/431001.pdf					low	article_pages_only	google_vision	431001-7a92ffb725a4	metadata_sidecar+page_text+article_text+google_vision_json	data_local/ocr/jbrs/manifest/431001-7a92ffb725a4.json	ready_for_ocr	needs runtime path cache from build_jbrs_local_manifest.py --root	Matched corpus references elevate OCR priority; the committed plan stores path stubs only.
jbrs-ocr-431009-5fbe7ec1e1bc	431009-5fbe7ec1e1bc	431009.pdf	Burmese/Burma JBRS/1960/431009.pdf					low	article_pages_only	google_vision	431009-5fbe7ec1e1bc	metadata_sidecar+page_text+article_text+google_vision_json	data_local/ocr/jbrs/manifest/431009-5fbe7ec1e1bc.json	ready_for_ocr	needs runtime path cache from build_jbrs_local_manifest.py --root	Matched corpus references elevate OCR priority; the committed plan stores path stubs only.
jbrs-ocr-431017-53213468757c	431017-53213468757c	431017.pdf	Burmese/Burma JBRS/1960/431017.pdf					low	article_pages_only	google_vision	431017-53213468757c	metadata_sidecar+page_text+article_text+google_vision_json	data_local/ocr/jbrs/manifest/431017-53213468757c.json	ready_for_ocr	needs runtime path cache from build_jbrs_local_manifest.py --root	Matched corpus references elevate OCR priority; the committed plan stores path stubs only.
jbrs-ocr-431025-aa4c5e099860	431025-aa4c5e099860	431025.pdf	Burmese/Burma JBRS/1960/431025.pdf					low	article_pages_only	google_vision	431025-aa4c5e099860	metadata_sidecar+page_text+article_text+google_vision_json	data_local/ocr/jbrs/manifest/431025-aa4c5e099860.json	ready_for_ocr	needs runtime path cache from build_jbrs_local_manifest.py --root	Matched corpus references elevate OCR priority; the committed plan stores path stubs only.
jbrs-ocr-431033-7adf80a37253	431033-7adf80a37253	431033.pdf	Burmese/Burma JBRS/1960/431033.pdf					low	article_pages_only	google_vision	431033-7adf80a37253	metadata_sidecar+page_text+article_text+google_vision_json	data_local/ocr/jbrs/manifest/431033-7adf80a37253.json	ready_for_ocr	needs runtime path cache from build_jbrs_local_manifest.py --root	Matched corpus references elevate OCR priority; the committed plan stores path stubs only.
jbrs-ocr-431037-79baa579e9e2	431037-79baa579e9e2	431037.pdf	Burmese/Burma JBRS/JBRS Originals/431037.pdf					low	article_pages_only	google_vision	431037-79baa579e9e2	metadata_sidecar+page_text+article_text+google_vision_json	data_local/ocr/jbrs/manifest/431037-79baa579e9e2.json	ready_for_ocr	needs runtime path cache from build_jbrs_local_manifest.py --root	Matched corpus references elevate OCR priority; the committed plan stores path stubs only.
jbrs-ocr-431041-6fb537d44ba5	431041-6fb537d44ba5	431041.pdf	Burmese/Burma JBRS/1960/431041.pdf					low	article_pages_only	google_vision	431041-6fb537d44ba5	metadata_sidecar+page_text+article_text+google_vision_json	data_local/ocr/jbrs/manifest/431041-6fb537d44ba5.json	ready_for_ocr	needs runtime path cache from build_jbrs_local_manifest.py --root	Matched corpus references elevate OCR priority; the committed plan stores path stubs only.
jbrs-ocr-431051-18165066370d	431051-18165066370d	431051.pdf	Burmese/Burma JBRS/JBRS Originals/431051.pdf					low	article_pages_only	google_vision	431051-18165066370d	metadata_sidecar+page_text+article_text+google_vision_json	data_local/ocr/jbrs/manifest/431051-18165066370d.json	ready_for_ocr	needs runtime path cache from build_jbrs_local_manifest.py --root	Matched corpus references elevate OCR priority; the committed plan stores path stubs only.
jbrs-ocr-431057-8f9f2a31cbac	431057-8f9f2a31cbac	431057.pdf	Burmese/Burma JBRS/1960/431057.pdf					low	article_pages_only	google_vision	431057-8f9f2a31cbac	metadata_sidecar+page_text+article_text+google_vision_json	data_local/ocr/jbrs/manifest/431057-8f9f2a31cbac.json	ready_for_ocr	needs runtime path cache from build_jbrs_local_manifest.py --root	Matched corpus references elevate OCR priority; the committed plan stores path stubs only.
jbrs-ocr-431063-fdfd52e2bdbe	431063-fdfd52e2bdbe	431063.pdf	Burmese/Burma JBRS/JBRS Originals/431063.pdf					low	article_pages_only	google_vision	431063-fdfd52e2bdbe	metadata_sidecar+page_text+article_text+google_vision_json	data_local/ocr/jbrs/manifest/431063-fdfd52e2bdbe.json	ready_for_ocr	needs runtime path cache from build_jbrs_local_manifest.py --root	Matched corpus references elevate OCR priority; the committed plan stores path stubs only.
jbrs-ocr-431067-a56e0ed7db80	431067-a56e0ed7db80	431067.pdf	Burmese/Burma JBRS/1960/431067.pdf					low	article_pages_only	google_vision	431067-a56e0ed7db80	metadata_sidecar+page_text+article_text+google_vision_json	data_local/ocr/jbrs/manifest/431067-a56e0ed7db80.json	ready_for_ocr	needs runtime path cache from build_jbrs_local_manifest.py --root	Matched corpus references elevate OCR priority; the committed plan stores path stubs only.
jbrs-ocr-431073-343ef2f180d9	431073-343ef2f180d9	431073.pdf	Burmese/Burma JBRS/1960/431073.pdf					low	article_pages_only	google_vision	431073-343ef2f180d9	metadata_sidecar+page_text+article_text+google_vision_json	data_local/ocr/jbrs/manifest/431073-343ef2f180d9.json	ready_for_ocr	needs runtime path cache from build_jbrs_local_manifest.py --root	Matched corpus references elevate OCR priority; the committed plan stores path stubs only.
jbrs-ocr-431083-5967f58badde	431083-5967f58badde	431083.pdf	Burmese/Burma JBRS/JBRS Originals/431083.pdf					low	article_pages_only	google_vision	431083-5967f58badde	metadata_sidecar+page_text+article_text+google_vision_json	data_local/ocr/jbrs/manifest/431083-5967f58badde.json	ready_for_ocr	needs runtime path cache from build_jbrs_local_manifest.py --root	Matched corpus references elevate OCR priority; the committed plan stores path stubs only.
jbrs-ocr-431091-3d36d6ccf5b8	431091-3d36d6ccf5b8	431091.pdf	Burmese/Burma JBRS/1960/431091.pdf					low	article_pages_only	google_vision	431091-3d36d6ccf5b8	metadata_sidecar+page_text+article_text+google_vision_json	data_local/ocr/jbrs/manifest/431091-3d36d6ccf5b8.json	ready_for_ocr	needs runtime path cache from build_jbrs_local_manifest.py --root	Matched corpus references elevate OCR priority; the committed plan stores path stubs only.
jbrs-ocr-432001-f6a30b5c99c0	432001-f6a30b5c99c0	432001.pdf	Burmese/Burma JBRS/JBRS Originals/432001.pdf					low	article_pages_only	google_vision	432001-f6a30b5c99c0	metadata_sidecar+page_text+article_text+google_vision_json	data_local/ocr/jbrs/manifest/432001-f6a30b5c99c0.json	ready_for_ocr	needs runtime path cache from build_jbrs_local_manifest.py --root	Matched corpus references elevate OCR priority; the committed plan stores path stubs only.
jbrs-ocr-441001-e77854107ba4	441001-e77854107ba4	441001.pdf	Burmese/Burma JBRS/JBRS Originals/441001.pdf					low	article_pages_only	google_vision	441001-e77854107ba4	metadata_sidecar+page_text+article_text+google_vision_json	data_local/ocr/jbrs/manifest/441001-e77854107ba4.json	ready_for_ocr	needs runtime path cache from build_jbrs_local_manifest.py --root	Matched corpus references elevate OCR priority; the committed plan stores path stubs only.
jbrs-ocr-441013-73e5fab1fe07	441013-73e5fab1fe07	441013.pdf	Burmese/Burma JBRS/1961/441013.pdf					low	article_pages_only	google_vision	441013-73e5fab1fe07	metadata_sidecar+page_text+article_text+google_vision_json	data_local/ocr/jbrs/manifest/441013-73e5fab1fe07.json	ready_for_ocr	needs runtime path cache from build_jbrs_local_manifest.py --root	Matched corpus references elevate OCR priority; the committed plan stores path stubs only.
jbrs-ocr-441025-49da8fd77e36	441025-49da8fd77e36	441025.pdf	Burmese/Burma JBRS/1961/441025.pdf					low	article_pages_only	google_vision	441025-49da8fd77e36	metadata_sidecar+page_text+article_text+google_vision_json	data_local/ocr/jbrs/manifest/441025-49da8fd77e36.json	ready_for_ocr	needs runtime path cache from build_jbrs_local_manifest.py --root	Matched corpus references elevate OCR priority; the committed plan stores path stubs only.
jbrs-ocr-441035-414bda68ceea	441035-414bda68ceea	441035.pdf	Burmese/Burma JBRS/1961/441035.pdf					low	article_pages_only	google_vision	441035-414bda68ceea	metadata_sidecar+page_text+article_text+google_vision_json	data_local/ocr/jbrs/manifest/441035-414bda68ceea.json	ready_for_ocr	needs runtime path cache from build_jbrs_local_manifest.py --root	Matched corpus references elevate OCR priority; the committed plan stores path stubs only.
jbrs-ocr-441043-04396fc0d3de	441043-04396fc0d3de	441043.pdf	Burmese/Burma JBRS/1961/441043.pdf					low	article_pages_only	google_vision	441043-04396fc0d3de	metadata_sidecar+page_text+article_text+google_vision_json	data_local/ocr/jbrs/manifest/441043-04396fc0d3de.json	ready_for_ocr	needs runtime path cache from build_jbrs_local_manifest.py --root	Matched corpus references elevate OCR priority; the committed plan stores path stubs only.
jbrs-ocr-441061-b50010eec7e9	441061-b50010eec7e9	441061.pdf	Burmese/Burma JBRS/1961/441061.pdf					low	article_pages_only	google_vision	441061-b50010eec7e9	metadata_sidecar+page_text+article_text+google_vision_json	data_local/ocr/jbrs/manifest/441061-b50010eec7e9.json	ready_for_ocr	needs runtime path cache from build_jbrs_local_manifest.py --root	Matched corpus references elevate OCR priority; the committed plan stores path stubs only.
jbrs-ocr-441081-7324d4a0404b	441081-7324d4a0404b	441081.pdf	Burmese/Burma JBRS/1961/441081.pdf					low	article_pages_only	google_vision	441081-7324d4a0404b	metadata_sidecar+page_text+article_text+google_vision_json	data_local/ocr/jbrs/manifest/441081-7324d4a0404b.json	ready_for_ocr	needs runtime path cache from build_jbrs_local_manifest.py --root	Matched corpus references elevate OCR priority; the committed plan stores path stubs only.
jbrs-ocr-441085-39e427a48df4	441085-39e427a48df4	441085.pdf	Burmese/Burma JBRS/1961/441085.pdf					low	article_pages_only	google_vision	441085-39e427a48df4	metadata_sidecar+page_text+article_text+google_vision_json	data_local/ocr/jbrs/manifest/441085-39e427a48df4.json	ready_for_ocr	needs runtime path cache from build_jbrs_local_manifest.py --root	Matched corpus references elevate OCR priority; the committed plan stores path stubs only.
jbrs-ocr-442141-fb0badfa4996	442141-fb0badfa4996	442141.pdf	Burmese/Burma JBRS/1961/442141.pdf					low	article_pages_only	google_vision	442141-fb0badfa4996	metadata_sidecar+page_text+article_text+google_vision_json	data_local/ocr/jbrs/manifest/442141-fb0badfa4996.json	ready_for_ocr	needs runtime path cache from build_jbrs_local_manifest.py --root	Matched corpus references elevate OCR priority; the committed plan stores path stubs only.
jbrs-ocr-442165-eca728e8af14	442165-eca728e8af14	442165.pdf	Burmese/Burma JBRS/1961/442165.pdf					low	article_pages_only	google_vision	442165-eca728e8af14	metadata_sidecar+page_text+article_text+google_vision_json	data_local/ocr/jbrs/manifest/442165-eca728e8af14.json	ready_for_ocr	needs runtime path cache from build_jbrs_local_manifest.py --root	Matched corpus references elevate OCR priority; the committed plan stores path stubs only.
jbrs-ocr-442183-cee44d27f9df	442183-cee44d27f9df	442183.pdf	Burmese/Burma JBRS/1961/442183.pdf					low	article_pages_only	google_vision	442183-cee44d27f9df	metadata_sidecar+page_text+article_text+google_vision_json	data_local/ocr/jbrs/manifest/442183-cee44d27f9df.json	ready_for_ocr	needs runtime path cache from build_jbrs_local_manifest.py --root	Matched corpus references elevate OCR priority; the committed plan stores path stubs only.
jbrs-ocr-442197-a73553293f2b	442197-a73553293f2b	442197.pdf	Burmese/Burma JBRS/1961/442197.pdf					low	article_pages_only	google_vision	442197-a73553293f2b	metadata_sidecar+page_text+article_text+google_vision_json	data_local/ocr/jbrs/manifest/442197-a73553293f2b.json	ready_for_ocr	needs runtime path cache from build_jbrs_local_manifest.py --root	Matched corpus references elevate OCR priority; the committed plan stores path stubs only.
jbrs-ocr-442225-b3944aa9ea09	442225-b3944aa9ea09	442225.pdf	Burmese/Burma JBRS/1961/442225.pdf					low	article_pages_only	google_vision	442225-b3944aa9ea09	metadata_sidecar+page_text+article_text+google_vision_json	data_local/ocr/jbrs/manifest/442225-b3944aa9ea09.json	ready_for_ocr	needs runtime path cache from build_jbrs_local_manifest.py --root	Matched corpus references elevate OCR priority; the committed plan stores path stubs only.
jbrs-ocr-442237-70b3bf49579b	442237-70b3bf49579b	442237.pdf	Burmese/Burma JBRS/1961/442237.pdf					low	article_pages_only	google_vision	442237-70b3bf49579b	metadata_sidecar+page_text+article_text+google_vision_json	data_local/ocr/jbrs/manifest/442237-70b3bf49579b.json	ready_for_ocr	needs runtime path cache from build_jbrs_local_manifest.py --root	Matched corpus references elevate OCR priority; the committed plan stores path stubs only.
jbrs-ocr-442247-2be89e8d2863	442247-2be89e8d2863	442247.pdf	Burmese/Burma JBRS/1961/442247.pdf					low	article_pages_only	google_vision	442247-2be89e8d2863	metadata_sidecar+page_text+article_text+google_vision_json	data_local/ocr/jbrs/manifest/442247-2be89e8d2863.json	ready_for_ocr	needs runtime path cache from build_jbrs_local_manifest.py --root	Matched corpus references elevate OCR priority; the committed plan stores path stubs only.
jbrs-ocr-442297-266453b9071f	442297-266453b9071f	442297.pdf	Burmese/Burma JBRS/1961/442297.pdf					low	article_pages_only	google_vision	442297-266453b9071f	metadata_sidecar+page_text+article_text+google_vision_json	data_local/ocr/jbrs/manifest/442297-266453b9071f.json	ready_for_ocr	needs runtime path cache from build_jbrs_local_manifest.py --root	Matched corpus references elevate OCR priority; the committed plan stores path stubs only.
jbrs-ocr-442299-63b1e8ce706e	442299-63b1e8ce706e	442299.pdf	Burmese/Burma JBRS/1961/442299.pdf					low	article_pages_only	google_vision	442299-63b1e8ce706e	metadata_sidecar+page_text+article_text+google_vision_json	data_local/ocr/jbrs/manifest/442299-63b1e8ce706e.json	ready_for_ocr	needs runtime path cache from build_jbrs_local_manifest.py --root	Matched corpus references elevate OCR priority; the committed plan stores path stubs only.
jbrs-ocr-442301-06d636206b45	442301-06d636206b45	442301.pdf	Burmese/Burma JBRS/JBRS Originals/442301.pdf					low	article_pages_only	google_vision	442301-06d636206b45	metadata_sidecar+page_text+article_text+google_vision_json	data_local/ocr/jbrs/manifest/442301-06d636206b45.json	ready_for_ocr	needs runtime path cache from build_jbrs_local_manifest.py --root	Matched corpus references elevate OCR priority; the committed plan stores path stubs only.
jbrs-ocr-451001-dd76978a0c1a	451001-dd76978a0c1a	451001.pdf	Burmese/Burma JBRS/JBRS Originals/451001.pdf					low	article_pages_only	google_vision	451001-dd76978a0c1a	metadata_sidecar+page_text+article_text+google_vision_json	data_local/ocr/jbrs/manifest/451001-dd76978a0c1a.json	ready_for_ocr	needs runtime path cache from build_jbrs_local_manifest.py --root	Matched corpus references elevate OCR priority; the committed plan stores path stubs only.
jbrs-ocr-451007-cc1e3f0605e9	451007-cc1e3f0605e9	451007.pdf	Burmese/Burma JBRS/JBRS Originals/451007.pdf					low	article_pages_only	google_vision	451007-cc1e3f0605e9	metadata_sidecar+page_text+article_text+google_vision_json	data_local/ocr/jbrs/manifest/451007-cc1e3f0605e9.json	ready_for_ocr	needs runtime path cache from build_jbrs_local_manifest.py --root	Matched corpus references elevate OCR priority; the committed plan stores path stubs only.
jbrs-ocr-451029-7467b232a54a	451029-7467b232a54a	451029.pdf	Burmese/Burma JBRS/1962/451029.pdf					low	article_pages_only	google_vision	451029-7467b232a54a	metadata_sidecar+page_text+article_text+google_vision_json	data_local/ocr/jbrs/manifest/451029-7467b232a54a.json	ready_for_ocr	needs runtime path cache from build_jbrs_local_manifest.py --root	Matched corpus references elevate OCR priority; the committed plan stores path stubs only.
jbrs-ocr-451041-4a9aa2fe898b	451041-4a9aa2fe898b	451041.pdf	Burmese/Burma JBRS/1962/451041.pdf					low	article_pages_only	google_vision	451041-4a9aa2fe898b	metadata_sidecar+page_text+article_text+google_vision_json	data_local/ocr/jbrs/manifest/451041-4a9aa2fe898b.json	ready_for_ocr	needs runtime path cache from build_jbrs_local_manifest.py --root	Matched corpus references elevate OCR priority; the committed plan stores path stubs only.
jbrs-ocr-451049-4477549ee36b	451049-4477549ee36b	451049.pdf	Burmese/Burma JBRS/1962/451049.pdf					low	article_pages_only	google_vision	451049-4477549ee36b	metadata_sidecar+page_text+article_text+google_vision_json	data_local/ocr/jbrs/manifest/451049-4477549ee36b.json	ready_for_ocr	needs runtime path cache from build_jbrs_local_manifest.py --root	Matched corpus references elevate OCR priority; the committed plan stores path stubs only.
jbrs-ocr-451079-492ba7c3e673	451079-492ba7c3e673	451079.pdf	Burmese/Burma JBRS/1962/451079.pdf					low	article_pages_only	google_vision	451079-492ba7c3e673	metadata_sidecar+page_text+article_text+google_vision_json	data_local/ocr/jbrs/manifest/451079-492ba7c3e673.json	ready_for_ocr	needs runtime path cache from build_jbrs_local_manifest.py --root	Matched corpus references elevate OCR priority; the committed plan stores path stubs only.
jbrs-ocr-451091-60f0fa4586e9	451091-60f0fa4586e9	451091.pdf	Burmese/Burma JBRS/1962/451091.pdf					low	article_pages_only	google_vision	451091-60f0fa4586e9	metadata_sidecar+page_text+article_text+google_vision_json	data_local/ocr/jbrs/manifest/451091-60f0fa4586e9.json	ready_for_ocr	needs runtime path cache from build_jbrs_local_manifest.py --root	Matched corpus references elevate OCR priority; the committed plan stores path stubs only.
jbrs-ocr-451109-14a5f41640a7	451109-14a5f41640a7	451109.pdf	Burmese/Burma JBRS/1962/451109.pdf					low	article_pages_only	google_vision	451109-14a5f41640a7	metadata_sidecar+page_text+article_text+google_vision_json	data_local/ocr/jbrs/manifest/451109-14a5f41640a7.json	ready_for_ocr	needs runtime path cache from build_jbrs_local_manifest.py --root	Matched corpus references elevate OCR priority; the committed plan stores path stubs only.
jbrs-ocr-452129-3e40dc0c5769	452129-3e40dc0c5769	452129.pdf	Burmese/Burma JBRS/1962/452129.pdf					low	article_pages_only	google_vision	452129-3e40dc0c5769	metadata_sidecar+page_text+article_text+google_vision_json	data_local/ocr/jbrs/manifest/452129-3e40dc0c5769.json	ready_for_ocr	needs runtime path cache from build_jbrs_local_manifest.py --root	Matched corpus references elevate OCR priority; the committed plan stores path stubs only.
jbrs-ocr-452137-c94f87ea513f	452137-c94f87ea513f	452137.pdf	Burmese/Burma JBRS/JBRS Originals/452137.pdf					low	article_pages_only	google_vision	452137-c94f87ea513f	metadata_sidecar+page_text+article_text+google_vision_json	data_local/ocr/jbrs/manifest/452137-c94f87ea513f.json	ready_for_ocr	needs runtime path cache from build_jbrs_local_manifest.py --root	Matched corpus references elevate OCR priority; the committed plan stores path stubs only.
jbrs-ocr-452163-0f2d7695222c	452163-0f2d7695222c	452163.pdf	Burmese/Burma JBRS/JBRS Originals/452163.pdf					low	article_pages_only	google_vision	452163-0f2d7695222c	metadata_sidecar+page_text+article_text+google_vision_json	data_local/ocr/jbrs/manifest/452163-0f2d7695222c.json	ready_for_ocr	needs runtime path cache from build_jbrs_local_manifest.py --root	Matched corpus references elevate OCR priority; the committed plan stores path stubs only.
jbrs-ocr-452181-61f682f61b18	452181-61f682f61b18	452181.pdf	Burmese/Burma JBRS/1962/452181.pdf					low	article_pages_only	google_vision	452181-61f682f61b18	metadata_sidecar+page_text+article_text+google_vision_json	data_local/ocr/jbrs/manifest/452181-61f682f61b18.json	ready_for_ocr	needs runtime path cache from build_jbrs_local_manifest.py --root	Matched corpus references elevate OCR priority; the committed plan stores path stubs only.
jbrs-ocr-452193-fc71a2164190	452193-fc71a2164190	452193.pdf	Burmese/Burma JBRS/JBRS Originals/452193.pdf					low	article_pages_only	google_vision	452193-fc71a2164190	metadata_sidecar+page_text+article_text+google_vision_json	data_local/ocr/jbrs/manifest/452193-fc71a2164190.json	ready_for_ocr	needs runtime path cache from build_jbrs_local_manifest.py --root	Matched corpus references elevate OCR priority; the committed plan stores path stubs only.
jbrs-ocr-452205-b44cecfd7a83	452205-b44cecfd7a83	452205.pdf	Burmese/Burma JBRS/1962/452205.pdf					low	article_pages_only	google_vision	452205-b44cecfd7a83	metadata_sidecar+page_text+article_text+google_vision_json	data_local/ocr/jbrs/manifest/452205-b44cecfd7a83.json	ready_for_ocr	needs runtime path cache from build_jbrs_local_manifest.py --root	Matched corpus references elevate OCR priority; the committed plan stores path stubs only.
jbrs-ocr-452209-946ecb59ab89	452209-946ecb59ab89	452209.pdf	Burmese/Burma JBRS/JBRS Originals/452209.pdf					low	article_pages_only	google_vision	452209-946ecb59ab89	metadata_sidecar+page_text+article_text+google_vision_json	data_local/ocr/jbrs/manifest/452209-946ecb59ab89.json	ready_for_ocr	needs runtime path cache from build_jbrs_local_manifest.py --root	Matched corpus references elevate OCR priority; the committed plan stores path stubs only.
jbrs-ocr-461001-595b35f5e1c5	461001-595b35f5e1c5	461001.pdf	Burmese/Burma JBRS/JBRS Originals/461001.pdf					low	article_pages_only	google_vision	461001-595b35f5e1c5	metadata_sidecar+page_text+article_text+google_vision_json	data_local/ocr/jbrs/manifest/461001-595b35f5e1c5.json	ready_for_ocr	needs runtime path cache from build_jbrs_local_manifest.py --root	Matched corpus references elevate OCR priority; the committed plan stores path stubs only.
jbrs-ocr-461011-1b100ecd9943	461011-1b100ecd9943	461011.pdf	Burmese/Burma JBRS/JBRS Originals/461011.pdf					low	article_pages_only	google_vision	461011-1b100ecd9943	metadata_sidecar+page_text+article_text+google_vision_json	data_local/ocr/jbrs/manifest/461011-1b100ecd9943.json	ready_for_ocr	needs runtime path cache from build_jbrs_local_manifest.py --root	Matched corpus references elevate OCR priority; the committed plan stores path stubs only.
jbrs-ocr-461027-87bba07f427d	461027-87bba07f427d	461027.pdf	Burmese/Burma JBRS/1963/461027.pdf					low	article_pages_only	google_vision	461027-87bba07f427d	metadata_sidecar+page_text+article_text+google_vision_json	data_local/ocr/jbrs/manifest/461027-87bba07f427d.json	ready_for_ocr	needs runtime path cache from build_jbrs_local_manifest.py --root	Matched corpus references elevate OCR priority; the committed plan stores path stubs only.
jbrs-ocr-461035-b40362bf7b9f	461035-b40362bf7b9f	461035.pdf	Burmese/Burma JBRS/JBRS Originals/461035.pdf					low	article_pages_only	google_vision	461035-b40362bf7b9f	metadata_sidecar+page_text+article_text+google_vision_json	data_local/ocr/jbrs/manifest/461035-b40362bf7b9f.json	ready_for_ocr	needs runtime path cache from build_jbrs_local_manifest.py --root	Matched corpus references elevate OCR priority; the committed plan stores path stubs only.
jbrs-ocr-461043-93e8161ba906	461043-93e8161ba906	461043.pdf	Burmese/Burma JBRS/JBRS Originals/461043.pdf					low	article_pages_only	google_vision	461043-93e8161ba906	metadata_sidecar+page_text+article_text+google_vision_json	data_local/ocr/jbrs/manifest/461043-93e8161ba906.json	ready_for_ocr	needs runtime path cache from build_jbrs_local_manifest.py --root	Matched corpus references elevate OCR priority; the committed plan stores path stubs only.
jbrs-ocr-461053-e53f8eb6505d	461053-e53f8eb6505d	461053.pdf	Burmese/Burma JBRS/1963/461053.pdf					low	article_pages_only	google_vision	461053-e53f8eb6505d	metadata_sidecar+page_text+article_text+google_vision_json	data_local/ocr/jbrs/manifest/461053-e53f8eb6505d.json	ready_for_ocr	needs runtime path cache from build_jbrs_local_manifest.py --root	Matched corpus references elevate OCR priority; the committed plan stores path stubs only.
jbrs-ocr-461065-e40976239b95	461065-e40976239b95	461065.pdf	Burmese/Burma JBRS/JBRS Originals/461065.pdf					low	article_pages_only	google_vision	461065-e40976239b95	metadata_sidecar+page_text+article_text+google_vision_json	data_local/ocr/jbrs/manifest/461065-e40976239b95.json	ready_for_ocr	needs runtime path cache from build_jbrs_local_manifest.py --root	Matched corpus references elevate OCR priority; the committed plan stores path stubs only.
jbrs-ocr-461081-194d0ea9ee25	461081-194d0ea9ee25	461081.pdf	Burmese/Burma JBRS/1963/461081.pdf					low	article_pages_only	google_vision	461081-194d0ea9ee25	metadata_sidecar+page_text+article_text+google_vision_json	data_local/ocr/jbrs/manifest/461081-194d0ea9ee25.json	ready_for_ocr	needs runtime path cache from build_jbrs_local_manifest.py --root	Matched corpus references elevate OCR priority; the committed plan stores path stubs only.
jbrs-ocr-462001a-b74428bb5ebe	462001a-b74428bb5ebe	462001A.pdf	Burmese/Burma JBRS/JBRS Originals/462001A.pdf					low	article_pages_only	google_vision	462001a-b74428bb5ebe	metadata_sidecar+page_text+article_text+google_vision_json	data_local/ocr/jbrs/manifest/462001a-b74428bb5ebe.json	ready_for_ocr	needs runtime path cache from build_jbrs_local_manifest.py --root	Matched corpus references elevate OCR priority; the committed plan stores path stubs only.
jbrs-ocr-462001b-95b416c36248	462001b-95b416c36248	462001B.pdf	Burmese/Burma JBRS/JBRS Originals/462001B.pdf					low	article_pages_only	google_vision	462001b-95b416c36248	metadata_sidecar+page_text+article_text+google_vision_json	data_local/ocr/jbrs/manifest/462001b-95b416c36248.json	ready_for_ocr	needs runtime path cache from build_jbrs_local_manifest.py --root	Matched corpus references elevate OCR priority; the committed plan stores path stubs only.
jbrs-ocr-462001c-80146cae6b49	462001c-80146cae6b49	462001C.pdf	Burmese/Burma JBRS/JBRS Originals/462001C.pdf					low	article_pages_only	google_vision	462001c-80146cae6b49	metadata_sidecar+page_text+article_text+google_vision_json	data_local/ocr/jbrs/manifest/462001c-80146cae6b49.json	ready_for_ocr	needs runtime path cache from build_jbrs_local_manifest.py --root	Matched corpus references elevate OCR priority; the committed plan stores path stubs only.
jbrs-ocr-471001-ee68575fa6e0	471001-ee68575fa6e0	471001.pdf	Burmese/Burma JBRS/1964/471001.pdf					low	article_pages_only	google_vision	471001-ee68575fa6e0	metadata_sidecar+page_text+article_text+google_vision_json	data_local/ocr/jbrs/manifest/471001-ee68575fa6e0.json	ready_for_ocr	needs runtime path cache from build_jbrs_local_manifest.py --root	Matched corpus references elevate OCR priority; the committed plan stores path stubs only.
jbrs-ocr-471003-c00f27cb1283	471003-c00f27cb1283	471003.pdf	Burmese/Burma JBRS/JBRS Originals/471003.pdf					low	article_pages_only	google_vision	471003-c00f27cb1283	metadata_sidecar+page_text+article_text+google_vision_json	data_local/ocr/jbrs/manifest/471003-c00f27cb1283.json	ready_for_ocr	needs runtime path cache from build_jbrs_local_manifest.py --root	Matched corpus references elevate OCR priority; the committed plan stores path stubs only.
jbrs-ocr-471011-1c661ca9d2a1	471011-1c661ca9d2a1	471011.pdf	Burmese/Burma JBRS/JBRS Originals/471011.pdf					low	article_pages_only	google_vision	471011-1c661ca9d2a1	metadata_sidecar+page_text+article_text+google_vision_json	data_local/ocr/jbrs/manifest/471011-1c661ca9d2a1.json	ready_for_ocr	needs runtime path cache from build_jbrs_local_manifest.py --root	Matched corpus references elevate OCR priority; the committed plan stores path stubs only.
jbrs-ocr-471011-df6fe6f6901a	471011-df6fe6f6901a	471011.pdf	Burmese/Burma JBRS/1964/471011.pdf					low	article_pages_only	google_vision	471011-df6fe6f6901a	metadata_sidecar+page_text+article_text+google_vision_json	data_local/ocr/jbrs/manifest/471011-df6fe6f6901a.json	ready_for_ocr	needs runtime path cache from build_jbrs_local_manifest.py --root	Matched corpus references elevate OCR priority; the committed plan stores path stubs only.
jbrs-ocr-471077-bd2e04154a28	471077-bd2e04154a28	471077.pdf	Burmese/Burma JBRS/1964/471077.pdf					low	article_pages_only	google_vision	471077-bd2e04154a28	metadata_sidecar+page_text+article_text+google_vision_json	data_local/ocr/jbrs/manifest/471077-bd2e04154a28.json	ready_for_ocr	needs runtime path cache from build_jbrs_local_manifest.py --root	Matched corpus references elevate OCR priority; the committed plan stores path stubs only.
jbrs-ocr-471089-b6ae8799bdff	471089-b6ae8799bdff	471089.pdf	Burmese/Burma JBRS/JBRS Originals/471089.pdf					low	article_pages_only	google_vision	471089-b6ae8799bdff	metadata_sidecar+page_text+article_text+google_vision_json	data_local/ocr/jbrs/manifest/471089-b6ae8799bdff.json	ready_for_ocr	needs runtime path cache from build_jbrs_local_manifest.py --root	Matched corpus references elevate OCR priority; the committed plan stores path stubs only.
jbrs-ocr-471149-02f68367f7cd	471149-02f68367f7cd	471149.pdf	Burmese/Burma JBRS/1964/471149.pdf					low	article_pages_only	google_vision	471149-02f68367f7cd	metadata_sidecar+page_text+article_text+google_vision_json	data_local/ocr/jbrs/manifest/471149-02f68367f7cd.json	ready_for_ocr	needs runtime path cache from build_jbrs_local_manifest.py --root	Matched corpus references elevate OCR priority; the committed plan stores path stubs only.
jbrs-ocr-471173-0ca3bdd886b2	471173-0ca3bdd886b2	471173.pdf	Burmese/Burma JBRS/1964/471173.pdf					low	article_pages_only	google_vision	471173-0ca3bdd886b2	metadata_sidecar+page_text+article_text+google_vision_json	data_local/ocr/jbrs/manifest/471173-0ca3bdd886b2.json	ready_for_ocr	needs runtime path cache from build_jbrs_local_manifest.py --root	Matched corpus references elevate OCR priority; the committed plan stores path stubs only.
jbrs-ocr-471183-61f9e91ba7d7	471183-61f9e91ba7d7	471183.pdf	Burmese/Burma JBRS/1964/471183.pdf					low	article_pages_only	google_vision	471183-61f9e91ba7d7	metadata_sidecar+page_text+article_text+google_vision_json	data_local/ocr/jbrs/manifest/471183-61f9e91ba7d7.json	ready_for_ocr	needs runtime path cache from build_jbrs_local_manifest.py --root	Matched corpus references elevate OCR priority; the committed plan stores path stubs only.
jbrs-ocr-471205-572068b5d6b0	471205-572068b5d6b0	471205.pdf	Burmese/Burma JBRS/1964/471205.pdf					low	article_pages_only	google_vision	471205-572068b5d6b0	metadata_sidecar+page_text+article_text+google_vision_json	data_local/ocr/jbrs/manifest/471205-572068b5d6b0.json	ready_for_ocr	needs runtime path cache from build_jbrs_local_manifest.py --root	Matched corpus references elevate OCR priority; the committed plan stores path stubs only.
jbrs-ocr-471225-d04763ef473c	471225-d04763ef473c	471225.pdf	Burmese/Burma JBRS/1964/471225.pdf					low	article_pages_only	google_vision	471225-d04763ef473c	metadata_sidecar+page_text+article_text+google_vision_json	data_local/ocr/jbrs/manifest/471225-d04763ef473c.json	ready_for_ocr	needs runtime path cache from build_jbrs_local_manifest.py --root	Matched corpus references elevate OCR priority; the committed plan stores path stubs only.
jbrs-ocr-472263-de10db115b4a	472263-de10db115b4a	472263.pdf	Burmese/Burma JBRS/1964/472263.pdf					low	article_pages_only	google_vision	472263-de10db115b4a	metadata_sidecar+page_text+article_text+google_vision_json	data_local/ocr/jbrs/manifest/472263-de10db115b4a.json	ready_for_ocr	needs runtime path cache from build_jbrs_local_manifest.py --root	Matched corpus references elevate OCR priority; the committed plan stores path stubs only.
jbrs-ocr-472287-1a94d3e6ce11	472287-1a94d3e6ce11	472287.pdf	Burmese/Burma JBRS/1964/472287.pdf					low	article_pages_only	google_vision	472287-1a94d3e6ce11	metadata_sidecar+page_text+article_text+google_vision_json	data_local/ocr/jbrs/manifest/472287-1a94d3e6ce11.json	ready_for_ocr	needs runtime path cache from build_jbrs_local_manifest.py --root	Matched corpus references elevate OCR priority; the committed plan stores path stubs only.
jbrs-ocr-472325-666e2ce45c9b	472325-666e2ce45c9b	472325.pdf	Burmese/Burma JBRS/JBRS Originals/472325.pdf					low	article_pages_only	google_vision	472325-666e2ce45c9b	metadata_sidecar+page_text+article_text+google_vision_json	data_local/ocr/jbrs/manifest/472325-666e2ce45c9b.json	ready_for_ocr	needs runtime path cache from build_jbrs_local_manifest.py --root	Matched corpus references elevate OCR priority; the committed plan stores path stubs only.
jbrs-ocr-472367-b3c75621b3e7	472367-b3c75621b3e7	472367.pdf	Burmese/Burma JBRS/1964/472367.pdf					low	article_pages_only	google_vision	472367-b3c75621b3e7	metadata_sidecar+page_text+article_text+google_vision_json	data_local/ocr/jbrs/manifest/472367-b3c75621b3e7.json	ready_for_ocr	needs runtime path cache from build_jbrs_local_manifest.py --root	Matched corpus references elevate OCR priority; the committed plan stores path stubs only.
jbrs-ocr-472379-4a6c957cb0a2	472379-4a6c957cb0a2	472379.pdf	Burmese/Burma JBRS/1964/472379.pdf					low	article_pages_only	google_vision	472379-4a6c957cb0a2	metadata_sidecar+page_text+article_text+google_vision_json	data_local/ocr/jbrs/manifest/472379-4a6c957cb0a2.json	ready_for_ocr	needs runtime path cache from build_jbrs_local_manifest.py --root	Matched corpus references elevate OCR priority; the committed plan stores path stubs only.
jbrs-ocr-472385-ecc63d584b8d	472385-ecc63d584b8d	472385.pdf	Burmese/Burma JBRS/1964/472385.pdf					low	article_pages_only	google_vision	472385-ecc63d584b8d	metadata_sidecar+page_text+article_text+google_vision_json	data_local/ocr/jbrs/manifest/472385-ecc63d584b8d.json	ready_for_ocr	needs runtime path cache from build_jbrs_local_manifest.py --root	Matched corpus references elevate OCR priority; the committed plan stores path stubs only.
jbrs-ocr-472397-73b58ced4eda	472397-73b58ced4eda	472397.pdf	Burmese/Burma JBRS/JBRS Originals/472397.pdf					low	article_pages_only	google_vision	472397-73b58ced4eda	metadata_sidecar+page_text+article_text+google_vision_json	data_local/ocr/jbrs/manifest/472397-73b58ced4eda.json	ready_for_ocr	needs runtime path cache from build_jbrs_local_manifest.py --root	Matched corpus references elevate OCR priority; the committed plan stores path stubs only.
jbrs-ocr-472415-5469e253e549	472415-5469e253e549	472415.pdf	Burmese/Burma JBRS/1964/472415.pdf					low	article_pages_only	google_vision	472415-5469e253e549	metadata_sidecar+page_text+article_text+google_vision_json	data_local/ocr/jbrs/manifest/472415-5469e253e549.json	ready_for_ocr	needs runtime path cache from build_jbrs_local_manifest.py --root	Matched corpus references elevate OCR priority; the committed plan stores path stubs only.
jbrs-ocr-472441-f021b27f9644	472441-f021b27f9644	472441.pdf	Burmese/Burma JBRS/1964/472441.pdf					low	article_pages_only	google_vision	472441-f021b27f9644	metadata_sidecar+page_text+article_text+google_vision_json	data_local/ocr/jbrs/manifest/472441-f021b27f9644.json	ready_for_ocr	needs runtime path cache from build_jbrs_local_manifest.py --root	Matched corpus references elevate OCR priority; the committed plan stores path stubs only.
jbrs-ocr-481001-a6b0e8c42fdc	481001-a6b0e8c42fdc	481001.pdf	Burmese/Burma JBRS/JBRS Originals/481001.pdf					low	article_pages_only	google_vision	481001-a6b0e8c42fdc	metadata_sidecar+page_text+article_text+google_vision_json	data_local/ocr/jbrs/manifest/481001-a6b0e8c42fdc.json	ready_for_ocr	needs runtime path cache from build_jbrs_local_manifest.py --root	Matched corpus references elevate OCR priority; the committed plan stores path stubs only.
jbrs-ocr-481009-52763bc04231	481009-52763bc04231	481009.pdf	Burmese/Burma JBRS/JBRS Originals/481009.pdf					low	article_pages_only	google_vision	481009-52763bc04231	metadata_sidecar+page_text+article_text+google_vision_json	data_local/ocr/jbrs/manifest/481009-52763bc04231.json	ready_for_ocr	needs runtime path cache from build_jbrs_local_manifest.py --root	Matched corpus references elevate OCR priority; the committed plan stores path stubs only.
jbrs-ocr-481017-5a878c82bb89	481017-5a878c82bb89	481017.pdf	Burmese/Burma JBRS/1965/481017.pdf					low	article_pages_only	google_vision	481017-5a878c82bb89	metadata_sidecar+page_text+article_text+google_vision_json	data_local/ocr/jbrs/manifest/481017-5a878c82bb89.json	ready_for_ocr	needs runtime path cache from build_jbrs_local_manifest.py --root	Matched corpus references elevate OCR priority; the committed plan stores path stubs only.
jbrs-ocr-481043-3f84f5c285c2	481043-3f84f5c285c2	481043.pdf	Burmese/Burma JBRS/1965/481043.pdf					low	article_pages_only	google_vision	481043-3f84f5c285c2	metadata_sidecar+page_text+article_text+google_vision_json	data_local/ocr/jbrs/manifest/481043-3f84f5c285c2.json	ready_for_ocr	needs runtime path cache from build_jbrs_local_manifest.py --root	Matched corpus references elevate OCR priority; the committed plan stores path stubs only.
jbrs-ocr-481057-e78cc302511d	481057-e78cc302511d	481057.pdf	Burmese/Burma JBRS/1965/481057.pdf					low	article_pages_only	google_vision	481057-e78cc302511d	metadata_sidecar+page_text+article_text+google_vision_json	data_local/ocr/jbrs/manifest/481057-e78cc302511d.json	ready_for_ocr	needs runtime path cache from build_jbrs_local_manifest.py --root	Matched corpus references elevate OCR priority; the committed plan stores path stubs only.
jbrs-ocr-481077-aaf5d3aded8e	481077-aaf5d3aded8e	481077.pdf	Burmese/Burma JBRS/1965/481077.pdf					low	article_pages_only	google_vision	481077-aaf5d3aded8e	metadata_sidecar+page_text+article_text+google_vision_json	data_local/ocr/jbrs/manifest/481077-aaf5d3aded8e.json	ready_for_ocr	needs runtime path cache from build_jbrs_local_manifest.py --root	Matched corpus references elevate OCR priority; the committed plan stores path stubs only.
jbrs-ocr-481085-ef622cd3f289	481085-ef622cd3f289	481085.pdf	Burmese/Burma JBRS/1966/481085.pdf					low	article_pages_only	google_vision	481085-ef622cd3f289	metadata_sidecar+page_text+article_text+google_vision_json	data_local/ocr/jbrs/manifest/481085-ef622cd3f289.json	ready_for_ocr	needs runtime path cache from build_jbrs_local_manifest.py --root	Matched corpus references elevate OCR priority; the committed plan stores path stubs only.
jbrs-ocr-481099-de856021ac69	481099-de856021ac69	481099.pdf	Burmese/Burma JBRS/1965/481099.pdf					low	article_pages_only	google_vision	481099-de856021ac69	metadata_sidecar+page_text+article_text+google_vision_json	data_local/ocr/jbrs/manifest/481099-de856021ac69.json	ready_for_ocr	needs runtime path cache from build_jbrs_local_manifest.py --root	Matched corpus references elevate OCR priority; the committed plan stores path stubs only.
jbrs-ocr-482001-0293ed61f5dc	482001-0293ed61f5dc	482001.pdf	Burmese/Burma JBRS/1965/482001.pdf					low	article_pages_only	google_vision	482001-0293ed61f5dc	metadata_sidecar+page_text+article_text+google_vision_json	data_local/ocr/jbrs/manifest/482001-0293ed61f5dc.json	ready_for_ocr	needs runtime path cache from build_jbrs_local_manifest.py --root	Matched corpus references elevate OCR priority; the committed plan stores path stubs only.
jbrs-ocr-482017-50d23a5f956e	482017-50d23a5f956e	482017.pdf	Burmese/Burma JBRS/JBRS Originals/482017.pdf					low	article_pages_only	google_vision	482017-50d23a5f956e	metadata_sidecar+page_text+article_text+google_vision_json	data_local/ocr/jbrs/manifest/482017-50d23a5f956e.json	ready_for_ocr	needs runtime path cache from build_jbrs_local_manifest.py --root	Matched corpus references elevate OCR priority; the committed plan stores path stubs only.
jbrs-ocr-482025-bd7332f1120a	482025-bd7332f1120a	482025.pdf	Burmese/Burma JBRS/JBRS Originals/482025.pdf					low	article_pages_only	google_vision	482025-bd7332f1120a	metadata_sidecar+page_text+article_text+google_vision_json	data_local/ocr/jbrs/manifest/482025-bd7332f1120a.json	ready_for_ocr	needs runtime path cache from build_jbrs_local_manifest.py --root	Matched corpus references elevate OCR priority; the committed plan stores path stubs only.
jbrs-ocr-482039-7d6eee62a9bd	482039-7d6eee62a9bd	482039.pdf	Burmese/Burma JBRS/JBRS Originals/482039.pdf					low	article_pages_only	google_vision	482039-7d6eee62a9bd	metadata_sidecar+page_text+article_text+google_vision_json	data_local/ocr/jbrs/manifest/482039-7d6eee62a9bd.json	ready_for_ocr	needs runtime path cache from build_jbrs_local_manifest.py --root	Matched corpus references elevate OCR priority; the committed plan stores path stubs only.
jbrs-ocr-482065-87d9c38544cb	482065-87d9c38544cb	482065.pdf	Burmese/Burma JBRS/JBRS Originals/482065.pdf					low	article_pages_only	google_vision	482065-87d9c38544cb	metadata_sidecar+page_text+article_text+google_vision_json	data_local/ocr/jbrs/manifest/482065-87d9c38544cb.json	ready_for_ocr	needs runtime path cache from build_jbrs_local_manifest.py --root	Matched corpus references elevate OCR priority; the committed plan stores path stubs only.
jbrs-ocr-482079-8296aad3f021	482079-8296aad3f021	482079.pdf	Burmese/Burma JBRS/1965/482079.pdf					low	article_pages_only	google_vision	482079-8296aad3f021	metadata_sidecar+page_text+article_text+google_vision_json	data_local/ocr/jbrs/manifest/482079-8296aad3f021.json	ready_for_ocr	needs runtime path cache from build_jbrs_local_manifest.py --root	Matched corpus references elevate OCR priority; the committed plan stores path stubs only.
jbrs-ocr-482083-9b536cc4fd94	482083-9b536cc4fd94	482083.pdf	Burmese/Burma JBRS/1965/482083.pdf					low	article_pages_only	google_vision	482083-9b536cc4fd94	metadata_sidecar+page_text+article_text+google_vision_json	data_local/ocr/jbrs/manifest/482083-9b536cc4fd94.json	ready_for_ocr	needs runtime path cache from build_jbrs_local_manifest.py --root	Matched corpus references elevate OCR priority; the committed plan stores path stubs only.
jbrs-ocr-482099-e8b1474ff020	482099-e8b1474ff020	482099.pdf	Burmese/Burma JBRS/1965/482099.pdf					low	article_pages_only	google_vision	482099-e8b1474ff020	metadata_sidecar+page_text+article_text+google_vision_json	data_local/ocr/jbrs/manifest/482099-e8b1474ff020.json	ready_for_ocr	needs runtime path cache from build_jbrs_local_manifest.py --root	Matched corpus references elevate OCR priority; the committed plan stores path stubs only.
jbrs-ocr-491001-05ead68078f2	491001-05ead68078f2	491001.pdf	Burmese/Burma JBRS/1966/491001.pdf					low	article_pages_only	google_vision	491001-05ead68078f2	metadata_sidecar+page_text+article_text+google_vision_json	data_local/ocr/jbrs/manifest/491001-05ead68078f2.json	ready_for_ocr	needs runtime path cache from build_jbrs_local_manifest.py --root	Matched corpus references elevate OCR priority; the committed plan stores path stubs only.
jbrs-ocr-491019-f90bbe22251e	491019-f90bbe22251e	491019.pdf	Burmese/Burma JBRS/1966/491019.pdf					low	article_pages_only	google_vision	491019-f90bbe22251e	metadata_sidecar+page_text+article_text+google_vision_json	data_local/ocr/jbrs/manifest/491019-f90bbe22251e.json	ready_for_ocr	needs runtime path cache from build_jbrs_local_manifest.py --root	Matched corpus references elevate OCR priority; the committed plan stores path stubs only.
jbrs-ocr-491029-28f8ec24e8b7	491029-28f8ec24e8b7	491029.pdf	Burmese/Burma JBRS/1966/491029.pdf					low	article_pages_only	google_vision	491029-28f8ec24e8b7	metadata_sidecar+page_text+article_text+google_vision_json	data_local/ocr/jbrs/manifest/491029-28f8ec24e8b7.json	ready_for_ocr	needs runtime path cache from build_jbrs_local_manifest.py --root	Matched corpus references elevate OCR priority; the committed plan stores path stubs only.
jbrs-ocr-491050-6d56c0f47e2b	491050-6d56c0f47e2b	491050.pdf	Burmese/Burma JBRS/JBRS Originals/491050.pdf					low	article_pages_only	google_vision	491050-6d56c0f47e2b	metadata_sidecar+page_text+article_text+google_vision_json	data_local/ocr/jbrs/manifest/491050-6d56c0f47e2b.json	ready_for_ocr	needs runtime path cache from build_jbrs_local_manifest.py --root	Matched corpus references elevate OCR priority; the committed plan stores path stubs only.
jbrs-ocr-491071-78314926c661	491071-78314926c661	491071.pdf	Burmese/Burma JBRS/1966/491071.pdf					low	article_pages_only	google_vision	491071-78314926c661	metadata_sidecar+page_text+article_text+google_vision_json	data_local/ocr/jbrs/manifest/491071-78314926c661.json	ready_for_ocr	needs runtime path cache from build_jbrs_local_manifest.py --root	Matched corpus references elevate OCR priority; the committed plan stores path stubs only.
jbrs-ocr-492145-c59ff42645f1	492145-c59ff42645f1	492145.pdf	Burmese/Burma JBRS/JBRS Originals/492145.pdf					low	article_pages_only	google_vision	492145-c59ff42645f1	metadata_sidecar+page_text+article_text+google_vision_json	data_local/ocr/jbrs/manifest/492145-c59ff42645f1.json	ready_for_ocr	needs runtime path cache from build_jbrs_local_manifest.py --root	Matched corpus references elevate OCR priority; the committed plan stores path stubs only.
jbrs-ocr-492163-6ae8a734172f	492163-6ae8a734172f	492163.pdf	Burmese/Burma JBRS/1966/492163.pdf					low	article_pages_only	google_vision	492163-6ae8a734172f	metadata_sidecar+page_text+article_text+google_vision_json	data_local/ocr/jbrs/manifest/492163-6ae8a734172f.json	ready_for_ocr	needs runtime path cache from build_jbrs_local_manifest.py --root	Matched corpus references elevate OCR priority; the committed plan stores path stubs only.
jbrs-ocr-492173-5a43ce2b6fcf	492173-5a43ce2b6fcf	492173.pdf	Burmese/Burma JBRS/1966/492173.pdf					low	article_pages_only	google_vision	492173-5a43ce2b6fcf	metadata_sidecar+page_text+article_text+google_vision_json	data_local/ocr/jbrs/manifest/492173-5a43ce2b6fcf.json	ready_for_ocr	needs runtime path cache from build_jbrs_local_manifest.py --root	Matched corpus references elevate OCR priority; the committed plan stores path stubs only.
jbrs-ocr-492207-8de972966cb4	492207-8de972966cb4	492207.pdf	Burmese/Burma JBRS/1966/492207.pdf					low	article_pages_only	google_vision	492207-8de972966cb4	metadata_sidecar+page_text+article_text+google_vision_json	data_local/ocr/jbrs/manifest/492207-8de972966cb4.json	ready_for_ocr	needs runtime path cache from build_jbrs_local_manifest.py --root	Matched corpus references elevate OCR priority; the committed plan stores path stubs only.
jbrs-ocr-492219-f8b8032df969	492219-f8b8032df969	492219.pdf	Burmese/Burma JBRS/1966/492219.pdf					low	article_pages_only	google_vision	492219-f8b8032df969	metadata_sidecar+page_text+article_text+google_vision_json	data_local/ocr/jbrs/manifest/492219-f8b8032df969.json	ready_for_ocr	needs runtime path cache from build_jbrs_local_manifest.py --root	Matched corpus references elevate OCR priority; the committed plan stores path stubs only.
jbrs-ocr-492223-c3e13f97a9c9	492223-c3e13f97a9c9	492223.pdf	Burmese/Burma JBRS/1966/492223.pdf					low	article_pages_only	google_vision	492223-c3e13f97a9c9	metadata_sidecar+page_text+article_text+google_vision_json	data_local/ocr/jbrs/manifest/492223-c3e13f97a9c9.json	ready_for_ocr	needs runtime path cache from build_jbrs_local_manifest.py --root	Matched corpus references elevate OCR priority; the committed plan stores path stubs only.
jbrs-ocr-492225-22f6d60f8026	492225-22f6d60f8026	492225.pdf	Burmese/Burma JBRS/1966/492225.pdf					low	article_pages_only	google_vision	492225-22f6d60f8026	metadata_sidecar+page_text+article_text+google_vision_json	data_local/ocr/jbrs/manifest/492225-22f6d60f8026.json	ready_for_ocr	needs runtime path cache from build_jbrs_local_manifest.py --root	Matched corpus references elevate OCR priority; the committed plan stores path stubs only.
jbrs-ocr-501001-e9409c452f47	501001-e9409c452f47	501001.pdf	Burmese/Burma JBRS/1967/501001.pdf					low	article_pages_only	google_vision	501001-e9409c452f47	metadata_sidecar+page_text+article_text+google_vision_json	data_local/ocr/jbrs/manifest/501001-e9409c452f47.json	ready_for_ocr	needs runtime path cache from build_jbrs_local_manifest.py --root	Matched corpus references elevate OCR priority; the committed plan stores path stubs only.
jbrs-ocr-501011-adef3405a586	501011-adef3405a586	501011.pdf	Burmese/Burma JBRS/JBRS Originals/501011.pdf					low	article_pages_only	google_vision	501011-adef3405a586	metadata_sidecar+page_text+article_text+google_vision_json	data_local/ocr/jbrs/manifest/501011-adef3405a586.json	ready_for_ocr	needs runtime path cache from build_jbrs_local_manifest.py --root	Matched corpus references elevate OCR priority; the committed plan stores path stubs only.
jbrs-ocr-501021-054d64f3ec44	501021-054d64f3ec44	501021.pdf	Burmese/Burma JBRS/JBRS Originals/501021.pdf					low	article_pages_only	google_vision	501021-054d64f3ec44	metadata_sidecar+page_text+article_text+google_vision_json	data_local/ocr/jbrs/manifest/501021-054d64f3ec44.json	ready_for_ocr	needs runtime path cache from build_jbrs_local_manifest.py --root	Matched corpus references elevate OCR priority; the committed plan stores path stubs only.
jbrs-ocr-501033-54afe0f6e308	501033-54afe0f6e308	501033.pdf	Burmese/Burma JBRS/1967/501033.pdf					low	article_pages_only	google_vision	501033-54afe0f6e308	metadata_sidecar+page_text+article_text+google_vision_json	data_local/ocr/jbrs/manifest/501033-54afe0f6e308.json	ready_for_ocr	needs runtime path cache from build_jbrs_local_manifest.py --root	Matched corpus references elevate OCR priority; the committed plan stores path stubs only.
jbrs-ocr-501047-58b1b8ae2cea	501047-58b1b8ae2cea	501047.pdf	Burmese/Burma JBRS/1967/501047.pdf					low	article_pages_only	google_vision	501047-58b1b8ae2cea	metadata_sidecar+page_text+article_text+google_vision_json	data_local/ocr/jbrs/manifest/501047-58b1b8ae2cea.json	ready_for_ocr	needs runtime path cache from build_jbrs_local_manifest.py --root	Matched corpus references elevate OCR priority; the committed plan stores path stubs only.
jbrs-ocr-501071-33ad42532a5b	501071-33ad42532a5b	501071.pdf	Burmese/Burma JBRS/1967/501071.pdf					low	article_pages_only	google_vision	501071-33ad42532a5b	metadata_sidecar+page_text+article_text+google_vision_json	data_local/ocr/jbrs/manifest/501071-33ad42532a5b.json	ready_for_ocr	needs runtime path cache from build_jbrs_local_manifest.py --root	Matched corpus references elevate OCR priority; the committed plan stores path stubs only.
jbrs-ocr-501095-5959f008b473	501095-5959f008b473	501095.PDF	Burmese/Burma JBRS/JBRS Originals/501095.PDF					low	article_pages_only	google_vision	501095-5959f008b473	metadata_sidecar+page_text+article_text+google_vision_json	data_local/ocr/jbrs/manifest/501095-5959f008b473.json	ready_for_ocr	needs runtime path cache from build_jbrs_local_manifest.py --root	Matched corpus references elevate OCR priority; the committed plan stores path stubs only.
jbrs-ocr-501125-91755ef7b530	501125-91755ef7b530	501125.pdf	Burmese/Burma JBRS/1967/501125.pdf					low	article_pages_only	google_vision	501125-91755ef7b530	metadata_sidecar+page_text+article_text+google_vision_json	data_local/ocr/jbrs/manifest/501125-91755ef7b530.json	ready_for_ocr	needs runtime path cache from build_jbrs_local_manifest.py --root	Matched corpus references elevate OCR priority; the committed plan stores path stubs only.
jbrs-ocr-502177-9b894ba0f8dd	502177-9b894ba0f8dd	502177.pdf	Burmese/Burma JBRS/1967/502177.pdf					low	article_pages_only	google_vision	502177-9b894ba0f8dd	metadata_sidecar+page_text+article_text+google_vision_json	data_local/ocr/jbrs/manifest/502177-9b894ba0f8dd.json	ready_for_ocr	needs runtime path cache from build_jbrs_local_manifest.py --root	Matched corpus references elevate OCR priority; the committed plan stores path stubs only.
jbrs-ocr-502195-f6e6811cfe79	502195-f6e6811cfe79	502195.pdf	Burmese/Burma JBRS/1967/502195.pdf					low	article_pages_only	google_vision	502195-f6e6811cfe79	metadata_sidecar+page_text+article_text+google_vision_json	data_local/ocr/jbrs/manifest/502195-f6e6811cfe79.json	ready_for_ocr	needs runtime path cache from build_jbrs_local_manifest.py --root	Matched corpus references elevate OCR priority; the committed plan stores path stubs only.
jbrs-ocr-502223-e24054f60a82	502223-e24054f60a82	502223.pdf	Burmese/Burma JBRS/JBRS Originals/502223.pdf					low	article_pages_only	google_vision	502223-e24054f60a82	metadata_sidecar+page_text+article_text+google_vision_json	data_local/ocr/jbrs/manifest/502223-e24054f60a82.json	ready_for_ocr	needs runtime path cache from build_jbrs_local_manifest.py --root	Matched corpus references elevate OCR priority; the committed plan stores path stubs only.
jbrs-ocr-502245-9798d74ff8a5	502245-9798d74ff8a5	502245.pdf	Burmese/Burma JBRS/1967/502245.pdf					low	article_pages_only	google_vision	502245-9798d74ff8a5	metadata_sidecar+page_text+article_text+google_vision_json	data_local/ocr/jbrs/manifest/502245-9798d74ff8a5.json	ready_for_ocr	needs runtime path cache from build_jbrs_local_manifest.py --root	Matched corpus references elevate OCR priority; the committed plan stores path stubs only.
jbrs-ocr-502263-711176a1a7d5	502263-711176a1a7d5	502263.pdf	Burmese/Burma JBRS/1967/502263.pdf					low	article_pages_only	google_vision	502263-711176a1a7d5	metadata_sidecar+page_text+article_text+google_vision_json	data_local/ocr/jbrs/manifest/502263-711176a1a7d5.json	ready_for_ocr	needs runtime path cache from build_jbrs_local_manifest.py --root	Matched corpus references elevate OCR priority; the committed plan stores path stubs only.
jbrs-ocr-502285-a2e4d0ca5eb0	502285-a2e4d0ca5eb0	502285.pdf	Burmese/Burma JBRS/1967/502285.pdf					low	article_pages_only	google_vision	502285-a2e4d0ca5eb0	metadata_sidecar+page_text+article_text+google_vision_json	data_local/ocr/jbrs/manifest/502285-a2e4d0ca5eb0.json	ready_for_ocr	needs runtime path cache from build_jbrs_local_manifest.py --root	Matched corpus references elevate OCR priority; the committed plan stores path stubs only.
jbrs-ocr-511001-dbefb05f2ab9	511001-dbefb05f2ab9	511001.pdf	Burmese/Burma JBRS/JBRS Originals/511001.pdf					low	article_pages_only	google_vision	511001-dbefb05f2ab9	metadata_sidecar+page_text+article_text+google_vision_json	data_local/ocr/jbrs/manifest/511001-dbefb05f2ab9.json	ready_for_ocr	needs runtime path cache from build_jbrs_local_manifest.py --root	Matched corpus references elevate OCR priority; the committed plan stores path stubs only.
jbrs-ocr-511009-750aff54672f	511009-750aff54672f	511009.pdf	Burmese/Burma JBRS/JBRS Originals/511009.pdf					low	article_pages_only	google_vision	511009-750aff54672f	metadata_sidecar+page_text+article_text+google_vision_json	data_local/ocr/jbrs/manifest/511009-750aff54672f.json	ready_for_ocr	needs runtime path cache from build_jbrs_local_manifest.py --root	Matched corpus references elevate OCR priority; the committed plan stores path stubs only.
jbrs-ocr-511017-c0462c88e09f	511017-c0462c88e09f	511017.pdf	Burmese/Burma JBRS/1968/511017.pdf					low	article_pages_only	google_vision	511017-c0462c88e09f	metadata_sidecar+page_text+article_text+google_vision_json	data_local/ocr/jbrs/manifest/511017-c0462c88e09f.json	ready_for_ocr	needs runtime path cache from build_jbrs_local_manifest.py --root	Matched corpus references elevate OCR priority; the committed plan stores path stubs only.
jbrs-ocr-511023-7763e9d5dd2e	511023-7763e9d5dd2e	511023.pdf	Burmese/Burma JBRS/1968/511023.pdf					low	article_pages_only	google_vision	511023-7763e9d5dd2e	metadata_sidecar+page_text+article_text+google_vision_json	data_local/ocr/jbrs/manifest/511023-7763e9d5dd2e.json	ready_for_ocr	needs runtime path cache from build_jbrs_local_manifest.py --root	Matched corpus references elevate OCR priority; the committed plan stores path stubs only.
jbrs-ocr-511029-d2a02a219c75	511029-d2a02a219c75	511029.pdf	Burmese/Burma JBRS/JBRS Originals/511029.pdf					low	article_pages_only	google_vision	511029-d2a02a219c75	metadata_sidecar+page_text+article_text+google_vision_json	data_local/ocr/jbrs/manifest/511029-d2a02a219c75.json	ready_for_ocr	needs runtime path cache from build_jbrs_local_manifest.py --root	Matched corpus references elevate OCR priority; the committed plan stores path stubs only.
jbrs-ocr-512097-bb6772843f6f	512097-bb6772843f6f	512097.pdf	Burmese/Burma JBRS/JBRS Originals/512097.pdf					low	article_pages_only	google_vision	512097-bb6772843f6f	metadata_sidecar+page_text+article_text+google_vision_json	data_local/ocr/jbrs/manifest/512097-bb6772843f6f.json	ready_for_ocr	needs runtime path cache from build_jbrs_local_manifest.py --root	Matched corpus references elevate OCR priority; the committed plan stores path stubs only.
jbrs-ocr-512125-83c8c6ce8ff5	512125-83c8c6ce8ff5	512125.pdf	Burmese/Burma JBRS/1968/512125.pdf					low	article_pages_only	google_vision	512125-83c8c6ce8ff5	metadata_sidecar+page_text+article_text+google_vision_json	data_local/ocr/jbrs/manifest/512125-83c8c6ce8ff5.json	ready_for_ocr	needs runtime path cache from build_jbrs_local_manifest.py --root	Matched corpus references elevate OCR priority; the committed plan stores path stubs only.
jbrs-ocr-512145-88494fda7a12	512145-88494fda7a12	512145.pdf	Burmese/Burma JBRS/1968/512145.pdf					low	article_pages_only	google_vision	512145-88494fda7a12	metadata_sidecar+page_text+article_text+google_vision_json	data_local/ocr/jbrs/manifest/512145-88494fda7a12.json	ready_for_ocr	needs runtime path cache from build_jbrs_local_manifest.py --root	Matched corpus references elevate OCR priority; the committed plan stores path stubs only.
jbrs-ocr-512173-a3516d020bab	512173-a3516d020bab	512173.pdf	Burmese/Burma JBRS/JBRS Originals/512173.pdf					low	article_pages_only	google_vision	512173-a3516d020bab	metadata_sidecar+page_text+article_text+google_vision_json	data_local/ocr/jbrs/manifest/512173-a3516d020bab.json	ready_for_ocr	needs runtime path cache from build_jbrs_local_manifest.py --root	Matched corpus references elevate OCR priority; the committed plan stores path stubs only.
jbrs-ocr-512189-a68f668e4e8a	512189-a68f668e4e8a	512189.pdf	Burmese/Burma JBRS/1968/512189.pdf					low	article_pages_only	google_vision	512189-a68f668e4e8a	metadata_sidecar+page_text+article_text+google_vision_json	data_local/ocr/jbrs/manifest/512189-a68f668e4e8a.json	ready_for_ocr	needs runtime path cache from build_jbrs_local_manifest.py --root	Matched corpus references elevate OCR priority; the committed plan stores path stubs only.
jbrs-ocr-512191-bffc528053e7	512191-bffc528053e7	512191.pdf	Burmese/Burma JBRS/1968/512191.pdf					low	article_pages_only	google_vision	512191-bffc528053e7	metadata_sidecar+page_text+article_text+google_vision_json	data_local/ocr/jbrs/manifest/512191-bffc528053e7.json	ready_for_ocr	needs runtime path cache from build_jbrs_local_manifest.py --root	Matched corpus references elevate OCR priority; the committed plan stores path stubs only.
jbrs-ocr-521001-a16f5f693959	521001-a16f5f693959	521001.pdf	Burmese/Burma JBRS/1969/521001.pdf					low	article_pages_only	google_vision	521001-a16f5f693959	metadata_sidecar+page_text+article_text+google_vision_json	data_local/ocr/jbrs/manifest/521001-a16f5f693959.json	ready_for_ocr	needs runtime path cache from build_jbrs_local_manifest.py --root	Matched corpus references elevate OCR priority; the committed plan stores path stubs only.
jbrs-ocr-521009-96d64d4a1227	521009-96d64d4a1227	521009.pdf	Burmese/Burma JBRS/JBRS Originals/521009.pdf					low	article_pages_only	google_vision	521009-96d64d4a1227	metadata_sidecar+page_text+article_text+google_vision_json	data_local/ocr/jbrs/manifest/521009-96d64d4a1227.json	ready_for_ocr	needs runtime path cache from build_jbrs_local_manifest.py --root	Matched corpus references elevate OCR priority; the committed plan stores path stubs only.
jbrs-ocr-521025-c2d6a342dd74	521025-c2d6a342dd74	521025.pdf	Burmese/Burma JBRS/1969/521025.pdf					low	article_pages_only	google_vision	521025-c2d6a342dd74	metadata_sidecar+page_text+article_text+google_vision_json	data_local/ocr/jbrs/manifest/521025-c2d6a342dd74.json	ready_for_ocr	needs runtime path cache from build_jbrs_local_manifest.py --root	Matched corpus references elevate OCR priority; the committed plan stores path stubs only.
jbrs-ocr-521027-79b9ed779984	521027-79b9ed779984	521027.pdf	Burmese/Burma JBRS/1969/521027.pdf					low	article_pages_only	google_vision	521027-79b9ed779984	metadata_sidecar+page_text+article_text+google_vision_json	data_local/ocr/jbrs/manifest/521027-79b9ed779984.json	ready_for_ocr	needs runtime path cache from build_jbrs_local_manifest.py --root	Matched corpus references elevate OCR priority; the committed plan stores path stubs only.
jbrs-ocr-521082-f377a63c4476	521082-f377a63c4476	521082.pdf	Burmese/Burma JBRS/JBRS Originals/521082.pdf					low	article_pages_only	google_vision	521082-f377a63c4476	metadata_sidecar+page_text+article_text+google_vision_json	data_local/ocr/jbrs/manifest/521082-f377a63c4476.json	ready_for_ocr	needs runtime path cache from build_jbrs_local_manifest.py --root	Matched corpus references elevate OCR priority; the committed plan stores path stubs only.
jbrs-ocr-522001-2a3415f67469	522001-2a3415f67469	522001.pdf	Burmese/Burma JBRS/1969/522001.pdf					low	article_pages_only	google_vision	522001-2a3415f67469	metadata_sidecar+page_text+article_text+google_vision_json	data_local/ocr/jbrs/manifest/522001-2a3415f67469.json	ready_for_ocr	needs runtime path cache from build_jbrs_local_manifest.py --root	Matched corpus references elevate OCR priority; the committed plan stores path stubs only.
jbrs-ocr-522027-5a0fb4e70541	522027-5a0fb4e70541	522027.pdf	Burmese/Burma JBRS/1969/522027.pdf					low	article_pages_only	google_vision	522027-5a0fb4e70541	metadata_sidecar+page_text+article_text+google_vision_json	data_local/ocr/jbrs/manifest/522027-5a0fb4e70541.json	ready_for_ocr	needs runtime path cache from build_jbrs_local_manifest.py --root	Matched corpus references elevate OCR priority; the committed plan stores path stubs only.
jbrs-ocr-522043-44fee62cc61a	522043-44fee62cc61a	522043.pdf	Burmese/Burma JBRS/1969/522043.pdf					low	article_pages_only	google_vision	522043-44fee62cc61a	metadata_sidecar+page_text+article_text+google_vision_json	data_local/ocr/jbrs/manifest/522043-44fee62cc61a.json	ready_for_ocr	needs runtime path cache from build_jbrs_local_manifest.py --root	Matched corpus references elevate OCR priority; the committed plan stores path stubs only.
jbrs-ocr-522067-3e938b822ba7	522067-3e938b822ba7	522067.pdf	Burmese/Burma JBRS/1969/522067.pdf					low	article_pages_only	google_vision	522067-3e938b822ba7	metadata_sidecar+page_text+article_text+google_vision_json	data_local/ocr/jbrs/manifest/522067-3e938b822ba7.json	ready_for_ocr	needs runtime path cache from build_jbrs_local_manifest.py --root	Matched corpus references elevate OCR priority; the committed plan stores path stubs only.
jbrs-ocr-522081-52bfbf6bac34	522081-52bfbf6bac34	522081.pdf	Burmese/Burma JBRS/JBRS Originals/522081.pdf					low	article_pages_only	google_vision	522081-52bfbf6bac34	metadata_sidecar+page_text+article_text+google_vision_json	data_local/ocr/jbrs/manifest/522081-52bfbf6bac34.json	ready_for_ocr	needs runtime path cache from build_jbrs_local_manifest.py --root	Matched corpus references elevate OCR priority; the committed plan stores path stubs only.
jbrs-ocr-522081-804ebeadbaaa	522081-804ebeadbaaa	522081.pdf	Burmese/Burma JBRS/1969/522081.pdf					low	article_pages_only	google_vision	522081-804ebeadbaaa	metadata_sidecar+page_text+article_text+google_vision_json	data_local/ocr/jbrs/manifest/522081-804ebeadbaaa.json	ready_for_ocr	needs runtime path cache from build_jbrs_local_manifest.py --root	Matched corpus references elevate OCR priority; the committed plan stores path stubs only.
jbrs-ocr-531001-12d68eece0a6	531001-12d68eece0a6	531001.pdf	Burmese/Burma JBRS/1969/531001.pdf					low	article_pages_only	google_vision	531001-12d68eece0a6	metadata_sidecar+page_text+article_text+google_vision_json	data_local/ocr/jbrs/manifest/531001-12d68eece0a6.json	ready_for_ocr	needs runtime path cache from build_jbrs_local_manifest.py --root	Matched corpus references elevate OCR priority; the committed plan stores path stubs only.
jbrs-ocr-531025-5721e89a1fce	531025-5721e89a1fce	531025.pdf	Burmese/Burma JBRS/1970/531025.pdf					low	article_pages_only	google_vision	531025-5721e89a1fce	metadata_sidecar+page_text+article_text+google_vision_json	data_local/ocr/jbrs/manifest/531025-5721e89a1fce.json	ready_for_ocr	needs runtime path cache from build_jbrs_local_manifest.py --root	Matched corpus references elevate OCR priority; the committed plan stores path stubs only.
jbrs-ocr-531053-277c49f9765c	531053-277c49f9765c	531053.pdf	Burmese/Burma JBRS/JBRS Originals/531053.pdf					low	article_pages_only	google_vision	531053-277c49f9765c	metadata_sidecar+page_text+article_text+google_vision_json	data_local/ocr/jbrs/manifest/531053-277c49f9765c.json	ready_for_ocr	needs runtime path cache from build_jbrs_local_manifest.py --root	Matched corpus references elevate OCR priority; the committed plan stores path stubs only.
jbrs-ocr-531067-5ad28de9cedd	531067-5ad28de9cedd	531067.pdf	Burmese/Burma JBRS/1970/531067.pdf					low	article_pages_only	google_vision	531067-5ad28de9cedd	metadata_sidecar+page_text+article_text+google_vision_json	data_local/ocr/jbrs/manifest/531067-5ad28de9cedd.json	ready_for_ocr	needs runtime path cache from build_jbrs_local_manifest.py --root	Matched corpus references elevate OCR priority; the committed plan stores path stubs only.
jbrs-ocr-531084-ac0c3bc6097d	531084-ac0c3bc6097d	531084.pdf	Burmese/Burma JBRS/1970/531084.pdf					low	article_pages_only	google_vision	531084-ac0c3bc6097d	metadata_sidecar+page_text+article_text+google_vision_json	data_local/ocr/jbrs/manifest/531084-ac0c3bc6097d.json	ready_for_ocr	needs runtime path cache from build_jbrs_local_manifest.py --root	Matched corpus references elevate OCR priority; the committed plan stores path stubs only.
jbrs-ocr-532001-54ea9d686222	532001-54ea9d686222	532001.pdf	Burmese/Burma JBRS/JBRS Originals/532001.pdf					low	article_pages_only	google_vision	532001-54ea9d686222	metadata_sidecar+page_text+article_text+google_vision_json	data_local/ocr/jbrs/manifest/532001-54ea9d686222.json	ready_for_ocr	needs runtime path cache from build_jbrs_local_manifest.py --root	Matched corpus references elevate OCR priority; the committed plan stores path stubs only.
jbrs-ocr-532015-bf55dc76c0f6	532015-bf55dc76c0f6	532015.pdf	Burmese/Burma JBRS/1970/532015.pdf					low	article_pages_only	google_vision	532015-bf55dc76c0f6	metadata_sidecar+page_text+article_text+google_vision_json	data_local/ocr/jbrs/manifest/532015-bf55dc76c0f6.json	ready_for_ocr	needs runtime path cache from build_jbrs_local_manifest.py --root	Matched corpus references elevate OCR priority; the committed plan stores path stubs only.
jbrs-ocr-532055-b29c344316ea	532055-b29c344316ea	532055.pdf	Burmese/Burma JBRS/JBRS Originals/532055.pdf					low	article_pages_only	google_vision	532055-b29c344316ea	metadata_sidecar+page_text+article_text+google_vision_json	data_local/ocr/jbrs/manifest/532055-b29c344316ea.json	ready_for_ocr	needs runtime path cache from build_jbrs_local_manifest.py --root	Matched corpus references elevate OCR priority; the committed plan stores path stubs only.
jbrs-ocr-532065-ae5d457db89a	532065-ae5d457db89a	532065.pdf	Burmese/Burma JBRS/JBRS Originals/532065.pdf					low	article_pages_only	google_vision	532065-ae5d457db89a	metadata_sidecar+page_text+article_text+google_vision_json	data_local/ocr/jbrs/manifest/532065-ae5d457db89a.json	ready_for_ocr	needs runtime path cache from build_jbrs_local_manifest.py --root	Matched corpus references elevate OCR priority; the committed plan stores path stubs only.
jbrs-ocr-541001-5d390a5034ab	541001-5d390a5034ab	541001.pdf	Burmese/Burma JBRS/JBRS Originals/541001.pdf					low	article_pages_only	google_vision	541001-5d390a5034ab	metadata_sidecar+page_text+article_text+google_vision_json	data_local/ocr/jbrs/manifest/541001-5d390a5034ab.json	ready_for_ocr	needs runtime path cache from build_jbrs_local_manifest.py --root	Matched corpus references elevate OCR priority; the committed plan stores path stubs only.
jbrs-ocr-541031-f0ff252c754e	541031-f0ff252c754e	541031.pdf	Burmese/Burma JBRS/JBRS Originals/541031.pdf					low	article_pages_only	google_vision	541031-f0ff252c754e	metadata_sidecar+page_text+article_text+google_vision_json	data_local/ocr/jbrs/manifest/541031-f0ff252c754e.json	ready_for_ocr	needs runtime path cache from build_jbrs_local_manifest.py --root	Matched corpus references elevate OCR priority; the committed plan stores path stubs only.
jbrs-ocr-541059-193dbfebe909	541059-193dbfebe909	541059.pdf	Burmese/Burma JBRS/1971/541059.pdf					low	article_pages_only	google_vision	541059-193dbfebe909	metadata_sidecar+page_text+article_text+google_vision_json	data_local/ocr/jbrs/manifest/541059-193dbfebe909.json	ready_for_ocr	needs runtime path cache from build_jbrs_local_manifest.py --root	Matched corpus references elevate OCR priority; the committed plan stores path stubs only.
jbrs-ocr-541059-b5548d957006	541059-b5548d957006	541059.pdf	Burmese/Burma JBRS/JBRS Originals/541059.pdf					low	article_pages_only	google_vision	541059-b5548d957006	metadata_sidecar+page_text+article_text+google_vision_json	data_local/ocr/jbrs/manifest/541059-b5548d957006.json	ready_for_ocr	needs runtime path cache from build_jbrs_local_manifest.py --root	Matched corpus references elevate OCR priority; the committed plan stores path stubs only.
jbrs-ocr-541115-aea7863f5b7e	541115-aea7863f5b7e	541115.pdf	Burmese/Burma JBRS/JBRS Originals/541115.pdf					low	article_pages_only	google_vision	541115-aea7863f5b7e	metadata_sidecar+page_text+article_text+google_vision_json	data_local/ocr/jbrs/manifest/541115-aea7863f5b7e.json	ready_for_ocr	needs runtime path cache from build_jbrs_local_manifest.py --root	Matched corpus references elevate OCR priority; the committed plan stores path stubs only.
jbrs-ocr-551001-288f1cafacb0	551001-288f1cafacb0	551001.pdf	Burmese/Burma JBRS/JBRS Originals/551001.pdf					low	article_pages_only	google_vision	551001-288f1cafacb0	metadata_sidecar+page_text+article_text+google_vision_json	data_local/ocr/jbrs/manifest/551001-288f1cafacb0.json	ready_for_ocr	needs runtime path cache from build_jbrs_local_manifest.py --root	Matched corpus references elevate OCR priority; the committed plan stores path stubs only.
jbrs-ocr-551009-a1da1a27ffb0	551009-a1da1a27ffb0	551009.pdf	Burmese/Burma JBRS/JBRS Originals/551009.pdf					low	article_pages_only	google_vision	551009-a1da1a27ffb0	metadata_sidecar+page_text+article_text+google_vision_json	data_local/ocr/jbrs/manifest/551009-a1da1a27ffb0.json	ready_for_ocr	needs runtime path cache from build_jbrs_local_manifest.py --root	Matched corpus references elevate OCR priority; the committed plan stores path stubs only.
jbrs-ocr-551019-34dba7e5ac25	551019-34dba7e5ac25	551019.pdf	Burmese/Burma JBRS/1972/551019.pdf					low	article_pages_only	google_vision	551019-34dba7e5ac25	metadata_sidecar+page_text+article_text+google_vision_json	data_local/ocr/jbrs/manifest/551019-34dba7e5ac25.json	ready_for_ocr	needs runtime path cache from build_jbrs_local_manifest.py --root	Matched corpus references elevate OCR priority; the committed plan stores path stubs only.
jbrs-ocr-551047-4319c4d8dfb4	551047-4319c4d8dfb4	551047.pdf	Burmese/Burma JBRS/1972/551047.pdf					low	article_pages_only	google_vision	551047-4319c4d8dfb4	metadata_sidecar+page_text+article_text+google_vision_json	data_local/ocr/jbrs/manifest/551047-4319c4d8dfb4.json	ready_for_ocr	needs runtime path cache from build_jbrs_local_manifest.py --root	Matched corpus references elevate OCR priority; the committed plan stores path stubs only.
jbrs-ocr-551101-1a7b211be44e	551101-1a7b211be44e	551101.pdf	Burmese/Burma JBRS/JBRS Originals/551101.pdf					low	article_pages_only	google_vision	551101-1a7b211be44e	metadata_sidecar+page_text+article_text+google_vision_json	data_local/ocr/jbrs/manifest/551101-1a7b211be44e.json	ready_for_ocr	needs runtime path cache from build_jbrs_local_manifest.py --root	Matched corpus references elevate OCR priority; the committed plan stores path stubs only.
jbrs-ocr-561001-20676fae98a7	561001-20676fae98a7	561001.pdf	Burmese/Burma JBRS/1973/561001.pdf					low	article_pages_only	google_vision	561001-20676fae98a7	metadata_sidecar+page_text+article_text+google_vision_json	data_local/ocr/jbrs/manifest/561001-20676fae98a7.json	ready_for_ocr	needs runtime path cache from build_jbrs_local_manifest.py --root	Matched corpus references elevate OCR priority; the committed plan stores path stubs only.
jbrs-ocr-561031-abba8fd405a5	561031-abba8fd405a5	561031.pdf	Burmese/Burma JBRS/JBRS Originals/561031.pdf					low	article_pages_only	google_vision	561031-abba8fd405a5	metadata_sidecar+page_text+article_text+google_vision_json	data_local/ocr/jbrs/manifest/561031-abba8fd405a5.json	ready_for_ocr	needs runtime path cache from build_jbrs_local_manifest.py --root	Matched corpus references elevate OCR priority; the committed plan stores path stubs only.
jbrs-ocr-561047-a08dfe2df947	561047-a08dfe2df947	561047.pdf	Burmese/Burma JBRS/1973/561047.pdf					low	article_pages_only	google_vision	561047-a08dfe2df947	metadata_sidecar+page_text+article_text+google_vision_json	data_local/ocr/jbrs/manifest/561047-a08dfe2df947.json	ready_for_ocr	needs runtime path cache from build_jbrs_local_manifest.py --root	Matched corpus references elevate OCR priority; the committed plan stores path stubs only.
jbrs-ocr-561059-6e510ea34a40	561059-6e510ea34a40	561059.pdf	Burmese/Burma JBRS/JBRS Originals/561059.pdf					low	article_pages_only	google_vision	561059-6e510ea34a40	metadata_sidecar+page_text+article_text+google_vision_json	data_local/ocr/jbrs/manifest/561059-6e510ea34a40.json	ready_for_ocr	needs runtime path cache from build_jbrs_local_manifest.py --root	Matched corpus references elevate OCR priority; the committed plan stores path stubs only.
jbrs-ocr-561061-932ad0baa12f	561061-932ad0baa12f	561061.pdf	Burmese/Burma JBRS/1973/561061.pdf					low	article_pages_only	google_vision	561061-932ad0baa12f	metadata_sidecar+page_text+article_text+google_vision_json	data_local/ocr/jbrs/manifest/561061-932ad0baa12f.json	ready_for_ocr	needs runtime path cache from build_jbrs_local_manifest.py --root	Matched corpus references elevate OCR priority; the committed plan stores path stubs only.
jbrs-ocr-561069-dedf4ac8d983	561069-dedf4ac8d983	561069.pdf	Burmese/Burma JBRS/1973/561069.pdf					low	article_pages_only	google_vision	561069-dedf4ac8d983	metadata_sidecar+page_text+article_text+google_vision_json	data_local/ocr/jbrs/manifest/561069-dedf4ac8d983.json	ready_for_ocr	needs runtime path cache from build_jbrs_local_manifest.py --root	Matched corpus references elevate OCR priority; the committed plan stores path stubs only.
jbrs-ocr-561098-a075d9393958	561098-a075d9393958	561098.pdf	Burmese/Burma JBRS/1973/561098.pdf					low	article_pages_only	google_vision	561098-a075d9393958	metadata_sidecar+page_text+article_text+google_vision_json	data_local/ocr/jbrs/manifest/561098-a075d9393958.json	ready_for_ocr	needs runtime path cache from build_jbrs_local_manifest.py --root	Matched corpus references elevate OCR priority; the committed plan stores path stubs only.
jbrs-ocr-571001-da9c84549c18	571001-da9c84549c18	571001.pdf	Burmese/Burma JBRS/JBRS Originals/571001.pdf					low	article_pages_only	google_vision	571001-da9c84549c18	metadata_sidecar+page_text+article_text+google_vision_json	data_local/ocr/jbrs/manifest/571001-da9c84549c18.json	ready_for_ocr	needs runtime path cache from build_jbrs_local_manifest.py --root	Matched corpus references elevate OCR priority; the committed plan stores path stubs only.
jbrs-ocr-581001-be5a2bce5392	581001-be5a2bce5392	581001.pdf	Burmese/Burma JBRS/JBRS Originals/581001.pdf					low	article_pages_only	google_vision	581001-be5a2bce5392	metadata_sidecar+page_text+article_text+google_vision_json	data_local/ocr/jbrs/manifest/581001-be5a2bce5392.json	ready_for_ocr	needs runtime path cache from build_jbrs_local_manifest.py --root	Matched corpus references elevate OCR priority; the committed plan stores path stubs only.
jbrs-ocr-581053-41496a2a01b9	581053-41496a2a01b9	581053_1975 ComparativeOldModernBurmese.pdf	Pe Maung Tin/581053_1975 ComparativeOldModernBurmese.pdf					high	article_pages_only	google_vision	581053-41496a2a01b9	metadata_sidecar+page_text+article_text+google_vision_json	data_local/ocr/jbrs/manifest/581053-41496a2a01b9.json	ready_for_ocr	needs runtime path cache from build_jbrs_local_manifest.py --root	Matched corpus references elevate OCR priority; the committed plan stores path stubs only.
jbrs-ocr-581079-7dd15c7303fe	581079-7dd15c7303fe	581079.pdf	Burmese/Burma JBRS/1975/581079.pdf					low	article_pages_only	google_vision	581079-7dd15c7303fe	metadata_sidecar+page_text+article_text+google_vision_json	data_local/ocr/jbrs/manifest/581079-7dd15c7303fe.json	ready_for_ocr	needs runtime path cache from build_jbrs_local_manifest.py --root	Matched corpus references elevate OCR priority; the committed plan stores path stubs only.
jbrs-ocr-581093-bbd8cadb5e11	581093-bbd8cadb5e11	581093.pdf	Burmese/Burma JBRS/JBRS Originals/581093.pdf					low	article_pages_only	google_vision	581093-bbd8cadb5e11	metadata_sidecar+page_text+article_text+google_vision_json	data_local/ocr/jbrs/manifest/581093-bbd8cadb5e11.json	ready_for_ocr	needs runtime path cache from build_jbrs_local_manifest.py --root	Matched corpus references elevate OCR priority; the committed plan stores path stubs only.
jbrs-ocr-582118-feabd8f61689	582118-feabd8f61689	582118.pdf	Burmese/Burma JBRS/1976/582118.pdf					low	article_pages_only	google_vision	582118-feabd8f61689	metadata_sidecar+page_text+article_text+google_vision_json	data_local/ocr/jbrs/manifest/582118-feabd8f61689.json	ready_for_ocr	needs runtime path cache from build_jbrs_local_manifest.py --root	Matched corpus references elevate OCR priority; the committed plan stores path stubs only.
jbrs-ocr-582119a-9e42a3188743	582119a-9e42a3188743	582119A.pdf	Burmese/Burma JBRS/JBRS Originals/582119A.pdf					low	article_pages_only	google_vision	582119a-9e42a3188743	metadata_sidecar+page_text+article_text+google_vision_json	data_local/ocr/jbrs/manifest/582119a-9e42a3188743.json	ready_for_ocr	needs runtime path cache from build_jbrs_local_manifest.py --root	Matched corpus references elevate OCR priority; the committed plan stores path stubs only.
jbrs-ocr-582119b-a8029eab19f6	582119b-a8029eab19f6	582119B.pdf	Burmese/Burma JBRS/JBRS Originals/582119B.pdf					low	article_pages_only	google_vision	582119b-a8029eab19f6	metadata_sidecar+page_text+article_text+google_vision_json	data_local/ocr/jbrs/manifest/582119b-a8029eab19f6.json	ready_for_ocr	needs runtime path cache from build_jbrs_local_manifest.py --root	Matched corpus references elevate OCR priority; the committed plan stores path stubs only.
jbrs-ocr-591001-2983541dd14c	591001-2983541dd14c	591001.pdf	Burmese/Burma JBRS/1977/591001.pdf					low	article_pages_only	google_vision	591001-2983541dd14c	metadata_sidecar+page_text+article_text+google_vision_json	data_local/ocr/jbrs/manifest/591001-2983541dd14c.json	ready_for_ocr	needs runtime path cache from build_jbrs_local_manifest.py --root	Matched corpus references elevate OCR priority; the committed plan stores path stubs only.
jbrs-ocr-591049-2e72a165080c	591049-2e72a165080c	591049.pdf	Burmese/Burma JBRS/1977/591049.pdf					low	article_pages_only	google_vision	591049-2e72a165080c	metadata_sidecar+page_text+article_text+google_vision_json	data_local/ocr/jbrs/manifest/591049-2e72a165080c.json	ready_for_ocr	needs runtime path cache from build_jbrs_local_manifest.py --root	Matched corpus references elevate OCR priority; the committed plan stores path stubs only.
jbrs-ocr-591097-50b0df275d48	591097-50b0df275d48	591097.pdf	Burmese/Burma JBRS/1977/591097.pdf					low	article_pages_only	google_vision	591097-50b0df275d48	metadata_sidecar+page_text+article_text+google_vision_json	data_local/ocr/jbrs/manifest/591097-50b0df275d48.json	ready_for_ocr	needs runtime path cache from build_jbrs_local_manifest.py --root	Matched corpus references elevate OCR priority; the committed plan stores path stubs only.
jbrs-ocr-591101-97bd9fc2605c	591101-97bd9fc2605c	591101.pdf	Burmese/Burma JBRS/1977/591101.pdf					low	article_pages_only	google_vision	591101-97bd9fc2605c	metadata_sidecar+page_text+article_text+google_vision_json	data_local/ocr/jbrs/manifest/591101-97bd9fc2605c.json	ready_for_ocr	needs runtime path cache from build_jbrs_local_manifest.py --root	Matched corpus references elevate OCR priority; the committed plan stores path stubs only.
jbrs-ocr-591121-22be2115b3bb	591121-22be2115b3bb	591121.pdf	Burmese/Burma JBRS/1977/591121.pdf					low	article_pages_only	google_vision	591121-22be2115b3bb	metadata_sidecar+page_text+article_text+google_vision_json	data_local/ocr/jbrs/manifest/591121-22be2115b3bb.json	ready_for_ocr	needs runtime path cache from build_jbrs_local_manifest.py --root	Matched corpus references elevate OCR priority; the committed plan stores path stubs only.
jbrs-ocr-591125-908f4cfa5504	591125-908f4cfa5504	591125.pdf	Burmese/Burma JBRS/1977/591125.pdf					low	article_pages_only	google_vision	591125-908f4cfa5504	metadata_sidecar+page_text+article_text+google_vision_json	data_local/ocr/jbrs/manifest/591125-908f4cfa5504.json	ready_for_ocr	needs runtime path cache from build_jbrs_local_manifest.py --root	Matched corpus references elevate OCR priority; the committed plan stores path stubs only.
jbrs-ocr-591137-ff80fd1fdaca	591137-ff80fd1fdaca	591137.pdf	Burmese/Burma JBRS/1977/591137.pdf					low	article_pages_only	google_vision	591137-ff80fd1fdaca	metadata_sidecar+page_text+article_text+google_vision_json	data_local/ocr/jbrs/manifest/591137-ff80fd1fdaca.json	ready_for_ocr	needs runtime path cache from build_jbrs_local_manifest.py --root	Matched corpus references elevate OCR priority; the committed plan stores path stubs only.
jbrs-ocr-591155-15cf4fdd97ba	591155-15cf4fdd97ba	591155.pdf	Burmese/Burma JBRS/1977/591155.pdf					low	article_pages_only	google_vision	591155-15cf4fdd97ba	metadata_sidecar+page_text+article_text+google_vision_json	data_local/ocr/jbrs/manifest/591155-15cf4fdd97ba.json	ready_for_ocr	needs runtime path cache from build_jbrs_local_manifest.py --root	Matched corpus references elevate OCR priority; the committed plan stores path stubs only.
jbrs-ocr-591155-55e4e110d08a	591155-55e4e110d08a	591155.pdf	Burmese/Burma JBRS/JBRS Originals/591155.pdf					low	article_pages_only	google_vision	591155-55e4e110d08a	metadata_sidecar+page_text+article_text+google_vision_json	data_local/ocr/jbrs/manifest/591155-55e4e110d08a.json	ready_for_ocr	needs runtime path cache from build_jbrs_local_manifest.py --root	Matched corpus references elevate OCR priority; the committed plan stores path stubs only.
jbrs-ocr-591165-2e8ef52605fa	591165-2e8ef52605fa	591165.pdf	Burmese/Burma JBRS/1977/591165.pdf					low	article_pages_only	google_vision	591165-2e8ef52605fa	metadata_sidecar+page_text+article_text+google_vision_json	data_local/ocr/jbrs/manifest/591165-2e8ef52605fa.json	ready_for_ocr	needs runtime path cache from build_jbrs_local_manifest.py --root	Matched corpus references elevate OCR priority; the committed plan stores path stubs only.
jbrs-ocr-591167-905f16d06500	591167-905f16d06500	591167.pdf	Burmese/Burma JBRS/1977/591167.pdf					low	article_pages_only	google_vision	591167-905f16d06500	metadata_sidecar+page_text+article_text+google_vision_json	data_local/ocr/jbrs/manifest/591167-905f16d06500.json	ready_for_ocr	needs runtime path cache from build_jbrs_local_manifest.py --root	Matched corpus references elevate OCR priority; the committed plan stores path stubs only.
jbrs-ocr-a1-editorial-luce1924-099d53582376	a1_editorial_luce1924-099d53582376	A1-Editorial-Luce1924.pdf	Burmese/Burma JBRS/1924/A1-Editorial-Luce1924.pdf				4	high	article_pages_only	google_vision	a1-editorial-luce1924-099d53582376	metadata_sidecar+page_text+article_text+google_vision_json	data_local/ocr/jbrs/manifest/a1-editorial-luce1924-099d53582376.json	completed		Matched corpus references elevate OCR priority; the committed plan stores path stubs only.
jbrs-ocr-a5-countriesneighbouringburma2-luce-ref-c1353abdc155	a5_countriesneighbouringburma2_luce_ref_-c1353abdc155	A5-CountriesNeighbouringBurma2-Luce-ref-Pelliot1924.pdf	Burmese/Burma JBRS/1924/A5-CountriesNeighbouringBurma2-Luce-ref-Pelliot1924.pdf				20	high	article_pages_only	google_vision	a5-countriesneighbouringburma2-luce-ref-c1353abdc155	metadata_sidecar+page_text+article_text+google_vision_json	data_local/ocr/jbrs/manifest/a5-countriesneighbouringburma2-luce-ref-c1353abdc155.json	completed		Matched corpus references elevate OCR priority; the committed plan stores path stubs only.
jbrs-ocr-ancientpyu-luce1937-c7fe9ee6157d	ancientpyu_luce1937-c7fe9ee6157d	AncientPyu-Luce1937.pdf	Burmese/Burma JBRS/1937/AncientPyu-Luce1937.pdf					low	article_pages_only	google_vision	ancientpyu-luce1937-c7fe9ee6157d	metadata_sidecar+page_text+article_text+google_vision_json	data_local/ocr/jbrs/manifest/ancientpyu-luce1937-c7fe9ee6157d.json	ready_for_ocr	needs runtime path cache from build_jbrs_local_manifest.py --root	Matched corpus references elevate OCR priority; the committed plan stores path stubs only.
jbrs-ocr-arakansplacecivilisationbay-collis1925-bb9dcdeb2834	arakansplacecivilisationbay_collis1925-bb9dcdeb2834	ArakansPlaceCivilisationBay-Collis1925.pdf	Burmese/Burma JBRS/1925/ArakansPlaceCivilisationBay-Collis1925.pdf					low	article_pages_only	google_vision	arakansplacecivilisationbay-collis1925-bb9dcdeb2834	metadata_sidecar+page_text+article_text+google_vision_json	data_local/ocr/jbrs/manifest/arakansplacecivilisationbay-collis1925-bb9dcdeb2834.json	ready_for_ocr	needs runtime path cache from build_jbrs_local_manifest.py --root	Matched corpus references elevate OCR priority; the committed plan stores path stubs only.
jbrs-ocr-aspectsburmeseculture-lupewin1958-41-9f5d97f08316	aspectsburmeseculture_lupewin1958_41-9f5d97f08316	AspectsBurmeseCulture_LuPeWin1958-41.pdf	Burmese/Burma JBRS/1958/AspectsBurmeseCulture_LuPeWin1958-41.pdf					low	article_pages_only	google_vision	aspectsburmeseculture-lupewin1958-41-9f5d97f08316	metadata_sidecar+page_text+article_text+google_vision_json	data_local/ocr/jbrs/manifest/aspectsburmeseculture-lupewin1958-41-9f5d97f08316.json	ready_for_ocr	needs runtime path cache from build_jbrs_local_manifest.py --root	Matched corpus references elevate OCR priority; the committed plan stores path stubs only.
jbrs-ocr-burmarecordfs-ali1930-f993e6eeaef0	burmarecordfs_ali1930-f993e6eeaef0	BurmaRecordfs_Ali1930.pdf	Burmese/Burma JBRS/1930/BurmaRecordfs_Ali1930.pdf					low	article_pages_only	google_vision	burmarecordfs-ali1930-f993e6eeaef0	metadata_sidecar+page_text+article_text+google_vision_json	data_local/ocr/jbrs/manifest/burmarecordfs-ali1930-f993e6eeaef0.json	ready_for_ocr	needs runtime path cache from build_jbrs_local_manifest.py --root	Matched corpus references elevate OCR priority; the committed plan stores path stubs only.
jbrs-ocr-burmatofallofpagan-luce1939-b89e7b3d7dc1	burmatofallofpagan_luce1939-b89e7b3d7dc1	BurmaToFallOfPagan-Luce1939.pdf	Burmese/Burma JBRS/1939/BurmaToFallOfPagan-Luce1939.pdf				10	low	article_pages_only	google_vision	burmatofallofpagan-luce1939-b89e7b3d7dc1	metadata_sidecar+page_text+article_text+google_vision_json	data_local/ocr/jbrs/manifest/burmatofallofpagan-luce1939-b89e7b3d7dc1.json	completed		Matched corpus references elevate OCR priority; the committed plan stores path stubs only.
jbrs-ocr-022245-d96384af909d	022245-d96384af909d	CD-ASI-1909.pdf	Burmese/Burma JBRS/1912/CD-ASI-1909.pdf					low	article_pages_only	google_vision	022245-d96384af909d	metadata_sidecar+page_text+article_text+google_vision_json	data_local/ocr/jbrs/manifest/022245-d96384af909d.json	ready_for_ocr	needs runtime path cache from build_jbrs_local_manifest.py --root	Matched corpus references elevate OCR priority; the committed plan stores path stubs only.
jbrs-ocr-021123-bc781df6a868	021123-bc781df6a868	CD-JRI.pdf	Burmese/Burma JBRS/1912/CD-JRI.pdf					low	article_pages_only	google_vision	021123-bc781df6a868	metadata_sidecar+page_text+article_text+google_vision_json	data_local/ocr/jbrs/manifest/021123-bc781df6a868.json	ready_for_ocr	needs runtime path cache from build_jbrs_local_manifest.py --root	Matched corpus references elevate OCR priority; the committed plan stores path stubs only.
jbrs-ocr-022256-6028da47d653	022256-6028da47d653	CD-OldBallads.pdf	Burmese/Burma JBRS/1912/CD-OldBallads.pdf					low	article_pages_only	google_vision	022256-6028da47d653	metadata_sidecar+page_text+article_text+google_vision_json	data_local/ocr/jbrs/manifest/022256-6028da47d653.json	ready_for_ocr	needs runtime path cache from build_jbrs_local_manifest.py --root	Matched corpus references elevate OCR priority; the committed plan stores path stubs only.
jbrs-ocr-centuryofprogress-luce1948-f1e3355883ba	centuryofprogress_luce1948-f1e3355883ba	CenturyOfProgress_Luce1948.pdf	Burmese/Burma JBRS/1948/CenturyOfProgress_Luce1948.pdf				16	low	article_pages_only	google_vision	centuryofprogress-luce1948-f1e3355883ba	metadata_sidecar+page_text+article_text+google_vision_json	data_local/ocr/jbrs/manifest/centuryofprogress-luce1948-f1e3355883ba.json	completed		Matched corpus references elevate OCR priority; the committed plan stores path stubs only.
jbrs-ocr-282223-a944a3436cab	282223-a944a3436cab	Dalet-Hall1938.pdf	Burmese/Burma JBRS/1938/Dalet-Hall1938.pdf					low	article_pages_only	google_vision	282223-a944a3436cab	metadata_sidecar+page_text+article_text+google_vision_json	data_local/ocr/jbrs/manifest/282223-a944a3436cab.json	ready_for_ocr	needs runtime path cache from build_jbrs_local_manifest.py --root	Matched corpus references elevate OCR priority; the committed plan stores path stubs only.
jbrs-ocr-193075-610d1158c03e	193075-610d1158c03e	Dictionary_1931.pdf	Burmese/Burma JBRS/1929/Dictionary_1931.pdf					low	article_pages_only	google_vision	193075-610d1158c03e	metadata_sidecar+page_text+article_text+google_vision_json	data_local/ocr/jbrs/manifest/193075-610d1158c03e.json	ready_for_ocr	needs runtime path cache from build_jbrs_local_manifest.py --root	Matched corpus references elevate OCR priority; the committed plan stores path stubs only.
jbrs-ocr-diplomaticmission-christian-442f8f625c66	diplomaticmission_christian-442f8f625c66	DiplomaticMission_Christian.pdf	Burmese/Burma JBRS/1939/DiplomaticMission_Christian.pdf					low	article_pages_only	google_vision	diplomaticmission-christian-442f8f625c66	metadata_sidecar+page_text+article_text+google_vision_json	data_local/ocr/jbrs/manifest/diplomaticmission-christian-442f8f625c66.json	ready_for_ocr	needs runtime path cache from build_jbrs_local_manifest.py --root	Matched corpus references elevate OCR priority; the committed plan stores path stubs only.
jbrs-ocr-economiclife-luce1940-44b203401c13	economiclife_luce1940-44b203401c13	EconomicLife-Luce1940.pdf	Burmese/Burma JBRS/1940/EconomicLife-Luce1940.pdf					low	article_pages_only	google_vision	economiclife-luce1940-44b203401c13	metadata_sidecar+page_text+article_text+google_vision_json	data_local/ocr/jbrs/manifest/economiclife-luce1940-44b203401c13.json	ready_for_ocr	needs runtime path cache from build_jbrs_local_manifest.py --root	Matched corpus references elevate OCR priority; the committed plan stores path stubs only.
jbrs-ocr-ethnographiclinguisticsurvey-taylor1956-b1fad00a1f88	ethnographiclinguisticsurvey_taylor1956-b1fad00a1f88	EthnographicLinguisticSurvey-Taylor1956.pdf	Burmese/Burma JBRS/1956/EthnographicLinguisticSurvey-Taylor1956.pdf					low	article_pages_only	google_vision	ethnographiclinguisticsurvey-taylor1956-b1fad00a1f88	metadata_sidecar+page_text+article_text+google_vision_json	data_local/ocr/jbrs/manifest/ethnographiclinguisticsurvey-taylor1956-b1fad00a1f88.json	ready_for_ocr	needs runtime path cache from build_jbrs_local_manifest.py --root	Matched corpus references elevate OCR priority; the committed plan stores path stubs only.
jbrs-ocr-excavationhalin-myintaung1970-f15be817b96f	excavationhalin_myintaung1970-f15be817b96f	ExcavationHalin-MyintAung1970.pdf	Burmese/Burma JBRS/1970/ExcavationHalin-MyintAung1970.pdf					low	article_pages_only	google_vision	excavationhalin-myintaung1970-f15be817b96f	metadata_sidecar+page_text+article_text+google_vision_json	data_local/ocr/jbrs/manifest/excavationhalin-myintaung1970-f15be817b96f.json	ready_for_ocr	needs runtime path cache from build_jbrs_local_manifest.py --root	Matched corpus references elevate OCR priority; the committed plan stores path stubs only.
jbrs-ocr-geographyburmaunderpagan-luce1959-dd5b8c70a170	geographyburmaunderpagan_luce1959-dd5b8c70a170	GeographyBurmaUnderPagan-Luce1959.pdf	Burmese/Burma JBRS/1959/GeographyBurmaUnderPagan-Luce1959.pdf					low	article_pages_only	google_vision	geographyburmaunderpagan-luce1959-dd5b8c70a170	metadata_sidecar+page_text+article_text+google_vision_json	data_local/ocr/jbrs/manifest/geographyburmaunderpagan-luce1959-dd5b8c70a170.json	ready_for_ocr	needs runtime path cache from build_jbrs_local_manifest.py --root	Matched corpus references elevate OCR priority; the committed plan stores path stubs only.
jbrs-ocr-lawscustonsvietnam-ba-5708319c10d2	lawscustonsvietnam_ba-5708319c10d2	LawsCustonsVietnam_Ba.pdf	Burmese/Burma JBRS/1966/LawsCustonsVietnam_Ba.pdf					low	article_pages_only	google_vision	lawscustonsvietnam-ba-5708319c10d2	metadata_sidecar+page_text+article_text+google_vision_json	data_local/ocr/jbrs/manifest/lawscustonsvietnam-ba-5708319c10d2.json	ready_for_ocr	needs runtime path cache from build_jbrs_local_manifest.py --root	Matched corpus references elevate OCR priority; the committed plan stores path stubs only.
jbrs-ocr-light-on-arakanese-history-stuart1923-b6232e055864	light_on_arakanese_history_stuart1923-b6232e055864	Light-on-Arakanese-History-Stuart1923.pdf	Burmese/Burma JBRS/1923/Light-on-Arakanese-History-Stuart1923.pdf					low	article_pages_only	google_vision	light-on-arakanese-history-stuart1923-b6232e055864	metadata_sidecar+page_text+article_text+google_vision_json	data_local/ocr/jbrs/manifest/light-on-arakanese-history-stuart1923-b6232e055864.json	ready_for_ocr	needs runtime path cache from build_jbrs_local_manifest.py --root	Matched corpus references elevate OCR priority; the committed plan stores path stubs only.
jbrs-ocr-293264-36fe582c909b	293264-36fe582c909b	Luce&PeMaungTin_BurmaDownToFallOfPagan_1939.pdf	Luce/Luce&PeMaungTin_BurmaDownToFallOfPagan_1939.pdf				10	low	article_pages_only	google_vision	293264-36fe582c909b	metadata_sidecar+page_text+article_text+google_vision_json	data_local/ocr/jbrs/manifest/293264-36fe582c909b.json	completed		Matched corpus references elevate OCR priority; the committed plan stores path stubs only.
jbrs-ocr-minbu-ba-shin1936-4839b22ac3ed	minbu_ba_shin1936-4839b22ac3ed	Minbu_Ba-Shin1936.pdf	Burmese/Burma JBRS/1936/Minbu_Ba-Shin1936.pdf					low	article_pages_only	google_vision	minbu-ba-shin1936-4839b22ac3ed	metadata_sidecar+page_text+article_text+google_vision_json	data_local/ocr/jbrs/manifest/minbu-ba-shin1936-4839b22ac3ed.json	ready_for_ocr	needs runtime path cache from build_jbrs_local_manifest.py --root	Matched corpus references elevate OCR priority; the committed plan stores path stubs only.
jbrs-ocr-312058-f37a832c648d	312058-f37a832c648d	Mru-Shafer1941.pdf	Burmese/Burma JBRS/1941/Mru-Shafer1941.pdf					low	article_pages_only	google_vision	312058-f37a832c648d	metadata_sidecar+page_text+article_text+google_vision_json	data_local/ocr/jbrs/manifest/312058-f37a832c648d.json	ready_for_ocr	needs runtime path cache from build_jbrs_local_manifest.py --root	Matched corpus references elevate OCR priority; the committed plan stores path stubs only.
jbrs-ocr-originkachins-hanson1912-01914909f6c3	originkachins_hanson1912-01914909f6c3	OriginKachins-Hanson1912.pdf	Burmese/Burma JBRS/1912/OriginKachins-Hanson1912.pdf					low	article_pages_only	google_vision	originkachins-hanson1912-01914909f6c3	metadata_sidecar+page_text+article_text+google_vision_json	data_local/ocr/jbrs/manifest/originkachins-hanson1912-01914909f6c3.json	ready_for_ocr	needs runtime path cache from build_jbrs_local_manifest.py --root	Matched corpus references elevate OCR priority; the committed plan stores path stubs only.
jbrs-ocr-paganrestoration-thantun1976-a533abc3acb8	paganrestoration_thantun1976-a533abc3acb8	PaganRestoration-ThanTun1976.pdf	Burmese/Burma JBRS/1976/PaganRestoration-ThanTun1976.pdf					high	article_pages_only	google_vision	paganrestoration-thantun1976-a533abc3acb8	metadata_sidecar+page_text+article_text+google_vision_json	data_local/ocr/jbrs/manifest/paganrestoration-thantun1976-a533abc3acb8.json	ready_for_ocr	needs runtime path cache from build_jbrs_local_manifest.py --root	Matched corpus references elevate OCR priority; the committed plan stores path stubs only.
jbrs-ocr-122127-a3693f749e14	122127-a3693f749e14	PeMaungTin 1922 PhoneticsInAPassport_1922.pdf	Pe Maung Tin/PeMaungTin 1922 PhoneticsInAPassport_1922.pdf					low	article_pages_only	google_vision	122127-a3693f749e14	metadata_sidecar+page_text+article_text+google_vision_json	data_local/ocr/jbrs/manifest/122127-a3693f749e14.json	ready_for_ocr	needs runtime path cache from build_jbrs_local_manifest.py --root	Matched corpus references elevate OCR priority; the committed plan stores path stubs only.
jbrs-ocr-132143-5087396f8c63	132143-5087396f8c63	PeMaungTin 1923 EpigraphicaBurmanica(ReviewOfBlagden&Duroiselle).pdf	Pe Maung Tin/PeMaungTin 1923 EpigraphicaBurmanica(ReviewOfBlagden&Duroiselle).pdf					high	article_pages_only	google_vision	132143-5087396f8c63	metadata_sidecar+page_text+article_text+google_vision_json	data_local/ocr/jbrs/manifest/132143-5087396f8c63.json	ready_for_ocr	needs runtime path cache from build_jbrs_local_manifest.py --root	Matched corpus references elevate OCR priority; the committed plan stores path stubs only.
jbrs-ocr-193078-6feeee7af9fa	193078-6feeee7af9fa	PeMaungTin 1929 PhilologicalFeaturesOfBurmeseInscriptions_1929.pdf	Pe Maung Tin/PeMaungTin 1929 PhilologicalFeaturesOfBurmeseInscriptions_1929.pdf					low	article_pages_only	google_vision	193078-6feeee7af9fa	metadata_sidecar+page_text+article_text+google_vision_json	data_local/ocr/jbrs/manifest/193078-6feeee7af9fa.json	ready_for_ocr	needs runtime path cache from build_jbrs_local_manifest.py --root	Matched corpus references elevate OCR priority; the committed plan stores path stubs only.
jbrs-ocr-201020-29b619f739e5	201020-29b619f739e5	PeMaungTin 1930 OldWordsInBurmeseInscriptions.pdf	Pe Maung Tin/PeMaungTin 1930 OldWordsInBurmeseInscriptions.pdf					low	article_pages_only	google_vision	201020-29b619f739e5	metadata_sidecar+page_text+article_text+google_vision_json	data_local/ocr/jbrs/manifest/201020-29b619f739e5.json	ready_for_ocr	needs runtime path cache from build_jbrs_local_manifest.py --root	Matched corpus references elevate OCR priority; the committed plan stores path stubs only.
jbrs-ocr-231031-2521301dbc68	231031-2521301dbc68	PeMaungTin 1933 DialectOfTavoy.pdf	Pe Maung Tin/PeMaungTin 1933 DialectOfTavoy.pdf					low	article_pages_only	google_vision	231031-2521301dbc68	metadata_sidecar+page_text+article_text+google_vision_json	data_local/ocr/jbrs/manifest/231031-2521301dbc68.json	ready_for_ocr	needs runtime path cache from build_jbrs_local_manifest.py --root	Matched corpus references elevate OCR priority; the committed plan stores path stubs only.
jbrs-ocr-253149-88495e2fcca1	253149-88495e2fcca1	PeMaungTin 1935 WomenInTheInscriptionsOfPagan.pdf	Pe Maung Tin/PeMaungTin 1935 WomenInTheInscriptionsOfPagan.pdf					low	article_pages_only	google_vision	253149-88495e2fcca1	metadata_sidecar+page_text+article_text+google_vision_json	data_local/ocr/jbrs/manifest/253149-88495e2fcca1.json	ready_for_ocr	needs runtime path cache from build_jbrs_local_manifest.py --root	Matched corpus references elevate OCR priority; the committed plan stores path stubs only.
jbrs-ocr-261052-0eaebe68d937	261052-0eaebe68d937	PeMaungTin 1936 BuddhismInTheInscriptionsOfPagan.pdf	Pe Maung Tin/PeMaungTin 1936 BuddhismInTheInscriptionsOfPagan.pdf					low	article_pages_only	google_vision	261052-0eaebe68d937	metadata_sidecar+page_text+article_text+google_vision_json	data_local/ocr/jbrs/manifest/261052-0eaebe68d937.json	ready_for_ocr	needs runtime path cache from build_jbrs_local_manifest.py --root	Matched corpus references elevate OCR priority; the committed plan stores path stubs only.
jbrs-ocr-341044-a5bd7c42d064	341044-a5bd7c42d064	PeMaungTin 1951 DuroiselleObituary_1951.pdf	Pe Maung Tin/PeMaungTin 1951 DuroiselleObituary_1951.pdf					low	article_pages_only	google_vision	341044-a5bd7c42d064	metadata_sidecar+page_text+article_text+google_vision_json	data_local/ocr/jbrs/manifest/341044-a5bd7c42d064.json	ready_for_ocr	needs runtime path cache from build_jbrs_local_manifest.py --root	Matched corpus references elevate OCR priority; the committed plan stores path stubs only.
jbrs-ocr-162099-09fa859801f5	162099-09fa859801f5	Pegu-Hall1926.pdf	Burmese/Burma JBRS/1926/Pegu-Hall1926.pdf					low	article_pages_only	google_vision	162099-09fa859801f5	metadata_sidecar+page_text+article_text+google_vision_json	data_local/ocr/jbrs/manifest/162099-09fa859801f5.json	ready_for_ocr	needs runtime path cache from build_jbrs_local_manifest.py --root	Matched corpus references elevate OCR priority; the committed plan stores path stubs only.
jbrs-ocr-pegu2-macgregor1926-625dc5cf6a01	pegu2_macgregor1926-625dc5cf6a01	Pegu2-Macgregor1926.pdf	Burmese/Burma JBRS/1926/Pegu2-Macgregor1926.pdf					low	article_pages_only	google_vision	pegu2-macgregor1926-625dc5cf6a01	metadata_sidecar+page_text+article_text+google_vision_json	data_local/ocr/jbrs/manifest/pegu2-macgregor1926-625dc5cf6a01.json	ready_for_ocr	needs runtime path cache from build_jbrs_local_manifest.py --root	Matched corpus references elevate OCR priority; the committed plan stores path stubs only.
jbrs-ocr-piquantsplendours-bahan1967-4f2fcdb639cc	piquantsplendours_bahan1967-4f2fcdb639cc	PiquantSplendours_BaHan1967.pdf	Burmese/Burma JBRS/1967/PiquantSplendours_BaHan1967.pdf					low	article_pages_only	google_vision	piquantsplendours-bahan1967-4f2fcdb639cc	metadata_sidecar+page_text+article_text+google_vision_json	data_local/ocr/jbrs/manifest/piquantsplendours-bahan1967-4f2fcdb639cc.json	ready_for_ocr	needs runtime path cache from build_jbrs_local_manifest.py --root	Matched corpus references elevate OCR priority; the committed plan stores path stubs only.
jbrs-ocr-populationwaves-bemardelli1941-95db8a26c61b	populationwaves_bemardelli1941-95db8a26c61b	PopulationWaves-Bemardelli1941.pdf	Burmese/Burma JBRS/1941/PopulationWaves-Bemardelli1941.pdf					low	article_pages_only	google_vision	populationwaves-bemardelli1941-95db8a26c61b	metadata_sidecar+page_text+article_text+google_vision_json	data_local/ocr/jbrs/manifest/populationwaves-bemardelli1941-95db8a26c61b.json	ready_for_ocr	needs runtime path cache from build_jbrs_local_manifest.py --root	Matched corpus references elevate OCR priority; the committed plan stores path stubs only.
jbrs-ocr-pyuinscriptions-blagden1917-61a4832bfac2	pyuinscriptions_blagden1917-61a4832bfac2	PyuInscriptions-Blagden1917.pdf	Burmese/Burma JBRS/1917/PyuInscriptions-Blagden1917.pdf					low	article_pages_only	google_vision	pyuinscriptions-blagden1917-61a4832bfac2	metadata_sidecar+page_text+article_text+google_vision_json	data_local/ocr/jbrs/manifest/pyuinscriptions-blagden1917-61a4832bfac2.json	ready_for_ocr	needs runtime path cache from build_jbrs_local_manifest.py --root	Matched corpus references elevate OCR priority; the committed plan stores path stubs only.
jbrs-ocr-stoneinscriptionssale-swere1965-1c981765c5c3	stoneinscriptionssale_swere1965-1c981765c5c3	StoneInscriptionsSale-Swere1965.pdf	Burmese/Burma JBRS/1965/StoneInscriptionsSale-Swere1965.pdf					low	article_pages_only	google_vision	stoneinscriptionssale-swere1965-1c981765c5c3	metadata_sidecar+page_text+article_text+google_vision_json	data_local/ocr/jbrs/manifest/stoneinscriptionssale-swere1965-1c981765c5c3.json	ready_for_ocr	needs runtime path cache from build_jbrs_local_manifest.py --root	Matched corpus references elevate OCR priority; the committed plan stores path stubs only.
jbrs-ocr-taungthas-thantin1928-8a181c04fc05	taungthas_thantin1928-8a181c04fc05	Taungthas-ThanTin1928.pdf	Burmese/Burma JBRS/1928/Taungthas-ThanTin1928.pdf					low	article_pages_only	google_vision	taungthas-thantin1928-8a181c04fc05	metadata_sidecar+page_text+article_text+google_vision_json	data_local/ocr/jbrs/manifest/taungthas-thantin1928-8a181c04fc05.json	ready_for_ocr	needs runtime path cache from build_jbrs_local_manifest.py --root	Matched corpus references elevate OCR priority; the committed plan stores path stubs only.
jbrs-ocr-432097-cd71b0e9e12b	432097-cd71b0e9e12b	Thrones-YiYi1960.pdf	Burmese/Burma JBRS/1960/Thrones-YiYi1960.pdf					low	article_pages_only	google_vision	432097-cd71b0e9e12b	metadata_sidecar+page_text+article_text+google_vision_json	data_local/ocr/jbrs/manifest/432097-cd71b0e9e12b.json	ready_for_ocr	needs runtime path cache from build_jbrs_local_manifest.py --root	Matched corpus references elevate OCR priority; the committed plan stores path stubs only.
jbrs-ocr-done-to-fb27771e1c3a	done_to-fb27771e1c3a	done_to.txt	Thematic/Burmese/Burma JBRS/done_to.txt					low	article_pages_only	google_vision	done-to-fb27771e1c3a	metadata_sidecar+page_text+article_text+google_vision_json	data_local/ocr/jbrs/manifest/done-to-fb27771e1c3a.json	ready_for_ocr	needs runtime path cache from build_jbrs_local_manifest.py --root	Matched corpus references elevate OCR priority; the committed plan stores path stubs only.
jbrs-ocr-luce-1924-countries-neighbouring-burma-j-056f581dfe61	luce_1924_countries_neighbouring_burma_j-056f581dfe61	Luce 1924 Countries Neighbouring Burma (JBRS).pdf	local/bibliography_sources/luce_1924_countries_neighbouring_burma_j-056f581dfe61/Luce 1924 Countries Neighbouring Burma (JBRS).pdf			1924	20	high	article_pages_only	tesseract_fallback	luce-1924-countries-neighbouring-burma-j-056f581dfe61	metadata_sidecar+page_text+article_text+google_vision_json	data_local/ocr/jbrs/manifest/luce-1924-countries-neighbouring-burma-j-056f581dfe61.json	completed		Matched corpus references elevate OCR priority; the committed plan stores path stubs only.
jbrs-ocr-may-oung-1929-prome-and-the-pyus-jbrs-2-b82612456f38	may_oung_1929_prome_and_the_pyus_jbrs_2_-b82612456f38	021072.pdf	Burmese/Burma JBRS/JBRS Originals/021072.pdf			1929		low	article_pages_only	google_vision	may-oung-1929-prome-and-the-pyus-jbrs-2-b82612456f38	metadata_sidecar+page_text+article_text+google_vision_json	data_local/ocr/jbrs/manifest/may-oung-1929-prome-and-the-pyus-jbrs-2-b82612456f38.json	ready_for_ocr	needs runtime path cache from build_jbrs_local_manifest.py --root	Matched corpus references elevate OCR priority; the committed plan stores path stubs only.
jbrs-ocr-luce-1932-names-of-pyu-95a665d52663	luce_1932_names_of_pyu-95a665d52663	Luce 1932 Names of Pyu.pdf	Luce/Luce 1932 Names of Pyu.pdf			1932	1	high	article_pages_only	google_vision	luce-1932-names-of-pyu-95a665d52663	metadata_sidecar+page_text+article_text+google_vision_json	data_local/ocr/jbrs/manifest/luce-1932-names-of-pyu-95a665d52663.json	completed		Matched corpus references elevate OCR priority; the committed plan stores path stubs only.
jbrs-ocr-luce-1937-ancient-pyu-6a948eb3f6cc	luce_1937_ancient_pyu-6a948eb3f6cc	Luce 1937 Ancient Pyu.pdf	Luce/Luce 1937 Ancient Pyu.pdf			1937	15	high	article_pages_only	google_vision	luce-1937-ancient-pyu-6a948eb3f6cc	metadata_sidecar+page_text+article_text+google_vision_json	data_local/ocr/jbrs/manifest/luce-1937-ancient-pyu-6a948eb3f6cc.json	completed		Matched corpus references elevate OCR priority; the committed plan stores path stubs only.
jbrs-ocr-dutchtrade-hall-1939-eb8259b9ae05	dutchtrade_hall_1939-eb8259b9ae05	DutchTrade-Hall-1939.pdf	Burmese/Burma JBRS/1939/DutchTrade-Hall-1939.pdf			1939		low	article_pages_only	google_vision	dutchtrade-hall-1939-eb8259b9ae05	metadata_sidecar+page_text+article_text+google_vision_json	data_local/ocr/jbrs/manifest/dutchtrade-hall-1939-eb8259b9ae05.json	ready_for_ocr	needs runtime path cache from build_jbrs_local_manifest.py --root	Matched corpus references elevate OCR priority; the committed plan stores path stubs only.
jbrs-ocr-luce-1959-oldkyaukseandthecomingofthebur-3515dbea8f5e	luce_1959_oldkyaukseandthecomingofthebur-3515dbea8f5e	Luce-1959-OldKyaukseAndTheComingOfTheBurmans.pdf	Burmese/Burma JBRS/1959/Luce-1959-OldKyaukseAndTheComingOfTheBurmans.pdf			1959		low	article_pages_only	google_vision	luce-1959-oldkyaukseandthecomingofthebur-3515dbea8f5e	metadata_sidecar+page_text+article_text+google_vision_json	data_local/ocr/jbrs/manifest/luce-1959-oldkyaukseandthecomingofthebur-3515dbea8f5e.json	ready_for_ocr	needs runtime path cache from build_jbrs_local_manifest.py --root	Matched corpus references elevate OCR priority; the committed plan stores path stubs only.
jbrs-ocr-yiyi-1962-judicial-system-of-king-mindon-050205a369f2	yiyi_1962_judicial_system_of_king_mindon-050205a369f2	YiYi-1962-judicial-system-of-king-mindon.pdf	Burmese/Burma JBRS/1962/YiYi-1962-judicial-system-of-king-mindon.pdf			1962		low	article_pages_only	google_vision	yiyi-1962-judicial-system-of-king-mindon-050205a369f2	metadata_sidecar+page_text+article_text+google_vision_json	data_local/ocr/jbrs/manifest/yiyi-1962-judicial-system-of-king-mindon-050205a369f2.json	ready_for_ocr	needs runtime path cache from build_jbrs_local_manifest.py --root	Matched corpus references elevate OCR priority; the committed plan stores path stubs only.
jbrs-ocr-nissaya-okell-1967-466204552757	nissaya_okell_1967-466204552757	Nissaya-Okell-1967.pdf	Burmese/Burma JBRS/1967/Nissaya-Okell-1967.pdf			1967		low	article_pages_only	google_vision	nissaya-okell-1967-466204552757	metadata_sidecar+page_text+article_text+google_vision_json	data_local/ocr/jbrs/manifest/nissaya-okell-1967-466204552757.json	ready_for_ocr	needs runtime path cache from build_jbrs_local_manifest.py --root	Matched corpus references elevate OCR priority; the committed plan stores path stubs only.
jbrs-ocr-naipanhjla-1975-a-comparative-study-of-o-b99961e719f2	naipanhjla_1975_a_comparative_study_of_o-b99961e719f2	NaiPanHJla-1975-a-comparative-study-of-old-and-modern-burmese.pdf	Burmese/Burma JBRS/1975/NaiPanHJla-1975-a-comparative-study-of-old-and-modern-burmese.pdf			1975		low	article_pages_only	google_vision	naipanhjla-1975-a-comparative-study-of-o-b99961e719f2	metadata_sidecar+page_text+article_text+google_vision_json	data_local/ocr/jbrs/manifest/naipanhjla-1975-a-comparative-study-of-o-b99961e719f2.json	ready_for_ocr	needs runtime path cache from build_jbrs_local_manifest.py --root	Matched corpus references elevate OCR priority; the committed plan stores path stubs only.
