local_file_id	batch_id	old_file_name	old_path_stub	current_ocr_text_path	current_metadata_path	probable_article_title	probable_author	probable_year	canonical_base_name	proposed_pdf_file_name	proposed_ocr_text_file_name	proposed_metadata_file_name	identity_confidence	rename_status	notes
011031-642d82a624e9	jbrs-ocr-0002	011031.pdf	Burmese/Burma JBRS/1911/011031.pdf	data/working/ocr/jbrs/text/011031-642d82a624e9.txt	data/working/ocr/jbrs/metadata/011031-642d82a624e9.json	THE EARLY USE OF THE BUDDHIST ERA IN BURMA	Taw Sein Ko	1911	1911-early-use-buddhist-era-burma-taw-sein-ko	1911-early-use-buddhist-era-burma-taw-sein-ko.pdf	1911-early-use-buddhist-era-burma-taw-sein-ko.txt	1911-early-use-buddhist-era-burma-taw-sein-ko.json	medium	deferred_outside_phase1_scope	
011156-0d22485e8ffa	jbrs-ocr-0037	011156.pdf	Burmese/Burma JBRS/1911/011156.pdf	data/working/ocr/jbrs/text/011156-0d22485e8ffa.txt	data/working/ocr/jbrs/metadata/011156-0d22485e8ffa.json	GÉNÉRAL DE BEYLIÉ		1911					medium	needs_manual_review	
012001-e1a50613e050	jbrs-ocr-0038	012001.pdf	Burmese/Burma JBRS/JBRS Originals/012001.pdf	data/working/ocr/jbrs/text/012001-e1a50613e050.txt	data/working/ocr/jbrs/metadata/012001-e1a50613e050.json	CHINESE ANTIQUITIES AT PAGAN	BY	1911	1911-chinese-antiquities-pagan-by-scan-2	1911-chinese-antiquities-pagan-by-scan-2.pdf	1911-chinese-antiquities-pagan-by-scan-2.txt	1911-chinese-antiquities-pagan-by-scan-2.json	high	deferred_outside_phase1_scope	duplicate_of=1911-chineseantiquitiespagan-tawseinko1911-pdf; collision_with=1911-chinese-antiquities-pagan-by
021038-b4487e7a4dfa	jbrs-ocr-0079	021038.pdf	Burmese/Burma JBRS/JBRS Originals/021038.pdf	data/working/ocr/jbrs/text/021038-b4487e7a4dfa.txt	data/working/ocr/jbrs/metadata/021038-b4487e7a4dfa.json	NOTES ON TALAING EPIGRAPHY. BY C. O. BLAGDEN, Straits Settlements Civil Service (Retired.) Some apology is due to the S…	NOTES ON TALAING EPIGRAPHY	1912	1912-notes-talaing-epigraphy-c-o-blagden-straits-settlements-notes-on-talaing-epigraphy-scan-2	1912-notes-talaing-epigraphy-c-o-blagden-straits-settlements-notes-on-talaing-epigraphy-scan-2.pdf	1912-notes-talaing-epigraphy-c-o-blagden-straits-settlements-notes-on-talaing-epigraphy-scan-2.txt	1912-notes-talaing-epigraphy-c-o-blagden-straits-settlements-notes-on-talaing-epigraphy-scan-2.json	high	deferred_outside_phase1_scope	duplicate_of=1912-talaingepigraphy-blagden1912-pdf; collision_with=1912-notes-talaing-epigraphy-c-o-blagden-straits-settlements-notes-on-talaing-epigraphy
may_oung_1929_prome_and_the_pyus_jbrs_2_-b82612456f38	jbrs-ocr-3337	021072.pdf	Burmese/Burma JBRS/JBRS Originals/021072.pdf	data/working/ocr/jbrs/text/may_oung_1929_prome_and_the_pyus_jbrs_2_-b82612456f38.txt	data/working/ocr/jbrs/metadata/may_oung_1929_prome_and_the_pyus_jbrs_2_-b82612456f38.json	Prome	NOTES, QUERIES AND MEMORANDA						low	needs_manual_review	
021078-d339497ee1dd	jbrs-ocr-0088	021078.pdf	Burmese/Burma JBRS/JBRS Originals/021078.pdf	data/working/ocr/jbrs/text/021078-d339497ee1dd.txt	data/working/ocr/jbrs/metadata/021078-d339497ee1dd.json	AN ARCHEOLOGICAL FIND AT TOUNGOO		1912					medium	needs_manual_review	
021093-a2e7c6edbf7d	jbrs-ocr-0091	021093.pdf	Burmese/Burma JBRS/JBRS Originals/021093.pdf	data/working/ocr/jbrs/text/021093-a2e7c6edbf7d.txt	data/working/ocr/jbrs/metadata/021093-a2e7c6edbf7d.json	94 BURMESE PROSODY	Charles Duroiselle	1912	1912-94-burmese-prosody-charles-duroiselle-scan-2	1912-94-burmese-prosody-charles-duroiselle-scan-2.pdf	1912-94-burmese-prosody-charles-duroiselle-scan-2.txt	1912-94-burmese-prosody-charles-duroiselle-scan-2.json	high	deferred_outside_phase1_scope	duplicate_of=1912-duroiselle1912-burmeseprosody-iii-pdf; collision_with=1912-94-burmese-prosody-charles-duroiselle
021102-47cd984de84e	jbrs-ocr-0095	021102.pdf	Burmese/Burma JBRS/JBRS Originals/021102.pdf	data/working/ocr/jbrs/text/021102-47cd984de84e.txt	data/working/ocr/jbrs/metadata/021102-47cd984de84e.json	HYPNOTISM IN BURMA	Taw Sein Ko	1912	1912-hypnotism-burma-taw-sein-ko	1912-hypnotism-burma-taw-sein-ko.pdf	1912-hypnotism-burma-taw-sein-ko.txt	1912-hypnotism-burma-taw-sein-ko.json	medium	deferred_outside_phase1_scope	
022184-3fadd36c6f9f	jbrs-ocr-0109	022184.pdf	Burmese/Burma JBRS/JBRS Originals/022184.pdf	data/working/ocr/jbrs/text/022184-3fadd36c6f9f.txt	data/working/ocr/jbrs/metadata/022184-3fadd36c6f9f.json	LACQUERWARE MANUFACTURE AT PAGAN. It is not known when and whence the art was introduced into Pagan. The probabilities…	Taw Sein Ko	1912	1912-lacquerware-manufacture-pagan-it-is-not-known-when-taw-sein-ko-scan-2	1912-lacquerware-manufacture-pagan-it-is-not-known-when-taw-sein-ko-scan-2.pdf	1912-lacquerware-manufacture-pagan-it-is-not-known-when-taw-sein-ko-scan-2.txt	1912-lacquerware-manufacture-pagan-it-is-not-known-when-taw-sein-ko-scan-2.json	high	deferred_outside_phase1_scope	duplicate_of=1912-lacquerwarepagan-tawseinko1912-pdf; collision_with=1912-lacquerware-manufacture-pagan-it-is-not-known-when-taw-sein-ko
022240-6b134be892b8	jbrs-ocr-0121	022240.pdf	Burmese/Burma JBRS/JBRS Originals/022240.pdf	data/working/ocr/jbrs/text/022240-6b134be892b8.txt	data/working/ocr/jbrs/metadata/022240-6b134be892b8.json	THE GREAT CHRONICLE OF CEYLON		1912					medium	needs_manual_review	
031022-7823d225cfb2	jbrs-ocr-0133	031022.pdf	Burmese/Burma JBRS/JBRS Originals/031022.pdf	data/working/ocr/jbrs/text/031022-7823d225cfb2.txt	data/working/ocr/jbrs/metadata/031022-7823d225cfb2.json	Professor of Pali, Rangoon College. 24	ABHISAMBODHI ALANKARA	1913	1913-professor-pali-rangoon-college-24-abhisambodhi-alankara	1913-professor-pali-rangoon-college-24-abhisambodhi-alankara.pdf	1913-professor-pali-rangoon-college-24-abhisambodhi-alankara.txt	1913-professor-pali-rangoon-college-24-abhisambodhi-alankara.json	medium	deferred_outside_phase1_scope	
031078-057d650c3ea6	jbrs-ocr-0145	031078.pdf	Burmese/Burma JBRS/JBRS Originals/031078.pdf	data/working/ocr/jbrs/text/031078-057d650c3ea6.txt	data/working/ocr/jbrs/metadata/031078-057d650c3ea6.json	NOTE ON THE DERIVATION OF THE NAME OF	“PROME.”	1913	1913-note-derivation-name-prome	1913-note-derivation-name-prome.pdf	1913-note-derivation-name-prome.txt	1913-note-derivation-name-prome.json	medium	deferred_outside_phase1_scope	
031080-d0cd762eff2d	jbrs-ocr-0146	031080.pdf	Burmese/Burma JBRS/JBRS Originals/031080.pdf	data/working/ocr/jbrs/text/031080-d0cd762eff2d.txt	data/working/ocr/jbrs/metadata/031080-d0cd762eff2d.json	The Talaing Pegu Chronicle (edited by Schmidt) styles this personagem (kappītā jarā	PHILIP DE BRITO	1913	1913-talaing-pegu-chronicle-edited-schmidt-styles-this-personagem-philip-de-brito	1913-talaing-pegu-chronicle-edited-schmidt-styles-this-personagem-philip-de-brito.pdf	1913-talaing-pegu-chronicle-edited-schmidt-styles-this-personagem-philip-de-brito.txt	1913-talaing-pegu-chronicle-edited-schmidt-styles-this-personagem-philip-de-brito.json	medium	deferred_outside_phase1_scope	
032148-0c66971ba207	jbrs-ocr-0156	032148.pdf	Burmese/Burma JBRS/JBRS Originals/032148.pdf	data/working/ocr/jbrs/text/032148-0c66971ba207.txt	data/working/ocr/jbrs/metadata/032148-0c66971ba207.json	Professor of Pali, Rangoon College. (Continued from the last number.) 66	ABHISAMBODHI ALAŃKĀRA	1913	1913-professor-pali-rangoon-college-continued-last-number-66-abhisambodhi-ala-k-ra	1913-professor-pali-rangoon-college-continued-last-number-66-abhisambodhi-ala-k-ra.pdf	1913-professor-pali-rangoon-college-continued-last-number-66-abhisambodhi-ala-k-ra.txt	1913-professor-pali-rangoon-college-continued-last-number-66-abhisambodhi-ala-k-ra.json	medium	deferred_outside_phase1_scope	
042144-09a12de35fb2	jbrs-ocr-0191	042144.pdf	Burmese/Burma JBRS/JBRS Originals/042144.pdf	data/working/ocr/jbrs/text/042144-09a12de35fb2.txt	data/working/ocr/jbrs/metadata/042144-09a12de35fb2.json	144 ALPHABETUM BARMANORUM Carpani MELCHIOR. Alphabetum Barmanorum seu Bomanum Regni Avo finitarumqua regionum, Romæ MDC…	ALPHABETUM BARMANORUM	1914	1914-144-alphabetum-barmanorum-carpani-melchior-alphabetum-barmanorum-seu-alphabetum-barmanorum	1914-144-alphabetum-barmanorum-carpani-melchior-alphabetum-barmanorum-seu-alphabetum-barmanorum.pdf	1914-144-alphabetum-barmanorum-carpani-melchior-alphabetum-barmanorum-seu-alphabetum-barmanorum.txt	1914-144-alphabetum-barmanorum-carpani-melchior-alphabetum-barmanorum-seu-alphabetum-barmanorum.json	medium	deferred_outside_phase1_scope	
053171-0c382fdb7d3e	jbrs-ocr-0245	053171.pdf	Burmese/Burma JBRS/JBRS Originals/053171.pdf	data/working/ocr/jbrs/text/053171-0c382fdb7d3e.txt	data/working/ocr/jbrs/metadata/053171-0c382fdb7d3e.json	171 The old Burmese custom, indulged in by young bachelors of the quarter, of throwing stones and brick bats at the hou…	NOTES AND REVIEWS	1915	1915-171-old-burmese-custom-indulged-young-bachelors-quarter-notes-and-reviews	1915-171-old-burmese-custom-indulged-young-bachelors-quarter-notes-and-reviews.pdf	1915-171-old-burmese-custom-indulged-young-bachelors-quarter-notes-and-reviews.txt	1915-171-old-burmese-custom-indulged-young-bachelors-quarter-notes-and-reviews.json	medium	deferred_outside_phase1_scope	
061013-4ade969ac1f4	jbrs-ocr-0252	061013.pdf	Burmese/Burma JBRS/JBRS Originals/061013.pdf	data/working/ocr/jbrs/text/061013-4ade969ac1f4.txt	data/working/ocr/jbrs/metadata/061013-4ade969ac1f4.json	13 [The following six ratu's of Let wè thon dara have been translated into English prose with a view to a clear underst…	LET-WE-THONDARA	1916	1916-13-following-six-ratu-s-let-w-thon-let-we-thondara	1916-13-following-six-ratu-s-let-w-thon-let-we-thondara.pdf	1916-13-following-six-ratu-s-let-w-thon-let-we-thondara.txt	1916-13-following-six-ratu-s-let-w-thon-let-we-thondara.json	medium	deferred_outside_phase1_scope	
062102-db54540823f2	jbrs-ocr-0268	062102.pdf	Burmese/Burma JBRS/JBRS Originals/062102.pdf	data/working/ocr/jbrs/text/062102-db54540823f2.txt	data/working/ocr/jbrs/metadata/062102-db54540823f2.json	PROME		1916					medium	needs_manual_review	
071013-6eea453d65d2	jbrs-ocr-0284	071013.pdf	Burmese/Burma JBRS/JBRS Originals/071013.pdf	data/working/ocr/jbrs/text/071013-6eea453d65d2.txt	data/working/ocr/jbrs/metadata/071013-6eea453d65d2.json	EXCAVATION AND EXPLORATION IN PEGU. INTRODUCTION I was on duty in the Pegu district for archaeological exploration and…	Charles Duroiselle	1917	1917-excavation-exploration-pegu-introduction-i-was-duty-pegu-charles-duroiselle-scan-2	1917-excavation-exploration-pegu-introduction-i-was-duty-pegu-charles-duroiselle-scan-2.pdf	1917-excavation-exploration-pegu-introduction-i-was-duty-pegu-charles-duroiselle-scan-2.txt	1917-excavation-exploration-pegu-introduction-i-was-duty-pegu-charles-duroiselle-scan-2.json	high	deferred_outside_phase1_scope	duplicate_of=1917-excavationpegu-stewart1917-pdf; collision_with=1917-excavation-exploration-pegu-introduction-i-was-duty-pegu-charles-duroiselle
083189-39dbcb3e5f02	jbrs-ocr-0350	083189.pdf	Burmese/Burma JBRS/JBRS Originals/083189.pdf	data/working/ocr/jbrs/text/083189-39dbcb3e5f02.txt	data/working/ocr/jbrs/metadata/083189-39dbcb3e5f02.json	THE GREATER TEMPLES OF PAGĀN	I	1918	1918-greater-temples-pag-n-i-scan-2	1918-greater-temples-pag-n-i-scan-2.pdf	1918-greater-temples-pag-n-i-scan-2.txt	1918-greater-temples-pag-n-i-scan-2.json	high	deferred_outside_phase1_scope	duplicate_of=1918-greatertemplespagan-luce1918-pdf; collision_with=1918-greater-temples-pag-n-i
091053-5acfb4f31690	jbrs-ocr-0367	091053.pdf	Burmese/Burma JBRS/JBRS Originals/091053.pdf	data/working/ocr/jbrs/text/091053-5acfb4f31690.txt	data/working/ocr/jbrs/metadata/091053-5acfb4f31690.json	THE ARI OF BURMA AND TANTRIC BUDDHISM	Charles Duroiselle	1919	1919-ari-burma-tantric-buddhism-charles-duroiselle	1919-ari-burma-tantric-buddhism-charles-duroiselle.pdf	1919-ari-burma-tantric-buddhism-charles-duroiselle.txt	1919-ari-burma-tantric-buddhism-charles-duroiselle.json	medium	deferred_outside_phase1_scope	
092063-c96b46ac9386	jbrs-ocr-0369	092063.pdf	Burmese/Burma JBRS/JBRS Originals/092063.pdf	data/working/ocr/jbrs/text/092063-c96b46ac9386.txt	data/working/ocr/jbrs/metadata/092063-c96b46ac9386.json	Importance of History, especially at the present day	The	1919	1919-importance-history-especially-present-day-the-scan-2	1919-importance-history-especially-present-day-the-scan-2.pdf	1919-importance-history-especially-present-day-the-scan-2.txt	1919-importance-history-especially-present-day-the-scan-2.json	high	deferred_outside_phase1_scope	duplicate_of=1919-writingburmesehistory-hall1919-pdf; collision_with=1919-importance-history-especially-present-day-the
102041-fbc91ac44386	jbrs-ocr-0404	102041.pdf	Burmese/Burma JBRS/JBRS Originals/102041.pdf	data/working/ocr/jbrs/text/102041-fbc91ac44386.txt	data/working/ocr/jbrs/metadata/102041-fbc91ac44386.json	THE SMALLER TEMPLES OF PAGAN	I	1920	1920-smaller-temples-pagan-i-scan-2	1920-smaller-temples-pagan-i-scan-2.pdf	1920-smaller-temples-pagan-i-scan-2.txt	1920-smaller-temples-pagan-i-scan-2.json	high	deferred_outside_phase1_scope	duplicate_of=1920-smallertemplespagan-luce1920-pdf; collision_with=1920-smaller-temples-pagan-i
102067-d0831096fea3	jbrs-ocr-0409	102067.pdf	Burmese/Burma JBRS/JBRS Originals/102067.pdf	data/working/ocr/jbrs/text/102067-d0831096fea3.txt	data/working/ocr/jbrs/metadata/102067-d0831096fea3.json	THE SHWEGUGYI PAGODA INSCRIPTION, PAGAN, 1141, A.D		1920					medium	needs_manual_review	
102079-054596fbd560	jbrs-ocr-0412	102079.pdf	Burmese/Burma JBRS/JBRS Originals/102079.pdf	data/working/ocr/jbrs/text/102079-054596fbd560.txt	data/working/ocr/jbrs/metadata/102079-054596fbd560.json	I must thank the Editor for his kindly review of my contributions to the Report of the Archæo logical Survey for , in t…	ALAUNGSITHU versus NARAPATISITHU	1920	1920-i-must-thank-editor-his-kindly-review-my-alaungsithu-versus-narapatisithu	1920-i-must-thank-editor-his-kindly-review-my-alaungsithu-versus-narapatisithu.pdf	1920-i-must-thank-editor-his-kindly-review-my-alaungsithu-versus-narapatisithu.txt	1920-i-must-thank-editor-his-kindly-review-my-alaungsithu-versus-narapatisithu.json	medium	deferred_outside_phase1_scope	
102081-e694a37d2303	jbrs-ocr-0413	102081.pdf	Burmese/Burma JBRS/JBRS Originals/102081.pdf	data/working/ocr/jbrs/text/102081-e694a37d2303.txt	data/working/ocr/jbrs/metadata/102081-e694a37d2303.json	Arī	Charles Duroiselle	1920	1920-ar-charles-duroiselle-scan-2	1920-ar-charles-duroiselle-scan-2.pdf	1920-ar-charles-duroiselle-scan-2.txt	1920-ar-charles-duroiselle-scan-2.json	high	deferred_outside_phase1_scope	duplicate_of=1920-vajrabuddhipaganyazawin-duroiselle1920-pdf; collision_with=1920-ar-charles-duroiselle
111001-76a537aced4b	jbrs-ocr-0433	111001.pdf	Burmese/Burma JBRS/JBRS Originals/111001.pdf	data/working/ocr/jbrs/text/111001-76a537aced4b.txt	data/working/ocr/jbrs/metadata/111001-76a537aced4b.json	KYAUKSE IRRIGATION A SIDE LIGHT ON BURMESE	HISTORY	1921	1921-kyaukse-irrigation-side-light-burmese-history	1921-kyaukse-irrigation-side-light-burmese-history.pdf	1921-kyaukse-irrigation-side-light-burmese-history.txt	1921-kyaukse-irrigation-side-light-burmese-history.json	medium	deferred_outside_phase1_scope	
111029-f93adf2c3a6c	jbrs-ocr-0438	111029.pdf	Burmese/Burma JBRS/JBRS Originals/111029.pdf	data/working/ocr/jbrs/text/111029-f93adf2c3a6c.txt	data/working/ocr/jbrs/metadata/111029-f93adf2c3a6c.json	CHRONICLE OF THE CITY OF TAGAUNG. We shall tell the story of Sulathambhawa and Mahathambhawa, the two sons of the Tagau…	D. G. E. Hall	1921	1921-chronicle-city-tagaung-we-shall-tell-story-sulathambhawa-d-g-e-hall	1921-chronicle-city-tagaung-we-shall-tell-story-sulathambhawa-d-g-e-hall.pdf	1921-chronicle-city-tagaung-we-shall-tell-story-sulathambhawa-d-g-e-hall.txt	1921-chronicle-city-tagaung-we-shall-tell-story-sulathambhawa-d-g-e-hall.json	medium	deferred_outside_phase1_scope	
121039-21548f2d8f9e	jbrs-ocr-0460	121039.pdf	Burmese/Burma JBRS/1922/121039.pdf	data/working/ocr/jbrs/text/1922-cambodian-invasion-lower-burma-comparison-burmese-talaing-chronicles-d-g-e-hall.txt	data/working/ocr/jbrs/metadata/1922-cambodian-invasion-lower-burma-comparison-burmese-talaing-chronicles-d-g-e-hall.json	A Cambodian (?) Invasion of Lower Burma a comparison of Burmese and Talaing Chronicles. The following note has been lar…	D. G. E. Hall	1922	1922-cambodian-invasion-lower-burma-comparison-burmese-talaing-chronicles-d-g-e-hall	1922-cambodian-invasion-lower-burma-comparison-burmese-talaing-chronicles-d-g-e-hall.pdf	1922-cambodian-invasion-lower-burma-comparison-burmese-talaing-chronicles-d-g-e-hall.txt	1922-cambodian-invasion-lower-burma-comparison-burmese-talaing-chronicles-d-g-e-hall.json	medium	renamed_in_repo	
122069-2eb7ec8c78a1	jbrs-ocr-0471	122069.pdf	Burmese/Burma JBRS/1922/122069.pdf	data/working/ocr/jbrs/text/122069-2eb7ec8c78a1.txt	data/working/ocr/jbrs/metadata/122069-2eb7ec8c78a1.json	THE MONS IN SIAM. By R. HALLIDAY. The Mons of Siam are the Talaings of Burma, that is they are the same people as those…	THE MONS IN SIAM	1922	1922-mons-siam-r-halliday-mons-siam-are-talaings-the-mons-in-siam-scan-2	1922-mons-siam-r-halliday-mons-siam-are-talaings-the-mons-in-siam-scan-2.pdf	1922-mons-siam-r-halliday-mons-siam-are-talaings-the-mons-in-siam-scan-2.txt	1922-mons-siam-r-halliday-mons-siam-are-talaings-the-mons-in-siam-scan-2.json	high	deferred_outside_phase1_scope	duplicate_of=1922-monssiam-halliday1922-pdf; collision_with=1922-mons-siam-r-halliday-mons-siam-are-talaings-the-mons-in-siam
131009a-84b3476ab477	jbrs-ocr-0492	131009A.pdf	Burmese/Burma JBRS/JBRS Originals/131009A.pdf	data/working/ocr/jbrs/text/131009a-84b3476ab477.txt	data/working/ocr/jbrs/metadata/131009a-84b3476ab477.json	With Text, Translation, and Notes	A HISTORY OF KINGS	1923	1923-text-translation-notes-a-history-of-kings-scan-2	1923-text-translation-notes-a-history-of-kings-scan-2.pdf	1923-text-translation-notes-a-history-of-kings-scan-2.txt	1923-text-translation-notes-a-history-of-kings-scan-2.json	medium	deferred_outside_phase1_scope	collision_with=1923-text-translation-notes-a-history-of-kings
131009b-2e3d5c68f5a4	jbrs-ocr-0493	131009B.pdf	Burmese/Burma JBRS/JBRS Originals/131009B.pdf	data/working/ocr/jbrs/text/131009b-2e3d5c68f5a4.txt	data/working/ocr/jbrs/metadata/131009b-2e3d5c68f5a4.json	TRANSLATION. Namo tassa bhagavato arahato sammasambuddhassa.¹ Rājāmunindam tiloka aggam, dhammañca sanghañca namāmi aha…	A HISTORY OF KINGS	1923	1923-translation-namo-tassa-bhagavato-arahato-sammasambuddhassa-r-j-a-history-of-kings-scan-2	1923-translation-namo-tassa-bhagavato-arahato-sammasambuddhassa-r-j-a-history-of-kings-scan-2.pdf	1923-translation-namo-tassa-bhagavato-arahato-sammasambuddhassa-r-j-a-history-of-kings-scan-2.txt	1923-translation-namo-tassa-bhagavato-arahato-sammasambuddhassa-r-j-a-history-of-kings-scan-2.json	medium	deferred_outside_phase1_scope	collision_with=1923-translation-namo-tassa-bhagavato-arahato-sammasambuddhassa-r-j-a-history-of-kings
132069-f0d3fa74da0a	jbrs-ocr-0494	132069.pdf	Burmese/Burma JBRS/JBRS Originals/132069.pdf	data/working/ocr/jbrs/text/132069-f0d3fa74da0a.txt	data/working/ocr/jbrs/metadata/132069-f0d3fa74da0a.json	Note on some authorities for the History of Burma	J. A. Stewart	1923	1923-note-some-authorities-history-burma-j-a-stewart	1923-note-some-authorities-history-burma-j-a-stewart.pdf	1923-note-some-authorities-history-burma-j-a-stewart.txt	1923-note-some-authorities-history-burma-j-a-stewart.json	medium	deferred_outside_phase1_scope	
pe_maung_tin_development_of_burmese_lang-3825b88497cc	jbrs-ocr-3343	141058.pdf	Burmese/Burma JBRS/JBRS Originals/141058.pdf	data/working/ocr/jbrs/text/pe_maung_tin_development_of_burmese_lang-3825b88497cc.txt	data/working/ocr/jbrs/metadata/pe_maung_tin_development_of_burmese_lang-3825b88497cc.json	A NOTE ON THE DEVELOPMENT OF THE BURMESE	LANGUAGE						low	needs_manual_review	
142091-0ab55f5d0db8	jbrs-ocr-0534	142091.pdf	Burmese/Burma JBRS/JBRS Originals/142091.pdf	data/working/ocr/jbrs/text/1924-introductory-note-following-passage-history-former-han-dynasty-fu-kan-tu-lu.txt	data/working/ocr/jbrs/metadata/1924-introductory-note-following-passage-history-former-han-dynasty-fu-kan-tu-lu.json	Introductory Note. The following passage from the History of the Former Han dynasty (206 B.C. 25 A.D.) was first transl…	Fu-kan-tu-lu	1924	1924-introductory-note-following-passage-history-former-han-dynasty-fu-kan-tu-lu	1924-introductory-note-following-passage-history-former-han-dynasty-fu-kan-tu-lu.pdf	1924-introductory-note-following-passage-history-former-han-dynasty-fu-kan-tu-lu.txt	1924-introductory-note-following-passage-history-former-han-dynasty-fu-kan-tu-lu.json	medium	renamed_in_repo	
142100-7144e2fe0f19	jbrs-ocr-0535	142100.pdf	Burmese/Burma JBRS/JBRS Originals/142100.pdf	data/working/ocr/jbrs/text/1924-tan-97-132-d-ngai-lao.txt	data/working/ocr/jbrs/metadata/1924-tan-97-132-d-ngai-lao.json	The Tan¹ (97 132 A. D	Ngai-lao	1924	1924-tan-97-132-d-ngai-lao	1924-tan-97-132-d-ngai-lao.pdf	1924-tan-97-132-d-ngai-lao.txt	1924-tan-97-132-d-ngai-lao.json	medium	renamed_in_repo	
142138a-599fa27e8039	jbrs-ocr-0536	142138A.pdf	Burmese/Burma JBRS/JBRS Originals/142138A.pdf	data/working/ocr/jbrs/text/1924-gap-history-burma-between-3rd-8th-century-is-the-teang-ke-road.txt	data/working/ocr/jbrs/metadata/1924-gap-history-burma-between-3rd-8th-century-is-the-teang-ke-road.json	The gap in the history of Burma between the 3rd and the 8th century is not	The Teang-ke road	1924	1924-gap-history-burma-between-3rd-8th-century-is-the-teang-ke-road	1924-gap-history-burma-between-3rd-8th-century-is-the-teang-ke-road.pdf	1924-gap-history-burma-between-3rd-8th-century-is-the-teang-ke-road.txt	1924-gap-history-burma-between-3rd-8th-century-is-the-teang-ke-road.json	medium	renamed_in_repo	
143221-93af6e066a85	jbrs-ocr-0540	143221.pdf	Burmese/Burma JBRS/JBRS Originals/143221.pdf	data/working/ocr/jbrs/text/143221-93af6e066a85.txt	data/working/ocr/jbrs/metadata/143221-93af6e066a85.json	BURMA MANUSCRIPTS IN THE BRITISH MUSEUM. Add. 4850A.—Pārājika and other pieces from the Pāli Pātimokkha with Burmese ex…		1924					medium	needs_manual_review	
152115-4cf2252c3079	jbrs-ocr-0551	152115.pdf	Burmese/Burma JBRS/JBRS Originals/152115.pdf	data/working/ocr/jbrs/text/152115-4cf2252c3079.txt	data/working/ocr/jbrs/metadata/152115-4cf2252c3079.json	It is possible to exaggerate the extent of China		1925					medium	needs_manual_review	
171001-84052427e09b	jbrs-ocr-0600	171001.pdf	Burmese/Burma JBRS/JBRS Originals/171001.pdf	data/working/ocr/jbrs/text/171001-84052427e09b.txt	data/working/ocr/jbrs/metadata/171001-84052427e09b.json	ENGLISH RELATIONS WITH BURMA 1587 1686	INTRODUCTROY NOTE	1927	1927-english-relations-burma-1587-1686-introductroy-note	1927-english-relations-burma-1587-1686-introductroy-note.pdf	1927-english-relations-burma-1587-1686-introductroy-note.txt	1927-english-relations-burma-1587-1686-introductroy-note.json	medium	deferred_outside_phase1_scope	
181012-33cb3fb8a6d8	jbrs-ocr-0618	181012.pdf	Burmese/Burma JBRS/JBRS Originals/181012.pdf	data/working/ocr/jbrs/text/181012-33cb3fb8a6d8.txt	data/working/ocr/jbrs/metadata/181012-33cb3fb8a6d8.json	THE GREEK ANTHOLOGY BURMA PARALLELS. The most famous of all anthologies contains poems by over three hundred authors co…		1928					medium	needs_manual_review	
181021-e1ec970f5c06	jbrs-ocr-0620	181021.pdf	Burmese/Burma JBRS/JBRS Originals/181021.pdf	data/working/ocr/jbrs/text/1928-talaing-inscription-bell-cast-anauppet-lun-min-scan-2.txt	data/working/ocr/jbrs/metadata/1928-talaing-inscription-bell-cast-anauppet-lun-min-scan-2.json	TALAING INSCRIPTION IN A BELL CAST BY	ANAUPPET-LUN MIN	1928	1928-talaing-inscription-bell-cast-anauppet-lun-min-scan-2	1928-talaing-inscription-bell-cast-anauppet-lun-min-scan-2.pdf	1928-talaing-inscription-bell-cast-anauppet-lun-min-scan-2.txt	1928-talaing-inscription-bell-cast-anauppet-lun-min-scan-2.json	medium	renamed_in_repo	collision_with=1928-talaing-inscription-bell-cast-anauppet-lun-min
182069-a2ca06a74fba	jbrs-ocr-0625	182069.pdf	Burmese/Burma JBRS/JBRS Originals/182069.pdf	data/working/ocr/jbrs/text/182069-a2ca06a74fba.txt	data/working/ocr/jbrs/metadata/182069-a2ca06a74fba.json	AN OLD TEMPLE AT LAWKSAWK (ပ်စောက်)	Southern Shan States	1928	1928-old-temple-lawksawk-southern-shan-states	1928-old-temple-lawksawk-southern-shan-states.pdf	1928-old-temple-lawksawk-southern-shan-states.txt	1928-old-temple-lawksawk-southern-shan-states.json	medium	deferred_outside_phase1_scope	
191001-0f934914c35c	jbrs-ocr-0639	191001.pdf	Burmese/Burma JBRS/JBRS Originals/191001.pdf	data/working/ocr/jbrs/text/191001-0f934914c35c.txt	data/working/ocr/jbrs/metadata/191001-0f934914c35c.json	KAREN BRONZE DRUMS * BY THE REV. H. I. MARSHALL, M.A., D.D	KAREN BRONZE DRUMS *	1929	1929-karen-bronze-drums-rev-h-i-marshall-m-karen-bronze-drums	1929-karen-bronze-drums-rev-h-i-marshall-m-karen-bronze-drums.pdf	1929-karen-bronze-drums-rev-h-i-marshall-m-karen-bronze-drums.txt	1929-karen-bronze-drums-rev-h-i-marshall-m-karen-bronze-drums.json	medium	deferred_outside_phase1_scope	
201001-7d27981a7f7b	jbrs-ocr-1613	201001.pdf	Burmese/Burma JBRS/JBRS Originals/201001.pdf	data/working/ocr/jbrs/text/201001-7d27981a7f7b.txt	data/working/ocr/jbrs/metadata/201001-7d27981a7f7b.json	SPINNING MAGIC. 1 Most of what I shall have to say to you to night concerns the arts of carding, spinning and weaving a…	D. G. E. Hall	1930	1930-spinning-magic-1-most-what-i-shall-have-d-g-e-hall	1930-spinning-magic-1-most-what-i-shall-have-d-g-e-hall.pdf	1930-spinning-magic-1-most-what-i-shall-have-d-g-e-hall.txt	1930-spinning-magic-1-most-what-i-shall-have-d-g-e-hall.json	medium	deferred_outside_phase1_scope	
201033-5a49239473a4	jbrs-ocr-1623	201033.pdf	Burmese/Burma JBRS/JBRS Originals/201033.pdf	data/working/ocr/jbrs/text/201033-5a49239473a4.txt	data/working/ocr/jbrs/metadata/201033-5a49239473a4.json	ကျောက်စာ စကားဟောင်းများ။ နံပါတ် ၄။ [No	U Pe Maung Tin	1930	1930-no-pe-maung-tin-scan-2	1930-no-pe-maung-tin-scan-2.pdf	1930-no-pe-maung-tin-scan-2.txt	1930-no-pe-maung-tin-scan-2.json	high	deferred_outside_phase1_scope	duplicate_of=1930-pemaungtin-1930-oldwordsininscriptions-pdf; collision_with=1930-no-pe-maung-tin
213059-198720759b45	jbrs-ocr-1657	213059.pdf	Burmese/Burma JBRS/JBRS Originals/213059.pdf	data/working/ocr/jbrs/text/213059-198720759b45.txt	data/working/ocr/jbrs/metadata/213059-198720759b45.json	Early English Intercourse with Burma, 1587-1743	THE TRAGEDY OF NEGRAIS	1931	1931-early-english-intercourse-burma-1587-1743-the-tragedy-of-negrais	1931-early-english-intercourse-burma-1587-1743-the-tragedy-of-negrais.pdf	1931-early-english-intercourse-burma-1587-1743-the-tragedy-of-negrais.txt	1931-early-english-intercourse-burma-1587-1743-the-tragedy-of-negrais.json	medium	deferred_outside_phase1_scope	
221021-75cba121a12f	jbrs-ocr-1660	221021.pdf	Burmese/Burma JBRS/JBRS Originals/221021.pdf	data/working/ocr/jbrs/text/221021-75cba121a12f.txt	data/working/ocr/jbrs/metadata/221021-75cba121a12f.json	THE USE OF THE BRONZE DRUM IN SIAM. REV. H. I. MARSHALL, M. A., D. D	D. G. E. Hall	1932	1932-use-bronze-drum-siam-rev-h-i-marshall-d-g-e-hall	1932-use-bronze-drum-siam-rev-h-i-marshall-d-g-e-hall.pdf	1932-use-bronze-drum-siam-rev-h-i-marshall-d-g-e-hall.txt	1932-use-bronze-drum-siam-rev-h-i-marshall-d-g-e-hall.json	medium	deferred_outside_phase1_scope	
222068-03f0fa50e147	jbrs-ocr-1669	222068.pdf	Burmese/Burma JBRS/JBRS Originals/222068.pdf	data/working/ocr/jbrs/text/222068-03f0fa50e147.txt	data/working/ocr/jbrs/metadata/222068-03f0fa50e147.json	PHAYRE'S PRIVATE JOURNAL OF HIS MISSION TO AVA IN . TRANSCRIBED WITH NOTES AND AN INTRODUCTORY NOTE BY D.G.E	D. G. E. Hall	1932	1932-phayre-s-private-journal-his-mission-ava-transcribed-d-g-e-hall-scan-2	1932-phayre-s-private-journal-his-mission-ava-transcribed-d-g-e-hall-scan-2.pdf	1932-phayre-s-private-journal-his-mission-ava-transcribed-d-g-e-hall-scan-2.txt	1932-phayre-s-private-journal-his-mission-ava-transcribed-d-g-e-hall-scan-2.json	medium	deferred_outside_phase1_scope	collision_with=1932-phayre-s-private-journal-his-mission-ava-transcribed-d-g-e-hall
223107-aeea72ef833f	jbrs-ocr-1675	223107.pdf	Burmese/Burma JBRS/JBRS Originals/223107.pdf	data/working/ocr/jbrs/text/1932-mon-inscriptions-siam-the-mon-people-scan-2.txt	data/working/ocr/jbrs/metadata/1932-mon-inscriptions-siam-the-mon-people-scan-2.json	THE MON INSCRIPTIONS OF SIAM	The Mon People	1932	1932-mon-inscriptions-siam-the-mon-people-scan-2	1932-mon-inscriptions-siam-the-mon-people-scan-2.pdf	1932-mon-inscriptions-siam-the-mon-people-scan-2.txt	1932-mon-inscriptions-siam-the-mon-people-scan-2.json	high	renamed_in_repo	duplicate_of=1932-moninscriptionssiam-halliday1932-pdf; collision_with=1932-mon-inscriptions-siam-the-mon-people
223120-ea8eae6c00f8	jbrs-ocr-1676	223120.pdf	Burmese/Burma JBRS/JBRS Originals/223120.pdf	data/working/ocr/jbrs/text/1932-11-villages-myittha-g-h-luce-scan-2.txt	data/working/ocr/jbrs/metadata/1932-11-villages-myittha-g-h-luce-scan-2.json	the 11 villages of Myittha	G. H. Luce	1932	1932-11-villages-myittha-g-h-luce-scan-2	1932-11-villages-myittha-g-h-luce-scan-2.pdf	1932-11-villages-myittha-g-h-luce-scan-2.txt	1932-11-villages-myittha-g-h-luce-scan-2.json	high	renamed_in_repo	duplicate_of=1932-burmadebttopagan-luce1932-pdf; collision_with=1932-11-villages-myittha-g-h-luce
223151-c159fe6459f2	jbrs-ocr-1681	223151.pdf	Burmese/Burma JBRS/JBRS Originals/223151.pdf	data/working/ocr/jbrs/text/223151-c159fe6459f2.txt	data/working/ocr/jbrs/metadata/223151-c159fe6459f2.json	THE SAKA ERA IN PAGAN	U Pe Maung Tin	1932	1932-saka-era-pagan-pe-maung-tin-scan-2	1932-saka-era-pagan-pe-maung-tin-scan-2.pdf	1932-saka-era-pagan-pe-maung-tin-scan-2.txt	1932-saka-era-pagan-pe-maung-tin-scan-2.json	high	deferred_outside_phase1_scope	duplicate_of=1932-sakaerapagan-pemaungtin1932-pdf; collision_with=1932-saka-era-pagan-pe-maung-tin
233123-0af766867729	jbrs-ocr-1700	233123.pdf	Burmese/Burma JBRS/JBRS Originals/233123.pdf	data/working/ocr/jbrs/text/233123-0af766867729.txt	data/working/ocr/jbrs/metadata/233123-0af766867729.json	THE JOURNAL OF FELIX CAREY: A NEW BURMA	DOCUMENT.*	1933	1933-journal-felix-carey-new-burma-document	1933-journal-felix-carey-new-burma-document.pdf	1933-journal-felix-carey-new-burma-document.txt	1933-journal-felix-carey-new-burma-document.json	medium	deferred_outside_phase1_scope	
241001a-21f020fb358f	jbrs-ocr-1704	241001A.pdf	Burmese/Burma JBRS/JBRS Originals/241001A.pdf	data/working/ocr/jbrs/text/1934-chapter-i-evidence-pali-story-shwe-dagon-pagoda-the-shwe-dagon-pagoda.txt	data/working/ocr/jbrs/metadata/1934-chapter-i-evidence-pali-story-shwe-dagon-pagoda-the-shwe-dagon-pagoda.json	CHAPTER I Evidence of the Pali. The story of the Shwe Dagon Pagoda, unlike most legends connec ted with pagodas, can be…	THE SHWE DAGON PAGODA	1934	1934-chapter-i-evidence-pali-story-shwe-dagon-pagoda-the-shwe-dagon-pagoda	1934-chapter-i-evidence-pali-story-shwe-dagon-pagoda-the-shwe-dagon-pagoda.pdf	1934-chapter-i-evidence-pali-story-shwe-dagon-pagoda-the-shwe-dagon-pagoda.txt	1934-chapter-i-evidence-pali-story-shwe-dagon-pagoda-the-shwe-dagon-pagoda.json	medium	renamed_in_repo	
241001b-bd566036df7c	jbrs-ocr-1705	241001B.pdf	Burmese/Burma JBRS/JBRS Originals/241001B.pdf	data/working/ocr/jbrs/text/241001b-bd566036df7c.txt	data/working/ocr/jbrs/metadata/241001b-bd566036df7c.json	Translation. BURMESE FACE A. Lord, the Lord Dipankara by name... (2) in	THE SHWE DAGON PAGODA	1934	1934-translation-burmese-face-lord-lord-dipankara-name-2-the-shwe-dagon-pagoda	1934-translation-burmese-face-lord-lord-dipankara-name-2-the-shwe-dagon-pagoda.pdf	1934-translation-burmese-face-lord-lord-dipankara-name-2-the-shwe-dagon-pagoda.txt	1934-translation-burmese-face-lord-lord-dipankara-name-2-the-shwe-dagon-pagoda.json	medium	deferred_outside_phase1_scope	
241001c-dc7b5b9bb656	jbrs-ocr-1706	241001C.pdf	Burmese/Burma JBRS/JBRS Originals/241001C.pdf	data/working/ocr/jbrs/text/241001c-dc7b5b9bb656.txt	data/working/ocr/jbrs/metadata/241001c-dc7b5b9bb656.json	Page 1	APPENDIX	1934	1934-page-1-appendix	1934-page-1-appendix.pdf	1934-page-1-appendix.txt	1934-page-1-appendix.json	medium	deferred_outside_phase1_scope	
242093-8aa960e261d8	jbrs-ocr-1707	242093.pdf	Burmese/Burma JBRS/JBRS Originals/242093.pdf	data/working/ocr/jbrs/text/242093-8aa960e261d8.txt	data/working/ocr/jbrs/metadata/242093-8aa960e261d8.json	93 THE EARLY HISTORY OF THE MALAY ARCHIPELAGO.* The whole tropical Far East has much history in common		1934					medium	needs_manual_review	
242105-05acb32b6631	jbrs-ocr-1708	242105.pdf	Burmese/Burma JBRS/JBRS Originals/242105.pdf	data/working/ocr/jbrs/text/242105-05acb32b6631.txt	data/working/ocr/jbrs/metadata/242105-05acb32b6631.json	105 LOWER CHINDWIN NATS. 3. MYINBYUSHIN (1) ELSEWHERE IN BURMA The worship of the Nat Myinbyushin is common in Upper Bu…	LOWER CHINDWIN NATS	1934	1934-105-lower-chindwin-nats-3-myinbyushin-1-elsewhere-lower-chindwin-nats	1934-105-lower-chindwin-nats-3-myinbyushin-1-elsewhere-lower-chindwin-nats.pdf	1934-105-lower-chindwin-nats-3-myinbyushin-1-elsewhere-lower-chindwin-nats.txt	1934-105-lower-chindwin-nats-3-myinbyushin-1-elsewhere-lower-chindwin-nats.json	medium	deferred_outside_phase1_scope	
242112-9d819eab1dd9	jbrs-ocr-1709	242112.pdf	Burmese/Burma JBRS/1934/242112.pdf	data/working/ocr/jbrs/text/242112-9d819eab1dd9.txt	data/working/ocr/jbrs/metadata/242112-9d819eab1dd9.json	THE BRAHMANICAL GODS IN BURMA		1934					medium	needs_manual_review	
242114-57df6cbc912b	jbrs-ocr-1710	242114.pdf	Burmese/Burma JBRS/JBRS Originals/242114.pdf	data/working/ocr/jbrs/text/242114-57df6cbc912b.txt	data/working/ocr/jbrs/metadata/242114-57df6cbc912b.json	114 JOUR. BURMA RESEARCH SOC	SOME RECORDS OF HLESATUN	1934	1934-114-jour-burma-research-soc-some-records-of-hlesatun	1934-114-jour-burma-research-soc-some-records-of-hlesatun.pdf	1934-114-jour-burma-research-soc-some-records-of-hlesatun.txt	1934-114-jour-burma-research-soc-some-records-of-hlesatun.json	medium	deferred_outside_phase1_scope	
242117-0ed960e759b2	jbrs-ocr-1711	242117.pdf	Burmese/Burma JBRS/JBRS Originals/242117.pdf	data/working/ocr/jbrs/text/242117-0ed960e759b2.txt	data/working/ocr/jbrs/metadata/242117-0ed960e759b2.json	ELEMENTARY BURMESE ASTROLOGY. Successful marriage is one of the most important things in life especi ally when we look…		1934					medium	needs_manual_review	
242120-ab7002796f38	jbrs-ocr-1712	242120.pdf	Burmese/Burma JBRS/1934/242120.pdf	data/working/ocr/jbrs/text/242120-ab7002796f38.txt	data/working/ocr/jbrs/metadata/242120-ab7002796f38.json	120 မြမာဇာတ်ရုပ်စုံသဘင်ပညာသည်တို့အကြောင်း ၁၈ဆက်။ အမှတ်ဂဏန်း ၂ ။ ဖေါ်ပြလတ္တံ့။ ။(သခင်ပညာသည်ဖြစ်ခြင်။)		1934					medium	needs_manual_review	
243127-24e6a4201182	jbrs-ocr-1713	243127.pdf	Burmese/Burma JBRS/JBRS Originals/243127.pdf	data/working/ocr/jbrs/text/243127-24e6a4201182.txt	data/working/ocr/jbrs/metadata/243127-24e6a4201182.json	THE NORTHERN HILLS OF THE PONNAGYUN TOWNSHIP*	BY	1934	1934-northern-hills-ponnagyun-township-by	1934-northern-hills-ponnagyun-township-by.pdf	1934-northern-hills-ponnagyun-township-by.txt	1934-northern-hills-ponnagyun-township-by.json	medium	deferred_outside_phase1_scope	
243149-0e171c46718f	jbrs-ocr-1714	243149.pdf	Burmese/Burma JBRS/1934/243149.pdf	data/working/ocr/jbrs/text/243149-0e171c46718f.txt	data/working/ocr/jbrs/metadata/243149-0e171c46718f.json	HISTORY OF THE BURMA INDEMNITY ( )	of	1934	1934-history-burma-indemnity-of	1934-history-burma-indemnity-of.pdf	1934-history-burma-indemnity-of.txt	1934-history-burma-indemnity-of.json	medium	deferred_outside_phase1_scope	
243159-14a845dc7a69	jbrs-ocr-1715	243159.pdf	Burmese/Burma JBRS/JBRS Originals/243159.pdf	data/working/ocr/jbrs/text/243159-14a845dc7a69.txt	data/working/ocr/jbrs/metadata/243159-14a845dc7a69.json	A NOTE ON ELEMENTARY BURMESE ASTROLOGY In his article on Elementary Burmese Astrology in the August number of this Jour…		1934					medium	needs_manual_review	
243160-c4656597a73f	jbrs-ocr-1716	243160.pdf	Burmese/Burma JBRS/JBRS Originals/243160.pdf	data/working/ocr/jbrs/text/243160-c4656597a73f.txt	data/working/ocr/jbrs/metadata/243160-c4656597a73f.json	THE MINBYA CHIN HILLS OF THE AKYAB DISTRICT	BY	1934	1934-minbya-chin-hills-akyab-district-by	1934-minbya-chin-hills-akyab-district-by.pdf	1934-minbya-chin-hills-akyab-district-by.txt	1934-minbya-chin-hills-akyab-district-by.json	medium	deferred_outside_phase1_scope	
251001-ad2cf9694d87	jbrs-ocr-1717	251001.pdf	Burmese/Burma JBRS/JBRS Originals/251001.pdf	data/working/ocr/jbrs/text/251001-ad2cf9694d87.txt	data/working/ocr/jbrs/metadata/251001-ad2cf9694d87.json	THE PREHISTORIC STONE IMPLEMENTS OF BURMA	BY	1935	1935-prehistoric-stone-implements-burma-by	1935-prehistoric-stone-implements-burma-by.pdf	1935-prehistoric-stone-implements-burma-by.txt	1935-prehistoric-stone-implements-burma-by.json	medium	deferred_outside_phase1_scope	
251040-dca9905d5069	jbrs-ocr-1718	251040.pdf	Burmese/Burma JBRS/JBRS Originals/251040.pdf	data/working/ocr/jbrs/text/251040-dca9905d5069.txt	data/working/ocr/jbrs/metadata/251040-dca9905d5069.json	As you all know, we are celebrating this year the Silver Jubilee of His Majesty, the King Emperor; and as you all shoul…	TWENTY FIVE YEARS	1935	1935-as-you-all-know-we-are-celebrating-this-twenty-five-years	1935-as-you-all-know-we-are-celebrating-this-twenty-five-years.pdf	1935-as-you-all-know-we-are-celebrating-this-twenty-five-years.txt	1935-as-you-all-know-we-are-celebrating-this-twenty-five-years.json	medium	deferred_outside_phase1_scope	
252049-b632e7b1e80c	jbrs-ocr-1719	252049.pdf	Burmese/Burma JBRS/JBRS Originals/252049.pdf	data/working/ocr/jbrs/text/252049-b632e7b1e80c.txt	data/working/ocr/jbrs/metadata/252049-b632e7b1e80c.json	Intercourse between Siam and Burma	PREFACE	1935	1935-intercourse-between-siam-burma-preface	1935-intercourse-between-siam-burma-preface.pdf	1935-intercourse-between-siam-burma-preface.txt	1935-intercourse-between-siam-burma-preface.json	medium	deferred_outside_phase1_scope	
253109-adcc22071a9c	jbrs-ocr-1720	253109.pdf	Burmese/Burma JBRS/1935/253109.pdf	data/working/ocr/jbrs/text/253109-adcc22071a9c.txt	data/working/ocr/jbrs/metadata/253109-adcc22071a9c.json	The Rebellion of Prince Tharrawaddy and the Deposition of Bagyidaw King of Burma, .* Bagyidaw ruled over Burma for 18 y…		1935					medium	needs_manual_review	
253121-af9ff5a00974	jbrs-ocr-1721	253121.pdf	Burmese/Burma JBRS/1935/253121.pdf	data/working/ocr/jbrs/text/253121-af9ff5a00974.txt	data/working/ocr/jbrs/metadata/253121-af9ff5a00974.json	THE KINWUN MINGYI AT HOME. 1. HIS PARENTS. This article only deals with the Mingyi's life in the Pagyi and Alon Wunship…		1935					medium	needs_manual_review	
253129-acf5c2e71a2b	jbrs-ocr-1722	253129.pdf	Burmese/Burma JBRS/JBRS Originals/253129.pdf	data/working/ocr/jbrs/text/253129-acf5c2e71a2b.txt	data/working/ocr/jbrs/metadata/253129-acf5c2e71a2b.json	A New Translation of Let We Thon Dhara's	Famous Ratu	1935	1935-new-translation-let-we-thon-dhara-s-famous-ratu	1935-new-translation-let-we-thon-dhara-s-famous-ratu.pdf	1935-new-translation-let-we-thon-dhara-s-famous-ratu.txt	1935-new-translation-let-we-thon-dhara-s-famous-ratu.json	medium	deferred_outside_phase1_scope	
253137-1f80b7d7e596	jbrs-ocr-1723	253137.pdf	Burmese/Burma JBRS/1935/253137.pdf	data/working/ocr/jbrs/text/253137-1f80b7d7e596.txt	data/working/ocr/jbrs/metadata/253137-1f80b7d7e596.json	The Union of Certain Epiphyses in a Mixed Female	Population in Rangoon	1935	1935-union-certain-epiphyses-mixed-female-population-in-rangoon	1935-union-certain-epiphyses-mixed-female-population-in-rangoon.pdf	1935-union-certain-epiphyses-mixed-female-population-in-rangoon.txt	1935-union-certain-epiphyses-mixed-female-population-in-rangoon.json	medium	deferred_outside_phase1_scope	
253145-f345bbc8cd4b	jbrs-ocr-1724	253145.pdf	Burmese/Burma JBRS/1935/253145.pdf	data/working/ocr/jbrs/text/253145-f345bbc8cd4b.txt	data/working/ocr/jbrs/metadata/253145-f345bbc8cd4b.json	(AN ADDITIONAL (THIRD & SEPARATE) HEAD OF THE	Anatomical Note	1935	1935-additional-third-separate-head-anatomical-note	1935-additional-third-separate-head-anatomical-note.pdf	1935-additional-third-separate-head-anatomical-note.txt	1935-additional-third-separate-head-anatomical-note.json	medium	deferred_outside_phase1_scope	
253160-6f1fbe1d53ba	jbrs-ocr-1726	253160.pdf	Burmese/Burma JBRS/1935/253160.pdf	data/working/ocr/jbrs/text/253160-6f1fbe1d53ba.txt	data/working/ocr/jbrs/metadata/253160-6f1fbe1d53ba.json	160 JOUR. BURMA RESEARCH SOC. XXV, III	Dear Mr Secretary	1935	1935-160-jour-burma-research-soc-xxv-iii-dear-mr-secretary	1935-160-jour-burma-research-soc-xxv-iii-dear-mr-secretary.pdf	1935-160-jour-burma-research-soc-xxv-iii-dear-mr-secretary.txt	1935-160-jour-burma-research-soc-xxv-iii-dear-mr-secretary.json	medium	deferred_outside_phase1_scope	
253161-2f9b3f38ebe8	jbrs-ocr-1727	253161.pdf	Burmese/Burma JBRS/JBRS Originals/253161.pdf	data/working/ocr/jbrs/text/253161-2f9b3f38ebe8.txt	data/working/ocr/jbrs/metadata/253161-2f9b3f38ebe8.json	COPY OF A LETTER DATED AKYAB 22ND JUNE	My dear Capt. Crisp	1935	1935-copy-letter-dated-akyab-22nd-june-my-dear-capt-crisp	1935-copy-letter-dated-akyab-22nd-june-my-dear-capt-crisp.pdf	1935-copy-letter-dated-akyab-22nd-june-my-dear-capt-crisp.txt	1935-copy-letter-dated-akyab-22nd-june-my-dear-capt-crisp.json	medium	deferred_outside_phase1_scope	
253162-59327c1d4171	jbrs-ocr-1728	253162.pdf	Burmese/Burma JBRS/JBRS Originals/253162.pdf	data/working/ocr/jbrs/text/253162-59327c1d4171.txt	data/working/ocr/jbrs/metadata/253162-59327c1d4171.json	871 ECC 4, dated the 22nd 23rd May , by the Commissioner, Tenasserim Division, Moulmein	information	1935	1935-871-ecc-4-dated-22nd-23rd-may-commissioner-information	1935-871-ecc-4-dated-22nd-23rd-may-commissioner-information.pdf	1935-871-ecc-4-dated-22nd-23rd-may-commissioner-information.txt	1935-871-ecc-4-dated-22nd-23rd-may-commissioner-information.json	medium	deferred_outside_phase1_scope	
261001-23882d2b0bf8	jbrs-ocr-1729	261001.pdf	Burmese/Burma JBRS/JBRS Originals/261001.pdf	data/working/ocr/jbrs/text/261001-23882d2b0bf8.txt	data/working/ocr/jbrs/metadata/261001-23882d2b0bf8.json	Studies in Dutch Relations with Arakan 1. DUTCH RELATIONS WITH KING THIRITHUDAMMA OF ARAKAN (1622 1638)		1936					medium	needs_manual_review	
261033-f6f8e1c2177e	jbrs-ocr-1730	261033.pdf	Burmese/Burma JBRS/JBRS Originals/261033.pdf	data/working/ocr/jbrs/text/261033-f6f8e1c2177e.txt	data/working/ocr/jbrs/metadata/261033-f6f8e1c2177e.json	U Htaung Bo's Rebellion The story of U Htaung Bo current in the Lower Chindwin district may not be accurate but is pe…		1936					medium	needs_manual_review	
261035-efd44a3e2d9f	jbrs-ocr-1731	261035.pdf	Burmese/Burma JBRS/JBRS Originals/261035.pdf	data/working/ocr/jbrs/text/261035-efd44a3e2d9f.txt	data/working/ocr/jbrs/metadata/261035-efd44a3e2d9f.json	I send herewith 2 maps and other material which 1 hope you will think worthy to be published in the B. R. S. Journal. T…	Dear Sir	1936	1936-i-send-herewith-2-maps-other-material-which-dear	1936-i-send-herewith-2-maps-other-material-which-dear.pdf	1936-i-send-herewith-2-maps-other-material-which-dear.txt	1936-i-send-herewith-2-maps-other-material-which-dear.json	medium	deferred_outside_phase1_scope	
262071-013bbde34dc9	jbrs-ocr-1733	262071.pdf	Burmese/Burma JBRS/1936/262071.pdf	data/working/ocr/jbrs/text/262071-013bbde34dc9.txt	data/working/ocr/jbrs/metadata/262071-013bbde34dc9.json	History of the Burmese Mission to India October July . Chapter I. The Appointment of the Envoys and their arrival and s…		1936					medium	needs_manual_review	
262110-41a7efb55a79	jbrs-ocr-1734	262110.pdf	Burmese/Burma JBRS/1936/262110.pdf	data/working/ocr/jbrs/text/262110-41a7efb55a79.txt	data/working/ocr/jbrs/metadata/262110-41a7efb55a79.json	Burma and the American State Papers Beginning with the year the Secretary of State of the United States government bega…		1936					medium	needs_manual_review	
262116-7150ad99fba3	jbrs-ocr-1735	262116.pdf	Burmese/Burma JBRS/1936/262116.pdf	data/working/ocr/jbrs/text/262116-7150ad99fba3.txt	data/working/ocr/jbrs/metadata/262116-7150ad99fba3.json	Herbert Hoover and his Connection with Burma Herbert Hoover, thirty first President of the United States of America, wa…		1936					medium	needs_manual_review	
262119-aa2bc12e3738	jbrs-ocr-1736	262119.pdf	Burmese/Burma JBRS/JBRS Originals/262119.pdf	data/working/ocr/jbrs/text/262119-aa2bc12e3738.txt	data/working/ocr/jbrs/metadata/262119-aa2bc12e3738.json	A Palæolith From Yenangyaung The small hand axe illustrated herewith (Fig. 1) was picked up recently on the Yenangyaung…	inches long	1936	1936-pal-olith-yenangyaung-small-hand-axe-illustrated-herewith-inches-long	1936-pal-olith-yenangyaung-small-hand-axe-illustrated-herewith-inches-long.pdf	1936-pal-olith-yenangyaung-small-hand-axe-illustrated-herewith-inches-long.txt	1936-pal-olith-yenangyaung-small-hand-axe-illustrated-herewith-inches-long.json	medium	deferred_outside_phase1_scope	
262122-8b943efcf25c	jbrs-ocr-1737	262122.pdf	Burmese/Burma JBRS/1936/262122.pdf	data/working/ocr/jbrs/text/262122-8b943efcf25c.txt	data/working/ocr/jbrs/metadata/262122-8b943efcf25c.json	s achievements as a general, which are sufficiently well known and which can be studied in U Thein Maung	Maha Bandula at Home	1936	1936-s-achievements-as-general-which-are-sufficiently-well-maha-bandula-at-home	1936-s-achievements-as-general-which-are-sufficiently-well-maha-bandula-at-home.pdf	1936-s-achievements-as-general-which-are-sufficiently-well-maha-bandula-at-home.txt	1936-s-achievements-as-general-which-are-sufficiently-well-maha-bandula-at-home.json	medium	deferred_outside_phase1_scope	
263131-82440c497d98	jbrs-ocr-1738	263131.pdf	Burmese/Burma JBRS/JBRS Originals/263131.pdf	data/working/ocr/jbrs/text/263131-82440c497d98.txt	data/working/ocr/jbrs/metadata/263131-82440c497d98.json	Prayers of Ancient Burma	G. H. Luce	1936	1936-prayers-ancient-burma-g-h-luce-scan-2	1936-prayers-ancient-burma-g-h-luce-scan-2.pdf	1936-prayers-ancient-burma-g-h-luce-scan-2.txt	1936-prayers-ancient-burma-g-h-luce-scan-2.json	high	deferred_outside_phase1_scope	duplicate_of=1936-prayersburma-luce1936-pdf; collision_with=1936-prayers-ancient-burma-g-h-luce
263139-bba6fa22e2a4	jbrs-ocr-1739	263139.pdf	Burmese/Burma JBRS/1936/263139.pdf	data/working/ocr/jbrs/text/263139-bba6fa22e2a4.txt	data/working/ocr/jbrs/metadata/263139-bba6fa22e2a4.json	The Memorial in 33rd Street* the habit of frequenting, but it is not quite so unattractive a neighbourhood as it was a…		1936					medium	needs_manual_review	
263147-8c40373811dd	jbrs-ocr-1740	263147.pdf	Burmese/Burma JBRS/JBRS Originals/263147.pdf	data/working/ocr/jbrs/text/263147-8c40373811dd.txt	data/working/ocr/jbrs/metadata/263147-8c40373811dd.json	A Map of Burma (1795) by a Burmese Slave When the First Anglo Burmese War broke out in the Kubo Valley lying between Ma…		1936					medium	needs_manual_review	
263153-085d413ba955	jbrs-ocr-1741	263153.pdf	Burmese/Burma JBRS/1936/263153.pdf	data/working/ocr/jbrs/text/263153-085d413ba955.txt	data/working/ocr/jbrs/metadata/263153-085d413ba955.json	GASTRO INTESTINAL MEASUREMENTS IN ORIENTALS, A SUGGESTED STANDARD FOR THE STOMACH AND INFORMATION ON THE APPENDIX, MESE…	AND PERITONEAL FOSSAE	1936	1936-gastro-intestinal-measurements-orientals-suggested-standard-stomach-information-and-peritoneal-fossae	1936-gastro-intestinal-measurements-orientals-suggested-standard-stomach-information-and-peritoneal-fossae.pdf	1936-gastro-intestinal-measurements-orientals-suggested-standard-stomach-information-and-peritoneal-fossae.txt	1936-gastro-intestinal-measurements-orientals-suggested-standard-stomach-information-and-peritoneal-fossae.json	medium	deferred_outside_phase1_scope	
263157-4b11ac6d0804	jbrs-ocr-1742	263157.pdf	Burmese/Burma JBRS/1936/263157.pdf	data/working/ocr/jbrs/text/263157-4b11ac6d0804.txt	data/working/ocr/jbrs/metadata/263157-4b11ac6d0804.json	Venous Patterns in the Superficial Cubital Region of the Upper Limb in Orientals It is well known that veins are the su…		1936					medium	needs_manual_review	
263163-467c7fd501bf	jbrs-ocr-1743	263163.pdf	Burmese/Burma JBRS/JBRS Originals/263163.pdf	data/working/ocr/jbrs/text/263163-467c7fd501bf.txt	data/working/ocr/jbrs/metadata/263163-467c7fd501bf.json	The Konbyin Terrace of the Irrawaddy at Thayetmyo In the eight miles of its course between the two nodal points determi…		1936					medium	needs_manual_review	
263171-da1960b86d45	jbrs-ocr-1744	263171.pdf	Burmese/Burma JBRS/JBRS Originals/263171.pdf	data/working/ocr/jbrs/text/263171-da1960b86d45.txt	data/working/ocr/jbrs/metadata/263171-da1960b86d45.json	The Exhibition which the Society held in the rains of having aroused some degree of interest, it was decided to repeat…	The Society's Exhibition	1936	1936-exhibition-which-society-held-rains-having-aroused-some-the-society-s-exhibition	1936-exhibition-which-society-held-rains-having-aroused-some-the-society-s-exhibition.pdf	1936-exhibition-which-society-held-rains-having-aroused-some-the-society-s-exhibition.txt	1936-exhibition-which-society-held-rains-having-aroused-some-the-society-s-exhibition.json	medium	deferred_outside_phase1_scope	
271001-be28ce1583a5	jbrs-ocr-1745	271001.pdf	Burmese/Burma JBRS/1937/271001.pdf	data/working/ocr/jbrs/text/271001-be28ce1583a5.txt	data/working/ocr/jbrs/metadata/271001-be28ce1583a5.json	EVENTS AT THE COURT AND CAPITAL OF AVA DURING THE FIRST ANGLO BURMESE WAR*		1937					medium	needs_manual_review	
271015-9779b019a3bf	jbrs-ocr-1746	271015.pdf	Burmese/Burma JBRS/JBRS Originals/271015.pdf	data/working/ocr/jbrs/text/271015-9779b019a3bf.txt	data/working/ocr/jbrs/metadata/271015-9779b019a3bf.json	BURMESE RULE ON THE TOUNGOO FRONTIER. 1		1937					medium	needs_manual_review	
271033-e9a11aa8cdd5	jbrs-ocr-1747	271033.pdf	Burmese/Burma JBRS/1937/271033.pdf	data/working/ocr/jbrs/text/271033-e9a11aa8cdd5.txt	data/working/ocr/jbrs/metadata/271033-e9a11aa8cdd5.json	THE COMMERCIAL TREATY OF .* On the 15th April Lieutenant Colonel Phayre, Chief Commissioner of British Burma, addressed…		1937					medium	needs_manual_review	
271053-894534de567c	jbrs-ocr-1748	271053.pdf	Burmese/Burma JBRS/1937/271053.pdf	data/working/ocr/jbrs/text/271053-894534de567c.txt	data/working/ocr/jbrs/metadata/271053-894534de567c.json	ECONOMIC GRID FOR X RAY INVESTIGATION OF	THORACIC AND ABDOMINAL CONDITIONS	1937	1937-economic-grid-x-ray-investigation-thoracic-and-abdominal-conditions	1937-economic-grid-x-ray-investigation-thoracic-and-abdominal-conditions.pdf	1937-economic-grid-x-ray-investigation-thoracic-and-abdominal-conditions.txt	1937-economic-grid-x-ray-investigation-thoracic-and-abdominal-conditions.json	medium	deferred_outside_phase1_scope	
271061-dca2a3af11ad	jbrs-ocr-1749	271061.pdf	Burmese/Burma JBRS/1937/271061.pdf	data/working/ocr/jbrs/text/271061-dca2a3af11ad.txt	data/working/ocr/jbrs/metadata/271061-dca2a3af11ad.json	THE RICE INDUSTRY OF BURMA. * Burma is the largest exporter of rice of any country in the world; her exports are more t…		1937					medium	needs_manual_review	
271074-e876dd7c50c6	jbrs-ocr-1750	271074.pdf	Burmese/Burma JBRS/JBRS Originals/271074.pdf	data/working/ocr/jbrs/text/271074-e876dd7c50c6.txt	data/working/ocr/jbrs/metadata/271074-e876dd7c50c6.json	PREHISTORIC STONE IMPLEMENTS FROM THE KONBYINMYINT OF THE IRRAWADDY AND	PAUNGLAUNG RIVERS	1937	1937-prehistoric-stone-implements-konbyinmyint-irrawaddy-paunglaung-rivers	1937-prehistoric-stone-implements-konbyinmyint-irrawaddy-paunglaung-rivers.pdf	1937-prehistoric-stone-implements-konbyinmyint-irrawaddy-paunglaung-rivers.txt	1937-prehistoric-stone-implements-konbyinmyint-irrawaddy-paunglaung-rivers.json	medium	deferred_outside_phase1_scope	
271075-2a9589a6ebd5	jbrs-ocr-1751	271075.pdf	Burmese/Burma JBRS/1937/271075.pdf	data/working/ocr/jbrs/text/271075-2a9589a6ebd5.txt	data/working/ocr/jbrs/metadata/271075-2a9589a6ebd5.json	THE 27 NAKSHATRAS AND THE 8 INNER	CONSTELLATIONS	1937	1937-27-nakshatras-8-inner-constellations	1937-27-nakshatras-8-inner-constellations.pdf	1937-27-nakshatras-8-inner-constellations.txt	1937-27-nakshatras-8-inner-constellations.json	medium	deferred_outside_phase1_scope	
272087-389533199214	jbrs-ocr-1752	272087.pdf	Burmese/Burma JBRS/JBRS Originals/272087.pdf	data/working/ocr/jbrs/text/1937-1-geography-kengtung-state-state-kengtung-is-largest-introduction.txt	data/working/ocr/jbrs/metadata/1937-1-geography-kengtung-state-state-kengtung-is-largest-introduction.json	1.The Geography of Kengtung State. The State of Kengtung is the largest of that group of states known as the Southern S…	Introduction	1937	1937-1-geography-kengtung-state-state-kengtung-is-largest-introduction	1937-1-geography-kengtung-state-state-kengtung-is-largest-introduction.pdf	1937-1-geography-kengtung-state-state-kengtung-is-largest-introduction.txt	1937-1-geography-kengtung-state-state-kengtung-is-largest-introduction.json	medium	renamed_in_repo	
273254-c73168dc7d34	jbrs-ocr-1753	273254.pdf	Burmese/Burma JBRS/1937/273254.pdf	data/working/ocr/jbrs/text/273254-c73168dc7d34.txt	data/working/ocr/jbrs/metadata/273254-c73168dc7d34.json	1. Recruitment. The Burmese Army.* I propose to begin at the beginning and show how a Burman joined the army		1937					medium	needs_manual_review	
273277-19e16d7bf241	jbrs-ocr-1754	273277.pdf	Burmese/Burma JBRS/1937/273277.pdf	data/working/ocr/jbrs/text/273277-19e16d7bf241.txt	data/working/ocr/jbrs/metadata/273277-19e16d7bf241.json	Early Newspapers in Burma		1937					medium	needs_manual_review	
273283-1f4f3f3d3c9a	jbrs-ocr-1755	273283.pdf	Burmese/Burma JBRS/1937/273283.pdf	data/working/ocr/jbrs/text/273283-1f4f3f3d3c9a.txt	data/working/ocr/jbrs/metadata/273283-1f4f3f3d3c9a.json	A Burma Diary of . (In the year the London Missionary Society despatched two of its members to found a mission in Burma		1937					medium	needs_manual_review	
273308-d3e69c251ca0	jbrs-ocr-1756	273308.pdf	Burmese/Burma JBRS/1937/273308.pdf	data/working/ocr/jbrs/text/273308-d3e69c251ca0.txt	data/working/ocr/jbrs/metadata/273308-d3e69c251ca0.json	My lady wife she skilleth well To give her man good cheer. She gathers buds of brown roselle When buds do first appear	Roselle Buds	1937	1937-my-lady-wife-she-skilleth-well-give-her-roselle-buds	1937-my-lady-wife-she-skilleth-well-give-her-roselle-buds.pdf	1937-my-lady-wife-she-skilleth-well-give-her-roselle-buds.txt	1937-my-lady-wife-she-skilleth-well-give-her-roselle-buds.json	medium	deferred_outside_phase1_scope	
273310-6429684e1894	jbrs-ocr-1757	273310.pdf	Burmese/Burma JBRS/1937/273310.pdf	data/working/ocr/jbrs/text/273310-6429684e1894.txt	data/working/ocr/jbrs/metadata/273310-6429684e1894.json	FRENCH POLICY AND DEVELOPMENT IN INDO CHINA. By Thomas E. Ennis. (Chicago, Illinois, U.S.A	Reviews	1937	1937-french-policy-development-indo-china-thomas-e-ennis-reviews	1937-french-policy-development-indo-china-thomas-e-ennis-reviews.pdf	1937-french-policy-development-indo-china-thomas-e-ennis-reviews.txt	1937-french-policy-development-indo-china-thomas-e-ennis-reviews.json	medium	deferred_outside_phase1_scope	
273310a-902bf3a6443f	jbrs-ocr-1758	273310A.pdf	Burmese/Burma JBRS/1937/273310A.pdf	data/working/ocr/jbrs/text/273310a-902bf3a6443f.txt	data/working/ocr/jbrs/metadata/273310a-902bf3a6443f.json	EASTWARD: THE STORY OF ADONIRAM JUDSON. By Stacy R. Warburton (New York City, Round Table Press, $2.50). Dr Warburton's…		1937					medium	needs_manual_review	
273312-7463dd0e16ec	jbrs-ocr-1759	273312.pdf	Burmese/Burma JBRS/1937/273312.pdf	data/working/ocr/jbrs/text/273312-7463dd0e16ec.txt	data/working/ocr/jbrs/metadata/273312-7463dd0e16ec.json	An Introduction to Colloquial Burmese, by J. A. Stewart (British Burma Press, Rs. 3.) Under the modest title of An Intr…	J. A. Stewart	1937	1937-introduction-colloquial-burmese-j-stewart-british-burma-press-j-a-stewart	1937-introduction-colloquial-burmese-j-stewart-british-burma-press-j-a-stewart.pdf	1937-introduction-colloquial-burmese-j-stewart-british-burma-press-j-a-stewart.txt	1937-introduction-colloquial-burmese-j-stewart-british-burma-press-j-a-stewart.json	medium	deferred_outside_phase1_scope	
281001-fadc60a4137a	jbrs-ocr-1760	281001.pdf	Burmese/Burma JBRS/1938/281001.pdf	data/working/ocr/jbrs/text/281001-fadc60a4137a.txt	data/working/ocr/jbrs/metadata/281001-fadc60a4137a.json	Felix Carey and the English Baptist Mission in Burma. Thanks are due to the officials of the Baptist Missionary Society…	D. G. E. Hall	1938	1938-felix-carey-english-baptist-mission-burma-thanks-are-d-g-e-hall	1938-felix-carey-english-baptist-mission-burma-thanks-are-d-g-e-hall.pdf	1938-felix-carey-english-baptist-mission-burma-thanks-are-d-g-e-hall.txt	1938-felix-carey-english-baptist-mission-burma-thanks-are-d-g-e-hall.json	medium	deferred_outside_phase1_scope	
281092-c67237413f44	jbrs-ocr-1761	281092.pdf	Burmese/Burma JBRS/JBRS Originals/281092.pdf	data/working/ocr/jbrs/text/1938-mon-inscription-kyanzittha-ayetthema-hill-april-i-paid-pe-maung-tin-scan-2.txt	data/working/ocr/jbrs/metadata/1938-mon-inscription-kyanzittha-ayetthema-hill-april-i-paid-pe-maung-tin-scan-2.json	A Mon Inscription by Kyanzittha at Ayetthema Hill In April I paid my first visit on a holiday to Ayetthema Hill on the…	U Pe Maung Tin	1938	1938-mon-inscription-kyanzittha-ayetthema-hill-april-i-paid-pe-maung-tin-scan-2	1938-mon-inscription-kyanzittha-ayetthema-hill-april-i-paid-pe-maung-tin-scan-2.pdf	1938-mon-inscription-kyanzittha-ayetthema-hill-april-i-paid-pe-maung-tin-scan-2.txt	1938-mon-inscription-kyanzittha-ayetthema-hill-april-i-paid-pe-maung-tin-scan-2.json	high	renamed_in_repo	duplicate_of=1938-moninscriptionayethema-pemaungtin1938-pdf; collision_with=1938-mon-inscription-kyanzittha-ayetthema-hill-april-i-paid-pe-maung-tin
282095-3c9999a3a1e3	jbrs-ocr-1762	282095.pdf	Burmese/Burma JBRS/JBRS Originals/282095.pdf	data/working/ocr/jbrs/text/282095-3c9999a3a1e3.txt	data/working/ocr/jbrs/metadata/282095-3c9999a3a1e3.json	COPPER AND BRONZE ANTIQUITIES FROM BURMA In comparison with the number of Stone Age artefacts which have now been disco…		1938					medium	needs_manual_review	
282100-c2e173cc005e	jbrs-ocr-1763	282100.pdf	Burmese/Burma JBRS/JBRS Originals/282100.pdf	data/working/ocr/jbrs/text/282100-c2e173cc005e.txt	data/working/ocr/jbrs/metadata/282100-c2e173cc005e.json	ARCHIVES OF AN ARAKAN FAMILY. I recently had the pleasure of looking through a set of twenty documents in the possessio…		1938					medium	needs_manual_review	
282109-dadda21920c9	jbrs-ocr-1764	282109.pdf	Burmese/Burma JBRS/JBRS Originals/282109.pdf	data/working/ocr/jbrs/text/282109-dadda21920c9.txt	data/working/ocr/jbrs/metadata/282109-dadda21920c9.json	INTERCOURSE BETWEEN SIAM AND BURMA. The present translation is the second installment of the translation of such portio…		1938					medium	needs_manual_review	
282177-86a23b01eace	jbrs-ocr-1765	282177.pdf	Burmese/Burma JBRS/JBRS Originals/282177.pdf	data/working/ocr/jbrs/text/282177-86a23b01eace.txt	data/working/ocr/jbrs/metadata/282177-86a23b01eace.json	SOME SOCIAL EFFECTS OF THE RELIGION AND SACRIFICES OF THE ZAHAU CHINS		1938					medium	needs_manual_review	
282193-dbfd5ebb7516	jbrs-ocr-1766	282193.pdf	Burmese/Burma JBRS/1938/282193.pdf	data/working/ocr/jbrs/text/282193-dbfd5ebb7516.txt	data/working/ocr/jbrs/metadata/282193-dbfd5ebb7516.json	EARLY DAYS IN THE POLICE IN ARAKAN		1938					medium	needs_manual_review	
282232-18ca1f9ed091	jbrs-ocr-1768	282232.pdf	Burmese/Burma JBRS/JBRS Originals/282232.pdf	data/working/ocr/jbrs/text/282232-18ca1f9ed091.txt	data/working/ocr/jbrs/metadata/282232-18ca1f9ed091.json	Eastward		1938					medium	needs_manual_review	
282233-d8668741efba	jbrs-ocr-1769	282233.pdf	Burmese/Burma JBRS/1938/282233.pdf	data/working/ocr/jbrs/text/282233-d8668741efba.txt	data/working/ocr/jbrs/metadata/282233-d8668741efba.json	BAGYIDAW AS EX KING Bagyidaw, the sixth king of the Konbaung Dynasty of Burma, reigned from to . In , his younger broth…		1938					medium	needs_manual_review	
291001-cad6568614c2	jbrs-ocr-1770	291001.pdf	Burmese/Burma JBRS/JBRS Originals/291001.pdf	data/working/ocr/jbrs/text/291001-cad6568614c2.txt	data/working/ocr/jbrs/metadata/291001-cad6568614c2.json	THE BEGINNINGS OF BRITISH RULE IN BURMA	THE FASHIONING OF LEVIATHAN	1939	1939-beginnings-british-rule-burma-the-fashioning-of-leviathan	1939-beginnings-british-rule-burma-the-fashioning-of-leviathan.pdf	1939-beginnings-british-rule-burma-the-fashioning-of-leviathan.txt	1939-beginnings-british-rule-burma-the-fashioning-of-leviathan.json	medium	deferred_outside_phase1_scope	
292139-e4dff1f83397	jbrs-ocr-1771	292139.pdf	Burmese/Burma JBRS/JBRS Originals/292139.pdf	data/working/ocr/jbrs/text/292139-e4dff1f83397.txt	data/working/ocr/jbrs/metadata/292139-e4dff1f83397.json	THE DAGHREGISTER OF BATAVIA AND DUTCH TRADE WITH BURMA IN THE	SEVENTEENTH CENTURY						low	needs_manual_review	
292157-56aa15461e87	jbrs-ocr-1772	292157.pdf	Burmese/Burma JBRS/1939/292157.pdf	data/working/ocr/jbrs/text/292157-56aa15461e87.txt	data/working/ocr/jbrs/metadata/292157-56aa15461e87.json	157 TRAGEDY AND THE BURMESE DRAMA*	I	1939	1939-157-tragedy-burmese-drama-i	1939-157-tragedy-burmese-drama-i.pdf	1939-157-tragedy-burmese-drama-i.txt	1939-157-tragedy-burmese-drama-i.json	medium	deferred_outside_phase1_scope	
292166-b0b5a7c99d5e	jbrs-ocr-1773	292166.pdf	Burmese/Burma JBRS/JBRS Originals/292166.pdf	data/working/ocr/jbrs/text/292166-b0b5a7c99d5e.txt	data/working/ocr/jbrs/metadata/292166-b0b5a7c99d5e.json	166 JOUR. BURMA RESEARCH SOC. XXIX, II	DANUBYU	1939	1939-166-jour-burma-research-soc-xxix-ii-danubyu	1939-166-jour-burma-research-soc-xxix-ii-danubyu.pdf	1939-166-jour-burma-research-soc-xxix-ii-danubyu.txt	1939-166-jour-burma-research-soc-xxix-ii-danubyu.json	medium	deferred_outside_phase1_scope	
292187-54cbd71592a6	jbrs-ocr-1774	292187.pdf	Burmese/Burma JBRS/JBRS Originals/292187.pdf	data/working/ocr/jbrs/text/292187-54cbd71592a6.txt	data/working/ocr/jbrs/metadata/292187-54cbd71592a6.json	187 A DIPLOMATIC MISSION FROM BURMA TO AMERICA Mindon Min is generally credited with having been one of Burma's best ki…		1939					medium	needs_manual_review	
292193-a6f085122f7b	jbrs-ocr-1775	292193.pdf	Burmese/Burma JBRS/JBRS Originals/292193.pdf	data/working/ocr/jbrs/text/292193-a6f085122f7b.txt	data/working/ocr/jbrs/metadata/292193-a6f085122f7b.json	193 FURTHER ARAKAN FAMILY ARCHIVES. A selection of Arakan papers appeared in this Journal last August. Another interest…	FURTHER ARAKAN FAMILY ARCHIVES	1939	1939-193-further-arakan-family-archives-selection-arakan-papers-further-arakan-family-archives	1939-193-further-arakan-family-archives-selection-arakan-papers-further-arakan-family-archives.pdf	1939-193-further-arakan-family-archives-selection-arakan-papers-further-arakan-family-archives.txt	1939-193-further-arakan-family-archives-selection-arakan-papers-further-arakan-family-archives.json	medium	deferred_outside_phase1_scope	
292198-f0d2b2d0a78a	jbrs-ocr-1776	292198.pdf	Burmese/Burma JBRS/1939/292198.pdf	data/working/ocr/jbrs/text/292198-f0d2b2d0a78a.txt	data/working/ocr/jbrs/metadata/292198-f0d2b2d0a78a.json	Netherlands India	REVIEWS	1939	1939-netherlands-india-reviews	1939-netherlands-india-reviews.pdf	1939-netherlands-india-reviews.txt	1939-netherlands-india-reviews.json	medium	deferred_outside_phase1_scope	
292208-68fe8d54ce87	jbrs-ocr-1777	292208.pdf	Burmese/Burma JBRS/1939/292208.pdf	data/working/ocr/jbrs/text/292208-68fe8d54ce87.txt	data/working/ocr/jbrs/metadata/292208-68fe8d54ce87.json	208 JOUR. BURMA RESEARCH SOC, REVIEW 2 XXIX, II		1939					medium	needs_manual_review	
292212-d979f75ae0fa	jbrs-ocr-1778	292212.pdf	Burmese/Burma JBRS/1939/292212.pdf	data/working/ocr/jbrs/text/292212-d979f75ae0fa.txt	data/working/ocr/jbrs/metadata/292212-d979f75ae0fa.json	212 JOUR. BURMA RESEARCH SOC. REVIEW 3. XXIX, II		1939					medium	needs_manual_review	
293215-3f3534af1590	jbrs-ocr-1779	293215.pdf	Burmese/Burma JBRS/1939/293215.pdf	data/working/ocr/jbrs/text/293215-3f3534af1590.txt	data/working/ocr/jbrs/metadata/293215-3f3534af1590.json	DENMARK'S INTEREST IN BURMA AND THE	NICOBAR ISLANDS	1939	1939-denmark-s-interest-burma-nicobar-islands	1939-denmark-s-interest-burma-nicobar-islands.pdf	1939-denmark-s-interest-burma-nicobar-islands.txt	1939-denmark-s-interest-burma-nicobar-islands.json	medium	deferred_outside_phase1_scope	
293233-eb48372c65e3	jbrs-ocr-1780	293233.pdf	Burmese/Burma JBRS/1939/293233.pdf	data/working/ocr/jbrs/text/293233-eb48372c65e3.txt	data/working/ocr/jbrs/metadata/293233-eb48372c65e3.json	DENMARK		1939					medium	needs_manual_review	
293236-39a8ce4974e0	jbrs-ocr-1781	293236.pdf	Burmese/Burma JBRS/1939/293236.pdf	data/working/ocr/jbrs/text/293236-39a8ce4974e0.txt	data/working/ocr/jbrs/metadata/293236-39a8ce4974e0.json	EUROPEANS IN BURMA OF THE FIFTEENTH CENTURY. 1. One sign of the growth of oversea communications with Burma during the…		1939					medium	needs_manual_review	
293250-d2524020816e	jbrs-ocr-1782	293250.pdf	Burmese/Burma JBRS/1939/293250.pdf	data/working/ocr/jbrs/text/293250-d2524020816e.txt	data/working/ocr/jbrs/metadata/293250-d2524020816e.json	Admiral Sir William Garnham Luard was born at Witham, in Essex, on the 7th April . He entered the Royal Naval College a…	ADMIRAL LUARD	1939	1939-admiral-sir-william-garnham-luard-was-born-witham-admiral-luard	1939-admiral-sir-william-garnham-luard-was-born-witham-admiral-luard.pdf	1939-admiral-sir-william-garnham-luard-was-born-witham-admiral-luard.txt	1939-admiral-sir-william-garnham-luard-was-born-witham-admiral-luard.json	medium	deferred_outside_phase1_scope	
293257-7754d3d6c1d4	jbrs-ocr-1783	293257.pdf	Burmese/Burma JBRS/JBRS Originals/293257.pdf	data/working/ocr/jbrs/text/293257-7754d3d6c1d4.txt	data/working/ocr/jbrs/metadata/293257-7754d3d6c1d4.json	THE STATE OF BURMA IN 1790		1939					medium	needs_manual_review	
301283-02e08d098958	jbrs-ocr-1785	301283.pdf	Burmese/Burma JBRS/JBRS Originals/301283.pdf	data/working/ocr/jbrs/text/301283-02e08d098958.txt	data/working/ocr/jbrs/metadata/301283-02e08d098958.json	ECONOMIC LIFE OF THE EARLY BURMAN							low	needs_manual_review	
301336-31dabf53eac3	jbrs-ocr-1786	301336.pdf	Burmese/Burma JBRS/JBRS Originals/301336.pdf	data/working/ocr/jbrs/text/301336-31dabf53eac3.txt	data/working/ocr/jbrs/metadata/301336-31dabf53eac3.json	FOUR NOTABLES OF THE LOWER CHINDWIN. In the reign of King Bodawpaya four noteworthy Buddhist monks flourished in a smal…		1940					medium	needs_manual_review	
301343-6cf86c2df2d2	jbrs-ocr-1787	301343.pdf	Burmese/Burma JBRS/JBRS Originals/301343.pdf	data/working/ocr/jbrs/text/301343-6cf86c2df2d2.txt	data/working/ocr/jbrs/metadata/301343-6cf86c2df2d2.json	One of the problems of Anatomy Departments in tropical lands is the fact that the completion of almost any construction…	EMBRYOLOGY IN CONCRETE	1940	1940-one-problems-anatomy-departments-tropical-lands-is-fact-embryology-in-concrete	1940-one-problems-anatomy-departments-tropical-lands-is-fact-embryology-in-concrete.pdf	1940-one-problems-anatomy-departments-tropical-lands-is-fact-embryology-in-concrete.txt	1940-one-problems-anatomy-departments-tropical-lands-is-fact-embryology-in-concrete.json	medium	deferred_outside_phase1_scope	
301345-5ef8a98b83c8	jbrs-ocr-1788	301345.pdf	Burmese/Burma JBRS/JBRS Originals/301345.pdf	data/working/ocr/jbrs/text/301345-5ef8a98b83c8.txt	data/working/ocr/jbrs/metadata/301345-5ef8a98b83c8.json	(1) Mr	NOTES AND QUERIES	1940	1940-1-mr-notes-and-queries	1940-1-mr-notes-and-queries.pdf	1940-1-mr-notes-and-queries.txt	1940-1-mr-notes-and-queries.json	medium	deferred_outside_phase1_scope	
301345a-bbb481995f76	jbrs-ocr-1789	301345A.pdf	Burmese/Burma JBRS/1940/301345A.pdf	data/working/ocr/jbrs/text/301345a-bbb481995f76.txt	data/working/ocr/jbrs/metadata/301345a-bbb481995f76.json	Among the parabeiks which some years ago were transferred from the Secretariat to the Rangoon University, is a document…		1940					medium	needs_manual_review	
301346-dce0f44d77a5	jbrs-ocr-1790	301346.pdf	Burmese/Burma JBRS/1940/301346.pdf	data/working/ocr/jbrs/text/301346-dce0f44d77a5.txt	data/working/ocr/jbrs/metadata/301346-dce0f44d77a5.json	How many fingers do I hold up?		1940					medium	needs_manual_review	
301347-8fd126704fce	jbrs-ocr-1791	301347.pdf	Burmese/Burma JBRS/JBRS Originals/301347.pdf	data/working/ocr/jbrs/text/301347-8fd126704fce.txt	data/working/ocr/jbrs/metadata/301347-8fd126704fce.json	Denmark		1940					medium	needs_manual_review	
301348-510ea60d60c3	jbrs-ocr-1792	301348.pdf	Burmese/Burma JBRS/JBRS Originals/301348.pdf	data/working/ocr/jbrs/text/301348-510ea60d60c3.txt	data/working/ocr/jbrs/metadata/301348-510ea60d60c3.json	(5) FOR MAUNG KHWAY' (မောင်ခွေးဘို့)—It is not often that books of nursery rhymes qualify for notice in the journals of…	C	1940	1940-5-maung-khway-it-is-not-often-that-c	1940-5-maung-khway-it-is-not-often-that-c.pdf	1940-5-maung-khway-it-is-not-often-that-c.txt	1940-5-maung-khway-it-is-not-often-that-c.json	medium	deferred_outside_phase1_scope	
301349-aad002ed364d	jbrs-ocr-1793	301349.pdf	Burmese/Burma JBRS/1940/301349.pdf	data/working/ocr/jbrs/text/301349-aad002ed364d.txt	data/working/ocr/jbrs/metadata/301349-aad002ed364d.json	The Society's Library. Several up country members of the Society have inquired about the rules for borrowing books from…	of the Librarian	1940	1940-society-s-library-several-up-country-members-society-of-the-librarian	1940-society-s-library-several-up-country-members-society-of-the-librarian.pdf	1940-society-s-library-several-up-country-members-society-of-the-librarian.txt	1940-society-s-library-several-up-country-members-society-of-the-librarian.json	medium	deferred_outside_phase1_scope	
301351-ed8da7b41f63	jbrs-ocr-1794	301351.pdf	Burmese/Burma JBRS/1940/301351.pdf	data/working/ocr/jbrs/text/1940-manu-burma-some-burmese-dhammathats-i.txt	data/working/ocr/jbrs/metadata/1940-manu-burma-some-burmese-dhammathats-i.json	MANU IN BURMA: SOME BURMESE DHAMMATHATS	I	1940	1940-manu-burma-some-burmese-dhammathats-i	1940-manu-burma-some-burmese-dhammathats-i.pdf	1940-manu-burma-some-burmese-dhammathats-i.txt	1940-manu-burma-some-burmese-dhammathats-i.json	medium	renamed_in_repo	
301371-20ef9d3fe130	jbrs-ocr-1795	301371.pdf	Burmese/Burma JBRS/1940/301371.pdf	data/working/ocr/jbrs/text/301371-20ef9d3fe130.txt	data/working/ocr/jbrs/metadata/301371-20ef9d3fe130.json	Certaine Words of Pegu Language	C. O. Blagden	1940	1940-certaine-words-pegu-language-c-o-blagden	1940-certaine-words-pegu-language-c-o-blagden.pdf	1940-certaine-words-pegu-language-c-o-blagden.txt	1940-certaine-words-pegu-language-c-o-blagden.json	medium	deferred_outside_phase1_scope	
301376-de0b5082af8a	jbrs-ocr-1796	301376.pdf	Burmese/Burma JBRS/1940/301376.pdf	data/working/ocr/jbrs/text/301376-de0b5082af8a.txt	data/working/ocr/jbrs/metadata/301376-de0b5082af8a.json	SUPERSTITIONS OF BURMESE CRIMINALS* Burmese criminals believe in superstition and the performance of cer tain rites bef…	Months	1940	1940-superstitions-burmese-criminals-burmese-criminals-believe-superstition-performance-months	1940-superstitions-burmese-criminals-burmese-criminals-believe-superstition-performance-months.pdf	1940-superstitions-burmese-criminals-burmese-criminals-believe-superstition-performance-months.txt	1940-superstitions-burmese-criminals-burmese-criminals-believe-superstition-performance-months.json	medium	deferred_outside_phase1_scope	
301384-884a7b619638	jbrs-ocr-1797	301384.pdf	Burmese/Burma JBRS/1940/301384.pdf	data/working/ocr/jbrs/text/301384-884a7b619638.txt	data/working/ocr/jbrs/metadata/301384-884a7b619638.json	BURMESE PRINTED BOOKS BEFORE JUDSON The centenary of the completion of Judson's Burmese Bible is an occa sion for the c…		1940					medium	needs_manual_review	
301386-aeb4f9fb70ec	jbrs-ocr-1798	301386.pdf	Burmese/Burma JBRS/1940/301386.pdf	data/working/ocr/jbrs/text/301386-aeb4f9fb70ec.txt	data/working/ocr/jbrs/metadata/301386-aeb4f9fb70ec.json	Various methods of fire making are in use among the tribes of the Northeast Frontier, the Shan and Karenni States. The…	THE FIRE PISTON	1940	1940-various-methods-fire-making-are-use-among-tribes-the-fire-piston	1940-various-methods-fire-making-are-use-among-tribes-the-fire-piston.pdf	1940-various-methods-fire-making-are-use-among-tribes-the-fire-piston.txt	1940-various-methods-fire-making-are-use-among-tribes-the-fire-piston.json	medium	deferred_outside_phase1_scope	
301387-ee5c670ed841	jbrs-ocr-1799	301387.pdf	Burmese/Burma JBRS/1940/301387.pdf	data/working/ocr/jbrs/text/301387-ee5c670ed841.txt	data/working/ocr/jbrs/metadata/301387-ee5c670ed841.json	BURMESE MUSIC	(A Preliminary Enquiry)	1940	1940-burmese-music-a-preliminary-enquiry	1940-burmese-music-a-preliminary-enquiry.pdf	1940-burmese-music-a-preliminary-enquiry.txt	1940-burmese-music-a-preliminary-enquiry.json	medium	deferred_outside_phase1_scope	
311001-03e7c3f90427	jbrs-ocr-1800	311001.pdf	Burmese/Burma JBRS/JBRS Originals/311001.pdf	data/working/ocr/jbrs/text/311001-03e7c3f90427.txt	data/working/ocr/jbrs/metadata/311001-03e7c3f90427.json	geometric progression, the interest law, or according to VERHULST-PEARL	POPULATION WAVES*						low	needs_manual_review	
311019-19500a8a6989	jbrs-ocr-1801	311019.pdf	Burmese/Burma JBRS/JBRS Originals/311019.pdf	data/working/ocr/jbrs/text/311019-19500a8a6989.txt	data/working/ocr/jbrs/metadata/311019-19500a8a6989.json	ON THE POPULATION OF THE BURMAN EMPIRE	BY	1941	1941-population-burman-empire-by	1941-population-burman-empire-by.pdf	1941-population-burman-empire-by.txt	1941-population-burman-empire-by.json	medium	deferred_outside_phase1_scope	
311035-22b4895b8234	jbrs-ocr-1802	311035.pdf	Burmese/Burma JBRS/JBRS Originals/311035.pdf	data/working/ocr/jbrs/text/311035-22b4895b8234.txt	data/working/ocr/jbrs/metadata/311035-22b4895b8234.json	EUROPEANS IN BURMA	THE EARLY PORTUGUESE	1941	1941-europeans-burma-the-early-portuguese	1941-europeans-burma-the-early-portuguese.pdf	1941-europeans-burma-the-early-portuguese.txt	1941-europeans-burma-the-early-portuguese.json	medium	deferred_outside_phase1_scope	
311041-a589c32fe404	jbrs-ocr-1803	311041.pdf	Burmese/Burma JBRS/JBRS Originals/311041.pdf	data/working/ocr/jbrs/text/311041-a589c32fe404.txt	data/working/ocr/jbrs/metadata/311041-a589c32fe404.json	THE TAUNGTHAS OF TILIN TOWNSHIP	INTRODUCTORY	1941	1941-taungthas-tilin-township-introductory	1941-taungthas-tilin-township-introductory.pdf	1941-taungthas-tilin-township-introductory.txt	1941-taungthas-tilin-township-introductory.json	medium	deferred_outside_phase1_scope	
311047-d909e46e6b56	jbrs-ocr-1804	311047.pdf	Burmese/Burma JBRS/1941/311047.pdf	data/working/ocr/jbrs/text/311047-d909e46e6b56.txt	data/working/ocr/jbrs/metadata/311047-d909e46e6b56.json	s criticism is bound to suffer from	REVIEWS	1941	1941-s-criticism-is-bound-suffer-reviews	1941-s-criticism-is-bound-suffer-reviews.pdf	1941-s-criticism-is-bound-suffer-reviews.txt	1941-s-criticism-is-bound-suffer-reviews.json	medium	deferred_outside_phase1_scope	
311050-90cc9eb27752	jbrs-ocr-1805	311050.pdf	Burmese/Burma JBRS/1941/311050.pdf	data/working/ocr/jbrs/text/311050-90cc9eb27752.txt	data/working/ocr/jbrs/metadata/311050-90cc9eb27752.json	50 JOUR. BURMA RESEARCH SOC. XXXI, I, . SIAM IN TRANSITION. By Kenneth Perry Landon		1941					medium	needs_manual_review	
311052-cd69bb9b6a58	jbrs-ocr-1806	311052.pdf	Burmese/Burma JBRS/1941/311052.pdf	data/working/ocr/jbrs/text/311052-cd69bb9b6a58.txt	data/working/ocr/jbrs/metadata/311052-cd69bb9b6a58.json	52 JOUR, BURMA RESEARCH SOC	CORRESPONDENCE	1941	1941-52-jour-burma-research-soc-correspondence	1941-52-jour-burma-research-soc-correspondence.pdf	1941-52-jour-burma-research-soc-correspondence.txt	1941-52-jour-burma-research-soc-correspondence.json	medium	deferred_outside_phase1_scope	
311052a-fa9225c9f679	jbrs-ocr-1807	311052a.pdf	Burmese/Burma JBRS/1941/311052a.pdf	data/working/ocr/jbrs/text/311052a-fa9225c9f679.txt	data/working/ocr/jbrs/metadata/311052a-fa9225c9f679.json	JOUR. BURMA RESEARCH SOC	To	1941	1941-jour-burma-research-soc-to	1941-jour-burma-research-soc-to.pdf	1941-jour-burma-research-soc-to.txt	1941-jour-burma-research-soc-to.json	medium	deferred_outside_phase1_scope	
312053-e071b4316cf7	jbrs-ocr-1808	312053.pdf	Burmese/Burma JBRS/JBRS Originals/312053.pdf	data/working/ocr/jbrs/text/312053-e071b4316cf7.txt	data/working/ocr/jbrs/metadata/312053-e071b4316cf7.json	SOME STONE AND BRONZE IMPLEMENTS	FROM THE TRIANGLE	1941	1941-some-stone-bronze-implements-from-the-triangle	1941-some-stone-bronze-implements-from-the-triangle.pdf	1941-some-stone-bronze-implements-from-the-triangle.txt	1941-some-stone-bronze-implements-from-the-triangle.json	medium	deferred_outside_phase1_scope	
312080-2961d384f5be	jbrs-ocr-1810	312080.pdf	Burmese/Burma JBRS/1941/312080.pdf	data/working/ocr/jbrs/text/312080-2961d384f5be.txt	data/working/ocr/jbrs/metadata/312080-2961d384f5be.json	THE PACIFICATION OF UPPER BURMA	A VERNACULAR HISTORY	1941	1941-pacification-upper-burma-a-vernacular-history	1941-pacification-upper-burma-a-vernacular-history.pdf	1941-pacification-upper-burma-a-vernacular-history.txt	1941-pacification-upper-burma-a-vernacular-history.json	medium	deferred_outside_phase1_scope	
312137-a6bd0ac693c1	jbrs-ocr-1811	312137.pdf	Burmese/Burma JBRS/1941/312137.pdf	data/working/ocr/jbrs/text/312137-a6bd0ac693c1.txt	data/working/ocr/jbrs/metadata/312137-a6bd0ac693c1.json	RECORDINGS OF BURMESE CLASSICAL MUSIC These are times in which the Buddhist word	(Impermanence)	1941	1941-recordings-burmese-classical-music-these-are-times-which-impermanence	1941-recordings-burmese-classical-music-these-are-times-which-impermanence.pdf	1941-recordings-burmese-classical-music-these-are-times-which-impermanence.txt	1941-recordings-burmese-classical-music-these-are-times-which-impermanence.json	medium	deferred_outside_phase1_scope	
321001-a4fadee328a6	jbrs-ocr-1812	321001.pdf	Burmese/Burma JBRS/1948/321001.pdf	data/working/ocr/jbrs/text/321001-a4fadee328a6.txt	data/working/ocr/jbrs/metadata/321001-a4fadee328a6.json	ရှေးပညာရှိကြီးများ၏စကား၊ အဂ္ဂမဟာပဏ္ဍိတ ဆရာကြီး ဦးလင်း။ မြန်မာစာပေအရေးအသားသည် အထင်အရှားအားဖြင့် မြန်မာနိုင်ငံ ပုဂံခေတ် န…		1948					medium	needs_manual_review	
321010-82d42e4676c5	jbrs-ocr-1813	321010.pdf	Burmese/Burma JBRS/1948/321010.pdf	data/working/ocr/jbrs/text/321010-82d42e4676c5.txt	data/working/ocr/jbrs/metadata/321010-82d42e4676c5.json	00 ပုန်းမကြည်(ပုမကြည်) ပုဗ္ဗကြယ် ဟူ၍ ထင်မြင်ကြောင်းနှင့် ပါရှိသော ကျောက်စာဝန်ဟောင်း ဦးမြထံ		1948					medium	needs_manual_review	
321041-28599b73662a	jbrs-ocr-1814	321041.pdf	Burmese/Burma JBRS/1948/321041.pdf	data/working/ocr/jbrs/text/321041-28599b73662a.txt	data/working/ocr/jbrs/metadata/321041-28599b73662a.json	အမေးနှင့် အဖြေ အဂ္ဂမဟာပဏ္ဍိတ ဆရာကြီး ဦးလင်း ထံသို့ ဆရာကြီးခင်ဗျား။ ။အဘိဓာန်အတွက် ပုဒ်စုရာတွင် သင်္ကာမ ကင်းဘွယ်သော အချက်…		1948					medium	needs_manual_review	
321052-00fca360f449	jbrs-ocr-1815	321052.pdf	Burmese/Burma JBRS/JBRS Originals/321052.pdf	data/working/ocr/jbrs/text/321052-00fca360f449.txt	data/working/ocr/jbrs/metadata/321052-00fca360f449.json	ပုဂံမြို့စစ်တန်း [မစ္စတာ ဂျေ၊အိုစ်၊ဖါနိဗဲလ်၏ စစ်တန်းစာအုပ်ကြီးမှ ရေးကူး ပုံနှိပ်ပါသည်။ ၁၁၂၇ ခု ပေမှ စစ်တန်း နမော တဿ ဘဂဝ…		1948					medium	needs_manual_review	
321062-d4863629104f	jbrs-ocr-1816	321062.pdf	Burmese/Burma JBRS/1948/321062.pdf	data/working/ocr/jbrs/text/321062-d4863629104f.txt	data/working/ocr/jbrs/metadata/321062-d4863629104f.json	·CURIOSITIES IN THE BURMESE LANGUAGE (1) The following phenomena can be observed in the Burmese language	M. P. H	1948	1948-curiosities-burmese-language-1-following-phenomena-can-be-m-p-h	1948-curiosities-burmese-language-1-following-phenomena-can-be-m-p-h.pdf	1948-curiosities-burmese-language-1-following-phenomena-can-be-m-p-h.txt	1948-curiosities-burmese-language-1-following-phenomena-can-be-m-p-h.json	medium	deferred_outside_phase1_scope	
321073-24e98869573f	jbrs-ocr-1817	321073.pdf	Burmese/Burma JBRS/1948/321073.pdf	data/working/ocr/jbrs/text/321073-24e98869573f.txt	data/working/ocr/jbrs/metadata/321073-24e98869573f.json	PASTEURELLOSIS IN BURMA	THE POSITION OF	1948	1948-pasteurellosis-burma-the-position-of	1948-pasteurellosis-burma-the-position-of.pdf	1948-pasteurellosis-burma-the-position-of.txt	1948-pasteurellosis-burma-the-position-of.json	medium	deferred_outside_phase1_scope	
321077-cb55ddf65f4d	jbrs-ocr-1818	321077.pdf	Burmese/Burma JBRS/1948/321077.pdf	data/working/ocr/jbrs/text/321077-cb55ddf65f4d.txt	data/working/ocr/jbrs/metadata/321077-cb55ddf65f4d.json	In 1475 A. D. two ships were sent by the King of Pegu, Burma, to the King of Ceylon on a Buddhist mission	THE JUNK IN PALI?	1948	1948-1475-d-two-ships-were-sent-king-pegu-the-junk-in-pali	1948-1475-d-two-ships-were-sent-king-pegu-the-junk-in-pali.pdf	1948-1475-d-two-ships-were-sent-king-pegu-the-junk-in-pali.txt	1948-1475-d-two-ships-were-sent-king-pegu-the-junk-in-pali.json	medium	deferred_outside_phase1_scope	
321079-886d98b46919	jbrs-ocr-1819	321079.pdf	Burmese/Burma JBRS/JBRS Originals/321079.pdf	data/working/ocr/jbrs/text/321079-886d98b46919.txt	data/working/ocr/jbrs/metadata/321079-886d98b46919.json	A CENTURY OF PROGRESS IN BURMESE HISTORY AND	ARCHAEOLOGY.*						low	needs_manual_review	
321095-501d494b3723	jbrs-ocr-1820	321095.pdf	Burmese/Burma JBRS/1948/321095.pdf	data/working/ocr/jbrs/text/321095-501d494b3723.txt	data/working/ocr/jbrs/metadata/321095-501d494b3723.json	RECENT BOOKS ON BURMA. During the last four years probably more books have been published in England and America about…		1948					medium	needs_manual_review	
331001-ecb9511e6d50	jbrs-ocr-1821	331001.pdf	Burmese/Burma JBRS/JBRS Originals/331001.pdf	data/working/ocr/jbrs/text/331001-ecb9511e6d50.txt	data/working/ocr/jbrs/metadata/331001-ecb9511e6d50.json	THE DAWN OF NATIONALISM IN BURMA. Looking through some old papers recently I came across one which, for me, has always…	May Oung	1950	1950-dawn-nationalism-burma-looking-through-some-old-papers-may-oung	1950-dawn-nationalism-burma-looking-through-some-old-papers-may-oung.pdf	1950-dawn-nationalism-burma-looking-through-some-old-papers-may-oung.txt	1950-dawn-nationalism-burma-looking-through-some-old-papers-may-oung.json	medium	deferred_outside_phase1_scope	
331008-95e52f4c637f	jbrs-ocr-1822	331008.pdf	Burmese/Burma JBRS/JBRS Originals/331008.pdf	data/working/ocr/jbrs/text/331008-95e52f4c637f.txt	data/working/ocr/jbrs/metadata/331008-95e52f4c637f.json	1 80' DICE IN THE VIDHURA JATAKA	By	1950	1950-1-80-dice-vidhura-jataka-by	1950-1-80-dice-vidhura-jataka-by.pdf	1950-1-80-dice-vidhura-jataka-by.txt	1950-1-80-dice-vidhura-jataka-by.json	medium	deferred_outside_phase1_scope	
331027-49eaa1562e01	jbrs-ocr-1823	331027.pdf	Burmese/Burma JBRS/1950/331027.pdf	data/working/ocr/jbrs/text/331027-49eaa1562e01.txt	data/working/ocr/jbrs/metadata/331027-49eaa1562e01.json	DID SHIN SILAVAMSA EVER WRITE 27 A POEM ON BURMESE PORANA ? 1 2	by	1950	1950-did-shin-silavamsa-ever-write-27-poem-burmese-by	1950-did-shin-silavamsa-ever-write-27-poem-burmese-by.pdf	1950-did-shin-silavamsa-ever-write-27-poem-burmese-by.txt	1950-did-shin-silavamsa-ever-write-27-poem-burmese-by.json	medium	deferred_outside_phase1_scope	
331039-f3773f1521d9	jbrs-ocr-1824	331039.pdf	Burmese/Burma JBRS/JBRS Originals/331039.pdf	data/working/ocr/jbrs/text/331039-f3773f1521d9.txt	data/working/ocr/jbrs/metadata/331039-f3773f1521d9.json	၃ ၉ ခု မြို့စီတန်း {ယခင်စာစောင်မှ ဆေ။] တောင်ဘက်တန်းခေါင်း ရာစက္ကပို သို့ ၄ အသက် ၄၅ သူကို စစ်		1950					medium	needs_manual_review	
331059-e67f16a2e05f	jbrs-ocr-1826	331059.pdf	Burmese/Burma JBRS/JBRS Originals/331059.pdf	data/working/ocr/jbrs/text/331059-e67f16a2e05f.txt	data/working/ocr/jbrs/metadata/331059-e67f16a2e05f.json	HSEBAWLAIK BURMESE CHEROOT) INDUSTRY	IN RANGOON						low	needs_manual_review	
331089-f19d232f1c29	jbrs-ocr-1827	331089.pdf	Burmese/Burma JBRS/1950/331089.pdf	data/working/ocr/jbrs/text/331089-f19d232f1c29.txt	data/working/ocr/jbrs/metadata/331089-f19d232f1c29.json	69 89 DR. J. A. STEWART, C. I. E.. LL. D., M. C. (Died 1st May	J. A. Stewart	1950	1950-69-89-dr-j-stewart-c-i-e-j-a-stewart	1950-69-89-dr-j-stewart-c-i-e-j-a-stewart.pdf	1950-69-89-dr-j-stewart-c-i-e-j-a-stewart.txt	1950-69-89-dr-j-stewart-c-i-e-j-a-stewart.json	medium	deferred_outside_phase1_scope	
331095-7f752c3a8359	jbrs-ocr-1828	331095.pdf	Burmese/Burma JBRS/1950/331095.pdf	data/working/ocr/jbrs/text/331095-7f752c3a8359.txt	data/working/ocr/jbrs/metadata/331095-7f752c3a8359.json	95 Book Review Old Moulmein (875 ), by R.R	Book Review	1950	1950-95-book-review-old-moulmein-875-r-r-book-review	1950-95-book-review-old-moulmein-875-r-r-book-review.pdf	1950-95-book-review-old-moulmein-875-r-r-book-review.txt	1950-95-book-review-old-moulmein-875-r-r-book-review.json	medium	deferred_outside_phase1_scope	
332099-cda4f66f6999	jbrs-ocr-1829	332099.pdf	Burmese/Burma JBRS/JBRS Originals/332099.pdf	data/working/ocr/jbrs/text/332099-cda4f66f6999.txt	data/working/ocr/jbrs/metadata/332099-cda4f66f6999.json	THE BURMA MUSEUM	DRAFT SCHEME FOR	1950	1950-burma-museum-draft-scheme-for	1950-burma-museum-draft-scheme-for.pdf	1950-burma-museum-draft-scheme-for.txt	1950-burma-museum-draft-scheme-for.json	medium	deferred_outside_phase1_scope	
332131-15ea7f920879	jbrs-ocr-1830	332131.pdf	Burmese/Burma JBRS/1950/332131.pdf	data/working/ocr/jbrs/text/332131-15ea7f920879.txt	data/working/ocr/jbrs/metadata/332131-15ea7f920879.json	A KEY TO THE TREES AND SHRUBS OF	THE UNIVERSITY ESTATE, RANGOON	1950	1950-key-trees-shrubs-the-university-estate-rangoon	1950-key-trees-shrubs-the-university-estate-rangoon.pdf	1950-key-trees-shrubs-the-university-estate-rangoon.txt	1950-key-trees-shrubs-the-university-estate-rangoon.json	medium	deferred_outside_phase1_scope	
332169-4a3408eb0235	jbrs-ocr-1831	332169.pdf	Burmese/Burma JBRS/1950/332169.pdf	data/working/ocr/jbrs/text/1950-twenty-burmese-songs-translations-and-notes.txt	data/working/ocr/jbrs/metadata/1950-twenty-burmese-songs-translations-and-notes.json	TWENTY BURMESE SONGS	Translations and notes	1950	1950-twenty-burmese-songs-translations-and-notes	1950-twenty-burmese-songs-translations-and-notes.pdf	1950-twenty-burmese-songs-translations-and-notes.txt	1950-twenty-burmese-songs-translations-and-notes.json	medium	renamed_in_repo	
332224-6c9c5f540ee5	jbrs-ocr-1832	332224.pdf	Burmese/Burma JBRS/1950/332224.pdf	data/working/ocr/jbrs/text/332224-6c9c5f540ee5.txt	data/working/ocr/jbrs/metadata/332224-6c9c5f540ee5.json	224 NOTES ON BURMESE MANUSCRIPT	BOOKS	1950	1950-224-notes-burmese-manuscript-books	1950-224-notes-burmese-manuscript-books.pdf	1950-224-notes-burmese-manuscript-books.txt	1950-224-notes-burmese-manuscript-books.json	medium	deferred_outside_phase1_scope	
332230-7ac3ea2a8e71	jbrs-ocr-1833	332230.pdf	Burmese/Burma JBRS/JBRS Originals/332230.pdf	data/working/ocr/jbrs/text/332230-7ac3ea2a8e71.txt	data/working/ocr/jbrs/metadata/332230-7ac3ea2a8e71.json	ပုဂံမြို့စစ်တန်း (မစ္စတာ ဂျေးအဲ စ်၊ဖါနိဗဲလ်၏ စစ်တန်းစာအုပ်ကြီးမှ ရေးဖူး ပုံနှိပါသည်။) ၁၁၂၇ ခု ပေမူ စစ်တန်း ယခင်စာစောင်မ…		1950					medium	needs_manual_review	
332260-64a0400cabd4	jbrs-ocr-1834	332260.pdf	Burmese/Burma JBRS/JBRS Originals/332260.pdf	data/working/ocr/jbrs/text/332260-64a0400cabd4.txt	data/working/ocr/jbrs/metadata/332260-64a0400cabd4.json	ယ မန္တာ ၊ အင်း ဒို၌ + / . ဆောင်သားမျိုး (မာ ရေး ပြီး	Jisc	1950	1950-untitled-jisc	1950-untitled-jisc.pdf	1950-untitled-jisc.txt	1950-untitled-jisc.json	medium	deferred_outside_phase1_scope	
332263-2072f8dbbcad	jbrs-ocr-1835	332263.pdf	Burmese/Burma JBRS/1950/332263.pdf	data/working/ocr/jbrs/text/332263-2072f8dbbcad.txt	data/working/ocr/jbrs/metadata/332263-2072f8dbbcad.json	Theravada Buddhism in Burma	BOOK REVIEW	1950	1950-theravada-buddhism-burma-book-review	1950-theravada-buddhism-burma-book-review.pdf	1950-theravada-buddhism-burma-book-review.txt	1950-theravada-buddhism-burma-book-review.json	medium	deferred_outside_phase1_scope	
341001-e4f66b0df799	jbrs-ocr-1836	341001.pdf	Burmese/Burma JBRS/1951/341001.pdf	data/working/ocr/jbrs/text/341001-e4f66b0df799.txt	data/working/ocr/jbrs/metadata/341001-e4f66b0df799.json	ARLY BURMESE LAW	E	1951	1951-arly-burmese-law-e	1951-arly-burmese-law-e.pdf	1951-arly-burmese-law-e.txt	1951-arly-burmese-law-e.json	medium	deferred_outside_phase1_scope	
341007-b2b1b5272469	jbrs-ocr-1837	341007.pdf	Burmese/Burma JBRS/1951/341007.pdf	data/working/ocr/jbrs/text/341007-b2b1b5272469.txt	data/working/ocr/jbrs/metadata/341007-b2b1b5272469.json	THE PLACE OF ANTHROPOLOGY AMONG THE SOCIAL STUDIES OF BURMA	By	1951	1951-place-anthropology-among-social-studies-burma-by	1951-place-anthropology-among-social-studies-burma-by.pdf	1951-place-anthropology-among-social-studies-burma-by.txt	1951-place-anthropology-among-social-studies-burma-by.json	medium	deferred_outside_phase1_scope	
341040-eb0600afb24a	jbrs-ocr-1838	341040.pdf	Burmese/Burma JBRS/1951/341040.pdf	data/working/ocr/jbrs/text/341040-eb0600afb24a.txt	data/working/ocr/jbrs/metadata/341040-eb0600afb24a.json	Burmese Syntax	REVIEWS OF BOOKS	1951	1951-burmese-syntax-reviews-of-books	1951-burmese-syntax-reviews-of-books.pdf	1951-burmese-syntax-reviews-of-books.txt	1951-burmese-syntax-reviews-of-books.json	medium	deferred_outside_phase1_scope	
341042-ad87a6395ccf	jbrs-ocr-1839	341042.pdf	Burmese/Burma JBRS/JBRS Originals/341042.pdf	data/working/ocr/jbrs/text/341042-ad87a6395ccf.txt	data/working/ocr/jbrs/metadata/341042-ad87a6395ccf.json	The University English Burmese Dictionary	By	1951	1951-university-english-burmese-dictionary-by	1951-university-english-burmese-dictionary-by.pdf	1951-university-english-burmese-dictionary-by.txt	1951-university-english-burmese-dictionary-by.json	medium	deferred_outside_phase1_scope	
341047-47650cdbca6b	jbrs-ocr-1841	341047.pdf	Burmese/Burma JBRS/1951/341047.pdf	data/working/ocr/jbrs/text/341047-47650cdbca6b.txt	data/working/ocr/jbrs/metadata/341047-47650cdbca6b.json	47 1	REVIEWS OF BOOKS	1951	1951-47-1-reviews-of-books	1951-47-1-reviews-of-books.pdf	1951-47-1-reviews-of-books.txt	1951-47-1-reviews-of-books.json	medium	deferred_outside_phase1_scope	
351001-47a8eb4f50da	jbrs-ocr-1842	351001.pdf	Burmese/Burma JBRS/JBRS Originals/351001.pdf	data/working/ocr/jbrs/text/351001-47a8eb4f50da.txt	data/working/ocr/jbrs/metadata/351001-47a8eb4f50da.json	(1)	INTRODUCTORY	1952	1952-1-introductory	1952-1-introductory.pdf	1952-1-introductory.txt	1952-1-introductory.json	medium	deferred_outside_phase1_scope	
361001-3f757fcf383b	jbrs-ocr-1843	361001.pdf	Burmese/Burma JBRS/JBRS Originals/361001.pdf	data/working/ocr/jbrs/text/361001-3f757fcf383b.txt	data/working/ocr/jbrs/metadata/361001-3f757fcf383b.json	MONS OF THE PAGAN	DYNASTY	1953	1953-mons-pagan-dynasty-scan-2	1953-mons-pagan-dynasty-scan-2.pdf	1953-mons-pagan-dynasty-scan-2.txt	1953-mons-pagan-dynasty-scan-2.json	medium	deferred_outside_phase1_scope	collision_with=1953-mons-pagan-dynasty
361021-54644d3a17b0	jbrs-ocr-1844	361021.pdf	Burmese/Burma JBRS/JBRS Originals/361021.pdf	data/working/ocr/jbrs/text/361021-54644d3a17b0.txt	data/working/ocr/jbrs/metadata/361021-54644d3a17b0.json	PANSY YANG (A) MYA MYA THEIN 2	THE GRASSES OF RANGOON						low	needs_manual_review	
361021-7307e338e8e2	jbrs-ocr-1845	361021.pdf	Burmese/Burma JBRS/1953/361021.pdf	data/working/ocr/jbrs/text/361021-7307e338e8e2.txt	data/working/ocr/jbrs/metadata/361021-7307e338e8e2.json	PANSY YANG (A) MYA MYA THEIN 2	THE GRASSES OF RANGOON	1953	1953-pansy-yang-mya-mya-thein-2-the-grasses-of-rangoon	1953-pansy-yang-mya-mya-thein-2-the-grasses-of-rangoon.pdf	1953-pansy-yang-mya-mya-thein-2-the-grasses-of-rangoon.txt	1953-pansy-yang-mya-mya-thein-2-the-grasses-of-rangoon.json	medium	deferred_outside_phase1_scope	
361060-b95d896aea97	jbrs-ocr-1846	361060.pdf	Burmese/Burma JBRS/1953/361060.pdf	data/working/ocr/jbrs/text/1953-tekkatho-cultural-institute-j-s-ludu.txt	data/working/ocr/jbrs/metadata/1953-tekkatho-cultural-institute-j-s-ludu.json	TEKKATHO: THE CULTURAL INSTITUTE By J. S	LUDU	1953	1953-tekkatho-cultural-institute-j-s-ludu	1953-tekkatho-cultural-institute-j-s-ludu.pdf	1953-tekkatho-cultural-institute-j-s-ludu.txt	1953-tekkatho-cultural-institute-j-s-ludu.json	medium	renamed_in_repo	
361077-f1d3d06ec5f6	jbrs-ocr-1847	361077.pdf	Burmese/Burma JBRS/JBRS Originals/361077.pdf	data/working/ocr/jbrs/text/361077-f1d3d06ec5f6.txt	data/working/ocr/jbrs/metadata/361077-f1d3d06ec5f6.json	BURMESE INITIATION	CEREMONIES	1953	1953-burmese-initiation-ceremonies-scan-2	1953-burmese-initiation-ceremonies-scan-2.pdf	1953-burmese-initiation-ceremonies-scan-2.txt	1953-burmese-initiation-ceremonies-scan-2.json	high	deferred_outside_phase1_scope	duplicate_of=1953-initiationceremonies-maunghtinaung1953-pdf; collision_with=1953-burmese-initiation-ceremonies
361088-554636491ab5	jbrs-ocr-1848	361088.pdf	Burmese/Burma JBRS/1953/361088.pdf	data/working/ocr/jbrs/text/361088-554636491ab5.txt	data/working/ocr/jbrs/metadata/361088-554636491ab5.json	88 Book Review by T. Ht	BOOK REVIEW	1953	1953-88-book-review-t-ht-book-review	1953-88-book-review-t-ht-book-review.pdf	1953-88-book-review-t-ht-book-review.txt	1953-88-book-review-t-ht-book-review.json	medium	deferred_outside_phase1_scope	
361089-9d355999c3e7	jbrs-ocr-1849	361089.pdf	Burmese/Burma JBRS/1953/361089.pdf	data/working/ocr/jbrs/text/361089-9d355999c3e7.txt	data/working/ocr/jbrs/metadata/361089-9d355999c3e7.json	6003001 ရဝေစားသမီး ရှင်ထွေး ဆို အန် ချင်း		1953					medium	needs_manual_review	
361105-7c3ae62c63cf	jbrs-ocr-1850	361105.pdf	Burmese/Burma JBRS/1953/361105.pdf	data/working/ocr/jbrs/text/361105-7c3ae62c63cf.txt	data/working/ocr/jbrs/metadata/361105-7c3ae62c63cf.json	66 For two years I have had the honour of being President of this Society, and it gave me rather a shock the other day…	TO THE YOUNGER	1953	1953-66-two-years-i-have-had-honour-being-to-the-younger	1953-66-two-years-i-have-had-honour-being-to-the-younger.pdf	1953-66-two-years-i-have-had-honour-being-to-the-younger.txt	1953-66-two-years-i-have-had-honour-being-to-the-younger.json	medium	deferred_outside_phase1_scope	
362001-0a153e545a4a	jbrs-ocr-1851	362001.pdf	Burmese/Burma JBRS/1953/362001.pdf	data/working/ocr/jbrs/text/362001-0a153e545a4a.txt	data/working/ocr/jbrs/metadata/362001-0a153e545a4a.json	THE FERNS AND FERN ALLIES OF	RANGOON- INSEIN AREA	1953	1953-ferns-fern-allies-rangoon-insein-area	1953-ferns-fern-allies-rangoon-insein-area.pdf	1953-ferns-fern-allies-rangoon-insein-area.txt	1953-ferns-fern-allies-rangoon-insein-area.json	medium	deferred_outside_phase1_scope	
362071-c7c653a0c4bd	jbrs-ocr-1852	362071.pdf	Burmese/Burma JBRS/1953/362071.pdf	data/working/ocr/jbrs/text/362071-c7c653a0c4bd.txt	data/working/ocr/jbrs/metadata/362071-c7c653a0c4bd.json	THE IMPORTANCE OF SCIENTIFIC RESEARCH IN BURMA**	BY	1953	1953-importance-scientific-research-burma-by	1953-importance-scientific-research-burma-by.pdf	1953-importance-scientific-research-burma-by.txt	1953-importance-scientific-research-burma-by.json	medium	deferred_outside_phase1_scope	
362071-d4bf7e7fb62b	jbrs-ocr-1853	362071.pdf	Burmese/Burma JBRS/JBRS Originals/362071.pdf	data/working/ocr/jbrs/text/362071-d4bf7e7fb62b.txt	data/working/ocr/jbrs/metadata/362071-d4bf7e7fb62b.json	THE IMPORTANCE OF SCIENTIFIC RESEARCH IN BURMA**	BY						low	needs_manual_review	
362083-50fdb17371ee	jbrs-ocr-1854	362083.pdf	Burmese/Burma JBRS/JBRS Originals/362083.pdf	data/working/ocr/jbrs/text/362083-50fdb17371ee.txt	data/working/ocr/jbrs/metadata/362083-50fdb17371ee.json	( 83 ) BURMESE ALCHEMY BELIEFS *	BY	1953	1953-83-burmese-alchemy-beliefs-by	1953-83-burmese-alchemy-beliefs-by.pdf	1953-83-burmese-alchemy-beliefs-by.txt	1953-83-burmese-alchemy-beliefs-by.json	medium	deferred_outside_phase1_scope	
371001-23c0ebc8f542	jbrs-ocr-1855	371001.pdf	Burmese/Burma JBRS/1954/371001.pdf	data/working/ocr/jbrs/text/371001-23c0ebc8f542.txt	data/working/ocr/jbrs/metadata/371001-23c0ebc8f542.json	LIFE HISTORY OF DERMOGENYS PUSILLUS KUHL & VAN HASSELT FROM THE INYA LAKE 1	By	1954	1954-life-history-dermogenys-pusillus-kuhl-van-hasselt-inya-by	1954-life-history-dermogenys-pusillus-kuhl-van-hasselt-inya-by.pdf	1954-life-history-dermogenys-pusillus-kuhl-van-hasselt-inya-by.txt	1954-life-history-dermogenys-pusillus-kuhl-van-hasselt-inya-by.json	medium	deferred_outside_phase1_scope	
371021-9855d837d910	jbrs-ocr-1856	371021.pdf	Burmese/Burma JBRS/1954/371021.pdf	data/working/ocr/jbrs/text/371021-9855d837d910.txt	data/working/ocr/jbrs/metadata/371021-9855d837d910.json	"86 ACTIVE IMMUNISATION AGAINST PASTEURELLA SEPTICA"" 1 by Dr. Hla Kyaw, Ph. D. (Cantab), B. Sc (Vet Sc) (London), M.R.C.…"	ACTIVE IMMUNISATION AGAINST PASTEURELLA	1954	1954-86-active-immunisation-against-pasteurella-septica-1-dr-active-immunisation-against-pasteurella	1954-86-active-immunisation-against-pasteurella-septica-1-dr-active-immunisation-against-pasteurella.pdf	1954-86-active-immunisation-against-pasteurella-septica-1-dr-active-immunisation-against-pasteurella.txt	1954-86-active-immunisation-against-pasteurella-septica-1-dr-active-immunisation-against-pasteurella.json	medium	deferred_outside_phase1_scope	
371035-f457476fe193	jbrs-ocr-1857	371035.pdf	Burmese/Burma JBRS/1954/371035.pdf	data/working/ocr/jbrs/text/371035-f457476fe193.txt	data/working/ocr/jbrs/metadata/371035-f457476fe193.json	INTEREST RATES IN ASIA AND THE FAR EAST	by	1954	1954-interest-rates-asia-far-east-by	1954-interest-rates-asia-far-east-by.pdf	1954-interest-rates-asia-far-east-by.txt	1954-interest-rates-asia-far-east-by.json	medium	deferred_outside_phase1_scope	
371046-6b139e985ccd	jbrs-ocr-1858	371046.pdf	Burmese/Burma JBRS/1954/371046.pdf	data/working/ocr/jbrs/text/371046-6b139e985ccd.txt	data/working/ocr/jbrs/metadata/371046-6b139e985ccd.json	FISHERIES IN BURMA	by	1954	1954-fisheries-burma-by	1954-fisheries-burma-by.pdf	1954-fisheries-burma-by.txt	1954-fisheries-burma-by.json	medium	deferred_outside_phase1_scope	
371052-1539615cfcaf	jbrs-ocr-1859	371052.pdf	Burmese/Burma JBRS/JBRS Originals/371052.pdf	data/working/ocr/jbrs/text/371052-1539615cfcaf.txt	data/working/ocr/jbrs/metadata/371052-1539615cfcaf.json	RESEARCH WORK IN DELTA KANAZO ¹	by	1954	1954-research-work-delta-kanazo-by	1954-research-work-delta-kanazo-by.pdf	1954-research-work-delta-kanazo-by.txt	1954-research-work-delta-kanazo-by.json	medium	deferred_outside_phase1_scope	
371059-cf5554e6a6eb	jbrs-ocr-1860	371059.pdf	Burmese/Burma JBRS/1954/371059.pdf	data/working/ocr/jbrs/text/371059-cf5554e6a6eb.txt	data/working/ocr/jbrs/metadata/371059-cf5554e6a6eb.json	OUTLINE OF A SOCIALIST ECONOMY	FOR	1954	1954-outline-socialist-economy-for	1954-outline-socialist-economy-for.pdf	1954-outline-socialist-economy-for.txt	1954-outline-socialist-economy-for.json	medium	deferred_outside_phase1_scope	
371077-3baba3725cd4	jbrs-ocr-1861	371077.pdf	Burmese/Burma JBRS/JBRS Originals/371077.pdf	data/working/ocr/jbrs/text/371077-3baba3725cd4.txt	data/working/ocr/jbrs/metadata/371077-3baba3725cd4.json	THE APPLICATION OF RADIO FOR RESEARCH PURPOSES	by	1954	1954-application-radio-research-purposes-by	1954-application-radio-research-purposes-by.pdf	1954-application-radio-research-purposes-by.txt	1954-application-radio-research-purposes-by.json	medium	deferred_outside_phase1_scope	
371082-7a1c7ddce722	jbrs-ocr-1862	371082.pdf	Burmese/Burma JBRS/JBRS Originals/371082.pdf	data/working/ocr/jbrs/text/371082-7a1c7ddce722.txt	data/working/ocr/jbrs/metadata/371082-7a1c7ddce722.json	THE LOGIC OF INFERENCE IN STATISTICAL THEORY'	by						low	needs_manual_review	
371082-c055e03037b8	jbrs-ocr-1863	371082.pdf	Burmese/Burma JBRS/1954/371082.pdf	data/working/ocr/jbrs/text/371082-c055e03037b8.txt	data/working/ocr/jbrs/metadata/371082-c055e03037b8.json	THE LOGIC OF INFERENCE IN STATISTICAL THEORY'	by	1954	1954-logic-inference-statistical-theory-by	1954-logic-inference-statistical-theory-by.pdf	1954-logic-inference-statistical-theory-by.txt	1954-logic-inference-statistical-theory-by.json	medium	deferred_outside_phase1_scope	
372001-6c092e5ef34b	jbrs-ocr-1864	372001.pdf	Burmese/Burma JBRS/JBRS Originals/372001.pdf	data/working/ocr/jbrs/text/372001-6c092e5ef34b.txt	data/working/ocr/jbrs/metadata/372001-6c092e5ef34b.json	THE NINE GODS 1	by	1954	1954-nine-gods-1-by	1954-nine-gods-1-by.pdf	1954-nine-gods-1-by.txt	1954-nine-gods-1-by.json	medium	deferred_outside_phase1_scope	
372010-5fa5510c7396	jbrs-ocr-1865	372010.pdf	Burmese/Burma JBRS/1954/372010.pdf	data/working/ocr/jbrs/text/372010-5fa5510c7396.txt	data/working/ocr/jbrs/metadata/372010-5fa5510c7396.json	LOGICAL EMPIRICISM AND CARVAKA AND BUDDHIST SYSTEMS OF PHILOSOPHY 1	by	1954	1954-logical-empiricism-carvaka-buddhist-systems-philosophy-1-by	1954-logical-empiricism-carvaka-buddhist-systems-philosophy-1-by.pdf	1954-logical-empiricism-carvaka-buddhist-systems-philosophy-1-by.txt	1954-logical-empiricism-carvaka-buddhist-systems-philosophy-1-by.json	medium	deferred_outside_phase1_scope	
372017-30f88627481e	jbrs-ocr-1866	372017.pdf	Burmese/Burma JBRS/1954/372017.pdf	data/working/ocr/jbrs/text/372017-30f88627481e.txt	data/working/ocr/jbrs/metadata/372017-30f88627481e.json	CLARIFICATION AND CRITICAL ANALYSIS OF THE VARIOUS PROCESSES INVOLVED IN THE	ATTAINMENT OF LOKIYASAMADHI	1954	1954-clarification-critical-analysis-various-processes-involved-attainment-of-lokiyasamadhi	1954-clarification-critical-analysis-various-processes-involved-attainment-of-lokiyasamadhi.pdf	1954-clarification-critical-analysis-various-processes-involved-attainment-of-lokiyasamadhi.txt	1954-clarification-critical-analysis-various-processes-involved-attainment-of-lokiyasamadhi.json	medium	deferred_outside_phase1_scope	
372024-abd7fa351131	jbrs-ocr-1867	372024.pdf	Burmese/Burma JBRS/1954/372024.pdf	data/working/ocr/jbrs/text/372024-abd7fa351131.txt	data/working/ocr/jbrs/metadata/372024-abd7fa351131.json	MARRIAGE IN THE BURMESE MUSLIM COMMUNITY 1	by	1954	1954-marriage-burmese-muslim-community-1-by	1954-marriage-burmese-muslim-community-1-by.pdf	1954-marriage-burmese-muslim-community-1-by.txt	1954-marriage-burmese-muslim-community-1-by.json	medium	deferred_outside_phase1_scope	
372035-27aedd6f7119	jbrs-ocr-1868	372035.pdf	Burmese/Burma JBRS/1954/372035.pdf	data/working/ocr/jbrs/text/372035-27aedd6f7119.txt	data/working/ocr/jbrs/metadata/372035-27aedd6f7119.json	OUTLOOK FOR BURMA'S BALANCE	OF PAYMENTS ¹	1954	1954-outlook-burma-s-balance-of-payments	1954-outlook-burma-s-balance-of-payments.pdf	1954-outlook-burma-s-balance-of-payments.txt	1954-outlook-burma-s-balance-of-payments.json	medium	deferred_outside_phase1_scope	
372041-8b43eae1f6d1	jbrs-ocr-1869	372041.pdf	Burmese/Burma JBRS/1954/372041.pdf	data/working/ocr/jbrs/text/372041-8b43eae1f6d1.txt	data/working/ocr/jbrs/metadata/372041-8b43eae1f6d1.json	SYNOPTIC EXAMPLE AND THE RAINFALL OF CENTRAL BURMA¹	by	1954	1954-synoptic-example-rainfall-central-burma-by	1954-synoptic-example-rainfall-central-burma-by.pdf	1954-synoptic-example-rainfall-central-burma-by.txt	1954-synoptic-example-rainfall-central-burma-by.json	medium	deferred_outside_phase1_scope	
372050-a9d3e366ac79	jbrs-ocr-1870	372050.pdf	Burmese/Burma JBRS/1954/372050.pdf	data/working/ocr/jbrs/text/372050-a9d3e366ac79.txt	data/working/ocr/jbrs/metadata/372050-a9d3e366ac79.json	U HLA KYAW, B.Sc., Ph.D., M.R.C.V.S	PASSIVE IMMUNISATION AGAINST	1954	1954-u-hla-kyaw-b-sc-ph-d-m-passive-immunisation-against	1954-u-hla-kyaw-b-sc-ph-d-m-passive-immunisation-against.pdf	1954-u-hla-kyaw-b-sc-ph-d-m-passive-immunisation-against.txt	1954-u-hla-kyaw-b-sc-ph-d-m-passive-immunisation-against.json	medium	deferred_outside_phase1_scope	
372063-7caa24857672	jbrs-ocr-1871	372063.pdf	Burmese/Burma JBRS/1954/372063.pdf	data/working/ocr/jbrs/text/372063-7caa24857672.txt	data/working/ocr/jbrs/metadata/372063-7caa24857672.json	GERMINATION OF ONION SEED 1	by	1954	1954-germination-onion-seed-1-by	1954-germination-onion-seed-1-by.pdf	1954-germination-onion-seed-1-by.txt	1954-germination-onion-seed-1-by.json	medium	deferred_outside_phase1_scope	
381001-981308ccd57d	jbrs-ocr-1872	381001.pdf	Burmese/Burma JBRS/1955/381001.pdf	data/working/ocr/jbrs/text/381001-981308ccd57d.txt	data/working/ocr/jbrs/metadata/381001-981308ccd57d.json	TRACE ELEMENT RESEARCH ¹ 31 by 2 Richard A. Carrigan, Ph. D. 3 Any chemical element can be a trace element	TRACE ELEMENT RESEARCH ¹	1955	1955-trace-element-research-31-2-richard-carrigan-ph-trace-element-research	1955-trace-element-research-31-2-richard-carrigan-ph-trace-element-research.pdf	1955-trace-element-research-31-2-richard-carrigan-ph-trace-element-research.txt	1955-trace-element-research-31-2-richard-carrigan-ph-trace-element-research.json	medium	deferred_outside_phase1_scope	
381013-2d12cce319ad	jbrs-ocr-1873	381013.pdf	Burmese/Burma JBRS/1955/381013.pdf	data/working/ocr/jbrs/text/381013-2d12cce319ad.txt	data/working/ocr/jbrs/metadata/381013-2d12cce319ad.json	NODULAR or S. G	by	1955	1955-nodular-s-g-by	1955-nodular-s-g-by.pdf	1955-nodular-s-g-by.txt	1955-nodular-s-g-by.json	medium	deferred_outside_phase1_scope	
381023-97e6eaeac58d	jbrs-ocr-1874	381023.pdf	Burmese/Burma JBRS/1955/381023.pdf	data/working/ocr/jbrs/text/381023-97e6eaeac58d.txt	data/working/ocr/jbrs/metadata/381023-97e6eaeac58d.json	TENSIOMETER STUDIES WITH MANDALAY SOIL'	by	1955	1955-tensiometer-studies-mandalay-soil-by	1955-tensiometer-studies-mandalay-soil-by.pdf	1955-tensiometer-studies-mandalay-soil-by.txt	1955-tensiometer-studies-mandalay-soil-by.json	medium	deferred_outside_phase1_scope	
381029-af341846ee86	jbrs-ocr-1875	381029.pdf	Burmese/Burma JBRS/1955/381029.pdf	data/working/ocr/jbrs/text/381029-af341846ee86.txt	data/working/ocr/jbrs/metadata/381029-af341846ee86.json	THE FROGS AND TOADS OF THE	RANGOON	1955	1955-frogs-toads-rangoon	1955-frogs-toads-rangoon.pdf	1955-frogs-toads-rangoon.txt	1955-frogs-toads-rangoon.json	medium	deferred_outside_phase1_scope	
381052-43be81752beb	jbrs-ocr-1876	381052.pdf	Burmese/Burma JBRS/1955/381052.pdf	data/working/ocr/jbrs/text/381052-43be81752beb.txt	data/working/ocr/jbrs/metadata/381052-43be81752beb.json	SEASONAL FLUCTUATIONS IN THE BURMESE	ECONOMY'	1955	1955-seasonal-fluctuations-burmese-economy	1955-seasonal-fluctuations-burmese-economy.pdf	1955-seasonal-fluctuations-burmese-economy.txt	1955-seasonal-fluctuations-burmese-economy.json	medium	deferred_outside_phase1_scope	
381066-13a837c2022b	jbrs-ocr-1877	381066.pdf	Burmese/Burma JBRS/1955/381066.pdf	data/working/ocr/jbrs/text/381066-13a837c2022b.txt	data/working/ocr/jbrs/metadata/381066-13a837c2022b.json	A THEORY OF THE RATE OF INTEREST FOR THE BURMESE ECONOMY	by	1955	1955-theory-rate-interest-burmese-economy-by	1955-theory-rate-interest-burmese-economy-by.pdf	1955-theory-rate-interest-burmese-economy-by.txt	1955-theory-rate-interest-burmese-economy-by.json	medium	deferred_outside_phase1_scope	
381075-4bcbf758db86	jbrs-ocr-1878	381075.pdf	Burmese/Burma JBRS/JBRS Originals/381075.pdf	data/working/ocr/jbrs/text/381075-4bcbf758db86.txt	data/working/ocr/jbrs/metadata/381075-4bcbf758db86.json	THE LORD OF THE GREAT MOUNTAIN '	by	1955	1955-lord-great-mountain-by	1955-lord-great-mountain-by.pdf	1955-lord-great-mountain-by.txt	1955-lord-great-mountain-by.json	medium	deferred_outside_phase1_scope	
381083-12d7f0794499	jbrs-ocr-1879	381083.pdf	Burmese/Burma JBRS/JBRS Originals/381083.pdf	data/working/ocr/jbrs/text/381083-12d7f0794499.txt	data/working/ocr/jbrs/metadata/381083-12d7f0794499.json	MICROSCOPIC STUDY OF THE BURMESE TIMBERS	MACERATION METHOD'						low	needs_manual_review	
381083-9f43bd117da9	jbrs-ocr-1880	381083.pdf	Burmese/Burma JBRS/1955/381083.pdf	data/working/ocr/jbrs/text/381083-9f43bd117da9.txt	data/working/ocr/jbrs/metadata/381083-9f43bd117da9.json	MICROSCOPIC STUDY OF THE BURMESE TIMBERS	MACERATION METHOD'	1955	1955-microscopic-study-burmese-timbers-maceration-method	1955-microscopic-study-burmese-timbers-maceration-method.pdf	1955-microscopic-study-burmese-timbers-maceration-method.txt	1955-microscopic-study-burmese-timbers-maceration-method.json	medium	deferred_outside_phase1_scope	
381107-74d2f1eb7684	jbrs-ocr-1881	381107.pdf	Burmese/Burma JBRS/JBRS Originals/381107.pdf	data/working/ocr/jbrs/text/381107-74d2f1eb7684.txt	data/working/ocr/jbrs/metadata/381107-74d2f1eb7684.json	A NEW SOLAR COOKER FOR THE UTILISATION OF SOLAR ENERGY IN BURMA'	by	1955	1955-new-solar-cooker-utilisation-solar-energy-burma-by	1955-new-solar-cooker-utilisation-solar-energy-burma-by.pdf	1955-new-solar-cooker-utilisation-solar-energy-burma-by.txt	1955-new-solar-cooker-utilisation-solar-energy-burma-by.json	medium	deferred_outside_phase1_scope	
382121-d7da783545d1	jbrs-ocr-1882	382121.pdf	Burmese/Burma JBRS/JBRS Originals/382121.pdf	data/working/ocr/jbrs/text/1955-our-wars-burmese-by-scan-2.txt	data/working/ocr/jbrs/metadata/1955-our-wars-burmese-by-scan-2.json	OUR WARS WITH THE BURMESE¹	by	1955	1955-our-wars-burmese-by-scan-2	1955-our-wars-burmese-by-scan-2.pdf	1955-our-wars-burmese-by-scan-2.txt	1955-our-wars-burmese-by-scan-2.json	medium	renamed_in_repo	collision_with=1955-our-wars-burmese-by
391001-dd3694550859	jbrs-ocr-1883	391001.pdf	Burmese/Burma JBRS/1956/391001.pdf	data/working/ocr/jbrs/text/391001-dd3694550859.txt	data/working/ocr/jbrs/metadata/391001-dd3694550859.json	TRANSPORTATION IN BURMA DURING THE	JAPANESE OCCUPATION'	1956	1956-transportation-burma-during-japanese-occupation	1956-transportation-burma-during-japanese-occupation.pdf	1956-transportation-burma-during-japanese-occupation.txt	1956-transportation-burma-during-japanese-occupation.json	medium	deferred_outside_phase1_scope	
391018-e64dd8213ed7	jbrs-ocr-1884	391018.pdf	Burmese/Burma JBRS/1956/391018.pdf	data/working/ocr/jbrs/text/391018-e64dd8213ed7.txt	data/working/ocr/jbrs/metadata/391018-e64dd8213ed7.json	A POLICY FOR HIGHWAY TRANSPORT IN BURMA	by	1956	1956-policy-highway-transport-burma-by	1956-policy-highway-transport-burma-by.pdf	1956-policy-highway-transport-burma-by.txt	1956-policy-highway-transport-burma-by.json	medium	deferred_outside_phase1_scope	
391033-1a470627fc3f	jbrs-ocr-1885	391033.pdf	Burmese/Burma JBRS/1956/391033.pdf	data/working/ocr/jbrs/text/391033-1a470627fc3f.txt	data/working/ocr/jbrs/metadata/391033-1a470627fc3f.json	U Thein Nyun, U Than Nyun and Daw Than Tin 2 Most authors maintain that rice starch cannot be prepared by tabling the s…	RICE STARCH PROCESSING	1956	1956-u-thein-nyun-u-than-nyun-daw-than-rice-starch-processing	1956-u-thein-nyun-u-than-nyun-daw-than-rice-starch-processing.pdf	1956-u-thein-nyun-u-than-nyun-daw-than-rice-starch-processing.txt	1956-u-thein-nyun-u-than-nyun-daw-than-rice-starch-processing.json	medium	deferred_outside_phase1_scope	
391041-ba78a32dee64	jbrs-ocr-1886	391041.pdf	Burmese/Burma JBRS/1956/391041.pdf	data/working/ocr/jbrs/text/391041-ba78a32dee64.txt	data/working/ocr/jbrs/metadata/391041-ba78a32dee64.json	PSYCHOLOGICAL PROBLEMS RELATED TO MAZE	LEARNING	1956	1956-psychological-problems-related-maze-learning	1956-psychological-problems-related-maze-learning.pdf	1956-psychological-problems-related-maze-learning.txt	1956-psychological-problems-related-maze-learning.json	medium	deferred_outside_phase1_scope	
391058-4ab23dde16bd	jbrs-ocr-1887	391058.pdf	Burmese/Burma JBRS/JBRS Originals/391058.pdf	data/working/ocr/jbrs/text/391058-4ab23dde16bd.txt	data/working/ocr/jbrs/metadata/391058-4ab23dde16bd.json	THE MANUFACTURE OF UMBRELLA RIBS '	by	1956	1956-manufacture-umbrella-ribs-by	1956-manufacture-umbrella-ribs-by.pdf	1956-manufacture-umbrella-ribs-by.txt	1956-manufacture-umbrella-ribs-by.json	medium	deferred_outside_phase1_scope	
391071-8a79070b5eb6	jbrs-ocr-1888	391071.pdf	Burmese/Burma JBRS/JBRS Originals/391071.pdf	data/working/ocr/jbrs/text/391071-8a79070b5eb6.txt	data/working/ocr/jbrs/metadata/391071-8a79070b5eb6.json	ON THE USE OF A NEW TYPE OF MULTIVIBRATOR	FOR RADIOACTIVITY DETECTORS'	1956	1956-use-new-type-multivibrator-for-radioactivity-detectors	1956-use-new-type-multivibrator-for-radioactivity-detectors.pdf	1956-use-new-type-multivibrator-for-radioactivity-detectors.txt	1956-use-new-type-multivibrator-for-radioactivity-detectors.json	medium	deferred_outside_phase1_scope	
391081-de79c473186c	jbrs-ocr-1889	391081.pdf	Burmese/Burma JBRS/JBRS Originals/391081.pdf	data/working/ocr/jbrs/text/391081-de79c473186c.txt	data/working/ocr/jbrs/metadata/391081-de79c473186c.json	Maung Htin Aung 2 In my paper on The Lord of the Great Mountain 3 read to the Society at the Annual Conference of last…	THE THIRTY-SEVEN LORDS '	1956	1956-maung-htin-aung-2-my-paper-lord-great-the-thirty-seven-lords	1956-maung-htin-aung-2-my-paper-lord-great-the-thirty-seven-lords.pdf	1956-maung-htin-aung-2-my-paper-lord-great-the-thirty-seven-lords.txt	1956-maung-htin-aung-2-my-paper-lord-great-the-thirty-seven-lords.json	medium	deferred_outside_phase1_scope	
391101-194f388844aa	jbrs-ocr-1890	391101.pdf	Burmese/Burma JBRS/1956/391101.pdf	data/working/ocr/jbrs/text/391101-194f388844aa.txt	data/working/ocr/jbrs/metadata/391101-194f388844aa.json	THE GENERAL STRUCTURE OF LANGUAGES SPOKEN IN BURMA ¹	by	1956	1956-general-structure-languages-spoken-burma-by	1956-general-structure-languages-spoken-burma-by.pdf	1956-general-structure-languages-spoken-burma-by.txt	1956-general-structure-languages-spoken-burma-by.json	medium	deferred_outside_phase1_scope	
392127-59ce2a1b8ccc	jbrs-ocr-1891	392127.pdf	Burmese/Burma JBRS/1956/392127.pdf	data/working/ocr/jbrs/text/392127-59ce2a1b8ccc.txt	data/working/ocr/jbrs/metadata/392127-59ce2a1b8ccc.json	'	RESEARCH ON COMMUNICATION THROUGH	1956	1956-untitled-research-on-communication-through	1956-untitled-research-on-communication-through.pdf	1956-untitled-research-on-communication-through.txt	1956-untitled-research-on-communication-through.json	medium	deferred_outside_phase1_scope	
392159-e73aadff7c58	jbrs-ocr-1892	392159.pdf	Burmese/Burma JBRS/JBRS Originals/392159.pdf	data/working/ocr/jbrs/text/392159-e73aadff7c58.txt	data/working/ocr/jbrs/metadata/392159-e73aadff7c58.json	ACCOUNT OF THE ETHNOGRAPHICAL AND LINGUISTIC SURVEY OF BURMA	by	1956	1956-account-ethnographical-linguistic-survey-burma-by-scan-2	1956-account-ethnographical-linguistic-survey-burma-by-scan-2.pdf	1956-account-ethnographical-linguistic-survey-burma-by-scan-2.txt	1956-account-ethnographical-linguistic-survey-burma-by-scan-2.json	high	deferred_outside_phase1_scope	duplicate_of=ethnographiclinguisticsurvey_taylor1956-b1fad00a1f88; collision_with=1956-account-ethnographical-linguistic-survey-burma-by
392176-e94a8ecfbe9a	jbrs-ocr-1893	392176.pdf	Burmese/Burma JBRS/1956/392176.pdf	data/working/ocr/jbrs/text/392176-e94a8ecfbe9a.txt	data/working/ocr/jbrs/metadata/392176-e94a8ecfbe9a.json	SOME PROBLEMS OF A LEXICOGRAPHER IN BURMESE '	by	1956	1956-some-problems-lexicographer-burmese-by	1956-some-problems-lexicographer-burmese-by.pdf	1956-some-problems-lexicographer-burmese-by.txt	1956-some-problems-lexicographer-burmese-by.json	medium	deferred_outside_phase1_scope	
392182-6b2d83b08dfa	jbrs-ocr-1894	392182.pdf	Burmese/Burma JBRS/JBRS Originals/392182.pdf	data/working/ocr/jbrs/text/392182-6b2d83b08dfa.txt	data/working/ocr/jbrs/metadata/392182-6b2d83b08dfa.json	SOME PLACE NAMES IN BURMA '	by	1956	1956-some-place-names-burma-by	1956-some-place-names-burma-by.pdf	1956-some-place-names-burma-by.txt	1956-some-place-names-burma-by.json	medium	deferred_outside_phase1_scope	
392193-fe1500cb4f19	jbrs-ocr-1895	392193.pdf	Burmese/Burma JBRS/1956/392193.pdf	data/working/ocr/jbrs/text/392193-fe1500cb4f19.txt	data/working/ocr/jbrs/metadata/392193-fe1500cb4f19.json	SOME FEATURES OF THE BURMESE LANGUAGE	by	1956	1956-some-features-burmese-language-by	1956-some-features-burmese-language-by.pdf	1956-some-features-burmese-language-by.txt	1956-some-features-burmese-language-by.json	medium	deferred_outside_phase1_scope	
392203-39148e0d70e7	jbrs-ocr-1896	392203.pdf	Burmese/Burma JBRS/1956/392203.pdf	data/working/ocr/jbrs/text/392203-39148e0d70e7.txt	data/working/ocr/jbrs/metadata/392203-39148e0d70e7.json	SEASONAL FLUCTUATIONS IN THE BURMESE ECONOMY: '	MISCELLANEA	1956	1956-seasonal-fluctuations-burmese-economy-miscellanea	1956-seasonal-fluctuations-burmese-economy-miscellanea.pdf	1956-seasonal-fluctuations-burmese-economy-miscellanea.txt	1956-seasonal-fluctuations-burmese-economy-miscellanea.json	medium	deferred_outside_phase1_scope	
392206-3aebf9e12621	jbrs-ocr-1897	392206.pdf	Burmese/Burma JBRS/1956/392206.pdf	data/working/ocr/jbrs/text/392206-3aebf9e12621.txt	data/working/ocr/jbrs/metadata/392206-3aebf9e12621.json	SEASONAL FLUCTUATIONS IN THE BURMESE ECONOMY	A REPLY	1956	1956-seasonal-fluctuations-burmese-economy-a-reply	1956-seasonal-fluctuations-burmese-economy-a-reply.pdf	1956-seasonal-fluctuations-burmese-economy-a-reply.txt	1956-seasonal-fluctuations-burmese-economy-a-reply.json	medium	deferred_outside_phase1_scope	
392208-f7754516de0b	jbrs-ocr-1898	392208.pdf	Burmese/Burma JBRS/1956/392208.pdf	data/working/ocr/jbrs/text/392208-f7754516de0b.txt	data/working/ocr/jbrs/metadata/392208-f7754516de0b.json	THE FERNS AND FERN ALLIES OF RANGOON INSEIN AREA	AN ADDENDA	1956	1956-ferns-fern-allies-rangoon-insein-area-an-addenda	1956-ferns-fern-allies-rangoon-insein-area-an-addenda.pdf	1956-ferns-fern-allies-rangoon-insein-area-an-addenda.txt	1956-ferns-fern-allies-rangoon-insein-area-an-addenda.json	medium	deferred_outside_phase1_scope	
392213-4fb885219b29	jbrs-ocr-1899	392213.pdf	Burmese/Burma JBRS/1956/392213.pdf	data/working/ocr/jbrs/text/392213-4fb885219b29.txt	data/working/ocr/jbrs/metadata/392213-4fb885219b29.json	Ko Ko Lay 1 In my attention was drawn to the problem of eradicating the strangling fig by a directive from the Universi…	THE ERADICATION OF FICUS	1956	1956-ko-ko-lay-1-my-attention-was-drawn-the-eradication-of-ficus	1956-ko-ko-lay-1-my-attention-was-drawn-the-eradication-of-ficus.pdf	1956-ko-ko-lay-1-my-attention-was-drawn-the-eradication-of-ficus.txt	1956-ko-ko-lay-1-my-attention-was-drawn-the-eradication-of-ficus.json	medium	deferred_outside_phase1_scope	
401001-97d63da221a0	jbrs-ocr-1900	401001.pdf	Burmese/Burma JBRS/1957/401001.pdf	data/working/ocr/jbrs/text/401001-97d63da221a0.txt	data/working/ocr/jbrs/metadata/401001-97d63da221a0.json	3 BURMESE RIDDLES'	by	1957	1957-3-burmese-riddles-by	1957-3-burmese-riddles-by.pdf	1957-3-burmese-riddles-by.txt	1957-3-burmese-riddles-by.json	medium	deferred_outside_phase1_scope	
401014-4899d1b881e7	jbrs-ocr-1901	401014.pdf	Burmese/Burma JBRS/JBRS Originals/401014.pdf	data/working/ocr/jbrs/text/401014-4899d1b881e7.txt	data/working/ocr/jbrs/metadata/401014-4899d1b881e7.json	SOME ASPECTS OF SEASONAL AGRICULTURAL LOANS IN BURMA '	by	1957	1957-some-aspects-seasonal-agricultural-loans-burma-by	1957-some-aspects-seasonal-agricultural-loans-burma-by.pdf	1957-some-aspects-seasonal-agricultural-loans-burma-by.txt	1957-some-aspects-seasonal-agricultural-loans-burma-by.json	medium	deferred_outside_phase1_scope	
401024-94ef9a6f5644	jbrs-ocr-1902	401024.pdf	Burmese/Burma JBRS/1957/401024.pdf	data/working/ocr/jbrs/text/401024-94ef9a6f5644.txt	data/working/ocr/jbrs/metadata/401024-94ef9a6f5644.json	A STUDY IN THE ECONOMIC HISTORY OF BURMA '	SAFETY FIRST	1957	1957-study-economic-history-burma-safety-first	1957-study-economic-history-burma-safety-first.pdf	1957-study-economic-history-burma-safety-first.txt	1957-study-economic-history-burma-safety-first.json	medium	deferred_outside_phase1_scope	
401039-163de86eab59	jbrs-ocr-1903	401039.pdf	Burmese/Burma JBRS/1957/401039.pdf	data/working/ocr/jbrs/text/401039-163de86eab59.txt	data/working/ocr/jbrs/metadata/401039-163de86eab59.json	THE BURMESE CLERODENDRON	by	1957	1957-burmese-clerodendron-by	1957-burmese-clerodendron-by.pdf	1957-burmese-clerodendron-by.txt	1957-burmese-clerodendron-by.json	medium	deferred_outside_phase1_scope	
401087-3987448c26d4	jbrs-ocr-1904	401087.pdf	Burmese/Burma JBRS/1957/401087.pdf	data/working/ocr/jbrs/text/401087-3987448c26d4.txt	data/working/ocr/jbrs/metadata/401087-3987448c26d4.json	TYPE OF RESEARCH REACTOR FOR BURMA '	by	1957	1957-type-research-reactor-burma-by	1957-type-research-reactor-burma-by.pdf	1957-type-research-reactor-burma-by.txt	1957-type-research-reactor-burma-by.json	medium	deferred_outside_phase1_scope	
401105-1639c31d57d9	jbrs-ocr-1905	401105.pdf	Burmese/Burma JBRS/1957/401105.pdf	data/working/ocr/jbrs/text/401105-1639c31d57d9.txt	data/working/ocr/jbrs/metadata/401105-1639c31d57d9.json	URBANISATION: THE BURMESE EXPERIENCE	by	1957	1957-urbanisation-burmese-experience-by	1957-urbanisation-burmese-experience-by.pdf	1957-urbanisation-burmese-experience-by.txt	1957-urbanisation-burmese-experience-by.json	medium	deferred_outside_phase1_scope	
401128-b6d235c8e623	jbrs-ocr-1906	401128.pdf	Burmese/Burma JBRS/1957/401128.pdf	data/working/ocr/jbrs/text/401128-b6d235c8e623.txt	data/working/ocr/jbrs/metadata/401128-b6d235c8e623.json	Thakin Kodaw Hmaing Tika (U Lun: Man and Poet) by	BOOK REVIEW	1957	1957-thakin-kodaw-hmaing-tika-u-lun-man-poet-book-review	1957-thakin-kodaw-hmaing-tika-u-lun-man-poet-book-review.pdf	1957-thakin-kodaw-hmaing-tika-u-lun-man-poet-book-review.txt	1957-thakin-kodaw-hmaing-tika-u-lun-man-poet-book-review.json	medium	deferred_outside_phase1_scope	
402135-3557b905bba7	jbrs-ocr-1907	402135.pdf	Burmese/Burma JBRS/JBRS Originals/402135.pdf	data/working/ocr/jbrs/text/402135-3557b905bba7.txt	data/working/ocr/jbrs/metadata/402135-3557b905bba7.json	OUR WARS WITH THE BURMESE (Row Robe Phama in Thai by Prince Damrong)	translated into English	1957	1957-our-wars-burmese-row-robe-phama-thai-prince-translated-into-english-scan-2	1957-our-wars-burmese-row-robe-phama-thai-prince-translated-into-english-scan-2.pdf	1957-our-wars-burmese-row-robe-phama-thai-prince-translated-into-english-scan-2.txt	1957-our-wars-burmese-row-robe-phama-thai-prince-translated-into-english-scan-2.json	medium	deferred_outside_phase1_scope	collision_with=1957-our-wars-burmese-row-robe-phama-thai-prince-translated-into-english
402241-1c32b60c9221	jbrs-ocr-1908	402241.pdf	Burmese/Burma JBRS/JBRS Originals/402241.pdf	data/working/ocr/jbrs/text/402241-1c32b60c9221.txt	data/working/ocr/jbrs/metadata/402241-1c32b60c9221.json	WAR No. 20 When the Burmese attacked Muang Saiyoke in Siamese territory. In the year of the hare, Buddha Era 2206		1957					medium	needs_manual_review	
402348-44a560a99ccb	jbrs-ocr-1909	402348.pdf	Burmese/Burma JBRS/1957/402348.pdf	data/working/ocr/jbrs/text/402348-44a560a99ccb.txt	data/working/ocr/jbrs/metadata/402348-44a560a99ccb.json	ŠOME EARLY REFERENCES TO THE FIRST BURMESE ENGLISH DICTIONARY OF	by	1957	1957-ome-early-references-first-burmese-english-dictionary-by	1957-ome-early-references-first-burmese-english-dictionary-by.pdf	1957-ome-early-references-first-burmese-english-dictionary-by.txt	1957-ome-early-references-first-burmese-english-dictionary-by.json	medium	deferred_outside_phase1_scope	
402354-62373c6eb602	jbrs-ocr-1910	402354.pdf	Burmese/Burma JBRS/1957/402354.pdf	data/working/ocr/jbrs/text/402354-62373c6eb602.txt	data/working/ocr/jbrs/metadata/402354-62373c6eb602.json	354 BOOK REVIEWS BOOK REVIEWS DATED BUDDHA IMAGES OF NORTHERN SIAM by	BOOK REVIEWS	1957	1957-354-book-reviews-book-reviews-dated-buddha-images-book-reviews	1957-354-book-reviews-book-reviews-dated-buddha-images-book-reviews.pdf	1957-354-book-reviews-book-reviews-dated-buddha-images-book-reviews.txt	1957-354-book-reviews-book-reviews-dated-buddha-images-book-reviews.json	medium	deferred_outside_phase1_scope	
402356-ab4470d51d91	jbrs-ocr-1911	402356.pdf	Burmese/Burma JBRS/1957/402356.pdf	data/working/ocr/jbrs/text/402356-ab4470d51d91.txt	data/working/ocr/jbrs/metadata/402356-ab4470d51d91.json	356 BOOK REVIEWS THE UNION OF BURMA: A Study of the First Years of Independence by Hugh Tinker (London: Oxford Universi…	BOOK REVIEWS	1957	1957-356-book-reviews-union-burma-study-first-years-book-reviews	1957-356-book-reviews-union-burma-study-first-years-book-reviews.pdf	1957-356-book-reviews-union-burma-study-first-years-book-reviews.txt	1957-356-book-reviews-union-burma-study-first-years-book-reviews.json	medium	deferred_outside_phase1_scope	
402358-cf422e80e4ca	jbrs-ocr-1912	402358.pdf	Burmese/Burma JBRS/1957/402358.pdf	data/working/ocr/jbrs/text/402358-cf422e80e4ca.txt	data/working/ocr/jbrs/metadata/402358-cf422e80e4ca.json	358 BOOK REVIEWS BIBLIOGRAPHY OF SINO TIBETAN LANGUAGES. 6 XI (1), 211	BOOK REVIEWS	1957	1957-358-book-reviews-bibliography-sino-tibetan-languages-6-book-reviews	1957-358-book-reviews-bibliography-sino-tibetan-languages-6-book-reviews.pdf	1957-358-book-reviews-bibliography-sino-tibetan-languages-6-book-reviews.txt	1957-358-book-reviews-bibliography-sino-tibetan-languages-6-book-reviews.json	medium	deferred_outside_phase1_scope	
402360-11e48d6e2d6e	jbrs-ocr-1913	402360.pdf	Burmese/Burma JBRS/1957/402360.pdf	data/working/ocr/jbrs/text/402360-11e48d6e2d6e.txt	data/working/ocr/jbrs/metadata/402360-11e48d6e2d6e.json	360 BOOK REVIEWS SOME OBSERVATIONS ON LIBRARIES, MANUSCRIPTS. AND BOOKS OF BURMA from the 3rd. Century A. D. to by Miss…	BOOK REVIEWS	1957	1957-360-book-reviews-some-observations-libraries-manuscripts-books-book-reviews	1957-360-book-reviews-some-observations-libraries-manuscripts-books-book-reviews.pdf	1957-360-book-reviews-some-observations-libraries-manuscripts-books-book-reviews.txt	1957-360-book-reviews-some-observations-libraries-manuscripts-books-book-reviews.json	medium	deferred_outside_phase1_scope	
411001-eb9aa85e15ee	jbrs-ocr-1914	411001.pdf	Burmese/Burma JBRS/1958/411001.pdf	data/working/ocr/jbrs/text/411001-eb9aa85e15ee.txt	data/working/ocr/jbrs/metadata/411001-eb9aa85e15ee.json	by U Chit Thoung 2 From time immemorial the two staple foodstuffs of the Burmese and the Siamese have been rice and Nga…	STANDARDS FOR NGAPI'	1958	1958-u-chit-thoung-2-time-immemorial-two-staple-standards-for-ngapi	1958-u-chit-thoung-2-time-immemorial-two-staple-standards-for-ngapi.pdf	1958-u-chit-thoung-2-time-immemorial-two-staple-standards-for-ngapi.txt	1958-u-chit-thoung-2-time-immemorial-two-staple-standards-for-ngapi.json	medium	deferred_outside_phase1_scope	
411005-d773da635185	jbrs-ocr-1915	411005.pdf	Burmese/Burma JBRS/JBRS Originals/411005.pdf	data/working/ocr/jbrs/text/411005-d773da635185.txt	data/working/ocr/jbrs/metadata/411005-d773da635185.json	THE CULTIVATORS' CONTRIBUTION TO BURMESE LANGUAGE	THE CULTIVATORS'	1958	1958-cultivators-contribution-burmese-language-the-cultivators	1958-cultivators-contribution-burmese-language-the-cultivators.pdf	1958-cultivators-contribution-burmese-language-the-cultivators.txt	1958-cultivators-contribution-burmese-language-the-cultivators.json	medium	deferred_outside_phase1_scope	
411019-551955e7ff53	jbrs-ocr-1916	411019.pdf	Burmese/Burma JBRS/JBRS Originals/411019.pdf	data/working/ocr/jbrs/text/411019-551955e7ff53.txt	data/working/ocr/jbrs/metadata/411019-551955e7ff53.json	SOME ASPECTS OF BURMESE CULTURE '	by	1958	1958-some-aspects-burmese-culture-by-scan-3	1958-some-aspects-burmese-culture-by-scan-3.pdf	1958-some-aspects-burmese-culture-by-scan-3.txt	1958-some-aspects-burmese-culture-by-scan-3.json	high	deferred_outside_phase1_scope	duplicate_of=1958-aspectsburmeseculture-lupewin1958-41-pdf; collision_with=1958-some-aspects-burmese-culture-by
411037-3f71aba3b9b4	jbrs-ocr-1917	411037.pdf	Burmese/Burma JBRS/JBRS Originals/411037.pdf	data/working/ocr/jbrs/text/411037-3f71aba3b9b4.txt	data/working/ocr/jbrs/metadata/411037-3f71aba3b9b4.json	SOCIAL LIFE IN BURMA, A.D	by	1958	1958-social-life-burma-d-by	1958-social-life-burma-d-by.pdf	1958-social-life-burma-d-by.txt	1958-social-life-burma-d-by.json	medium	deferred_outside_phase1_scope	
411048-bbc7bf106580	jbrs-ocr-1918	411048.pdf	Burmese/Burma JBRS/JBRS Originals/411048.pdf	data/working/ocr/jbrs/text/411048-bbc7bf106580.txt	data/working/ocr/jbrs/metadata/411048-bbc7bf106580.json	FLOURIMETRIC METHODS FOR ASSAY OF URANIUM IN BURMESE MINERALS 1	by	1958	1958-flourimetric-methods-assay-uranium-burmese-minerals-1-by	1958-flourimetric-methods-assay-uranium-burmese-minerals-1-by.pdf	1958-flourimetric-methods-assay-uranium-burmese-minerals-1-by.txt	1958-flourimetric-methods-assay-uranium-burmese-minerals-1-by.json	medium	deferred_outside_phase1_scope	
411053-f1b89afebba3	jbrs-ocr-1919	411053.pdf	Burmese/Burma JBRS/1958/411053.pdf	data/working/ocr/jbrs/text/411053-f1b89afebba3.txt	data/working/ocr/jbrs/metadata/411053-f1b89afebba3.json	STRUCTURE AND PROPERTIES OF AGAVE FIBRE'	by	1958	1958-structure-properties-agave-fibre-by	1958-structure-properties-agave-fibre-by.pdf	1958-structure-properties-agave-fibre-by.txt	1958-structure-properties-agave-fibre-by.json	medium	deferred_outside_phase1_scope	
411065-98c2d854333e	jbrs-ocr-1920	411065.pdf	Burmese/Burma JBRS/1958/411065.pdf	data/working/ocr/jbrs/text/411065-98c2d854333e.txt	data/working/ocr/jbrs/metadata/411065-98c2d854333e.json	THAILAND AND BURMA '	MON LITERATURE & CULTURE OVER	1958	1958-thailand-burma-mon-literature-culture-over	1958-thailand-burma-mon-literature-culture-over.pdf	1958-thailand-burma-mon-literature-culture-over.txt	1958-thailand-burma-mon-literature-culture-over.json	medium	deferred_outside_phase1_scope	
411076-6d84457ee38b	jbrs-ocr-1921	411076.pdf	Burmese/Burma JBRS/1958/411076.pdf	data/working/ocr/jbrs/text/411076-6d84457ee38b.txt	data/working/ocr/jbrs/metadata/411076-6d84457ee38b.json	BURMA A SHORT ACCOUNT 1	by	1958	1958-burma-short-account-1-by	1958-burma-short-account-1-by.pdf	1958-burma-short-account-1-by.txt	1958-burma-short-account-1-by.json	medium	deferred_outside_phase1_scope	
411083-a01be7abc60d	jbrs-ocr-1922	411083.pdf	Burmese/Burma JBRS/JBRS Originals/411083.pdf	data/working/ocr/jbrs/text/411083-a01be7abc60d.txt	data/working/ocr/jbrs/metadata/411083-a01be7abc60d.json	REPORT OF THE FIELD WORK	at	1958	1958-report-field-work-at	1958-report-field-work-at.pdf	1958-report-field-work-at.txt	1958-report-field-work-at.json	medium	deferred_outside_phase1_scope	
411100-08d64097dd3b	jbrs-ocr-1923	411100.pdf	Burmese/Burma JBRS/1958/411100.pdf	data/working/ocr/jbrs/text/1958-105-this-valley-running-between-river-chindwin-manipur-diplomat-orientalist.txt	data/working/ocr/jbrs/metadata/1958-105-this-valley-running-between-river-chindwin-manipur-diplomat-orientalist.json	105 Of this valley, running between the River Chindwin and the Manipur mountains, was hotly contested by Burma as a res…	Diplomat & Orientalist	1958	1958-105-this-valley-running-between-river-chindwin-manipur-diplomat-orientalist	1958-105-this-valley-running-between-river-chindwin-manipur-diplomat-orientalist.pdf	1958-105-this-valley-running-between-river-chindwin-manipur-diplomat-orientalist.txt	1958-105-this-valley-running-between-river-chindwin-manipur-diplomat-orientalist.json	medium	renamed_in_repo	
421001-78634f673824	jbrs-ocr-1924	421001.pdf	Burmese/Burma JBRS/JBRS Originals/421001.pdf	data/working/ocr/jbrs/text/421001-78634f673824.txt	data/working/ocr/jbrs/metadata/421001-78634f673824.json	INTRODUCTION TO THE COMPARATIVE STUDY	OF KAREN LANGUAGES,¹						low	needs_manual_review	
421019-b6f75c553e35	jbrs-ocr-1925	421019.pdf	Burmese/Burma JBRS/JBRS Originals/421019.pdf	data/working/ocr/jbrs/text/421019-b6f75c553e35.txt	data/working/ocr/jbrs/metadata/421019-b6f75c553e35.json	CHIN HILLS – LINGUISTIC TOUR (DEC	UNIVERSITY PROJECT*	1959	1959-chin-hills-linguistic-tour-dec-university-project	1959-chin-hills-linguistic-tour-dec-university-project.pdf	1959-chin-hills-linguistic-tour-dec-university-project.txt	1959-chin-hills-linguistic-tour-dec-university-project.json	medium	deferred_outside_phase1_scope	
421032-8e176e037797	jbrs-ocr-1926	421032.pdf	Burmese/Burma JBRS/JBRS Originals/421032.pdf	data/working/ocr/jbrs/text/421032-8e176e037797.txt	data/working/ocr/jbrs/metadata/421032-8e176e037797.json	GEOGRAPHY OF BURMA UNDER THE PAGAN	DYNASTY'						low	needs_manual_review	
421052-c0135bc973cb	jbrs-ocr-1927	421052.pdf	Burmese/Burma JBRS/JBRS Originals/421052.pdf	data/working/ocr/jbrs/text/421052-c0135bc973cb.txt	data/working/ocr/jbrs/metadata/421052-c0135bc973cb.json	NOTE ON THE PEOPLES OF BURMA IN THE 12th 13th CENTURY A. D	by	1959	1959-note-peoples-burma-12th-13th-century-d-by	1959-note-peoples-burma-12th-13th-century-d-by.pdf	1959-note-peoples-burma-12th-13th-century-d-by.txt	1959-note-peoples-burma-12th-13th-century-d-by.json	medium	deferred_outside_phase1_scope	
421075-bc9ae929dc52	jbrs-ocr-1928	421075.pdf	Burmese/Burma JBRS/JBRS Originals/421075.pdf	data/working/ocr/jbrs/text/421075-bc9ae929dc52.txt	data/working/ocr/jbrs/metadata/421075-bc9ae929dc52.json	Geography of Burma under the Pagan dynasty	OLD KYAUKSE						low	needs_manual_review	
421113-ad983c94133a	jbrs-ocr-1929	421113.pdf	Burmese/Burma JBRS/1959/421113.pdf	data/working/ocr/jbrs/text/421113-ad983c94133a.txt	data/working/ocr/jbrs/metadata/421113-ad983c94133a.json	A Note on the Petrology and Provenance	of the	1959	1959-note-petrology-provenance-of-the	1959-note-petrology-provenance-of-the.pdf	1959-note-petrology-provenance-of-the.txt	1959-note-petrology-provenance-of-the.json	medium	deferred_outside_phase1_scope	
421119-cf259f48e2cf	jbrs-ocr-1930	421119.pdf	Burmese/Burma JBRS/1959/421119.pdf	data/working/ocr/jbrs/text/421119-cf259f48e2cf.txt	data/working/ocr/jbrs/metadata/421119-cf259f48e2cf.json	119 OBITUARY Sithu U Kaung, late Director of Education A great loss to the cause of education in Burma, to Burmese inte…	OBITUARY	1959	1959-119-obituary-sithu-u-kaung-late-director-education-obituary	1959-119-obituary-sithu-u-kaung-late-director-education-obituary.pdf	1959-119-obituary-sithu-u-kaung-late-director-education-obituary.txt	1959-119-obituary-sithu-u-kaung-late-director-education-obituary.json	medium	deferred_outside_phase1_scope	
422001-5e810cab8296	jbrs-ocr-1931	422001.pdf	Burmese/Burma JBRS/1959/422001.pdf	data/working/ocr/jbrs/text/422001-5e810cab8296.txt	data/working/ocr/jbrs/metadata/422001-5e810cab8296.json	A BURMESE EMBASSY TO COCHINCHINA	NOTES ON A MANUSCRIPT	1959	1959-burmese-embassy-cochinchina-notes-on-a-manuscript	1959-burmese-embassy-cochinchina-notes-on-a-manuscript.pdf	1959-burmese-embassy-cochinchina-notes-on-a-manuscript.txt	1959-burmese-embassy-cochinchina-notes-on-a-manuscript.json	medium	deferred_outside_phase1_scope	
422009-7de21769fb48	jbrs-ocr-1932	422009.pdf	Burmese/Burma JBRS/JBRS Originals/422009.pdf	data/working/ocr/jbrs/text/422009-7de21769fb48.txt	data/working/ocr/jbrs/metadata/422009-7de21769fb48.json	RICE BRAN OIL EXTRACTION PROCESS FOR USE IN BURMESE RICE MILLS*	by	1959	1959-rice-bran-oil-extraction-process-use-burmese-rice-by	1959-rice-bran-oil-extraction-process-use-burmese-rice-by.pdf	1959-rice-bran-oil-extraction-process-use-burmese-rice-by.txt	1959-rice-bran-oil-extraction-process-use-burmese-rice-by.json	medium	deferred_outside_phase1_scope	
422015-2a74aef63ebf	jbrs-ocr-1933	422015.pdf	Burmese/Burma JBRS/JBRS Originals/422015.pdf	data/working/ocr/jbrs/text/422015-2a74aef63ebf.txt	data/working/ocr/jbrs/metadata/422015-2a74aef63ebf.json	AND HIS NOVELS ON BURMA	MAURICE COLLIS	1959	1959-his-novels-burma-maurice-collis	1959-his-novels-burma-maurice-collis.pdf	1959-his-novels-burma-maurice-collis.txt	1959-his-novels-burma-maurice-collis.json	medium	deferred_outside_phase1_scope	
422025-fc33f21c9bb7	jbrs-ocr-1934	422025.pdf	Burmese/Burma JBRS/1959/422025.pdf	data/working/ocr/jbrs/text/422025-fc33f21c9bb7.txt	data/working/ocr/jbrs/metadata/422025-fc33f21c9bb7.json	In the review of the Bibliography of Sino Tibetan Languages, compiled	SOME ADDITIONS TO	1959	1959-review-bibliography-sino-tibetan-languages-compiled-some-additions-to	1959-review-bibliography-sino-tibetan-languages-compiled-some-additions-to.pdf	1959-review-bibliography-sino-tibetan-languages-compiled-some-additions-to.txt	1959-review-bibliography-sino-tibetan-languages-compiled-some-additions-to.json	medium	deferred_outside_phase1_scope	
422029-a2bdb6cadccc	jbrs-ocr-1935	422029.pdf	Burmese/Burma JBRS/1959/422029.pdf	data/working/ocr/jbrs/text/422029-a2bdb6cadccc.txt	data/working/ocr/jbrs/metadata/422029-a2bdb6cadccc.json	In November the Museum purchased a Karen dictionary, consist end. The text ends abruptly in the letter 'k'. It was plac…	THE FIRST KAREN DICTIONARY*	1959	1959-november-museum-purchased-karen-dictionary-consist-end-text-the-first-karen-dictionary	1959-november-museum-purchased-karen-dictionary-consist-end-text-the-first-karen-dictionary.pdf	1959-november-museum-purchased-karen-dictionary-consist-end-text-the-first-karen-dictionary.txt	1959-november-museum-purchased-karen-dictionary-consist-end-text-the-first-karen-dictionary.json	medium	deferred_outside_phase1_scope	
422031-f5a35f4d6a68	jbrs-ocr-1936	422031.pdf	Burmese/Burma JBRS/1959/422031.pdf	data/working/ocr/jbrs/text/422031-f5a35f4d6a68.txt	data/working/ocr/jbrs/metadata/422031-f5a35f4d6a68.json	THE KARENS OF BURMA*	by	1959	1959-karens-burma-by	1959-karens-burma-by.pdf	1959-karens-burma-by.txt	1959-karens-burma-by.json	medium	deferred_outside_phase1_scope	
422041-4570ce56de9f	jbrs-ocr-1937	422041.pdf	Burmese/Burma JBRS/JBRS Originals/422041.pdf	data/working/ocr/jbrs/text/422041-4570ce56de9f.txt	data/working/ocr/jbrs/metadata/422041-4570ce56de9f.json	BUTANOL OUT OF RICE STARCH *	by						low	needs_manual_review	
422047-621eac2106f0	jbrs-ocr-1938	422047.pdf	Burmese/Burma JBRS/JBRS Originals/422047.pdf	data/working/ocr/jbrs/text/1959-religion-burma-d-by.txt	data/working/ocr/jbrs/metadata/1959-religion-burma-d-by.json	RELIGION IN BURMA, A.D	by	1959	1959-religion-burma-d-by	1959-religion-burma-d-by.pdf	1959-religion-burma-d-by.txt	1959-religion-burma-d-by.json	medium	renamed_in_repo	
422071-541d6fcebe8b	jbrs-ocr-1939	422071.pdf	Burmese/Burma JBRS/JBRS Originals/422071.pdf	data/working/ocr/jbrs/text/422071-541d6fcebe8b.txt	data/working/ocr/jbrs/metadata/422071-541d6fcebe8b.json	RELIGIOUS BUILDINGS OF BURMA A.D	by	1959	1959-religious-buildings-burma-d-by	1959-religious-buildings-burma-d-by.pdf	1959-religious-buildings-burma-d-by.txt	1959-religious-buildings-burma-d-by.json	medium	deferred_outside_phase1_scope	
422081-2a7b8e2e826b	jbrs-ocr-1940	422081.pdf	Burmese/Burma JBRS/JBRS Originals/422081.pdf	data/working/ocr/jbrs/text/422081-2a7b8e2e826b.txt	data/working/ocr/jbrs/metadata/422081-2a7b8e2e826b.json	မဟာကဿပဂိုဏ်း သန်းထွန်း ရေးသည် သျှင်မဟာကဿပနှင့် မဟာကဿပဂိုဏ်း၏အကြောင်းကိုမပြောမီ ဤစာတမ်း ရည်ရွယ်ချက်နှင့် ကာလ အပိုင်းအခြာ…		1959					medium	needs_manual_review	
422099-f8f7b0f9ae8e	jbrs-ocr-1941	422099.pdf	Burmese/Burma JBRS/JBRS Originals/422099.pdf	data/working/ocr/jbrs/text/422099-f8f7b0f9ae8e.txt	data/working/ocr/jbrs/metadata/422099-f8f7b0f9ae8e.json	MAHĀKASSAPA AND HIS TRADITION*	by	1959	1959-mah-kassapa-his-tradition-by	1959-mah-kassapa-his-tradition-by.pdf	1959-mah-kassapa-his-tradition-by.txt	1959-mah-kassapa-his-tradition-by.json	medium	deferred_outside_phase1_scope	
422119-7ad68f50e98e	jbrs-ocr-1942	422119.pdf	Burmese/Burma JBRS/JBRS Originals/422119.pdf	data/working/ocr/jbrs/text/422119-7ad68f50e98e.txt	data/working/ocr/jbrs/metadata/422119-7ad68f50e98e.json	HISTORY OF BURMA: A.D. 1300 1400	by	1959	1959-history-burma-d-1300-1400-by	1959-history-burma-d-1300-1400-by.pdf	1959-history-burma-d-1300-1400-by.txt	1959-history-burma-d-1300-1400-by.json	medium	deferred_outside_phase1_scope	
422135-a8d2fafc8601	jbrs-ocr-1943	422135.pdf	Burmese/Burma JBRS/JBRS Originals/422135.pdf	data/working/ocr/jbrs/text/422135-a8d2fafc8601.txt	data/working/ocr/jbrs/metadata/422135-a8d2fafc8601.json	HISTORY OF BURMA: A.D. 1400 1500	by	1959	1959-history-burma-d-1400-1500-by	1959-history-burma-d-1400-1500-by.pdf	1959-history-burma-d-1400-1500-by.txt	1959-history-burma-d-1400-1500-by.json	medium	deferred_outside_phase1_scope	
422153-83e8c8cc2395	jbrs-ocr-1944	422153.pdf	Burmese/Burma JBRS/JBRS Originals/422153.pdf	data/working/ocr/jbrs/text/422153-83e8c8cc2395.txt	data/working/ocr/jbrs/metadata/422153-83e8c8cc2395.json	Rubber was first grown experimentally in Mergui District around the year at the Taw yat kyaung area lying near the entr…	RUBBER INDUSTRY IN						low	needs_manual_review	
422171-edf2b4b41b24	jbrs-ocr-1945	422171.pdf	Burmese/Burma JBRS/JBRS Originals/422171.pdf	data/working/ocr/jbrs/text/422171-edf2b4b41b24.txt	data/working/ocr/jbrs/metadata/422171-edf2b4b41b24.json	BURMESE KINGSHIP IN THEORY AND IN PRACTICE DURING THE REIGN OF MINDON*	by	1959	1959-burmese-kingship-theory-practice-during-reign-mindon-by-scan-2	1959-burmese-kingship-theory-practice-during-reign-mindon-by-scan-2.pdf	1959-burmese-kingship-theory-practice-during-reign-mindon-by-scan-2.txt	1959-burmese-kingship-theory-practice-during-reign-mindon-by-scan-2.json	medium	deferred_outside_phase1_scope	collision_with=1959-burmese-kingship-theory-practice-during-reign-mindon-by
431001-7a92ffb725a4	jbrs-ocr-1946	431001.pdf	Burmese/Burma JBRS/JBRS Originals/431001.pdf	data/working/ocr/jbrs/text/431001-7a92ffb725a4.txt	data/working/ocr/jbrs/metadata/431001-7a92ffb725a4.json	ရှေးခေတ်ဗုဒ္ဓဘာသာသည် မည်သည့်ဘာသာစကားကို သုံးခဲ့ပါသနည်း ပါမောက္ခ ကျိယှဥ့်လင် ရေးသည်။ ရှေးခေတ် ဗုဒ္ဓဘာသာသည် မည်သည့်ဘာသာစက…		1960					medium	needs_manual_review	
431009-5fbe7ec1e1bc	jbrs-ocr-1947	431009.pdf	Burmese/Burma JBRS/1960/431009.pdf	data/working/ocr/jbrs/text/431009-5fbe7ec1e1bc.txt	data/working/ocr/jbrs/metadata/431009-5fbe7ec1e1bc.json	THE LANGUAGE PROBLEM OF PRIMITIVE BUDDHISM	by	1960	1960-language-problem-primitive-buddhism-by	1960-language-problem-primitive-buddhism-by.pdf	1960-language-problem-primitive-buddhism-by.txt	1960-language-problem-primitive-buddhism-by.json	medium	deferred_outside_phase1_scope	
431017-53213468757c	jbrs-ocr-1948	431017.pdf	Burmese/Burma JBRS/1960/431017.pdf	data/working/ocr/jbrs/text/431017-53213468757c.txt	data/working/ocr/jbrs/metadata/431017-53213468757c.json	NOTES ON THE DISTRIBUTION OF CHINESE PARNASSIA	by	1960	1960-notes-distribution-chinese-parnassia-by	1960-notes-distribution-chinese-parnassia-by.pdf	1960-notes-distribution-chinese-parnassia-by.txt	1960-notes-distribution-chinese-parnassia-by.json	medium	deferred_outside_phase1_scope	
431025-aa4c5e099860	jbrs-ocr-1949	431025.pdf	Burmese/Burma JBRS/1960/431025.pdf	data/working/ocr/jbrs/text/431025-aa4c5e099860.txt	data/working/ocr/jbrs/metadata/431025-aa4c5e099860.json	FIFTIETH ANNIVERSARY CELEBRATION OF THE BURMA RESEARCH SOCIETY 28 XII	THE	1960	1960-fiftieth-anniversary-celebration-burma-research-society-28-xii-the	1960-fiftieth-anniversary-celebration-burma-research-society-28-xii-the.pdf	1960-fiftieth-anniversary-celebration-burma-research-society-28-xii-the.txt	1960-fiftieth-anniversary-celebration-burma-research-society-28-xii-the.json	medium	deferred_outside_phase1_scope	
431033-7adf80a37253	jbrs-ocr-1950	431033.pdf	Burmese/Burma JBRS/1960/431033.pdf	data/working/ocr/jbrs/text/431033-7adf80a37253.txt	data/working/ocr/jbrs/metadata/431033-7adf80a37253.json	THE PLACE OF VIETNAMESE LANGUAGE IN THE BUILDING OF A NEW CULTURE OF THE VIETNAMESE PEOPLE	by	1960	1960-place-vietnamese-language-building-new-culture-vietnamese-people-by	1960-place-vietnamese-language-building-new-culture-vietnamese-people-by.pdf	1960-place-vietnamese-language-building-new-culture-vietnamese-people-by.txt	1960-place-vietnamese-language-building-new-culture-vietnamese-people-by.json	medium	deferred_outside_phase1_scope	
431037-79baa579e9e2	jbrs-ocr-1951	431037.pdf	Burmese/Burma JBRS/JBRS Originals/431037.pdf	data/working/ocr/jbrs/text/431037-79baa579e9e2.txt	data/working/ocr/jbrs/metadata/431037-79baa579e9e2.json	THE ROLE OF THE MASSES IN RAISING	THE STANDARD OF WELFARE	1960	1960-role-masses-raising-the-standard-of-welfare	1960-role-masses-raising-the-standard-of-welfare.pdf	1960-role-masses-raising-the-standard-of-welfare.txt	1960-role-masses-raising-the-standard-of-welfare.json	medium	deferred_outside_phase1_scope	
431041-6fb537d44ba5	jbrs-ocr-1952	431041.pdf	Burmese/Burma JBRS/1960/431041.pdf	data/working/ocr/jbrs/text/431041-6fb537d44ba5.txt	data/working/ocr/jbrs/metadata/431041-6fb537d44ba5.json	INAUGURAL ADDRESS, BY J. S	A	1960	1960-inaugural-address-j-s-a	1960-inaugural-address-j-s-a.pdf	1960-inaugural-address-j-s-a.txt	1960-inaugural-address-j-s-a.json	medium	deferred_outside_phase1_scope	
431051-18165066370d	jbrs-ocr-1953	431051.pdf	Burmese/Burma JBRS/JBRS Originals/431051.pdf	data/working/ocr/jbrs/text/431051-18165066370d.txt	data/working/ocr/jbrs/metadata/431051-18165066370d.json	GHORAMANTA (alias) GORAVINDA—A BURMESE GOD	by						low	needs_manual_review	
431057-8f9f2a31cbac	jbrs-ocr-1954	431057.pdf	Burmese/Burma JBRS/1960/431057.pdf	data/working/ocr/jbrs/text/431057-8f9f2a31cbac.txt	data/working/ocr/jbrs/metadata/431057-8f9f2a31cbac.json	PROPOSED DATING OF THE YONOK CHIENGSAEN DYNASTY	by	1960	1960-proposed-dating-yonok-chiengsaen-dynasty-by	1960-proposed-dating-yonok-chiengsaen-dynasty-by.pdf	1960-proposed-dating-yonok-chiengsaen-dynasty-by.txt	1960-proposed-dating-yonok-chiengsaen-dynasty-by.json	medium	deferred_outside_phase1_scope	
431063-fdfd52e2bdbe	jbrs-ocr-1955	431063.pdf	Burmese/Burma JBRS/JBRS Originals/431063.pdf	data/working/ocr/jbrs/text/431063-fdfd52e2bdbe.txt	data/working/ocr/jbrs/metadata/431063-fdfd52e2bdbe.json	A CHIENGMAI IMAGE INSCRIBED IN BURMESE AND TAI	by	1960	1960-chiengmai-image-inscribed-burmese-tai-by	1960-chiengmai-image-inscribed-burmese-tai-by.pdf	1960-chiengmai-image-inscribed-burmese-tai-by.txt	1960-chiengmai-image-inscribed-burmese-tai-by.json	medium	deferred_outside_phase1_scope	
431067-a56e0ed7db80	jbrs-ocr-1956	431067.pdf	Burmese/Burma JBRS/1960/431067.pdf	data/working/ocr/jbrs/text/431067-a56e0ed7db80.txt	data/working/ocr/jbrs/metadata/431067-a56e0ed7db80.json	TOWARDS THE STANDARDIZATION OF VIETNAMESE	ORTHOGRAPHY	1960	1960-towards-standardization-vietnamese-orthography	1960-towards-standardization-vietnamese-orthography.pdf	1960-towards-standardization-vietnamese-orthography.txt	1960-towards-standardization-vietnamese-orthography.json	medium	deferred_outside_phase1_scope	
431073-343ef2f180d9	jbrs-ocr-1957	431073.pdf	Burmese/Burma JBRS/1960/431073.pdf	data/working/ocr/jbrs/text/431073-343ef2f180d9.txt	data/working/ocr/jbrs/metadata/431073-343ef2f180d9.json	HIGHER EDUCATION IN THE REPUBLIC OF VIETNAM	by	1960	1960-higher-education-republic-vietnam-by	1960-higher-education-republic-vietnam-by.pdf	1960-higher-education-republic-vietnam-by.txt	1960-higher-education-republic-vietnam-by.json	medium	deferred_outside_phase1_scope	
431083-5967f58badde	jbrs-ocr-1958	431083.pdf	Burmese/Burma JBRS/JBRS Originals/431083.pdf	data/working/ocr/jbrs/text/431083-5967f58badde.txt	data/working/ocr/jbrs/metadata/431083-5967f58badde.json	The Owl and the Crow	SHAN FOLK TALES	1960	1960-owl-crow-shan-folk-tales-scan-2	1960-owl-crow-shan-folk-tales-scan-2.pdf	1960-owl-crow-shan-folk-tales-scan-2.txt	1960-owl-crow-shan-folk-tales-scan-2.json	high	deferred_outside_phase1_scope	duplicate_of=1960-shanfolktales-saimong1960-pdf; collision_with=1960-owl-crow-shan-folk-tales
431091-3d36d6ccf5b8	jbrs-ocr-1959	431091.pdf	Burmese/Burma JBRS/1960/431091.pdf	data/working/ocr/jbrs/text/431091-3d36d6ccf5b8.txt	data/working/ocr/jbrs/metadata/431091-3d36d6ccf5b8.json	HISTOIRE DES ETATES COMPRIS ENTRE L	ET LA CHINE	1960	1960-histoire-des-etates-compris-entre-l-et-la-chine	1960-histoire-des-etates-compris-entre-l-et-la-chine.pdf	1960-histoire-des-etates-compris-entre-l-et-la-chine.txt	1960-histoire-des-etates-compris-entre-l-et-la-chine.json	medium	deferred_outside_phase1_scope	
432001-f6a30b5c99c0	jbrs-ocr-1960	432001.pdf	Burmese/Burma JBRS/JBRS Originals/432001.pdf	data/working/ocr/jbrs/text/1960-journey-munipoor-ava-thence-across-yooma-mountain-to-arracan.txt	data/working/ocr/jbrs/metadata/1960-journey-munipoor-ava-thence-across-yooma-mountain-to-arracan.json	Journey from Munipoor to Ava, and from thence across the Yooma Mountain	to Arracan	1960	1960-journey-munipoor-ava-thence-across-yooma-mountain-to-arracan	1960-journey-munipoor-ava-thence-across-yooma-mountain-to-arracan.pdf	1960-journey-munipoor-ava-thence-across-yooma-mountain-to-arracan.txt	1960-journey-munipoor-ava-thence-across-yooma-mountain-to-arracan.json	medium	renamed_in_repo	
441001-e77854107ba4	jbrs-ocr-1962	441001.pdf	Burmese/Burma JBRS/JBRS Originals/441001.pdf	data/working/ocr/jbrs/text/441001-e77854107ba4.txt	data/working/ocr/jbrs/metadata/441001-e77854107ba4.json	NATURAL SODA OF BURMA	By	1961	1961-natural-soda-burma-by-scan-2	1961-natural-soda-burma-by-scan-2.pdf	1961-natural-soda-burma-by-scan-2.txt	1961-natural-soda-burma-by-scan-2.json	medium	deferred_outside_phase1_scope	collision_with=1961-natural-soda-burma-by
441013-73e5fab1fe07	jbrs-ocr-1963	441013.pdf	Burmese/Burma JBRS/1961/441013.pdf	data/working/ocr/jbrs/text/441013-73e5fab1fe07.txt	data/working/ocr/jbrs/metadata/441013-73e5fab1fe07.json	THE GEOLOGY AND ECONOMIC POSSIBILITIES	OF THE AREA BETWEEN	1961	1961-geology-economic-possibilities-of-the-area-between	1961-geology-economic-possibilities-of-the-area-between.pdf	1961-geology-economic-possibilities-of-the-area-between.txt	1961-geology-economic-possibilities-of-the-area-between.json	medium	deferred_outside_phase1_scope	
441025-49da8fd77e36	jbrs-ocr-1964	441025.pdf	Burmese/Burma JBRS/1961/441025.pdf	data/working/ocr/jbrs/text/441025-49da8fd77e36.txt	data/working/ocr/jbrs/metadata/441025-49da8fd77e36.json	BURMESE LINE SKETCHES In March Professor U Wun brought back this Parapuik from U Maung Maung Tin, Lecturer, Burmese Dep…		1961					medium	needs_manual_review	
441035-414bda68ceea	jbrs-ocr-1965	441035.pdf	Burmese/Burma JBRS/1961/441035.pdf	data/working/ocr/jbrs/text/441035-414bda68ceea.txt	data/working/ocr/jbrs/metadata/441035-414bda68ceea.json	SINCE we are all sons of Adam it would be surprising if ancient kings did not now have innumerable obscure descendants.…	BAYINNAUNG'S LIVING DESCENDANT	1961	1961-since-we-are-all-sons-adam-it-would-bayinnaung-s-living-descendant	1961-since-we-are-all-sons-adam-it-would-bayinnaung-s-living-descendant.pdf	1961-since-we-are-all-sons-adam-it-would-bayinnaung-s-living-descendant.txt	1961-since-we-are-all-sons-adam-it-would-bayinnaung-s-living-descendant.json	medium	deferred_outside_phase1_scope	
441043-04396fc0d3de	jbrs-ocr-1966	441043.pdf	Burmese/Burma JBRS/1961/441043.pdf	data/working/ocr/jbrs/text/441043-04396fc0d3de.txt	data/working/ocr/jbrs/metadata/441043-04396fc0d3de.json	DHAMMARAJÂ, meaning Tayamin or the King of Law, was the whole concept of a Burmese king	KING MINDON'S COUNCILLORS*	1961	1961-dhammaraj-meaning-tayamin-king-law-was-whole-concept-king-mindon-s-councillors	1961-dhammaraj-meaning-tayamin-king-law-was-whole-concept-king-mindon-s-councillors.pdf	1961-dhammaraj-meaning-tayamin-king-law-was-whole-concept-king-mindon-s-councillors.txt	1961-dhammaraj-meaning-tayamin-king-law-was-whole-concept-king-mindon-s-councillors.json	medium	deferred_outside_phase1_scope	
441061-b50010eec7e9	jbrs-ocr-1967	441061.pdf	Burmese/Burma JBRS/1961/441061.pdf	data/working/ocr/jbrs/text/441061-b50010eec7e9.txt	data/working/ocr/jbrs/metadata/441061-b50010eec7e9.json	ဆုံး မင်းတုန်းမင်း၏ မှူးကြီး မတ်ကြီးများ ** မကြန် းး ရေးသည်		1961					medium	needs_manual_review	
441081-7324d4a0404b	jbrs-ocr-1968	441081.pdf	Burmese/Burma JBRS/1961/441081.pdf	data/working/ocr/jbrs/text/441081-7324d4a0404b.txt	data/working/ocr/jbrs/metadata/441081-7324d4a0404b.json	တူရွင်းတိုင်မြို့စစ်တန်း ဤ ၁၁၄၅ ခု ၁၁၆၄ ခု ဆိုင်ရာ တူရွှင်းဘိုင်မြို့ စစ်တန်းများကို ကွယ်လွန်သူ သတိုးသီရိသုဓမ္မ ဒေါက်တာ…		1961					medium	needs_manual_review	
441085-39e427a48df4	jbrs-ocr-1969	441085.pdf	Burmese/Burma JBRS/1961/441085.pdf	data/working/ocr/jbrs/text/441085-39e427a48df4.txt	data/working/ocr/jbrs/metadata/441085-39e427a48df4.json	LIFE AT THE BURMESE COURT	UNDER THE KONBAUNG KINGSI	1961	1961-life-burmese-court-under-the-konbaung-kingsi	1961-life-burmese-court-under-the-konbaung-kingsi.pdf	1961-life-burmese-court-under-the-konbaung-kingsi.txt	1961-life-burmese-court-under-the-konbaung-kingsi.json	medium	deferred_outside_phase1_scope	
442141-fb0badfa4996	jbrs-ocr-1970	442141.pdf	Burmese/Burma JBRS/1961/442141.pdf	data/working/ocr/jbrs/text/442141-fb0badfa4996.txt	data/working/ocr/jbrs/metadata/442141-fb0badfa4996.json	ဗင်္ဂလားသွား မြန်မာသံတော်အဖွဲ့ (အေ ဒီ ၁၈၃၀)* မကြန်** ရေးသည် မြန်မာသံအဖွဲ့သည် အေဒီ ၁၀၃၀ ၌ ဗင်္ဂလားသို့သွားရောက်ရခြင်းမှာ…		1961					medium	needs_manual_review	
442165-eca728e8af14	jbrs-ocr-1971	442165.pdf	Burmese/Burma JBRS/1961/442165.pdf	data/working/ocr/jbrs/text/442165-eca728e8af14.txt	data/working/ocr/jbrs/metadata/442165-eca728e8af14.json	STATE INVESTMENT IN BURMA RAILWAYS, *	by	1961	1961-state-investment-burma-railways-by	1961-state-investment-burma-railways-by.pdf	1961-state-investment-burma-railways-by.txt	1961-state-investment-burma-railways-by.json	medium	deferred_outside_phase1_scope	
442183-cee44d27f9df	jbrs-ocr-1972	442183.pdf	Burmese/Burma JBRS/1961/442183.pdf	data/working/ocr/jbrs/text/442183-cee44d27f9df.txt	data/working/ocr/jbrs/metadata/442183-cee44d27f9df.json	FINANCING THE DEFICIT SINCE INDEPENDNCE⋆	by	1961	1961-financing-deficit-since-independnce-by	1961-financing-deficit-since-independnce-by.pdf	1961-financing-deficit-since-independnce-by.txt	1961-financing-deficit-since-independnce-by.json	medium	deferred_outside_phase1_scope	
442197-a73553293f2b	jbrs-ocr-1973	442197.pdf	Burmese/Burma JBRS/1961/442197.pdf	data/working/ocr/jbrs/text/442197-a73553293f2b.txt	data/working/ocr/jbrs/metadata/442197-a73553293f2b.json	SOME OF THE ANIMALS OF MAUNGMAGAN AND	ADJOINING SHORES*	1961	1961-some-animals-maungmagan-adjoining-shores	1961-some-animals-maungmagan-adjoining-shores.pdf	1961-some-animals-maungmagan-adjoining-shores.txt	1961-some-animals-maungmagan-adjoining-shores.json	medium	deferred_outside_phase1_scope	
442225-b3944aa9ea09	jbrs-ocr-1974	442225.pdf	Burmese/Burma JBRS/1961/442225.pdf	data/working/ocr/jbrs/text/442225-b3944aa9ea09.txt	data/working/ocr/jbrs/metadata/442225-b3944aa9ea09.json	THE EFFECT OF CONCENTRATION OF SALTS ON THEIR RATE OF ABSORPTION BY PLANTS IN WATER CULTURE AND THE ROLE OF AERATION	by	1961	1961-effect-concentration-salts-their-rate-absorption-plants-water-by	1961-effect-concentration-salts-their-rate-absorption-plants-water-by.pdf	1961-effect-concentration-salts-their-rate-absorption-plants-water-by.txt	1961-effect-concentration-salts-their-rate-absorption-plants-water-by.json	medium	deferred_outside_phase1_scope	
442237-70b3bf49579b	jbrs-ocr-1975	442237.pdf	Burmese/Burma JBRS/1961/442237.pdf	data/working/ocr/jbrs/text/442237-70b3bf49579b.txt	data/working/ocr/jbrs/metadata/442237-70b3bf49579b.json	GRADING COMMERCIAL VALUES OF SHRIMP PASTE (HMYIN NGAPI) IN BURMA AND DETECTING ADULTERATIONS WITH FISH AND SHRIMP PEELS…	By	1961	1961-grading-commercial-values-shrimp-paste-hmyin-ngapi-burma-by	1961-grading-commercial-values-shrimp-paste-hmyin-ngapi-burma-by.pdf	1961-grading-commercial-values-shrimp-paste-hmyin-ngapi-burma-by.txt	1961-grading-commercial-values-shrimp-paste-hmyin-ngapi-burma-by.json	medium	deferred_outside_phase1_scope	
442247-2be89e8d2863	jbrs-ocr-1976	442247.pdf	Burmese/Burma JBRS/1961/442247.pdf	data/working/ocr/jbrs/text/442247-2be89e8d2863.txt	data/working/ocr/jbrs/metadata/442247-2be89e8d2863.json	ကုန်းဘောင်ခေတ် ရာဇဝင်ဆိုင်ရာ မြန်မာအထောက်အထားများ ရီရီရေးသည်		1961					medium	needs_manual_review	
442297-266453b9071f	jbrs-ocr-1977	442297.pdf	Burmese/Burma JBRS/1961/442297.pdf	data/working/ocr/jbrs/text/442297-266453b9071f.txt	data/working/ocr/jbrs/metadata/442297-266453b9071f.json	COMMENTARY ON THE POEMS OF TAUNGOO MIN	REVIEW	1961	1961-commentary-poems-taungoo-min-review	1961-commentary-poems-taungoo-min-review.pdf	1961-commentary-poems-taungoo-min-review.txt	1961-commentary-poems-taungoo-min-review.json	medium	deferred_outside_phase1_scope	
442299-63b1e8ce706e	jbrs-ocr-1978	442299.pdf	Burmese/Burma JBRS/1961/442299.pdf	data/working/ocr/jbrs/text/442299-63b1e8ce706e.txt	data/working/ocr/jbrs/metadata/442299-63b1e8ce706e.json	A PALI BURMESE DICTIONARY	REVIEW	1961	1961-pali-burmese-dictionary-review	1961-pali-burmese-dictionary-review.pdf	1961-pali-burmese-dictionary-review.txt	1961-pali-burmese-dictionary-review.json	medium	deferred_outside_phase1_scope	
442301-06d636206b45	jbrs-ocr-1979	442301.pdf	Burmese/Burma JBRS/JBRS Originals/442301.pdf	data/working/ocr/jbrs/text/442301-06d636206b45.txt	data/working/ocr/jbrs/metadata/442301-06d636206b45.json	U BA BA AN APPRECIATION THE MEMBERS OF THE BURMA RESEARCH SOCIETY are very grateful to U Ba Ba who served as a August a…							low	needs_manual_review	
451001-dd76978a0c1a	jbrs-ocr-1980	451001.pdf	Burmese/Burma JBRS/JBRS Originals/451001.pdf	data/working/ocr/jbrs/text/451001-dd76978a0c1a.txt	data/working/ocr/jbrs/metadata/451001-dd76978a0c1a.json	SOME OF THE PROBLEMS OF A LEXICOGRAPHER⭑	Dr. Ba Han**	1962	1962-some-problems-lexicographer-ba-han	1962-some-problems-lexicographer-ba-han.pdf	1962-some-problems-lexicographer-ba-han.txt	1962-some-problems-lexicographer-ba-han.json	medium	deferred_outside_phase1_scope	
451007-cc1e3f0605e9	jbrs-ocr-1981	451007.pdf	Burmese/Burma JBRS/JBRS Originals/451007.pdf	data/working/ocr/jbrs/text/451007-cc1e3f0605e9.txt	data/working/ocr/jbrs/metadata/451007-cc1e3f0605e9.json	THE JUDICIAL SYSTEM OF KING MINDON *	YI YI★★						low	needs_manual_review	
451029-7467b232a54a	jbrs-ocr-1982	451029.pdf	Burmese/Burma JBRS/1962/451029.pdf	data/working/ocr/jbrs/text/451029-7467b232a54a.txt	data/working/ocr/jbrs/metadata/451029-7467b232a54a.json	TWAN: SAŃ: WAN MAHĀ CAÑSŪ Ū: RHWAI	MA KYAN✰✰	1962	1962-twan-sa-wan-mah-ca-s-rhwai-ma-kyan	1962-twan-sa-wan-mah-ca-s-rhwai-ma-kyan.pdf	1962-twan-sa-wan-mah-ca-s-rhwai-ma-kyan.txt	1962-twan-sa-wan-mah-ca-s-rhwai-ma-kyan.json	medium	deferred_outside_phase1_scope	
451041-4a9aa2fe898b	jbrs-ocr-1983	451041.pdf	Burmese/Burma JBRS/1962/451041.pdf	data/working/ocr/jbrs/text/451041-4a9aa2fe898b.txt	data/working/ocr/jbrs/metadata/451041-4a9aa2fe898b.json	THE LINGUISTIC POSITION OF RONG (LEPCHA)	by	1962	1962-linguistic-position-rong-lepcha-by	1962-linguistic-position-rong-lepcha-by.pdf	1962-linguistic-position-rong-lepcha-by.txt	1962-linguistic-position-rong-lepcha-by.json	medium	deferred_outside_phase1_scope	
451049-4477549ee36b	jbrs-ocr-1984	451049.pdf	Burmese/Burma JBRS/1962/451049.pdf	data/working/ocr/jbrs/text/451049-4477549ee36b.txt	data/working/ocr/jbrs/metadata/451049-4477549ee36b.json	PUBLIC EXPENDITURES AND INFLATIONARY IMPACT IN BURMA 59*	by	1962	1962-public-expenditures-inflationary-impact-burma-59-by	1962-public-expenditures-inflationary-impact-burma-59-by.pdf	1962-public-expenditures-inflationary-impact-burma-59-by.txt	1962-public-expenditures-inflationary-impact-burma-59-by.json	medium	deferred_outside_phase1_scope	
451079-492ba7c3e673	jbrs-ocr-1985	451079.pdf	Burmese/Burma JBRS/1962/451079.pdf	data/working/ocr/jbrs/text/451079-492ba7c3e673.txt	data/working/ocr/jbrs/metadata/451079-492ba7c3e673.json	POLITICS AND RAILROADS IN BURMA AND INDIA: A PROBLEM OF HISTORICAL INTERPRETATION★	JOSEF SILVERSTEIN★★	1962	1962-politics-railroads-burma-india-problem-historical-interpretation-josef-silverstein	1962-politics-railroads-burma-india-problem-historical-interpretation-josef-silverstein.pdf	1962-politics-railroads-burma-india-problem-historical-interpretation-josef-silverstein.txt	1962-politics-railroads-burma-india-problem-historical-interpretation-josef-silverstein.json	medium	deferred_outside_phase1_scope	
451091-60f0fa4586e9	jbrs-ocr-1986	451091.pdf	Burmese/Burma JBRS/1962/451091.pdf	data/working/ocr/jbrs/text/451091-60f0fa4586e9.txt	data/working/ocr/jbrs/metadata/451091-60f0fa4586e9.json	THE RUBBER INDUSTRY OF BURMA*	AN OVERALL VIEW OF	1962	1962-rubber-industry-burma-an-overall-view-of	1962-rubber-industry-burma-an-overall-view-of.pdf	1962-rubber-industry-burma-an-overall-view-of.txt	1962-rubber-industry-burma-an-overall-view-of.json	medium	deferred_outside_phase1_scope	
451109-14a5f41640a7	jbrs-ocr-1987	451109.pdf	Burmese/Burma JBRS/1962/451109.pdf	data/working/ocr/jbrs/text/451109-14a5f41640a7.txt	data/working/ocr/jbrs/metadata/451109-14a5f41640a7.json	A HANDBOOK OF OLD HANDICRAFTS Text Publications, New Series No. 3. Sarpay Beikman Press, Rangoon	BOOK REVIEW	1962	1962-handbook-old-handicrafts-text-publications-new-series-no-book-review	1962-handbook-old-handicrafts-text-publications-new-series-no-book-review.pdf	1962-handbook-old-handicrafts-text-publications-new-series-no-book-review.txt	1962-handbook-old-handicrafts-text-publications-new-series-no-book-review.json	medium	deferred_outside_phase1_scope	
452129-3e40dc0c5769	jbrs-ocr-1988	452129.pdf	Burmese/Burma JBRS/1962/452129.pdf	data/working/ocr/jbrs/text/452129-3e40dc0c5769.txt	data/working/ocr/jbrs/metadata/452129-3e40dc0c5769.json	မြန်မာနိုင်ငံရှေးခေတ်ဘာသာပြန်သမိုင်းအချုပ် ဦးဝန်** သာသနာရေးအရဖြစ်စေ လူမှုရေးအရဖြစ်စေ စီးပွားရေးအရဖြစ်စေ စစ်မက်ရေးအရဖြစ်…		1962					medium	needs_manual_review	
452137-c94f87ea513f	jbrs-ocr-1989	452137.pdf	Burmese/Burma JBRS/JBRS Originals/452137.pdf	data/working/ocr/jbrs/text/452137-c94f87ea513f.txt	data/working/ocr/jbrs/metadata/452137-c94f87ea513f.json	ဝန်ကြီးမှူးကြီးများအကြောင်း ၁၉၆၁ ခု မတ်လတွင် ပါမောက္ခ ဦးဝန် မန္တလေးမြို့မှ ပြန်လာသောအခါ မန္တလေးတက္ကသိုလ် မြန်မာစာပေဌာန…							low	needs_manual_review	
452163-0f2d7695222c	jbrs-ocr-1990	452163.pdf	Burmese/Burma JBRS/JBRS Originals/452163.pdf	data/working/ocr/jbrs/text/452163-0f2d7695222c.txt	data/working/ocr/jbrs/metadata/452163-0f2d7695222c.json	URBAN STUDY OF THE SITTANG VALLEY*	by	1962	1962-urban-study-sittang-valley-by	1962-urban-study-sittang-valley-by.pdf	1962-urban-study-sittang-valley-by.txt	1962-urban-study-sittang-valley-by.json	medium	deferred_outside_phase1_scope	
452181-61f682f61b18	jbrs-ocr-1991	452181.pdf	Burmese/Burma JBRS/1962/452181.pdf	data/working/ocr/jbrs/text/452181-61f682f61b18.txt	data/working/ocr/jbrs/metadata/452181-61f682f61b18.json	A DISTRICT BY DISTRICT ACCOUNT OF THE RUBBER INDUSTRY OF BURMA*	by	1962	1962-district-district-account-rubber-industry-burma-by	1962-district-district-account-rubber-industry-burma-by.pdf	1962-district-district-account-rubber-industry-burma-by.txt	1962-district-district-account-rubber-industry-burma-by.json	medium	deferred_outside_phase1_scope	
452193-fc71a2164190	jbrs-ocr-1992	452193.pdf	Burmese/Burma JBRS/JBRS Originals/452193.pdf	data/working/ocr/jbrs/text/452193-fc71a2164190.txt	data/working/ocr/jbrs/metadata/452193-fc71a2164190.json	MAYAN LAJUNG, CHANGING LAND USE AND CAPITAL	INVESTMENT	1962	1962-mayan-lajung-changing-land-use-capital-investment	1962-mayan-lajung-changing-land-use-capital-investment.pdf	1962-mayan-lajung-changing-land-use-capital-investment.txt	1962-mayan-lajung-changing-land-use-capital-investment.json	medium	deferred_outside_phase1_scope	
452205-b44cecfd7a83	jbrs-ocr-1993	452205.pdf	Burmese/Burma JBRS/1962/452205.pdf	data/working/ocr/jbrs/text/452205-b44cecfd7a83.txt	data/working/ocr/jbrs/metadata/452205-b44cecfd7a83.json	BURMESE ATTITUDES TOWARD CHILDREN	by	1962	1962-burmese-attitudes-toward-children-by	1962-burmese-attitudes-toward-children-by.pdf	1962-burmese-attitudes-toward-children-by.txt	1962-burmese-attitudes-toward-children-by.json	medium	deferred_outside_phase1_scope	
452209-946ecb59ab89	jbrs-ocr-1994	452209.pdf	Burmese/Burma JBRS/JBRS Originals/452209.pdf	data/working/ocr/jbrs/text/452209-946ecb59ab89.txt	data/working/ocr/jbrs/metadata/452209-946ecb59ab89.json	ODYSSEY OF THE FIRST BURMESE TYPES	by	1962	1962-odyssey-first-burmese-types-by-scan-2	1962-odyssey-first-burmese-types-by-scan-2.pdf	1962-odyssey-first-burmese-types-by-scan-2.txt	1962-odyssey-first-burmese-types-by-scan-2.json	medium	deferred_outside_phase1_scope	collision_with=1962-odyssey-first-burmese-types-by
461001-595b35f5e1c5	jbrs-ocr-1995	461001.pdf	Burmese/Burma JBRS/JBRS Originals/461001.pdf	data/working/ocr/jbrs/text/461001-595b35f5e1c5.txt	data/working/ocr/jbrs/metadata/461001-595b35f5e1c5.json	THE BURMESE COMPLEX ITS ROOTS*	DR BA HAN**						low	needs_manual_review	
461011-1b100ecd9943	jbrs-ocr-1996	461011.pdf	Burmese/Burma JBRS/JBRS Originals/461011.pdf	data/working/ocr/jbrs/text/461011-1b100ecd9943.txt	data/working/ocr/jbrs/metadata/461011-1b100ecd9943.json	FACE, BUTTERFLY AND TWO SONGS: A PROLOGUE TO A STUDY OF THE ELEMENTS OF MYTH AND MAGIC IN BURMESE POLITICS*	U OHN**						low	needs_manual_review	
461027-87bba07f427d	jbrs-ocr-1997	461027.pdf	Burmese/Burma JBRS/1963/461027.pdf	data/working/ocr/jbrs/text/461027-87bba07f427d.txt	data/working/ocr/jbrs/metadata/461027-87bba07f427d.json	ORGANIZATION OF PLANNING MACHINERY: LESSONS FROM BURMESE EXPERIENCE*	THET TUN**	1963	1963-organization-planning-machinery-lessons-burmese-experience-thet-tun	1963-organization-planning-machinery-lessons-burmese-experience-thet-tun.pdf	1963-organization-planning-machinery-lessons-burmese-experience-thet-tun.txt	1963-organization-planning-machinery-lessons-burmese-experience-thet-tun.json	medium	deferred_outside_phase1_scope	
461035-b40362bf7b9f	jbrs-ocr-1998	461035.pdf	Burmese/Burma JBRS/JBRS Originals/461035.pdf	data/working/ocr/jbrs/text/461035-b40362bf7b9f.txt	data/working/ocr/jbrs/metadata/461035-b40362bf7b9f.json	PROBLEMS OF HIGH ACID RICE BRAN OILS IN BURMA	AND THEIR SOLUTIONS*	1963	1963-problems-high-acid-rice-bran-oils-burma-and-their-solutions	1963-problems-high-acid-rice-bran-oils-burma-and-their-solutions.pdf	1963-problems-high-acid-rice-bran-oils-burma-and-their-solutions.txt	1963-problems-high-acid-rice-bran-oils-burma-and-their-solutions.json	medium	deferred_outside_phase1_scope	
461043-93e8161ba906	jbrs-ocr-1999	461043.pdf	Burmese/Burma JBRS/JBRS Originals/461043.pdf	data/working/ocr/jbrs/text/1963-pali-burmese-nissaya-tin-lwin-scan-2.txt	data/working/ocr/jbrs/metadata/1963-pali-burmese-nissaya-tin-lwin-scan-2.json	PALI BURMESE NISSAYA*	U TIN LWIN**	1963	1963-pali-burmese-nissaya-tin-lwin-scan-2	1963-pali-burmese-nissaya-tin-lwin-scan-2.pdf	1963-pali-burmese-nissaya-tin-lwin-scan-2.txt	1963-pali-burmese-nissaya-tin-lwin-scan-2.json	medium	renamed_in_repo	collision_with=1963-pali-burmese-nissaya-tin-lwin
461053-e53f8eb6505d	jbrs-ocr-2000	461053.pdf	Burmese/Burma JBRS/1963/461053.pdf	data/working/ocr/jbrs/text/461053-e53f8eb6505d.txt	data/working/ocr/jbrs/metadata/461053-e53f8eb6505d.json	AN ACOUSTICAL ANALYSIS OF THE VIBRATIONS OF BAMBOO BARS USED IN PATTALARS*	MAUNG MAUNG KHA**	1963	1963-acoustical-analysis-vibrations-bamboo-bars-used-pattalars-maung-maung-kha	1963-acoustical-analysis-vibrations-bamboo-bars-used-pattalars-maung-maung-kha.pdf	1963-acoustical-analysis-vibrations-bamboo-bars-used-pattalars-maung-maung-kha.txt	1963-acoustical-analysis-vibrations-bamboo-bars-used-pattalars-maung-maung-kha.json	medium	deferred_outside_phase1_scope	
461065-e40976239b95	jbrs-ocr-2001	461065.pdf	Burmese/Burma JBRS/JBRS Originals/461065.pdf	data/working/ocr/jbrs/text/461065-e40976239b95.txt	data/working/ocr/jbrs/metadata/461065-e40976239b95.json	Storia del Cristianesimo nell	ONE CENTENARY RECALLS ANOTHER	1963	1963-storia-del-cristianesimo-nell-one-centenary-recalls-another	1963-storia-del-cristianesimo-nell-one-centenary-recalls-another.pdf	1963-storia-del-cristianesimo-nell-one-centenary-recalls-another.txt	1963-storia-del-cristianesimo-nell-one-centenary-recalls-another.json	medium	deferred_outside_phase1_scope	
461081-194d0ea9ee25	jbrs-ocr-2002	461081.pdf	Burmese/Burma JBRS/1963/461081.pdf	data/working/ocr/jbrs/text/461081-194d0ea9ee25.txt	data/working/ocr/jbrs/metadata/461081-194d0ea9ee25.json	ရူးသွပ်ရောဂါကုသမှု မြန်မခ့ဆေးပညာ ဒေါက်တာ လှသွင် နှင့် ဦးအုန်းဖေ ** မြန်မာဆေးပညာကို ဓာတ်၊ ဗိန္ဓော၊ ဗေဒင်၊ပယောဂဟူ၍ လေးဘာသ…		1963					medium	needs_manual_review	
462001a-b74428bb5ebe	jbrs-ocr-2003	462001A.pdf	Burmese/Burma JBRS/JBRS Originals/462001A.pdf	data/working/ocr/jbrs/text/1963-history-education-burma-a-survey.txt	data/working/ocr/jbrs/metadata/1963-history-education-burma-a-survey.json	HISTORY OF EDUCATION IN BURMA	A SURVEY	1963	1963-history-education-burma-a-survey	1963-history-education-burma-a-survey.pdf	1963-history-education-burma-a-survey.txt	1963-history-education-burma-a-survey.json	medium	renamed_in_repo	
462001b-95b416c36248	jbrs-ocr-2004	462001B.pdf	Burmese/Burma JBRS/JBRS Originals/462001B.pdf	data/working/ocr/jbrs/text/462001b-95b416c36248.txt	data/working/ocr/jbrs/metadata/462001b-95b416c36248.json	HISTORY OF EDUCATION IN BURMA	A SURVEY	1963	1963-history-education-burma-a-survey-scan-2	1963-history-education-burma-a-survey-scan-2.pdf	1963-history-education-burma-a-survey-scan-2.txt	1963-history-education-burma-a-survey-scan-2.json	medium	deferred_outside_phase1_scope	collision_with=1963-history-education-burma-a-survey
462001c-80146cae6b49	jbrs-ocr-2005	462001C.pdf	Burmese/Burma JBRS/JBRS Originals/462001C.pdf	data/working/ocr/jbrs/text/1963-history-education-burma-a-survey-scan-3.txt	data/working/ocr/jbrs/metadata/1963-history-education-burma-a-survey-scan-3.json	HISTORY OF EDUCATION IN BURMA	A SURVEY	1963	1963-history-education-burma-a-survey-scan-3	1963-history-education-burma-a-survey-scan-3.pdf	1963-history-education-burma-a-survey-scan-3.txt	1963-history-education-burma-a-survey-scan-3.json	medium	renamed_in_repo	collision_with=1963-history-education-burma-a-survey
471001-ee68575fa6e0	jbrs-ocr-2006	471001.pdf	Burmese/Burma JBRS/1964/471001.pdf	data/working/ocr/jbrs/text/471001-ee68575fa6e0.txt	data/working/ocr/jbrs/metadata/471001-ee68575fa6e0.json	JOURNAL OF BURMA RESEARCH SOCIETY* issued from the American Baptist Mission Press, where copies can be obtained at Rs.…		1964					medium	needs_manual_review	
471003-c00f27cb1283	jbrs-ocr-2007	471003.pdf	Burmese/Burma JBRS/JBRS Originals/471003.pdf	data/working/ocr/jbrs/text/471003-c00f27cb1283.txt	data/working/ocr/jbrs/metadata/471003-c00f27cb1283.json	SPIRITISM IN BURMA*	Dr. Ba Han**	1964	1964-spiritism-burma-ba-han	1964-spiritism-burma-ba-han.pdf	1964-spiritism-burma-ba-han.txt	1964-spiritism-burma-ba-han.json	medium	deferred_outside_phase1_scope	
471011-1c661ca9d2a1	jbrs-ocr-2008	471011.pdf	Burmese/Burma JBRS/JBRS Originals/471011.pdf	data/working/ocr/jbrs/text/471011-1c661ca9d2a1.txt	data/working/ocr/jbrs/metadata/471011-1c661ca9d2a1.json	THE DEVELOPMENT OF UNIVERSITY EDUCATION IN BURMA*	Nyi Nyi**						low	needs_manual_review	
471011-df6fe6f6901a	jbrs-ocr-2009	471011.pdf	Burmese/Burma JBRS/1964/471011.pdf	data/working/ocr/jbrs/text/471011-df6fe6f6901a.txt	data/working/ocr/jbrs/metadata/471011-df6fe6f6901a.json	THE DEVELOPMENT OF UNIVERSITY EDUCATION IN BURMA*	Nyi Nyi**	1964	1964-development-university-education-burma-nyi-nyi	1964-development-university-education-burma-nyi-nyi.pdf	1964-development-university-education-burma-nyi-nyi.txt	1964-development-university-education-burma-nyi-nyi.json	medium	deferred_outside_phase1_scope	
471077-bd2e04154a28	jbrs-ocr-2010	471077.pdf	Burmese/Burma JBRS/1964/471077.pdf	data/working/ocr/jbrs/text/471077-bd2e04154a28.txt	data/working/ocr/jbrs/metadata/471077-bd2e04154a28.json	THE BURMESE MODIFICATION OF THE BERNREUTER	PERSONALITY INVENTORY	1964	1964-burmese-modification-bernreuter-personality-inventory	1964-burmese-modification-bernreuter-personality-inventory.pdf	1964-burmese-modification-bernreuter-personality-inventory.txt	1964-burmese-modification-bernreuter-personality-inventory.json	medium	deferred_outside_phase1_scope	
471089-b6ae8799bdff	jbrs-ocr-2011	471089.pdf	Burmese/Burma JBRS/JBRS Originals/471089.pdf	data/working/ocr/jbrs/text/471089-b6ae8799bdff.txt	data/working/ocr/jbrs/metadata/471089-b6ae8799bdff.json	TRENDS OF ECONOMIC GROWTH AND INCOME	CIB	1964	1964-trends-economic-growth-income-cib	1964-trends-economic-growth-income-cib.pdf	1964-trends-economic-growth-income-cib.txt	1964-trends-economic-growth-income-cib.json	medium	deferred_outside_phase1_scope	
471149-02f68367f7cd	jbrs-ocr-2012	471149.pdf	Burmese/Burma JBRS/1964/471149.pdf	data/working/ocr/jbrs/text/471149-02f68367f7cd.txt	data/working/ocr/jbrs/metadata/471149-02f68367f7cd.json	THE BURMESE EMBASSY TO VIETNAM 24*	B. R. Pearn**	1964	1964-burmese-embassy-vietnam-24-b-r-pearn	1964-burmese-embassy-vietnam-24-b-r-pearn.pdf	1964-burmese-embassy-vietnam-24-b-r-pearn.txt	1964-burmese-embassy-vietnam-24-b-r-pearn.json	medium	deferred_outside_phase1_scope	
471173-0ca3bdd886b2	jbrs-ocr-2013	471173.pdf	Burmese/Burma JBRS/1964/471173.pdf	data/working/ocr/jbrs/text/471173-0ca3bdd886b2.txt	data/working/ocr/jbrs/metadata/471173-0ca3bdd886b2.json	ECONOMIC DEVELOPMENT IN BURMA 1951-1960	Thet Tun**	1964	1964-economic-development-burma-1951-1960-thet-tun	1964-economic-development-burma-1951-1960-thet-tun.pdf	1964-economic-development-burma-1951-1960-thet-tun.txt	1964-economic-development-burma-1951-1960-thet-tun.json	medium	deferred_outside_phase1_scope	
471183-61f9e91ba7d7	jbrs-ocr-2014	471183.pdf	Burmese/Burma JBRS/1964/471183.pdf	data/working/ocr/jbrs/text/471183-61f9e91ba7d7.txt	data/working/ocr/jbrs/metadata/471183-61f9e91ba7d7.json	PETROGRAPHY AND ORIGIN OF TAUNGTHA FORMATION EXPOSED AT TAUNGTHA, MYINGYAN DISTRICT	Dev D. Sarin*	1964	1964-petrography-origin-taungtha-formation-exposed-taungtha-myingyan-district-dev-d-sarin	1964-petrography-origin-taungtha-formation-exposed-taungtha-myingyan-district-dev-d-sarin.pdf	1964-petrography-origin-taungtha-formation-exposed-taungtha-myingyan-district-dev-d-sarin.txt	1964-petrography-origin-taungtha-formation-exposed-taungtha-myingyan-district-dev-d-sarin.json	medium	deferred_outside_phase1_scope	
471205-572068b5d6b0	jbrs-ocr-2015	471205.pdf	Burmese/Burma JBRS/1964/471205.pdf	data/working/ocr/jbrs/text/471205-572068b5d6b0.txt	data/working/ocr/jbrs/metadata/471205-572068b5d6b0.json	THE PROBLEM OF CRIME AND THE CRIMINAL AND ITS SOLUTION IN SOCIALIST BURMA*	Dr Kyaw Yin**	1964	1964-problem-crime-criminal-its-solution-socialist-burma-kyaw-yin	1964-problem-crime-criminal-its-solution-socialist-burma-kyaw-yin.pdf	1964-problem-crime-criminal-its-solution-socialist-burma-kyaw-yin.txt	1964-problem-crime-criminal-its-solution-socialist-burma-kyaw-yin.json	medium	deferred_outside_phase1_scope	
471225-d04763ef473c	jbrs-ocr-2016	471225.pdf	Burmese/Burma JBRS/1964/471225.pdf	data/working/ocr/jbrs/text/471225-d04763ef473c.txt	data/working/ocr/jbrs/metadata/471225-d04763ef473c.json	မြန်မာအဘိဓာန် သမိုင်းအချုပ် * မောင်တင်လှ ** အဘယ်ကြောင့် ကျွန်ုပ်တို့ စကားပြောကြပါသနည်း။ ဤအမေးကို ကျွန်ုပ် အလွယ်ဆုံး အကျ…		1964					medium	needs_manual_review	
472263-de10db115b4a	jbrs-ocr-2017	472263.pdf	Burmese/Burma JBRS/1964/472263.pdf	data/working/ocr/jbrs/text/472263-de10db115b4a.txt	data/working/ocr/jbrs/metadata/472263-de10db115b4a.json	THE PSYCHODYNAMICS OF BURMESE PERSONALITY	U SEIN TU★	1964	1964-psychodynamics-burmese-personality-sein-tu	1964-psychodynamics-burmese-personality-sein-tu.pdf	1964-psychodynamics-burmese-personality-sein-tu.txt	1964-psychodynamics-burmese-personality-sein-tu.json	medium	deferred_outside_phase1_scope	
472287-1a94d3e6ce11	jbrs-ocr-2018	472287.pdf	Burmese/Burma JBRS/1964/472287.pdf	data/working/ocr/jbrs/text/1964-beginnings-western-education-burma-vivian-ba.txt	data/working/ocr/jbrs/metadata/1964-beginnings-western-education-burma-vivian-ba.json	THE BEGINNINGS OF WESTERN EDUCATION IN BURMA	Vivian BA	1964	1964-beginnings-western-education-burma-vivian-ba	1964-beginnings-western-education-burma-vivian-ba.pdf	1964-beginnings-western-education-burma-vivian-ba.txt	1964-beginnings-western-education-burma-vivian-ba.json	medium	renamed_in_repo	
472325-666e2ce45c9b	jbrs-ocr-2019	472325.pdf	Burmese/Burma JBRS/JBRS Originals/472325.pdf	data/working/ocr/jbrs/text/472325-666e2ce45c9b.txt	data/working/ocr/jbrs/metadata/472325-666e2ce45c9b.json	TEXTURAL CHARACTERISTICS OF CHANNEL SEDIMENTS	Dev D. SARIN*	1964	1964-textural-characteristics-channel-sediments-dev-d-sarin	1964-textural-characteristics-channel-sediments-dev-d-sarin.pdf	1964-textural-characteristics-channel-sediments-dev-d-sarin.txt	1964-textural-characteristics-channel-sediments-dev-d-sarin.json	medium	deferred_outside_phase1_scope	
472367-b3c75621b3e7	jbrs-ocr-2020	472367.pdf	Burmese/Burma JBRS/1964/472367.pdf	data/working/ocr/jbrs/text/472367-b3c75621b3e7.txt	data/working/ocr/jbrs/metadata/472367-b3c75621b3e7.json	THE TEXT PUBLICATION SUB COMMITTEE OF THE BURMA RESEARCH SOCIETY	U Pe Maung Tin	1964	1964-text-publication-sub-committee-burma-research-society-pe-maung-tin	1964-text-publication-sub-committee-burma-research-society-pe-maung-tin.pdf	1964-text-publication-sub-committee-burma-research-society-pe-maung-tin.txt	1964-text-publication-sub-committee-burma-research-society-pe-maung-tin.json	medium	deferred_outside_phase1_scope	
472379-4a6c957cb0a2	jbrs-ocr-2021	472379.pdf	Burmese/Burma JBRS/1964/472379.pdf	data/working/ocr/jbrs/text/472379-4a6c957cb0a2.txt	data/working/ocr/jbrs/metadata/472379-4a6c957cb0a2.json	CRITIQUE OF A NEW PREFACE TO J. S. FURNIVALL'S An Introduction to the Political Economy of Burma When more than a quart…	U THET TUN*	1964	1964-critique-new-preface-j-s-furnivall-s-introduction-thet-tun	1964-critique-new-preface-j-s-furnivall-s-introduction-thet-tun.pdf	1964-critique-new-preface-j-s-furnivall-s-introduction-thet-tun.txt	1964-critique-new-preface-j-s-furnivall-s-introduction-thet-tun.json	medium	deferred_outside_phase1_scope	
472385-ecc63d584b8d	jbrs-ocr-2022	472385.pdf	Burmese/Burma JBRS/1964/472385.pdf	data/working/ocr/jbrs/text/472385-ecc63d584b8d.txt	data/working/ocr/jbrs/metadata/472385-ecc63d584b8d.json	ABBREVIATIONS, CRYPTOGRAMS AND CHRONOGRAMS IN BURMESE (Note on transliteration: All Burmese words and some of the names…	Hla Pe	1964	1964-abbreviations-cryptograms-chronograms-burmese-note-transliteration-all-burmese-hla-pe	1964-abbreviations-cryptograms-chronograms-burmese-note-transliteration-all-burmese-hla-pe.pdf	1964-abbreviations-cryptograms-chronograms-burmese-note-transliteration-all-burmese-hla-pe.txt	1964-abbreviations-cryptograms-chronograms-burmese-note-transliteration-all-burmese-hla-pe.json	medium	deferred_outside_phase1_scope	
472397-73b58ced4eda	jbrs-ocr-2023	472397.pdf	Burmese/Burma JBRS/JBRS Originals/472397.pdf	data/working/ocr/jbrs/text/472397-73b58ced4eda.txt	data/working/ocr/jbrs/metadata/472397-73b58ced4eda.json	TIN HTO0 * A GEOGRAPHICAL PROFILE OF THE ANDAMAN AND	NICOBAR ISLANDS	1964	1964-tin-hto0-geographical-profile-andaman-nicobar-islands	1964-tin-hto0-geographical-profile-andaman-nicobar-islands.pdf	1964-tin-hto0-geographical-profile-andaman-nicobar-islands.txt	1964-tin-hto0-geographical-profile-andaman-nicobar-islands.json	medium	deferred_outside_phase1_scope	
472415-5469e253e549	jbrs-ocr-2024	472415.pdf	Burmese/Burma JBRS/1964/472415.pdf	data/working/ocr/jbrs/text/472415-5469e253e549.txt	data/working/ocr/jbrs/metadata/472415-5469e253e549.json	BURMESE ORTHOGRAPHY AND THE TONAL CLASSIFICATION OF BURMESE LEXICAL ITEMS Tonal analyses of Burmese to date have been g…	R. K. SPRIGG *	1964	1964-burmese-orthography-tonal-classification-burmese-lexical-items-tonal-r-k-sprigg	1964-burmese-orthography-tonal-classification-burmese-lexical-items-tonal-r-k-sprigg.pdf	1964-burmese-orthography-tonal-classification-burmese-lexical-items-tonal-r-k-sprigg.txt	1964-burmese-orthography-tonal-classification-burmese-lexical-items-tonal-r-k-sprigg.json	medium	deferred_outside_phase1_scope	
472441-f021b27f9644	jbrs-ocr-2025	472441.pdf	Burmese/Burma JBRS/1964/472441.pdf	data/working/ocr/jbrs/text/1964-burma-research-society-corrected-up-31st-december-copyright-catalogue-of-books.txt	data/working/ocr/jbrs/metadata/1964-burma-research-society-corrected-up-31st-december-copyright-catalogue-of-books.json	BURMA RESEARCH SOCIETY Corrected up to 31st December Copyright Myanmar Book Centre & Book Promotion & Service Ltd, Bang…	CATALOGUE OF BOOKS	1964	1964-burma-research-society-corrected-up-31st-december-copyright-catalogue-of-books	1964-burma-research-society-corrected-up-31st-december-copyright-catalogue-of-books.pdf	1964-burma-research-society-corrected-up-31st-december-copyright-catalogue-of-books.txt	1964-burma-research-society-corrected-up-31st-december-copyright-catalogue-of-books.json	medium	renamed_in_repo	
481001-a6b0e8c42fdc	jbrs-ocr-2026	481001.pdf	Burmese/Burma JBRS/JBRS Originals/481001.pdf	data/working/ocr/jbrs/text/481001-a6b0e8c42fdc.txt	data/working/ocr/jbrs/metadata/481001-a6b0e8c42fdc.json	RELATION BETWEEN THE SAṀGHA AND STATE AND LAITY*	U Aung Than**	1965	1965-relation-between-sa-gha-state-laity-aung-than	1965-relation-between-sa-gha-state-laity-aung-than.pdf	1965-relation-between-sa-gha-state-laity-aung-than.txt	1965-relation-between-sa-gha-state-laity-aung-than.json	medium	deferred_outside_phase1_scope	
481009-52763bc04231	jbrs-ocr-2027	481009.pdf	Burmese/Burma JBRS/JBRS Originals/481009.pdf	data/working/ocr/jbrs/text/481009-52763bc04231.txt	data/working/ocr/jbrs/metadata/481009-52763bc04231.json	BURMESE COSMOGONY AND COSMOLOGY* 1. COSMOGONIC MYTHS	Dr. Ba Han **	1965	1965-burmese-cosmogony-cosmology-1-cosmogonic-myths-ba-han-scan-2	1965-burmese-cosmogony-cosmology-1-cosmogonic-myths-ba-han-scan-2.pdf	1965-burmese-cosmogony-cosmology-1-cosmogonic-myths-ba-han-scan-2.txt	1965-burmese-cosmogony-cosmology-1-cosmogonic-myths-ba-han-scan-2.json	high	deferred_outside_phase1_scope	duplicate_of=1965-burmesecolmology-bahan1965-pdf; collision_with=1965-burmese-cosmogony-cosmology-1-cosmogonic-myths-ba-han
481017-5a878c82bb89	jbrs-ocr-2028	481017.pdf	Burmese/Burma JBRS/1965/481017.pdf	data/working/ocr/jbrs/text/1965-i-am-deeply-thankful-u-aung-thaw-b-multiplicity-of-malapropism-in.txt	data/working/ocr/jbrs/metadata/1965-i-am-deeply-thankful-u-aung-thaw-b-multiplicity-of-malapropism-in.json	I am deeply thankful to U Aung Thaw B. A	MULTIPLICITY OF MALAPROPISM IN	1965	1965-i-am-deeply-thankful-u-aung-thaw-b-multiplicity-of-malapropism-in	1965-i-am-deeply-thankful-u-aung-thaw-b-multiplicity-of-malapropism-in.pdf	1965-i-am-deeply-thankful-u-aung-thaw-b-multiplicity-of-malapropism-in.txt	1965-i-am-deeply-thankful-u-aung-thaw-b-multiplicity-of-malapropism-in.json	medium	renamed_in_repo	
481043-3f84f5c285c2	jbrs-ocr-2029	481043.pdf	Burmese/Burma JBRS/1965/481043.pdf	data/working/ocr/jbrs/text/481043-3f84f5c285c2.txt	data/working/ocr/jbrs/metadata/481043-3f84f5c285c2.json	THE BALUGYUN SAMPLE SURVEY	U Thet Lwin **	1965	1965-balugyun-sample-survey-thet-lwin	1965-balugyun-sample-survey-thet-lwin.pdf	1965-balugyun-sample-survey-thet-lwin.txt	1965-balugyun-sample-survey-thet-lwin.json	medium	deferred_outside_phase1_scope	
481057-e78cc302511d	jbrs-ocr-2030	481057.pdf	Burmese/Burma JBRS/1965/481057.pdf	data/working/ocr/jbrs/text/481057-e78cc302511d.txt	data/working/ocr/jbrs/metadata/481057-e78cc302511d.json	STATISTICAL ANALYSIS OF FARM SIZE	AND CURRENT EXPENDITURES*	1965	1965-statistical-analysis-farm-size-and-current-expenditures	1965-statistical-analysis-farm-size-and-current-expenditures.pdf	1965-statistical-analysis-farm-size-and-current-expenditures.txt	1965-statistical-analysis-farm-size-and-current-expenditures.json	medium	deferred_outside_phase1_scope	
481077-aaf5d3aded8e	jbrs-ocr-2031	481077.pdf	Burmese/Burma JBRS/1965/481077.pdf	data/working/ocr/jbrs/text/481077-aaf5d3aded8e.txt	data/working/ocr/jbrs/metadata/481077-aaf5d3aded8e.json	ANTIDYSENTERICA GROWN IN BURMA.* Literature survey shows that a large barks and seeds of Holarrhena both in Europe as w…	PHYTOCHEMICAL STUDIES OF HOLARRHENA	1965	1965-antidysenterica-grown-burma-literature-survey-shows-that-large-phytochemical-studies-of-holarrhena	1965-antidysenterica-grown-burma-literature-survey-shows-that-large-phytochemical-studies-of-holarrhena.pdf	1965-antidysenterica-grown-burma-literature-survey-shows-that-large-phytochemical-studies-of-holarrhena.txt	1965-antidysenterica-grown-burma-literature-survey-shows-that-large-phytochemical-studies-of-holarrhena.json	medium	deferred_outside_phase1_scope	
481085-ef622cd3f289	jbrs-ocr-2032	481085.pdf	Burmese/Burma JBRS/1966/481085.pdf	data/working/ocr/jbrs/text/481085-ef622cd3f289.txt	data/working/ocr/jbrs/metadata/481085-ef622cd3f289.json	PRINTED AT THE UNIVERSITY PRESS . Copyright© Myanmar Book Centre & Book Promotion & Service Ltd, Bangkok, Thailand	INDUSTRIAL	1965	1965-printed-university-press-copyright-myanmar-book-centre-book-industrial	1965-printed-university-press-copyright-myanmar-book-centre-book-industrial.pdf	1965-printed-university-press-copyright-myanmar-book-centre-book-industrial.txt	1965-printed-university-press-copyright-myanmar-book-centre-book-industrial.json	medium	deferred_outside_phase1_scope	
481099-de856021ac69	jbrs-ocr-2033	481099.pdf	Burmese/Burma JBRS/1965/481099.pdf	data/working/ocr/jbrs/text/481099-de856021ac69.txt	data/working/ocr/jbrs/metadata/481099-de856021ac69.json	FLOTATION OF MONYWA COPPER ORE*	U_Tin Tun**	1965	1965-flotation-monywa-copper-ore-tin-tun	1965-flotation-monywa-copper-ore-tin-tun.pdf	1965-flotation-monywa-copper-ore-tin-tun.txt	1965-flotation-monywa-copper-ore-tin-tun.json	medium	deferred_outside_phase1_scope	
482001-0293ed61f5dc	jbrs-ocr-2034	482001.pdf	Burmese/Burma JBRS/1965/482001.pdf	data/working/ocr/jbrs/text/482001-0293ed61f5dc.txt	data/working/ocr/jbrs/metadata/482001-0293ed61f5dc.json	SOME ASPECTS OF MARRIAGE UNDER BURMESE BUDDHIST LAW AND MALAYAN MUSLIM LAW What is Malayan Muslim Law' ?	U Hla Aung*	1965	1965-some-aspects-marriage-under-burmese-buddhist-law-malayan-hla-aung	1965-some-aspects-marriage-under-burmese-buddhist-law-malayan-hla-aung.pdf	1965-some-aspects-marriage-under-burmese-buddhist-law-malayan-hla-aung.txt	1965-some-aspects-marriage-under-burmese-buddhist-law-malayan-hla-aung.json	medium	deferred_outside_phase1_scope	
482017-50d23a5f956e	jbrs-ocr-2035	482017.pdf	Burmese/Burma JBRS/JBRS Originals/482017.pdf	data/working/ocr/jbrs/text/482017-50d23a5f956e.txt	data/working/ocr/jbrs/metadata/482017-50d23a5f956e.json	KING MINDON AND THE WORLD FAIR OF HELD IN PARIS [ From documents in the French Foreign Office	Vivian Ba	1965	1965-king-mindon-world-fair-held-paris-documents-french-vivian-ba	1965-king-mindon-world-fair-held-paris-documents-french-vivian-ba.pdf	1965-king-mindon-world-fair-held-paris-documents-french-vivian-ba.txt	1965-king-mindon-world-fair-held-paris-documents-french-vivian-ba.json	medium	deferred_outside_phase1_scope	
482025-bd7332f1120a	jbrs-ocr-2036	482025.pdf	Burmese/Burma JBRS/JBRS Originals/482025.pdf	data/working/ocr/jbrs/text/482025-bd7332f1120a.txt	data/working/ocr/jbrs/metadata/482025-bd7332f1120a.json	THE EMERGENCE OF THE BURMESE NATION*	Dr. Ba Han **	1965	1965-emergence-burmese-nation-ba-han-scan-2	1965-emergence-burmese-nation-ba-han-scan-2.pdf	1965-emergence-burmese-nation-ba-han-scan-2.txt	1965-emergence-burmese-nation-ba-han-scan-2.json	medium	deferred_outside_phase1_scope	collision_with=1965-emergence-burmese-nation-ba-han
482039-7d6eee62a9bd	jbrs-ocr-2037	482039.pdf	Burmese/Burma JBRS/JBRS Originals/482039.pdf	data/working/ocr/jbrs/text/482039-7d6eee62a9bd.txt	data/working/ocr/jbrs/metadata/482039-7d6eee62a9bd.json	0 1. An Introductory Survey, –	STUDIES	1965	1965-0-1-introductory-survey-studies	1965-0-1-introductory-survey-studies.pdf	1965-0-1-introductory-survey-studies.txt	1965-0-1-introductory-survey-studies.json	medium	deferred_outside_phase1_scope	
482065-87d9c38544cb	jbrs-ocr-2038	482065.pdf	Burmese/Burma JBRS/JBRS Originals/482065.pdf	data/working/ocr/jbrs/text/482065-87d9c38544cb.txt	data/working/ocr/jbrs/metadata/482065-87d9c38544cb.json	စလေမြို့နှင့် အနီးတဝိုက်ရှိ ကျောက်စာများ များကို သိရှိလိုလျှင် သက်ကြီးဝါကြီး ပုဂ္ဂိုလ်တို့ထံ ချဉ်းကပ်၍ မေးမြန်းမှတ်သားရ…							low	needs_manual_review	
482079-8296aad3f021	jbrs-ocr-2039	482079.pdf	Burmese/Burma JBRS/1965/482079.pdf	data/working/ocr/jbrs/text/482079-8296aad3f021.txt	data/working/ocr/jbrs/metadata/482079-8296aad3f021.json	သာမန်ဝေါဟာရ ဘာသာပြန်ခြင်း ဘာသာပြန်ရာမှာ အခြေခံဖြစ်တဲ့ သာ ၁ မန် ဝေါဟာရ ဘာသာ ပြန်ဆိုခြင်း အ		1965					medium	needs_manual_review	
482083-9b536cc4fd94	jbrs-ocr-2040	482083.pdf	Burmese/Burma JBRS/1965/482083.pdf	data/working/ocr/jbrs/text/482083-9b536cc4fd94.txt	data/working/ocr/jbrs/metadata/482083-9b536cc4fd94.json	ဘာသာပြန်အရေးအသား ဦးတင်ဧ ဤစာတန်း တင်ပြရခြင်း၏ ရည်ရွယ်ချက်မှာ ဂရုစိုက် ဖတ်မိပြီးလျှင် တန်ဖိုးကိုသိသဖြင့် လိုအပ် ဘာသာပြန်…		1965					medium	needs_manual_review	
482099-e8b1474ff020	jbrs-ocr-2041	482099.pdf	Burmese/Burma JBRS/1965/482099.pdf	data/working/ocr/jbrs/text/482099-e8b1474ff020.txt	data/working/ocr/jbrs/metadata/482099-e8b1474ff020.json	ဘာသာပြန် ဝေါဟာရ ဦးကျော်အောင် * ဘာသာပြန် ပြဿနာ များသည် ယခုအခါ ကျွန်တော်တို့လက်ငင်းတွေ့ကြုံနေရသည့် ပြဿနာ		1965					medium	needs_manual_review	
491001-05ead68078f2	jbrs-ocr-2042	491001.pdf	Burmese/Burma JBRS/1966/491001.pdf	data/working/ocr/jbrs/text/491001-05ead68078f2.txt	data/working/ocr/jbrs/metadata/491001-05ead68078f2.json	THE EVOLUTION OF BURMESE DRAMATIC PERFORMANCES	AND FESTAL OCCASIONS*	1966	1966-evolution-burmese-dramatic-performances-and-festal-occasions	1966-evolution-burmese-dramatic-performances-and-festal-occasions.pdf	1966-evolution-burmese-dramatic-performances-and-festal-occasions.txt	1966-evolution-burmese-dramatic-performances-and-festal-occasions.json	medium	deferred_outside_phase1_scope	
491019-f90bbe22251e	jbrs-ocr-2043	491019.pdf	Burmese/Burma JBRS/1966/491019.pdf	data/working/ocr/jbrs/text/491019-f90bbe22251e.txt	data/working/ocr/jbrs/metadata/491019-f90bbe22251e.json	MALAPROPISM AND U LU PE WIN	Hla Pe	1966	1966-malapropism-u-lu-pe-win-hla-pe	1966-malapropism-u-lu-pe-win-hla-pe.pdf	1966-malapropism-u-lu-pe-win-hla-pe.txt	1966-malapropism-u-lu-pe-win-hla-pe.json	medium	deferred_outside_phase1_scope	
491029-28f8ec24e8b7	jbrs-ocr-2044	491029.pdf	Burmese/Burma JBRS/1966/491029.pdf	data/working/ocr/jbrs/text/491029-28f8ec24e8b7.txt	data/working/ocr/jbrs/metadata/491029-28f8ec24e8b7.json	MINDON MIN'S DEVELOPMENT PLAN FOR	I	1966	1966-mindon-min-s-development-plan-i	1966-mindon-min-s-development-plan-i.pdf	1966-mindon-min-s-development-plan-i.txt	1966-mindon-min-s-development-plan-i.json	medium	deferred_outside_phase1_scope	
491050-6d56c0f47e2b	jbrs-ocr-2045	491050.pdf	Burmese/Burma JBRS/JBRS Originals/491050.pdf	data/working/ocr/jbrs/text/491050-6d56c0f47e2b.txt	data/working/ocr/jbrs/metadata/491050-6d56c0f47e2b.json	* ၁၁ လွန် မင်း လက် ထက် ဒအုပ် ချုပ်ရေး ဒေါက်တာ သန်းထွန်း ပြည်သူလူရဟန်းတို့၏ အားထားရာဖြစ်သော		1968					medium	needs_manual_review	
491071-78314926c661	jbrs-ocr-2046	491071.pdf	Burmese/Burma JBRS/1966/491071.pdf	data/working/ocr/jbrs/text/491071-78314926c661.txt	data/working/ocr/jbrs/metadata/491071-78314926c661.json	ကုန်း ဘောင် စေတီ စစ် တနိုး များ ဒေါက်တာရီရီ ** *		1966					medium	needs_manual_review	
492145-c59ff42645f1	jbrs-ocr-2047	492145.pdf	Burmese/Burma JBRS/JBRS Originals/492145.pdf	data/working/ocr/jbrs/text/1966-relations-between-burma-chylon-c-e-godakumbura.txt	data/working/ocr/jbrs/metadata/1966-relations-between-burma-chylon-c-e-godakumbura.json	RELATIONS BETWEEN BURMA AND CHYLON	C. E. Godakumbura**	1966	1966-relations-between-burma-chylon-c-e-godakumbura	1966-relations-between-burma-chylon-c-e-godakumbura.pdf	1966-relations-between-burma-chylon-c-e-godakumbura.txt	1966-relations-between-burma-chylon-c-e-godakumbura.json	medium	renamed_in_repo	
492163-6ae8a734172f	jbrs-ocr-2048	492163.pdf	Burmese/Burma JBRS/1966/492163.pdf	data/working/ocr/jbrs/text/492163-6ae8a734172f.txt	data/working/ocr/jbrs/metadata/492163-6ae8a734172f.json	CODE VERSUS CUSTOM IN THE DEVELOPMENT OF	'A Historical Accident'	1966	1966-code-versus-custom-development-a-historical-accident	1966-code-versus-custom-development-a-historical-accident.pdf	1966-code-versus-custom-development-a-historical-accident.txt	1966-code-versus-custom-development-a-historical-accident.json	medium	deferred_outside_phase1_scope	
492173-5a43ce2b6fcf	jbrs-ocr-2049	492173.pdf	Burmese/Burma JBRS/1966/492173.pdf	data/working/ocr/jbrs/text/1966-origin-development-dhammathats-maung-kyin-swi.txt	data/working/ocr/jbrs/metadata/1966-origin-development-dhammathats-maung-kyin-swi.json	THE ORIGIN AND DEVELOPMENT OF THE DHAMMATHATS *	Maung Kyin Swi **	1966	1966-origin-development-dhammathats-maung-kyin-swi	1966-origin-development-dhammathats-maung-kyin-swi.pdf	1966-origin-development-dhammathats-maung-kyin-swi.txt	1966-origin-development-dhammathats-maung-kyin-swi.json	medium	renamed_in_repo	
492207-8de972966cb4	jbrs-ocr-2050	492207.pdf	Burmese/Burma JBRS/1966/492207.pdf	data/working/ocr/jbrs/text/492207-8de972966cb4.txt	data/working/ocr/jbrs/metadata/492207-8de972966cb4.json	DAVID LESTER RICHARDSON DIPLOMAT AND EXPLORER	R. R Langham-Carter	1966	1966-david-lester-richardson-diplomat-explorer-r-r-langham-carter	1966-david-lester-richardson-diplomat-explorer-r-r-langham-carter.pdf	1966-david-lester-richardson-diplomat-explorer-r-r-langham-carter.txt	1966-david-lester-richardson-diplomat-explorer-r-r-langham-carter.json	medium	deferred_outside_phase1_scope	
492219-f8b8032df969	jbrs-ocr-2051	492219.pdf	Burmese/Burma JBRS/1966/492219.pdf	data/working/ocr/jbrs/text/492219-f8b8032df969.txt	data/working/ocr/jbrs/metadata/492219-f8b8032df969.json	A NEW SPECIES OF FISH FROM THE INLE LAKE, SOUTHERN SHAN STATE, BURMA	SILURUS BURMANENSIS	1966	1966-new-species-fish-inle-lake-southern-shan-state-silurus-burmanensis	1966-new-species-fish-inle-lake-southern-shan-state-silurus-burmanensis.pdf	1966-new-species-fish-inle-lake-southern-shan-state-silurus-burmanensis.txt	1966-new-species-fish-inle-lake-southern-shan-state-silurus-burmanensis.json	medium	deferred_outside_phase1_scope	
492223-c3e13f97a9c9	jbrs-ocr-2052	492223.pdf	Burmese/Burma JBRS/1966/492223.pdf	data/working/ocr/jbrs/text/492223-c3e13f97a9c9.txt	data/working/ocr/jbrs/metadata/492223-c3e13f97a9c9.json	ပါမောက္ခ ဦးအောင်သန်း ဦးတင်လွင် ကောလိပ်တွင် အချိန်ပိုင်းကထိကအဖြစ် ဆောင် ရွက်ခဲ့ရာ ကွယ်လွန်သည်အထိဖြစ်သည်။		1966					medium	needs_manual_review	
492225-22f6d60f8026	jbrs-ocr-2053	492225.pdf	Burmese/Burma JBRS/1966/492225.pdf	data/working/ocr/jbrs/text/492225-22f6d60f8026.txt	data/working/ocr/jbrs/metadata/492225-22f6d60f8026.json	သီပေါမင်း ပါတော်မူချိန်က ဗြိတိသျှ မြန်မာ	နိုင်ငံကို ပစ္စရေးအစat	1966	1966-untitled-at	1966-untitled-at.pdf	1966-untitled-at.txt	1966-untitled-at.json	medium	deferred_outside_phase1_scope	
501001-e9409c452f47	jbrs-ocr-2054	501001.pdf	Burmese/Burma JBRS/1967/501001.pdf	data/working/ocr/jbrs/text/501001-e9409c452f47.txt	data/working/ocr/jbrs/metadata/501001-e9409c452f47.json	A SURVEY OF SOME ENERGY SOURCES FOR BURMA*	Dr Maung Maung Kha**	1967	1967-survey-some-energy-sources-burma-maung-maung-kha	1967-survey-some-energy-sources-burma-maung-maung-kha.pdf	1967-survey-some-energy-sources-burma-maung-maung-kha.txt	1967-survey-some-energy-sources-burma-maung-maung-kha.json	medium	deferred_outside_phase1_scope	
501011-adef3405a586	jbrs-ocr-2055	501011.pdf	Burmese/Burma JBRS/JBRS Originals/501011.pdf	data/working/ocr/jbrs/text/501011-adef3405a586.txt	data/working/ocr/jbrs/metadata/501011-adef3405a586.json	1 SOME PAPAL CORRESPONDENCE WITH THE KINGS OF BURMA Translated from the Latin and commented by Vivian Ba ( A Tavoyan in…		1967					medium	needs_manual_review	
501021-054d64f3ec44	jbrs-ocr-2056	501021.pdf	Burmese/Burma JBRS/JBRS Originals/501021.pdf	data/working/ocr/jbrs/text/501021-054d64f3ec44.txt	data/working/ocr/jbrs/metadata/501021-054d64f3ec44.json	PIQUANT SPLENDOURS OF THE BURMESE	FAMILY LIFE OF OLD*						low	needs_manual_review	
501033-54afe0f6e308	jbrs-ocr-2057	501033.pdf	Burmese/Burma JBRS/1967/501033.pdf	data/working/ocr/jbrs/text/501033-54afe0f6e308.txt	data/working/ocr/jbrs/metadata/501033-54afe0f6e308.json	MALAPROPISM–MY REPLY TO DR HLA PE	Hla Pe	1967	1967-malapropism-my-reply-dr-hla-pe-hla-pe	1967-malapropism-my-reply-dr-hla-pe-hla-pe.pdf	1967-malapropism-my-reply-dr-hla-pe-hla-pe.txt	1967-malapropism-my-reply-dr-hla-pe-hla-pe.json	medium	deferred_outside_phase1_scope	
501047-58b1b8ae2cea	jbrs-ocr-2058	501047.pdf	Burmese/Burma JBRS/1967/501047.pdf	data/working/ocr/jbrs/text/501047-58b1b8ae2cea.txt	data/working/ocr/jbrs/metadata/501047-58b1b8ae2cea.json	NEOLOGISMS IN ENGLISH AND BURMESE*	Introduction	1967	1967-neologisms-english-burmese-introduction	1967-neologisms-english-burmese-introduction.pdf	1967-neologisms-english-burmese-introduction.txt	1967-neologisms-english-burmese-introduction.json	medium	deferred_outside_phase1_scope	
501071-33ad42532a5b	jbrs-ocr-2059	501071.pdf	Burmese/Burma JBRS/1967/501071.pdf	data/working/ocr/jbrs/text/501071-33ad42532a5b.txt	data/working/ocr/jbrs/metadata/501071-33ad42532a5b.json	A TENTATIVE LIST OF MON LOAN WORDS IN BURMESE	Hla Pe	1967	1967-tentative-list-mon-loan-words-burmese-hla-pe	1967-tentative-list-mon-loan-words-burmese-hla-pe.pdf	1967-tentative-list-mon-loan-words-burmese-hla-pe.txt	1967-tentative-list-mon-loan-words-burmese-hla-pe.json	medium	deferred_outside_phase1_scope	
501095-5959f008b473	jbrs-ocr-2060	501095.PDF	Burmese/Burma JBRS/JBRS Originals/501095.PDF	data/working/ocr/jbrs/text/501095-5959f008b473.txt	data/working/ocr/jbrs/metadata/501095-5959f008b473.json	NISSAYA BURMESE * A CASE OF SYSTEMATIC ADAPTATION TO A FOREIGN GRAMMAR AND SYNTAX	JOHN OKELL §						low	needs_manual_review	
501125-91755ef7b530	jbrs-ocr-2061	501125.pdf	Burmese/Burma JBRS/1967/501125.pdf	data/working/ocr/jbrs/text/501125-91755ef7b530.txt	data/working/ocr/jbrs/metadata/501125-91755ef7b530.json	DICTIONARIES OF THE NATIONAL RACES OF THE UNION OF BURMA	SUMMARY	1967	1967-dictionaries-national-races-union-burma-summary	1967-dictionaries-national-races-union-burma-summary.pdf	1967-dictionaries-national-races-union-burma-summary.txt	1967-dictionaries-national-races-union-burma-summary.json	medium	deferred_outside_phase1_scope	
502177-9b894ba0f8dd	jbrs-ocr-2062	502177.pdf	Burmese/Burma JBRS/1967/502177.pdf	data/working/ocr/jbrs/text/502177-9b894ba0f8dd.txt	data/working/ocr/jbrs/metadata/502177-9b894ba0f8dd.json	'* 1	Hla Pe	1967	1967-1-hla-pe	1967-1-hla-pe.pdf	1967-1-hla-pe.txt	1967-1-hla-pe.json	medium	deferred_outside_phase1_scope	
502195-f6e6811cfe79	jbrs-ocr-2063	502195.pdf	Burmese/Burma JBRS/1967/502195.pdf	data/working/ocr/jbrs/text/502195-f6e6811cfe79.txt	data/working/ocr/jbrs/metadata/502195-f6e6811cfe79.json	1. Introduction' COMPOUND NOUNS IN BURMESE* * Dr K. Forbes§ it Any sequence which cannot be analy sed in to smaller uni…	Dr K. Forbes§	1967	1967-1-introduction-compound-nouns-burmese-dr-k-forbes-k-forbes	1967-1-introduction-compound-nouns-burmese-dr-k-forbes-k-forbes.pdf	1967-1-introduction-compound-nouns-burmese-dr-k-forbes-k-forbes.txt	1967-1-introduction-compound-nouns-burmese-dr-k-forbes-k-forbes.json	medium	deferred_outside_phase1_scope	
502223-e24054f60a82	jbrs-ocr-2064	502223.pdf	Burmese/Burma JBRS/JBRS Originals/502223.pdf	data/working/ocr/jbrs/text/1967-burmese-calender-lu-pe-win-scan-2.txt	data/working/ocr/jbrs/metadata/1967-burmese-calender-lu-pe-win-scan-2.json	THE BURMESE CALENDER*	U LU PE WIN §	1967	1967-burmese-calender-lu-pe-win-scan-2	1967-burmese-calender-lu-pe-win-scan-2.pdf	1967-burmese-calender-lu-pe-win-scan-2.txt	1967-burmese-calender-lu-pe-win-scan-2.json	medium	renamed_in_repo	collision_with=1967-burmese-calender-lu-pe-win
502245-9798d74ff8a5	jbrs-ocr-2065	502245.pdf	Burmese/Burma JBRS/1967/502245.pdf	data/working/ocr/jbrs/text/502245-9798d74ff8a5.txt	data/working/ocr/jbrs/metadata/502245-9798d74ff8a5.json	STATE AND LAW IN CONTEMPORARY	I	1967	1967-state-law-contemporary-i	1967-state-law-contemporary-i.pdf	1967-state-law-contemporary-i.txt	1967-state-law-contemporary-i.json	medium	deferred_outside_phase1_scope	
502263-711176a1a7d5	jbrs-ocr-2066	502263.pdf	Burmese/Burma JBRS/1967/502263.pdf	data/working/ocr/jbrs/text/502263-711176a1a7d5.txt	data/working/ocr/jbrs/metadata/502263-711176a1a7d5.json	PROSODIC ANALYSIS AND BURMESE SYLLABLE INITIAL 0. 1. 2.0	FEATURES *	1967	1967-prosodic-analysis-burmese-syllable-initial-0-1-2-features	1967-prosodic-analysis-burmese-syllable-initial-0-1-2-features.pdf	1967-prosodic-analysis-burmese-syllable-initial-0-1-2-features.txt	1967-prosodic-analysis-burmese-syllable-initial-0-1-2-features.json	medium	deferred_outside_phase1_scope	
502285-a2e4d0ca5eb0	jbrs-ocr-2067	502285.pdf	Burmese/Burma JBRS/1967/502285.pdf	data/working/ocr/jbrs/text/502285-a2e4d0ca5eb0.txt	data/working/ocr/jbrs/metadata/502285-a2e4d0ca5eb0.json	THE MEANING AND SIGNIFICANCE OF THE	DHAMMACAKKA	1967	1967-meaning-significance-dhammacakka	1967-meaning-significance-dhammacakka.pdf	1967-meaning-significance-dhammacakka.txt	1967-meaning-significance-dhammacakka.json	medium	deferred_outside_phase1_scope	
511001-dbefb05f2ab9	jbrs-ocr-2068	511001.pdf	Burmese/Burma JBRS/JBRS Originals/511001.pdf	data/working/ocr/jbrs/text/511001-dbefb05f2ab9.txt	data/working/ocr/jbrs/metadata/511001-dbefb05f2ab9.json	A STUDY OF THE RISE OF THE BURMESE NOVEL*	by						low	needs_manual_review	
511009-750aff54672f	jbrs-ocr-2069	511009.pdf	Burmese/Burma JBRS/JBRS Originals/511009.pdf	data/working/ocr/jbrs/text/511009-750aff54672f.txt	data/working/ocr/jbrs/metadata/511009-750aff54672f.json	ASPECTS OF BURMESE RURAL LIFE OF OLD	Dr Ba Han**	1968	1968-aspects-burmese-rural-life-old-ba-han	1968-aspects-burmese-rural-life-old-ba-han.pdf	1968-aspects-burmese-rural-life-old-ba-han.txt	1968-aspects-burmese-rural-life-old-ba-han.json	medium	deferred_outside_phase1_scope	
511017-c0462c88e09f	jbrs-ocr-2070	511017.pdf	Burmese/Burma JBRS/1968/511017.pdf	data/working/ocr/jbrs/text/511017-c0462c88e09f.txt	data/working/ocr/jbrs/metadata/511017-c0462c88e09f.json	""" ATTITUDES OF BURMESE MEN AND WOMEN TO MALE"	DOMINANCE IN THE FAMILY	1968	1968-attitudes-burmese-men-women-male-dominance-in-the-family	1968-attitudes-burmese-men-women-male-dominance-in-the-family.pdf	1968-attitudes-burmese-men-women-male-dominance-in-the-family.txt	1968-attitudes-burmese-men-women-male-dominance-in-the-family.json	medium	deferred_outside_phase1_scope	
511023-7763e9d5dd2e	jbrs-ocr-2071	511023.pdf	Burmese/Burma JBRS/1968/511023.pdf	data/working/ocr/jbrs/text/511023-7763e9d5dd2e.txt	data/working/ocr/jbrs/metadata/511023-7763e9d5dd2e.json	SOME EXAMPLES OF DEPLETION OF MEANING IN BURMESE*	Dr Kathleen Forbes §	1968	1968-some-examples-depletion-meaning-burmese-kathleen-forbes	1968-some-examples-depletion-meaning-burmese-kathleen-forbes.pdf	1968-some-examples-depletion-meaning-burmese-kathleen-forbes.txt	1968-some-examples-depletion-meaning-burmese-kathleen-forbes.json	medium	deferred_outside_phase1_scope	
511029-d2a02a219c75	jbrs-ocr-2072	511029.pdf	Burmese/Burma JBRS/JBRS Originals/511029.pdf	data/working/ocr/jbrs/text/511029-d2a02a219c75.txt	data/working/ocr/jbrs/metadata/511029-d2a02a219c75.json	BURMA LANGUAGES	G. H. Luce	1968	1968-burma-languages-g-h-luce-scan-2	1968-burma-languages-g-h-luce-scan-2.pdf	1968-burma-languages-g-h-luce-scan-2.txt	1968-burma-languages-g-h-luce-scan-2.json	high	deferred_outside_phase1_scope	duplicate_of=1968-burmeselanguages-luce1968-pdf; collision_with=1968-burma-languages-g-h-luce
512097-bb6772843f6f	jbrs-ocr-2073	512097.pdf	Burmese/Burma JBRS/JBRS Originals/512097.pdf	data/working/ocr/jbrs/text/512097-bb6772843f6f.txt	data/working/ocr/jbrs/metadata/512097-bb6772843f6f.json	ASSAM ORIGINS IN RELATION TO OCEANIA*	J. H. HUTTON**	1968	1968-assam-origins-relation-oceania-j-h-hutton	1968-assam-origins-relation-oceania-j-h-hutton.pdf	1968-assam-origins-relation-oceania-j-h-hutton.txt	1968-assam-origins-relation-oceania-j-h-hutton.json	medium	deferred_outside_phase1_scope	
512125-83c8c6ce8ff5	jbrs-ocr-2074	512125.pdf	Burmese/Burma JBRS/1968/512125.pdf	data/working/ocr/jbrs/text/1968-rise-popular-literature-burma-hla-pe2-burma-has-hla-pe.txt	data/working/ocr/jbrs/metadata/1968-rise-popular-literature-burma-hla-pe2-burma-has-hla-pe.json	THE RISE OF POPULAR LITERATURE IN BURMA' HLA PE2 Burma has been for eight or nine centuries the strong hold of the Ceyl…	Hla Pe	1968	1968-rise-popular-literature-burma-hla-pe2-burma-has-hla-pe	1968-rise-popular-literature-burma-hla-pe2-burma-has-hla-pe.pdf	1968-rise-popular-literature-burma-hla-pe2-burma-has-hla-pe.txt	1968-rise-popular-literature-burma-hla-pe2-burma-has-hla-pe.json	medium	renamed_in_repo	
512145-88494fda7a12	jbrs-ocr-2075	512145.pdf	Burmese/Burma JBRS/1968/512145.pdf	data/working/ocr/jbrs/text/512145-88494fda7a12.txt	data/working/ocr/jbrs/metadata/512145-88494fda7a12.json	1. PRELIMINARY ALPHABETICAL ORDER IN BURMESE 1	John Okell*	1968	1968-1-preliminary-alphabetical-order-burmese-1-john-okell	1968-1-preliminary-alphabetical-order-burmese-1-john-okell.pdf	1968-1-preliminary-alphabetical-order-burmese-1-john-okell.txt	1968-1-preliminary-alphabetical-order-burmese-1-john-okell.json	medium	deferred_outside_phase1_scope	
512173-a3516d020bab	jbrs-ocr-2076	512173.pdf	Burmese/Burma JBRS/JBRS Originals/512173.pdf	data/working/ocr/jbrs/text/512173-a3516d020bab.txt	data/working/ocr/jbrs/metadata/512173-a3516d020bab.json	(1629 48)	ADMINISTRATION UNDER KING THALUN*	1968	1968-1629-48-administration-under-king-thalun	1968-1629-48-administration-under-king-thalun.pdf	1968-1629-48-administration-under-king-thalun.txt	1968-1629-48-administration-under-king-thalun.json	medium	deferred_outside_phase1_scope	
512189-a68f668e4e8a	jbrs-ocr-2077	512189.pdf	Burmese/Burma JBRS/1968/512189.pdf	data/working/ocr/jbrs/text/512189-a68f668e4e8a.txt	data/working/ocr/jbrs/metadata/512189-a68f668e4e8a.json	Maha Tharay Sithu U Ba Lwin U Ba Lwin, a staunch nationalist and a promi nent educationist, holder of the title Maha Th…	OBITUARY NOTE	1968	1968-maha-tharay-sithu-u-ba-lwin-u-ba-obituary-note	1968-maha-tharay-sithu-u-ba-lwin-u-ba-obituary-note.pdf	1968-maha-tharay-sithu-u-ba-lwin-u-ba-obituary-note.txt	1968-maha-tharay-sithu-u-ba-lwin-u-ba-obituary-note.json	medium	deferred_outside_phase1_scope	
512191-bffc528053e7	jbrs-ocr-2078	512191.pdf	Burmese/Burma JBRS/1968/512191.pdf	data/working/ocr/jbrs/text/512191-bffc528053e7.txt	data/working/ocr/jbrs/metadata/512191-bffc528053e7.json	ရှမ်းပြည်အခြေအနေ (၁၀၀၅ ၈၇) မကြန်* † အရှေ့ကမ်း အနောက်ကမ်းရှိ ယခုအများနားလည်		1968					medium	needs_manual_review	
521001-a16f5f693959	jbrs-ocr-2079	521001.pdf	Burmese/Burma JBRS/1969/521001.pdf	data/working/ocr/jbrs/text/521001-a16f5f693959.txt	data/working/ocr/jbrs/metadata/521001-a16f5f693959.json	5 bore that title	CHAPADA AND CHAPADA SADDHAMMAJOTIPALA+	1969	1969-5-bore-that-title-chapada-and-chapada-saddhammajotipala	1969-5-bore-that-title-chapada-and-chapada-saddhammajotipala.pdf	1969-5-bore-that-title-chapada-and-chapada-saddhammajotipala.txt	1969-5-bore-that-title-chapada-and-chapada-saddhammajotipala.json	medium	deferred_outside_phase1_scope	
521009-96d64d4a1227	jbrs-ocr-2080	521009.pdf	Burmese/Burma JBRS/JBRS Originals/521009.pdf	data/working/ocr/jbrs/text/521009-96d64d4a1227.txt	data/working/ocr/jbrs/metadata/521009-96d64d4a1227.json	THE 'NEOLITHIC CULTURE OF THE PADAH LIN CAVES +	U Aung Thaw*	1969	1969-neolithic-culture-padah-lin-caves-aung-thaw	1969-neolithic-culture-padah-lin-caves-aung-thaw.pdf	1969-neolithic-culture-padah-lin-caves-aung-thaw.txt	1969-neolithic-culture-padah-lin-caves-aung-thaw.json	medium	deferred_outside_phase1_scope	
521025-c2d6a342dd74	jbrs-ocr-2081	521025.pdf	Burmese/Burma JBRS/1969/521025.pdf	data/working/ocr/jbrs/text/521025-c2d6a342dd74.txt	data/working/ocr/jbrs/metadata/521025-c2d6a342dd74.json	""""	DR. BA HAN	1969	1969-untitled-ba-han	1969-untitled-ba-han.pdf	1969-untitled-ba-han.txt	1969-untitled-ba-han.json	medium	deferred_outside_phase1_scope	
521027-79b9ed779984	jbrs-ocr-2082	521027.pdf	Burmese/Burma JBRS/1969/521027.pdf	data/working/ocr/jbrs/text/521027-79b9ed779984.txt	data/working/ocr/jbrs/metadata/521027-79b9ed779984.json	ဗိုလ်ချုပ်အောင်ဆန်း ဆောင်းပါးများ၊ မိန့်ခွန်းများ၊ လက်ရေးစာမူများ နှင့် 581		1969					medium	needs_manual_review	
521082-f377a63c4476	jbrs-ocr-2083	521082.pdf	Burmese/Burma JBRS/JBRS Originals/521082.pdf	data/working/ocr/jbrs/text/521082-f377a63c4476.txt	data/working/ocr/jbrs/metadata/521082-f377a63c4476.json	ဗိုလိချုပ်အောင်ဆန်း အတ္ထုပ္ပတ္တိစာအုပ်စာတမ်းများနှင့် ဝတ္ထုဆောင်းပါးများ ဗိုလ်ချုပ်အောင်ဆန်း အတ္ထုပ္ပတ္တိ စာအုပ်စာတ…							low	needs_manual_review	
522001-2a3415f67469	jbrs-ocr-2084	522001.pdf	Burmese/Burma JBRS/1969/522001.pdf	data/working/ocr/jbrs/text/522001-2a3415f67469.txt	data/working/ocr/jbrs/metadata/522001-2a3415f67469.json	PROVINCIAL CONTRACT SYSTEM	EXPLOITATION	1969	1969-provincial-contract-system-exploitation	1969-provincial-contract-system-exploitation.pdf	1969-provincial-contract-system-exploitation.txt	1969-provincial-contract-system-exploitation.json	medium	deferred_outside_phase1_scope	
522027-5a0fb4e70541	jbrs-ocr-2085	522027.pdf	Burmese/Burma JBRS/1969/522027.pdf	data/working/ocr/jbrs/text/522027-5a0fb4e70541.txt	data/working/ocr/jbrs/metadata/522027-5a0fb4e70541.json	THE BURMESE CONCEPT OF LAW*	BY	1969	1969-burmese-concept-law-by	1969-burmese-concept-law-by.pdf	1969-burmese-concept-law-by.txt	1969-burmese-concept-law-by.json	medium	deferred_outside_phase1_scope	
522043-44fee62cc61a	jbrs-ocr-2086	522043.pdf	Burmese/Burma JBRS/1969/522043.pdf	data/working/ocr/jbrs/text/522043-44fee62cc61a.txt	data/working/ocr/jbrs/metadata/522043-44fee62cc61a.json	THE PARTS OF SPEECH IN BURMESE AND THE BURMESE QUALIFIERS	Kathleen Forbes †	1969	1969-parts-speech-burmese-burmese-qualifiers-kathleen-forbes	1969-parts-speech-burmese-burmese-qualifiers-kathleen-forbes.pdf	1969-parts-speech-burmese-burmese-qualifiers-kathleen-forbes.txt	1969-parts-speech-burmese-burmese-qualifiers-kathleen-forbes.json	medium	deferred_outside_phase1_scope	
522067-3e938b822ba7	jbrs-ocr-2087	522067.pdf	Burmese/Burma JBRS/1969/522067.pdf	data/working/ocr/jbrs/text/522067-3e938b822ba7.txt	data/working/ocr/jbrs/metadata/522067-3e938b822ba7.json	VILLAGE ADMINISTRATION IN UPPER BURMA DURING 87	Ma Kyan*	1969	1969-village-administration-upper-burma-during-87-ma-kyan	1969-village-administration-upper-burma-during-87-ma-kyan.pdf	1969-village-administration-upper-burma-during-87-ma-kyan.txt	1969-village-administration-upper-burma-during-87-ma-kyan.json	medium	deferred_outside_phase1_scope	
522081-52bfbf6bac34	jbrs-ocr-2088	522081.pdf	Burmese/Burma JBRS/JBRS Originals/522081.pdf	data/working/ocr/jbrs/text/522081-52bfbf6bac34.txt	data/working/ocr/jbrs/metadata/522081-52bfbf6bac34.json	ကိုလိုနီခေတ်ဦးကာလ(၁၈၆၀ ၉၀)က မြန်မဂ္ဂပညာရေးတွင် ဗြိတိသျအစိုးရ ဆောင်ရွက်ချက်များအပေါ် ဆန်းစစ်သုံးသပ်ခြင်း ဦးခင်ဇော်ဝင်း၊							low	needs_manual_review	
522081-804ebeadbaaa	jbrs-ocr-2089	522081.pdf	Burmese/Burma JBRS/1969/522081.pdf	data/working/ocr/jbrs/text/522081-804ebeadbaaa.txt	data/working/ocr/jbrs/metadata/522081-804ebeadbaaa.json	ကိုလိုနီခေတ်ဦးကာလ(၁၈၆၀ ၉၀)က မြန်မဂ္ဂပညာရေးတွင် ဗြိတိသျအစိုးရ ဆောင်ရွက်ချက်များအပေါ် ဆန်းစစ်သုံးသပ်ခြင်း ဦးခင်ဇော်ဝင်း၊		1969					medium	needs_manual_review	
531001-12d68eece0a6	jbrs-ocr-2090	531001.pdf	Burmese/Burma JBRS/1969/531001.pdf	data/working/ocr/jbrs/text/531001-12d68eece0a6.txt	data/working/ocr/jbrs/metadata/531001-12d68eece0a6.json	SOME COGNATE WORDS IN BURMESE AND OTHER TIBETO 1. Introduction	BURMAN LANGUAGES	1969	1969-some-cognate-words-burmese-other-tibeto-1-introduction-burman-languages	1969-some-cognate-words-burmese-other-tibeto-1-introduction-burman-languages.pdf	1969-some-cognate-words-burmese-other-tibeto-1-introduction-burman-languages.txt	1969-some-cognate-words-burmese-other-tibeto-1-introduction-burman-languages.json	medium	deferred_outside_phase1_scope	
531025-5721e89a1fce	jbrs-ocr-2091	531025.pdf	Burmese/Burma JBRS/1970/531025.pdf	data/working/ocr/jbrs/text/531025-5721e89a1fce.txt	data/working/ocr/jbrs/metadata/531025-5721e89a1fce.json	WESTERN ENTERPRISE AND ECONOMIC DEVELOPMENT IN BURMA+	by	1970	1970-western-enterprise-economic-development-burma-by	1970-western-enterprise-economic-development-burma-by.pdf	1970-western-enterprise-economic-development-burma-by.txt	1970-western-enterprise-economic-development-burma-by.json	medium	deferred_outside_phase1_scope	
531053-277c49f9765c	jbrs-ocr-2092	531053.pdf	Burmese/Burma JBRS/JBRS Originals/531053.pdf	data/working/ocr/jbrs/text/1970-estimation-articles-burmese-history-published-70-by-scan-2.txt	data/working/ocr/jbrs/metadata/1970-estimation-articles-burmese-history-published-70-by-scan-2.json	AN ESTIMATION OF ARTICLES ON BURMESE HISTORY PUBLISHED IN THE , 70'	by	1970	1970-estimation-articles-burmese-history-published-70-by-scan-2	1970-estimation-articles-burmese-history-published-70-by-scan-2.pdf	1970-estimation-articles-burmese-history-published-70-by-scan-2.txt	1970-estimation-articles-burmese-history-published-70-by-scan-2.json	medium	renamed_in_repo	collision_with=1970-estimation-articles-burmese-history-published-70-by
531067-5ad28de9cedd	jbrs-ocr-2093	531067.pdf	Burmese/Burma JBRS/1970/531067.pdf	data/working/ocr/jbrs/text/531067-5ad28de9cedd.txt	data/working/ocr/jbrs/metadata/531067-5ad28de9cedd.json	မြန်မာနိုင်ငံ သုတေသနအသင်း၏ ဘဝခရီး (၁၉၁၀ ခုမှ ၁၉၁၄ ခုထိ ပထမ၅နှစ်ပိုင်း) ဦးဝန်*		1970					medium	needs_manual_review	
531084-ac0c3bc6097d	jbrs-ocr-2094	531084.pdf	Burmese/Burma JBRS/1970/531084.pdf	data/working/ocr/jbrs/text/531084-ac0c3bc6097d.txt	data/working/ocr/jbrs/metadata/531084-ac0c3bc6097d.json	စကားဦး ဖွံ့ဖြိုးတိုးတက်ဆဲ နိုင်ငံတခုဖြစ်သော ပြည်ထောင်စုမြန်မာနိုင်ငံအဖို့ အခြား ဖွံ့ဖြိုးတိုးတက်ဆဲ နိုင်ငံများနည်းတူ စီ…		1970					medium	needs_manual_review	
532001-54ea9d686222	jbrs-ocr-2095	532001.pdf	Burmese/Burma JBRS/JBRS Originals/532001.pdf	data/working/ocr/jbrs/text/532001-54ea9d686222.txt	data/working/ocr/jbrs/metadata/532001-54ea9d686222.json	ARAKANESE CAPITALS: A PRELIMINARY SURVEY OF THEIR	GEOGRAPHICAL SITING.*	1970	1970-arakanese-capitals-preliminary-survey-their-geographical-siting	1970-arakanese-capitals-preliminary-survey-their-geographical-siting.pdf	1970-arakanese-capitals-preliminary-survey-their-geographical-siting.txt	1970-arakanese-capitals-preliminary-survey-their-geographical-siting.json	medium	deferred_outside_phase1_scope	
532015-bf55dc76c0f6	jbrs-ocr-2096	532015.pdf	Burmese/Burma JBRS/1970/532015.pdf	data/working/ocr/jbrs/text/532015-bf55dc76c0f6.txt	data/working/ocr/jbrs/metadata/532015-bf55dc76c0f6.json	DIPLOMATIC DOCUMENTS RELATING TO THE BURMESE ITALIAN TREATY OF * [A study of documents hitherto unpublished found among…	Racchia]	1970	1970-diplomatic-documents-relating-burmese-italian-treaty-study-documents-racchia	1970-diplomatic-documents-relating-burmese-italian-treaty-study-documents-racchia.pdf	1970-diplomatic-documents-relating-burmese-italian-treaty-study-documents-racchia.txt	1970-diplomatic-documents-relating-burmese-italian-treaty-study-documents-racchia.json	medium	deferred_outside_phase1_scope	
532055-b29c344316ea	jbrs-ocr-2097	532055.pdf	Burmese/Burma JBRS/JBRS Originals/532055.pdf	data/working/ocr/jbrs/text/532055-b29c344316ea.txt	data/working/ocr/jbrs/metadata/532055-b29c344316ea.json	The main problem of Burmese archaeology is to fill up the gaps in the curly chapters of Burmese history and to correlat…	THE EXCAVATIONS AT HALIN *						low	needs_manual_review	
532065-ae5d457db89a	jbrs-ocr-2098	532065.pdf	Burmese/Burma JBRS/JBRS Originals/532065.pdf	data/working/ocr/jbrs/text/532065-ae5d457db89a.txt	data/working/ocr/jbrs/metadata/532065-ae5d457db89a.json	THE BURMESE EMBASSY TO ITALY IN [From hitherto unpublished documents from Italian Sources	Translated and annotated by	1970	1970-burmese-embassy-italy-hitherto-unpublished-documents-italian-sources-translated-and-annotated-by-scan-2	1970-burmese-embassy-italy-hitherto-unpublished-documents-italian-sources-translated-and-annotated-by-scan-2.pdf	1970-burmese-embassy-italy-hitherto-unpublished-documents-italian-sources-translated-and-annotated-by-scan-2.txt	1970-burmese-embassy-italy-hitherto-unpublished-documents-italian-sources-translated-and-annotated-by-scan-2.json	medium	deferred_outside_phase1_scope	collision_with=1970-burmese-embassy-italy-hitherto-unpublished-documents-italian-sources-translated-and-annotated-by
541001-5d390a5034ab	jbrs-ocr-2099	541001.pdf	Burmese/Burma JBRS/JBRS Originals/541001.pdf	data/working/ocr/jbrs/text/1971-old-burma-early-pagan-a-radical-review.txt	data/working/ocr/jbrs/metadata/1971-old-burma-early-pagan-a-radical-review.json	OLD BURMA – EARLY PAGAN	(A Radical Review )*	1971	1971-old-burma-early-pagan-a-radical-review	1971-old-burma-early-pagan-a-radical-review.pdf	1971-old-burma-early-pagan-a-radical-review.txt	1971-old-burma-early-pagan-a-radical-review.json	medium	renamed_in_repo	
541031-f0ff252c754e	jbrs-ocr-2100	541031.pdf	Burmese/Burma JBRS/JBRS Originals/541031.pdf	data/working/ocr/jbrs/text/541031-f0ff252c754e.txt	data/working/ocr/jbrs/metadata/541031-f0ff252c754e.json	From Documents in the French Foreign Ministry	PRINCE MYNGOON'S ODYSSEY	1971	1971-documents-french-foreign-ministry-prince-myngoon-s-odyssey	1971-documents-french-foreign-ministry-prince-myngoon-s-odyssey.pdf	1971-documents-french-foreign-ministry-prince-myngoon-s-odyssey.txt	1971-documents-french-foreign-ministry-prince-myngoon-s-odyssey.json	medium	deferred_outside_phase1_scope	
541059-193dbfebe909	jbrs-ocr-2101	541059.pdf	Burmese/Burma JBRS/1971/541059.pdf	data/working/ocr/jbrs/text/541059-193dbfebe909.txt	data/working/ocr/jbrs/metadata/541059-193dbfebe909.json	BURMESE POETRY (1300– ) *	Hla Pe	1971	1971-burmese-poetry-1300-hla-pe	1971-burmese-poetry-1300-hla-pe.pdf	1971-burmese-poetry-1300-hla-pe.txt	1971-burmese-poetry-1300-hla-pe.json	medium	deferred_outside_phase1_scope	
541059-b5548d957006	jbrs-ocr-2102	541059.pdf	Burmese/Burma JBRS/JBRS Originals/541059.pdf	data/working/ocr/jbrs/text/541059-b5548d957006.txt	data/working/ocr/jbrs/metadata/541059-b5548d957006.json	BURMESE POETRY (1300– ) *	Hla Pe						low	needs_manual_review	
541115-aea7863f5b7e	jbrs-ocr-2103	541115.pdf	Burmese/Burma JBRS/JBRS Originals/541115.pdf	data/working/ocr/jbrs/text/541115-aea7863f5b7e.txt	data/working/ocr/jbrs/metadata/541115-aea7863f5b7e.json	110th Anniversary of Gallo' Manuscript; *	VIVIAN BA **	1971	1971-110th-anniversary-gallo-manuscript-vivian-ba	1971-110th-anniversary-gallo-manuscript-vivian-ba.pdf	1971-110th-anniversary-gallo-manuscript-vivian-ba.txt	1971-110th-anniversary-gallo-manuscript-vivian-ba.json	medium	deferred_outside_phase1_scope	
551001-288f1cafacb0	jbrs-ocr-2104	551001.pdf	Burmese/Burma JBRS/JBRS Originals/551001.pdf	data/working/ocr/jbrs/text/551001-288f1cafacb0.txt	data/working/ocr/jbrs/metadata/551001-288f1cafacb0.json	SOME TRENDS IN SCIENTIFIC RESEARCH *	Dr F. Ba Hli **	1972	1972-some-trends-scientific-research-f-ba-hli	1972-some-trends-scientific-research-f-ba-hli.pdf	1972-some-trends-scientific-research-f-ba-hli.txt	1972-some-trends-scientific-research-f-ba-hli.json	medium	deferred_outside_phase1_scope	
551009-a1da1a27ffb0	jbrs-ocr-2105	551009.pdf	Burmese/Burma JBRS/JBRS Originals/551009.pdf	data/working/ocr/jbrs/text/1972-mon-copper-plate-national-library-bangkok-scan-2.txt	data/working/ocr/jbrs/metadata/1972-mon-copper-plate-national-library-bangkok-scan-2.json	A MON COPPER PLATE IN THE NATIONAL	LIBRARY, BANGKOK *	1972	1972-mon-copper-plate-national-library-bangkok-scan-2	1972-mon-copper-plate-national-library-bangkok-scan-2.pdf	1972-mon-copper-plate-national-library-bangkok-scan-2.txt	1972-mon-copper-plate-national-library-bangkok-scan-2.json	medium	renamed_in_repo	collision_with=1972-mon-copper-plate-national-library-bangkok
551019-34dba7e5ac25	jbrs-ocr-2106	551019.pdf	Burmese/Burma JBRS/1972/551019.pdf	data/working/ocr/jbrs/text/1972-role-literature-nation-building-special-reference-burma-tin-htway.txt	data/working/ocr/jbrs/metadata/1972-role-literature-nation-building-special-reference-burma-tin-htway.json	THE ROLE OF LITERATURE IN NATION BUILDING * (With special reference to Burma)	U_Tin_Htway **	1972	1972-role-literature-nation-building-special-reference-burma-tin-htway	1972-role-literature-nation-building-special-reference-burma-tin-htway.pdf	1972-role-literature-nation-building-special-reference-burma-tin-htway.txt	1972-role-literature-nation-building-special-reference-burma-tin-htway.json	medium	renamed_in_repo	
551047-4319c4d8dfb4	jbrs-ocr-2107	551047.pdf	Burmese/Burma JBRS/1972/551047.pdf	data/working/ocr/jbrs/text/551047-4319c4d8dfb4.txt	data/working/ocr/jbrs/metadata/551047-4319c4d8dfb4.json	GRAMMAR ANALYSIS OF PALE CLAUSES & PHARASES *	Introduction	1972	1972-grammar-analysis-pale-clauses-pharases-introduction	1972-grammar-analysis-pale-clauses-pharases-introduction.pdf	1972-grammar-analysis-pale-clauses-pharases-introduction.txt	1972-grammar-analysis-pale-clauses-pharases-introduction.json	medium	deferred_outside_phase1_scope	
551101-1a7b211be44e	jbrs-ocr-2108	551101.pdf	Burmese/Burma JBRS/JBRS Originals/551101.pdf	data/working/ocr/jbrs/text/551101-1a7b211be44e.txt	data/working/ocr/jbrs/metadata/551101-1a7b211be44e.json	Coptright Myanmar Book Centre & Book Promotion & Service Ltd, Bangkok, Thailand	Ba Shin	1972	1972-coptright-myanmar-book-centre-book-promotion-service-ltd-ba-shin	1972-coptright-myanmar-book-centre-book-promotion-service-ltd-ba-shin.pdf	1972-coptright-myanmar-book-centre-book-promotion-service-ltd-ba-shin.txt	1972-coptright-myanmar-book-centre-book-promotion-service-ltd-ba-shin.json	medium	deferred_outside_phase1_scope	
561001-20676fae98a7	jbrs-ocr-2109	561001.pdf	Burmese/Burma JBRS/1973/561001.pdf	data/working/ocr/jbrs/text/561001-20676fae98a7.txt	data/working/ocr/jbrs/metadata/561001-20676fae98a7.json	Public Finance and Public Policy in Burma, .* 1. Introduction	U Aye Hlaing.*	1973	1973-public-finance-public-policy-burma-1-introduction-aye-hlaing	1973-public-finance-public-policy-burma-1-introduction-aye-hlaing.pdf	1973-public-finance-public-policy-burma-1-introduction-aye-hlaing.txt	1973-public-finance-public-policy-burma-1-introduction-aye-hlaing.json	medium	deferred_outside_phase1_scope	
561031-abba8fd405a5	jbrs-ocr-2110	561031.pdf	Burmese/Burma JBRS/JBRS Originals/561031.pdf	data/working/ocr/jbrs/text/561031-abba8fd405a5.txt	data/working/ocr/jbrs/metadata/561031-abba8fd405a5.json	ETHNIC COMMUNALISM IN THAILAND AND BURMA*	Maung Tha Hla †						low	needs_manual_review	
561047-a08dfe2df947	jbrs-ocr-2111	561047.pdf	Burmese/Burma JBRS/1973/561047.pdf	data/working/ocr/jbrs/text/561047-a08dfe2df947.txt	data/working/ocr/jbrs/metadata/561047-a08dfe2df947.json	Kinwun Mingyi's Mission to the Court of Versailles	Htin Aung	1973	1973-kinwun-mingyi-s-mission-court-versailles-htin-aung	1973-kinwun-mingyi-s-mission-court-versailles-htin-aung.pdf	1973-kinwun-mingyi-s-mission-court-versailles-htin-aung.txt	1973-kinwun-mingyi-s-mission-court-versailles-htin-aung.json	medium	deferred_outside_phase1_scope	
561059-6e510ea34a40	jbrs-ocr-2112	561059.pdf	Burmese/Burma JBRS/JBRS Originals/561059.pdf	data/working/ocr/jbrs/text/561059-6e510ea34a40.txt	data/working/ocr/jbrs/metadata/561059-6e510ea34a40.json	U MYA, retired Superintendent of the Archaeological Survey of Burma and Honorary Member of the Burma Research Society d…	Thiripyanchi U MYA	1973	1973-u-mya-retired-superintendent-archaeological-survey-burma-honorary-thiripyanchi-mya	1973-u-mya-retired-superintendent-archaeological-survey-burma-honorary-thiripyanchi-mya.pdf	1973-u-mya-retired-superintendent-archaeological-survey-burma-honorary-thiripyanchi-mya.txt	1973-u-mya-retired-superintendent-archaeological-survey-burma-honorary-thiripyanchi-mya.json	medium	deferred_outside_phase1_scope	
561061-932ad0baa12f	jbrs-ocr-2113	561061.pdf	Burmese/Burma JBRS/1973/561061.pdf	data/working/ocr/jbrs/text/561061-932ad0baa12f.txt	data/working/ocr/jbrs/metadata/561061-932ad0baa12f.json	In our late lamented Professor Pe Maung Tin, the Burma Research Society had lost the longest-living life-member, the ea…	U Pe Maung Tin	1973	1973-our-late-lamented-professor-pe-maung-tin-burma-pe-maung-tin	1973-our-late-lamented-professor-pe-maung-tin-burma-pe-maung-tin.pdf	1973-our-late-lamented-professor-pe-maung-tin-burma-pe-maung-tin.txt	1973-our-late-lamented-professor-pe-maung-tin-burma-pe-maung-tin.json	medium	deferred_outside_phase1_scope	
561069-dedf4ac8d983	jbrs-ocr-2114	561069.pdf	Burmese/Burma JBRS/1973/561069.pdf	data/working/ocr/jbrs/text/1973-troublesome-tonal-tokens-burmese-language-lu-pe-win.txt	data/working/ocr/jbrs/metadata/1973-troublesome-tonal-tokens-burmese-language-lu-pe-win.json	Troublesome Tonal Tokens in the Burmese Language	U Lu Pe Win †	1973	1973-troublesome-tonal-tokens-burmese-language-lu-pe-win	1973-troublesome-tonal-tokens-burmese-language-lu-pe-win.pdf	1973-troublesome-tonal-tokens-burmese-language-lu-pe-win.txt	1973-troublesome-tonal-tokens-burmese-language-lu-pe-win.json	medium	renamed_in_repo	
561098-a075d9393958	jbrs-ocr-2115	561098.pdf	Burmese/Burma JBRS/1973/561098.pdf	data/working/ocr/jbrs/text/561098-a075d9393958.txt	data/working/ocr/jbrs/metadata/561098-a075d9393958.json	ရာဇာဓိရာဇ် အရေးတော်ပုံ ကျမ်းနှင့် မွန်သီချင်းများ * နိုင်ပန်းလှန် မြန်မာ စာပေ သမိုင်းကို လေ့လာလျှင် မွန် အမတ်ကြီး ဗညားဒ…		1973					medium	needs_manual_review	
571001-da9c84549c18	jbrs-ocr-2116	571001.pdf	Burmese/Burma JBRS/JBRS Originals/571001.pdf	data/working/ocr/jbrs/text/571001-da9c84549c18.txt	data/working/ocr/jbrs/metadata/571001-da9c84549c18.json	A Note on the Text and Translation of Kinwan Mingyi's Diaries Chapter I Kinwan Mingyi and his Companions Chapter II The…	TABLE OF CONTENTS						low	needs_manual_review	
581001-be5a2bce5392	jbrs-ocr-2117	581001.pdf	Burmese/Burma JBRS/JBRS Originals/581001.pdf	data/working/ocr/jbrs/text/581001-be5a2bce5392.txt	data/working/ocr/jbrs/metadata/581001-be5a2bce5392.json	THREE UNPUBLISHED PAPERS BY HARVEY	INTRODUCED, EXPLAINED AND	1975	1975-three-unpublished-papers-harvey-introduced-explained-and	1975-three-unpublished-papers-harvey-introduced-explained-and.pdf	1975-three-unpublished-papers-harvey-introduced-explained-and.txt	1975-three-unpublished-papers-harvey-introduced-explained-and.json	medium	deferred_outside_phase1_scope	
581053-41496a2a01b9	jbrs-ocr-2118	581053_1975 ComparativeOldModernBurmese.pdf	Pe Maung Tin/581053_1975 ComparativeOldModernBurmese.pdf	data/working/ocr/jbrs/text/581053-41496a2a01b9.txt	data/working/ocr/jbrs/metadata/581053-41496a2a01b9.json	COMPARATIVE STUDY OF OLD & MODERN BURMESE 1. Foreword 2. Preface 3	Introduction						low	needs_manual_review	
581079-7dd15c7303fe	jbrs-ocr-2119	581079.pdf	Burmese/Burma JBRS/1975/581079.pdf	data/working/ocr/jbrs/text/581079-7dd15c7303fe.txt	data/working/ocr/jbrs/metadata/581079-7dd15c7303fe.json	Some Thoughts on the United Nations	Development Decades*	1975	1975-some-thoughts-united-nations-development-decades	1975-some-thoughts-united-nations-development-decades.pdf	1975-some-thoughts-united-nations-development-decades.txt	1975-some-thoughts-united-nations-development-decades.json	medium	deferred_outside_phase1_scope	
581093-bbd8cadb5e11	jbrs-ocr-2120	581093.pdf	Burmese/Burma JBRS/JBRS Originals/581093.pdf	data/working/ocr/jbrs/text/1975-buddhaghosa-burma-lu-pe-win.txt	data/working/ocr/jbrs/metadata/1975-buddhaghosa-burma-lu-pe-win.json	Buddhaghosa and Burma	U LU PE WIN*	1975	1975-buddhaghosa-burma-lu-pe-win	1975-buddhaghosa-burma-lu-pe-win.pdf	1975-buddhaghosa-burma-lu-pe-win.txt	1975-buddhaghosa-burma-lu-pe-win.json	medium	renamed_in_repo	
582118-feabd8f61689	jbrs-ocr-2121	582118.pdf	Burmese/Burma JBRS/1976/582118.pdf	data/working/ocr/jbrs/text/582118-feabd8f61689.txt	data/working/ocr/jbrs/metadata/582118-feabd8f61689.json	မြန်မာဘာသာစကား ဒေသိယစကားများ လေ ့လာမှု	G	1976	1976-untitled-g	1976-untitled-g.pdf	1976-untitled-g.txt	1976-untitled-g.json	medium	deferred_outside_phase1_scope	
582119a-9e42a3188743	jbrs-ocr-2122	582119A.pdf	Burmese/Burma JBRS/JBRS Originals/582119A.pdf	data/working/ocr/jbrs/text/582119a-9e42a3188743.txt	data/working/ocr/jbrs/metadata/582119a-9e42a3188743.json	PALI & OLD MON INK GLOSSES IN PAGÁN TEMPLES 1 Preface	CONTENTS	1976	1976-pali-old-mon-ink-glosses-pag-n-temples-contents-scan-3	1976-pali-old-mon-ink-glosses-pag-n-temples-contents-scan-3.pdf	1976-pali-old-mon-ink-glosses-pag-n-temples-contents-scan-3.txt	1976-pali-old-mon-ink-glosses-pag-n-temples-contents-scan-3.json	medium	deferred_outside_phase1_scope	collision_with=1976-pali-old-mon-ink-glosses-pag-n-temples-contents
582119b-a8029eab19f6	jbrs-ocr-2123	582119B.pdf	Burmese/Burma JBRS/JBRS Originals/582119B.pdf	data/working/ocr/jbrs/text/582119b-a8029eab19f6.txt	data/working/ocr/jbrs/metadata/582119b-a8029eab19f6.json	PALI & OLD MON INK GLOSSES IN PAGÁN TEMPLES	CONTENTS	1976	1976-pali-old-mon-ink-glosses-pag-n-temples-contents-scan-4	1976-pali-old-mon-ink-glosses-pag-n-temples-contents-scan-4.pdf	1976-pali-old-mon-ink-glosses-pag-n-temples-contents-scan-4.txt	1976-pali-old-mon-ink-glosses-pag-n-temples-contents-scan-4.json	medium	deferred_outside_phase1_scope	collision_with=1976-pali-old-mon-ink-glosses-pag-n-temples-contents
591001-2983541dd14c	jbrs-ocr-2124	591001.pdf	Burmese/Burma JBRS/1977/591001.pdf	data/working/ocr/jbrs/text/591001-2983541dd14c.txt	data/working/ocr/jbrs/metadata/591001-2983541dd14c.json	MIND BENDING BURMESE POEMS AND SONGS*	Hla Pe	1977	1977-mind-bending-burmese-poems-songs-hla-pe	1977-mind-bending-burmese-poems-songs-hla-pe.pdf	1977-mind-bending-burmese-poems-songs-hla-pe.txt	1977-mind-bending-burmese-poems-songs-hla-pe.json	medium	deferred_outside_phase1_scope	
591049-2e72a165080c	jbrs-ocr-2125	591049.pdf	Burmese/Burma JBRS/1977/591049.pdf	data/working/ocr/jbrs/text/591049-2e72a165080c.txt	data/working/ocr/jbrs/metadata/591049-2e72a165080c.json	PAGAN RESTORATION'	by	1977	1977-pagan-restoration-by	1977-pagan-restoration-by.pdf	1977-pagan-restoration-by.txt	1977-pagan-restoration-by.json	medium	deferred_outside_phase1_scope	
591097-50b0df275d48	jbrs-ocr-2126	591097.pdf	Burmese/Burma JBRS/1977/591097.pdf	data/working/ocr/jbrs/text/591097-50b0df275d48.txt	data/working/ocr/jbrs/metadata/591097-50b0df275d48.json	s Historical Earthquakes of Burma and Pagan	Chronology	1977	1977-s-historical-earthquakes-burma-pagan-chronology	1977-s-historical-earthquakes-burma-pagan-chronology.pdf	1977-s-historical-earthquakes-burma-pagan-chronology.txt	1977-s-historical-earthquakes-burma-pagan-chronology.json	medium	deferred_outside_phase1_scope	
591101-97bd9fc2605c	jbrs-ocr-2127	591101.pdf	Burmese/Burma JBRS/1977/591101.pdf	data/working/ocr/jbrs/text/1977-ananda-brick-monastery-inscriptions-pagan-tin-lwin.txt	data/working/ocr/jbrs/metadata/1977-ananda-brick-monastery-inscriptions-pagan-tin-lwin.json	ANANDA BRICK MONASTERY INSCRIPTIONS OF PAGAN	Tin Lwin	1977	1977-ananda-brick-monastery-inscriptions-pagan-tin-lwin	1977-ananda-brick-monastery-inscriptions-pagan-tin-lwin.pdf	1977-ananda-brick-monastery-inscriptions-pagan-tin-lwin.txt	1977-ananda-brick-monastery-inscriptions-pagan-tin-lwin.json	medium	renamed_in_repo	
591121-22be2115b3bb	jbrs-ocr-2128	591121.pdf	Burmese/Burma JBRS/1977/591121.pdf	data/working/ocr/jbrs/text/591121-22be2115b3bb.txt	data/working/ocr/jbrs/metadata/591121-22be2115b3bb.json	KĀMALAŃKA	G. H. Luce	1976	1976-k-mala-ka-g-h-luce	1976-k-mala-ka-g-h-luce.pdf	1976-k-mala-ka-g-h-luce.txt	1976-k-mala-ka-g-h-luce.json	medium	deferred_outside_phase1_scope	
591125-908f4cfa5504	jbrs-ocr-2129	591125.pdf	Burmese/Burma JBRS/1977/591125.pdf	data/working/ocr/jbrs/text/591125-908f4cfa5504.txt	data/working/ocr/jbrs/metadata/591125-908f4cfa5504.json	The Dipavamsa and the Mahavamsa An Examination of the Pali Chronicles of the Sinhalese	Dr. C. E. Godakumbura*	1976	1976-dipavamsa-mahavamsa-examination-pali-chronicles-sinhalese-c-e-godakumbura-scan-2	1976-dipavamsa-mahavamsa-examination-pali-chronicles-sinhalese-c-e-godakumbura-scan-2.pdf	1976-dipavamsa-mahavamsa-examination-pali-chronicles-sinhalese-c-e-godakumbura-scan-2.txt	1976-dipavamsa-mahavamsa-examination-pali-chronicles-sinhalese-c-e-godakumbura-scan-2.json	high	deferred_outside_phase1_scope	duplicate_of=1976-dipavamsamahavamsa-godakambura1976-pdf; collision_with=1976-dipavamsa-mahavamsa-examination-pali-chronicles-sinhalese-c-e-godakumbura
591137-ff80fd1fdaca	jbrs-ocr-2130	591137.pdf	Burmese/Burma JBRS/1977/591137.pdf	data/working/ocr/jbrs/text/591137-ff80fd1fdaca.txt	data/working/ocr/jbrs/metadata/591137-ff80fd1fdaca.json	RAMAYANA IN BURMESE LITERATURE AND ARTS U Thein Han and U Khin Zaw* In Burma, so far as our researches on Ramayana up t…		1977					medium	needs_manual_review	
591155-15cf4fdd97ba	jbrs-ocr-2131	591155.pdf	Burmese/Burma JBRS/1977/591155.pdf	data/working/ocr/jbrs/text/591155-15cf4fdd97ba.txt	data/working/ocr/jbrs/metadata/591155-15cf4fdd97ba.json	Did Sona and Uttara Come to Lower Burma ?	Sao Saimong Mangrai*	1977	1977-did-sona-uttara-come-lower-burma-sao-saimong-mangrai	1977-did-sona-uttara-come-lower-burma-sao-saimong-mangrai.pdf	1977-did-sona-uttara-come-lower-burma-sao-saimong-mangrai.txt	1977-did-sona-uttara-come-lower-burma-sao-saimong-mangrai.json	medium	deferred_outside_phase1_scope	
591155-55e4e110d08a	jbrs-ocr-2132	591155.pdf	Burmese/Burma JBRS/JBRS Originals/591155.pdf	data/working/ocr/jbrs/text/591155-55e4e110d08a.txt	data/working/ocr/jbrs/metadata/591155-55e4e110d08a.json	Did Sona and Uttara Come to Lower Burma ?	Sao Saimong Mangrai*	1976	1976-did-sona-uttara-come-lower-burma-sao-saimong-mangrai-scan-2	1976-did-sona-uttara-come-lower-burma-sao-saimong-mangrai-scan-2.pdf	1976-did-sona-uttara-come-lower-burma-sao-saimong-mangrai-scan-2.txt	1976-did-sona-uttara-come-lower-burma-sao-saimong-mangrai-scan-2.json	high	deferred_outside_phase1_scope	duplicate_of=1976-sonauttara-saimong1976-pdf; collision_with=1976-did-sona-uttara-come-lower-burma-sao-saimong-mangrai
591165-2e8ef52605fa	jbrs-ocr-2133	591165.pdf	Burmese/Burma JBRS/1977/591165.pdf	data/working/ocr/jbrs/text/591165-2e8ef52605fa.txt	data/working/ocr/jbrs/metadata/591165-2e8ef52605fa.json	165 Editor's Note on Excavation of Old Thaton The Archaeological Survey of Burma had conducted three field seasons in ,…		1977					medium	needs_manual_review	
591167-905f16d06500	jbrs-ocr-2134	591167.pdf	Burmese/Burma JBRS/1977/591167.pdf	data/working/ocr/jbrs/text/591167-905f16d06500.txt	data/working/ocr/jbrs/metadata/591167-905f16d06500.json	Dr. C. E. Godakumbura (–) It is with deep sorrow that we have to put on record the demise of Dr. Charles Edmund Godakum…	OBITUARY	1977	1977-dr-c-e-godakumbura-it-is-deep-sorrow-obituary	1977-dr-c-e-godakumbura-it-is-deep-sorrow-obituary.pdf	1977-dr-c-e-godakumbura-it-is-deep-sorrow-obituary.txt	1977-dr-c-e-godakumbura-it-is-deep-sorrow-obituary.json	medium	deferred_outside_phase1_scope	
1976-anandainscriptions-tinlwin1976-pdf	jbrs-ocr-1594	AnandaInscriptions-Tinlwin1976.pdf	1976/AnandaInscriptions-Tinlwin1976.pdf	data/working/ocr/jbrs/text/1976-ananda-brick-monastery-inscriptions-pagan-tin-lwin.txt	data/working/ocr/jbrs/metadata/1976-ananda-brick-monastery-inscriptions-pagan-tin-lwin.json	ANANDA BRICK MONASTERY INSCRIPTIONS OF PAGAN	Tin Lwin	1976	1976-ananda-brick-monastery-inscriptions-pagan-tin-lwin	1976-ananda-brick-monastery-inscriptions-pagan-tin-lwin.pdf	1976-ananda-brick-monastery-inscriptions-pagan-tin-lwin.txt	1976-ananda-brick-monastery-inscriptions-pagan-tin-lwin.json	high	renamed_in_repo	
1937-ancientpyu-luce1937-pdf	jbrs-ocr-1243	AncientPyu-Luce1937.pdf	1937/AncientPyu-Luce1937.pdf	data/working/ocr/jbrs/text/1937-ancientpyu-luce1937-pdf.txt	data/working/ocr/jbrs/metadata/1937-ancientpyu-luce1937-pdf.json	At the beginning of the Christian era, the peoples dominating Further India were probably Indonesian. They certainly we…	The Ancient Pyu	1937	1937-beginning-christian-era-peoples-dominating-further-india-were-the-ancient-pyu	1937-beginning-christian-era-peoples-dominating-further-india-were-the-ancient-pyu.pdf	1937-beginning-christian-era-peoples-dominating-further-india-were-the-ancient-pyu.txt	1937-beginning-christian-era-peoples-dominating-further-india-were-the-ancient-pyu.json	high	deferred_outside_phase1_scope	
ancientpyu_luce1937-c7fe9ee6157d	jbrs-ocr-2137	AncientPyu-Luce1937.pdf	Burmese/Burma JBRS/1937/AncientPyu-Luce1937.pdf	data/working/ocr/jbrs/text/ancientpyu_luce1937-c7fe9ee6157d.txt	data/working/ocr/jbrs/metadata/ancientpyu_luce1937-c7fe9ee6157d.json	At the beginning of the Christian era, the peoples dominating Further India were probably Indonesian. They certainly we…	The Ancient Pyu	1937	1937-beginning-christian-era-peoples-dominating-further-india-were-the-ancient-pyu-scan-2	1937-beginning-christian-era-peoples-dominating-further-india-were-the-ancient-pyu-scan-2.pdf	1937-beginning-christian-era-peoples-dominating-further-india-were-the-ancient-pyu-scan-2.txt	1937-beginning-christian-era-peoples-dominating-further-india-were-the-ancient-pyu-scan-2.json	high	deferred_outside_phase1_scope	collision_with=1937-beginning-christian-era-peoples-dominating-further-india-were-the-ancient-pyu
arakansplacecivilisationbay_collis1925-bb9dcdeb2834	jbrs-ocr-2138	ArakansPlaceCivilisationBay-Collis1925.pdf	Burmese/Burma JBRS/1925/ArakansPlaceCivilisationBay-Collis1925.pdf	data/working/ocr/jbrs/text/arakansplacecivilisationbay_collis1925-bb9dcdeb2834.txt	data/working/ocr/jbrs/metadata/arakansplacecivilisationbay_collis1925-bb9dcdeb2834.json	's place in the civilization of the Bay. A STUDY OF COINAGE AND FOREIGN RELATIONS	Coins found in Arakan	1925	1925-s-place-civilization-bay-study-coinage-foreign-relations-coins-found-in-arakan	1925-s-place-civilization-bay-study-coinage-foreign-relations-coins-found-in-arakan.pdf	1925-s-place-civilization-bay-study-coinage-foreign-relations-coins-found-in-arakan.txt	1925-s-place-civilization-bay-study-coinage-foreign-relations-coins-found-in-arakan.json	high	deferred_outside_phase1_scope	
1958-aspectsburmeseculture-lupewin1958-41-pdf	jbrs-ocr-1401	AspectsBurmeseCulture_LuPeWin1958-41.pdf	1958/AspectsBurmeseCulture_LuPeWin1958-41.pdf	data/working/ocr/jbrs/text/1958-aspectsburmeseculture-lupewin1958-41-pdf.txt	data/working/ocr/jbrs/metadata/1958-aspectsburmeseculture-lupewin1958-41-pdf.json	SOME ASPECTS OF BURMESE CULTURE '	by	1958	1958-some-aspects-burmese-culture-by	1958-some-aspects-burmese-culture-by.pdf	1958-some-aspects-burmese-culture-by.txt	1958-some-aspects-burmese-culture-by.json	high	deferred_outside_phase1_scope	duplicate_of=aspectsburmeseculture_lupewin1958_41-9f5d97f08316
aspectsburmeseculture_lupewin1958_41-9f5d97f08316	jbrs-ocr-2139	AspectsBurmeseCulture_LuPeWin1958-41.pdf	Burmese/Burma JBRS/1958/AspectsBurmeseCulture_LuPeWin1958-41.pdf	data/working/ocr/jbrs/text/aspectsburmeseculture_lupewin1958_41-9f5d97f08316.txt	data/working/ocr/jbrs/metadata/aspectsburmeseculture_lupewin1958_41-9f5d97f08316.json	SOME ASPECTS OF BURMESE CULTURE '	by	1958	1958-some-aspects-burmese-culture-by-scan-2	1958-some-aspects-burmese-culture-by-scan-2.pdf	1958-some-aspects-burmese-culture-by-scan-2.txt	1958-some-aspects-burmese-culture-by-scan-2.json	high	deferred_outside_phase1_scope	duplicate_of=1958-aspectsburmeseculture-lupewin1958-41-pdf; collision_with=1958-some-aspects-burmese-culture-by
1920-authors-bathein1920-inburmese-pdf	jbrs-ocr-0887	Authors_BaThein1920-inBurmese.pdf	1920/Authors_BaThein1920-inBurmese.pdf	data/working/ocr/jbrs/text/1920-authors-bathein1920-inburmese-pdf.txt	data/working/ocr/jbrs/metadata/1920-authors-bathein1920-inburmese-pdf.json	Adeissa yanthi. Aduminnyo	Shin	1920	1920-adeissa-yanthi-aduminnyo-shin	1920-adeissa-yanthi-aduminnyo-shin.pdf	1920-adeissa-yanthi-aduminnyo-shin.txt	1920-adeissa-yanthi-aduminnyo-shin.json	high	deferred_outside_phase1_scope	
1934-basein-1934-elementary-burmese-astrology-pdf	jbrs-ocr-1192	BaSein-1934-elementary-burmese-astrology.pdf	1934/BaSein-1934-elementary-burmese-astrology.pdf	data/working/ocr/jbrs/text/1934-basein-1934-elementary-burmese-astrology-pdf.txt	data/working/ocr/jbrs/metadata/1934-basein-1934-elementary-burmese-astrology-pdf.json	ELEMENTARY BURMESE ASTROLOGY. Successful marriage is one of the most important things in life especi ally when we look…		1934					medium	needs_manual_review	
1920-bayinnaung-sayalun1920-inburmese-pdf	jbrs-ocr-0888	Bayinnaung_SayaLun1920-inBurmese.pdf	1920/Bayinnaung_SayaLun1920-inBurmese.pdf	data/working/ocr/jbrs/text/1920-bayinnaung-sayalun1920-inburmese-pdf.txt	data/working/ocr/jbrs/metadata/1920-bayinnaung-sayalun1920-inburmese-pdf.json	116 LIFE OF BAYIN NAUNG. By Saya Lun. TRANSLATED BY MAUNG BA KYA. Mingyi nyo (fl. 1485 1530 A. D	LIFE OF BAYIN-NAUNG	1920	1920-116-life-bayin-naung-saya-lun-translated-maung-life-of-bayin-naung	1920-116-life-bayin-naung-saya-lun-translated-maung-life-of-bayin-naung.pdf	1920-116-life-bayin-naung-saya-lun-translated-maung-life-of-bayin-naung.txt	1920-116-life-bayin-naung-saya-lun-translated-maung-life-of-bayin-naung.json	high	deferred_outside_phase1_scope	
1912-bell-aburmesesaying-pdf	jbrs-ocr-0708	Bell-ABurmeseSaying.pdf	1912/Bell-ABurmeseSaying.pdf	data/working/ocr/jbrs/text/1912-bell-aburmesesaying-pdf.txt	data/working/ocr/jbrs/metadata/1912-bell-aburmesesaying-pdf.json	76 NOTE ON A BURMESE SAYING		1912					medium	needs_manual_review	
1923-boob-1923-firstburmesewar-pdf	jbrs-ocr-0985	Boob-1923-FirstBurmeseWar.pdf	1923/Boob-1923-FirstBurmeseWar.pdf	data/working/ocr/jbrs/text/1923-boob-1923-firstburmesewar-pdf.txt	data/working/ocr/jbrs/metadata/1923-boob-1923-firstburmesewar-pdf.json	THE FIRST BURMESE WAR. BY MAUNG BOON. TRANSLATED BY SAN SHWE BU	Translator's Note	1923	1923-first-burmese-war-maung-boon-translated-san-shwe-translator-s-note	1923-first-burmese-war-maung-boon-translated-san-shwe-translator-s-note.pdf	1923-first-burmese-war-maung-boon-translated-san-shwe-translator-s-note.txt	1923-first-burmese-war-maung-boon-translated-san-shwe-translator-s-note.json	high	deferred_outside_phase1_scope	
1936-buddhismpagan-pemaungtin1936-pdf	jbrs-ocr-1221	BuddhismPagan-PeMaungTin1936.pdf	1936/BuddhismPagan-PeMaungTin1936.pdf	data/working/ocr/jbrs/text/1936-buddhismpagan-pemaungtin1936-pdf.txt	data/working/ocr/jbrs/metadata/1936-buddhismpagan-pemaungtin1936-pdf.json	Buddhism in the Inscriptions of Pagan The numerous temples and pagodas which still attract visitors to Pagan bear silen…	U Pe Maung Tin	1936	1936-buddhism-inscriptions-pagan-numerous-temples-pagodas-which-still-pe-maung-tin	1936-buddhism-inscriptions-pagan-numerous-temples-pagodas-which-still-pe-maung-tin.pdf	1936-buddhism-inscriptions-pagan-numerous-temples-pagodas-which-still-pe-maung-tin.txt	1936-buddhism-inscriptions-pagan-numerous-temples-pagodas-which-still-pe-maung-tin.json	high	deferred_outside_phase1_scope	
1932-burmadebttopagan-luce1932-pdf	jbrs-ocr-1161	BurmaDebtToPagan-Luce1932.pdf	1932/BurmaDebtToPagan-Luce1932.pdf	data/working/ocr/jbrs/text/1932-11-villages-myittha-g-h-luce.txt	data/working/ocr/jbrs/metadata/1932-11-villages-myittha-g-h-luce.json	the 11 villages of Myittha	G. H. Luce	1932	1932-11-villages-myittha-g-h-luce	1932-11-villages-myittha-g-h-luce.pdf	1932-11-villages-myittha-g-h-luce.txt	1932-11-villages-myittha-g-h-luce.json	high	renamed_in_repo	
burmarecordfs_ali1930-f993e6eeaef0	jbrs-ocr-2140	BurmaRecordfs_Ali1930.pdf	Burmese/Burma JBRS/1930/BurmaRecordfs_Ali1930.pdf	data/working/ocr/jbrs/text/burmarecordfs_ali1930-f993e6eeaef0.txt	data/working/ocr/jbrs/metadata/burmarecordfs_ali1930-f993e6eeaef0.json	BURMA RECORDS IN THE IMPERIAL RECORD DEPARTMENT (1753 ).1 1753 68		1930					medium	needs_manual_review	
1939-burmatofallofpagan-luce1939-pdf	jbrs-ocr-1267	BurmaToFallOfPagan-Luce1939.pdf	1939/BurmaToFallOfPagan-Luce1939.pdf	data/working/ocr/jbrs/text/1939-burmatofallofpagan-luce1939-pdf.txt	data/working/ocr/jbrs/metadata/1939-burmatofallofpagan-luce1939-pdf.json	BURMA DOWN TO THE FALL OF PAGAN	An Outline, Part I	1939	1939-burma-down-fall-pagan-an-outline-part-i	1939-burma-down-fall-pagan-an-outline-part-i.pdf	1939-burma-down-fall-pagan-an-outline-part-i.txt	1939-burma-down-fall-pagan-an-outline-part-i.json	high	deferred_outside_phase1_scope	
1967-burmesecalendar-lupewin1967-pdf	jbrs-ocr-1538	BurmeseCalendar-LuPeWin1967.pdf	1967/BurmeseCalendar-LuPeWin1967.pdf	data/working/ocr/jbrs/text/1967-burmese-calender-lu-pe-win.txt	data/working/ocr/jbrs/metadata/1967-burmese-calender-lu-pe-win.json	THE BURMESE CALENDER*	U LU PE WIN §	1967	1967-burmese-calender-lu-pe-win	1967-burmese-calender-lu-pe-win.pdf	1967-burmese-calender-lu-pe-win.txt	1967-burmese-calender-lu-pe-win.json	high	renamed_in_repo	
1965-burmesecolmology-bahan1965-pdf	jbrs-ocr-1509	BurmeseColmology_BaHan1965.pdf	1965/BurmeseColmology_BaHan1965.pdf	data/working/ocr/jbrs/text/1965-burmesecolmology-bahan1965-pdf.txt	data/working/ocr/jbrs/metadata/1965-burmesecolmology-bahan1965-pdf.json	BURMESE COSMOGONY AND COSMOLOGY* 1. COSMOGONIC MYTHS	Dr. Ba Han **	1965	1965-burmese-cosmogony-cosmology-1-cosmogonic-myths-ba-han	1965-burmese-cosmogony-cosmology-1-cosmogonic-myths-ba-han.pdf	1965-burmese-cosmogony-cosmology-1-cosmogonic-myths-ba-han.txt	1965-burmese-cosmogony-cosmology-1-cosmogonic-myths-ba-han.json	high	deferred_outside_phase1_scope	
1970-burmeseembassy1872-ba-pdf	jbrs-ocr-1568	BurmeseEmbassy1872_Ba.pdf	1970/BurmeseEmbassy1872_Ba.pdf	data/working/ocr/jbrs/text/1970-burmeseembassy1872-ba-pdf.txt	data/working/ocr/jbrs/metadata/1970-burmeseembassy1872-ba-pdf.json	THE BURMESE EMBASSY TO ITALY IN [From hitherto unpublished documents from Italian Sources	Translated and annotated by	1970	1970-burmese-embassy-italy-hitherto-unpublished-documents-italian-sources-translated-and-annotated-by	1970-burmese-embassy-italy-hitherto-unpublished-documents-italian-sources-translated-and-annotated-by.pdf	1970-burmese-embassy-italy-hitherto-unpublished-documents-italian-sources-translated-and-annotated-by.txt	1970-burmese-embassy-italy-hitherto-unpublished-documents-italian-sources-translated-and-annotated-by.json	high	deferred_outside_phase1_scope	
1912-burmeseera-mayoung1912-pdf	jbrs-ocr-0709	BurmeseEra-MayOung1912.pdf	1912/BurmeseEra-MayOung1912.pdf	data/working/ocr/jbrs/text/1912-burmeseera-mayoung1912-pdf.txt	data/working/ocr/jbrs/metadata/1912-burmeseera-mayoung1912-pdf.json	Eras and Reckoning	Taw Sein Ko	1912	1912-eras-reckoning-taw-sein-ko	1912-eras-reckoning-taw-sein-ko.pdf	1912-eras-reckoning-taw-sein-ko.txt	1912-eras-reckoning-taw-sein-ko.json	high	deferred_outside_phase1_scope	
1923-burmesegardening-cooper1923-pdf	jbrs-ocr-0986	BurmeseGardening-Cooper1923.pdf	1923/BurmeseGardening-Cooper1923.pdf	data/working/ocr/jbrs/text/1923-burmesegardening-cooper1923-pdf.txt	data/working/ocr/jbrs/metadata/1923-burmesegardening-cooper1923-pdf.json	166 CORRESPONdence. BURMESE GARDENING. DEAR SIR, I am desirous of obtaining information upon the practice of Garden ing…	CORRESPONdence	1923	1923-166-correspondence-burmese-gardening-dear-sir-i-am-correspondence	1923-166-correspondence-burmese-gardening-dear-sir-i-am-correspondence.pdf	1923-166-correspondence-burmese-gardening-dear-sir-i-am-correspondence.txt	1923-166-correspondence-burmese-gardening-dear-sir-i-am-correspondence.json	high	deferred_outside_phase1_scope	
1970-burmesehistoryarticles-thantun1970-pdf	jbrs-ocr-1569	BurmeseHistoryArticles-ThanTun1970.pdf	1970/BurmeseHistoryArticles-ThanTun1970.pdf	data/working/ocr/jbrs/text/1970-estimation-articles-burmese-history-published-70-by.txt	data/working/ocr/jbrs/metadata/1970-estimation-articles-burmese-history-published-70-by.json	AN ESTIMATION OF ARTICLES ON BURMESE HISTORY PUBLISHED IN THE , 70'	by	1970	1970-estimation-articles-burmese-history-published-70-by	1970-estimation-articles-burmese-history-published-70-by.pdf	1970-estimation-articles-burmese-history-published-70-by.txt	1970-estimation-articles-burmese-history-published-70-by.json	high	renamed_in_repo	
1959-burmesekingshipmindon-thaung1959-pdf	jbrs-ocr-1412	BurmeseKingshipMindon-Thaung1959.pdf	1959/BurmeseKingshipMindon-Thaung1959.pdf	data/working/ocr/jbrs/text/1959-burmesekingshipmindon-thaung1959-pdf.txt	data/working/ocr/jbrs/metadata/1959-burmesekingshipmindon-thaung1959-pdf.json	BURMESE KINGSHIP IN THEORY AND IN PRACTICE DURING THE REIGN OF MINDON*	by	1959	1959-burmese-kingship-theory-practice-during-reign-mindon-by	1959-burmese-kingship-theory-practice-during-reign-mindon-by.pdf	1959-burmese-kingship-theory-practice-during-reign-mindon-by.txt	1959-burmese-kingship-theory-practice-during-reign-mindon-by.json	high	deferred_outside_phase1_scope	
1968-burmeselanguages-luce1968-pdf	jbrs-ocr-1551	BurmeseLanguages-Luce1968.pdf	1968/BurmeseLanguages-Luce1968.pdf	data/working/ocr/jbrs/text/1968-burmeselanguages-luce1968-pdf.txt	data/working/ocr/jbrs/metadata/1968-burmeselanguages-luce1968-pdf.json	BURMA LANGUAGES	G. H. Luce	1968	1968-burma-languages-g-h-luce	1968-burma-languages-g-h-luce.pdf	1968-burma-languages-g-h-luce.txt	1968-burma-languages-g-h-luce.json	high	deferred_outside_phase1_scope	
1937-burmeserule-at-toungoo-langhamcarter1937-pdf	jbrs-ocr-1244	BurmeseRule-at-Toungoo-LanghamCarter1937.pdf	1937/BurmeseRule-at-Toungoo-LanghamCarter1937.pdf	data/working/ocr/jbrs/text/1937-burmeserule-at-toungoo-langhamcarter1937-pdf.txt	data/working/ocr/jbrs/metadata/1937-burmeserule-at-toungoo-langhamcarter1937-pdf.json	BURMESE RULE ON THE TOUNGOO FRONTIER. 1		1937					medium	needs_manual_review	
022245-d96384af909d	jbrs-ocr-0123	CD-ASI-1909.pdf	Burmese/Burma JBRS/1912/CD-ASI-1909.pdf	data/working/ocr/jbrs/text/022245-d96384af909d.txt	data/working/ocr/jbrs/metadata/022245-d96384af909d.json	ANNUAL REPORT, 9	"""ARCHAEOLOGICAL SURVEY OF INDIA"	1909	1909-annual-report-9-archaeological-survey-of-india	1909-annual-report-9-archaeological-survey-of-india.pdf	1909-annual-report-9-archaeological-survey-of-india.txt	1909-annual-report-9-archaeological-survey-of-india.json	high	deferred_outside_phase1_scope	
021123-bc781df6a868	jbrs-ocr-0104	CD-JRI.pdf	Burmese/Burma JBRS/1912/CD-JRI.pdf	data/working/ocr/jbrs/text/021123-bc781df6a868.txt	data/working/ocr/jbrs/metadata/021123-bc781df6a868.json	123 JOURNAL of the ROYAL ANTHROPOLOGICAL INSTITUTE of GREAT BRITAIN and IRELAND	REVIEWS	1912	1912-123-journal-royal-anthropological-institute-great-britain-ireland-reviews	1912-123-journal-royal-anthropological-institute-great-britain-ireland-reviews.pdf	1912-123-journal-royal-anthropological-institute-great-britain-ireland-reviews.txt	1912-123-journal-royal-anthropological-institute-great-britain-ireland-reviews.json	high	deferred_outside_phase1_scope	
1912-cd-noteontalaing-pdf	jbrs-ocr-0713	CD-NoteOnTalaing.pdf	1912/CD-NoteOnTalaing.pdf	data/working/ocr/jbrs/text/1912-cd-noteontalaing-pdf.txt	data/working/ocr/jbrs/metadata/1912-cd-noteontalaing-pdf.json	TALAING		1912					medium	needs_manual_review	
1912-cd-noteontalaing2-pdf	jbrs-ocr-0714	CD-NoteOnTalaing2.pdf	1912/CD-NoteOnTalaing2.pdf	data/working/ocr/jbrs/text/1912-cd-noteontalaing2-pdf.txt	data/working/ocr/jbrs/metadata/1912-cd-noteontalaing2-pdf.json	* NOTE ON THE WORD		1912					medium	needs_manual_review	
022256-6028da47d653	jbrs-ocr-0126	CD-OldBallads.pdf	Burmese/Burma JBRS/1912/CD-OldBallads.pdf	data/working/ocr/jbrs/text/022256-6028da47d653.txt	data/working/ocr/jbrs/metadata/022256-6028da47d653.json	256 OLD HISTORICAL BALLADS		1912					medium	needs_manual_review	
1948-centuryofprogress-luce1948-pdf	jbrs-ocr-1306	CenturyOfProgress_Luce1948.pdf	1948/CenturyOfProgress_Luce1948.pdf	data/working/ocr/jbrs/text/1948-century-progress-burmese-history-archaeology.txt	data/working/ocr/jbrs/metadata/1948-century-progress-burmese-history-archaeology.json	A CENTURY OF PROGRESS IN BURMESE HISTORY AND	ARCHAEOLOGY.*	1948	1948-century-progress-burmese-history-archaeology	1948-century-progress-burmese-history-archaeology.pdf	1948-century-progress-burmese-history-archaeology.txt	1948-century-progress-burmese-history-archaeology.json	high	renamed_in_repo	
1911-chineseantiquitiespagan-tawseinko1911-pdf	jbrs-ocr-0689	ChineseAntiquitiesPagan-TawSeinKo1911.pdf	1911/ChineseAntiquitiesPagan-TawSeinKo1911.pdf	data/working/ocr/jbrs/text/1911-chineseantiquitiespagan-tawseinko1911-pdf.txt	data/working/ocr/jbrs/metadata/1911-chineseantiquitiespagan-tawseinko1911-pdf.json	CHINESE ANTIQUITIES AT PAGAN	BY	1911	1911-chinese-antiquities-pagan-by	1911-chinese-antiquities-pagan-by.pdf	1911-chinese-antiquities-pagan-by.txt	1911-chinese-antiquities-pagan-by.json	high	deferred_outside_phase1_scope	
282223-a944a3436cab	jbrs-ocr-1767	Dalet-Hall1938.pdf	Burmese/Burma JBRS/1938/Dalet-Hall1938.pdf	data/working/ocr/jbrs/text/282223-a944a3436cab.txt	data/working/ocr/jbrs/metadata/282223-a944a3436cab.json	A JOURNEY TO DALET IN .* 26th Nocember . Embarked on board the wheel Flat accom. panied by Lieutt. Glen with a detachme…	D. G. E. Hall	1938	1938-journey-dalet-26th-nocember-embarked-board-wheel-flat-d-g-e-hall	1938-journey-dalet-26th-nocember-embarked-board-wheel-flat-d-g-e-hall.pdf	1938-journey-dalet-26th-nocember-embarked-board-wheel-flat-d-g-e-hall.txt	1938-journey-dalet-26th-nocember-embarked-board-wheel-flat-d-g-e-hall.json	high	deferred_outside_phase1_scope	
1921-dialectsburmese-taylor1921-pdf	jbrs-ocr-0917	DialectsBurmese-Taylor1921.pdf	1921/DialectsBurmese-Taylor1921.pdf	data/working/ocr/jbrs/text/1921-dialectsburmese-taylor1921-pdf.txt	data/working/ocr/jbrs/metadata/1921-dialectsburmese-taylor1921-pdf.json	89 STUDIES IN INDO CHINESE PHILOLOGY* NO. 1. The dialeCTS OF BURMESE (I)	L. F. TAYLOR	1921	1921-89-studies-indo-chinese-philology-no-1-dialects-l-f-taylor	1921-89-studies-indo-chinese-philology-no-1-dialects-l-f-taylor.pdf	1921-89-studies-indo-chinese-philology-no-1-dialects-l-f-taylor.txt	1921-89-studies-indo-chinese-philology-no-1-dialects-l-f-taylor.json	high	deferred_outside_phase1_scope	
193075-610d1158c03e	jbrs-ocr-1135	Dictionary_1931.pdf	Burmese/Burma JBRS/1929/Dictionary_1931.pdf	data/working/ocr/jbrs/text/193075-610d1158c03e.txt	data/working/ocr/jbrs/metadata/193075-610d1158c03e.json	THE NEED OF A BURMESE DICTIONARY. Most civilized peoples are careful to preserve their prose and poetical literature, a…	V	1929	1929-need-burmese-dictionary-most-civilized-peoples-are-careful-v	1929-need-burmese-dictionary-most-civilized-peoples-are-careful-v.pdf	1929-need-burmese-dictionary-most-civilized-peoples-are-careful-v.txt	1929-need-burmese-dictionary-most-civilized-peoples-are-careful-v.json	high	deferred_outside_phase1_scope	
1976-dipavamsamahavamsa-godakambura1976-pdf	jbrs-ocr-1596	DipavamsaMahavamsa_Godakambura1976.pdf	1976/DipavamsaMahavamsa_Godakambura1976.pdf	data/working/ocr/jbrs/text/1976-dipavamsamahavamsa-godakambura1976-pdf.txt	data/working/ocr/jbrs/metadata/1976-dipavamsamahavamsa-godakambura1976-pdf.json	The Dipavamsa and the Mahavamsa An Examination of the Pali Chronicles of the Sinhalese	Dr. C. E. Godakumbura*	1976	1976-dipavamsa-mahavamsa-examination-pali-chronicles-sinhalese-c-e-godakumbura	1976-dipavamsa-mahavamsa-examination-pali-chronicles-sinhalese-c-e-godakumbura.pdf	1976-dipavamsa-mahavamsa-examination-pali-chronicles-sinhalese-c-e-godakumbura.txt	1976-dipavamsa-mahavamsa-examination-pali-chronicles-sinhalese-c-e-godakumbura.json	high	deferred_outside_phase1_scope	
diplomaticmission_christian-442f8f625c66	jbrs-ocr-2143	DiplomaticMission_Christian.pdf	Burmese/Burma JBRS/1939/DiplomaticMission_Christian.pdf	data/working/ocr/jbrs/text/diplomaticmission_christian-442f8f625c66.txt	data/working/ocr/jbrs/metadata/diplomaticmission_christian-442f8f625c66.json	187 A DIPLOMATIC MISSION FROM BURMA TO AMERICA Mindon Min is generally credited with having been one of Burma's best ki…		1939					medium	needs_manual_review	
1912-duroiselle1912-burmeseprosody-iii-pdf	jbrs-ocr-0720	Duroiselle1912-BurmeseProsody-III.pdf	1912/Duroiselle1912-BurmeseProsody-III.pdf	data/working/ocr/jbrs/text/1912-duroiselle1912-burmeseprosody-iii-pdf.txt	data/working/ocr/jbrs/metadata/1912-duroiselle1912-burmeseprosody-iii-pdf.json	94 BURMESE PROSODY	Charles Duroiselle	1912	1912-94-burmese-prosody-charles-duroiselle	1912-94-burmese-prosody-charles-duroiselle.pdf	1912-94-burmese-prosody-charles-duroiselle.txt	1912-94-burmese-prosody-charles-duroiselle.json	high	deferred_outside_phase1_scope	
dutchtrade_hall_1939-eb8259b9ae05	jbrs-ocr-2145	DutchTrade-Hall-1939.pdf	Burmese/Burma JBRS/1939/DutchTrade-Hall-1939.pdf	data/working/ocr/jbrs/text/dutchtrade_hall_1939-eb8259b9ae05.txt	data/working/ocr/jbrs/metadata/dutchtrade_hall_1939-eb8259b9ae05.json	THE DAGHREGISTER OF BATAVIA AND DUTCH TRADE WITH BURMA IN THE	SEVENTEENTH CENTURY	1939	1939-daghregister-batavia-dutch-trade-burma-seventeenth-century	1939-daghregister-batavia-dutch-trade-burma-seventeenth-century.pdf	1939-daghregister-batavia-dutch-trade-burma-seventeenth-century.txt	1939-daghregister-batavia-dutch-trade-burma-seventeenth-century.json	high	deferred_outside_phase1_scope	
1932-earlierpagankings-mamyathan1932-pdf	jbrs-ocr-1162	EarlierPaganKings-mamyaThan1932.pdf	1932/EarlierPaganKings-mamyaThan1932.pdf	data/working/ocr/jbrs/text/1932-earlierpagankings-mamyathan1932-pdf.txt	data/working/ocr/jbrs/metadata/1932-earlierpagankings-mamyathan1932-pdf.json	98 ပုဂံမင်းဆက်ရာဇဝင်လာအချို့သောမင်းတို့၏ အကြောင်း။ ယခုကျောက်စာသည်တူးရွင်းတောင်ရှိသက်စိုးတောင်ကျောက်စာဖြစ်၏။ထိုကျောက်ချပ…		1932					medium	needs_manual_review	
economiclife_luce1940-44b203401c13	jbrs-ocr-2146	EconomicLife-Luce1940.pdf	Burmese/Burma JBRS/1940/EconomicLife-Luce1940.pdf	data/working/ocr/jbrs/text/1940-economic-life-early-burman-g-h-luce.txt	data/working/ocr/jbrs/metadata/1940-economic-life-early-burman-g-h-luce.json	ECONOMIC LIFE OF THE EARLY BURMAN	G. H. Luce	1940	1940-economic-life-early-burman-g-h-luce	1940-economic-life-early-burman-g-h-luce.pdf	1940-economic-life-early-burman-g-h-luce.txt	1940-economic-life-early-burman-g-h-luce.json	high	renamed_in_repo	
1965-emegenceburmesenation-bahan1965-pdf	jbrs-ocr-1510	EmegenceBurmeseNation_BaHan1965.pdf	1965/EmegenceBurmeseNation_BaHan1965.pdf	data/working/ocr/jbrs/text/1965-emegenceburmesenation-bahan1965-pdf.txt	data/working/ocr/jbrs/metadata/1965-emegenceburmesenation-bahan1965-pdf.json	THE EMERGENCE OF THE BURMESE NATION*	Dr. Ba Han **	1965	1965-emergence-burmese-nation-ba-han	1965-emergence-burmese-nation-ba-han.pdf	1965-emergence-burmese-nation-ba-han.txt	1965-emergence-burmese-nation-ba-han.json	high	deferred_outside_phase1_scope	
1920-eraofdecay-sayapi1920-inburmese-pdf	jbrs-ocr-0892	EraOfDecay_SayaPi1920-inBurmese.pdf	1920/EraOfDecay_SayaPi1920-inBurmese.pdf	data/working/ocr/jbrs/text/1920-eraofdecay-sayapi1920-inburmese-pdf.txt	data/working/ocr/jbrs/metadata/1920-eraofdecay-sayapi1920-inburmese-pdf.json	[At the beginning of the Era of Decay in this Auspicious World Cycle the following rules were enacted by rulers of men	THE ERA OF DECAY	1920	1920-beginning-era-decay-this-auspicious-world-cycle-following-the-era-of-decay	1920-beginning-era-decay-this-auspicious-world-cycle-following-the-era-of-decay.pdf	1920-beginning-era-decay-this-auspicious-world-cycle-following-the-era-of-decay.txt	1920-beginning-era-decay-this-auspicious-world-cycle-following-the-era-of-decay.json	high	deferred_outside_phase1_scope	
ethnographiclinguisticsurvey_taylor1956-b1fad00a1f88	jbrs-ocr-2147	EthnographicLinguisticSurvey-Taylor1956.pdf	Burmese/Burma JBRS/1956/EthnographicLinguisticSurvey-Taylor1956.pdf	data/working/ocr/jbrs/text/ethnographiclinguisticsurvey_taylor1956-b1fad00a1f88.txt	data/working/ocr/jbrs/metadata/ethnographiclinguisticsurvey_taylor1956-b1fad00a1f88.json	ACCOUNT OF THE ETHNOGRAPHICAL AND LINGUISTIC SURVEY OF BURMA	by	1956	1956-account-ethnographical-linguistic-survey-burma-by	1956-account-ethnographical-linguistic-survey-burma-by.pdf	1956-account-ethnographical-linguistic-survey-burma-by.txt	1956-account-ethnographical-linguistic-survey-burma-by.json	high	deferred_outside_phase1_scope	
1970-excavationhalin-myintaung1970-pdf	jbrs-ocr-1570	ExcavationHalin-MyintAung1970.pdf	1970/ExcavationHalin-MyintAung1970.pdf	data/working/ocr/jbrs/text/1970-excavationhalin-myintaung1970-pdf.txt	data/working/ocr/jbrs/metadata/1970-excavationhalin-myintaung1970-pdf.json	The main problem of Burmese archaeology is to fill up the gaps in the curly chapters of Burmese history and to correlat…	THE EXCAVATIONS AT HALIN *	1970	1970-main-problem-burmese-archaeology-is-fill-up-gaps-the-excavations-at-halin	1970-main-problem-burmese-archaeology-is-fill-up-gaps-the-excavations-at-halin.pdf	1970-main-problem-burmese-archaeology-is-fill-up-gaps-the-excavations-at-halin.txt	1970-main-problem-burmese-archaeology-is-fill-up-gaps-the-excavations-at-halin.json	high	deferred_outside_phase1_scope	duplicate_of=excavationhalin_myintaung1970-f15be817b96f
excavationhalin_myintaung1970-f15be817b96f	jbrs-ocr-2148	ExcavationHalin-MyintAung1970.pdf	Burmese/Burma JBRS/1970/ExcavationHalin-MyintAung1970.pdf	data/working/ocr/jbrs/text/excavationhalin_myintaung1970-f15be817b96f.txt	data/working/ocr/jbrs/metadata/excavationhalin_myintaung1970-f15be817b96f.json	The main problem of Burmese archaeology is to fill up the gaps in the curly chapters of Burmese history and to correlat…	THE EXCAVATIONS AT HALIN *	1970	1970-main-problem-burmese-archaeology-is-fill-up-gaps-the-excavations-at-halin-scan-2	1970-main-problem-burmese-archaeology-is-fill-up-gaps-the-excavations-at-halin-scan-2.pdf	1970-main-problem-burmese-archaeology-is-fill-up-gaps-the-excavations-at-halin-scan-2.txt	1970-main-problem-burmese-archaeology-is-fill-up-gaps-the-excavations-at-halin-scan-2.json	high	deferred_outside_phase1_scope	duplicate_of=1970-excavationhalin-myintaung1970-pdf; collision_with=1970-main-problem-burmese-archaeology-is-fill-up-gaps-the-excavations-at-halin
1917-excavationpegu-stewart1917-pdf	jbrs-ocr-0834	ExcavationPegu-Stewart1917.pdf	1917/ExcavationPegu-Stewart1917.pdf	data/working/ocr/jbrs/text/1917-excavationpegu-stewart1917-pdf.txt	data/working/ocr/jbrs/metadata/1917-excavationpegu-stewart1917-pdf.json	EXCAVATION AND EXPLORATION IN PEGU. INTRODUCTION I was on duty in the Pegu district for archaeological exploration and…	Charles Duroiselle	1917	1917-excavation-exploration-pegu-introduction-i-was-duty-pegu-charles-duroiselle	1917-excavation-exploration-pegu-introduction-i-was-duty-pegu-charles-duroiselle.pdf	1917-excavation-exploration-pegu-introduction-i-was-duty-pegu-charles-duroiselle.txt	1917-excavation-exploration-pegu-introduction-i-was-duty-pegu-charles-duroiselle.json	high	deferred_outside_phase1_scope	
1911-foundationpagan-furnivall1911-pdf	jbrs-ocr-0693	FoundationPagan-Furnivall1911.pdf	1911/FoundationPagan-Furnivall1911.pdf	data/working/ocr/jbrs/text/1911-foundationpagan-furnivall1911-pdf.txt	data/working/ocr/jbrs/metadata/1911-foundationpagan-furnivall1911-pdf.json	W.i.n.d.e.r.—Winder; go and clean it	If Mr. Squeers	1911	1911-w-i-n-d-e-r-winder-go-if-mr-squeers	1911-w-i-n-d-e-r-winder-go-if-mr-squeers.pdf	1911-w-i-n-d-e-r-winder-go-if-mr-squeers.txt	1911-w-i-n-d-e-r-winder-go-if-mr-squeers.json	high	deferred_outside_phase1_scope	
1913-furnivall1914-monheroes-pdf	jbrs-ocr-0762	Furnivall1914-MonHeroes.pdf	1913/Furnivall1914-MonHeroes.pdf	data/working/ocr/jbrs/text/1913-furnivall1914-monheroes-pdf.txt	data/working/ocr/jbrs/metadata/1913-furnivall1914-monheroes-pdf.json	225 TWO LEGENDARY HEROES OF THE MONS. 1. ATTHA, THE CATTLE HERD		1913					medium	needs_manual_review	
1959-geographyburmaunderpagan-luce1959-pdf	jbrs-ocr-1414	GeographyBurmaUnderPagan-Luce1959.pdf	1959/GeographyBurmaUnderPagan-Luce1959.pdf	data/working/ocr/jbrs/text/1959-geographyburmaunderpagan-luce1959-pdf.txt	data/working/ocr/jbrs/metadata/1959-geographyburmaunderpagan-luce1959-pdf.json	GEOGRAPHY OF BURMA UNDER THE PAGAN	DYNASTY'	1959	1959-geography-burma-under-pagan-dynasty	1959-geography-burma-under-pagan-dynasty.pdf	1959-geography-burma-under-pagan-dynasty.txt	1959-geography-burma-under-pagan-dynasty.json	high	deferred_outside_phase1_scope	
geographyburmaunderpagan_luce1959-dd5b8c70a170	jbrs-ocr-2156	GeographyBurmaUnderPagan-Luce1959.pdf	Burmese/Burma JBRS/1959/GeographyBurmaUnderPagan-Luce1959.pdf	data/working/ocr/jbrs/text/geographyburmaunderpagan_luce1959-dd5b8c70a170.txt	data/working/ocr/jbrs/metadata/geographyburmaunderpagan_luce1959-dd5b8c70a170.json	GEOGRAPHY OF BURMA UNDER THE PAGAN	DYNASTY'	1959	1959-geography-burma-under-pagan-dynasty-scan-2	1959-geography-burma-under-pagan-dynasty-scan-2.pdf	1959-geography-burma-under-pagan-dynasty-scan-2.txt	1959-geography-burma-under-pagan-dynasty-scan-2.json	high	deferred_outside_phase1_scope	collision_with=1959-geography-burma-under-pagan-dynasty
1934-george-1934-a-note-on-elementary-burmese-astrology-pdf	jbrs-ocr-1193	George-1934-a-note-on-elementary-burmese-astrology.pdf	1934/George-1934-a-note-on-elementary-burmese-astrology.pdf	data/working/ocr/jbrs/text/1934-george-1934-a-note-on-elementary-burmese-astrology-pdf.txt	data/working/ocr/jbrs/metadata/1934-george-1934-a-note-on-elementary-burmese-astrology-pdf.json	A NOTE ON ELEMENTARY BURMESE ASTROLOGY In his article on Elementary Burmese Astrology in the August number of this Jour…		1934					medium	needs_manual_review	
1911-grantbrown-1911-burmesesongs-pdf	jbrs-ocr-0695	GrantBrown-1911-BurmeseSongs.pdf	1911/GrantBrown-1911-BurmeseSongs.pdf	data/working/ocr/jbrs/text/1911-grantbrown-1911-burmesesongs-pdf.txt	data/working/ocr/jbrs/metadata/1911-grantbrown-1911-burmesesongs-pdf.json	91 BURMESE SONGS		1911					medium	needs_manual_review	
1918-greatertemplespagan-luce1918-pdf	jbrs-ocr-0857	GreaterTemplesPagan-Luce1918.pdf	1918/GreaterTemplesPagan-Luce1918.pdf	data/working/ocr/jbrs/text/1918-greatertemplespagan-luce1918-pdf.txt	data/working/ocr/jbrs/metadata/1918-greatertemplespagan-luce1918-pdf.json	THE GREATER TEMPLES OF PAGĀN	I	1918	1918-greater-temples-pag-n-i	1918-greater-temples-pag-n-i.pdf	1918-greater-temples-pag-n-i.txt	1918-greater-temples-pag-n-i.json	high	deferred_outside_phase1_scope	
1911-haynes-paliliterature-1911-pdf	jbrs-ocr-0697	Haynes-PaliLiterature-1911.pdf	1911/Haynes-PaliLiterature-1911.pdf	data/working/ocr/jbrs/text/1911-haynes-paliliterature-1911-pdf.txt	data/working/ocr/jbrs/metadata/1911-haynes-paliliterature-1911-pdf.json	PALI LITERATURE OF BURMA		1911					medium	needs_manual_review	
1953-initiationceremonies-maunghtinaung1953-pdf	jbrs-ocr-1337	InitiationCeremonies-MaungHtinAung1953.pdf	1953/InitiationCeremonies-MaungHtinAung1953.pdf	data/working/ocr/jbrs/text/1953-initiationceremonies-maunghtinaung1953-pdf.txt	data/working/ocr/jbrs/metadata/1953-initiationceremonies-maunghtinaung1953-pdf.json	BURMESE INITIATION	CEREMONIES	1953	1953-burmese-initiation-ceremonies	1953-burmese-initiation-ceremonies.pdf	1953-burmese-initiation-ceremonies.txt	1953-burmese-initiation-ceremonies.json	high	deferred_outside_phase1_scope	
1912-lacquerwarepagan-tawseinko1912-pdf	jbrs-ocr-0725	LacquerwarePagan-TawSeinKo1912.pdf	1912/LacquerwarePagan-TawSeinKo1912.pdf	data/working/ocr/jbrs/text/1912-lacquerwarepagan-tawseinko1912-pdf.txt	data/working/ocr/jbrs/metadata/1912-lacquerwarepagan-tawseinko1912-pdf.json	LACQUERWARE MANUFACTURE AT PAGAN. It is not known when and whence the art was introduced into Pagan. The probabilities…	Taw Sein Ko	1912	1912-lacquerware-manufacture-pagan-it-is-not-known-when-taw-sein-ko	1912-lacquerware-manufacture-pagan-it-is-not-known-when-taw-sein-ko.pdf	1912-lacquerware-manufacture-pagan-it-is-not-known-when-taw-sein-ko.txt	1912-lacquerware-manufacture-pagan-it-is-not-known-when-taw-sein-ko.json	high	deferred_outside_phase1_scope	
lawscustonsvietnam_ba-5708319c10d2	jbrs-ocr-3330	LawsCustonsVietnam_Ba.pdf	Burmese/Burma JBRS/1966/LawsCustonsVietnam_Ba.pdf	data/working/ocr/jbrs/text/lawscustonsvietnam_ba-5708319c10d2.txt	data/working/ocr/jbrs/metadata/lawscustonsvietnam_ba-5708319c10d2.json	EXTRACTS FROM THE COLLECTION OF LAWS AND CUSTOMS OF THE GREAT SOUTH (KINGDOM OF VIETNAM) AND THE TRUE HISTORY OF THE GR…	Vivian Ba	1966	1966-extracts-collection-laws-customs-great-south-kingdom-vietnam-vivian-ba	1966-extracts-collection-laws-customs-great-south-kingdom-vietnam-vivian-ba.pdf	1966-extracts-collection-laws-customs-great-south-kingdom-vietnam-vivian-ba.txt	1966-extracts-collection-laws-customs-great-south-kingdom-vietnam-vivian-ba.json	high	deferred_outside_phase1_scope	
light_on_arakanese_history_stuart1923-b6232e055864	jbrs-ocr-3331	Light-on-Arakanese-History-Stuart1923.pdf	Burmese/Burma JBRS/1923/Light-on-Arakanese-History-Stuart1923.pdf	data/working/ocr/jbrs/text/light_on_arakanese_history_stuart1923-b6232e055864.txt	data/working/ocr/jbrs/metadata/light_on_arakanese_history_stuart1923-b6232e055864.json	An Appeal for more light on Arakanese History	J. STUART	1923	1923-appeal-more-light-arakanese-history-j-stuart	1923-appeal-more-light-arakanese-history-j-stuart.pdf	1923-appeal-more-light-arakanese-history-j-stuart.txt	1923-appeal-more-light-arakanese-history-j-stuart.json	high	deferred_outside_phase1_scope	
luce_1932_names_of_pyu-95a665d52663	jbrs-ocr-3334	Luce 1932 Names of Pyu.pdf	Luce/Luce 1932 Names of Pyu.pdf	data/working/ocr/jbrs/text/luce_1932_names_of_pyu-95a665d52663.txt	data/working/ocr/jbrs/metadata/luce_1932_names_of_pyu-95a665d52663.json	1. The modern Burman writes the word Pyu i.e. Prū. But the older Burmese authors, so Pagan U Tin informs me, write it i…	NAMES OF THE PYU	1932	1932-1-modern-burman-writes-word-pyu-i-e-names-of-the-pyu-scan-2	1932-1-modern-burman-writes-word-pyu-i-e-names-of-the-pyu-scan-2.pdf	1932-1-modern-burman-writes-word-pyu-i-e-names-of-the-pyu-scan-2.txt	1932-1-modern-burman-writes-word-pyu-i-e-names-of-the-pyu-scan-2.json	high	deferred_outside_phase1_scope	duplicate_of=1932-namesofpyu-luce1932-pdf; collision_with=1932-1-modern-burman-writes-word-pyu-i-e-names-of-the-pyu
luce_1959_oldkyaukseandthecomingofthebur-3515dbea8f5e	jbrs-ocr-3336	Luce-1959-OldKyaukseAndTheComingOfTheBurmans.pdf	Burmese/Burma JBRS/1959/Luce-1959-OldKyaukseAndTheComingOfTheBurmans.pdf	data/working/ocr/jbrs/text/luce_1959_oldkyaukseandthecomingofthebur-3515dbea8f5e.txt	data/working/ocr/jbrs/metadata/luce_1959_oldkyaukseandthecomingofthebur-3515dbea8f5e.json	Geography of Burma under the Pagan dynasty	OLD KYAUKSE	1959	1959-geography-burma-under-pagan-dynasty-old-kyaukse	1959-geography-burma-under-pagan-dynasty-old-kyaukse.pdf	1959-geography-burma-under-pagan-dynasty-old-kyaukse.txt	1959-geography-burma-under-pagan-dynasty-old-kyaukse.json	high	deferred_outside_phase1_scope	
minbu_ba_shin1936-4839b22ac3ed	jbrs-ocr-3338	Minbu_Ba-Shin1936.pdf	Burmese/Burma JBRS/1936/Minbu_Ba-Shin1936.pdf	data/working/ocr/jbrs/text/minbu_ba_shin1936-4839b22ac3ed.txt	data/working/ocr/jbrs/metadata/minbu_ba_shin1936-4839b22ac3ed.json	ဘရှင် ၊ ဗိုလ်မှူး	Bibliographic Data	1936	1936-untitled-bibliographic-data	1936-untitled-bibliographic-data.pdf	1936-untitled-bibliographic-data.txt	1936-untitled-bibliographic-data.json	high	deferred_outside_phase1_scope	
1938-moninscriptionayethema-pemaungtin1938-pdf	jbrs-ocr-1253	MonInscriptionAyethema-PeMaungTin1938.pdf	1938/MonInscriptionAyethema-PeMaungTin1938.pdf	data/working/ocr/jbrs/text/1938-moninscriptionayethema-pemaungtin1938-pdf.txt	data/working/ocr/jbrs/metadata/1938-moninscriptionayethema-pemaungtin1938-pdf.json	A Mon Inscription by Kyanzittha at Ayetthema Hill In April I paid my first visit on a holiday to Ayetthema Hill on the…	U Pe Maung Tin	1938	1938-mon-inscription-kyanzittha-ayetthema-hill-april-i-paid-pe-maung-tin	1938-mon-inscription-kyanzittha-ayetthema-hill-april-i-paid-pe-maung-tin.pdf	1938-mon-inscription-kyanzittha-ayetthema-hill-april-i-paid-pe-maung-tin.txt	1938-mon-inscription-kyanzittha-ayetthema-hill-april-i-paid-pe-maung-tin.json	high	deferred_outside_phase1_scope	
1932-moninscriptionssiam-halliday1932-pdf	jbrs-ocr-1164	MonInscriptionsSiam-Halliday1932.pdf	1932/MonInscriptionsSiam-Halliday1932.pdf	data/working/ocr/jbrs/text/1932-moninscriptionssiam-halliday1932-pdf.txt	data/working/ocr/jbrs/metadata/1932-moninscriptionssiam-halliday1932-pdf.json	THE MON INSCRIPTIONS OF SIAM	The Mon People	1932	1932-mon-inscriptions-siam-the-mon-people	1932-mon-inscriptions-siam-the-mon-people.pdf	1932-mon-inscriptions-siam-the-mon-people.txt	1932-mon-inscriptions-siam-the-mon-people.json	high	deferred_outside_phase1_scope	
1972-monplate-naipanhla-guillon1972-pdf	jbrs-ocr-1578	MonPlate-NaiPanHla-Guillon1972.pdf	1972/MonPlate-NaiPanHla-Guillon1972.pdf	data/working/ocr/jbrs/text/1972-monplate-naipanhla-guillon1972-pdf.txt	data/working/ocr/jbrs/metadata/1972-monplate-naipanhla-guillon1972-pdf.json	A MON COPPER PLATE IN THE NATIONAL	LIBRARY, BANGKOK *	1972	1972-mon-copper-plate-national-library-bangkok	1972-mon-copper-plate-national-library-bangkok.pdf	1972-mon-copper-plate-national-library-bangkok.txt	1972-mon-copper-plate-national-library-bangkok.json	high	deferred_outside_phase1_scope	
1920-monasteriesofpagan1-sinclair1920-pdf	jbrs-ocr-0895	MonasteriesOfPagan1_Sinclair1920.pdf	1920/MonasteriesOfPagan1_Sinclair1920.pdf	data/working/ocr/jbrs/text/1920-monasteriesofpagan1-sinclair1920-pdf.txt	data/working/ocr/jbrs/metadata/1920-monasteriesofpagan1-sinclair1920-pdf.json	THE MONASTERIES OF PAGAN.* Burmese Art and Architecture have been smothered for years by a cloud of indifference and Bu…		1920					medium	needs_manual_review	
1920-monasteriesofpagan2-u-mya1920-pdf	jbrs-ocr-0896	MonasteriesOfPagan2_U_Mya1920.pdf	1920/MonasteriesOfPagan2_U_Mya1920.pdf	data/working/ocr/jbrs/text/1920-monasteriesofpagan2-u-mya1920-pdf.txt	data/working/ocr/jbrs/metadata/1920-monasteriesofpagan2-u-mya1920-pdf.json	THE MONASTERIES OF PAGAN	NOTES AND REVIEWS	1920	1920-monasteries-pagan-notes-and-reviews	1920-monasteries-pagan-notes-and-reviews.pdf	1920-monasteries-pagan-notes-and-reviews.txt	1920-monasteries-pagan-notes-and-reviews.json	high	deferred_outside_phase1_scope	
1953-monsofpagan-luce1953-pdf	jbrs-ocr-1338	MonsOfPagan-Luce1953.pdf	1953/MonsOfPagan-Luce1953.pdf	data/working/ocr/jbrs/text/1953-monsofpagan-luce1953-pdf.txt	data/working/ocr/jbrs/metadata/1953-monsofpagan-luce1953-pdf.json	MONS OF THE PAGAN	DYNASTY	1953	1953-mons-pagan-dynasty	1953-mons-pagan-dynasty.pdf	1953-mons-pagan-dynasty.txt	1953-mons-pagan-dynasty.json	high	deferred_outside_phase1_scope	
1922-monssiam-halliday1922-pdf	jbrs-ocr-0974	MonsSiam-Halliday1922.pdf	1922/MonsSiam-Halliday1922.pdf	data/working/ocr/jbrs/text/1922-monssiam-halliday1922-pdf.txt	data/working/ocr/jbrs/metadata/1922-monssiam-halliday1922-pdf.json	THE MONS IN SIAM. By R. HALLIDAY. The Mons of Siam are the Talaings of Burma, that is they are the same people as those…	THE MONS IN SIAM	1922	1922-mons-siam-r-halliday-mons-siam-are-talaings-the-mons-in-siam	1922-mons-siam-r-halliday-mons-siam-are-talaings-the-mons-in-siam.pdf	1922-mons-siam-r-halliday-mons-siam-are-talaings-the-mons-in-siam.txt	1922-mons-siam-r-halliday-mons-siam-are-talaings-the-mons-in-siam.json	high	deferred_outside_phase1_scope	
312058-f37a832c648d	jbrs-ocr-1809	Mru-Shafer1941.pdf	Burmese/Burma JBRS/1941/Mru-Shafer1941.pdf	data/working/ocr/jbrs/text/312058-f37a832c648d.txt	data/working/ocr/jbrs/metadata/312058-f37a832c648d.json	THE LINGUISTIC RELATIONSHIP OF MRU Traces of a Lost Tibeto Burmic Language?	Abbreviations and Classification	1941	1941-linguistic-relationship-mru-traces-lost-tibeto-burmic-language-abbreviations-and-classification	1941-linguistic-relationship-mru-traces-lost-tibeto-burmic-language-abbreviations-and-classification.pdf	1941-linguistic-relationship-mru-traces-lost-tibeto-burmic-language-abbreviations-and-classification.txt	1941-linguistic-relationship-mru-traces-lost-tibeto-burmic-language-abbreviations-and-classification.json	high	deferred_outside_phase1_scope	
1975-naipanhjla-1975-a-comparative-study-of-old-and-modern-burmese-pdf	jbrs-ocr-1589	NaiPanHJla-1975-a-comparative-study-of-old-and-modern-burmese.pdf	1975/NaiPanHJla-1975-a-comparative-study-of-old-and-modern-burmese.pdf	data/working/ocr/jbrs/text/1975-naipanhjla-1975-a-comparative-study-of-old-and-modern-burmese-pdf.txt	data/working/ocr/jbrs/metadata/1975-naipanhjla-1975-a-comparative-study-of-old-and-modern-burmese-pdf.json	COMPARATIVE STUDY OF OLD & MODERN BURMESE 1. Foreword 2. Preface 3	Introduction	1975	1975-comparative-study-old-modern-burmese-1-foreword-2-introduction	1975-comparative-study-old-modern-burmese-1-foreword-2-introduction.pdf	1975-comparative-study-old-modern-burmese-1-foreword-2-introduction.txt	1975-comparative-study-old-modern-burmese-1-foreword-2-introduction.json	high	deferred_outside_phase1_scope	
naipanhjla_1975_a_comparative_study_of_o-b99961e719f2	jbrs-ocr-3339	NaiPanHJla-1975-a-comparative-study-of-old-and-modern-burmese.pdf	Burmese/Burma JBRS/1975/NaiPanHJla-1975-a-comparative-study-of-old-and-modern-burmese.pdf	data/working/ocr/jbrs/text/naipanhjla_1975_a_comparative_study_of_o-b99961e719f2.txt	data/working/ocr/jbrs/metadata/naipanhjla_1975_a_comparative_study_of_o-b99961e719f2.json	COMPARATIVE STUDY OF OLD & MODERN BURMESE 1. Foreword 2. Preface 3	Introduction	1975	1975-comparative-study-old-modern-burmese-1-foreword-2-introduction-scan-3	1975-comparative-study-old-modern-burmese-1-foreword-2-introduction-scan-3.pdf	1975-comparative-study-old-modern-burmese-1-foreword-2-introduction-scan-3.txt	1975-comparative-study-old-modern-burmese-1-foreword-2-introduction-scan-3.json	high	deferred_outside_phase1_scope	collision_with=1975-comparative-study-old-modern-burmese-1-foreword-2-introduction
1975-naipanhla1975-oldmodernburmese-pdf	jbrs-ocr-1590	NaiPanHla1975-OldModernBurmese.pdf	1975/NaiPanHla1975-OldModernBurmese.pdf	data/working/ocr/jbrs/text/1975-naipanhla1975-oldmodernburmese-pdf.txt	data/working/ocr/jbrs/metadata/1975-naipanhla1975-oldmodernburmese-pdf.json	COMPARATIVE STUDY OF OLD & MODERN BURMESE 1. Foreword 2. Preface 3	Introduction	1975	1975-comparative-study-old-modern-burmese-1-foreword-2-introduction-scan-2	1975-comparative-study-old-modern-burmese-1-foreword-2-introduction-scan-2.pdf	1975-comparative-study-old-modern-burmese-1-foreword-2-introduction-scan-2.txt	1975-comparative-study-old-modern-burmese-1-foreword-2-introduction-scan-2.json	high	deferred_outside_phase1_scope	collision_with=1975-comparative-study-old-modern-burmese-1-foreword-2-introduction
1932-namesofpyu-luce1932-pdf	jbrs-ocr-1165	NamesOfPyu-Luce1932.pdf	1932/NamesOfPyu-Luce1932.pdf	data/working/ocr/jbrs/text/1932-namesofpyu-luce1932-pdf.txt	data/working/ocr/jbrs/metadata/1932-namesofpyu-luce1932-pdf.json	1. The modern Burman writes the word Pyu i.e. Prū. But the older Burmese authors, so Pagan U Tin informs me, write it i…	NAMES OF THE PYU	1932	1932-1-modern-burman-writes-word-pyu-i-e-names-of-the-pyu	1932-1-modern-burman-writes-word-pyu-i-e-names-of-the-pyu.pdf	1932-1-modern-burman-writes-word-pyu-i-e-names-of-the-pyu.txt	1932-1-modern-burman-writes-word-pyu-i-e-names-of-the-pyu.json	high	deferred_outside_phase1_scope	duplicate_of=luce_1932_names_of_pyu-95a665d52663
1961-natrualsoda-inburmese-pdf	jbrs-ocr-1456	NatrualSoda_inBurmese.pdf	1961/NatrualSoda_inBurmese.pdf	data/working/ocr/jbrs/text/1961-natrualsoda-inburmese-pdf.txt	data/working/ocr/jbrs/metadata/1961-natrualsoda-inburmese-pdf.json	NATURAL SODA OF BURMA	By	1961	1961-natural-soda-burma-by	1961-natural-soda-burma-by.pdf	1961-natural-soda-burma-by.txt	1961-natural-soda-burma-by.json	high	deferred_outside_phase1_scope	
nissaya_okell_1967-466204552757	jbrs-ocr-3340	Nissaya-Okell-1967.pdf	Burmese/Burma JBRS/1967/Nissaya-Okell-1967.pdf	data/working/ocr/jbrs/text/1967-nissaya-burmese-case-systematic-adaptation-foreign-grammar-syntax-john-okell.txt	data/working/ocr/jbrs/metadata/1967-nissaya-burmese-case-systematic-adaptation-foreign-grammar-syntax-john-okell.json	NISSAYA BURMESE * A CASE OF SYSTEMATIC ADAPTATION TO A FOREIGN GRAMMAR AND SYNTAX	JOHN OKELL §	1967	1967-nissaya-burmese-case-systematic-adaptation-foreign-grammar-syntax-john-okell	1967-nissaya-burmese-case-systematic-adaptation-foreign-grammar-syntax-john-okell.pdf	1967-nissaya-burmese-case-systematic-adaptation-foreign-grammar-syntax-john-okell.txt	1967-nissaya-burmese-case-systematic-adaptation-foreign-grammar-syntax-john-okell.json	high	renamed_in_repo	
1962-odysseyburmesetype-ba-pdf	jbrs-ocr-1467	OdysseyBurmeseType_Ba.pdf	1962/OdysseyBurmeseType_Ba.pdf	data/working/ocr/jbrs/text/1962-odysseyburmesetype-ba-pdf.txt	data/working/ocr/jbrs/metadata/1962-odysseyburmesetype-ba-pdf.json	ODYSSEY OF THE FIRST BURMESE TYPES	by	1962	1962-odyssey-first-burmese-types-by	1962-odyssey-first-burmese-types-by.pdf	1962-odyssey-first-burmese-types-by.txt	1962-odyssey-first-burmese-types-by.json	high	deferred_outside_phase1_scope	
1912-originburmese-brown1912-pdf	jbrs-ocr-0730	OriginBurmese-Brown1912.pdf	1912/OriginBurmese-Brown1912.pdf	data/working/ocr/jbrs/text/1912-originburmese-brown1912-pdf.txt	data/working/ocr/jbrs/metadata/1912-originburmese-brown1912-pdf.json	Burmese		1912					medium	needs_manual_review	
originkachins_hanson1912-01914909f6c3	jbrs-ocr-3341	OriginKachins-Hanson1912.pdf	Burmese/Burma JBRS/1912/OriginKachins-Hanson1912.pdf	data/working/ocr/jbrs/text/originkachins_hanson1912-01914909f6c3.txt	data/working/ocr/jbrs/metadata/originkachins_hanson1912-01914909f6c3.json	THE ORIGIN OF THE KACHINS.* The Kachins occupy a large and fertile territory extend ing from the 29th parallel north to…		1912					medium	needs_manual_review	
1921-pagan-enriquez1921-pdf	jbrs-ocr-0923	Pagan-Enriquez1921.pdf	1921/Pagan-Enriquez1921.pdf	data/working/ocr/jbrs/text/1921-pagan-enriquez1921-pdf.txt	data/working/ocr/jbrs/metadata/1921-pagan-enriquez1921-pdf.json	PAGAN. BY MAJOR C. M. ENRIQUEZ, Few places inspire the imagination so vividly as Pagan. It is saturated with old associ…	MAJOR C. M. ENRIQUEZ	1921	1921-pagan-major-c-m-enriquez-few-places-inspire-major-c-m-enriquez	1921-pagan-major-c-m-enriquez-few-places-inspire-major-c-m-enriquez.pdf	1921-pagan-major-c-m-enriquez-few-places-inspire-major-c-m-enriquez.txt	1921-pagan-major-c-m-enriquez-few-places-inspire-major-c-m-enriquez.json	high	deferred_outside_phase1_scope	
1976-paganrestoration-thantun1976-pdf	jbrs-ocr-1598	PaganRestoration-ThanTun1976.pdf	1976/PaganRestoration-ThanTun1976.pdf	data/working/ocr/jbrs/text/1976-paganrestoration-thantun1976-pdf.txt	data/working/ocr/jbrs/metadata/1976-paganrestoration-thantun1976-pdf.json	PAGAN RESTORATION'	by	1976	1976-pagan-restoration-by	1976-pagan-restoration-by.pdf	1976-pagan-restoration-by.txt	1976-pagan-restoration-by.json	high	deferred_outside_phase1_scope	
paganrestoration_thantun1976-a533abc3acb8	jbrs-ocr-3342	PaganRestoration-ThanTun1976.pdf	Burmese/Burma JBRS/1976/PaganRestoration-ThanTun1976.pdf	data/working/ocr/jbrs/text/paganrestoration_thantun1976-a533abc3acb8.txt	data/working/ocr/jbrs/metadata/paganrestoration_thantun1976-a533abc3acb8.json	PAGAN RESTORATION'	by	1976	1976-pagan-restoration-by-scan-2	1976-pagan-restoration-by-scan-2.pdf	1976-pagan-restoration-by-scan-2.txt	1976-pagan-restoration-by-scan-2.json	high	deferred_outside_phase1_scope	collision_with=1976-pagan-restoration-by
1948-pagansittan1-in-burmese-furnivall1948-pdf	jbrs-ocr-1307	PaganSittan1(in Burmese)-Furnivall1948.pdf	1948/PaganSittan1(in Burmese)-Furnivall1948.pdf	data/working/ocr/jbrs/text/1948-pagansittan1-in-burmese-furnivall1948-pdf.txt	data/working/ocr/jbrs/metadata/1948-pagansittan1-in-burmese-furnivall1948-pdf.json	ပုဂံမြို့စစ်တန်း [မစ္စတာ ဂျေ၊အိုစ်၊ဖါနိဗဲလ်၏ စစ်တန်းစာအုပ်ကြီးမှ ရေးကူး ပုံနှိပ်ပါသည်။ ၁၁၂၇ ခု ပေမှ စစ်တန်း နမော တဿ ဘဂဝ…		1948					medium	needs_manual_review	
1950-pagansittan1-in-burmese-furnivall1950-pdf	jbrs-ocr-1320	PaganSittan1(in Burmese)-Furnivall1950.pdf	1950/PaganSittan1(in Burmese)-Furnivall1950.pdf	data/working/ocr/jbrs/text/1950-pagansittan1-in-burmese-furnivall1950-pdf.txt	data/working/ocr/jbrs/metadata/1950-pagansittan1-in-burmese-furnivall1950-pdf.json	၃ ၉ ခု မြို့စီတန်း {ယခင်စာစောင်မှ ဆေ။] တောင်ဘက်တန်းခေါင်း ရာစက္ကပို သို့ ၄ အသက် ၄၅ သူကို စစ်		1950					medium	needs_manual_review	
1950-pagansittan2-in-burmese-furnivall1950-pdf	jbrs-ocr-1321	PaganSittan2(in Burmese)-Furnivall1950.pdf	1950/PaganSittan2(in Burmese)-Furnivall1950.pdf	data/working/ocr/jbrs/text/1950-pagansittan2-in-burmese-furnivall1950-pdf.txt	data/working/ocr/jbrs/metadata/1950-pagansittan2-in-burmese-furnivall1950-pdf.json	ပုဂံမြို့စစ်တန်း (မစ္စတာ ဂျေးအဲ စ်၊ဖါနိဗဲလ်၏ စစ်တန်းစာအုပ်ကြီးမှ ရေးဖူး ပုံနှိပါသည်။) ၁၁၂၇ ခု ပေမူ စစ်တန်း ယခင်စာစောင်မ…		1950					medium	needs_manual_review	
1963-paliburmesenissaya-tinlwin1963-pdf	jbrs-ocr-1479	PaliBurmeseNissaya-TinLwin1963.pdf	1963/PaliBurmeseNissaya-TinLwin1963.pdf	data/working/ocr/jbrs/text/1963-pali-burmese-nissaya-tin-lwin.txt	data/working/ocr/jbrs/metadata/1963-pali-burmese-nissaya-tin-lwin.json	PALI BURMESE NISSAYA*	U TIN LWIN**	1963	1963-pali-burmese-nissaya-tin-lwin	1963-pali-burmese-nissaya-tin-lwin.pdf	1963-pali-burmese-nissaya-tin-lwin.txt	1963-pali-burmese-nissaya-tin-lwin.json	high	renamed_in_repo	
1975-palimonpagan1-luce1975-pdf	jbrs-ocr-1591	PaliMonPagan1-Luce1975.pdf	1975/PaliMonPagan1-Luce1975.pdf	data/working/ocr/jbrs/text/1975-palimonpagan1-luce1975-pdf.txt	data/working/ocr/jbrs/metadata/1975-palimonpagan1-luce1975-pdf.json	PALI & OLD MON INK GLOSSES IN PAGÁN TEMPLES 1 Preface	CONTENTS	1975	1975-pali-old-mon-ink-glosses-pag-n-temples-contents	1975-pali-old-mon-ink-glosses-pag-n-temples-contents.pdf	1975-pali-old-mon-ink-glosses-pag-n-temples-contents.txt	1975-pali-old-mon-ink-glosses-pag-n-temples-contents.json	high	deferred_outside_phase1_scope	
1976-palimonpagan1-luce1976-pdf	jbrs-ocr-1599	PaliMonPagan1-Luce1976.pdf	1976/PaliMonPagan1-Luce1976.pdf	data/working/ocr/jbrs/text/1976-palimonpagan1-luce1976-pdf.txt	data/working/ocr/jbrs/metadata/1976-palimonpagan1-luce1976-pdf.json	PALI & OLD MON INK GLOSSES IN PAGÁN TEMPLES 1 Preface	CONTENTS	1976	1976-pali-old-mon-ink-glosses-pag-n-temples-contents	1976-pali-old-mon-ink-glosses-pag-n-temples-contents.pdf	1976-pali-old-mon-ink-glosses-pag-n-temples-contents.txt	1976-pali-old-mon-ink-glosses-pag-n-temples-contents.json	high	deferred_outside_phase1_scope	
1975-palimonpagan2-luce1975-pdf	jbrs-ocr-1592	PaliMonPagan2-Luce1975.pdf	1975/PaliMonPagan2-Luce1975.pdf	data/working/ocr/jbrs/text/1975-palimonpagan2-luce1975-pdf.txt	data/working/ocr/jbrs/metadata/1975-palimonpagan2-luce1975-pdf.json	PALI & OLD MON INK GLOSSES IN PAGÁN TEMPLES	CONTENTS	1975	1975-pali-old-mon-ink-glosses-pag-n-temples-contents-scan-2	1975-pali-old-mon-ink-glosses-pag-n-temples-contents-scan-2.pdf	1975-pali-old-mon-ink-glosses-pag-n-temples-contents-scan-2.txt	1975-pali-old-mon-ink-glosses-pag-n-temples-contents-scan-2.json	high	deferred_outside_phase1_scope	collision_with=1975-pali-old-mon-ink-glosses-pag-n-temples-contents
1976-palimonpagan2-luce1976-pdf	jbrs-ocr-1600	PaliMonPagan2-Luce1976.pdf	1976/PaliMonPagan2-Luce1976.pdf	data/working/ocr/jbrs/text/1976-palimonpagan2-luce1976-pdf.txt	data/working/ocr/jbrs/metadata/1976-palimonpagan2-luce1976-pdf.json	PALI & OLD MON INK GLOSSES IN PAGÁN TEMPLES	CONTENTS	1976	1976-pali-old-mon-ink-glosses-pag-n-temples-contents-scan-2	1976-pali-old-mon-ink-glosses-pag-n-temples-contents-scan-2.pdf	1976-pali-old-mon-ink-glosses-pag-n-temples-contents-scan-2.txt	1976-pali-old-mon-ink-glosses-pag-n-temples-contents-scan-2.json	high	deferred_outside_phase1_scope	collision_with=1976-pali-old-mon-ink-glosses-pag-n-temples-contents
193078-6feeee7af9fa	jbrs-ocr-1137	PeMaungTin 1929 PhilologicalFeaturesOfBurmeseInscriptions_1929.pdf	Pe Maung Tin/PeMaungTin 1929 PhilologicalFeaturesOfBurmeseInscriptions_1929.pdf	data/working/ocr/jbrs/text/193078-6feeee7af9fa.txt	data/working/ocr/jbrs/metadata/193078-6feeee7af9fa.json	PHILOLOGICAL FEATURES OF THE INSCRIPTIONS	VII	1929	1929-philological-features-inscriptions-vii	1929-philological-features-inscriptions-vii.pdf	1929-philological-features-inscriptions-vii.txt	1929-philological-features-inscriptions-vii.json	high	deferred_outside_phase1_scope	
201020-29b619f739e5	jbrs-ocr-1615	PeMaungTin 1930 OldWordsInBurmeseInscriptions.pdf	Pe Maung Tin/PeMaungTin 1930 OldWordsInBurmeseInscriptions.pdf	data/working/ocr/jbrs/text/201020-29b619f739e5.txt	data/working/ocr/jbrs/metadata/201020-29b619f739e5.json	SOME OLD WORDS IN THE INSCRIPTIONS. It is a pleasure to find so many old Burmese words and expres sions in the Inscript…	No. IX	1930	1930-some-old-words-inscriptions-it-is-pleasure-find-no-ix	1930-some-old-words-inscriptions-it-is-pleasure-find-no-ix.pdf	1930-some-old-words-inscriptions-it-is-pleasure-find-no-ix.txt	1930-some-old-words-inscriptions-it-is-pleasure-find-no-ix.json	high	deferred_outside_phase1_scope	
253149-88495e2fcca1	jbrs-ocr-1725	PeMaungTin 1935 WomenInTheInscriptionsOfPagan.pdf	Pe Maung Tin/PeMaungTin 1935 WomenInTheInscriptionsOfPagan.pdf	data/working/ocr/jbrs/text/253149-88495e2fcca1.txt	data/working/ocr/jbrs/metadata/253149-88495e2fcca1.json	Women in the Inscriptions of Pagan* It may be said without fear of contradiction that the dynasty of Pagan built more p…	U Pe Maung Tin	1935	1935-women-inscriptions-pagan-it-may-be-said-without-pe-maung-tin-scan-2	1935-women-inscriptions-pagan-it-may-be-said-without-pe-maung-tin-scan-2.pdf	1935-women-inscriptions-pagan-it-may-be-said-without-pe-maung-tin-scan-2.txt	1935-women-inscriptions-pagan-it-may-be-said-without-pe-maung-tin-scan-2.json	high	deferred_outside_phase1_scope	duplicate_of=1935-womeninscriptionspagan-pemaungtin1935-pdf; collision_with=1935-women-inscriptions-pagan-it-may-be-said-without-pe-maung-tin
261052-0eaebe68d937	jbrs-ocr-1732	PeMaungTin 1936 BuddhismInTheInscriptionsOfPagan.pdf	Pe Maung Tin/PeMaungTin 1936 BuddhismInTheInscriptionsOfPagan.pdf	data/working/ocr/jbrs/text/261052-0eaebe68d937.txt	data/working/ocr/jbrs/metadata/261052-0eaebe68d937.json	Buddhism in the Inscriptions of Pagan The numerous temples and pagodas which still attract visitors to Pagan bear silen…	U Pe Maung Tin	1936	1936-buddhism-inscriptions-pagan-numerous-temples-pagodas-which-still-pe-maung-tin-scan-2	1936-buddhism-inscriptions-pagan-numerous-temples-pagodas-which-still-pe-maung-tin-scan-2.pdf	1936-buddhism-inscriptions-pagan-numerous-temples-pagodas-which-still-pe-maung-tin-scan-2.txt	1936-buddhism-inscriptions-pagan-numerous-temples-pagodas-which-still-pe-maung-tin-scan-2.json	high	deferred_outside_phase1_scope	collision_with=1936-buddhism-inscriptions-pagan-numerous-temples-pagodas-which-still-pe-maung-tin
1930-pemaungtin-1930-oldwordsininscriptions-pdf	jbrs-ocr-1127	PeMaungTin-1930-OldWordsinInscriptions.pdf	1930/PeMaungTin-1930-OldWordsinInscriptions.pdf	data/working/ocr/jbrs/text/1930-pemaungtin-1930-oldwordsininscriptions-pdf.txt	data/working/ocr/jbrs/metadata/1930-pemaungtin-1930-oldwordsininscriptions-pdf.json	ကျောက်စာ စကားဟောင်းများ။ နံပါတ် ၄။ [No	U Pe Maung Tin	1930	1930-no-pe-maung-tin	1930-no-pe-maung-tin.pdf	1930-no-pe-maung-tin.txt	1930-no-pe-maung-tin.json	high	deferred_outside_phase1_scope	
162099-09fa859801f5	jbrs-ocr-0585	Pegu-Hall1926.pdf	Burmese/Burma JBRS/1926/Pegu-Hall1926.pdf	data/working/ocr/jbrs/text/162099-09fa859801f5.txt	data/working/ocr/jbrs/metadata/162099-09fa859801f5.json	A Brief Account of the Kingdom of Pegu	D. G. E. Hall	1926	1926-brief-account-kingdom-pegu-d-g-e-hall	1926-brief-account-kingdom-pegu-d-g-e-hall.pdf	1926-brief-account-kingdom-pegu-d-g-e-hall.txt	1926-brief-account-kingdom-pegu-d-g-e-hall.json	high	deferred_outside_phase1_scope	
pegu2_macgregor1926-625dc5cf6a01	jbrs-ocr-3344	Pegu2-Macgregor1926.pdf	Burmese/Burma JBRS/1926/Pegu2-Macgregor1926.pdf	data/working/ocr/jbrs/text/pegu2_macgregor1926-625dc5cf6a01.txt	data/working/ocr/jbrs/metadata/pegu2_macgregor1926-625dc5cf6a01.json	101 A BRIEF ACCOUNT OF THE KINGDOM OF PEGU. A BRIEF ACCOUNT OF THE KINGDOM OF PEGU. [ Extracts from Mr		1926					medium	needs_manual_review	
1932-phayreavajournal-hall1932-pdf	jbrs-ocr-1169	PhayreAvaJournal-Hall1932.pdf	1932/PhayreAvaJournal-Hall1932.pdf	data/working/ocr/jbrs/text/1932-phayreavajournal-hall1932-pdf.txt	data/working/ocr/jbrs/metadata/1932-phayreavajournal-hall1932-pdf.json	PHAYRE'S PRIVATE JOURNAL OF HIS MISSION TO AVA IN . TRANSCRIBED WITH NOTES AND AN INTRODUCTORY NOTE BY D.G.E	D. G. E. Hall	1932	1932-phayre-s-private-journal-his-mission-ava-transcribed-d-g-e-hall	1932-phayre-s-private-journal-his-mission-ava-transcribed-d-g-e-hall.pdf	1932-phayre-s-private-journal-his-mission-ava-transcribed-d-g-e-hall.txt	1932-phayre-s-private-journal-his-mission-ava-transcribed-d-g-e-hall.json	high	deferred_outside_phase1_scope	
piquantsplendours_bahan1967-4f2fcdb639cc	jbrs-ocr-3345	PiquantSplendours_BaHan1967.pdf	Burmese/Burma JBRS/1967/PiquantSplendours_BaHan1967.pdf	data/working/ocr/jbrs/text/piquantsplendours_bahan1967-4f2fcdb639cc.txt	data/working/ocr/jbrs/metadata/piquantsplendours_bahan1967-4f2fcdb639cc.json	PIQUANT SPLENDOURS OF THE BURMESE	FAMILY LIFE OF OLD*	1967	1967-piquant-splendours-burmese-family-life-of-old	1967-piquant-splendours-burmese-family-life-of-old.pdf	1967-piquant-splendours-burmese-family-life-of-old.txt	1967-piquant-splendours-burmese-family-life-of-old.json	high	deferred_outside_phase1_scope	
populationwaves_bemardelli1941-95db8a26c61b	jbrs-ocr-3346	PopulationWaves-Bemardelli1941.pdf	Burmese/Burma JBRS/1941/PopulationWaves-Bemardelli1941.pdf	data/working/ocr/jbrs/text/populationwaves_bemardelli1941-95db8a26c61b.txt	data/working/ocr/jbrs/metadata/populationwaves_bemardelli1941-95db8a26c61b.json	geometric progression, the interest law, or according to VERHULST-PEARL	POPULATION WAVES*	1941	1941-geometric-progression-interest-law-according-verhulst-pearl-population-waves	1941-geometric-progression-interest-law-according-verhulst-pearl-population-waves.pdf	1941-geometric-progression-interest-law-according-verhulst-pearl-population-waves.txt	1941-geometric-progression-interest-law-according-verhulst-pearl-population-waves.json	high	deferred_outside_phase1_scope	
1936-prayersburma-luce1936-pdf	jbrs-ocr-1227	PrayersBurma-Luce1936.pdf	1936/PrayersBurma-Luce1936.pdf	data/working/ocr/jbrs/text/1936-prayersburma-luce1936-pdf.txt	data/working/ocr/jbrs/metadata/1936-prayersburma-luce1936-pdf.json	Prayers of Ancient Burma	G. H. Luce	1936	1936-prayers-ancient-burma-g-h-luce	1936-prayers-ancient-burma-g-h-luce.pdf	1936-prayers-ancient-burma-g-h-luce.txt	1936-prayers-ancient-burma-g-h-luce.json	high	deferred_outside_phase1_scope	
pyuinscriptions_blagden1917-61a4832bfac2	jbrs-ocr-3347	PyuInscriptions-Blagden1917.pdf	Burmese/Burma JBRS/1917/PyuInscriptions-Blagden1917.pdf	data/working/ocr/jbrs/text/pyuinscriptions_blagden1917-61a4832bfac2.txt	data/working/ocr/jbrs/metadata/pyuinscriptions_blagden1917-61a4832bfac2.json	"THE ""PYU” INSCRIPTIONS"	C. O. Blagden	1917	1917-pyu-inscriptions-c-o-blagden	1917-pyu-inscriptions-c-o-blagden.pdf	1917-pyu-inscriptions-c-o-blagden.txt	1917-pyu-inscriptions-c-o-blagden.json	high	deferred_outside_phase1_scope	
1933-ramblesamongruyinsmrauku-sanbaw1933-pdf	jbrs-ocr-1188	RamblesAmongRuyinsMraukU-Sanbaw1933.pdf	1933/RamblesAmongRuyinsMraukU-Sanbaw1933.pdf	data/working/ocr/jbrs/text/1933-ramblesamongruyinsmrauku-sanbaw1933-pdf.txt	data/working/ocr/jbrs/metadata/1933-ramblesamongruyinsmrauku-sanbaw1933-pdf.json	Amongst the ruins of the Golden City of Myauk U	MY RAMBLES	1933	1933-amongst-ruins-golden-city-myauk-u-my-rambles	1933-amongst-ruins-golden-city-myauk-u-my-rambles.pdf	1933-amongst-ruins-golden-city-myauk-u-my-rambles.txt	1933-amongst-ruins-golden-city-myauk-u-my-rambles.json	high	deferred_outside_phase1_scope	
1932-sakaerapagan-pemaungtin1932-pdf	jbrs-ocr-1171	SakaEraPagan-PeMaungTin1932.pdf	1932/SakaEraPagan-PeMaungTin1932.pdf	data/working/ocr/jbrs/text/1932-sakaerapagan-pemaungtin1932-pdf.txt	data/working/ocr/jbrs/metadata/1932-sakaerapagan-pemaungtin1932-pdf.json	THE SAKA ERA IN PAGAN	U Pe Maung Tin	1932	1932-saka-era-pagan-pe-maung-tin	1932-saka-era-pagan-pe-maung-tin.pdf	1932-saka-era-pagan-pe-maung-tin.txt	1932-saka-era-pagan-pe-maung-tin.json	high	deferred_outside_phase1_scope	
1920-sayabe-1920-burmese-apocalypse-pdf	jbrs-ocr-0897	SayaBe-1920-burmese-apocalypse.pdf	1920/SayaBe-1920-burmese-apocalypse.pdf	data/working/ocr/jbrs/text/1920-sayabe-1920-burmese-apocalypse-pdf.txt	data/working/ocr/jbrs/metadata/1920-sayabe-1920-burmese-apocalypse-pdf.json	62 THE ERA OF DECAY	THE ERA OF DECAY	1920	1920-62-era-decay-the-era-of-decay	1920-62-era-decay-the-era-of-decay.pdf	1920-62-era-decay-the-era-of-decay.txt	1920-62-era-decay-the-era-of-decay.json	high	deferred_outside_phase1_scope	
1960-shanfolktales-saimong1960-pdf	jbrs-ocr-1437	ShanFolktales-Saimong1960.pdf	1960/ShanFolktales-Saimong1960.pdf	data/working/ocr/jbrs/text/1960-shanfolktales-saimong1960-pdf.txt	data/working/ocr/jbrs/metadata/1960-shanfolktales-saimong1960-pdf.json	The Owl and the Crow	SHAN FOLK TALES	1960	1960-owl-crow-shan-folk-tales	1960-owl-crow-shan-folk-tales.pdf	1960-owl-crow-shan-folk-tales.txt	1960-owl-crow-shan-folk-tales.json	high	deferred_outside_phase1_scope	
1920-shwegugyiinscription-luce1920-pdf	jbrs-ocr-0898	ShwegugyiInscription-Luce1920.pdf	1920/ShwegugyiInscription-Luce1920.pdf	data/working/ocr/jbrs/text/1920-shwegugyi-pagoda-inscription-pagan-1141-d-g-h-luce.txt	data/working/ocr/jbrs/metadata/1920-shwegugyi-pagoda-inscription-pagan-1141-d-g-h-luce.json	THE SHWEGUGYI PAGODA INSCRIPTION, PAGAN, 1141, A.D	G. H. Luce	1920	1920-shwegugyi-pagoda-inscription-pagan-1141-d-g-h-luce	1920-shwegugyi-pagoda-inscription-pagan-1141-d-g-h-luce.pdf	1920-shwegugyi-pagoda-inscription-pagan-1141-d-g-h-luce.txt	1920-shwegugyi-pagoda-inscription-pagan-1141-d-g-h-luce.json	high	renamed_in_repo	
1938-siamburma-inburmese1938-pdf	jbrs-ocr-1254	SiamBurma_inBurmese1938.pdf	1938/SiamBurma_inBurmese1938.pdf	data/working/ocr/jbrs/text/1938-siamburma-inburmese1938-pdf.txt	data/working/ocr/jbrs/metadata/1938-siamburma-inburmese1938-pdf.json	INTERCOURSE BETWEEN SIAM AND BURMA. The present translation is the second installment of the translation of such portio…		1938					medium	needs_manual_review	
1938-siamburma-inburmese1938b-pdf	jbrs-ocr-1255	SiamBurma_inBurmese1938B.pdf	1938/SiamBurma_inBurmese1938B.pdf	data/working/ocr/jbrs/text/1938-siamburma-inburmese1938b-pdf.txt	data/working/ocr/jbrs/metadata/1938-siamburma-inburmese1938b-pdf.json	Eastward		1938					medium	needs_manual_review	
1923-slapatrajawonmonhistory1-halliday1923-pdf	jbrs-ocr-1000	SlapatRajawonMonHistory1-Halliday1923.pdf	1923/SlapatRajawonMonHistory1-Halliday1923.pdf	data/working/ocr/jbrs/text/1923-slapatrajawonmonhistory1-halliday1923-pdf.txt	data/working/ocr/jbrs/metadata/1923-slapatrajawonmonhistory1-halliday1923-pdf.json	With Text, Translation, and Notes	A HISTORY OF KINGS	1923	1923-text-translation-notes-a-history-of-kings	1923-text-translation-notes-a-history-of-kings.pdf	1923-text-translation-notes-a-history-of-kings.txt	1923-text-translation-notes-a-history-of-kings.json	high	deferred_outside_phase1_scope	
1923-slapatrajawonmonhistory2-halliday1923-pdf	jbrs-ocr-1001	SlapatRajawonMonHistory2-Halliday1923.pdf	1923/SlapatRajawonMonHistory2-Halliday1923.pdf	data/working/ocr/jbrs/text/1923-slapatrajawonmonhistory2-halliday1923-pdf.txt	data/working/ocr/jbrs/metadata/1923-slapatrajawonmonhistory2-halliday1923-pdf.json	TRANSLATION. Namo tassa bhagavato arahato sammasambuddhassa.¹ Rājāmunindam tiloka aggam, dhammañca sanghañca namāmi aha…	A HISTORY OF KINGS	1923	1923-translation-namo-tassa-bhagavato-arahato-sammasambuddhassa-r-j-a-history-of-kings	1923-translation-namo-tassa-bhagavato-arahato-sammasambuddhassa-r-j-a-history-of-kings.pdf	1923-translation-namo-tassa-bhagavato-arahato-sammasambuddhassa-r-j-a-history-of-kings.txt	1923-translation-namo-tassa-bhagavato-arahato-sammasambuddhassa-r-j-a-history-of-kings.json	high	deferred_outside_phase1_scope	
1920-smallertemplespagan-luce1920-pdf	jbrs-ocr-0899	SmallerTemplesPagan-Luce1920.pdf	1920/SmallerTemplesPagan-Luce1920.pdf	data/working/ocr/jbrs/text/1920-smallertemplespagan-luce1920-pdf.txt	data/working/ocr/jbrs/metadata/1920-smallertemplespagan-luce1920-pdf.json	THE SMALLER TEMPLES OF PAGAN	I	1920	1920-smaller-temples-pagan-i	1920-smaller-temples-pagan-i.pdf	1920-smaller-temples-pagan-i.txt	1920-smaller-temples-pagan-i.json	high	deferred_outside_phase1_scope	
1976-sonauttara-saimong1976-pdf	jbrs-ocr-1601	SonaUttara-Saimong1976.pdf	1976/SonaUttara-Saimong1976.pdf	data/working/ocr/jbrs/text/1976-sonauttara-saimong1976-pdf.txt	data/working/ocr/jbrs/metadata/1976-sonauttara-saimong1976-pdf.json	Did Sona and Uttara Come to Lower Burma ?	Sao Saimong Mangrai*	1976	1976-did-sona-uttara-come-lower-burma-sao-saimong-mangrai	1976-did-sona-uttara-come-lower-burma-sao-saimong-mangrai.pdf	1976-did-sona-uttara-come-lower-burma-sao-saimong-mangrai.txt	1976-did-sona-uttara-come-lower-burma-sao-saimong-mangrai.json	high	deferred_outside_phase1_scope	
1965-stoneinscriptionssale-swere1965-pdf	jbrs-ocr-1514	StoneInscriptionsSale-Swere1965.pdf	1965/StoneInscriptionsSale-Swere1965.pdf	data/working/ocr/jbrs/text/1965-stoneinscriptionssale-swere1965-pdf.txt	data/working/ocr/jbrs/metadata/1965-stoneinscriptionssale-swere1965-pdf.json	စလေမြို့နှင့် အနီးတဝိုက်ရှိ ကျောက်စာများ ကျွန်ုပ်တို့သည် ရှေးဖြစ်ဟောင်း အကြောင်းရပ် များကို သိရှိလိုလျှင် သက်ကြီးဝါကြီး…		1965					medium	needs_manual_review	
stoneinscriptionssale_swere1965-1c981765c5c3	jbrs-ocr-3348	StoneInscriptionsSale-Swere1965.pdf	Burmese/Burma JBRS/1965/StoneInscriptionsSale-Swere1965.pdf	data/working/ocr/jbrs/text/stoneinscriptionssale_swere1965-1c981765c5c3.txt	data/working/ocr/jbrs/metadata/stoneinscriptionssale_swere1965-1c981765c5c3.json	စလေမြို့နှင့် အနီးတဝိုက်ရှိ ကျောက်စာများ ကျွန်ုပ်တို့သည် ရှေးဖြစ်ဟောင်း အကြောင်းရပ် များကို သိရှိလိုလျှင် သက်ကြီးဝါကြီး…		1965					medium	needs_manual_review	
1912-talaingepigraphy-blagden1912-pdf	jbrs-ocr-0733	TalaingEpigraphy-Blagden1912.pdf	1912/TalaingEpigraphy-Blagden1912.pdf	data/working/ocr/jbrs/text/1912-talaingepigraphy-blagden1912-pdf.txt	data/working/ocr/jbrs/metadata/1912-talaingepigraphy-blagden1912-pdf.json	NOTES ON TALAING EPIGRAPHY. BY C. O. BLAGDEN, Straits Settlements Civil Service (Retired.) Some apology is due to the S…	NOTES ON TALAING EPIGRAPHY	1912	1912-notes-talaing-epigraphy-c-o-blagden-straits-settlements-notes-on-talaing-epigraphy	1912-notes-talaing-epigraphy-c-o-blagden-straits-settlements-notes-on-talaing-epigraphy.pdf	1912-notes-talaing-epigraphy-c-o-blagden-straits-settlements-notes-on-talaing-epigraphy.txt	1912-notes-talaing-epigraphy-c-o-blagden-straits-settlements-notes-on-talaing-epigraphy.json	high	deferred_outside_phase1_scope	
1928-talainginscription-blagden1928-pdf	jbrs-ocr-1090	TalaingInscription-Blagden1928.pdf	1928/TalaingInscription-Blagden1928.pdf	data/working/ocr/jbrs/text/1928-talainginscription-blagden1928-pdf.txt	data/working/ocr/jbrs/metadata/1928-talainginscription-blagden1928-pdf.json	TALAING INSCRIPTION IN A BELL CAST BY	ANAUPPET-LUN MIN	1928	1928-talaing-inscription-bell-cast-anauppet-lun-min	1928-talaing-inscription-bell-cast-anauppet-lun-min.pdf	1928-talaing-inscription-bell-cast-anauppet-lun-min.txt	1928-talaing-inscription-bell-cast-anauppet-lun-min.json	high	deferred_outside_phase1_scope	
taungthas_thantin1928-8a181c04fc05	jbrs-ocr-3349	Taungthas-ThanTin1928.pdf	Burmese/Burma JBRS/1928/Taungthas-ThanTin1928.pdf	data/working/ocr/jbrs/text/taungthas_thantin1928-8a181c04fc05.txt	data/working/ocr/jbrs/metadata/taungthas_thantin1928-8a181c04fc05.json	<< A SHORT ACCOUNT OF TAUNGTHAS. Taungthas are a peculiar race found mainly in the Tilin township but occurring also no…		1928					medium	needs_manual_review	
1976-thatonexcavation-naipanhla1976-pdf	jbrs-ocr-1602	ThatonExcavation-NaiPanHla1976.pdf	1976/ThatonExcavation-NaiPanHla1976.pdf	data/working/ocr/jbrs/text/1976-thatonexcavation-naipanhla1976-pdf.txt	data/working/ocr/jbrs/metadata/1976-thatonexcavation-naipanhla1976-pdf.json	165 Editor's Note on Excavation of Old Thaton The Archaeological Survey of Burma had conducted three field seasons in ,…		1976					medium	needs_manual_review	
432097-cd71b0e9e12b	jbrs-ocr-1961	Thrones-YiYi1960.pdf	Burmese/Burma JBRS/1960/Thrones-YiYi1960.pdf	data/working/ocr/jbrs/text/432097-cd71b0e9e12b.txt	data/working/ocr/jbrs/metadata/432097-cd71b0e9e12b.json	THE THRONES OF THE BURMESE KINGS*	by	1960	1960-thrones-burmese-kings-by	1960-thrones-burmese-kings-by.pdf	1960-thrones-burmese-kings-by.txt	1960-thrones-burmese-kings-by.json	high	deferred_outside_phase1_scope	
1920-vajrabuddhipaganyazawin-duroiselle1920-pdf	jbrs-ocr-0901	VajrabuddhiPaganYazawin-Duroiselle1920.pdf	1920/VajrabuddhiPaganYazawin-Duroiselle1920.pdf	data/working/ocr/jbrs/text/1920-vajrabuddhipaganyazawin-duroiselle1920-pdf.txt	data/working/ocr/jbrs/metadata/1920-vajrabuddhipaganyazawin-duroiselle1920-pdf.json	Arī	Charles Duroiselle	1920	1920-ar-charles-duroiselle	1920-ar-charles-duroiselle.pdf	1920-ar-charles-duroiselle.txt	1920-ar-charles-duroiselle.json	high	deferred_outside_phase1_scope	
1955-warswithburmese1-damrong1956-pdf	jbrs-ocr-1364	WarsWithBurmese1-Damrong1956.pdf	1955/WarsWithBurmese1-Damrong1956.pdf	data/working/ocr/jbrs/text/1955-our-wars-burmese-by.txt	data/working/ocr/jbrs/metadata/1955-our-wars-burmese-by.json	OUR WARS WITH THE BURMESE¹	by	1955	1955-our-wars-burmese-by	1955-our-wars-burmese-by.pdf	1955-our-wars-burmese-by.txt	1955-our-wars-burmese-by.json	high	renamed_in_repo	
1957-warswithburmese2-damrong1957-pdf	jbrs-ocr-1394	WarsWithBurmese2-Damrong1957.pdf	1957/WarsWithBurmese2-Damrong1957.pdf	data/working/ocr/jbrs/text/1957-warswithburmese2-damrong1957-pdf.txt	data/working/ocr/jbrs/metadata/1957-warswithburmese2-damrong1957-pdf.json	OUR WARS WITH THE BURMESE (Row Robe Phama in Thai by Prince Damrong)	translated into English	1957	1957-our-wars-burmese-row-robe-phama-thai-prince-translated-into-english	1957-our-wars-burmese-row-robe-phama-thai-prince-translated-into-english.pdf	1957-our-wars-burmese-row-robe-phama-thai-prince-translated-into-english.txt	1957-our-wars-burmese-row-robe-phama-thai-prince-translated-into-english.json	high	deferred_outside_phase1_scope	
1957-warswithburmese3-damrong1957-pdf	jbrs-ocr-1395	WarsWithBurmese3-Damrong1957.pdf	1957/WarsWithBurmese3-Damrong1957.pdf	data/working/ocr/jbrs/text/1957-warswithburmese3-damrong1957-pdf.txt	data/working/ocr/jbrs/metadata/1957-warswithburmese3-damrong1957-pdf.json	WAR No. 20 When the Burmese attacked Muang Saiyoke in Siamese territory. In the year of the hare, Buddha Era 2206		1957					medium	needs_manual_review	
1935-womeninscriptionspagan-pemaungtin1935-pdf	jbrs-ocr-1213	WomenInscriptionsPagan-PeMaungTin1935.pdf	1935/WomenInscriptionsPagan-PeMaungTin1935.pdf	data/working/ocr/jbrs/text/1935-womeninscriptionspagan-pemaungtin1935-pdf.txt	data/working/ocr/jbrs/metadata/1935-womeninscriptionspagan-pemaungtin1935-pdf.json	Women in the Inscriptions of Pagan* It may be said without fear of contradiction that the dynasty of Pagan built more p…	U Pe Maung Tin	1935	1935-women-inscriptions-pagan-it-may-be-said-without-pe-maung-tin	1935-women-inscriptions-pagan-it-may-be-said-without-pe-maung-tin.pdf	1935-women-inscriptions-pagan-it-may-be-said-without-pe-maung-tin.txt	1935-women-inscriptions-pagan-it-may-be-said-without-pe-maung-tin.json	high	deferred_outside_phase1_scope	duplicate_of=253149-88495e2fcca1
1919-writingburmesehistory-hall1919-pdf	jbrs-ocr-0879	WritingBurmeseHistory-Hall1919.pdf	1919/WritingBurmeseHistory-Hall1919.pdf	data/working/ocr/jbrs/text/1919-writingburmesehistory-hall1919-pdf.txt	data/working/ocr/jbrs/metadata/1919-writingburmesehistory-hall1919-pdf.json	Importance of History, especially at the present day	The	1919	1919-importance-history-especially-present-day-the	1919-importance-history-especially-present-day-the.pdf	1919-importance-history-especially-present-day-the.txt	1919-importance-history-especially-present-day-the.json	high	deferred_outside_phase1_scope	
yiyi_1962_judicial_system_of_king_mindon-050205a369f2	jbrs-ocr-3351	YiYi-1962-judicial-system-of-king-mindon.pdf	Burmese/Burma JBRS/1962/YiYi-1962-judicial-system-of-king-mindon.pdf	data/working/ocr/jbrs/text/yiyi_1962_judicial_system_of_king_mindon-050205a369f2.txt	data/working/ocr/jbrs/metadata/yiyi_1962_judicial_system_of_king_mindon-050205a369f2.json	THE JUDICIAL SYSTEM OF KING MINDON *	YI YI★★	1962	1962-judicial-system-king-mindon-yi-yi	1962-judicial-system-king-mindon-yi-yi.pdf	1962-judicial-system-king-mindon-yi-yi.txt	1962-judicial-system-king-mindon-yi-yi.json	high	deferred_outside_phase1_scope	
tosort-pe-maung-tin-development-of-burmese-language-pdf	jbrs-ocr-3350	pe-maung-tin-development-of-burmese-language.pdf	ToSort/pe-maung-tin-development-of-burmese-language.pdf	data/working/ocr/jbrs/text/tosort-pe-maung-tin-development-of-burmese-language-pdf.txt	data/working/ocr/jbrs/metadata/tosort-pe-maung-tin-development-of-burmese-language-pdf.json	A NOTE ON THE DEVELOPMENT OF THE BURMESE	LANGUAGE						low	needs_manual_review	
