frasch_ref_id	raw_reference	source_file	detected_entry_type	looks_like_bibliographic_reference	looks_like_catalogue_note	looks_like_body_text	length	has_author_signal	has_year_signal	has_title_signal	has_publication_signal	confidence	recommended_action	notes
frasch-ref-00001	Pl. I 9b	Bagan Epig Database.doc	catalogue_note	false	true	false	8	false	false	false	false	low	use_for_catalogue_evidence	
frasch-ref-00002	Luce/U Pe Maung Tin, BBHC 3, p. xxx	Bagan Epig Database.doc	unclear	false	false	false	35	false	false	true	true	low	manual_review	
frasch-ref-00003	Pl. I 25	Bagan Epig Database.doc	catalogue_note	false	true	false	8	false	false	false	false	low	use_for_catalogue_evidence	
frasch-ref-00004	OBI 2, p. 165	Bagan Epig Database.doc	catalogue_note	false	true	false	13	false	false	true	false	medium	use_for_catalogue_evidence	
frasch-ref-00005	List 1299a	Bagan Epig Database.doc	catalogue_note	false	true	false	10	false	false	false	false	low	use_for_catalogue_evidence	
frasch-ref-00006	Pl. I 30b	Bagan Epig Database.doc	catalogue_note	false	true	false	9	false	false	false	false	low	use_for_catalogue_evidence	
frasch-ref-00007	OBI 2, p. 189	Bagan Epig Database.doc	catalogue_note	false	true	false	13	false	false	true	false	medium	use_for_catalogue_evidence	
frasch-ref-00008	List 169b	Bagan Epig Database.doc	catalogue_note	false	true	false	9	false	false	false	false	low	use_for_catalogue_evidence	
frasch-ref-00009	A, p. 56	Bagan Epig Database.doc	catalogue_note	false	true	false	8	false	false	true	false	medium	use_for_catalogue_evidence	
frasch-ref-00010	Pl. I 63	Bagan Epig Database.doc	catalogue_note	false	true	false	8	false	false	false	false	low	use_for_catalogue_evidence	
frasch-ref-00011	OBI 1, p. 129	Bagan Epig Database.doc	catalogue_note	false	true	false	13	false	false	true	false	medium	use_for_catalogue_evidence	
frasch-ref-00012	UEM no. 26, p. 49	Bagan Epig Database.doc	catalogue_note	false	true	false	17	false	false	true	false	medium	use_for_catalogue_evidence	
frasch-ref-00013	List 185	Bagan Epig Database.doc	catalogue_note	false	true	false	8	false	false	false	false	low	use_for_catalogue_evidence	
frasch-ref-00014	PPA, p. 212	Bagan Epig Database.doc	catalogue_note	false	true	false	11	false	false	true	false	medium	use_for_catalogue_evidence	
frasch-ref-00015	TN, p. 98	Bagan Epig Database.doc	catalogue_note	false	true	false	9	false	false	true	false	medium	use_for_catalogue_evidence	
frasch-ref-00016	Pl. II 114b (top)	Bagan Epig Database.doc	catalogue_note	false	true	false	17	false	false	false	false	low	use_for_catalogue_evidence	
frasch-ref-00017	OBI 1, p. 353	Bagan Epig Database.doc	catalogue_note	false	true	false	13	false	false	true	false	medium	use_for_catalogue_evidence	
frasch-ref-00018	Pl. II 135b and Pl. V 602c	Bagan Epig Database.doc	catalogue_note	false	true	false	26	false	false	false	false	low	use_for_catalogue_evidence	
frasch-ref-00019	OBI 2, p. 11-13	Bagan Epig Database.doc	catalogue_note	false	true	false	15	false	false	true	false	medium	use_for_catalogue_evidence	
frasch-ref-00020	List not identified	Bagan Epig Database.doc	catalogue_note	false	true	false	19	false	false	false	false	low	use_for_catalogue_evidence	
frasch-ref-00021	Pl. III 232c	Bagan Epig Database.doc	catalogue_note	false	true	false	12	false	false	false	false	low	use_for_catalogue_evidence	
frasch-ref-00022	Pl. III 303	Bagan Epig Database.doc	catalogue_note	false	true	false	11	false	false	false	false	low	use_for_catalogue_evidence	
frasch-ref-00023	OBI 1, p. 19	Bagan Epig Database.doc	catalogue_note	false	true	false	12	false	false	true	false	medium	use_for_catalogue_evidence	
frasch-ref-00024	UEM, no. 1, p. 1	Bagan Epig Database.doc	catalogue_note	false	true	false	16	false	false	true	false	medium	use_for_catalogue_evidence	
frasch-ref-00025	RSASB 1926, p. 26	Bagan Epig Database.doc	unclear	false	false	false	17	false	true	true	false	low	manual_review	
frasch-ref-00026	Pl. III 304-305	Bagan Epig Database.doc	catalogue_note	false	true	false	15	false	false	false	false	low	use_for_catalogue_evidence	
frasch-ref-00027	OBI 2, p. 72-73	Bagan Epig Database.doc	catalogue_note	false	true	false	15	false	false	true	false	medium	use_for_catalogue_evidence	
frasch-ref-00028	copy (partly): List 116	Bagan Epig Database.doc	unclear	false	false	false	23	false	false	false	false	low	manual_review	
frasch-ref-00029	B 2, p. 621	Bagan Epig Database.doc	catalogue_note	false	true	false	11	false	false	true	false	medium	use_for_catalogue_evidence	
frasch-ref-00030	Pl. III 312a+b	Bagan Epig Database.doc	catalogue_note	false	true	false	14	false	false	false	false	low	use_for_catalogue_evidence	
frasch-ref-00031	OBI 2, p. 222-3	Bagan Epig Database.doc	catalogue_note	false	true	false	15	false	false	true	false	medium	use_for_catalogue_evidence	
frasch-ref-00032	Pl. III 313a	Bagan Epig Database.doc	catalogue_note	false	true	false	12	false	false	false	false	low	use_for_catalogue_evidence	
frasch-ref-00033	OBI 2, p. 255	Bagan Epig Database.doc	catalogue_note	false	true	false	13	false	false	true	false	medium	use_for_catalogue_evidence	
frasch-ref-00034	Pl. III 313b	Bagan Epig Database.doc	catalogue_note	false	true	false	12	false	false	false	false	low	use_for_catalogue_evidence	
frasch-ref-00035	OBI 2, p. 226	Bagan Epig Database.doc	catalogue_note	false	true	false	13	false	false	true	false	medium	use_for_catalogue_evidence	
frasch-ref-00036	Pl. III 314a	Bagan Epig Database.doc	catalogue_note	false	true	false	12	false	false	false	false	low	use_for_catalogue_evidence	
frasch-ref-00037	OBI 2, p. 227	Bagan Epig Database.doc	catalogue_note	false	true	false	13	false	false	true	false	medium	use_for_catalogue_evidence	
frasch-ref-00038	Pl. III 314b+c	Bagan Epig Database.doc	catalogue_note	false	true	false	14	false	false	false	false	low	use_for_catalogue_evidence	
frasch-ref-00039	OBI 2, p. 227	Bagan Epig Database.doc	catalogue_note	false	true	false	13	false	false	true	false	medium	use_for_catalogue_evidence	
frasch-ref-00040	Pl. III 315b	Bagan Epig Database.doc	catalogue_note	false	true	false	12	false	false	false	false	low	use_for_catalogue_evidence	
frasch-ref-00041	OBI 2, p. 228	Bagan Epig Database.doc	catalogue_note	false	true	false	13	false	false	true	false	medium	use_for_catalogue_evidence	
frasch-ref-00042	Pl. III 316a	Bagan Epig Database.doc	catalogue_note	false	true	false	12	false	false	false	false	low	use_for_catalogue_evidence	
frasch-ref-00043	OBI 2, p. 177	Bagan Epig Database.doc	catalogue_note	false	true	false	13	false	false	true	false	medium	use_for_catalogue_evidence	
frasch-ref-00044	Pl. III 317a+b	Bagan Epig Database.doc	catalogue_note	false	true	false	14	false	false	false	false	low	use_for_catalogue_evidence	
frasch-ref-00045	OBI 2, p. 229	Bagan Epig Database.doc	catalogue_note	false	true	false	13	false	false	true	false	medium	use_for_catalogue_evidence	
frasch-ref-00046	Pl. III 319a-c	Bagan Epig Database.doc	catalogue_note	false	true	false	14	false	false	false	false	low	use_for_catalogue_evidence	
frasch-ref-00047	OBI 2, p. 230	Bagan Epig Database.doc	catalogue_note	false	true	false	13	false	false	true	false	medium	use_for_catalogue_evidence	
frasch-ref-00048	Pl. III 321	Bagan Epig Database.doc	catalogue_note	false	true	false	11	false	false	false	false	low	use_for_catalogue_evidence	
frasch-ref-00049	OBI 3, p. 4	Bagan Epig Database.doc	catalogue_note	false	true	false	11	false	false	true	false	medium	use_for_catalogue_evidence	
frasch-ref-00050	Pl. III 322	Bagan Epig Database.doc	catalogue_note	false	true	false	11	false	false	false	false	low	use_for_catalogue_evidence	
frasch-ref-00051	OBI 2, p. 232	Bagan Epig Database.doc	catalogue_note	false	true	false	13	false	false	true	false	medium	use_for_catalogue_evidence	
frasch-ref-00052	Pl. III 323a	Bagan Epig Database.doc	catalogue_note	false	true	false	12	false	false	false	false	low	use_for_catalogue_evidence	
frasch-ref-00053	OBI 2, p. 233	Bagan Epig Database.doc	catalogue_note	false	true	false	13	false	false	true	false	medium	use_for_catalogue_evidence	
frasch-ref-00054	Pl. III 324b	Bagan Epig Database.doc	catalogue_note	false	true	false	12	false	false	false	false	low	use_for_catalogue_evidence	
frasch-ref-00055	OBI 2, p. 219	Bagan Epig Database.doc	catalogue_note	false	true	false	13	false	false	true	false	medium	use_for_catalogue_evidence	
frasch-ref-00056	Pl. III 326 (l. 1-12)	Bagan Epig Database.doc	catalogue_note	false	true	false	21	false	false	false	false	low	use_for_catalogue_evidence	
frasch-ref-00057	OBI 2, p. 91	Bagan Epig Database.doc	catalogue_note	false	true	false	12	false	false	true	false	medium	use_for_catalogue_evidence	
frasch-ref-00058	Pl. III 330	Bagan Epig Database.doc	catalogue_note	false	true	false	11	false	false	false	false	low	use_for_catalogue_evidence	
frasch-ref-00059	OBI 2, p. 238	Bagan Epig Database.doc	catalogue_note	false	true	false	13	false	false	true	false	medium	use_for_catalogue_evidence	
frasch-ref-00060	Pl. III 331a	Bagan Epig Database.doc	catalogue_note	false	true	false	12	false	false	false	false	low	use_for_catalogue_evidence	
frasch-ref-00061	OBI 2, p. 239	Bagan Epig Database.doc	catalogue_note	false	true	false	13	false	false	true	false	medium	use_for_catalogue_evidence	
frasch-ref-00062	Pl. III 332a	Bagan Epig Database.doc	catalogue_note	false	true	false	12	false	false	false	false	low	use_for_catalogue_evidence	
frasch-ref-00063	OBI 2, p. 240	Bagan Epig Database.doc	catalogue_note	false	true	false	13	false	false	true	false	medium	use_for_catalogue_evidence	
frasch-ref-00064	List 1400	Bagan Epig Database.doc	catalogue_note	false	true	false	9	false	true	false	false	medium	use_for_catalogue_evidence	
frasch-ref-00065	A, p. 546	Bagan Epig Database.doc	catalogue_note	false	true	false	9	false	false	true	false	medium	use_for_catalogue_evidence	
frasch-ref-00066	Pl. III 335a	Bagan Epig Database.doc	catalogue_note	false	true	false	12	false	false	false	false	low	use_for_catalogue_evidence	
frasch-ref-00067	OBI 2, p. 241	Bagan Epig Database.doc	catalogue_note	false	true	false	13	false	false	true	false	medium	use_for_catalogue_evidence	
frasch-ref-00068	Pl. III 335b	Bagan Epig Database.doc	catalogue_note	false	true	false	12	false	false	false	false	low	use_for_catalogue_evidence	
frasch-ref-00069	OBI 2, p. 242	Bagan Epig Database.doc	catalogue_note	false	true	false	13	false	false	true	false	medium	use_for_catalogue_evidence	
frasch-ref-00070	List 1332	Bagan Epig Database.doc	catalogue_note	false	true	false	9	false	true	false	false	medium	use_for_catalogue_evidence	
frasch-ref-00071	A, p. 466	Bagan Epig Database.doc	catalogue_note	false	true	false	9	false	false	true	false	medium	use_for_catalogue_evidence	
frasch-ref-00072	Pl. III 336a+b	Bagan Epig Database.doc	catalogue_note	false	true	false	14	false	false	false	false	low	use_for_catalogue_evidence	
frasch-ref-00073	OBI 2, p. 243	Bagan Epig Database.doc	catalogue_note	false	true	false	13	false	false	true	false	medium	use_for_catalogue_evidence	
frasch-ref-00074	List 1334b+a	Bagan Epig Database.doc	catalogue_note	false	true	false	12	false	false	false	false	low	use_for_catalogue_evidence	
frasch-ref-00075	A, p. 472-1	Bagan Epig Database.doc	catalogue_note	false	true	false	11	false	false	true	false	medium	use_for_catalogue_evidence	
frasch-ref-00076	Pl. III 337a+b	Bagan Epig Database.doc	catalogue_note	false	true	false	14	false	false	false	false	low	use_for_catalogue_evidence	
frasch-ref-00077	OBI 2, p. 245	Bagan Epig Database.doc	catalogue_note	false	true	false	13	false	false	true	false	medium	use_for_catalogue_evidence	
frasch-ref-00078	List 1391	Bagan Epig Database.doc	catalogue_note	false	true	false	9	false	true	false	false	medium	use_for_catalogue_evidence	
frasch-ref-00079	A, p. 535	Bagan Epig Database.doc	catalogue_note	false	true	false	9	false	false	true	false	medium	use_for_catalogue_evidence	
frasch-ref-00080	Pl. III 338	Bagan Epig Database.doc	catalogue_note	false	true	false	11	false	false	false	false	low	use_for_catalogue_evidence	
frasch-ref-00081	OBI 2, p. 246	Bagan Epig Database.doc	catalogue_note	false	true	false	13	false	false	true	false	medium	use_for_catalogue_evidence	
frasch-ref-00082	Pl. III 339a+b	Bagan Epig Database.doc	catalogue_note	false	true	false	14	false	false	false	false	low	use_for_catalogue_evidence	
frasch-ref-00083	OBI 2, p. 247 (b only)	Bagan Epig Database.doc	catalogue_note	false	true	false	22	false	false	true	false	medium	use_for_catalogue_evidence	
frasch-ref-00084	Pl. III 342a+b and Pl. III 343 a+b	Bagan Epig Database.doc	catalogue_note	false	true	false	34	false	false	false	false	low	use_for_catalogue_evidence	
frasch-ref-00085	OBI 2, p. 248 (parts missing)	Bagan Epig Database.doc	catalogue_note	false	true	false	29	false	false	true	false	medium	use_for_catalogue_evidence	
frasch-ref-00086	Pl. III 345b	Bagan Epig Database.doc	catalogue_note	false	true	false	12	false	false	false	false	low	use_for_catalogue_evidence	
frasch-ref-00087	OBI 3, p. 142	Bagan Epig Database.doc	catalogue_note	false	true	false	13	false	false	true	false	medium	use_for_catalogue_evidence	
frasch-ref-00088	Pl. IV 385b	Bagan Epig Database.doc	catalogue_note	false	true	false	11	false	false	false	false	low	use_for_catalogue_evidence	
frasch-ref-00089	OBI 3, p. 91	Bagan Epig Database.doc	catalogue_note	false	true	false	12	false	false	true	false	medium	use_for_catalogue_evidence	
frasch-ref-00090	Pl. IV 417	Bagan Epig Database.doc	catalogue_note	false	true	false	10	false	false	false	false	low	use_for_catalogue_evidence	
frasch-ref-00091	OBI 3, p. 255	Bagan Epig Database.doc	catalogue_note	false	true	false	13	false	false	true	false	medium	use_for_catalogue_evidence	
frasch-ref-00092	Pl. V 548a	Bagan Epig Database.doc	catalogue_note	false	true	false	10	false	false	false	false	low	use_for_catalogue_evidence	
frasch-ref-00093	Luce, Old Burma 1, p. 46: Frasch, “Coastal Peripheries”, p. 60	Bagan Epig Database.doc	bibliographic_reference	true	false	false	62	true	false	true	false	medium	use_for_bibliography	
frasch-ref-00094	Pl. V 557b	Bagan Epig Database.doc	catalogue_note	false	true	false	10	false	false	false	false	low	use_for_catalogue_evidence	
frasch-ref-00095	Pl. V 557c	Bagan Epig Database.doc	catalogue_note	false	true	false	10	false	false	false	false	low	use_for_catalogue_evidence	
frasch-ref-00096	RDASB 1938, p. xi, and app. H, no. 5	Bagan Epig Database.doc	unclear	false	false	false	36	false	true	true	true	low	manual_review	
frasch-ref-00097	Pl. V 558a	Bagan Epig Database.doc	catalogue_note	false	true	false	10	false	false	false	false	low	use_for_catalogue_evidence	
frasch-ref-00098	RDASB 1938, p. xii, and app. H, no. 19	Bagan Epig Database.doc	unclear	false	false	false	38	false	true	true	true	low	manual_review	
frasch-ref-00099	Pl. V 558b	Bagan Epig Database.doc	catalogue_note	false	true	false	10	false	false	false	false	low	use_for_catalogue_evidence	
frasch-ref-00100	Pl. V 558c	Bagan Epig Database.doc	catalogue_note	false	true	false	10	false	false	false	false	low	use_for_catalogue_evidence	
frasch-ref-00101	Pl. V 558d	Bagan Epig Database.doc	catalogue_note	false	true	false	10	false	false	false	false	low	use_for_catalogue_evidence	
frasch-ref-00102	Pl. V 559a-b	Bagan Epig Database.doc	catalogue_note	false	true	false	12	false	false	false	false	low	use_for_catalogue_evidence	
frasch-ref-00103	Pl. V 560f	Bagan Epig Database.doc	catalogue_note	false	true	false	10	false	false	false	false	low	use_for_catalogue_evidence	
frasch-ref-00104	Pl. V 561a-b	Bagan Epig Database.doc	catalogue_note	false	true	false	12	false	false	false	false	low	use_for_catalogue_evidence	
frasch-ref-00105	Pl. V 562b	Bagan Epig Database.doc	catalogue_note	false	true	false	10	false	false	false	false	low	use_for_catalogue_evidence	
frasch-ref-00106	Pl. V 562c	Bagan Epig Database.doc	catalogue_note	false	true	false	10	false	false	false	false	low	use_for_catalogue_evidence	
frasch-ref-00107	A, p. 486	Bagan Epig Database.doc	catalogue_note	false	true	false	9	false	false	true	false	medium	use_for_catalogue_evidence	
frasch-ref-00108	List 1346	Bagan Epig Database.doc	catalogue_note	false	true	false	9	false	true	false	false	medium	use_for_catalogue_evidence	
frasch-ref-00109	Pl. V 565a	Bagan Epig Database.doc	catalogue_note	false	true	false	10	false	false	false	false	low	use_for_catalogue_evidence	
frasch-ref-00110	OBI 4, p. 251	Bagan Epig Database.doc	catalogue_note	false	true	false	13	false	false	true	false	medium	use_for_catalogue_evidence	
frasch-ref-00111	Pl. V 565b	Bagan Epig Database.doc	catalogue_note	false	true	false	10	false	false	false	false	low	use_for_catalogue_evidence	
frasch-ref-00112	Pl. V 567a	Bagan Epig Database.doc	catalogue_note	false	true	false	10	false	false	false	false	low	use_for_catalogue_evidence	
frasch-ref-00113	List 1374	Bagan Epig Database.doc	catalogue_note	false	true	false	9	false	true	false	false	medium	use_for_catalogue_evidence	
frasch-ref-00114	A, p. 516	Bagan Epig Database.doc	catalogue_note	false	true	false	9	false	false	true	false	medium	use_for_catalogue_evidence	
frasch-ref-00115	Pl. V 567b	Bagan Epig Database.doc	catalogue_note	false	true	false	10	false	false	false	false	low	use_for_catalogue_evidence	
frasch-ref-00116	Luce J2509	Bagan Epig Database.doc	unclear	false	false	false	10	false	false	false	false	low	manual_review	
frasch-ref-00117	Pl. V 575	Bagan Epig Database.doc	catalogue_note	false	true	false	9	false	false	false	false	low	use_for_catalogue_evidence	
frasch-ref-00118	OBI 2, p. 211	Bagan Epig Database.doc	catalogue_note	false	true	false	13	false	false	true	false	medium	use_for_catalogue_evidence	
frasch-ref-00119	List 875	Bagan Epig Database.doc	catalogue_note	false	true	false	8	false	false	false	false	low	use_for_catalogue_evidence	
frasch-ref-00120	A, p. 374	Bagan Epig Database.doc	catalogue_note	false	true	false	9	false	false	true	false	medium	use_for_catalogue_evidence	
frasch-ref-00121	Luce C 662	Bagan Epig Database.doc	unclear	false	false	false	10	false	false	false	false	low	manual_review	
frasch-ref-00122	Pl. V 581a	Bagan Epig Database.doc	catalogue_note	false	true	false	10	false	false	false	false	low	use_for_catalogue_evidence	
frasch-ref-00123	List 1406	Bagan Epig Database.doc	catalogue_note	false	true	false	9	false	true	false	false	medium	use_for_catalogue_evidence	
frasch-ref-00124	Luce D 825	Bagan Epig Database.doc	catalogue_note	false	true	false	10	false	false	false	false	low	use_for_catalogue_evidence	
frasch-ref-00125	Pl. V 592b	Bagan Epig Database.doc	catalogue_note	false	true	false	10	false	false	false	false	low	use_for_catalogue_evidence	
frasch-ref-00126	Pl. V 594	Bagan Epig Database.doc	catalogue_note	false	true	false	9	false	false	false	false	low	use_for_catalogue_evidence	
frasch-ref-00127	List 1390	Bagan Epig Database.doc	catalogue_note	false	true	false	9	false	true	false	false	medium	use_for_catalogue_evidence	
frasch-ref-00128	A, p. 534	Bagan Epig Database.doc	catalogue_note	false	true	false	9	false	false	true	false	medium	use_for_catalogue_evidence	
frasch-ref-00129	Pl. V 595	Bagan Epig Database.doc	catalogue_note	false	true	false	9	false	false	false	false	low	use_for_catalogue_evidence	
frasch-ref-00130	Luce C 614	Bagan Epig Database.doc	unclear	false	false	false	10	false	false	false	false	low	manual_review	
frasch-ref-00131	Pl. V 596a	Bagan Epig Database.doc	catalogue_note	false	true	false	10	false	false	false	false	low	use_for_catalogue_evidence	
frasch-ref-00132	Luce C 630	Bagan Epig Database.doc	unclear	false	false	false	10	false	false	false	false	low	manual_review	
frasch-ref-00133	Pl. V 596b	Bagan Epig Database.doc	catalogue_note	false	true	false	10	false	false	false	false	low	use_for_catalogue_evidence	
frasch-ref-00134	Pl. V 597b	Bagan Epig Database.doc	catalogue_note	false	true	false	10	false	false	false	false	low	use_for_catalogue_evidence	
frasch-ref-00135	A, p. 532	Bagan Epig Database.doc	catalogue_note	false	true	false	9	false	false	true	false	medium	use_for_catalogue_evidence	
frasch-ref-00136	Pl. V 597c	Bagan Epig Database.doc	catalogue_note	false	true	false	10	false	false	false	false	low	use_for_catalogue_evidence	
frasch-ref-00137	Pl. V 598a	Bagan Epig Database.doc	catalogue_note	false	true	false	10	false	false	false	false	low	use_for_catalogue_evidence	
frasch-ref-00138	U Than Tun, Supplementary Note to the Legal System in Bagan, Myanmar Law Teachers' Journal 1 (2), 1959, p. 184	Bagan Epig Database.doc	bibliographic_reference	true	false	false	110	true	true	true	true	high	use_for_bibliography	
frasch-ref-00139	Pl. V 598b	Bagan Epig Database.doc	catalogue_note	false	true	false	10	false	false	false	false	low	use_for_catalogue_evidence	
frasch-ref-00140	Pl. V 599a-b	Bagan Epig Database.doc	catalogue_note	false	true	false	12	false	false	false	false	low	use_for_catalogue_evidence	
frasch-ref-00141	List 1445-1446	Bagan Epig Database.doc	catalogue_note	false	true	false	14	false	true	false	false	medium	use_for_catalogue_evidence	
frasch-ref-00142	A, p. 591-2	Bagan Epig Database.doc	catalogue_note	false	true	false	11	false	false	true	false	medium	use_for_catalogue_evidence	
frasch-ref-00143	Luce D 835	Bagan Epig Database.doc	catalogue_note	false	true	false	10	false	false	false	false	low	use_for_catalogue_evidence	
frasch-ref-00144	Pl. V 599c	Bagan Epig Database.doc	catalogue_note	false	true	false	10	false	false	false	false	low	use_for_catalogue_evidence	
frasch-ref-00145	Luce J 2493	Bagan Epig Database.doc	catalogue_note	false	true	false	11	false	false	false	false	low	use_for_catalogue_evidence	
frasch-ref-00146	Pl. V 600a	Bagan Epig Database.doc	catalogue_note	false	true	false	10	false	false	false	false	low	use_for_catalogue_evidence	
frasch-ref-00147	List 1393	Bagan Epig Database.doc	catalogue_note	false	true	false	9	false	true	false	false	medium	use_for_catalogue_evidence	
frasch-ref-00148	A, p. 537	Bagan Epig Database.doc	catalogue_note	false	true	false	9	false	false	true	false	medium	use_for_catalogue_evidence	
frasch-ref-00149	Pl. V 600b	Bagan Epig Database.doc	catalogue_note	false	true	false	10	false	false	false	false	low	use_for_catalogue_evidence	
frasch-ref-00150	Pl. V 601a	Bagan Epig Database.doc	catalogue_note	false	true	false	10	false	false	false	false	low	use_for_catalogue_evidence	
frasch-ref-00151	Luce C 690	Bagan Epig Database.doc	unclear	false	false	false	10	false	false	false	false	low	manual_review	
frasch-ref-00152	Pl. V 601b	Bagan Epig Database.doc	catalogue_note	false	true	false	10	false	false	false	false	low	use_for_catalogue_evidence	
frasch-ref-00153	Pl. V 602a	Bagan Epig Database.doc	catalogue_note	false	true	false	10	false	false	false	false	low	use_for_catalogue_evidence	
frasch-ref-00154	Luce G 1905	Bagan Epig Database.doc	unclear	false	false	false	11	false	true	false	false	low	manual_review	
frasch-ref-00155	Pl. V 602b	Bagan Epig Database.doc	catalogue_note	false	true	false	10	false	false	false	false	low	use_for_catalogue_evidence	
frasch-ref-00156	Luce C 622	Bagan Epig Database.doc	unclear	false	false	false	10	false	false	false	false	low	manual_review	
frasch-ref-00157	Pl. V 602d	Bagan Epig Database.doc	catalogue_note	false	true	false	10	false	false	false	false	low	use_for_catalogue_evidence	
frasch-ref-00158	Luce G 1919	Bagan Epig Database.doc	unclear	false	false	false	11	false	true	false	false	low	manual_review	
frasch-ref-00159	Pl. V 603a	Bagan Epig Database.doc	catalogue_note	false	true	false	10	false	false	false	false	low	use_for_catalogue_evidence	
frasch-ref-00160	Pl. V 603b	Bagan Epig Database.doc	catalogue_note	false	true	false	10	false	false	false	false	low	use_for_catalogue_evidence	
frasch-ref-00161	OBI 1, p. 127	Bagan Epig Database.doc	catalogue_note	false	true	false	13	false	false	true	false	medium	use_for_catalogue_evidence	
frasch-ref-00162	OBI 1, p. 304	Bagan Epig Database.doc	catalogue_note	false	true	false	13	false	false	true	false	medium	use_for_catalogue_evidence	
frasch-ref-00163	RDASB 1961, p. 14- 5	Bagan Epig Database.doc	unclear	false	false	false	20	false	true	true	true	low	manual_review	
frasch-ref-00164	U Hswai, JBRS 48 (2), 1965, p. 67, no. 9	Bagan Epig Database.doc	bibliographic_reference	true	false	false	40	true	true	true	true	high	use_for_bibliography	
frasch-ref-00165	List 1061	Bagan Epig Database.doc	catalogue_note	false	true	false	9	false	true	false	false	medium	use_for_catalogue_evidence	
frasch-ref-00166	Luce G 1861	Bagan Epig Database.doc	unclear	false	false	false	11	false	true	false	false	low	manual_review	
frasch-ref-00167	List 1366	Bagan Epig Database.doc	catalogue_note	false	true	false	9	false	true	false	false	medium	use_for_catalogue_evidence	
frasch-ref-00168	OBI 2, p. 174	Bagan Epig Database.doc	catalogue_note	false	true	false	13	false	false	true	false	medium	use_for_catalogue_evidence	
frasch-ref-00169	A, p. 508	Bagan Epig Database.doc	catalogue_note	false	true	false	9	false	false	true	false	medium	use_for_catalogue_evidence	
frasch-ref-00170	List 1253	Bagan Epig Database.doc	catalogue_note	false	true	false	9	false	true	false	false	medium	use_for_catalogue_evidence	
frasch-ref-00171	PPA, p. 197	Bagan Epig Database.doc	catalogue_note	false	true	false	11	false	false	true	false	medium	use_for_catalogue_evidence	
frasch-ref-00172	List 1256	Bagan Epig Database.doc	catalogue_note	false	true	false	9	false	true	false	false	medium	use_for_catalogue_evidence	
frasch-ref-00173	PPA, p. 315	Bagan Epig Database.doc	catalogue_note	false	true	false	11	false	false	true	false	medium	use_for_catalogue_evidence	
frasch-ref-00174	TN, p. 145	Bagan Epig Database.doc	catalogue_note	false	true	false	10	false	false	true	false	medium	use_for_catalogue_evidence	
frasch-ref-00175	List 1257 and 1258	Bagan Epig Database.doc	catalogue_note	false	true	false	18	false	true	false	false	medium	use_for_catalogue_evidence	
frasch-ref-00176	PPA, p. 316-7	Bagan Epig Database.doc	catalogue_note	false	true	false	13	false	false	true	false	medium	use_for_catalogue_evidence	
frasch-ref-00177	TN, p. 145	Bagan Epig Database.doc	catalogue_note	false	true	false	10	false	false	true	false	medium	use_for_catalogue_evidence	
frasch-ref-00178	Luce G 1913	Bagan Epig Database.doc	unclear	false	false	false	11	false	true	false	false	low	manual_review	
frasch-ref-00179	Luce J 2507	Bagan Epig Database.doc	catalogue_note	false	true	false	11	false	false	false	false	low	use_for_catalogue_evidence	
frasch-ref-00180	Luce J 2625	Bagan Epig Database.doc	catalogue_note	false	true	false	11	false	false	false	false	low	use_for_catalogue_evidence	
frasch-ref-00181	Luce J 2629	Bagan Epig Database.doc	catalogue_note	false	true	false	11	false	false	false	false	low	use_for_catalogue_evidence	
frasch-ref-00182	Luce J 2633	Bagan Epig Database.doc	catalogue_note	false	true	false	11	false	false	false	false	low	use_for_catalogue_evidence	
frasch-ref-00183	Luce J 2670-71	Bagan Epig Database.doc	catalogue_note	false	true	false	14	false	false	false	false	low	use_for_catalogue_evidence	
frasch-ref-00184	Luce J 2679	Bagan Epig Database.doc	catalogue_note	false	true	false	11	false	false	false	false	low	use_for_catalogue_evidence	
frasch-ref-00185	Luce J 2689	Bagan Epig Database.doc	catalogue_note	false	true	false	11	false	false	false	false	low	use_for_catalogue_evidence	
frasch-ref-00186	Luce O 4405	Bagan Epig Database.doc	unclear	false	false	false	11	false	false	false	false	low	manual_review	
frasch-ref-00187	U Than Tun, Hnaung-dwe, no. 34, p. 108	Bagan Epig Database.doc	bibliographic_reference	true	false	false	38	true	false	true	false	medium	use_for_bibliography	
frasch-ref-00188	U Hswai, JBRS 48 (2), 1965, p. 67, no. 11	Bagan Epig Database.doc	bibliographic_reference	true	false	false	41	true	true	true	true	high	use_for_bibliography	
frasch-ref-00189	U Than Tun, Hnaung-dwe, no. 38, p. 124	Bagan Epig Database.doc	bibliographic_reference	true	false	false	38	true	false	true	false	medium	use_for_bibliography	
frasch-ref-00190	reading in file	Bagan Epig Database.doc	unclear	false	false	false	15	false	false	false	false	low	manual_review	
frasch-ref-00191	?	Bagan Epig Database.doc	unclear	false	false	false	1	false	false	false	false	low	manual_review	
frasch-ref-00192	List 1	Bagan Epig Database.doc	catalogue_note	false	true	false	6	false	false	false	false	low	use_for_catalogue_evidence	
frasch-ref-00193	B 2, p. 633	Bagan Epig Database.doc	catalogue_note	false	true	false	11	false	false	true	false	medium	use_for_catalogue_evidence	
frasch-ref-00194	MM 1, no. 1, p. 1	Bagan Epig Database.doc	catalogue_note	false	true	false	17	false	false	true	false	medium	use_for_catalogue_evidence	
frasch-ref-00195	List 16	Bagan Epig Database.doc	catalogue_note	false	true	false	7	false	false	false	false	low	use_for_catalogue_evidence	
frasch-ref-00196	B 2, p. 528	Bagan Epig Database.doc	catalogue_note	false	true	false	11	false	false	true	false	medium	use_for_catalogue_evidence	
frasch-ref-00197	MM 1, no. 6, p. 43 (dated CS 416/1054)	Bagan Epig Database.doc	catalogue_note	false	true	false	38	false	true	true	false	medium	use_for_catalogue_evidence	
frasch-ref-00198	List 3	Bagan Epig Database.doc	catalogue_note	false	true	false	6	false	false	false	false	low	use_for_catalogue_evidence	
frasch-ref-00199	B 2, p. 799	Bagan Epig Database.doc	catalogue_note	false	true	false	11	false	false	true	false	medium	use_for_catalogue_evidence	
frasch-ref-00200	MM 1, no. 2, p. 5	Bagan Epig Database.doc	catalogue_note	false	true	false	17	false	false	true	false	medium	use_for_catalogue_evidence	
frasch-ref-00201	List 4	Bagan Epig Database.doc	catalogue_note	false	true	false	6	false	false	false	false	low	use_for_catalogue_evidence	
frasch-ref-00202	B 2, p. 937	Bagan Epig Database.doc	catalogue_note	false	true	false	11	false	false	true	false	medium	use_for_catalogue_evidence	
frasch-ref-00203	MM 1, no. 3, p. 14	Bagan Epig Database.doc	catalogue_note	false	true	false	18	false	false	true	false	medium	use_for_catalogue_evidence	
frasch-ref-00204	List 1088	Bagan Epig Database.doc	catalogue_note	false	true	false	9	false	true	false	false	medium	use_for_catalogue_evidence	
frasch-ref-00205	MM 4, no. 2, p. 6	Bagan Epig Database.doc	catalogue_note	false	true	false	17	false	false	true	false	medium	use_for_catalogue_evidence	
frasch-ref-00206	List 7	Bagan Epig Database.doc	catalogue_note	false	true	false	6	false	false	false	false	low	use_for_catalogue_evidence	
frasch-ref-00207	B 2, p. 833	Bagan Epig Database.doc	catalogue_note	false	true	false	11	false	false	true	false	medium	use_for_catalogue_evidence	
frasch-ref-00208	MM 1, no. 4, p. 30	Bagan Epig Database.doc	catalogue_note	false	true	false	18	false	false	true	false	medium	use_for_catalogue_evidence	
frasch-ref-00209	List 6	Bagan Epig Database.doc	catalogue_note	false	true	false	6	false	false	false	false	low	use_for_catalogue_evidence	
frasch-ref-00210	B 2, p. 831	Bagan Epig Database.doc	catalogue_note	false	true	false	11	false	false	true	false	medium	use_for_catalogue_evidence	
frasch-ref-00211	MM 4, no. 1, p. 1 (dated CS 302)	Bagan Epig Database.doc	catalogue_note	false	true	false	32	false	false	true	false	medium	use_for_catalogue_evidence	
frasch-ref-00212	List 8	Bagan Epig Database.doc	catalogue_note	false	true	false	6	false	false	false	false	low	use_for_catalogue_evidence	
frasch-ref-00213	B 2, p. 800	Bagan Epig Database.doc	catalogue_note	false	true	false	11	false	false	true	false	medium	use_for_catalogue_evidence	
frasch-ref-00214	MM 1, no. 5, p. 35	Bagan Epig Database.doc	catalogue_note	false	true	false	18	false	false	true	false	medium	use_for_catalogue_evidence	
frasch-ref-00215	List 13	Bagan Epig Database.doc	catalogue_note	false	true	false	7	false	false	false	false	low	use_for_catalogue_evidence	
frasch-ref-00216	B 2, p. 860	Bagan Epig Database.doc	catalogue_note	false	true	false	11	false	false	true	false	medium	use_for_catalogue_evidence	
frasch-ref-00217	MM 2, no. 2, p. 4	Bagan Epig Database.doc	catalogue_note	false	true	false	17	false	false	true	false	medium	use_for_catalogue_evidence	
frasch-ref-00218	so far only notices in blogs and newspapers, e.g. The Irrawaddy 15 Jan 2014	Bagan Epig Database.doc	unclear	false	false	false	75	false	true	true	false	low	manual_review	
frasch-ref-00219	List 17	Bagan Epig Database.doc	catalogue_note	false	true	false	7	false	false	false	false	low	use_for_catalogue_evidence	
frasch-ref-00220	B 1, p. 162	Bagan Epig Database.doc	catalogue_note	false	true	false	11	false	false	true	false	medium	use_for_catalogue_evidence	
frasch-ref-00221	MM 1, no. 7, p. 51 and MM 4, no. 6, p. 27	Bagan Epig Database.doc	catalogue_note	false	true	false	41	false	false	true	false	medium	use_for_catalogue_evidence	
frasch-ref-00222	List 18	Bagan Epig Database.doc	catalogue_note	false	true	false	7	false	false	false	false	low	use_for_catalogue_evidence	
frasch-ref-00223	B 2, p. 627	Bagan Epig Database.doc	catalogue_note	false	true	false	11	false	false	true	false	medium	use_for_catalogue_evidence	
frasch-ref-00224	MM 1, no. 8, p. 65	Bagan Epig Database.doc	catalogue_note	false	true	false	18	false	false	true	false	medium	use_for_catalogue_evidence	
frasch-ref-00225	copy List 19	Bagan Epig Database.doc	unclear	false	false	false	12	false	false	false	false	low	manual_review	
frasch-ref-00226	B 2, p. 629	Bagan Epig Database.doc	catalogue_note	false	true	false	11	false	false	true	false	medium	use_for_catalogue_evidence	
frasch-ref-00227	MM 1, no. 9, p. 74	Bagan Epig Database.doc	catalogue_note	false	true	false	18	false	false	true	false	medium	use_for_catalogue_evidence	
frasch-ref-00228	List 21	Bagan Epig Database.doc	catalogue_note	false	true	false	7	false	false	false	false	low	use_for_catalogue_evidence	
frasch-ref-00229	B 2, p. 529	Bagan Epig Database.doc	catalogue_note	false	true	false	11	false	false	true	false	medium	use_for_catalogue_evidence	
frasch-ref-00230	MM 1, no. 10, p. 83	Bagan Epig Database.doc	catalogue_note	false	true	false	19	false	false	true	false	medium	use_for_catalogue_evidence	
frasch-ref-00231	List 22	Bagan Epig Database.doc	catalogue_note	false	true	false	7	false	false	false	false	low	use_for_catalogue_evidence	
frasch-ref-00232	B 2, p. 520	Bagan Epig Database.doc	catalogue_note	false	true	false	11	false	false	true	false	medium	use_for_catalogue_evidence	
frasch-ref-00233	MM 1, no. 11, p. 93	Bagan Epig Database.doc	catalogue_note	false	true	false	19	false	false	true	false	medium	use_for_catalogue_evidence	
frasch-ref-00234	List 23	Bagan Epig Database.doc	catalogue_note	false	true	false	7	false	false	false	false	low	use_for_catalogue_evidence	
frasch-ref-00235	OBI 1, p. 321	Bagan Epig Database.doc	catalogue_note	false	true	false	13	false	false	true	false	medium	use_for_catalogue_evidence	
frasch-ref-00236	B 2, p. 830	Bagan Epig Database.doc	catalogue_note	false	true	false	11	false	false	true	false	medium	use_for_catalogue_evidence	
frasch-ref-00237	A, p.1	Bagan Epig Database.doc	catalogue_note	false	true	false	6	false	false	true	false	medium	use_for_catalogue_evidence	
frasch-ref-00238	MP 1, p. 21	Bagan Epig Database.doc	catalogue_note	false	true	false	11	false	false	true	false	medium	use_for_catalogue_evidence	
frasch-ref-00239	List 27	Bagan Epig Database.doc	catalogue_note	false	true	false	7	false	false	false	false	low	use_for_catalogue_evidence	
frasch-ref-00240	B 2, p. 838	Bagan Epig Database.doc	catalogue_note	false	true	false	11	false	false	true	false	medium	use_for_catalogue_evidence	
frasch-ref-00241	A, p. 9	Bagan Epig Database.doc	catalogue_note	false	true	false	7	false	false	true	false	medium	use_for_catalogue_evidence	
frasch-ref-00242	MM 2, no. 4, p. 8	Bagan Epig Database.doc	catalogue_note	false	true	false	17	false	false	true	false	medium	use_for_catalogue_evidence	
frasch-ref-00243	copy List 5	Bagan Epig Database.doc	unclear	false	false	false	11	false	false	false	false	low	manual_review	
frasch-ref-00244	MM 2, no. 1, p. 1	Bagan Epig Database.doc	catalogue_note	false	true	false	17	false	false	true	false	medium	use_for_catalogue_evidence	
frasch-ref-00245	another copy MM 4, no. 20, p. 90	Bagan Epig Database.doc	unclear	false	false	false	32	false	false	true	false	low	manual_review	
frasch-ref-00246	List 613	Bagan Epig Database.doc	catalogue_note	false	true	false	8	false	false	false	false	low	use_for_catalogue_evidence	
frasch-ref-00247	A, p. 2	Bagan Epig Database.doc	catalogue_note	false	true	false	7	false	false	true	false	medium	use_for_catalogue_evidence	
frasch-ref-00248	List 25	Bagan Epig Database.doc	catalogue_note	false	true	false	7	false	false	false	false	low	use_for_catalogue_evidence	
frasch-ref-00249	A, p. 3-6	Bagan Epig Database.doc	catalogue_note	false	true	false	9	false	false	true	false	medium	use_for_catalogue_evidence	
frasch-ref-00250	MM 4, no. 7, p. 32	Bagan Epig Database.doc	catalogue_note	false	true	false	18	false	false	true	false	medium	use_for_catalogue_evidence	
frasch-ref-00251	List 26	Bagan Epig Database.doc	catalogue_note	false	true	false	7	false	false	false	false	low	use_for_catalogue_evidence	
frasch-ref-00252	B 2, p. 601	Bagan Epig Database.doc	catalogue_note	false	true	false	11	false	false	true	false	medium	use_for_catalogue_evidence	
frasch-ref-00253	MM 1, no. 12, p. 105	Bagan Epig Database.doc	catalogue_note	false	true	false	20	false	false	true	false	medium	use_for_catalogue_evidence	
frasch-ref-00254	List 346	Bagan Epig Database.doc	catalogue_note	false	true	false	8	false	false	false	false	low	use_for_catalogue_evidence	
frasch-ref-00255	OBI 1, 322	Bagan Epig Database.doc	catalogue_note	false	true	false	10	false	false	true	false	low	use_for_catalogue_evidence	
frasch-ref-00256	A, p. 7	Bagan Epig Database.doc	catalogue_note	false	true	false	7	false	false	true	false	medium	use_for_catalogue_evidence	
frasch-ref-00257	copy List 114	Bagan Epig Database.doc	unclear	false	false	false	13	false	false	false	false	low	manual_review	
frasch-ref-00258	A, p. 8	Bagan Epig Database.doc	catalogue_note	false	true	false	7	false	false	true	false	medium	use_for_catalogue_evidence	
frasch-ref-00259	MM 1, no. 34, p. 306 (= B 2, p. 804 ?)	Bagan Epig Database.doc	catalogue_note	false	true	false	38	false	false	true	false	medium	use_for_catalogue_evidence	
frasch-ref-00260	List 28	Bagan Epig Database.doc	catalogue_note	false	true	false	7	false	false	false	false	low	use_for_catalogue_evidence	
frasch-ref-00261	B 2, p. 188	Bagan Epig Database.doc	catalogue_note	false	true	false	11	false	false	true	false	medium	use_for_catalogue_evidence	
frasch-ref-00262	MM 1, no. 13, p. 117	Bagan Epig Database.doc	catalogue_note	false	true	false	20	false	false	true	false	medium	use_for_catalogue_evidence	
frasch-ref-00263	List 618	Bagan Epig Database.doc	catalogue_note	false	true	false	8	false	false	false	false	low	use_for_catalogue_evidence	
frasch-ref-00264	B 2, p. 604	Bagan Epig Database.doc	catalogue_note	false	true	false	11	false	false	true	false	medium	use_for_catalogue_evidence	
frasch-ref-00265	MM 4, no. 8, p. 37	Bagan Epig Database.doc	catalogue_note	false	true	false	18	false	false	true	false	medium	use_for_catalogue_evidence	
frasch-ref-00266	Pl. II 110	Bagan Epig Database.doc	catalogue_note	false	true	false	10	false	false	false	false	low	use_for_catalogue_evidence	
frasch-ref-00267	OBI 1, p. 324	Bagan Epig Database.doc	catalogue_note	false	true	false	13	false	false	true	false	medium	use_for_catalogue_evidence	
frasch-ref-00268	UEM no. 2, p. 2	Bagan Epig Database.doc	catalogue_note	false	true	false	15	false	false	true	false	medium	use_for_catalogue_evidence	
frasch-ref-00269	ARASI 1930-34, p. 190	Bagan Epig Database.doc	catalogue_note	false	true	false	21	false	true	true	true	medium	use_for_catalogue_evidence	
frasch-ref-00270	List 29	Bagan Epig Database.doc	catalogue_note	false	true	false	7	false	false	false	false	low	use_for_catalogue_evidence	
frasch-ref-00271	B 2, p. 762	Bagan Epig Database.doc	catalogue_note	false	true	false	11	false	false	true	false	medium	use_for_catalogue_evidence	
frasch-ref-00272	MM 1, no. 14, p. 126	Bagan Epig Database.doc	catalogue_note	false	true	false	20	false	false	true	false	medium	use_for_catalogue_evidence	
frasch-ref-00273	List 30	Bagan Epig Database.doc	catalogue_note	false	true	false	7	false	false	false	false	low	use_for_catalogue_evidence	
frasch-ref-00274	OBI 1, p. 325	Bagan Epig Database.doc	catalogue_note	false	true	false	13	false	false	true	false	medium	use_for_catalogue_evidence	
frasch-ref-00275	B 2, p. 72	Bagan Epig Database.doc	catalogue_note	false	true	false	10	false	false	true	false	medium	use_for_catalogue_evidence	
frasch-ref-00276	MM 1, no. 15, p. 136	Bagan Epig Database.doc	catalogue_note	false	true	false	20	false	false	true	false	medium	use_for_catalogue_evidence	
frasch-ref-00277	List 31	Bagan Epig Database.doc	catalogue_note	false	true	false	7	false	false	false	false	low	use_for_catalogue_evidence	
frasch-ref-00278	MM 1, no. 16, p. 140	Bagan Epig Database.doc	catalogue_note	false	true	false	20	false	false	true	false	medium	use_for_catalogue_evidence	
frasch-ref-00279	another copy MM 4, no. 9, p. 44	Bagan Epig Database.doc	unclear	false	false	false	31	false	false	true	false	low	manual_review	
frasch-ref-00280	List 33	Bagan Epig Database.doc	catalogue_note	false	true	false	7	false	false	false	false	low	use_for_catalogue_evidence	
frasch-ref-00281	B 2, p. 903	Bagan Epig Database.doc	catalogue_note	false	true	false	11	false	false	true	false	medium	use_for_catalogue_evidence	
frasch-ref-00282	MM 1, p. 152	Bagan Epig Database.doc	catalogue_note	false	true	false	12	false	false	true	false	medium	use_for_catalogue_evidence	
frasch-ref-00283	List 35	Bagan Epig Database.doc	catalogue_note	false	true	false	7	false	false	false	false	low	use_for_catalogue_evidence	
frasch-ref-00284	B 1, p. 75	Bagan Epig Database.doc	catalogue_note	false	true	false	10	false	false	true	false	medium	use_for_catalogue_evidence	
frasch-ref-00285	MM 1, p. 161 and MM 4, no. 11, p. 53	Bagan Epig Database.doc	catalogue_note	false	true	false	36	false	false	true	false	medium	use_for_catalogue_evidence	
frasch-ref-00286	List 38	Bagan Epig Database.doc	catalogue_note	false	true	false	7	false	false	false	false	low	use_for_catalogue_evidence	
frasch-ref-00287	A, p. 13	Bagan Epig Database.doc	catalogue_note	false	true	false	8	false	false	true	false	medium	use_for_catalogue_evidence	
frasch-ref-00288	MM 2, no. 5, p. 11	Bagan Epig Database.doc	catalogue_note	false	true	false	18	false	false	true	false	medium	use_for_catalogue_evidence	
frasch-ref-00289	unlisted ? Luce F 1158	Bagan Epig Database.doc	unclear	false	false	false	22	false	true	false	false	low	manual_review	
frasch-ref-00290	List 41	Bagan Epig Database.doc	catalogue_note	false	true	false	7	false	false	false	false	low	use_for_catalogue_evidence	
frasch-ref-00291	B 2, p. 763	Bagan Epig Database.doc	catalogue_note	false	true	false	11	false	false	true	false	medium	use_for_catalogue_evidence	
frasch-ref-00292	MM 1, p. ?	Bagan Epig Database.doc	catalogue_note	false	true	false	10	false	false	true	false	low	use_for_catalogue_evidence	
frasch-ref-00293	OR 6452 B (1), no. 23	Bagan Epig Database.doc	catalogue_note	false	true	false	21	false	false	true	false	low	use_for_catalogue_evidence	
frasch-ref-00294	List 38	Bagan Epig Database.doc	catalogue_note	false	true	false	7	false	false	false	false	low	use_for_catalogue_evidence	
frasch-ref-00295	B 2, p. 596	Bagan Epig Database.doc	catalogue_note	false	true	false	11	false	false	true	false	medium	use_for_catalogue_evidence	
frasch-ref-00296	MM 1, p. 181	Bagan Epig Database.doc	catalogue_note	false	true	false	12	false	false	true	false	medium	use_for_catalogue_evidence	
frasch-ref-00297	List 42	Bagan Epig Database.doc	catalogue_note	false	true	false	7	false	false	false	false	low	use_for_catalogue_evidence	
frasch-ref-00298	B 2, p. 835	Bagan Epig Database.doc	catalogue_note	false	true	false	11	false	false	true	false	medium	use_for_catalogue_evidence	
frasch-ref-00299	MM 2, no. 6, p. 14	Bagan Epig Database.doc	catalogue_note	false	true	false	18	false	false	true	false	medium	use_for_catalogue_evidence	
frasch-ref-00300	List 43	Bagan Epig Database.doc	catalogue_note	false	true	false	7	false	false	false	false	low	use_for_catalogue_evidence	
frasch-ref-00301	B 2, p. 764	Bagan Epig Database.doc	catalogue_note	false	true	false	11	false	false	true	false	medium	use_for_catalogue_evidence	
frasch-ref-00302	MM 1, p. 192	Bagan Epig Database.doc	catalogue_note	false	true	false	12	false	false	true	false	medium	use_for_catalogue_evidence	
frasch-ref-00303	MM 4, no. 13, p. 62	Bagan Epig Database.doc	catalogue_note	false	true	false	19	false	false	true	false	medium	use_for_catalogue_evidence	
frasch-ref-00304	List 44	Bagan Epig Database.doc	catalogue_note	false	true	false	7	false	false	false	false	low	use_for_catalogue_evidence	
frasch-ref-00305	B 2, p. 506	Bagan Epig Database.doc	catalogue_note	false	true	false	11	false	false	true	false	medium	use_for_catalogue_evidence	
frasch-ref-00306	MM 1, no. 23, p. 200	Bagan Epig Database.doc	catalogue_note	false	true	false	20	false	false	true	false	medium	use_for_catalogue_evidence	
frasch-ref-00307	MM 4, no. 14, p. 66	Bagan Epig Database.doc	catalogue_note	false	true	false	19	false	false	true	false	medium	use_for_catalogue_evidence	
frasch-ref-00308	List 32	Bagan Epig Database.doc	catalogue_note	false	true	false	7	false	false	false	false	low	use_for_catalogue_evidence	
frasch-ref-00309	A, p. 10	Bagan Epig Database.doc	catalogue_note	false	true	false	8	false	false	true	false	medium	use_for_catalogue_evidence	
frasch-ref-00310	List 46	Bagan Epig Database.doc	catalogue_note	false	true	false	7	false	false	false	false	low	use_for_catalogue_evidence	
frasch-ref-00311	OBI 1 p. 326	Bagan Epig Database.doc	catalogue_note	false	true	false	12	false	false	false	false	medium	use_for_catalogue_evidence	
frasch-ref-00312	A, p. 11	Bagan Epig Database.doc	catalogue_note	false	true	false	8	false	false	true	false	medium	use_for_catalogue_evidence	
frasch-ref-00313	List 47	Bagan Epig Database.doc	catalogue_note	false	true	false	7	false	false	false	false	low	use_for_catalogue_evidence	
frasch-ref-00314	B 2, p. 863	Bagan Epig Database.doc	catalogue_note	false	true	false	11	false	false	true	false	medium	use_for_catalogue_evidence	
frasch-ref-00315	MM 1, no. 24, p. 208	Bagan Epig Database.doc	catalogue_note	false	true	false	20	false	false	true	false	medium	use_for_catalogue_evidence	
frasch-ref-00316	MM 4, no. 15, p. 70	Bagan Epig Database.doc	catalogue_note	false	true	false	19	false	false	true	false	medium	use_for_catalogue_evidence	
frasch-ref-00317	OBI 1, p. 328	Bagan Epig Database.doc	catalogue_note	false	true	false	13	false	false	true	false	medium	use_for_catalogue_evidence	
frasch-ref-00318	List 48	Bagan Epig Database.doc	catalogue_note	false	true	false	7	false	false	false	false	low	use_for_catalogue_evidence	
frasch-ref-00319	A, p. 16	Bagan Epig Database.doc	catalogue_note	false	true	false	8	false	false	true	false	medium	use_for_catalogue_evidence	
frasch-ref-00320	OR 6452 B (1), nos. 22 and 26	Bagan Epig Database.doc	catalogue_note	false	true	false	29	false	false	true	false	low	use_for_catalogue_evidence	
frasch-ref-00321	List 49	Bagan Epig Database.doc	catalogue_note	false	true	false	7	false	false	false	false	low	use_for_catalogue_evidence	
frasch-ref-00322	OBI 1, 329	Bagan Epig Database.doc	catalogue_note	false	true	false	10	false	false	true	false	low	use_for_catalogue_evidence	
frasch-ref-00323	SIP no. 3, p. 3	Bagan Epig Database.doc	catalogue_note	false	true	false	15	false	false	true	false	medium	use_for_catalogue_evidence	
frasch-ref-00324	A, p. 18	Bagan Epig Database.doc	catalogue_note	false	true	false	8	false	false	true	false	medium	use_for_catalogue_evidence	
frasch-ref-00325	MP, p. 13	Bagan Epig Database.doc	catalogue_note	false	true	false	9	false	false	true	false	medium	use_for_catalogue_evidence	
frasch-ref-00326	cp. A, p. 17 (first part)	Bagan Epig Database.doc	unclear	false	false	false	25	false	false	true	false	low	manual_review	
frasch-ref-00327	List 50 a+b	Bagan Epig Database.doc	catalogue_note	false	true	false	11	false	false	false	false	low	use_for_catalogue_evidence	
frasch-ref-00328	OBI 1, p. 331	Bagan Epig Database.doc	catalogue_note	false	true	false	13	false	false	true	false	medium	use_for_catalogue_evidence	
frasch-ref-00329	SIP no. 4, p. 4	Bagan Epig Database.doc	catalogue_note	false	true	false	15	false	false	true	false	medium	use_for_catalogue_evidence	
frasch-ref-00330	A, p. 19	Bagan Epig Database.doc	catalogue_note	false	true	false	8	false	false	true	false	medium	use_for_catalogue_evidence	
frasch-ref-00331	TN, p.	Bagan Epig Database.doc	catalogue_note	false	true	false	6	false	false	true	false	low	use_for_catalogue_evidence	
frasch-ref-00332	MP 1, p. 5	Bagan Epig Database.doc	catalogue_note	false	true	false	10	false	false	true	false	medium	use_for_catalogue_evidence	
frasch-ref-00333	Duroiselle, ARASI 1912, p. 149-51 (Hle- daung inscr.)	Bagan Epig Database.doc	bibliographic_reference	true	false	false	53	true	true	true	true	high	use_for_bibliography	
frasch-ref-00334	Pl. IV 364a+b	Bagan Epig Database.doc	catalogue_note	false	true	false	13	false	false	false	false	low	use_for_catalogue_evidence	
frasch-ref-00335	OBI 1, p. 1+4	Bagan Epig Database.doc	catalogue_note	false	true	false	13	false	false	true	false	medium	use_for_catalogue_evidence	
frasch-ref-00336	UEM no. 3, p. 3	Bagan Epig Database.doc	catalogue_note	false	true	false	15	false	false	true	false	medium	use_for_catalogue_evidence	
frasch-ref-00337	EB 1 (1), 1919, p. 1	Bagan Epig Database.doc	unclear	false	false	false	20	false	true	true	true	low	manual_review	
frasch-ref-00338	List 51+52	Bagan Epig Database.doc	catalogue_note	false	true	false	10	false	false	false	false	low	use_for_catalogue_evidence	
frasch-ref-00339	TN, p. 97	Bagan Epig Database.doc	catalogue_note	false	true	false	9	false	false	true	false	medium	use_for_catalogue_evidence	
frasch-ref-00340	Ray, Theravada Buddhism, p. 106	Bagan Epig Database.doc	bibliographic_reference	true	false	false	31	true	false	true	false	medium	use_for_bibliography	
frasch-ref-00341	Anthology 5, p. 81	Bagan Epig Database.doc	unclear	false	false	false	18	false	false	true	false	low	manual_review	
frasch-ref-00342	Blagden, JRAS 1909, p. 10	Bagan Epig Database.doc	bibliographic_reference	true	false	false	25	true	true	true	true	high	use_for_bibliography	
frasch-ref-00343	U Pe Maung Tin, The Myazedi Inscription, in Nava-rat Kui:-svay, Rangoon 1966, p. 23-33	Bagan Epig Database.doc	bibliographic_reference	true	false	false	86	true	true	true	true	high	use_for_bibliography	
frasch-ref-00344	U Tha Myat, The Pali Ver- sion of the Myazedi Inscription, Rangoon 1958	Bagan Epig Database.doc	bibliographic_reference	true	false	false	71	true	true	true	true	high	use_for_bibliography	
frasch-ref-00345	U Tin Lwin, Rajakumar's Inscription in Pali, in Takkasuil ... (repr. Yangon 1989)	Bagan Epig Database.doc	bibliographic_reference	true	false	false	81	true	true	true	true	high	use_for_bibliography	
frasch-ref-00346	The Myazedi Inscription in Four Languages, ed. by the Cultural Institute, Rangoon 1960, Harvey, History of Myanmar, p. 43-44	Bagan Epig Database.doc	unclear	false	false	false	124	false	true	true	true	low	manual_review	
frasch-ref-00347	OBI 1, p. 8	Bagan Epig Database.doc	catalogue_note	false	true	false	11	false	false	true	false	medium	use_for_catalogue_evidence	
frasch-ref-00348	Luce J 2675	Bagan Epig Database.doc	catalogue_note	false	true	false	11	false	false	false	false	low	use_for_catalogue_evidence	
frasch-ref-00349	List 53	Bagan Epig Database.doc	catalogue_note	false	true	false	7	false	false	false	false	low	use_for_catalogue_evidence	
frasch-ref-00350	B 2, p. 49	Bagan Epig Database.doc	catalogue_note	false	true	false	10	false	false	true	false	medium	use_for_catalogue_evidence	
frasch-ref-00351	MM 1, no. 25, p. 217	Bagan Epig Database.doc	catalogue_note	false	true	false	20	false	false	true	false	medium	use_for_catalogue_evidence	
frasch-ref-00352	List 54	Bagan Epig Database.doc	catalogue_note	false	true	false	7	false	false	false	false	low	use_for_catalogue_evidence	
frasch-ref-00353	A, p. 21= MM 4, no. 18, p. 81	Bagan Epig Database.doc	catalogue_note	false	true	false	29	false	false	true	false	medium	use_for_catalogue_evidence	
frasch-ref-00354	also see List 55-56 below	Bagan Epig Database.doc	unclear	false	false	false	25	false	false	false	false	low	manual_review	
frasch-ref-00355	List 55	Bagan Epig Database.doc	catalogue_note	false	true	false	7	false	false	false	false	low	use_for_catalogue_evidence	
frasch-ref-00356	B 1, p. 408	Bagan Epig Database.doc	catalogue_note	false	true	false	11	false	false	true	false	medium	use_for_catalogue_evidence	
frasch-ref-00357	MM 1, no. 26, p. 229	Bagan Epig Database.doc	catalogue_note	false	true	false	20	false	false	true	false	medium	use_for_catalogue_evidence	
frasch-ref-00358	List 56	Bagan Epig Database.doc	catalogue_note	false	true	false	7	false	false	false	false	low	use_for_catalogue_evidence	
frasch-ref-00359	B 1, p. 407	Bagan Epig Database.doc	catalogue_note	false	true	false	11	false	false	true	false	medium	use_for_catalogue_evidence	
frasch-ref-00360	MM 4, no. 17, p. 79	Bagan Epig Database.doc	catalogue_note	false	true	false	19	false	false	true	false	medium	use_for_catalogue_evidence	
frasch-ref-00361	List 940	Bagan Epig Database.doc	catalogue_note	false	true	false	8	false	false	false	false	low	use_for_catalogue_evidence	
frasch-ref-00362	B 1, p. 77	Bagan Epig Database.doc	catalogue_note	false	true	false	10	false	false	true	false	medium	use_for_catalogue_evidence	
frasch-ref-00363	OBI 1, p. 333	Bagan Epig Database.doc	catalogue_note	false	true	false	13	false	false	true	false	medium	use_for_catalogue_evidence	
frasch-ref-00364	MP 1, p. 29	Bagan Epig Database.doc	catalogue_note	false	true	false	11	false	false	true	false	medium	use_for_catalogue_evidence	
frasch-ref-00365	Pl. II 111	Bagan Epig Database.doc	catalogue_note	false	true	false	10	false	false	false	false	low	use_for_catalogue_evidence	
frasch-ref-00366	OBI 1, p. 334	Bagan Epig Database.doc	catalogue_note	false	true	false	13	false	false	true	false	medium	use_for_catalogue_evidence	
frasch-ref-00367	Pl. II 112	Bagan Epig Database.doc	catalogue_note	false	true	false	10	false	false	false	false	low	use_for_catalogue_evidence	
frasch-ref-00368	OBI 1, p. 336	Bagan Epig Database.doc	catalogue_note	false	true	false	13	false	false	true	false	medium	use_for_catalogue_evidence	
frasch-ref-00369	ARASI 1930-34, p. 190	Bagan Epig Database.doc	catalogue_note	false	true	false	21	false	true	true	true	medium	use_for_catalogue_evidence	
frasch-ref-00370	List 58	Bagan Epig Database.doc	catalogue_note	false	true	false	7	false	false	false	false	low	use_for_catalogue_evidence	
frasch-ref-00371	B 2, p. 720	Bagan Epig Database.doc	catalogue_note	false	true	false	11	false	false	true	false	medium	use_for_catalogue_evidence	
frasch-ref-00372	MM 1, p. 249	Bagan Epig Database.doc	catalogue_note	false	true	false	12	false	false	true	false	medium	use_for_catalogue_evidence	
frasch-ref-00373	List 40	Bagan Epig Database.doc	catalogue_note	false	true	false	7	false	false	false	false	low	use_for_catalogue_evidence	
frasch-ref-00374	B 2, p. 719	Bagan Epig Database.doc	catalogue_note	false	true	false	11	false	false	true	false	medium	use_for_catalogue_evidence	
frasch-ref-00375	MM 1, p. 188 (CS 455/1093)	Bagan Epig Database.doc	catalogue_note	false	true	false	26	false	true	true	false	medium	use_for_catalogue_evidence	
frasch-ref-00376	List 15	Bagan Epig Database.doc	catalogue_note	false	true	false	7	false	false	false	false	low	use_for_catalogue_evidence	
frasch-ref-00377	B 2, p. 713	Bagan Epig Database.doc	catalogue_note	false	true	false	11	false	false	true	false	medium	use_for_catalogue_evidence	
frasch-ref-00378	MM 2, no. 4, p. 6	Bagan Epig Database.doc	catalogue_note	false	true	false	17	false	false	true	false	medium	use_for_catalogue_evidence	
frasch-ref-00379	List 59	Bagan Epig Database.doc	catalogue_note	false	true	false	7	false	false	false	false	low	use_for_catalogue_evidence	
frasch-ref-00380	B 1, p. 167	Bagan Epig Database.doc	catalogue_note	false	true	false	11	false	false	true	false	medium	use_for_catalogue_evidence	
frasch-ref-00381	MM 1, no. 29, p. 261	Bagan Epig Database.doc	catalogue_note	false	true	false	20	false	false	true	false	medium	use_for_catalogue_evidence	
frasch-ref-00382	List 60	Bagan Epig Database.doc	catalogue_note	false	true	false	7	false	false	false	false	low	use_for_catalogue_evidence	
frasch-ref-00383	B 1, p. 409	Bagan Epig Database.doc	catalogue_note	false	true	false	11	false	false	true	false	medium	use_for_catalogue_evidence	
frasch-ref-00384	MM 1, no. 30, p. 270	Bagan Epig Database.doc	catalogue_note	false	true	false	20	false	false	true	false	medium	use_for_catalogue_evidence	
frasch-ref-00385	MM 4, no. 21, p. 96	Bagan Epig Database.doc	catalogue_note	false	true	false	19	false	false	true	false	medium	use_for_catalogue_evidence	
frasch-ref-00386	reading (2005)	Bagan Epig Database.doc	unclear	false	false	false	14	false	true	false	false	low	manual_review	
frasch-ref-00387	U Min Hswe, no. cc	Bagan Epig Database.doc	bibliographic_reference	true	false	false	18	true	false	true	false	medium	use_for_bibliography	
frasch-ref-00388	ed. Bauer ??	Bagan Epig Database.doc	unclear	false	false	false	12	false	false	false	false	low	manual_review	
frasch-ref-00389	Pl. I 1+2	Bagan Epig Database.doc	catalogue_note	false	true	false	9	false	false	false	false	low	use_for_catalogue_evidence	
frasch-ref-00390	OBI 1, p. 11	Bagan Epig Database.doc	catalogue_note	false	true	false	12	false	false	true	false	medium	use_for_catalogue_evidence	
frasch-ref-00391	List 66 a+b	Bagan Epig Database.doc	catalogue_note	false	true	false	11	false	false	false	false	low	use_for_catalogue_evidence	
frasch-ref-00392	PPA, p. 159	Bagan Epig Database.doc	catalogue_note	false	true	false	11	false	false	true	false	medium	use_for_catalogue_evidence	
frasch-ref-00393	TN, p. 73	Bagan Epig Database.doc	catalogue_note	false	true	false	9	false	false	true	false	medium	use_for_catalogue_evidence	
frasch-ref-00394	Luce/U Pe Maung Tin, JBRS 10 (2), 1920, p. 67-74 (and corrected date in JBRS 22 (3), 1932, p. 151), Luce/U Pe Maung Tin, BBHC 1 (1), 1960, p. 1-28	Bagan Epig Database.doc	unclear	false	false	false	146	false	true	true	true	low	manual_review	
frasch-ref-00395	Ray, Theravada Buddhism, p. 108	Bagan Epig Database.doc	bibliographic_reference	true	false	false	31	true	false	true	false	medium	use_for_bibliography	
frasch-ref-00396	OR 3475, no. 18	Bagan Epig Database.doc	catalogue_note	false	true	false	15	false	false	true	false	low	use_for_catalogue_evidence	
frasch-ref-00397	List 61	Bagan Epig Database.doc	catalogue_note	false	true	false	7	false	false	false	false	low	use_for_catalogue_evidence	
frasch-ref-00398	B 2, p. 925	Bagan Epig Database.doc	catalogue_note	false	true	false	11	false	false	true	false	medium	use_for_catalogue_evidence	
frasch-ref-00399	MM no. 32, p. 284	Bagan Epig Database.doc	catalogue_note	false	true	false	17	false	false	true	false	medium	use_for_catalogue_evidence	
frasch-ref-00400	List 62	Bagan Epig Database.doc	catalogue_note	false	true	false	7	false	false	false	false	low	use_for_catalogue_evidence	
frasch-ref-00401	B 1, p. 394	Bagan Epig Database.doc	catalogue_note	false	true	false	11	false	false	true	false	medium	use_for_catalogue_evidence	
frasch-ref-00402	MM no. 31, p. 278	Bagan Epig Database.doc	catalogue_note	false	true	false	17	false	false	true	false	medium	use_for_catalogue_evidence	
frasch-ref-00403	List 57	Bagan Epig Database.doc	catalogue_note	false	true	false	7	false	false	false	false	low	use_for_catalogue_evidence	
frasch-ref-00404	MM 1, no. 27, p. 239 (only minister plus Min Phwa Saw)	Bagan Epig Database.doc	catalogue_note	false	true	false	54	false	false	true	false	medium	use_for_catalogue_evidence	
frasch-ref-00405	MM 4, no. 19, p. 85	Bagan Epig Database.doc	catalogue_note	false	true	false	19	false	false	true	false	medium	use_for_catalogue_evidence	
frasch-ref-00406	Pl. III 311 a+b	Bagan Epig Database.doc	catalogue_note	false	true	false	15	false	false	false	false	low	use_for_catalogue_evidence	
frasch-ref-00407	OBI 2, p. 219	Bagan Epig Database.doc	catalogue_note	false	true	false	13	false	false	true	false	medium	use_for_catalogue_evidence	
frasch-ref-00408	Luce, OBEP, p. 115	Bagan Epig Database.doc	bibliographic_reference	true	false	false	18	true	false	true	false	medium	use_for_bibliography	
frasch-ref-00409	U Min Hswe, no. 25	Bagan Epig Database.doc	bibliographic_reference	true	false	false	18	true	false	true	false	medium	use_for_bibliography	
frasch-ref-00410	Luce J 2631	Bagan Epig Database.doc	catalogue_note	false	true	false	11	false	false	false	false	low	use_for_catalogue_evidence	
frasch-ref-00411	Pl. IV 476	Bagan Epig Database.doc	catalogue_note	false	true	false	10	false	false	false	false	low	use_for_catalogue_evidence	
frasch-ref-00412	SIP no. 6, p. 11	Bagan Epig Database.doc	catalogue_note	false	true	false	16	false	false	true	false	medium	use_for_catalogue_evidence	
frasch-ref-00413	List 533	Bagan Epig Database.doc	catalogue_note	false	true	false	8	false	false	false	false	low	use_for_catalogue_evidence	
frasch-ref-00414	PPA, p. 137	Bagan Epig Database.doc	catalogue_note	false	true	false	11	false	false	true	false	medium	use_for_catalogue_evidence	
frasch-ref-00415	TN, p. 64	Bagan Epig Database.doc	catalogue_note	false	true	false	9	false	false	true	false	medium	use_for_catalogue_evidence	
frasch-ref-00416	List 63	Bagan Epig Database.doc	catalogue_note	false	true	false	7	false	false	false	false	low	use_for_catalogue_evidence	
frasch-ref-00417	B 2, p. 765	Bagan Epig Database.doc	catalogue_note	false	true	false	11	false	false	true	false	medium	use_for_catalogue_evidence	
frasch-ref-00418	MM 1, no. 33, p. 297	Bagan Epig Database.doc	catalogue_note	false	true	false	20	false	false	true	false	medium	use_for_catalogue_evidence	
frasch-ref-00419	MM 4, p. 22, p. 99	Bagan Epig Database.doc	catalogue_note	false	true	false	18	false	false	true	false	medium	use_for_catalogue_evidence	
frasch-ref-00420	Pl. V 562a (lower part) + List 64	Bagan Epig Database.doc	catalogue_note	false	true	false	33	false	false	false	false	low	use_for_catalogue_evidence	
frasch-ref-00421	A, p. 26 (upper part)	Bagan Epig Database.doc	catalogue_note	false	true	false	21	false	false	true	false	medium	use_for_catalogue_evidence	
frasch-ref-00422	Luce L 3217	Bagan Epig Database.doc	unclear	false	false	false	11	false	false	false	false	low	manual_review	
frasch-ref-00423	OBI 1, p. 23-4	Bagan Epig Database.doc	catalogue_note	false	true	false	14	false	false	true	false	medium	use_for_catalogue_evidence	
frasch-ref-00424	List 65	Bagan Epig Database.doc	catalogue_note	false	true	false	7	false	false	false	false	low	use_for_catalogue_evidence	
frasch-ref-00425	B 1, p. 410	Bagan Epig Database.doc	catalogue_note	false	true	false	11	false	false	true	false	medium	use_for_catalogue_evidence	
frasch-ref-00426	MM 2, no. 7, p. 23	Bagan Epig Database.doc	catalogue_note	false	true	false	18	false	false	true	false	medium	use_for_catalogue_evidence	
frasch-ref-00427	Than Tun, Hnaung-dwe, no. 1, p. 1	Bagan Epig Database.doc	bibliographic_reference	true	false	false	33	true	false	true	false	medium	use_for_bibliography	
frasch-ref-00428	List 69	Bagan Epig Database.doc	catalogue_note	false	true	false	7	false	false	false	false	low	use_for_catalogue_evidence	
frasch-ref-00429	B 2, p. 780	Bagan Epig Database.doc	catalogue_note	false	true	false	11	false	false	true	false	medium	use_for_catalogue_evidence	
frasch-ref-00430	MM 2, no.9, p. 30	Bagan Epig Database.doc	catalogue_note	false	true	false	17	false	false	true	false	medium	use_for_catalogue_evidence	
frasch-ref-00431	List 68	Bagan Epig Database.doc	catalogue_note	false	true	false	7	false	false	false	false	low	use_for_catalogue_evidence	
frasch-ref-00432	B 2, p. 779	Bagan Epig Database.doc	catalogue_note	false	true	false	11	false	false	true	false	medium	use_for_catalogue_evidence	
frasch-ref-00433	MM 2, no. 8, p. 26 (MM)	Bagan Epig Database.doc	catalogue_note	false	true	false	23	false	false	true	false	medium	use_for_catalogue_evidence	
frasch-ref-00434	MM 2, no. 10, p. 33	Bagan Epig Database.doc	catalogue_note	false	true	false	19	false	false	true	false	medium	use_for_catalogue_evidence	
frasch-ref-00435	Pl. I 106-107	Bagan Epig Database.doc	catalogue_note	false	true	false	13	false	false	false	false	low	use_for_catalogue_evidence	
frasch-ref-00436	OBI 1, p. 20	Bagan Epig Database.doc	catalogue_note	false	true	false	12	false	false	true	false	medium	use_for_catalogue_evidence	
frasch-ref-00437	Pl. I 59	Bagan Epig Database.doc	catalogue_note	false	true	false	8	false	false	false	false	low	use_for_catalogue_evidence	
frasch-ref-00438	OBI 1, p. 22	Bagan Epig Database.doc	catalogue_note	false	true	false	12	false	false	true	false	medium	use_for_catalogue_evidence	
frasch-ref-00439	PPA, p. 192	Bagan Epig Database.doc	catalogue_note	false	true	false	11	false	false	true	false	medium	use_for_catalogue_evidence	
frasch-ref-00440	List 70-71	Bagan Epig Database.doc	catalogue_note	false	true	false	10	false	false	false	false	low	use_for_catalogue_evidence	
frasch-ref-00441	B 2, p. 705-6	Bagan Epig Database.doc	catalogue_note	false	true	false	13	false	false	true	false	medium	use_for_catalogue_evidence	
frasch-ref-00442	MM 2, no. 11-12, p. 36 and 38	Bagan Epig Database.doc	catalogue_note	false	true	false	29	false	false	true	false	medium	use_for_catalogue_evidence	
frasch-ref-00443	OBI 1, p. 25	Bagan Epig Database.doc	catalogue_note	false	true	false	12	false	false	true	false	medium	use_for_catalogue_evidence	
frasch-ref-00444	Pl. I 3	Bagan Epig Database.doc	catalogue_note	false	true	false	7	false	false	false	false	low	use_for_catalogue_evidence	
frasch-ref-00445	OBI 1, p. 26	Bagan Epig Database.doc	catalogue_note	false	true	false	12	false	false	true	false	medium	use_for_catalogue_evidence	
frasch-ref-00446	List 72	Bagan Epig Database.doc	catalogue_note	false	true	false	7	false	false	false	false	low	use_for_catalogue_evidence	
frasch-ref-00447	MP 1, p. 25	Bagan Epig Database.doc	catalogue_note	false	true	false	11	false	false	true	false	medium	use_for_catalogue_evidence	
frasch-ref-00448	A, p. 27	Bagan Epig Database.doc	catalogue_note	false	true	false	8	false	false	true	false	medium	use_for_catalogue_evidence	
frasch-ref-00449	Luce/U Pe Maung Tin, BBHC 1 (2), 1960, p. 231-7	Bagan Epig Database.doc	unclear	false	false	false	47	false	true	true	true	low	manual_review	
frasch-ref-00450	List 812	Bagan Epig Database.doc	catalogue_note	false	true	false	8	false	false	false	false	low	use_for_catalogue_evidence	
frasch-ref-00451	B 2, p. 872	Bagan Epig Database.doc	catalogue_note	false	true	false	11	false	false	true	false	medium	use_for_catalogue_evidence	
frasch-ref-00452	MM 4, no. 23, p. 104, and MM 4, no. 24, p. 108	Bagan Epig Database.doc	catalogue_note	false	true	false	46	false	false	true	false	medium	use_for_catalogue_evidence	
frasch-ref-00453	OBI 1, p. 337	Bagan Epig Database.doc	catalogue_note	false	true	false	13	false	false	true	false	medium	use_for_catalogue_evidence	
frasch-ref-00454	Pl. II 178	Bagan Epig Database.doc	catalogue_note	false	true	false	10	false	false	false	false	low	use_for_catalogue_evidence	
frasch-ref-00455	OBI 1, p. 27	Bagan Epig Database.doc	catalogue_note	false	true	false	12	false	false	true	false	medium	use_for_catalogue_evidence	
frasch-ref-00456	U Than Tun, Nhaung-dwe, no. 2, p. 4	Bagan Epig Database.doc	bibliographic_reference	true	false	false	35	true	false	true	false	medium	use_for_bibliography	
frasch-ref-00457	List 73	Bagan Epig Database.doc	catalogue_note	false	true	false	7	false	false	false	false	low	use_for_catalogue_evidence	
frasch-ref-00458	OBI 1, p. 346	Bagan Epig Database.doc	catalogue_note	false	true	false	13	false	false	true	false	medium	use_for_catalogue_evidence	
frasch-ref-00459	A, p. 28	Bagan Epig Database.doc	catalogue_note	false	true	false	8	false	false	true	false	medium	use_for_catalogue_evidence	
frasch-ref-00460	SIP no. 17, p. 13	Bagan Epig Database.doc	catalogue_note	false	true	false	17	false	false	true	false	medium	use_for_catalogue_evidence	
frasch-ref-00461	OBI 1, p. 339	Bagan Epig Database.doc	catalogue_note	false	true	false	13	false	false	true	false	medium	use_for_catalogue_evidence	
frasch-ref-00462	Than Tun, Hnaung-dwe, no. 2, p. 4	Bagan Epig Database.doc	bibliographic_reference	true	false	false	33	true	false	true	false	medium	use_for_bibliography	
frasch-ref-00463	List 74	Bagan Epig Database.doc	catalogue_note	false	true	false	7	false	false	false	false	low	use_for_catalogue_evidence	
frasch-ref-00464	B 1, p. 51	Bagan Epig Database.doc	catalogue_note	false	true	false	10	false	false	true	false	medium	use_for_catalogue_evidence	
frasch-ref-00465	MM 2, nos. 15-16, p. 55 and 60	Bagan Epig Database.doc	catalogue_note	false	true	false	30	false	false	true	false	medium	use_for_catalogue_evidence	
frasch-ref-00466	U Than Tun, Hnaung-dwe, no. 36, p. 121	Bagan Epig Database.doc	bibliographic_reference	true	false	false	38	true	false	true	false	medium	use_for_bibliography	
frasch-ref-00467	List 76	Bagan Epig Database.doc	catalogue_note	false	true	false	7	false	false	false	false	low	use_for_catalogue_evidence	
frasch-ref-00468	B 2, p. 641	Bagan Epig Database.doc	catalogue_note	false	true	false	11	false	false	true	false	medium	use_for_catalogue_evidence	
frasch-ref-00469	MM 2, no. 17, p. 66	Bagan Epig Database.doc	catalogue_note	false	true	false	19	false	false	true	false	medium	use_for_catalogue_evidence	
frasch-ref-00470	Pl. V 563a	Bagan Epig Database.doc	catalogue_note	false	true	false	10	false	false	false	false	low	use_for_catalogue_evidence	
frasch-ref-00471	OBI 2, p. 203	Bagan Epig Database.doc	catalogue_note	false	true	false	13	false	false	true	false	medium	use_for_catalogue_evidence	
frasch-ref-00472	List 77	Bagan Epig Database.doc	catalogue_note	false	true	false	7	false	false	false	false	low	use_for_catalogue_evidence	
frasch-ref-00473	B 1, p. 79	Bagan Epig Database.doc	catalogue_note	false	true	false	10	false	false	true	false	medium	use_for_catalogue_evidence	
frasch-ref-00474	MM 2, no. 18, p. 70	Bagan Epig Database.doc	catalogue_note	false	true	false	19	false	false	true	false	medium	use_for_catalogue_evidence	
frasch-ref-00475	OBI 1, p. 340	Bagan Epig Database.doc	catalogue_note	false	true	false	13	false	false	true	false	medium	use_for_catalogue_evidence	
frasch-ref-00476	List 78	Bagan Epig Database.doc	catalogue_note	false	true	false	7	false	false	false	false	low	use_for_catalogue_evidence	
frasch-ref-00477	A, p. 29	Bagan Epig Database.doc	catalogue_note	false	true	false	8	false	false	true	false	medium	use_for_catalogue_evidence	
frasch-ref-00478	Luce files L 3219	Bagan Epig Database.doc	unclear	false	false	false	17	false	false	false	false	low	manual_review	
frasch-ref-00479	Pl. III 341	Bagan Epig Database.doc	catalogue_note	false	true	false	11	false	false	false	false	low	use_for_catalogue_evidence	
frasch-ref-00480	OBI 3, p. 13	Bagan Epig Database.doc	catalogue_note	false	true	false	12	false	false	true	false	medium	use_for_catalogue_evidence	
frasch-ref-00481	List 677	Bagan Epig Database.doc	catalogue_note	false	true	false	8	false	false	false	false	low	use_for_catalogue_evidence	
frasch-ref-00482	B 1, p. 168	Bagan Epig Database.doc	catalogue_note	false	true	false	11	false	false	true	false	medium	use_for_catalogue_evidence	
frasch-ref-00483	MM 4, no. 25, p. 112 and MM 4, no. 26, p. 115	Bagan Epig Database.doc	catalogue_note	false	true	false	45	false	false	true	false	medium	use_for_catalogue_evidence	
frasch-ref-00484	Pl. I 4-5	Bagan Epig Database.doc	catalogue_note	false	true	false	9	false	false	false	false	low	use_for_catalogue_evidence	
frasch-ref-00485	OBI 1, p. 29	Bagan Epig Database.doc	catalogue_note	false	true	false	12	false	false	true	false	medium	use_for_catalogue_evidence	
frasch-ref-00486	SIP no. 8, p. 13	Bagan Epig Database.doc	catalogue_note	false	true	false	16	false	false	true	false	medium	use_for_catalogue_evidence	
frasch-ref-00487	UEM no. 5, p. 9	Bagan Epig Database.doc	catalogue_note	false	true	false	15	false	false	true	false	medium	use_for_catalogue_evidence	
frasch-ref-00488	List 81a+b	Bagan Epig Database.doc	catalogue_note	false	true	false	10	false	false	false	false	low	use_for_catalogue_evidence	
frasch-ref-00489	PPA, p. 141-2	Bagan Epig Database.doc	catalogue_note	false	true	false	13	false	false	true	false	medium	use_for_catalogue_evidence	
frasch-ref-00490	TN, p. 66	Bagan Epig Database.doc	catalogue_note	false	true	false	9	false	false	true	false	medium	use_for_catalogue_evidence	
frasch-ref-00491	Luce/ U Pe Maung Tin, BBHC 1 (2)	Bagan Epig Database.doc	unclear	false	false	false	32	false	false	true	true	low	manual_review	
frasch-ref-00492	1960, p. 241	Bagan Epig Database.doc	unclear	false	false	false	12	false	true	true	false	low	manual_review	
frasch-ref-00493	OBI 1, p. 32	Bagan Epig Database.doc	catalogue_note	false	true	false	12	false	false	true	false	medium	use_for_catalogue_evidence	
frasch-ref-00494	List 85	Bagan Epig Database.doc	catalogue_note	false	true	false	7	false	false	false	false	low	use_for_catalogue_evidence	
frasch-ref-00495	B 1, p. 304	Bagan Epig Database.doc	catalogue_note	false	true	false	11	false	false	true	false	medium	use_for_catalogue_evidence	
frasch-ref-00496	MM 2, p. 19, p. 77	Bagan Epig Database.doc	catalogue_note	false	true	false	18	false	false	true	false	medium	use_for_catalogue_evidence	
frasch-ref-00497	U Than Tun, Hnaung-dwe, no. 18, p. 53	Bagan Epig Database.doc	bibliographic_reference	true	false	false	37	true	false	true	false	medium	use_for_bibliography	
frasch-ref-00498	photo (1997 + 2013) in file	Bagan Epig Database.doc	unclear	false	false	false	27	false	true	false	false	low	manual_review	
frasch-ref-00499	OBI 1, p. 33	Bagan Epig Database.doc	catalogue_note	false	true	false	12	false	false	true	false	medium	use_for_catalogue_evidence	
frasch-ref-00500	RDASB 1963, p. 27-8	Bagan Epig Database.doc	unclear	false	false	false	19	false	true	true	true	low	manual_review	
frasch-ref-00501	List 87	Bagan Epig Database.doc	catalogue_note	false	true	false	7	false	false	false	false	low	use_for_catalogue_evidence	
frasch-ref-00502	B 1, p. 169	Bagan Epig Database.doc	catalogue_note	false	true	false	11	false	false	true	false	medium	use_for_catalogue_evidence	
frasch-ref-00503	MM 4, no. 27, p. 118	Bagan Epig Database.doc	catalogue_note	false	true	false	20	false	false	true	false	medium	use_for_catalogue_evidence	
frasch-ref-00504	OBI 1, p. 34	Bagan Epig Database.doc	catalogue_note	false	true	false	12	false	false	true	false	medium	use_for_catalogue_evidence	
frasch-ref-00505	List 86	Bagan Epig Database.doc	catalogue_note	false	true	false	7	false	false	false	false	low	use_for_catalogue_evidence	
frasch-ref-00506	B 2 p. 642	Bagan Epig Database.doc	catalogue_note	false	true	false	10	false	false	false	false	medium	use_for_catalogue_evidence	
frasch-ref-00507	MM 2, no. 22-23, p. 88 and 90	Bagan Epig Database.doc	catalogue_note	false	true	false	29	false	false	true	false	medium	use_for_catalogue_evidence	
frasch-ref-00508	List 444	Bagan Epig Database.doc	catalogue_note	false	true	false	8	false	false	false	false	low	use_for_catalogue_evidence	
frasch-ref-00509	B 1, p. 81	Bagan Epig Database.doc	catalogue_note	false	true	false	10	false	false	true	false	medium	use_for_catalogue_evidence	
frasch-ref-00510	MM 4, no. 28, p. 125	Bagan Epig Database.doc	catalogue_note	false	true	false	20	false	false	true	false	medium	use_for_catalogue_evidence	
frasch-ref-00511	List 712	Bagan Epig Database.doc	catalogue_note	false	true	false	8	false	false	false	false	low	use_for_catalogue_evidence	
frasch-ref-00512	A, p. 30	Bagan Epig Database.doc	catalogue_note	false	true	false	8	false	false	true	false	medium	use_for_catalogue_evidence	
frasch-ref-00513	MP 1, p. 37	Bagan Epig Database.doc	catalogue_note	false	true	false	11	false	false	true	false	medium	use_for_catalogue_evidence	
frasch-ref-00514	MM 4, no. 27, p. 131	Bagan Epig Database.doc	catalogue_note	false	true	false	20	false	false	true	false	medium	use_for_catalogue_evidence	
frasch-ref-00515	copy List 637	Bagan Epig Database.doc	unclear	false	false	false	13	false	false	false	false	low	manual_review	
frasch-ref-00516	B 1, p. 412	Bagan Epig Database.doc	catalogue_note	false	true	false	11	false	false	true	false	medium	use_for_catalogue_evidence	
frasch-ref-00517	MM 4, no. 26, p. 127	Bagan Epig Database.doc	catalogue_note	false	true	false	20	false	false	true	false	medium	use_for_catalogue_evidence	
frasch-ref-00518	OBI 1, p. 37	Bagan Epig Database.doc	catalogue_note	false	true	false	12	false	false	true	false	medium	use_for_catalogue_evidence	
frasch-ref-00519	MM 4, no. 31, p. 137 (not listed ?)	Bagan Epig Database.doc	catalogue_note	false	true	false	35	false	false	true	false	medium	use_for_catalogue_evidence	
frasch-ref-00520	Luce C 568 (not listed ?)	Bagan Epig Database.doc	unclear	false	false	false	25	false	false	false	false	low	manual_review	
frasch-ref-00521	OBI 1, p. 38	Bagan Epig Database.doc	catalogue_note	false	true	false	12	false	false	true	false	medium	use_for_catalogue_evidence	
frasch-ref-00522	RDASB 1969	Bagan Epig Database.doc	unclear	false	false	false	10	false	true	false	true	low	manual_review	
frasch-ref-00523	Pl. IV 365a	Bagan Epig Database.doc	catalogue_note	false	true	false	11	false	false	false	false	low	use_for_catalogue_evidence	
frasch-ref-00524	OBI 1, p. 342	Bagan Epig Database.doc	catalogue_note	false	true	false	13	false	false	true	false	medium	use_for_catalogue_evidence	
frasch-ref-00525	Htu- payon 2, p. 183	Bagan Epig Database.doc	unclear	false	false	false	20	false	false	true	false	low	manual_review	
frasch-ref-00526	ARASI 1936-37, p. 114	Bagan Epig Database.doc	catalogue_note	false	true	false	21	false	true	true	true	medium	use_for_catalogue_evidence	
frasch-ref-00527	U Nyein Maung, She-haung … Pancama-twe Nauk-hset-twe, p. 1	Bagan Epig Database.doc	bibliographic_reference	true	false	false	58	true	false	true	false	medium	use_for_bibliography	
frasch-ref-00528	?	Bagan Epig Database.doc	unclear	false	false	false	1	false	false	false	false	low	manual_review	
frasch-ref-00529	List 91	Bagan Epig Database.doc	catalogue_note	false	true	false	7	false	false	false	false	low	use_for_catalogue_evidence	
frasch-ref-00530	OBI 1, p. 343	Bagan Epig Database.doc	catalogue_note	false	true	false	13	false	false	true	false	medium	use_for_catalogue_evidence	
frasch-ref-00531	A, p. 80	Bagan Epig Database.doc	catalogue_note	false	true	false	8	false	false	true	false	medium	use_for_catalogue_evidence	
frasch-ref-00532	TN	Bagan Epig Database.doc	catalogue_note	false	true	false	2	false	false	false	false	low	use_for_catalogue_evidence	
frasch-ref-00533	Than Tun, Hnaung-dwe, no. 3, p. 6	Bagan Epig Database.doc	bibliographic_reference	true	false	false	33	true	false	true	false	medium	use_for_bibliography	
frasch-ref-00534	rubbing at Nat Mus	Bagan Epig Database.doc	unclear	false	false	false	18	false	false	false	false	low	manual_review	
frasch-ref-00535	U Than Tun, Hnaung-dwe, no. 5, p. 10	Bagan Epig Database.doc	bibliographic_reference	true	false	false	36	true	false	true	false	medium	use_for_bibliography	
frasch-ref-00536	List 900(b)	Bagan Epig Database.doc	catalogue_note	false	true	false	11	false	false	false	false	low	use_for_catalogue_evidence	
frasch-ref-00537	B 1, p. 445	Bagan Epig Database.doc	catalogue_note	false	true	false	11	false	false	true	false	medium	use_for_catalogue_evidence	
frasch-ref-00538	Pl. II 114a	Bagan Epig Database.doc	catalogue_note	false	true	false	11	false	false	false	false	low	use_for_catalogue_evidence	
frasch-ref-00539	OBI 1, p. 41	Bagan Epig Database.doc	catalogue_note	false	true	false	12	false	false	true	false	medium	use_for_catalogue_evidence	
frasch-ref-00540	Pl. V 571b	Bagan Epig Database.doc	catalogue_note	false	true	false	10	false	false	false	false	low	use_for_catalogue_evidence	
frasch-ref-00541	OBI 1, p. 344	Bagan Epig Database.doc	catalogue_note	false	true	false	13	false	false	true	false	medium	use_for_catalogue_evidence	
frasch-ref-00542	List 93	Bagan Epig Database.doc	catalogue_note	false	true	false	7	false	false	false	false	low	use_for_catalogue_evidence	
frasch-ref-00543	B 2, p. 888	Bagan Epig Database.doc	catalogue_note	false	true	false	11	false	false	true	false	medium	use_for_catalogue_evidence	
frasch-ref-00544	MM 2, no. 27, p. 109	Bagan Epig Database.doc	catalogue_note	false	true	false	20	false	false	true	false	medium	use_for_catalogue_evidence	
frasch-ref-00545	List 94-95	Bagan Epig Database.doc	catalogue_note	false	true	false	10	false	false	false	false	low	use_for_catalogue_evidence	
frasch-ref-00546	B 2, p. 766-767	Bagan Epig Database.doc	catalogue_note	false	true	false	15	false	false	true	false	medium	use_for_catalogue_evidence	
frasch-ref-00547	MM 2, no. 24-25, p. 93 and 99	Bagan Epig Database.doc	catalogue_note	false	true	false	29	false	false	true	false	medium	use_for_catalogue_evidence	
frasch-ref-00548	List 96	Bagan Epig Database.doc	catalogue_note	false	true	false	7	false	false	false	false	low	use_for_catalogue_evidence	
frasch-ref-00549	B 1, p. 165	Bagan Epig Database.doc	catalogue_note	false	true	false	11	false	false	true	false	medium	use_for_catalogue_evidence	
frasch-ref-00550	MM 2, no. 26, p. 105	Bagan Epig Database.doc	catalogue_note	false	true	false	20	false	false	true	false	medium	use_for_catalogue_evidence	
frasch-ref-00551	Pl. II 113	Bagan Epig Database.doc	catalogue_note	false	true	false	10	false	false	false	false	low	use_for_catalogue_evidence	
frasch-ref-00552	OBI 1, p. 40	Bagan Epig Database.doc	catalogue_note	false	true	false	12	false	false	true	false	medium	use_for_catalogue_evidence	
frasch-ref-00553	MP 1, no. 1, p. 1	Bagan Epig Database.doc	catalogue_note	false	true	false	17	false	false	true	false	medium	use_for_catalogue_evidence	
frasch-ref-00554	Luce, OBEP, p. 109	Bagan Epig Database.doc	bibliographic_reference	true	false	false	18	true	false	true	false	medium	use_for_bibliography	
frasch-ref-00555	Frasch, Pa- gan, p. 102-103	Bagan Epig Database.doc	bibliographic_reference	true	false	false	27	true	false	true	false	medium	use_for_bibliography	
frasch-ref-00556	OBI 1, p. 345	Bagan Epig Database.doc	catalogue_note	false	true	false	13	false	false	true	false	medium	use_for_catalogue_evidence	
frasch-ref-00557	Pl. V 593a	Bagan Epig Database.doc	catalogue_note	false	true	false	10	false	false	false	false	low	use_for_catalogue_evidence	
frasch-ref-00558	OBI 4, p. 163	Bagan Epig Database.doc	catalogue_note	false	true	false	13	false	false	true	false	medium	use_for_catalogue_evidence	
frasch-ref-00559	MP 2, p. 65	Bagan Epig Database.doc	catalogue_note	false	true	false	11	false	false	true	false	medium	use_for_catalogue_evidence	
frasch-ref-00560	List 83-84	Bagan Epig Database.doc	catalogue_note	false	true	false	10	false	false	false	false	low	use_for_catalogue_evidence	
frasch-ref-00561	B 2, p. 533-4	Bagan Epig Database.doc	catalogue_note	false	true	false	13	false	false	true	false	medium	use_for_catalogue_evidence	
frasch-ref-00562	MM 2, nos. 28-29, p. 111 and 116	Bagan Epig Database.doc	catalogue_note	false	true	false	32	false	false	true	false	medium	use_for_catalogue_evidence	
frasch-ref-00563	IMP	Bagan Epig Database.doc	unclear	false	false	false	3	false	false	false	false	low	manual_review	
frasch-ref-00564	own reading	Bagan Epig Database.doc	unclear	false	false	false	11	false	false	false	false	low	manual_review	
frasch-ref-00565	U Kyaw, “Bagan Minsa”, p. 192	Bagan Epig Database.doc	bibliographic_reference	true	false	false	29	true	false	true	false	medium	use_for_bibliography	
frasch-ref-00566	List 100a+b	Bagan Epig Database.doc	catalogue_note	false	true	false	11	false	false	false	false	low	use_for_catalogue_evidence	
frasch-ref-00567	UB 2, p. 188	Bagan Epig Database.doc	catalogue_note	false	true	false	12	false	false	true	false	medium	use_for_catalogue_evidence	
frasch-ref-00568	Luce G 1963	Bagan Epig Database.doc	unclear	false	false	false	11	false	true	false	false	low	manual_review	
frasch-ref-00569	List 1015	Bagan Epig Database.doc	catalogue_note	false	true	false	9	false	true	false	false	medium	use_for_catalogue_evidence	
frasch-ref-00570	B 2, p. 913	Bagan Epig Database.doc	catalogue_note	false	true	false	11	false	false	true	false	medium	use_for_catalogue_evidence	
frasch-ref-00571	MM 4, nos. 33-34, p. 145-151	Bagan Epig Database.doc	catalogue_note	false	true	false	28	false	false	true	false	medium	use_for_catalogue_evidence	
frasch-ref-00572	List 99	Bagan Epig Database.doc	catalogue_note	false	true	false	7	false	false	false	false	low	use_for_catalogue_evidence	
frasch-ref-00573	B 2 p. 841 (transfer co- py)	Bagan Epig Database.doc	catalogue_note	false	true	false	28	false	false	false	false	medium	use_for_catalogue_evidence	
frasch-ref-00574	MM 2, no. 30, p. 120	Bagan Epig Database.doc	catalogue_note	false	true	false	20	false	false	true	false	medium	use_for_catalogue_evidence	
frasch-ref-00575	and B 2, p. 842	Bagan Epig Database.doc	unclear	false	false	false	15	false	false	true	false	low	manual_review	
frasch-ref-00576	Pl. I 6	Bagan Epig Database.doc	catalogue_note	false	true	false	7	false	false	false	false	low	use_for_catalogue_evidence	
frasch-ref-00577	OBI 1, p. 42	Bagan Epig Database.doc	catalogue_note	false	true	false	12	false	false	true	false	medium	use_for_catalogue_evidence	
frasch-ref-00578	UEM no. 6 p. 11	Bagan Epig Database.doc	catalogue_note	false	true	false	15	false	false	false	false	medium	use_for_catalogue_evidence	
frasch-ref-00579	List 105	Bagan Epig Database.doc	catalogue_note	false	true	false	8	false	false	false	false	low	use_for_catalogue_evidence	
frasch-ref-00580	PPA, p. 139	Bagan Epig Database.doc	catalogue_note	false	true	false	11	false	false	true	false	medium	use_for_catalogue_evidence	
frasch-ref-00581	TN, p. 65	Bagan Epig Database.doc	catalogue_note	false	true	false	9	false	false	true	false	medium	use_for_catalogue_evidence	
frasch-ref-00582	Luce/U Pe Maung Tin, BBHC 3, 1963, p. 62	Bagan Epig Database.doc	unclear	false	false	false	40	false	true	true	true	low	manual_review	
frasch-ref-00583	Harvey, History, p. 331	Bagan Epig Database.doc	bibliographic_reference	true	false	false	23	true	false	true	false	medium	use_for_bibliography	
frasch-ref-00584	Anthology 5, p. 82	Bagan Epig Database.doc	unclear	false	false	false	18	false	false	true	false	low	manual_review	
frasch-ref-00585	U Min Hswe, no. 21	Bagan Epig Database.doc	bibliographic_reference	true	false	false	18	true	false	true	false	medium	use_for_bibliography	
frasch-ref-00586	List 104	Bagan Epig Database.doc	catalogue_note	false	true	false	8	false	false	false	false	low	use_for_catalogue_evidence	
frasch-ref-00587	B 2, p. 551	Bagan Epig Database.doc	catalogue_note	false	true	false	11	false	false	true	false	medium	use_for_catalogue_evidence	
frasch-ref-00588	MM 2, no. 31, p. 122	Bagan Epig Database.doc	catalogue_note	false	true	false	20	false	false	true	false	medium	use_for_catalogue_evidence	
frasch-ref-00589	List 101-103	Bagan Epig Database.doc	catalogue_note	false	true	false	12	false	false	false	false	low	use_for_catalogue_evidence	
frasch-ref-00590	B 2, p. 806-809	Bagan Epig Database.doc	catalogue_note	false	true	false	15	false	false	true	false	medium	use_for_catalogue_evidence	
frasch-ref-00591	MM 2, nos. 32-34, p. 124sq	Bagan Epig Database.doc	catalogue_note	false	true	false	26	false	false	true	false	medium	use_for_catalogue_evidence	
frasch-ref-00592	MM 2, no. 35, p. 141	Bagan Epig Database.doc	catalogue_note	false	true	false	20	false	false	true	false	medium	use_for_catalogue_evidence	
frasch-ref-00593	OR 6452 B (1), no. 16	Bagan Epig Database.doc	catalogue_note	false	true	false	21	false	false	true	false	low	use_for_catalogue_evidence	
frasch-ref-00594	Pl. I 7	Bagan Epig Database.doc	catalogue_note	false	true	false	7	false	false	false	false	low	use_for_catalogue_evidence	
frasch-ref-00595	OBI 1, p. 43	Bagan Epig Database.doc	catalogue_note	false	true	false	12	false	false	true	false	medium	use_for_catalogue_evidence	
frasch-ref-00596	copy List 106	Bagan Epig Database.doc	unclear	false	false	false	13	false	false	false	false	low	manual_review	
frasch-ref-00597	B 2, p. 768	Bagan Epig Database.doc	catalogue_note	false	true	false	11	false	false	true	false	medium	use_for_catalogue_evidence	
frasch-ref-00598	MM 2, no. 36, p. 144	Bagan Epig Database.doc	catalogue_note	false	true	false	20	false	false	true	false	medium	use_for_catalogue_evidence	
frasch-ref-00599	ARASI 1921-22, p. 35 and pl. 19a	Bagan Epig Database.doc	catalogue_note	false	true	false	32	false	true	true	true	medium	use_for_catalogue_evidence	
frasch-ref-00600	Luce/U Pe Maung Tin, BBHC 3, 1963, p. 65	Bagan Epig Database.doc	unclear	false	false	false	40	false	true	true	true	low	manual_review	
frasch-ref-00601	List 107	Bagan Epig Database.doc	catalogue_note	false	true	false	8	false	false	false	false	low	use_for_catalogue_evidence	
frasch-ref-00602	A, p. 32	Bagan Epig Database.doc	catalogue_note	false	true	false	8	false	false	true	false	medium	use_for_catalogue_evidence	
frasch-ref-00603	Pl. I 8a	Bagan Epig Database.doc	catalogue_note	false	true	false	8	false	false	false	false	low	use_for_catalogue_evidence	
frasch-ref-00604	OBI 1, p. 44	Bagan Epig Database.doc	catalogue_note	false	true	false	12	false	false	true	false	medium	use_for_catalogue_evidence	
frasch-ref-00605	List 108	Bagan Epig Database.doc	catalogue_note	false	true	false	8	false	false	false	false	low	use_for_catalogue_evidence	
frasch-ref-00606	A, p. 34	Bagan Epig Database.doc	catalogue_note	false	true	false	8	false	false	true	false	medium	use_for_catalogue_evidence	
frasch-ref-00607	MP 1, p. 49	Bagan Epig Database.doc	catalogue_note	false	true	false	11	false	false	true	false	medium	use_for_catalogue_evidence	
frasch-ref-00608	Luce/U Pe Maung Tin, BBHC 3, 1963, p. 69	Bagan Epig Database.doc	unclear	false	false	false	40	false	true	true	true	low	manual_review	
frasch-ref-00609	Than Tun, Hnaung-dwe, no. 5, p. 12	Bagan Epig Database.doc	bibliographic_reference	true	false	false	34	true	false	true	false	medium	use_for_bibliography	
frasch-ref-00610	List 111	Bagan Epig Database.doc	catalogue_note	false	true	false	8	false	false	false	false	low	use_for_catalogue_evidence	
frasch-ref-00611	OBI 1, p. 330	Bagan Epig Database.doc	catalogue_note	false	true	false	13	false	false	true	false	medium	use_for_catalogue_evidence	
frasch-ref-00612	A, p. 19	Bagan Epig Database.doc	catalogue_note	false	true	false	8	false	false	true	false	medium	use_for_catalogue_evidence	
frasch-ref-00613	MM 2, nos. 42-43, p. 168-172	Bagan Epig Database.doc	catalogue_note	false	true	false	28	false	false	true	false	medium	use_for_catalogue_evidence	
frasch-ref-00614	MP 1, p. 17	Bagan Epig Database.doc	catalogue_note	false	true	false	11	false	false	true	false	medium	use_for_catalogue_evidence	
frasch-ref-00615	Luce C 570	Bagan Epig Database.doc	unclear	false	false	false	10	false	false	false	false	low	manual_review	
frasch-ref-00616	List 112	Bagan Epig Database.doc	catalogue_note	false	true	false	8	false	false	false	false	low	use_for_catalogue_evidence	
frasch-ref-00617	B 1, p. 84	Bagan Epig Database.doc	catalogue_note	false	true	false	10	false	false	true	false	medium	use_for_catalogue_evidence	
frasch-ref-00618	MM 2, nos. 40-41, p. 159-163	Bagan Epig Database.doc	catalogue_note	false	true	false	28	false	false	true	false	medium	use_for_catalogue_evidence	
frasch-ref-00619	List 113	Bagan Epig Database.doc	catalogue_note	false	true	false	8	false	false	false	false	low	use_for_catalogue_evidence	
frasch-ref-00620	OBI 1, p. 347	Bagan Epig Database.doc	catalogue_note	false	true	false	13	false	false	true	false	medium	use_for_catalogue_evidence	
frasch-ref-00621	PPA, p. 145	Bagan Epig Database.doc	catalogue_note	false	true	false	11	false	false	true	false	medium	use_for_catalogue_evidence	
frasch-ref-00622	TN p. 67	Bagan Epig Database.doc	catalogue_note	false	true	false	8	false	false	false	false	medium	use_for_catalogue_evidence	
frasch-ref-00623	List 109-110	Bagan Epig Database.doc	catalogue_note	false	true	false	12	false	false	false	false	low	use_for_catalogue_evidence	
frasch-ref-00624	B 2, p. 781-783	Bagan Epig Database.doc	catalogue_note	false	true	false	15	false	false	true	false	medium	use_for_catalogue_evidence	
frasch-ref-00625	MM 2, nos. 38-39	Bagan Epig Database.doc	catalogue_note	false	true	false	16	false	false	true	false	low	use_for_catalogue_evidence	
frasch-ref-00626	OR 6452 B (1), no. 31	Bagan Epig Database.doc	catalogue_note	false	true	false	21	false	false	true	false	low	use_for_catalogue_evidence	
frasch-ref-00627	OBI 2, p. 204	Bagan Epig Database.doc	catalogue_note	false	true	false	13	false	false	true	false	medium	use_for_catalogue_evidence	
frasch-ref-00628	MP 2, p. 39	Bagan Epig Database.doc	catalogue_note	false	true	false	11	false	false	true	false	medium	use_for_catalogue_evidence	
frasch-ref-00629	List 112	Bagan Epig Database.doc	catalogue_note	false	true	false	8	false	false	false	false	low	use_for_catalogue_evidence	
frasch-ref-00630	B 1, p. 84	Bagan Epig Database.doc	catalogue_note	false	true	false	10	false	false	true	false	medium	use_for_catalogue_evidence	
frasch-ref-00631	MM 2, nos. 40-41, p. 159-163	Bagan Epig Database.doc	catalogue_note	false	true	false	28	false	false	true	false	medium	use_for_catalogue_evidence	
frasch-ref-00632	Pl. I 8b	Bagan Epig Database.doc	catalogue_note	false	true	false	8	false	false	false	false	low	use_for_catalogue_evidence	
frasch-ref-00633	OBI 1, p. 45	Bagan Epig Database.doc	catalogue_note	false	true	false	12	false	false	true	false	medium	use_for_catalogue_evidence	
frasch-ref-00634	Luce/ U Pe Maung Tin, BBHC 3, 1963, p. 72	Bagan Epig Database.doc	unclear	false	false	false	41	false	true	true	true	low	manual_review	
frasch-ref-00635	List 757	Bagan Epig Database.doc	catalogue_note	false	true	false	8	false	false	false	false	low	use_for_catalogue_evidence	
frasch-ref-00636	B 2, p. 711	Bagan Epig Database.doc	catalogue_note	false	true	false	11	false	false	true	false	medium	use_for_catalogue_evidence	
frasch-ref-00637	TN p. 4	Bagan Epig Database.doc	catalogue_note	false	true	false	7	false	false	false	false	medium	use_for_catalogue_evidence	
frasch-ref-00638	List 115	Bagan Epig Database.doc	catalogue_note	false	true	false	8	false	false	false	false	low	use_for_catalogue_evidence	
frasch-ref-00639	B 2, p. 552	Bagan Epig Database.doc	catalogue_note	false	true	false	11	false	false	true	false	medium	use_for_catalogue_evidence	
frasch-ref-00640	MM 4, no. 36, p. 164	Bagan Epig Database.doc	catalogue_note	false	true	false	20	false	false	true	false	medium	use_for_catalogue_evidence	
frasch-ref-00641	OBI 1, p. 46	Bagan Epig Database.doc	catalogue_note	false	true	false	12	false	false	true	false	medium	use_for_catalogue_evidence	
frasch-ref-00642	RDASB 1963, p. 28	Bagan Epig Database.doc	unclear	false	false	false	17	false	true	true	true	low	manual_review	
frasch-ref-00643	List 97	Bagan Epig Database.doc	catalogue_note	false	true	false	7	false	false	false	false	low	use_for_catalogue_evidence	
frasch-ref-00644	OBI 1, p. 352	Bagan Epig Database.doc	catalogue_note	false	true	false	13	false	false	true	false	medium	use_for_catalogue_evidence	
frasch-ref-00645	SIP no. 9, p. 16	Bagan Epig Database.doc	catalogue_note	false	true	false	16	false	false	true	false	medium	use_for_catalogue_evidence	
frasch-ref-00646	UB 1, p. 173	Bagan Epig Database.doc	catalogue_note	false	true	false	12	false	false	true	false	medium	use_for_catalogue_evidence	
frasch-ref-00647	U Min Hswe, no. 28	Bagan Epig Database.doc	bibliographic_reference	true	false	false	18	true	false	true	false	medium	use_for_bibliography	
frasch-ref-00648	Pl. II 114b	Bagan Epig Database.doc	catalogue_note	false	true	false	11	false	false	false	false	low	use_for_catalogue_evidence	
frasch-ref-00649	OBI 1, p. 353	Bagan Epig Database.doc	catalogue_note	false	true	false	13	false	false	true	false	medium	use_for_catalogue_evidence	
frasch-ref-00650	U Hswai, JBRS 48 (2), 1965, p. 67, no. 1	Bagan Epig Database.doc	bibliographic_reference	true	false	false	40	true	true	true	true	high	use_for_bibliography	
frasch-ref-00651	Pl. II 115	Bagan Epig Database.doc	catalogue_note	false	true	false	10	false	false	false	false	low	use_for_catalogue_evidence	
frasch-ref-00652	OBI 1, p. 46	Bagan Epig Database.doc	catalogue_note	false	true	false	12	false	false	true	false	medium	use_for_catalogue_evidence	
frasch-ref-00653	Htupa- yon 2, p. 117	Bagan Epig Database.doc	unclear	false	false	false	20	false	false	true	false	low	manual_review	
frasch-ref-00654	RSASB 1912, p. 34	Bagan Epig Database.doc	unclear	false	false	false	17	false	true	true	false	low	manual_review	
frasch-ref-00655	U Nyein Maung’s update to OBI 5 (Htupayon), p. 2	Bagan Epig Database.doc	unclear	false	false	false	48	false	false	true	false	low	manual_review	
frasch-ref-00656	A, p. 17	Bagan Epig Database.doc	catalogue_note	false	true	false	8	false	false	true	false	medium	use_for_catalogue_evidence	
frasch-ref-00657	List 119	Bagan Epig Database.doc	catalogue_note	false	true	false	8	false	false	false	false	low	use_for_catalogue_evidence	
frasch-ref-00658	U Tin Lwin, Saddanīti, p. 125 (re- fering to the Mahādvāranikāya-sāsanāvaṁ- sa-dīpanī)	Bagan Epig Database.doc	bibliographic_reference	true	false	false	86	true	false	true	false	medium	use_for_bibliography	
frasch-ref-00659	Pl. I 13	Bagan Epig Database.doc	catalogue_note	false	true	false	8	false	false	false	false	low	use_for_catalogue_evidence	
frasch-ref-00660	OBI 1, p. 48	Bagan Epig Database.doc	catalogue_note	false	true	false	12	false	false	true	false	medium	use_for_catalogue_evidence	
frasch-ref-00661	UEM no. 7, p. 12	Bagan Epig Database.doc	catalogue_note	false	true	false	16	false	false	true	false	medium	use_for_catalogue_evidence	
frasch-ref-00662	List 120	Bagan Epig Database.doc	catalogue_note	false	true	false	8	false	false	false	false	low	use_for_catalogue_evidence	
frasch-ref-00663	PPA, p. 165	Bagan Epig Database.doc	catalogue_note	false	true	false	11	false	false	true	false	medium	use_for_catalogue_evidence	
frasch-ref-00664	TN, p. 79	Bagan Epig Database.doc	catalogue_note	false	true	false	9	false	false	true	false	medium	use_for_catalogue_evidence	
frasch-ref-00665	Luce/U Pe Maung Tin, BBHC 3, 1963, p. 96	Bagan Epig Database.doc	unclear	false	false	false	40	false	true	true	true	low	manual_review	
frasch-ref-00666	Pl. III 325	Bagan Epig Database.doc	catalogue_note	false	true	false	11	false	false	false	false	low	use_for_catalogue_evidence	
frasch-ref-00667	OBI 1, p. 49	Bagan Epig Database.doc	catalogue_note	false	true	false	12	false	false	true	false	medium	use_for_catalogue_evidence	
frasch-ref-00668	Pl. I 10a+b	Bagan Epig Database.doc	catalogue_note	false	true	false	11	false	false	false	false	low	use_for_catalogue_evidence	
frasch-ref-00669	OBI 1, p. 50	Bagan Epig Database.doc	catalogue_note	false	true	false	12	false	false	true	false	medium	use_for_catalogue_evidence	
frasch-ref-00670	SIP no. 11, p. 19	Bagan Epig Database.doc	catalogue_note	false	true	false	17	false	false	true	false	medium	use_for_catalogue_evidence	
frasch-ref-00671	UEM no. 8, p. 13	Bagan Epig Database.doc	catalogue_note	false	true	false	16	false	false	true	false	medium	use_for_catalogue_evidence	
frasch-ref-00672	List 123a +b	Bagan Epig Database.doc	catalogue_note	false	true	false	12	false	false	false	false	low	use_for_catalogue_evidence	
frasch-ref-00673	PPA, p. 151	Bagan Epig Database.doc	catalogue_note	false	true	false	11	false	false	true	false	medium	use_for_catalogue_evidence	
frasch-ref-00674	TN, p. 70	Bagan Epig Database.doc	catalogue_note	false	true	false	9	false	false	true	false	medium	use_for_catalogue_evidence	
frasch-ref-00675	Duroiselle, JBRS 6.2, 1916, p. 88	Bagan Epig Database.doc	bibliographic_reference	true	false	false	33	true	true	true	true	high	use_for_bibliography	
frasch-ref-00676	Luce/U Pe Maung Tin, BBHC 3, 1963, p. 80	Bagan Epig Database.doc	unclear	false	false	false	40	false	true	true	true	low	manual_review	
frasch-ref-00677	Anthology 5, p. 84	Bagan Epig Database.doc	unclear	false	false	false	18	false	false	true	false	low	manual_review	
frasch-ref-00678	U Min Hswe, no. 20	Bagan Epig Database.doc	bibliographic_reference	true	false	false	18	true	false	true	false	medium	use_for_bibliography	
frasch-ref-00679	OBI 1, p. 226	Bagan Epig Database.doc	catalogue_note	false	true	false	13	false	false	true	false	medium	use_for_catalogue_evidence	
frasch-ref-00680	RDASB 1966	Bagan Epig Database.doc	unclear	false	false	false	10	false	true	false	true	low	manual_review	
frasch-ref-00681	Pl. IV 365b	Bagan Epig Database.doc	catalogue_note	false	true	false	11	false	false	false	false	low	use_for_catalogue_evidence	
frasch-ref-00682	OBI 1, p. 53	Bagan Epig Database.doc	catalogue_note	false	true	false	12	false	false	true	false	medium	use_for_catalogue_evidence	
frasch-ref-00683	Pl. I 11	Bagan Epig Database.doc	catalogue_note	false	true	false	8	false	false	false	false	low	use_for_catalogue_evidence	
frasch-ref-00684	OBI 1, p. 54	Bagan Epig Database.doc	catalogue_note	false	true	false	12	false	false	true	false	medium	use_for_catalogue_evidence	
frasch-ref-00685	List 125	Bagan Epig Database.doc	catalogue_note	false	true	false	8	false	false	false	false	low	use_for_catalogue_evidence	
frasch-ref-00686	A, p. 36	Bagan Epig Database.doc	catalogue_note	false	true	false	8	false	false	true	false	medium	use_for_catalogue_evidence	
frasch-ref-00687	MP 1, p. 139	Bagan Epig Database.doc	catalogue_note	false	true	false	12	false	false	true	false	medium	use_for_catalogue_evidence	
frasch-ref-00688	Luce/U Pe Maung Tin, BBHC 3, 1963, p. 88	Bagan Epig Database.doc	unclear	false	false	false	40	false	true	true	true	low	manual_review	
frasch-ref-00689	List 468	Bagan Epig Database.doc	catalogue_note	false	true	false	8	false	false	false	false	low	use_for_catalogue_evidence	
frasch-ref-00690	A, p. 37	Bagan Epig Database.doc	catalogue_note	false	true	false	8	false	false	true	false	medium	use_for_catalogue_evidence	
frasch-ref-00691	Pl. I 12	Bagan Epig Database.doc	catalogue_note	false	true	false	8	false	false	false	false	low	use_for_catalogue_evidence	
frasch-ref-00692	OBI 1, p. 55	Bagan Epig Database.doc	catalogue_note	false	true	false	12	false	false	true	false	medium	use_for_catalogue_evidence	
frasch-ref-00693	UEM no. 9, p. 16	Bagan Epig Database.doc	catalogue_note	false	true	false	16	false	false	true	false	medium	use_for_catalogue_evidence	
frasch-ref-00694	List 80	Bagan Epig Database.doc	catalogue_note	false	true	false	7	false	false	false	false	low	use_for_catalogue_evidence	
frasch-ref-00695	UB1, p. 287	Bagan Epig Database.doc	unclear	false	false	false	11	false	false	true	false	low	manual_review	
frasch-ref-00696	Luce/U Pe Maung Tin, BBHC 3, 1963, p. 91	Bagan Epig Database.doc	unclear	false	false	false	40	false	true	true	true	low	manual_review	
frasch-ref-00697	List 126	Bagan Epig Database.doc	catalogue_note	false	true	false	8	false	false	false	false	low	use_for_catalogue_evidence	
frasch-ref-00698	B 1, p. 417	Bagan Epig Database.doc	catalogue_note	false	true	false	11	false	false	true	false	medium	use_for_catalogue_evidence	
frasch-ref-00699	MM 3, no. 7, p. 29	Bagan Epig Database.doc	catalogue_note	false	true	false	18	false	false	true	false	medium	use_for_catalogue_evidence	
frasch-ref-00700	List 127	Bagan Epig Database.doc	catalogue_note	false	true	false	8	false	false	false	false	low	use_for_catalogue_evidence	
frasch-ref-00701	B 1, p. 396	Bagan Epig Database.doc	catalogue_note	false	true	false	11	false	false	true	false	medium	use_for_catalogue_evidence	
frasch-ref-00702	MM 3, no. 6, p. 27	Bagan Epig Database.doc	catalogue_note	false	true	false	18	false	false	true	false	medium	use_for_catalogue_evidence	
frasch-ref-00703	List 129a+b	Bagan Epig Database.doc	catalogue_note	false	true	false	11	false	false	false	false	low	use_for_catalogue_evidence	
frasch-ref-00704	OBI 1 p. 354	Bagan Epig Database.doc	catalogue_note	false	true	false	12	false	false	false	false	medium	use_for_catalogue_evidence	
frasch-ref-00705	UB 2, p. 229	Bagan Epig Database.doc	catalogue_note	false	true	false	12	false	false	true	false	medium	use_for_catalogue_evidence	
frasch-ref-00706	Luce G 1964	Bagan Epig Database.doc	unclear	false	false	false	11	false	true	false	false	low	manual_review	
frasch-ref-00707	U Hswai, JBRS 48 (2), 1965, p. 67, no. 3	Bagan Epig Database.doc	bibliographic_reference	true	false	false	40	true	true	true	true	high	use_for_bibliography	
frasch-ref-00708	List 128	Bagan Epig Database.doc	catalogue_note	false	true	false	8	false	false	false	false	low	use_for_catalogue_evidence	
frasch-ref-00709	OBI 1, p. 231	Bagan Epig Database.doc	catalogue_note	false	true	false	13	false	false	true	false	medium	use_for_catalogue_evidence	
frasch-ref-00710	U Maung Maung Lat, nos. 1+2	Bagan Epig Database.doc	bibliographic_reference	true	false	false	27	true	false	true	false	medium	use_for_bibliography	
frasch-ref-00711	U Hswai, JBRS 48 (2), 1965, p. 67, no. 2	Bagan Epig Database.doc	bibliographic_reference	true	false	false	40	true	true	true	true	high	use_for_bibliography	
frasch-ref-00712	Pl. I 9a	Bagan Epig Database.doc	catalogue_note	false	true	false	8	false	false	false	false	low	use_for_catalogue_evidence	
frasch-ref-00713	OBI 1, p. 56	Bagan Epig Database.doc	catalogue_note	false	true	false	12	false	false	true	false	medium	use_for_catalogue_evidence	
frasch-ref-00714	Luce/U Pe Maung Tin, BBHC 3, 1963, p. 74	Bagan Epig Database.doc	unclear	false	false	false	40	false	true	true	true	low	manual_review	
frasch-ref-00715	OBI 1, p. 358	Bagan Epig Database.doc	catalogue_note	false	true	false	13	false	false	true	false	medium	use_for_catalogue_evidence	
frasch-ref-00716	List 130	Bagan Epig Database.doc	catalogue_note	false	true	false	8	false	false	false	false	low	use_for_catalogue_evidence	
frasch-ref-00717	B 2, p. 813	Bagan Epig Database.doc	catalogue_note	false	true	false	11	false	false	true	false	medium	use_for_catalogue_evidence	
frasch-ref-00718	MM 3, no. 9, p. 38	Bagan Epig Database.doc	catalogue_note	false	true	false	18	false	false	true	false	medium	use_for_catalogue_evidence	
frasch-ref-00719	OBI 1, p. 358	Bagan Epig Database.doc	catalogue_note	false	true	false	13	false	false	true	false	medium	use_for_catalogue_evidence	
frasch-ref-00720	List 131	Bagan Epig Database.doc	catalogue_note	false	true	false	8	false	false	false	false	low	use_for_catalogue_evidence	
frasch-ref-00721	B 1, p. 397	Bagan Epig Database.doc	catalogue_note	false	true	false	11	false	false	true	false	medium	use_for_catalogue_evidence	
frasch-ref-00722	MM 3, no. 8, p. 36	Bagan Epig Database.doc	catalogue_note	false	true	false	18	false	false	true	false	medium	use_for_catalogue_evidence	
frasch-ref-00723	copies List 881	Bagan Epig Database.doc	unclear	false	false	false	15	false	false	false	false	low	manual_review	
frasch-ref-00724	B 1, p. 398	Bagan Epig Database.doc	catalogue_note	false	true	false	11	false	false	true	false	medium	use_for_catalogue_evidence	
frasch-ref-00725	MM 4, no. 37, p. 167 (first part, another inscr. dated 788/1416), and MM 4, no. 38, p. 174	Bagan Epig Database.doc	catalogue_note	false	true	false	90	false	true	true	false	medium	use_for_catalogue_evidence	
frasch-ref-00726	List 134-135	Bagan Epig Database.doc	catalogue_note	false	true	false	12	false	false	false	false	low	use_for_catalogue_evidence	
frasch-ref-00727	B 2, p. 818 and 630	Bagan Epig Database.doc	catalogue_note	false	true	false	19	false	false	true	false	medium	use_for_catalogue_evidence	
frasch-ref-00728	MM 3, nos. 13-14, p. 51-54	Bagan Epig Database.doc	catalogue_note	false	true	false	26	false	false	true	false	medium	use_for_catalogue_evidence	
frasch-ref-00729	OBI 1, p. 362	Bagan Epig Database.doc	catalogue_note	false	true	false	13	false	false	true	false	medium	use_for_catalogue_evidence	
frasch-ref-00730	List 136	Bagan Epig Database.doc	catalogue_note	false	true	false	8	false	false	false	false	low	use_for_catalogue_evidence	
frasch-ref-00731	B 2, p. 509	Bagan Epig Database.doc	catalogue_note	false	true	false	11	false	false	true	false	medium	use_for_catalogue_evidence	
frasch-ref-00732	RDASB 1938	Bagan Epig Database.doc	unclear	false	false	false	10	false	true	false	true	low	manual_review	
frasch-ref-00733	Pl. IV 366	Bagan Epig Database.doc	catalogue_note	false	true	false	10	false	false	false	false	low	use_for_catalogue_evidence	
frasch-ref-00734	List 132-133	Bagan Epig Database.doc	catalogue_note	false	true	false	12	false	false	false	false	low	use_for_catalogue_evidence	
frasch-ref-00735	B 2, p. 814-817	Bagan Epig Database.doc	catalogue_note	false	true	false	15	false	false	true	false	medium	use_for_catalogue_evidence	
frasch-ref-00736	MM 3, nos. 11-12, p. 47-	Bagan Epig Database.doc	catalogue_note	false	true	false	24	false	false	true	false	medium	use_for_catalogue_evidence	
frasch-ref-00737	OR 6452 B (1), no. 20	Bagan Epig Database.doc	catalogue_note	false	true	false	21	false	false	true	false	low	use_for_catalogue_evidence	
frasch-ref-00738	Pl. IV 367a	Bagan Epig Database.doc	catalogue_note	false	true	false	11	false	false	false	false	low	use_for_catalogue_evidence	
frasch-ref-00739	Luce, Old Burma, p. 388	Bagan Epig Database.doc	bibliographic_reference	true	false	false	23	true	false	true	false	medium	use_for_bibliography	
frasch-ref-00740	RDASB 1916, p. 21 and App. G, p. 55	Bagan Epig Database.doc	unclear	false	false	false	35	false	true	true	true	low	manual_review	
frasch-ref-00741	List 146	Bagan Epig Database.doc	catalogue_note	false	true	false	8	false	false	false	false	low	use_for_catalogue_evidence	
frasch-ref-00742	OBI 1, p. 360	Bagan Epig Database.doc	catalogue_note	false	true	false	13	false	false	true	false	medium	use_for_catalogue_evidence	
frasch-ref-00743	SIP no. 12, p. 21	Bagan Epig Database.doc	catalogue_note	false	true	false	17	false	false	true	false	medium	use_for_catalogue_evidence	
frasch-ref-00744	A, p. 39	Bagan Epig Database.doc	catalogue_note	false	true	false	8	false	false	true	false	medium	use_for_catalogue_evidence	
frasch-ref-00745	copy List 402	Bagan Epig Database.doc	unclear	false	false	false	13	false	false	false	false	low	manual_review	
frasch-ref-00746	B 2, p. 819	Bagan Epig Database.doc	catalogue_note	false	true	false	11	false	false	true	false	medium	use_for_catalogue_evidence	
frasch-ref-00747	MM 4, no. 40, p. 186 (first part)	Bagan Epig Database.doc	catalogue_note	false	true	false	33	false	false	true	false	medium	use_for_catalogue_evidence	
frasch-ref-00748	List 137-138	Bagan Epig Database.doc	catalogue_note	false	true	false	12	false	false	false	false	low	use_for_catalogue_evidence	
frasch-ref-00749	B 2, p. 785-786	Bagan Epig Database.doc	catalogue_note	false	true	false	15	false	false	true	false	medium	use_for_catalogue_evidence	
frasch-ref-00750	MM 3, nos. 16-17, p. 64 and 66	Bagan Epig Database.doc	catalogue_note	false	true	false	30	false	false	true	false	medium	use_for_catalogue_evidence	
frasch-ref-00751	another copy MM 3, no. 18, p. 73	Bagan Epig Database.doc	unclear	false	false	false	32	false	false	true	false	low	manual_review	
frasch-ref-00752	OR 6452 B (1), no. 27	Bagan Epig Database.doc	catalogue_note	false	true	false	21	false	false	true	false	low	use_for_catalogue_evidence	
frasch-ref-00753	List 139	Bagan Epig Database.doc	catalogue_note	false	true	false	8	false	false	false	false	low	use_for_catalogue_evidence	
frasch-ref-00754	B 2, p. 592	Bagan Epig Database.doc	catalogue_note	false	true	false	11	false	false	true	false	medium	use_for_catalogue_evidence	
frasch-ref-00755	MM 3, no. 15, p. 56 and MM 4, no. 41, p. 192	Bagan Epig Database.doc	catalogue_note	false	true	false	44	false	false	true	false	medium	use_for_catalogue_evidence	
frasch-ref-00756	List 140	Bagan Epig Database.doc	catalogue_note	false	true	false	8	false	false	false	false	low	use_for_catalogue_evidence	
frasch-ref-00757	UB 1, p. 290	Bagan Epig Database.doc	catalogue_note	false	true	false	12	false	false	true	false	medium	use_for_catalogue_evidence	
frasch-ref-00758	Luce file L 3215	Bagan Epig Database.doc	unclear	false	false	false	16	false	false	false	false	low	manual_review	
frasch-ref-00759	List 1324	Bagan Epig Database.doc	catalogue_note	false	true	false	9	false	true	false	false	medium	use_for_catalogue_evidence	
frasch-ref-00760	UB 2 p. 233	Bagan Epig Database.doc	catalogue_note	false	true	false	11	false	false	false	false	medium	use_for_catalogue_evidence	
frasch-ref-00761	OBI 1, p. 363	Bagan Epig Database.doc	catalogue_note	false	true	false	13	false	false	true	false	medium	use_for_catalogue_evidence	
frasch-ref-00762	U Hswai, JBRS 48 (2), 1965, p. 67, no. 4	Bagan Epig Database.doc	bibliographic_reference	true	false	false	40	true	true	true	true	high	use_for_bibliography	
frasch-ref-00763	OBI 1, p. 365	Bagan Epig Database.doc	catalogue_note	false	true	false	13	false	false	true	false	medium	use_for_catalogue_evidence	
frasch-ref-00764	RDASB 1963, no. 6, p. 25	Bagan Epig Database.doc	unclear	false	false	false	24	false	true	true	true	low	manual_review	
frasch-ref-00765	OBI 3, p. 230, lines 17-24	Bagan Epig Database.doc	catalogue_note	false	true	false	26	false	false	true	false	medium	use_for_catalogue_evidence	
frasch-ref-00766	Luce files L 3215	Bagan Epig Database.doc	unclear	false	false	false	17	false	false	false	false	low	manual_review	
frasch-ref-00767	Pl. I 14	Bagan Epig Database.doc	catalogue_note	false	true	false	8	false	false	false	false	low	use_for_catalogue_evidence	
frasch-ref-00768	OBI 1, p. 56	Bagan Epig Database.doc	catalogue_note	false	true	false	12	false	false	true	false	medium	use_for_catalogue_evidence	
frasch-ref-00769	List 144	Bagan Epig Database.doc	catalogue_note	false	true	false	8	false	false	false	false	low	use_for_catalogue_evidence	
frasch-ref-00770	PPA, p. 166	Bagan Epig Database.doc	catalogue_note	false	true	false	11	false	false	true	false	medium	use_for_catalogue_evidence	
frasch-ref-00771	TN, p. 80	Bagan Epig Database.doc	catalogue_note	false	true	false	9	false	false	true	false	medium	use_for_catalogue_evidence	
frasch-ref-00772	Luce/U Pe Maung Tin, BBHC 3, 1963, p. 96	Bagan Epig Database.doc	unclear	false	false	false	40	false	true	true	true	low	manual_review	
frasch-ref-00773	OBI 1, p. 57	Bagan Epig Database.doc	catalogue_note	false	true	false	12	false	false	true	false	medium	use_for_catalogue_evidence	
frasch-ref-00774	Pl. V 576a	Bagan Epig Database.doc	catalogue_note	false	true	false	10	false	false	false	false	low	use_for_catalogue_evidence	
frasch-ref-00775	OBI 2, p. 206	Bagan Epig Database.doc	catalogue_note	false	true	false	13	false	false	true	false	medium	use_for_catalogue_evidence	
frasch-ref-00776	RDASB 1941, p. xxiv, app. H, no. 26	Bagan Epig Database.doc	unclear	false	false	false	35	false	true	true	true	low	manual_review	
frasch-ref-00777	List 142	Bagan Epig Database.doc	catalogue_note	false	true	false	8	false	false	false	false	low	use_for_catalogue_evidence	
frasch-ref-00778	B 2, p. 828	Bagan Epig Database.doc	catalogue_note	false	true	false	11	false	false	true	false	medium	use_for_catalogue_evidence	
frasch-ref-00779	copy List 141	Bagan Epig Database.doc	unclear	false	false	false	13	false	false	false	false	low	manual_review	
frasch-ref-00780	UB 1, p. 163	Bagan Epig Database.doc	catalogue_note	false	true	false	12	false	false	true	false	medium	use_for_catalogue_evidence	
frasch-ref-00781	OR 6452 B (2)	Bagan Epig Database.doc	catalogue_note	false	true	false	13	false	false	false	false	low	use_for_catalogue_evidence	
frasch-ref-00782	List 143	Bagan Epig Database.doc	catalogue_note	false	true	false	8	false	false	false	false	low	use_for_catalogue_evidence	
frasch-ref-00783	B 2, p. 553	Bagan Epig Database.doc	catalogue_note	false	true	false	11	false	false	true	false	medium	use_for_catalogue_evidence	
frasch-ref-00784	MM 3, nos. 19-20, p. 79-84	Bagan Epig Database.doc	catalogue_note	false	true	false	26	false	false	true	false	medium	use_for_catalogue_evidence	
frasch-ref-00785	Pl. II 116	Bagan Epig Database.doc	catalogue_note	false	true	false	10	false	false	false	false	low	use_for_catalogue_evidence	
frasch-ref-00786	OBI 1, p. 58	Bagan Epig Database.doc	catalogue_note	false	true	false	12	false	false	true	false	medium	use_for_catalogue_evidence	
frasch-ref-00787	RSASB 1915, p. 57	Bagan Epig Database.doc	unclear	false	false	false	17	false	true	true	false	low	manual_review	
frasch-ref-00788	OBI 1, p. 59	Bagan Epig Database.doc	catalogue_note	false	true	false	12	false	false	true	false	medium	use_for_catalogue_evidence	
frasch-ref-00789	Pl. I 15-16	Bagan Epig Database.doc	catalogue_note	false	true	false	11	false	false	false	false	low	use_for_catalogue_evidence	
frasch-ref-00790	OBI 1 p. 60	Bagan Epig Database.doc	catalogue_note	false	true	false	11	false	false	false	false	medium	use_for_catalogue_evidence	
frasch-ref-00791	List 145a+b	Bagan Epig Database.doc	catalogue_note	false	true	false	11	false	false	false	false	low	use_for_catalogue_evidence	
frasch-ref-00792	PPA, p. 118	Bagan Epig Database.doc	catalogue_note	false	true	false	11	false	false	true	false	medium	use_for_catalogue_evidence	
frasch-ref-00793	TN p. 6	Bagan Epig Database.doc	catalogue_note	false	true	false	7	false	false	false	false	medium	use_for_catalogue_evidence	
frasch-ref-00794	U Min Hswe, no. 66	Bagan Epig Database.doc	bibliographic_reference	true	false	false	18	true	false	true	false	medium	use_for_bibliography	
frasch-ref-00795	Pl. I 17-18	Bagan Epig Database.doc	catalogue_note	false	true	false	11	false	false	false	false	low	use_for_catalogue_evidence	
frasch-ref-00796	OBI 1, p. 62	Bagan Epig Database.doc	catalogue_note	false	true	false	12	false	false	true	false	medium	use_for_catalogue_evidence	
frasch-ref-00797	UEM no. 10, p. 17	Bagan Epig Database.doc	catalogue_note	false	true	false	17	false	false	true	false	medium	use_for_catalogue_evidence	
frasch-ref-00798	List 124a+b	Bagan Epig Database.doc	catalogue_note	false	true	false	11	false	false	false	false	low	use_for_catalogue_evidence	
frasch-ref-00799	UB 2, p. 197	Bagan Epig Database.doc	catalogue_note	false	true	false	12	false	false	true	false	medium	use_for_catalogue_evidence	
frasch-ref-00800	U Min Hswe, no. 78	Bagan Epig Database.doc	bibliographic_reference	true	false	false	18	true	false	true	false	medium	use_for_bibliography	
frasch-ref-00801	Pl. II 117a	Bagan Epig Database.doc	catalogue_note	false	true	false	11	false	false	false	false	low	use_for_catalogue_evidence	
frasch-ref-00802	OBI 1, p. 64	Bagan Epig Database.doc	catalogue_note	false	true	false	12	false	false	true	false	medium	use_for_catalogue_evidence	
frasch-ref-00803	List 380b	Bagan Epig Database.doc	catalogue_note	false	true	false	9	false	false	false	false	low	use_for_catalogue_evidence	
frasch-ref-00804	A, p. 128	Bagan Epig Database.doc	catalogue_note	false	true	false	9	false	false	true	false	medium	use_for_catalogue_evidence	
frasch-ref-00805	List 146	Bagan Epig Database.doc	catalogue_note	false	true	false	8	false	false	false	false	low	use_for_catalogue_evidence	
frasch-ref-00806	OBI 1, p. 360	Bagan Epig Database.doc	catalogue_note	false	true	false	13	false	false	true	false	medium	use_for_catalogue_evidence	
frasch-ref-00807	SIP no. 12, p. 21	Bagan Epig Database.doc	catalogue_note	false	true	false	17	false	false	true	false	medium	use_for_catalogue_evidence	
frasch-ref-00808	A, p. 39	Bagan Epig Database.doc	catalogue_note	false	true	false	8	false	false	true	false	medium	use_for_catalogue_evidence	
frasch-ref-00809	List 135	Bagan Epig Database.doc	catalogue_note	false	true	false	8	false	false	false	false	low	use_for_catalogue_evidence	
frasch-ref-00810	B 2, p. 630	Bagan Epig Database.doc	catalogue_note	false	true	false	11	false	false	true	false	medium	use_for_catalogue_evidence	
frasch-ref-00811	List 402	Bagan Epig Database.doc	catalogue_note	false	true	false	8	false	false	false	false	low	use_for_catalogue_evidence	
frasch-ref-00812	B 2, p. 819 (first inscr.)	Bagan Epig Database.doc	catalogue_note	false	true	false	26	false	false	true	false	medium	use_for_catalogue_evidence	
frasch-ref-00813	List 134	Bagan Epig Database.doc	catalogue_note	false	true	false	8	false	false	false	false	low	use_for_catalogue_evidence	
frasch-ref-00814	B 2, p. 818	Bagan Epig Database.doc	catalogue_note	false	true	false	11	false	false	true	false	medium	use_for_catalogue_evidence	
frasch-ref-00815	found before 2004	Bagan Epig Database.doc	unclear	false	false	false	17	false	true	false	false	low	manual_review	
frasch-ref-00816	*HD 9	Bagan Epig Database.doc	unclear	false	false	false	5	false	false	false	false	low	manual_review	
frasch-ref-00817	Pl. I 19-20	Bagan Epig Database.doc	catalogue_note	false	true	false	11	false	false	false	false	low	use_for_catalogue_evidence	
frasch-ref-00818	OBI 1, p. 65	Bagan Epig Database.doc	catalogue_note	false	true	false	12	false	false	true	false	medium	use_for_catalogue_evidence	
frasch-ref-00819	UEM no. 11, p. 19	Bagan Epig Database.doc	catalogue_note	false	true	false	17	false	false	true	false	medium	use_for_catalogue_evidence	
frasch-ref-00820	List 154a+b	Bagan Epig Database.doc	catalogue_note	false	true	false	11	false	false	false	false	low	use_for_catalogue_evidence	
frasch-ref-00821	UB 1, p. 257	Bagan Epig Database.doc	catalogue_note	false	true	false	12	false	false	true	false	medium	use_for_catalogue_evidence	
frasch-ref-00822	Luce/U Pe Maung Tin, BBHC 3, 1963, p. 118	Bagan Epig Database.doc	unclear	false	false	false	41	false	true	true	true	low	manual_review	
frasch-ref-00823	U Tin Htway, “First Burmese Royal Inscription”	Bagan Epig Database.doc	bibliographic_reference	true	false	false	46	true	false	true	false	medium	use_for_bibliography	
frasch-ref-00824	Pl. IV 368a-b	Bagan Epig Database.doc	catalogue_note	false	true	false	13	false	false	false	false	low	use_for_catalogue_evidence	
frasch-ref-00825	U Kyaw, Bagan Minsa, p. 187	Bagan Epig Database.doc	bibliographic_reference	true	false	false	27	true	false	true	false	medium	use_for_bibliography	
frasch-ref-00826	Pl. IV 369a-b	Bagan Epig Database.doc	catalogue_note	false	true	false	13	false	false	false	false	low	use_for_catalogue_evidence	
frasch-ref-00827	List 149 and List 158	Bagan Epig Database.doc	catalogue_note	false	true	false	21	false	false	false	false	low	use_for_catalogue_evidence	
frasch-ref-00828	UB 1, p. 330-332	Bagan Epig Database.doc	catalogue_note	false	true	false	16	false	false	true	false	medium	use_for_catalogue_evidence	
frasch-ref-00829	Harvey, History of Burma, p. 332	Bagan Epig Database.doc	bibliographic_reference	true	false	false	32	true	false	true	false	medium	use_for_bibliography	
frasch-ref-00830	Pl. I 21	Bagan Epig Database.doc	catalogue_note	false	true	false	8	false	false	false	false	low	use_for_catalogue_evidence	
frasch-ref-00831	OBI 1, p. 69	Bagan Epig Database.doc	catalogue_note	false	true	false	12	false	false	true	false	medium	use_for_catalogue_evidence	
frasch-ref-00832	List 152	Bagan Epig Database.doc	catalogue_note	false	true	false	8	false	false	false	false	low	use_for_catalogue_evidence	
frasch-ref-00833	A, p. 42	Bagan Epig Database.doc	catalogue_note	false	true	false	8	false	false	true	false	medium	use_for_catalogue_evidence	
frasch-ref-00834	MP 1, p. 53	Bagan Epig Database.doc	catalogue_note	false	true	false	11	false	false	true	false	medium	use_for_catalogue_evidence	
frasch-ref-00835	Pl. II 117b	Bagan Epig Database.doc	catalogue_note	false	true	false	11	false	false	false	false	low	use_for_catalogue_evidence	
frasch-ref-00836	OBI 1, p. 70	Bagan Epig Database.doc	catalogue_note	false	true	false	12	false	false	true	false	medium	use_for_catalogue_evidence	
frasch-ref-00837	Luce, Prayers, JBRS 1936, p. 135	Bagan Epig Database.doc	bibliographic_reference	true	false	false	32	true	true	true	true	high	use_for_bibliography	
frasch-ref-00838	U Than Tun, JBRS 1978, p. 15	Bagan Epig Database.doc	bibliographic_reference	true	false	false	28	true	true	true	true	high	use_for_bibliography	
frasch-ref-00839	Ray, Theravada Bud- dhism, p. 165	Bagan Epig Database.doc	bibliographic_reference	true	false	false	33	true	false	true	false	medium	use_for_bibliography	
frasch-ref-00840	List 151	Bagan Epig Database.doc	catalogue_note	false	true	false	8	false	false	false	false	low	use_for_catalogue_evidence	
frasch-ref-00841	OBI 1, p. 366	Bagan Epig Database.doc	catalogue_note	false	true	false	13	false	false	true	false	medium	use_for_catalogue_evidence	
frasch-ref-00842	A, p. 43	Bagan Epig Database.doc	catalogue_note	false	true	false	8	false	false	true	false	medium	use_for_catalogue_evidence	
frasch-ref-00843	MP 2, p. 61	Bagan Epig Database.doc	catalogue_note	false	true	false	11	false	false	true	false	medium	use_for_catalogue_evidence	
frasch-ref-00844	B 2, p. 821	Bagan Epig Database.doc	catalogue_note	false	true	false	11	false	false	true	false	medium	use_for_catalogue_evidence	
frasch-ref-00845	MM 3, p. 90 (not in List)	Bagan Epig Database.doc	catalogue_note	false	true	false	25	false	false	true	false	medium	use_for_catalogue_evidence	
frasch-ref-00846	copy List 150	Bagan Epig Database.doc	unclear	false	false	false	13	false	false	false	false	low	manual_review	
frasch-ref-00847	A, p. 46	Bagan Epig Database.doc	catalogue_note	false	true	false	8	false	false	true	false	medium	use_for_catalogue_evidence	
frasch-ref-00848	other copies are List 148	Bagan Epig Database.doc	unclear	false	false	false	25	false	false	false	false	low	manual_review	
frasch-ref-00849	B 2, p. 822	Bagan Epig Database.doc	catalogue_note	false	true	false	11	false	false	true	false	medium	use_for_catalogue_evidence	
frasch-ref-00850	MM 3, p. 93 (which has Vattalaṅkapuil as donor) and List 149	Bagan Epig Database.doc	catalogue_note	false	true	false	60	false	false	true	false	medium	use_for_catalogue_evidence	
frasch-ref-00851	another copy is List 401	Bagan Epig Database.doc	unclear	false	false	false	24	false	false	false	false	low	manual_review	
frasch-ref-00852	B 2, p. 823	Bagan Epig Database.doc	catalogue_note	false	true	false	11	false	false	true	false	medium	use_for_catalogue_evidence	
frasch-ref-00853	MM 4, no. 64, p. 275 (dated CS 660/1398)	Bagan Epig Database.doc	catalogue_note	false	true	false	40	false	true	true	false	medium	use_for_catalogue_evidence	
frasch-ref-00854	OBI 2, p. 205	Bagan Epig Database.doc	catalogue_note	false	true	false	13	false	false	true	false	medium	use_for_catalogue_evidence	
frasch-ref-00855	RDASB 1975	Bagan Epig Database.doc	unclear	false	false	false	10	false	true	false	true	low	manual_review	
frasch-ref-00856	Than Tun, Hnaung-dwe, no. 25, p. 74	Bagan Epig Database.doc	bibliographic_reference	true	false	false	35	true	false	true	false	medium	use_for_bibliography	
frasch-ref-00857	U Min Hswe, no. 56	Bagan Epig Database.doc	bibliographic_reference	true	false	false	18	true	false	true	false	medium	use_for_bibliography	
frasch-ref-00858	Pl. I 59	Bagan Epig Database.doc	catalogue_note	false	true	false	8	false	false	false	false	low	use_for_catalogue_evidence	
frasch-ref-00859	OBI 1, p. 22	Bagan Epig Database.doc	catalogue_note	false	true	false	12	false	false	true	false	medium	use_for_catalogue_evidence	
frasch-ref-00860	List 1251	Bagan Epig Database.doc	catalogue_note	false	true	false	9	false	true	false	false	medium	use_for_catalogue_evidence	
frasch-ref-00861	PPA, p. 192	Bagan Epig Database.doc	catalogue_note	false	true	false	11	false	false	true	false	medium	use_for_catalogue_evidence	
frasch-ref-00862	TN, p. 92	Bagan Epig Database.doc	catalogue_note	false	true	false	9	false	false	true	false	medium	use_for_catalogue_evidence	
frasch-ref-00863	Pl. V 572b	Bagan Epig Database.doc	catalogue_note	false	true	false	10	false	false	false	false	low	use_for_catalogue_evidence	
frasch-ref-00864	Luce G 1789 and C 678	Bagan Epig Database.doc	unclear	false	false	false	21	false	true	false	false	low	manual_review	
frasch-ref-00865	List 163	Bagan Epig Database.doc	catalogue_note	false	true	false	8	false	false	false	false	low	use_for_catalogue_evidence	
frasch-ref-00866	OBI 1, p. 224	Bagan Epig Database.doc	catalogue_note	false	true	false	13	false	false	true	false	medium	use_for_catalogue_evidence	
frasch-ref-00867	A, p. 50	Bagan Epig Database.doc	catalogue_note	false	true	false	8	false	false	true	false	medium	use_for_catalogue_evidence	
frasch-ref-00868	List 217	Bagan Epig Database.doc	catalogue_note	false	true	false	8	false	false	false	false	low	use_for_catalogue_evidence	
frasch-ref-00869	B 2, p. 796 (MM)	Bagan Epig Database.doc	catalogue_note	false	true	false	16	false	false	true	false	medium	use_for_catalogue_evidence	
frasch-ref-00870	List 130	Bagan Epig Database.doc	catalogue_note	false	true	false	8	false	false	false	false	low	use_for_catalogue_evidence	
frasch-ref-00871	B 2, p. 813	Bagan Epig Database.doc	catalogue_note	false	true	false	11	false	false	true	false	medium	use_for_catalogue_evidence	
frasch-ref-00872	List 216	Bagan Epig Database.doc	catalogue_note	false	true	false	8	false	false	false	false	low	use_for_catalogue_evidence	
frasch-ref-00873	B 2, p. 815	Bagan Epig Database.doc	catalogue_note	false	true	false	11	false	false	true	false	medium	use_for_catalogue_evidence	
frasch-ref-00874	List 155	Bagan Epig Database.doc	catalogue_note	false	true	false	8	false	false	false	false	low	use_for_catalogue_evidence	
frasch-ref-00875	OBI 1, p. 367	Bagan Epig Database.doc	catalogue_note	false	true	false	13	false	false	true	false	medium	use_for_catalogue_evidence	
frasch-ref-00876	A, p. 47	Bagan Epig Database.doc	catalogue_note	false	true	false	8	false	false	true	false	medium	use_for_catalogue_evidence	
frasch-ref-00877	List 32	Bagan Epig Database.doc	catalogue_note	false	true	false	7	false	false	false	false	low	use_for_catalogue_evidence	
frasch-ref-00878	OBI 1, p. 370	Bagan Epig Database.doc	catalogue_note	false	true	false	13	false	false	true	false	medium	use_for_catalogue_evidence	
frasch-ref-00879	A, p. 410	Bagan Epig Database.doc	catalogue_note	false	true	false	9	false	false	true	false	medium	use_for_catalogue_evidence	
frasch-ref-00880	List 156-157	Bagan Epig Database.doc	catalogue_note	false	true	false	12	false	false	false	false	low	use_for_catalogue_evidence	
frasch-ref-00881	OBI 1, p. 371	Bagan Epig Database.doc	catalogue_note	false	true	false	13	false	false	true	false	medium	use_for_catalogue_evidence	
frasch-ref-00882	B 2, p. 76	Bagan Epig Database.doc	catalogue_note	false	true	false	10	false	false	true	false	medium	use_for_catalogue_evidence	
frasch-ref-00883	B 1, p. 420	Bagan Epig Database.doc	catalogue_note	false	true	false	11	false	false	true	false	medium	use_for_catalogue_evidence	
frasch-ref-00884	B 2, p. 760	Bagan Epig Database.doc	catalogue_note	false	true	false	11	false	false	true	false	medium	use_for_catalogue_evidence	
frasch-ref-00885	List 159	Bagan Epig Database.doc	catalogue_note	false	true	false	8	false	false	false	false	low	use_for_catalogue_evidence	
frasch-ref-00886	A, p. 49	Bagan Epig Database.doc	catalogue_note	false	true	false	8	false	false	true	false	medium	use_for_catalogue_evidence	
frasch-ref-00887	Pl. I 22	Bagan Epig Database.doc	catalogue_note	false	true	false	8	false	false	false	false	low	use_for_catalogue_evidence	
frasch-ref-00888	OBI 1, p. 71	Bagan Epig Database.doc	catalogue_note	false	true	false	12	false	false	true	false	medium	use_for_catalogue_evidence	
frasch-ref-00889	UEM no. 12, p. 23	Bagan Epig Database.doc	catalogue_note	false	true	false	17	false	false	true	false	medium	use_for_catalogue_evidence	
frasch-ref-00890	List 160a+b	Bagan Epig Database.doc	catalogue_note	false	true	false	11	false	false	false	false	low	use_for_catalogue_evidence	
frasch-ref-00891	UB 2, p. 259	Bagan Epig Database.doc	catalogue_note	false	true	false	12	false	false	true	false	medium	use_for_catalogue_evidence	
frasch-ref-00892	Pl. I 24	Bagan Epig Database.doc	catalogue_note	false	true	false	8	false	false	false	false	low	use_for_catalogue_evidence	
frasch-ref-00893	OBI 1, p. 73	Bagan Epig Database.doc	catalogue_note	false	true	false	12	false	false	true	false	medium	use_for_catalogue_evidence	
frasch-ref-00894	SIP no. 14, p. 25	Bagan Epig Database.doc	catalogue_note	false	true	false	17	false	false	true	false	medium	use_for_catalogue_evidence	
frasch-ref-00895	List 161	Bagan Epig Database.doc	catalogue_note	false	true	false	8	false	false	false	false	low	use_for_catalogue_evidence	
frasch-ref-00896	UB 1, p. 147	Bagan Epig Database.doc	catalogue_note	false	true	false	12	false	false	true	false	medium	use_for_catalogue_evidence	
frasch-ref-00897	Anthology 1, p. 39	Bagan Epig Database.doc	unclear	false	false	false	18	false	false	true	false	low	manual_review	
frasch-ref-00898	U Min Hswe, no. 67	Bagan Epig Database.doc	bibliographic_reference	true	false	false	18	true	false	true	false	medium	use_for_bibliography	
frasch-ref-00899	Pl. III 324a	Bagan Epig Database.doc	catalogue_note	false	true	false	12	false	false	false	false	low	use_for_catalogue_evidence	
frasch-ref-00900	OBI 1, p. 74	Bagan Epig Database.doc	catalogue_note	false	true	false	12	false	false	true	false	medium	use_for_catalogue_evidence	
frasch-ref-00901	RDASB 1961, p. 13	Bagan Epig Database.doc	unclear	false	false	false	17	false	true	true	true	low	manual_review	
frasch-ref-00902	List 162	Bagan Epig Database.doc	catalogue_note	false	true	false	8	false	false	false	false	low	use_for_catalogue_evidence	
frasch-ref-00903	OBI 1, p. 377	Bagan Epig Database.doc	catalogue_note	false	true	false	13	false	false	true	false	medium	use_for_catalogue_evidence	
frasch-ref-00904	UB 2, p. 136	Bagan Epig Database.doc	catalogue_note	false	true	false	12	false	false	true	false	medium	use_for_catalogue_evidence	
frasch-ref-00905	Pl. IV 479 (l. 1-20)	Bagan Epig Database.doc	catalogue_note	false	true	false	20	false	false	false	false	low	use_for_catalogue_evidence	
frasch-ref-00906	OBI 4, p. 64	Bagan Epig Database.doc	catalogue_note	false	true	false	12	false	false	true	false	medium	use_for_catalogue_evidence	
frasch-ref-00907	List 92b	Bagan Epig Database.doc	catalogue_note	false	true	false	8	false	false	false	false	low	use_for_catalogue_evidence	
frasch-ref-00908	UB 2, 135	Bagan Epig Database.doc	catalogue_note	false	true	false	9	false	false	true	false	low	use_for_catalogue_evidence	
frasch-ref-00909	Pl. V 480a	Bagan Epig Database.doc	catalogue_note	false	true	false	10	false	false	false	false	low	use_for_catalogue_evidence	
frasch-ref-00910	OBI 4, p. 65	Bagan Epig Database.doc	catalogue_note	false	true	false	12	false	false	true	false	medium	use_for_catalogue_evidence	
frasch-ref-00911	List 92a	Bagan Epig Database.doc	catalogue_note	false	true	false	8	false	false	false	false	low	use_for_catalogue_evidence	
frasch-ref-00912	UB 2, p. 134	Bagan Epig Database.doc	catalogue_note	false	true	false	12	false	false	true	false	medium	use_for_catalogue_evidence	
frasch-ref-00913	copy List 163 (162?)	Bagan Epig Database.doc	unclear	false	false	false	20	false	false	false	false	low	manual_review	
frasch-ref-00914	B 2, p. 554	Bagan Epig Database.doc	catalogue_note	false	true	false	11	false	false	true	false	medium	use_for_catalogue_evidence	
frasch-ref-00915	reading from stone (16 May 13)	Bagan Epig Database.doc	unclear	false	false	false	30	false	false	false	false	low	manual_review	
frasch-ref-00916	Pichard, IMP 3, no. 698	Bagan Epig Database.doc	bibliographic_reference	true	false	false	23	true	false	true	false	medium	use_for_bibliography	
frasch-ref-00917	Pl. I 27	Bagan Epig Database.doc	catalogue_note	false	true	false	8	false	false	false	false	low	use_for_catalogue_evidence	
frasch-ref-00918	OBI 1, p. 75	Bagan Epig Database.doc	catalogue_note	false	true	false	12	false	false	true	false	medium	use_for_catalogue_evidence	
frasch-ref-00919	List 165	Bagan Epig Database.doc	catalogue_note	false	true	false	8	false	false	false	false	low	use_for_catalogue_evidence	
frasch-ref-00920	PPA, p. 167	Bagan Epig Database.doc	catalogue_note	false	true	false	11	false	false	true	false	medium	use_for_catalogue_evidence	
frasch-ref-00921	TN, p. 80	Bagan Epig Database.doc	catalogue_note	false	true	false	9	false	false	true	false	medium	use_for_catalogue_evidence	
frasch-ref-00922	Than Tun, Hnaung-dwe, no. 6, p. 14	Bagan Epig Database.doc	bibliographic_reference	true	false	false	34	true	false	true	false	medium	use_for_bibliography	
frasch-ref-00923	List 164	Bagan Epig Database.doc	catalogue_note	false	true	false	8	false	false	false	false	low	use_for_catalogue_evidence	
frasch-ref-00924	B 2, p. 555	Bagan Epig Database.doc	catalogue_note	false	true	false	11	false	false	true	false	medium	use_for_catalogue_evidence	
frasch-ref-00925	MM 3, no. 27, p. 115	Bagan Epig Database.doc	catalogue_note	false	true	false	20	false	false	true	false	medium	use_for_catalogue_evidence	
frasch-ref-00926	List 162	Bagan Epig Database.doc	catalogue_note	false	true	false	8	false	false	false	false	low	use_for_catalogue_evidence	
frasch-ref-00927	B 2, p. 554	Bagan Epig Database.doc	catalogue_note	false	true	false	11	false	false	true	false	medium	use_for_catalogue_evidence	
frasch-ref-00928	MM 3, no. 26, p. 112, another copy MM 3, no. 28, p. 122	Bagan Epig Database.doc	catalogue_note	false	true	false	55	false	false	true	false	medium	use_for_catalogue_evidence	
frasch-ref-00929	OBI 1, p. 375	Bagan Epig Database.doc	catalogue_note	false	true	false	13	false	false	true	false	medium	use_for_catalogue_evidence	
frasch-ref-00930	OBI 1, p. 80	Bagan Epig Database.doc	catalogue_note	false	true	false	12	false	false	true	false	medium	use_for_catalogue_evidence	
frasch-ref-00931	RDASB 1963, p. 29	Bagan Epig Database.doc	unclear	false	false	false	17	false	true	true	true	low	manual_review	
frasch-ref-00932	List 166	Bagan Epig Database.doc	catalogue_note	false	true	false	8	false	false	false	false	low	use_for_catalogue_evidence	
frasch-ref-00933	B 2, p. 787	Bagan Epig Database.doc	catalogue_note	false	true	false	11	false	false	true	false	medium	use_for_catalogue_evidence	
frasch-ref-00934	MM 1, no. 29, p. 129, and MM 4, no. 46, p. 211	Bagan Epig Database.doc	catalogue_note	false	true	false	46	false	false	true	false	medium	use_for_catalogue_evidence	
frasch-ref-00935	List 167	Bagan Epig Database.doc	catalogue_note	false	true	false	8	false	false	false	false	low	use_for_catalogue_evidence	
frasch-ref-00936	A, p. 54	Bagan Epig Database.doc	catalogue_note	false	true	false	8	false	false	true	false	medium	use_for_catalogue_evidence	
frasch-ref-00937	RSASB 1940-41, p. 31	Bagan Epig Database.doc	unclear	false	false	false	20	false	true	true	false	low	manual_review	
frasch-ref-00938	Pl. I 108a	Bagan Epig Database.doc	catalogue_note	false	true	false	10	false	false	false	false	low	use_for_catalogue_evidence	
frasch-ref-00939	OBI 1, p. 86	Bagan Epig Database.doc	catalogue_note	false	true	false	12	false	false	true	false	medium	use_for_catalogue_evidence	
frasch-ref-00940	copy List 427	Bagan Epig Database.doc	unclear	false	false	false	13	false	false	false	false	low	manual_review	
frasch-ref-00941	B 2, p. 792	Bagan Epig Database.doc	catalogue_note	false	true	false	11	false	false	true	false	medium	use_for_catalogue_evidence	
frasch-ref-00942	Pl. IV 402	Bagan Epig Database.doc	catalogue_note	false	true	false	10	false	false	false	false	low	use_for_catalogue_evidence	
frasch-ref-00943	OBI 1, p. 351	Bagan Epig Database.doc	catalogue_note	false	true	false	13	false	false	true	false	medium	use_for_catalogue_evidence	
frasch-ref-00944	List 67b	Bagan Epig Database.doc	catalogue_note	false	true	false	8	false	false	false	false	low	use_for_catalogue_evidence	
frasch-ref-00945	UB 2, p. 133	Bagan Epig Database.doc	catalogue_note	false	true	false	12	false	false	true	false	medium	use_for_catalogue_evidence	
frasch-ref-00946	Pl. I 28a+b	Bagan Epig Database.doc	catalogue_note	false	true	false	11	false	false	false	false	low	use_for_catalogue_evidence	
frasch-ref-00947	OBI 1, p. 77	Bagan Epig Database.doc	catalogue_note	false	true	false	12	false	false	true	false	medium	use_for_catalogue_evidence	
frasch-ref-00948	List 168a+b	Bagan Epig Database.doc	catalogue_note	false	true	false	11	false	false	false	false	low	use_for_catalogue_evidence	
frasch-ref-00949	A, p. 51	Bagan Epig Database.doc	catalogue_note	false	true	false	8	false	false	true	false	medium	use_for_catalogue_evidence	
frasch-ref-00950	MP 1, p. 61-65	Bagan Epig Database.doc	catalogue_note	false	true	false	14	false	false	true	false	medium	use_for_catalogue_evidence	
frasch-ref-00951	Pl. I 29	Bagan Epig Database.doc	catalogue_note	false	true	false	8	false	false	false	false	low	use_for_catalogue_evidence	
frasch-ref-00952	OBI 1, p. 81	Bagan Epig Database.doc	catalogue_note	false	true	false	12	false	false	true	false	medium	use_for_catalogue_evidence	
frasch-ref-00953	UEM no. 14, p. 28	Bagan Epig Database.doc	catalogue_note	false	true	false	17	false	false	true	false	medium	use_for_catalogue_evidence	
frasch-ref-00954	List 153	Bagan Epig Database.doc	catalogue_note	false	true	false	8	false	false	false	false	low	use_for_catalogue_evidence	
frasch-ref-00955	A, p. 41	Bagan Epig Database.doc	catalogue_note	false	true	false	8	false	false	true	false	medium	use_for_catalogue_evidence	
frasch-ref-00956	MP, p. 93	Bagan Epig Database.doc	catalogue_note	false	true	false	9	false	false	true	false	medium	use_for_catalogue_evidence	
frasch-ref-00957	OBI 1, p. 82	Bagan Epig Database.doc	catalogue_note	false	true	false	12	false	false	true	false	medium	use_for_catalogue_evidence	
frasch-ref-00958	Pl. V 557a	Bagan Epig Database.doc	catalogue_note	false	true	false	10	false	false	false	false	low	use_for_catalogue_evidence	
frasch-ref-00959	Pl. I 32-33	Bagan Epig Database.doc	catalogue_note	false	true	false	11	false	false	false	false	low	use_for_catalogue_evidence	
frasch-ref-00960	OBI 1, p. 86	Bagan Epig Database.doc	catalogue_note	false	true	false	12	false	false	true	false	medium	use_for_catalogue_evidence	
frasch-ref-00961	List 172	Bagan Epig Database.doc	catalogue_note	false	true	false	8	false	false	false	false	low	use_for_catalogue_evidence	
frasch-ref-00962	PPA, p. 168	Bagan Epig Database.doc	catalogue_note	false	true	false	11	false	false	true	false	medium	use_for_catalogue_evidence	
frasch-ref-00963	TN, p. 80	Bagan Epig Database.doc	catalogue_note	false	true	false	9	false	false	true	false	medium	use_for_catalogue_evidence	
frasch-ref-00964	Pl. II 118a	Bagan Epig Database.doc	catalogue_note	false	true	false	11	false	false	false	false	low	use_for_catalogue_evidence	
frasch-ref-00965	OBI 1, p. 89	Bagan Epig Database.doc	catalogue_note	false	true	false	12	false	false	true	false	medium	use_for_catalogue_evidence	
frasch-ref-00966	U Hswai, JBRS 48 (2), 1965, p. 67, no. 5	Bagan Epig Database.doc	bibliographic_reference	true	false	false	40	true	true	true	true	high	use_for_bibliography	
frasch-ref-00967	Pl. V 573a	Bagan Epig Database.doc	catalogue_note	false	true	false	10	false	false	false	false	low	use_for_catalogue_evidence	
frasch-ref-00968	OBI 2, p. 207	Bagan Epig Database.doc	catalogue_note	false	true	false	13	false	false	true	false	medium	use_for_catalogue_evidence	
frasch-ref-00969	OBI 1, p. 90	Bagan Epig Database.doc	catalogue_note	false	true	false	12	false	false	true	false	medium	use_for_catalogue_evidence	
frasch-ref-00970	RSASB 1926, App. G, p. 26, no. 14	Bagan Epig Database.doc	unclear	false	false	false	33	false	true	true	false	low	manual_review	
frasch-ref-00971	Pl. I 84	Bagan Epig Database.doc	catalogue_note	false	true	false	8	false	false	false	false	low	use_for_catalogue_evidence	
frasch-ref-00972	OBI 2, p. 3	Bagan Epig Database.doc	catalogue_note	false	true	false	11	false	false	true	false	medium	use_for_catalogue_evidence	
frasch-ref-00973	UEM no. 42, p. 115	Bagan Epig Database.doc	catalogue_note	false	true	false	18	false	false	true	false	medium	use_for_catalogue_evidence	
frasch-ref-00974	List 173	Bagan Epig Database.doc	catalogue_note	false	true	false	8	false	false	false	false	low	use_for_catalogue_evidence	
frasch-ref-00975	Pl. I 50	Bagan Epig Database.doc	catalogue_note	false	true	false	8	false	false	false	false	low	use_for_catalogue_evidence	
frasch-ref-00976	OBI 1, p. 91	Bagan Epig Database.doc	catalogue_note	false	true	false	12	false	false	true	false	medium	use_for_catalogue_evidence	
frasch-ref-00977	UEM no. 21, p. 41	Bagan Epig Database.doc	catalogue_note	false	true	false	17	false	false	true	false	medium	use_for_catalogue_evidence	
frasch-ref-00978	List 122	Bagan Epig Database.doc	catalogue_note	false	true	false	8	false	false	false	false	low	use_for_catalogue_evidence	
frasch-ref-00979	PPA, p. 57	Bagan Epig Database.doc	catalogue_note	false	true	false	10	false	false	true	false	medium	use_for_catalogue_evidence	
frasch-ref-00980	TN, p. 27	Bagan Epig Database.doc	catalogue_note	false	true	false	9	false	false	true	false	medium	use_for_catalogue_evidence	
frasch-ref-00981	U Min Hswe, no. 4	Bagan Epig Database.doc	bibliographic_reference	true	false	false	17	true	false	true	false	medium	use_for_bibliography	
frasch-ref-00982	List 168 a+b	Bagan Epig Database.doc	catalogue_note	false	true	false	12	false	false	false	false	low	use_for_catalogue_evidence	
frasch-ref-00983	OBI 1, p. 93	Bagan Epig Database.doc	catalogue_note	false	true	false	12	false	false	true	false	medium	use_for_catalogue_evidence	
frasch-ref-00984	UB 2, p. 51	Bagan Epig Database.doc	catalogue_note	false	true	false	11	false	false	true	false	medium	use_for_catalogue_evidence	
frasch-ref-00985	Pl. I 34-35	Bagan Epig Database.doc	catalogue_note	false	true	false	11	false	false	false	false	low	use_for_catalogue_evidence	
frasch-ref-00986	OBI 1, p. 93	Bagan Epig Database.doc	catalogue_note	false	true	false	12	false	false	true	false	medium	use_for_catalogue_evidence	
frasch-ref-00987	SIP no. 16, p. 29	Bagan Epig Database.doc	catalogue_note	false	true	false	17	false	false	true	false	medium	use_for_catalogue_evidence	
frasch-ref-00988	UEM no. 16, p. 33	Bagan Epig Database.doc	catalogue_note	false	true	false	17	false	false	true	false	medium	use_for_catalogue_evidence	
frasch-ref-00989	List 174a+b	Bagan Epig Database.doc	catalogue_note	false	true	false	11	false	false	false	false	low	use_for_catalogue_evidence	
frasch-ref-00990	UB 1, p. 176	Bagan Epig Database.doc	catalogue_note	false	true	false	12	false	false	true	false	medium	use_for_catalogue_evidence	
frasch-ref-00991	U Min Hswe, no. 59	Bagan Epig Database.doc	bibliographic_reference	true	false	false	18	true	false	true	false	medium	use_for_bibliography	
frasch-ref-00992	Pl. IV 365c	Bagan Epig Database.doc	catalogue_note	false	true	false	11	false	false	false	false	low	use_for_catalogue_evidence	
frasch-ref-00993	OBI 1, p. 96	Bagan Epig Database.doc	catalogue_note	false	true	false	12	false	false	true	false	medium	use_for_catalogue_evidence	
frasch-ref-00994	Pl. I 38a	Bagan Epig Database.doc	catalogue_note	false	true	false	9	false	false	false	false	low	use_for_catalogue_evidence	
frasch-ref-00995	OBI 1, p. 97	Bagan Epig Database.doc	catalogue_note	false	true	false	12	false	false	true	false	medium	use_for_catalogue_evidence	
frasch-ref-00996	Pl. V 572a and Pl. III 334a (lower fragment)	Bagan Epig Database.doc	catalogue_note	false	true	false	44	false	false	false	false	low	use_for_catalogue_evidence	
frasch-ref-00997	OBI 2, p. 209	Bagan Epig Database.doc	catalogue_note	false	true	false	13	false	false	true	false	medium	use_for_catalogue_evidence	
frasch-ref-00998	List 1336	Bagan Epig Database.doc	catalogue_note	false	true	false	9	false	true	false	false	medium	use_for_catalogue_evidence	
frasch-ref-00999	A p. 474	Bagan Epig Database.doc	catalogue_note	false	true	false	8	false	false	false	false	medium	use_for_catalogue_evidence	
frasch-ref-01000	Pl. I 36	Bagan Epig Database.doc	catalogue_note	false	true	false	8	false	false	false	false	low	use_for_catalogue_evidence	
frasch-ref-01001	OBI 1 p. 97	Bagan Epig Database.doc	catalogue_note	false	true	false	11	false	false	false	false	medium	use_for_catalogue_evidence	
frasch-ref-01002	SIP no. 17, p. 30	Bagan Epig Database.doc	catalogue_note	false	true	false	17	false	false	true	false	medium	use_for_catalogue_evidence	
frasch-ref-01003	UEM no. 18, p. 36	Bagan Epig Database.doc	catalogue_note	false	true	false	17	false	false	true	false	medium	use_for_catalogue_evidence	
frasch-ref-01004	Pl. I 37-38a	Bagan Epig Database.doc	catalogue_note	false	true	false	12	false	false	false	false	low	use_for_catalogue_evidence	
frasch-ref-01005	OBI 1, p. 99	Bagan Epig Database.doc	catalogue_note	false	true	false	12	false	false	true	false	medium	use_for_catalogue_evidence	
frasch-ref-01006	UEM no. 18, p. 36	Bagan Epig Database.doc	catalogue_note	false	true	false	17	false	false	true	false	medium	use_for_catalogue_evidence	
frasch-ref-01007	List 175	Bagan Epig Database.doc	catalogue_note	false	true	false	8	false	false	false	false	low	use_for_catalogue_evidence	
frasch-ref-01008	PPA, p. 169	Bagan Epig Database.doc	catalogue_note	false	true	false	11	false	false	true	false	medium	use_for_catalogue_evidence	
frasch-ref-01009	TN, p. 81	Bagan Epig Database.doc	catalogue_note	false	true	false	9	false	false	true	false	medium	use_for_catalogue_evidence	
frasch-ref-01010	Pl. IV 370	Bagan Epig Database.doc	catalogue_note	false	true	false	10	false	false	false	false	low	use_for_catalogue_evidence	
frasch-ref-01011	OBI 1 p. 100	Bagan Epig Database.doc	catalogue_note	false	true	false	12	false	false	false	false	medium	use_for_catalogue_evidence	
frasch-ref-01012	List 881	Bagan Epig Database.doc	catalogue_note	false	true	false	8	false	false	false	false	low	use_for_catalogue_evidence	
frasch-ref-01013	OBI 1 p. 398	Bagan Epig Database.doc	catalogue_note	false	true	false	12	false	false	false	false	medium	use_for_catalogue_evidence	
frasch-ref-01014	MM 4, no. 37, p. 167 (reverse, ll. 18-33)	Bagan Epig Database.doc	catalogue_note	false	true	false	41	false	false	true	false	medium	use_for_catalogue_evidence	
frasch-ref-01015	List 893	Bagan Epig Database.doc	catalogue_note	false	true	false	8	false	false	false	false	low	use_for_catalogue_evidence	
frasch-ref-01016	B 2, p. 614	Bagan Epig Database.doc	catalogue_note	false	true	false	11	false	false	true	false	medium	use_for_catalogue_evidence	
frasch-ref-01017	MM 5	Bagan Epig Database.doc	catalogue_note	false	true	false	4	false	false	false	false	low	use_for_catalogue_evidence	
frasch-ref-01018	found before 2004	Bagan Epig Database.doc	unclear	false	false	false	17	false	true	false	false	low	manual_review	
frasch-ref-01019	*HD 10	Bagan Epig Database.doc	unclear	false	false	false	6	false	false	false	false	low	manual_review	
frasch-ref-01020	Pl. I 39-40	Bagan Epig Database.doc	catalogue_note	false	true	false	11	false	false	false	false	low	use_for_catalogue_evidence	
frasch-ref-01021	OBI 1, p. 102	Bagan Epig Database.doc	catalogue_note	false	true	false	13	false	false	true	false	medium	use_for_catalogue_evidence	
frasch-ref-01022	UEM no. 19, p. 38	Bagan Epig Database.doc	catalogue_note	false	true	false	17	false	false	true	false	medium	use_for_catalogue_evidence	
frasch-ref-01023	List 176	Bagan Epig Database.doc	catalogue_note	false	true	false	8	false	false	false	false	low	use_for_catalogue_evidence	
frasch-ref-01024	PPA, p. 170	Bagan Epig Database.doc	catalogue_note	false	true	false	11	false	false	true	false	medium	use_for_catalogue_evidence	
frasch-ref-01025	TN, p. 81	Bagan Epig Database.doc	catalogue_note	false	true	false	9	false	false	true	false	medium	use_for_catalogue_evidence	
frasch-ref-01026	copy MM 3, no. 30, p. 131	Bagan Epig Database.doc	unclear	false	false	false	25	false	false	true	false	low	manual_review	
frasch-ref-01027	U Min Hswe, no. 70	Bagan Epig Database.doc	bibliographic_reference	true	false	false	18	true	false	true	false	medium	use_for_bibliography	
frasch-ref-01028	OBI 2, p. 210	Bagan Epig Database.doc	catalogue_note	false	true	false	13	false	false	true	false	medium	use_for_catalogue_evidence	
frasch-ref-01029	RDASB 1975	Bagan Epig Database.doc	unclear	false	false	false	10	false	true	false	true	low	manual_review	
frasch-ref-01030	U Than Tun, Hnaung-dwe, no. 40, p. 128	Bagan Epig Database.doc	bibliographic_reference	true	false	false	38	true	false	true	false	medium	use_for_bibliography	
frasch-ref-01031	OBI 1, p. 106	Bagan Epig Database.doc	catalogue_note	false	true	false	13	false	false	true	false	medium	use_for_catalogue_evidence	
frasch-ref-01032	Luce G 1899	Bagan Epig Database.doc	unclear	false	false	false	11	false	true	false	false	low	manual_review	
frasch-ref-01033	ARASI 1936-37, p. 116	Bagan Epig Database.doc	catalogue_note	false	true	false	21	false	true	true	true	medium	use_for_catalogue_evidence	
frasch-ref-01034	Pl. I 56a	Bagan Epig Database.doc	catalogue_note	false	true	false	9	false	false	false	false	low	use_for_catalogue_evidence	
frasch-ref-01035	OBI 1, p. 107	Bagan Epig Database.doc	catalogue_note	false	true	false	13	false	false	true	false	medium	use_for_catalogue_evidence	
frasch-ref-01036	UEM no. 23, p. 44	Bagan Epig Database.doc	catalogue_note	false	true	false	17	false	false	true	false	medium	use_for_catalogue_evidence	
frasch-ref-01037	Pl. I 66	Bagan Epig Database.doc	catalogue_note	false	true	false	8	false	false	false	false	low	use_for_catalogue_evidence	
frasch-ref-01038	OBI 1, p. 108	Bagan Epig Database.doc	catalogue_note	false	true	false	13	false	false	true	false	medium	use_for_catalogue_evidence	
frasch-ref-01039	U Min Hswe, no. 41	Bagan Epig Database.doc	bibliographic_reference	true	false	false	18	true	false	true	false	medium	use_for_bibliography	
frasch-ref-01040	List 177	Bagan Epig Database.doc	catalogue_note	false	true	false	8	false	false	false	false	low	use_for_catalogue_evidence	
frasch-ref-01041	PPA, p. 95	Bagan Epig Database.doc	catalogue_note	false	true	false	10	false	false	true	false	medium	use_for_catalogue_evidence	
frasch-ref-01042	TN, p. 49	Bagan Epig Database.doc	catalogue_note	false	true	false	9	false	false	true	false	medium	use_for_catalogue_evidence	
frasch-ref-01043	Luce G 1969	Bagan Epig Database.doc	unclear	false	false	false	11	false	true	false	false	low	manual_review	
frasch-ref-01044	Pl. II 119a	Bagan Epig Database.doc	catalogue_note	false	true	false	11	false	false	false	false	low	use_for_catalogue_evidence	
frasch-ref-01045	OBI 1, p. 105	Bagan Epig Database.doc	catalogue_note	false	true	false	13	false	false	true	false	medium	use_for_catalogue_evidence	
frasch-ref-01046	Pl. I 41	Bagan Epig Database.doc	catalogue_note	false	true	false	8	false	false	false	false	low	use_for_catalogue_evidence	
frasch-ref-01047	OBI 1, p. 111	Bagan Epig Database.doc	catalogue_note	false	true	false	13	false	false	true	false	medium	use_for_catalogue_evidence	
frasch-ref-01048	UEM no. 20, p. 179	Bagan Epig Database.doc	catalogue_note	false	true	false	18	false	false	true	false	medium	use_for_catalogue_evidence	
frasch-ref-01049	List 179	Bagan Epig Database.doc	catalogue_note	false	true	false	8	false	false	false	false	low	use_for_catalogue_evidence	
frasch-ref-01050	PPA, p. 149	Bagan Epig Database.doc	catalogue_note	false	true	false	11	false	false	true	false	medium	use_for_catalogue_evidence	
frasch-ref-01051	TN, p. 69	Bagan Epig Database.doc	catalogue_note	false	true	false	9	false	false	true	false	medium	use_for_catalogue_evidence	
frasch-ref-01052	List 78	Bagan Epig Database.doc	catalogue_note	false	true	false	7	false	false	false	false	low	use_for_catalogue_evidence	
frasch-ref-01053	B 2, p. 788	Bagan Epig Database.doc	catalogue_note	false	true	false	11	false	false	true	false	medium	use_for_catalogue_evidence	
frasch-ref-01054	MM 3, no. 31, p. 133	Bagan Epig Database.doc	catalogue_note	false	true	false	20	false	false	true	false	medium	use_for_catalogue_evidence	
frasch-ref-01055	OR 3475, no. 5	Bagan Epig Database.doc	catalogue_note	false	true	false	14	false	false	true	false	low	use_for_catalogue_evidence	
frasch-ref-01056	Pl. I 42-43	Bagan Epig Database.doc	catalogue_note	false	true	false	11	false	false	false	false	low	use_for_catalogue_evidence	
frasch-ref-01057	OBI 1, p. 112	Bagan Epig Database.doc	catalogue_note	false	true	false	13	false	false	true	false	medium	use_for_catalogue_evidence	
frasch-ref-01058	Pl. I 44a	Bagan Epig Database.doc	catalogue_note	false	true	false	9	false	false	false	false	low	use_for_catalogue_evidence	
frasch-ref-01059	OBI 1, 116	Bagan Epig Database.doc	catalogue_note	false	true	false	10	false	false	true	false	low	use_for_catalogue_evidence	
frasch-ref-01060	Than Tun, Hnaung-dwe, no. 8, p. 18	Bagan Epig Database.doc	bibliographic_reference	true	false	false	34	true	false	true	false	medium	use_for_bibliography	
frasch-ref-01061	U Min Hswe, no. 73	Bagan Epig Database.doc	bibliographic_reference	true	false	false	18	true	false	true	false	medium	use_for_bibliography	
frasch-ref-01062	Pl. I 44b and IV 331b	Bagan Epig Database.doc	catalogue_note	false	true	false	21	false	false	false	false	low	use_for_catalogue_evidence	
frasch-ref-01063	OBI 1 p. 117	Bagan Epig Database.doc	catalogue_note	false	true	false	12	false	false	false	false	medium	use_for_catalogue_evidence	
frasch-ref-01064	List 180 and 1403	Bagan Epig Database.doc	catalogue_note	false	true	false	17	false	true	false	false	medium	use_for_catalogue_evidence	
frasch-ref-01065	A, p. 97 and 549	Bagan Epig Database.doc	catalogue_note	false	true	false	16	false	false	true	false	medium	use_for_catalogue_evidence	
frasch-ref-01066	Pl. V 479 (l. 21-30)	Bagan Epig Database.doc	catalogue_note	false	true	false	20	false	false	false	false	low	use_for_catalogue_evidence	
frasch-ref-01067	OBI 4, p. 64	Bagan Epig Database.doc	catalogue_note	false	true	false	12	false	false	true	false	medium	use_for_catalogue_evidence	
frasch-ref-01068	List 92b	Bagan Epig Database.doc	catalogue_note	false	true	false	8	false	false	false	false	low	use_for_catalogue_evidence	
frasch-ref-01069	UB 2, p. 135	Bagan Epig Database.doc	catalogue_note	false	true	false	12	false	false	true	false	medium	use_for_catalogue_evidence	
frasch-ref-01070	Pl. II 118a	Bagan Epig Database.doc	catalogue_note	false	true	false	11	false	false	false	false	low	use_for_catalogue_evidence	
frasch-ref-01071	OBI 1, p. 118	Bagan Epig Database.doc	catalogue_note	false	true	false	13	false	false	true	false	medium	use_for_catalogue_evidence	
frasch-ref-01072	OBI 1, p. 118	Bagan Epig Database.doc	catalogue_note	false	true	false	13	false	false	true	false	medium	use_for_catalogue_evidence	
frasch-ref-01073	List 182	Bagan Epig Database.doc	catalogue_note	false	true	false	8	false	false	false	false	low	use_for_catalogue_evidence	
frasch-ref-01074	UB 2, p. 137	Bagan Epig Database.doc	catalogue_note	false	true	false	12	false	false	true	false	medium	use_for_catalogue_evidence	
frasch-ref-01075	OBI 1, p. 119	Bagan Epig Database.doc	catalogue_note	false	true	false	13	false	false	true	false	medium	use_for_catalogue_evidence	
frasch-ref-01076	RDASB 1961	Bagan Epig Database.doc	unclear	false	false	false	10	false	true	false	true	low	manual_review	
frasch-ref-01077	U Hswai, JBRS 48 (2), 1965, p. 67, no. 12	Bagan Epig Database.doc	bibliographic_reference	true	false	false	41	true	true	true	true	high	use_for_bibliography	
frasch-ref-01078	OBI 1, p. 123	Bagan Epig Database.doc	catalogue_note	false	true	false	13	false	false	true	false	medium	use_for_catalogue_evidence	
frasch-ref-01079	RDASB 1964, p. 22 (no. 26)	Bagan Epig Database.doc	unclear	false	false	false	26	false	true	true	true	low	manual_review	
frasch-ref-01080	Than Tun, Hnaung-dwe, no. 8, p. 18	Bagan Epig Database.doc	bibliographic_reference	true	false	false	34	true	false	true	false	medium	use_for_bibliography	
frasch-ref-01081	U Min Hswe, no. 16	Bagan Epig Database.doc	bibliographic_reference	true	false	false	18	true	false	true	false	medium	use_for_bibliography	
frasch-ref-01082	(photo and xerox in file)	Bagan Epig Database.doc	unclear	false	false	false	25	false	false	false	false	low	manual_review	
frasch-ref-01083	List 862	Bagan Epig Database.doc	catalogue_note	false	true	false	8	false	false	false	false	low	use_for_catalogue_evidence	
frasch-ref-01084	B 2, p. 557	Bagan Epig Database.doc	catalogue_note	false	true	false	11	false	false	true	false	medium	use_for_catalogue_evidence	
frasch-ref-01085	MM ?	Bagan Epig Database.doc	catalogue_note	false	true	false	4	false	false	false	false	low	use_for_catalogue_evidence	
frasch-ref-01086	from rubbing in Epig. Section at DHR Naypyidaw	Bagan Epig Database.doc	unclear	false	false	false	46	false	false	false	false	low	manual_review	
frasch-ref-01087	Pl. II 120a-b	Bagan Epig Database.doc	catalogue_note	false	true	false	13	false	false	false	false	low	use_for_catalogue_evidence	
frasch-ref-01088	OBI 1, p. 121	Bagan Epig Database.doc	catalogue_note	false	true	false	13	false	false	true	false	medium	use_for_catalogue_evidence	
frasch-ref-01089	U Hswai, JBRS 48 (2), 1965, p. 67, no. 6	Bagan Epig Database.doc	bibliographic_reference	true	false	false	40	true	true	true	true	high	use_for_bibliography	
frasch-ref-01090	Pl. II 125b	Bagan Epig Database.doc	catalogue_note	false	true	false	11	false	false	false	false	low	use_for_catalogue_evidence	
frasch-ref-01091	OBI 1 p. 124	Bagan Epig Database.doc	catalogue_note	false	true	false	12	false	false	false	false	medium	use_for_catalogue_evidence	
frasch-ref-01092	List 171	Bagan Epig Database.doc	catalogue_note	false	true	false	8	false	false	false	false	low	use_for_catalogue_evidence	
frasch-ref-01093	UB 1, p. 288	Bagan Epig Database.doc	catalogue_note	false	true	false	12	false	false	true	false	medium	use_for_catalogue_evidence	
frasch-ref-01094	Pl. II 121a	Bagan Epig Database.doc	catalogue_note	false	true	false	11	false	false	false	false	low	use_for_catalogue_evidence	
frasch-ref-01095	OBI 1, p. 125	Bagan Epig Database.doc	catalogue_note	false	true	false	13	false	false	true	false	medium	use_for_catalogue_evidence	
frasch-ref-01096	Pl. I 45	Bagan Epig Database.doc	catalogue_note	false	true	false	8	false	false	false	false	low	use_for_catalogue_evidence	
frasch-ref-01097	OBI 1, p. 125	Bagan Epig Database.doc	catalogue_note	false	true	false	13	false	false	true	false	medium	use_for_catalogue_evidence	
frasch-ref-01098	OBI 1, p. 127	Bagan Epig Database.doc	catalogue_note	false	true	false	13	false	false	true	false	medium	use_for_catalogue_evidence	
frasch-ref-01099	Luce J 2672	Bagan Epig Database.doc	catalogue_note	false	true	false	11	false	false	false	false	low	use_for_catalogue_evidence	
frasch-ref-01100	Pl. IV 371a	Bagan Epig Database.doc	catalogue_note	false	true	false	11	false	false	false	false	low	use_for_catalogue_evidence	
frasch-ref-01101	OBI 1, p. 128	Bagan Epig Database.doc	catalogue_note	false	true	false	13	false	false	true	false	medium	use_for_catalogue_evidence	
frasch-ref-01102	List 1353 (acc. to IB)	Bagan Epig Database.doc	catalogue_note	false	true	false	22	false	true	false	false	medium	use_for_catalogue_evidence	
frasch-ref-01103	Pl. I 48-49	Bagan Epig Database.doc	catalogue_note	false	true	false	11	false	false	false	false	low	use_for_catalogue_evidence	
frasch-ref-01104	OBI 1, p. 130	Bagan Epig Database.doc	catalogue_note	false	true	false	13	false	false	true	false	medium	use_for_catalogue_evidence	
frasch-ref-01105	Pl. I 47	Bagan Epig Database.doc	catalogue_note	false	true	false	8	false	false	false	false	low	use_for_catalogue_evidence	
frasch-ref-01106	OBI 1, p. 133	Bagan Epig Database.doc	catalogue_note	false	true	false	13	false	false	true	false	medium	use_for_catalogue_evidence	
frasch-ref-01107	List 183	Bagan Epig Database.doc	catalogue_note	false	true	false	8	false	false	false	false	low	use_for_catalogue_evidence	
frasch-ref-01108	PPA, p. 150	Bagan Epig Database.doc	catalogue_note	false	true	false	11	false	false	true	false	medium	use_for_catalogue_evidence	
frasch-ref-01109	OR 3475, no. 6 (with date CS 581/1219)	Bagan Epig Database.doc	catalogue_note	false	true	false	38	false	true	true	false	medium	use_for_catalogue_evidence	
frasch-ref-01110	Pl. IV 372	Bagan Epig Database.doc	catalogue_note	false	true	false	10	false	false	false	false	low	use_for_catalogue_evidence	
frasch-ref-01111	SIP no. 18, p. 32	Bagan Epig Database.doc	catalogue_note	false	true	false	17	false	false	true	false	medium	use_for_catalogue_evidence	
frasch-ref-01112	List 184	Bagan Epig Database.doc	catalogue_note	false	true	false	8	false	false	false	false	low	use_for_catalogue_evidence	
frasch-ref-01113	U Kyaw, “Bagan Minsa”, p. 188- 189	Bagan Epig Database.doc	bibliographic_reference	true	false	false	34	true	false	true	false	medium	use_for_bibliography	
frasch-ref-01114	Pl. V 574a	Bagan Epig Database.doc	catalogue_note	false	true	false	10	false	false	false	false	low	use_for_catalogue_evidence	
frasch-ref-01115	OBI 5, p. 111	Bagan Epig Database.doc	catalogue_note	false	true	false	13	false	false	true	false	medium	use_for_catalogue_evidence	
frasch-ref-01116	OBI 1, p. 133	Bagan Epig Database.doc	catalogue_note	false	true	false	13	false	false	true	false	medium	use_for_catalogue_evidence	
frasch-ref-01117	RDASB 1963, p. 31, no. 47	Bagan Epig Database.doc	unclear	false	false	false	25	false	true	true	true	low	manual_review	
frasch-ref-01118	OBI 1, p. 134	Bagan Epig Database.doc	catalogue_note	false	true	false	13	false	false	true	false	medium	use_for_catalogue_evidence	
frasch-ref-01119	RDASB 1966	Bagan Epig Database.doc	unclear	false	false	false	10	false	true	false	true	low	manual_review	
frasch-ref-01120	OBI 1, p. 136	Bagan Epig Database.doc	catalogue_note	false	true	false	13	false	false	true	false	medium	use_for_catalogue_evidence	
frasch-ref-01121	RDASB 1966, p. 31 (no. 7)	Bagan Epig Database.doc	unclear	false	false	false	25	false	true	true	true	low	manual_review	
frasch-ref-01122	OBI 1, p. 137	Bagan Epig Database.doc	catalogue_note	false	true	false	13	false	false	true	false	medium	use_for_catalogue_evidence	
frasch-ref-01123	Luce J 2665	Bagan Epig Database.doc	catalogue_note	false	true	false	11	false	false	false	false	low	use_for_catalogue_evidence	
frasch-ref-01124	RDASB 1955	Bagan Epig Database.doc	unclear	false	false	false	10	false	true	false	true	low	manual_review	
frasch-ref-01125	OBI 1, p. 138	Bagan Epig Database.doc	catalogue_note	false	true	false	13	false	false	true	false	medium	use_for_catalogue_evidence	
frasch-ref-01126	MP 1, p. 45	Bagan Epig Database.doc	catalogue_note	false	true	false	11	false	false	true	false	medium	use_for_catalogue_evidence	
frasch-ref-01127	eye copy	Bagan Epig Database.doc	unclear	false	false	false	8	false	false	false	false	low	manual_review	
frasch-ref-01128	Pl. IV 377a	Bagan Epig Database.doc	catalogue_note	false	true	false	11	false	false	false	false	low	use_for_catalogue_evidence	
frasch-ref-01129	OBI 1, p. 139	Bagan Epig Database.doc	catalogue_note	false	true	false	13	false	false	true	false	medium	use_for_catalogue_evidence	
frasch-ref-01130	Pl. I 64	Bagan Epig Database.doc	catalogue_note	false	true	false	8	false	false	false	false	low	use_for_catalogue_evidence	
frasch-ref-01131	OBI 1, p. 140	Bagan Epig Database.doc	catalogue_note	false	true	false	13	false	false	true	false	medium	use_for_catalogue_evidence	
frasch-ref-01132	UEM no. 29, p. 50	Bagan Epig Database.doc	catalogue_note	false	true	false	17	false	false	true	false	medium	use_for_catalogue_evidence	
frasch-ref-01133	List 185	Bagan Epig Database.doc	catalogue_note	false	true	false	8	false	false	false	false	low	use_for_catalogue_evidence	
frasch-ref-01134	PPA, p. 213	Bagan Epig Database.doc	catalogue_note	false	true	false	11	false	false	true	false	medium	use_for_catalogue_evidence	
frasch-ref-01135	TN, p. 98	Bagan Epig Database.doc	catalogue_note	false	true	false	9	false	false	true	false	medium	use_for_catalogue_evidence	
frasch-ref-01136	Pl. I 108b	Bagan Epig Database.doc	catalogue_note	false	true	false	10	false	false	false	false	low	use_for_catalogue_evidence	
frasch-ref-01137	OBI 1, p. 141	Bagan Epig Database.doc	catalogue_note	false	true	false	13	false	false	true	false	medium	use_for_catalogue_evidence	
frasch-ref-01138	Pl. I 51	Bagan Epig Database.doc	catalogue_note	false	true	false	8	false	false	false	false	low	use_for_catalogue_evidence	
frasch-ref-01139	OBI 1, p. 142	Bagan Epig Database.doc	catalogue_note	false	true	false	13	false	false	true	false	medium	use_for_catalogue_evidence	
frasch-ref-01140	UEM no. 21, p. 43	Bagan Epig Database.doc	catalogue_note	false	true	false	17	false	false	true	false	medium	use_for_catalogue_evidence	
frasch-ref-01141	List 191	Bagan Epig Database.doc	catalogue_note	false	true	false	8	false	false	false	false	low	use_for_catalogue_evidence	
frasch-ref-01142	PPA, p. 98	Bagan Epig Database.doc	catalogue_note	false	true	false	10	false	false	true	false	medium	use_for_catalogue_evidence	
frasch-ref-01143	TN, p. 28	Bagan Epig Database.doc	catalogue_note	false	true	false	9	false	false	true	false	medium	use_for_catalogue_evidence	
frasch-ref-01144	U Min Hswe, no. 3	Bagan Epig Database.doc	bibliographic_reference	true	false	false	17	true	false	true	false	medium	use_for_bibliography	
frasch-ref-01145	Pl. I 74	Bagan Epig Database.doc	catalogue_note	false	true	false	8	false	false	false	false	low	use_for_catalogue_evidence	
frasch-ref-01146	OBI 1, p. 156	Bagan Epig Database.doc	catalogue_note	false	true	false	13	false	false	true	false	medium	use_for_catalogue_evidence	
frasch-ref-01147	UEM no. 31, p. 65	Bagan Epig Database.doc	catalogue_note	false	true	false	17	false	false	true	false	medium	use_for_catalogue_evidence	
frasch-ref-01148	List 121	Bagan Epig Database.doc	catalogue_note	false	true	false	8	false	false	false	false	low	use_for_catalogue_evidence	
frasch-ref-01149	PPA, p. 217	Bagan Epig Database.doc	catalogue_note	false	true	false	11	false	false	true	false	medium	use_for_catalogue_evidence	
frasch-ref-01150	TN, p. 100	Bagan Epig Database.doc	catalogue_note	false	true	false	10	false	false	true	false	medium	use_for_catalogue_evidence	
frasch-ref-01151	OBI 2, p. 212	Bagan Epig Database.doc	catalogue_note	false	true	false	13	false	false	true	false	medium	use_for_catalogue_evidence	
frasch-ref-01152	RDASB 1975	Bagan Epig Database.doc	unclear	false	false	false	10	false	true	false	true	low	manual_review	
frasch-ref-01153	Pl. IV 367b (not listed)	Bagan Epig Database.doc	catalogue_note	false	true	false	24	false	false	false	false	low	use_for_catalogue_evidence	
frasch-ref-01154	Luce, Old Burma, p. 391	Bagan Epig Database.doc	bibliographic_reference	true	false	false	23	true	false	true	false	medium	use_for_bibliography	
frasch-ref-01155	U Kyaw, Bagan Minsa, p. 186	Bagan Epig Database.doc	bibliographic_reference	true	false	false	27	true	false	true	false	medium	use_for_bibliography	
frasch-ref-01156	List 187-188	Bagan Epig Database.doc	catalogue_note	false	true	false	12	false	false	false	false	low	use_for_catalogue_evidence	
frasch-ref-01157	B 2, p. 789	Bagan Epig Database.doc	catalogue_note	false	true	false	11	false	false	true	false	medium	use_for_catalogue_evidence	
frasch-ref-01158	MM 3, no. 32-34, p. 135-141 (dated 685)	Bagan Epig Database.doc	catalogue_note	false	true	false	39	false	false	true	false	medium	use_for_catalogue_evidence	
frasch-ref-01159	U Than Tun, ‘An Original Inscription’, Etudes birmanes, p. 37-55	Bagan Epig Database.doc	bibliographic_reference	true	false	false	64	true	false	true	false	medium	use_for_bibliography	
frasch-ref-01160	OR 3434, fol. gha verso (lower part)	Bagan Epig Database.doc	catalogue_note	false	true	false	36	false	false	true	false	low	use_for_catalogue_evidence	
frasch-ref-01161	Than Tun, Hnaung-dwe, no. 9, p. 21	Bagan Epig Database.doc	bibliographic_reference	true	false	false	34	true	false	true	false	medium	use_for_bibliography	
frasch-ref-01162	U Min Hswe, no. 54	Bagan Epig Database.doc	bibliographic_reference	true	false	false	18	true	false	true	false	medium	use_for_bibliography	
frasch-ref-01163	List 189	Bagan Epig Database.doc	catalogue_note	false	true	false	8	false	false	false	false	low	use_for_catalogue_evidence	
frasch-ref-01164	B 2, p. 664	Bagan Epig Database.doc	catalogue_note	false	true	false	11	false	false	true	false	medium	use_for_catalogue_evidence	
frasch-ref-01165	MM 3, nos. 35-36, p. 146-150	Bagan Epig Database.doc	catalogue_note	false	true	false	28	false	false	true	false	medium	use_for_catalogue_evidence	
frasch-ref-01166	Pl. I 75a	Bagan Epig Database.doc	catalogue_note	false	true	false	9	false	false	false	false	low	use_for_catalogue_evidence	
frasch-ref-01167	OBI 1, p. 161	Bagan Epig Database.doc	catalogue_note	false	true	false	13	false	false	true	false	medium	use_for_catalogue_evidence	
frasch-ref-01168	UEM no. 31, p. 72	Bagan Epig Database.doc	catalogue_note	false	true	false	17	false	false	true	false	medium	use_for_catalogue_evidence	
frasch-ref-01169	List 193	Bagan Epig Database.doc	catalogue_note	false	true	false	8	false	false	false	false	low	use_for_catalogue_evidence	
frasch-ref-01170	PPA, p. 227	Bagan Epig Database.doc	catalogue_note	false	true	false	11	false	false	true	false	medium	use_for_catalogue_evidence	
frasch-ref-01171	Pl. I 121b	Bagan Epig Database.doc	catalogue_note	false	true	false	10	false	false	false	false	low	use_for_catalogue_evidence	
frasch-ref-01172	OBI 1, p. 164	Bagan Epig Database.doc	catalogue_note	false	true	false	13	false	false	true	false	medium	use_for_catalogue_evidence	
frasch-ref-01173	RDASB 1926, p. 26 and App. G, no. 12	Bagan Epig Database.doc	unclear	false	false	false	36	false	true	true	true	low	manual_review	
frasch-ref-01174	Pl. II 190a	Bagan Epig Database.doc	catalogue_note	false	true	false	11	false	false	false	false	low	use_for_catalogue_evidence	
frasch-ref-01175	OBI 1, p. 164	Bagan Epig Database.doc	catalogue_note	false	true	false	13	false	false	true	false	medium	use_for_catalogue_evidence	
frasch-ref-01176	Pl. II 124a	Bagan Epig Database.doc	catalogue_note	false	true	false	11	false	false	false	false	low	use_for_catalogue_evidence	
frasch-ref-01177	OBI 1, p. 167	Bagan Epig Database.doc	catalogue_note	false	true	false	13	false	false	true	false	medium	use_for_catalogue_evidence	
frasch-ref-01178	RDASB 1947	Bagan Epig Database.doc	unclear	false	false	false	10	false	true	false	true	low	manual_review	
frasch-ref-01179	Pl. I 53	Bagan Epig Database.doc	catalogue_note	false	true	false	8	false	false	false	false	low	use_for_catalogue_evidence	
frasch-ref-01180	OBI 1, p. 168	Bagan Epig Database.doc	catalogue_note	false	true	false	13	false	false	true	false	medium	use_for_catalogue_evidence	
frasch-ref-01181	List 194	Bagan Epig Database.doc	catalogue_note	false	true	false	8	false	false	false	false	low	use_for_catalogue_evidence	
frasch-ref-01182	A, p. 60	Bagan Epig Database.doc	catalogue_note	false	true	false	8	false	false	true	false	medium	use_for_catalogue_evidence	
frasch-ref-01183	Pl. I 46	Bagan Epig Database.doc	catalogue_note	false	true	false	8	false	false	false	false	low	use_for_catalogue_evidence	
frasch-ref-01184	OBI 1, p. 169	Bagan Epig Database.doc	catalogue_note	false	true	false	13	false	false	true	false	medium	use_for_catalogue_evidence	
frasch-ref-01185	List 195	Bagan Epig Database.doc	catalogue_note	false	true	false	8	false	false	false	false	low	use_for_catalogue_evidence	
frasch-ref-01186	A, p. 59	Bagan Epig Database.doc	catalogue_note	false	true	false	8	false	false	true	false	medium	use_for_catalogue_evidence	
frasch-ref-01187	OBI 1, p. 171	Bagan Epig Database.doc	catalogue_note	false	true	false	13	false	false	true	false	medium	use_for_catalogue_evidence	
frasch-ref-01188	RDASB 1964, p. 21, no. 20	Bagan Epig Database.doc	unclear	false	false	false	25	false	true	true	true	low	manual_review	
frasch-ref-01189	Pl. I 52	Bagan Epig Database.doc	catalogue_note	false	true	false	8	false	false	false	false	low	use_for_catalogue_evidence	
frasch-ref-01190	OBI 1, p. 172	Bagan Epig Database.doc	catalogue_note	false	true	false	13	false	false	true	false	medium	use_for_catalogue_evidence	
frasch-ref-01191	U Than Tun, Origial Inscription, Etudes birmanes, p. 37-55	Bagan Epig Database.doc	bibliographic_reference	true	false	false	58	true	false	true	false	medium	use_for_bibliography	
frasch-ref-01192	U Than Tun, Hnaung-dwe, no. 10, p. 26	Bagan Epig Database.doc	bibliographic_reference	true	false	false	37	true	false	true	false	medium	use_for_bibliography	
frasch-ref-01193	Pl. I 54	Bagan Epig Database.doc	catalogue_note	false	true	false	8	false	false	false	false	low	use_for_catalogue_evidence	
frasch-ref-01194	OBI 1, p. 173 and 184	Bagan Epig Database.doc	catalogue_note	false	true	false	21	false	false	true	false	medium	use_for_catalogue_evidence	
frasch-ref-01195	UEM no. 22, p. 44	Bagan Epig Database.doc	catalogue_note	false	true	false	17	false	false	true	false	medium	use_for_catalogue_evidence	
frasch-ref-01196	List 465a	Bagan Epig Database.doc	catalogue_note	false	true	false	9	false	false	false	false	low	use_for_catalogue_evidence	
frasch-ref-01197	UB 1, p. 181	Bagan Epig Database.doc	catalogue_note	false	true	false	12	false	false	true	false	medium	use_for_catalogue_evidence	
frasch-ref-01198	RDASB 1938	Bagan Epig Database.doc	unclear	false	false	false	10	false	true	false	true	low	manual_review	
frasch-ref-01199	Pl. V 573b	Bagan Epig Database.doc	catalogue_note	false	true	false	10	false	false	false	false	low	use_for_catalogue_evidence	
frasch-ref-01200	OBI 2, p. 212	Bagan Epig Database.doc	catalogue_note	false	true	false	13	false	false	true	false	medium	use_for_catalogue_evidence	
frasch-ref-01201	Pl. II 122a	Bagan Epig Database.doc	catalogue_note	false	true	false	11	false	false	false	false	low	use_for_catalogue_evidence	
frasch-ref-01202	OBI 1, p. 174	Bagan Epig Database.doc	catalogue_note	false	true	false	13	false	false	true	false	medium	use_for_catalogue_evidence	
frasch-ref-01203	RDASB 1926, App. G, no. 20 (under date CS 583/1121)	Bagan Epig Database.doc	unclear	false	false	false	51	false	true	true	true	low	manual_review	
frasch-ref-01204	Pl. V 597a-b	Bagan Epig Database.doc	catalogue_note	false	true	false	12	false	false	false	false	low	use_for_catalogue_evidence	
frasch-ref-01205	OBI 1, p. 175	Bagan Epig Database.doc	catalogue_note	false	true	false	13	false	false	true	false	medium	use_for_catalogue_evidence	
frasch-ref-01206	List 1388a+b	Bagan Epig Database.doc	catalogue_note	false	true	false	12	false	false	false	false	low	use_for_catalogue_evidence	
frasch-ref-01207	A, p. 532	Bagan Epig Database.doc	catalogue_note	false	true	false	9	false	false	true	false	medium	use_for_catalogue_evidence	
frasch-ref-01208	Luce D 809	Bagan Epig Database.doc	catalogue_note	false	true	false	10	false	false	false	false	low	use_for_catalogue_evidence	
frasch-ref-01209	Pl. I 75a	Bagan Epig Database.doc	catalogue_note	false	true	false	9	false	false	false	false	low	use_for_catalogue_evidence	
frasch-ref-01210	OBI 1, p. 176	Bagan Epig Database.doc	catalogue_note	false	true	false	13	false	false	true	false	medium	use_for_catalogue_evidence	
frasch-ref-01211	UEM no. 33, p. 69	Bagan Epig Database.doc	catalogue_note	false	true	false	17	false	false	true	false	medium	use_for_catalogue_evidence	
frasch-ref-01212	List 196	Bagan Epig Database.doc	catalogue_note	false	true	false	8	false	false	false	false	low	use_for_catalogue_evidence	
frasch-ref-01213	PPA, p. 219	Bagan Epig Database.doc	catalogue_note	false	true	false	11	false	false	true	false	medium	use_for_catalogue_evidence	
frasch-ref-01214	TN, p. 101	Bagan Epig Database.doc	catalogue_note	false	true	false	10	false	false	true	false	medium	use_for_catalogue_evidence	
frasch-ref-01215	Pl. II 123	Bagan Epig Database.doc	catalogue_note	false	true	false	10	false	false	false	false	low	use_for_catalogue_evidence	
frasch-ref-01216	OBI 1, p. 179	Bagan Epig Database.doc	catalogue_note	false	true	false	13	false	false	true	false	medium	use_for_catalogue_evidence	
frasch-ref-01217	partly in List	Bagan Epig Database.doc	unclear	false	false	false	14	false	false	false	false	low	manual_review	
frasch-ref-01218	Pl. I 55a	Bagan Epig Database.doc	catalogue_note	false	true	false	9	false	false	false	false	low	use_for_catalogue_evidence	
frasch-ref-01219	OBI 1, p. 183	Bagan Epig Database.doc	catalogue_note	false	true	false	13	false	false	true	false	medium	use_for_catalogue_evidence	
frasch-ref-01220	List 152	Bagan Epig Database.doc	catalogue_note	false	true	false	8	false	false	false	false	low	use_for_catalogue_evidence	
frasch-ref-01221	A, p. 58	Bagan Epig Database.doc	catalogue_note	false	true	false	8	false	false	true	false	medium	use_for_catalogue_evidence	
frasch-ref-01222	Pl. I 56b	Bagan Epig Database.doc	catalogue_note	false	true	false	9	false	false	false	false	low	use_for_catalogue_evidence	
frasch-ref-01223	OBI 1, p. 184	Bagan Epig Database.doc	catalogue_note	false	true	false	13	false	false	true	false	medium	use_for_catalogue_evidence	
frasch-ref-01224	OBI 1 p. 185	Bagan Epig Database.doc	catalogue_note	false	true	false	12	false	false	false	false	medium	use_for_catalogue_evidence	
frasch-ref-01225	RDASB 1962 (?1961)	Bagan Epig Database.doc	unclear	false	false	false	18	false	true	false	true	low	manual_review	
frasch-ref-01226	U Hswai, JBRS 48 (2), 1965, p. 67, no. 7	Bagan Epig Database.doc	bibliographic_reference	true	false	false	40	true	true	true	true	high	use_for_bibliography	
frasch-ref-01227	Pl. II 122b	Bagan Epig Database.doc	catalogue_note	false	true	false	11	false	false	false	false	low	use_for_catalogue_evidence	
frasch-ref-01228	OBI 1, p. 186	Bagan Epig Database.doc	catalogue_note	false	true	false	13	false	false	true	false	medium	use_for_catalogue_evidence	
frasch-ref-01229	Pl. I 57b	Bagan Epig Database.doc	catalogue_note	false	true	false	9	false	false	false	false	low	use_for_catalogue_evidence	
frasch-ref-01230	OBI 1, p. 187	Bagan Epig Database.doc	catalogue_note	false	true	false	13	false	false	true	false	medium	use_for_catalogue_evidence	
frasch-ref-01231	OBI 1, p. 188	Bagan Epig Database.doc	catalogue_note	false	true	false	13	false	false	true	false	medium	use_for_catalogue_evidence	
frasch-ref-01232	RDASB 1961	Bagan Epig Database.doc	unclear	false	false	false	10	false	true	false	true	low	manual_review	
frasch-ref-01233	U Hswai, JBRS 48 (2), 1965, p. 67, no. 8	Bagan Epig Database.doc	bibliographic_reference	true	false	false	40	true	true	true	true	high	use_for_bibliography	
frasch-ref-01234	OBI 1, p. 189	Bagan Epig Database.doc	catalogue_note	false	true	false	13	false	false	true	false	medium	use_for_catalogue_evidence	
frasch-ref-01235	RDASB 1967	Bagan Epig Database.doc	unclear	false	false	false	10	false	true	false	true	low	manual_review	
frasch-ref-01236	Pl. V 574b	Bagan Epig Database.doc	catalogue_note	false	true	false	10	false	false	false	false	low	use_for_catalogue_evidence	
frasch-ref-01237	OBI 1, p. 190	Bagan Epig Database.doc	catalogue_note	false	true	false	13	false	false	true	false	medium	use_for_catalogue_evidence	
frasch-ref-01238	List 198	Bagan Epig Database.doc	catalogue_note	false	true	false	8	false	false	false	false	low	use_for_catalogue_evidence	
frasch-ref-01239	A, p. 61	Bagan Epig Database.doc	catalogue_note	false	true	false	8	false	false	true	false	medium	use_for_catalogue_evidence	
frasch-ref-01240	MP 1, p. 81	Bagan Epig Database.doc	catalogue_note	false	true	false	11	false	false	true	false	medium	use_for_catalogue_evidence	
frasch-ref-01241	OBI 1, p. 376	Bagan Epig Database.doc	catalogue_note	false	true	false	13	false	false	true	false	medium	use_for_catalogue_evidence	
frasch-ref-01242	RDASB 1965, p. 34, no. 2	Bagan Epig Database.doc	unclear	false	false	false	24	false	true	true	true	low	manual_review	
frasch-ref-01243	U Min Hswe, no. 32	Bagan Epig Database.doc	bibliographic_reference	true	false	false	18	true	false	true	false	medium	use_for_bibliography	
frasch-ref-01244	Pl. I 57a and Pl. V 563b	Bagan Epig Database.doc	catalogue_note	false	true	false	24	false	false	false	false	low	use_for_catalogue_evidence	
frasch-ref-01245	OBI 1, p. 191	Bagan Epig Database.doc	catalogue_note	false	true	false	13	false	false	true	false	medium	use_for_catalogue_evidence	
frasch-ref-01246	Pl. I 58	Bagan Epig Database.doc	catalogue_note	false	true	false	8	false	false	false	false	low	use_for_catalogue_evidence	
frasch-ref-01247	OBI 1, p. 198	Bagan Epig Database.doc	catalogue_note	false	true	false	13	false	false	true	false	medium	use_for_catalogue_evidence	
frasch-ref-01248	Pl. I 80-81-82a+b	Bagan Epig Database.doc	catalogue_note	false	true	false	17	false	false	false	false	low	use_for_catalogue_evidence	
frasch-ref-01249	OBI 1, p. 193-200	Bagan Epig Database.doc	catalogue_note	false	true	false	17	false	false	true	false	medium	use_for_catalogue_evidence	
frasch-ref-01250	List ?	Bagan Epig Database.doc	catalogue_note	false	true	false	6	false	false	false	false	low	use_for_catalogue_evidence	
frasch-ref-01251	TN, p. 106	Bagan Epig Database.doc	catalogue_note	false	true	false	10	false	false	true	false	medium	use_for_catalogue_evidence	
frasch-ref-01252	OBI 2, p. 213	Bagan Epig Database.doc	catalogue_note	false	true	false	13	false	false	true	false	medium	use_for_catalogue_evidence	
frasch-ref-01253	RDASB 1972	Bagan Epig Database.doc	unclear	false	false	false	10	false	true	false	true	low	manual_review	
frasch-ref-01254	List 200	Bagan Epig Database.doc	catalogue_note	false	true	false	8	false	false	false	false	low	use_for_catalogue_evidence	
frasch-ref-01255	PPA, p. 171	Bagan Epig Database.doc	catalogue_note	false	true	false	11	false	false	true	false	medium	use_for_catalogue_evidence	
frasch-ref-01256	TN, p. 82	Bagan Epig Database.doc	catalogue_note	false	true	false	9	false	false	true	false	medium	use_for_catalogue_evidence	
frasch-ref-01257	Luce G 1971	Bagan Epig Database.doc	unclear	false	false	false	11	false	true	false	false	low	manual_review	
frasch-ref-01258	Pl. II 124b	Bagan Epig Database.doc	catalogue_note	false	true	false	11	false	false	false	false	low	use_for_catalogue_evidence	
frasch-ref-01259	OBI 1, p. 201	Bagan Epig Database.doc	catalogue_note	false	true	false	13	false	false	true	false	medium	use_for_catalogue_evidence	
frasch-ref-01260	OBI 1 p. 202	Bagan Epig Database.doc	catalogue_note	false	true	false	12	false	false	false	false	medium	use_for_catalogue_evidence	
frasch-ref-01261	RDASB 1965, p. 34	Bagan Epig Database.doc	unclear	false	false	false	17	false	true	true	true	low	manual_review	
frasch-ref-01262	U Min Hswe, no. 45	Bagan Epig Database.doc	bibliographic_reference	true	false	false	18	true	false	true	false	medium	use_for_bibliography	
frasch-ref-01263	OBI 1, p. 203	Bagan Epig Database.doc	catalogue_note	false	true	false	13	false	false	true	false	medium	use_for_catalogue_evidence	
frasch-ref-01264	RDASB 1961, p. 15	Bagan Epig Database.doc	unclear	false	false	false	17	false	true	true	true	low	manual_review	
frasch-ref-01265	RSASB 1925, p. 23-4, App. G, no. 9	Bagan Epig Database.doc	unclear	false	false	false	34	false	true	true	false	low	manual_review	
frasch-ref-01266	Pl. II 125a	Bagan Epig Database.doc	catalogue_note	false	true	false	11	false	false	false	false	low	use_for_catalogue_evidence	
frasch-ref-01267	OBI 1, p. 204	Bagan Epig Database.doc	catalogue_note	false	true	false	13	false	false	true	false	medium	use_for_catalogue_evidence	
frasch-ref-01268	List 890	Bagan Epig Database.doc	catalogue_note	false	true	false	8	false	false	false	false	low	use_for_catalogue_evidence	
frasch-ref-01269	A p. 377	Bagan Epig Database.doc	catalogue_note	false	true	false	8	false	false	false	false	medium	use_for_catalogue_evidence	
frasch-ref-01270	Pl. I 60a+b	Bagan Epig Database.doc	catalogue_note	false	true	false	11	false	false	false	false	low	use_for_catalogue_evidence	
frasch-ref-01271	OBI 1 p. 205	Bagan Epig Database.doc	catalogue_note	false	true	false	12	false	false	false	false	medium	use_for_catalogue_evidence	
frasch-ref-01272	UEM no. 24, p. 46	Bagan Epig Database.doc	catalogue_note	false	true	false	17	false	false	true	false	medium	use_for_catalogue_evidence	
frasch-ref-01273	List 203	Bagan Epig Database.doc	catalogue_note	false	true	false	8	false	false	false	false	low	use_for_catalogue_evidence	
frasch-ref-01274	UB 1, p. 382	Bagan Epig Database.doc	catalogue_note	false	true	false	12	false	false	true	false	medium	use_for_catalogue_evidence	
frasch-ref-01275	Lu- ce, OBEP 1, p. 117-25	Bagan Epig Database.doc	unclear	false	false	false	25	false	false	true	false	low	manual_review	
frasch-ref-01276	Aung-Thwin, Cey- lonese-Burmese Relations, JSS 1976, p. 53- 74	Bagan Epig Database.doc	bibliographic_reference	true	false	false	62	true	true	true	false	high	use_for_bibliography	
frasch-ref-01277	Frasch, MHRJ 1998, p. 23-37	Bagan Epig Database.doc	bibliographic_reference	true	false	false	27	true	true	true	false	high	use_for_bibliography	
frasch-ref-01278	U Lu Pe Win, OBEP – A Radical Review, in JBRS	Bagan Epig Database.doc	bibliographic_reference	true	false	false	45	true	false	true	true	medium	use_for_bibliography	
frasch-ref-01279	Pl. I 61	Bagan Epig Database.doc	catalogue_note	false	true	false	8	false	false	false	false	low	use_for_catalogue_evidence	
frasch-ref-01280	OBI 1 p. 206	Bagan Epig Database.doc	catalogue_note	false	true	false	12	false	false	false	false	medium	use_for_catalogue_evidence	
frasch-ref-01281	List 207	Bagan Epig Database.doc	catalogue_note	false	true	false	8	false	false	false	false	low	use_for_catalogue_evidence	
frasch-ref-01282	A, p. 65	Bagan Epig Database.doc	catalogue_note	false	true	false	8	false	false	true	false	medium	use_for_catalogue_evidence	
frasch-ref-01283	Pl. I 83	Bagan Epig Database.doc	catalogue_note	false	true	false	8	false	false	false	false	low	use_for_catalogue_evidence	
frasch-ref-01284	OBI 1, p. 208	Bagan Epig Database.doc	catalogue_note	false	true	false	13	false	false	true	false	medium	use_for_catalogue_evidence	
frasch-ref-01285	UEM no. 25, p. 48	Bagan Epig Database.doc	catalogue_note	false	true	false	17	false	false	true	false	medium	use_for_catalogue_evidence	
frasch-ref-01286	List 204	Bagan Epig Database.doc	catalogue_note	false	true	false	8	false	false	false	false	low	use_for_catalogue_evidence	
frasch-ref-01287	PPA, p. 234	Bagan Epig Database.doc	catalogue_note	false	true	false	11	false	false	true	false	medium	use_for_catalogue_evidence	
frasch-ref-01288	List 486	Bagan Epig Database.doc	catalogue_note	false	true	false	8	false	false	false	false	low	use_for_catalogue_evidence	
frasch-ref-01289	B 2 p. 747	Bagan Epig Database.doc	catalogue_note	false	true	false	10	false	false	false	false	medium	use_for_catalogue_evidence	
frasch-ref-01290	TN, p. 107	Bagan Epig Database.doc	catalogue_note	false	true	false	10	false	false	true	false	medium	use_for_catalogue_evidence	
frasch-ref-01291	Pl. I 98	Bagan Epig Database.doc	catalogue_note	false	true	false	8	false	false	false	false	low	use_for_catalogue_evidence	
frasch-ref-01292	OBI 1, p. 209	Bagan Epig Database.doc	catalogue_note	false	true	false	13	false	false	true	false	medium	use_for_catalogue_evidence	
frasch-ref-01293	UEM no. 37 p. 102	Bagan Epig Database.doc	catalogue_note	false	true	false	17	false	false	false	false	medium	use_for_catalogue_evidence	
frasch-ref-01294	List 479	Bagan Epig Database.doc	catalogue_note	false	true	false	8	false	false	false	false	low	use_for_catalogue_evidence	
frasch-ref-01295	PPA, p. 320	Bagan Epig Database.doc	catalogue_note	false	true	false	11	false	false	true	false	medium	use_for_catalogue_evidence	
frasch-ref-01296	Pl. I 62	Bagan Epig Database.doc	catalogue_note	false	true	false	8	false	false	false	false	low	use_for_catalogue_evidence	
frasch-ref-01297	OBI 1, p. 211	Bagan Epig Database.doc	catalogue_note	false	true	false	13	false	false	true	false	medium	use_for_catalogue_evidence	
frasch-ref-01298	List 205	Bagan Epig Database.doc	catalogue_note	false	true	false	8	false	false	false	false	low	use_for_catalogue_evidence	
frasch-ref-01299	PPA, p. 172	Bagan Epig Database.doc	catalogue_note	false	true	false	11	false	false	true	false	medium	use_for_catalogue_evidence	
frasch-ref-01300	TN, p. 82	Bagan Epig Database.doc	catalogue_note	false	true	false	9	false	false	true	false	medium	use_for_catalogue_evidence	
frasch-ref-01301	U Min Hswe, no. 57	Bagan Epig Database.doc	bibliographic_reference	true	false	false	18	true	false	true	false	medium	use_for_bibliography	
frasch-ref-01302	Pl. II 119b	Bagan Epig Database.doc	catalogue_note	false	true	false	11	false	false	false	false	low	use_for_catalogue_evidence	
frasch-ref-01303	OBI 1, p. 106	Bagan Epig Database.doc	catalogue_note	false	true	false	13	false	false	true	false	medium	use_for_catalogue_evidence	
frasch-ref-01304	Pl. I 126a	Bagan Epig Database.doc	catalogue_note	false	true	false	10	false	false	false	false	low	use_for_catalogue_evidence	
frasch-ref-01305	OBI 1, p. 212	Bagan Epig Database.doc	catalogue_note	false	true	false	13	false	false	true	false	medium	use_for_catalogue_evidence	
frasch-ref-01306	Pl. II 126b	Bagan Epig Database.doc	catalogue_note	false	true	false	11	false	false	false	false	low	use_for_catalogue_evidence	
frasch-ref-01307	OBI 1, p. 213	Bagan Epig Database.doc	catalogue_note	false	true	false	13	false	false	true	false	medium	use_for_catalogue_evidence	
frasch-ref-01308	UEM no. 32, p. 90	Bagan Epig Database.doc	catalogue_note	false	true	false	17	false	false	true	false	medium	use_for_catalogue_evidence	
frasch-ref-01309	List 218	Bagan Epig Database.doc	catalogue_note	false	true	false	8	false	false	false	false	low	use_for_catalogue_evidence	
frasch-ref-01310	UB 1, p. 293	Bagan Epig Database.doc	catalogue_note	false	true	false	12	false	false	true	false	medium	use_for_catalogue_evidence	
frasch-ref-01311	Pl. IV 373c	Bagan Epig Database.doc	catalogue_note	false	true	false	11	false	false	false	false	low	use_for_catalogue_evidence	
frasch-ref-01312	OBI 1, p. 214	Bagan Epig Database.doc	catalogue_note	false	true	false	13	false	false	true	false	medium	use_for_catalogue_evidence	
frasch-ref-01313	RDASB 1939	Bagan Epig Database.doc	unclear	false	false	false	10	false	true	false	true	low	manual_review	
frasch-ref-01314	Pl. I 65a+b	Bagan Epig Database.doc	catalogue_note	false	true	false	11	false	false	false	false	low	use_for_catalogue_evidence	
frasch-ref-01315	OBI 1, p. 215	Bagan Epig Database.doc	catalogue_note	false	true	false	13	false	false	true	false	medium	use_for_catalogue_evidence	
frasch-ref-01316	List 209	Bagan Epig Database.doc	catalogue_note	false	true	false	8	false	false	false	false	low	use_for_catalogue_evidence	
frasch-ref-01317	PPA, p. 216	Bagan Epig Database.doc	catalogue_note	false	true	false	11	false	false	true	false	medium	use_for_catalogue_evidence	
frasch-ref-01318	TN, p. 99	Bagan Epig Database.doc	catalogue_note	false	true	false	9	false	false	true	false	medium	use_for_catalogue_evidence	
frasch-ref-01319	OBI 2, p. 18	Bagan Epig Database.doc	catalogue_note	false	true	false	12	false	false	true	false	medium	use_for_catalogue_evidence	
frasch-ref-01320	RDASB 1966, p.	Bagan Epig Database.doc	unclear	false	false	false	14	false	true	true	true	low	manual_review	
frasch-ref-01321	Pl. I 31	Bagan Epig Database.doc	catalogue_note	false	true	false	8	false	false	false	false	low	use_for_catalogue_evidence	
frasch-ref-01322	OBI 1, p. 83	Bagan Epig Database.doc	catalogue_note	false	true	false	12	false	false	true	false	medium	use_for_catalogue_evidence	
frasch-ref-01323	SIP no. 15, p. 26	Bagan Epig Database.doc	catalogue_note	false	true	false	17	false	false	true	false	medium	use_for_catalogue_evidence	
frasch-ref-01324	UEM no. 15, p. 29	Bagan Epig Database.doc	catalogue_note	false	true	false	17	false	false	true	false	medium	use_for_catalogue_evidence	
frasch-ref-01325	List 273(a)	Bagan Epig Database.doc	catalogue_note	false	true	false	11	false	false	false	false	low	use_for_catalogue_evidence	
frasch-ref-01326	PPA, p. 109	Bagan Epig Database.doc	catalogue_note	false	true	false	11	false	false	true	false	medium	use_for_catalogue_evidence	
frasch-ref-01327	TN, p. 56	Bagan Epig Database.doc	catalogue_note	false	true	false	9	false	false	true	false	medium	use_for_catalogue_evidence	
frasch-ref-01328	copies: List 212	Bagan Epig Database.doc	unclear	false	false	false	16	false	false	false	false	low	manual_review	
frasch-ref-01329	B 2, p. 846	Bagan Epig Database.doc	catalogue_note	false	true	false	11	false	false	true	false	medium	use_for_catalogue_evidence	
frasch-ref-01330	MM 3, no. 37-38, p. 155- 160	Bagan Epig Database.doc	catalogue_note	false	true	false	28	false	false	true	false	medium	use_for_catalogue_evidence	
frasch-ref-01331	another copy MM 3, no. 25, p. 107	Bagan Epig Database.doc	unclear	false	false	false	33	false	false	true	false	low	manual_review	
frasch-ref-01332	and MM 4, no. 47, p. 214 (said to come from Sagaing)	Bagan Epig Database.doc	unclear	false	false	false	52	false	false	true	false	low	manual_review	
frasch-ref-01333	Ray, Theravada Buddhism, p. 164, Frasch, ‘King Nadaungmya's Great Gift’, p. xx	Bagan Epig Database.doc	bibliographic_reference	true	false	false	78	true	false	true	false	medium	use_for_bibliography	
frasch-ref-01334	U Min Hswe, no. 24	Bagan Epig Database.doc	bibliographic_reference	true	false	false	18	true	false	true	false	medium	use_for_bibliography	
frasch-ref-01335	Pl. I 69	Bagan Epig Database.doc	catalogue_note	false	true	false	8	false	false	false	false	low	use_for_catalogue_evidence	
frasch-ref-01336	OBI 1 p. 218	Bagan Epig Database.doc	catalogue_note	false	true	false	12	false	false	false	false	medium	use_for_catalogue_evidence	
frasch-ref-01337	SIP no. 20, p. 39	Bagan Epig Database.doc	catalogue_note	false	true	false	17	false	false	true	false	medium	use_for_catalogue_evidence	
frasch-ref-01338	UEM no. 28, p. 52	Bagan Epig Database.doc	catalogue_note	false	true	false	17	false	false	true	false	medium	use_for_catalogue_evidence	
frasch-ref-01339	List 213	Bagan Epig Database.doc	catalogue_note	false	true	false	8	false	false	false	false	low	use_for_catalogue_evidence	
frasch-ref-01340	UB 1, p. 184	Bagan Epig Database.doc	catalogue_note	false	true	false	12	false	false	true	false	medium	use_for_catalogue_evidence	
frasch-ref-01341	U Min Hswe, no. 37	Bagan Epig Database.doc	bibliographic_reference	true	false	false	18	true	false	true	false	medium	use_for_bibliography	
frasch-ref-01342	Pl. I 67	Bagan Epig Database.doc	catalogue_note	false	true	false	8	false	false	false	false	low	use_for_catalogue_evidence	
frasch-ref-01343	OBI 1, p. 220	Bagan Epig Database.doc	catalogue_note	false	true	false	13	false	false	true	false	medium	use_for_catalogue_evidence	
frasch-ref-01344	Luce 2829	Bagan Epig Database.doc	unclear	false	false	false	9	false	false	false	false	low	manual_review	
frasch-ref-01345	U Min Hswe, no. 58	Bagan Epig Database.doc	bibliographic_reference	true	false	false	18	true	false	true	false	medium	use_for_bibliography	
frasch-ref-01346	Pl. IV 373a	Bagan Epig Database.doc	catalogue_note	false	true	false	11	false	false	false	false	low	use_for_catalogue_evidence	
frasch-ref-01347	OBI 1, 221	Bagan Epig Database.doc	catalogue_note	false	true	false	10	false	false	true	false	low	use_for_catalogue_evidence	
frasch-ref-01348	Pl. II 134a	Bagan Epig Database.doc	catalogue_note	false	true	false	11	false	false	false	false	low	use_for_catalogue_evidence	
frasch-ref-01349	OBI 1, p. 222	Bagan Epig Database.doc	catalogue_note	false	true	false	13	false	false	true	false	medium	use_for_catalogue_evidence	
frasch-ref-01350	UEM no. 41, p. 113	Bagan Epig Database.doc	catalogue_note	false	true	false	18	false	false	true	false	medium	use_for_catalogue_evidence	
frasch-ref-01351	OBI 2, p. 9	Bagan Epig Database.doc	catalogue_note	false	true	false	11	false	false	true	false	medium	use_for_catalogue_evidence	
frasch-ref-01352	Pl. II 134b (l. 1-13)	Bagan Epig Database.doc	catalogue_note	false	true	false	21	false	false	false	false	low	use_for_catalogue_evidence	
frasch-ref-01353	OBI 2, p. 9	Bagan Epig Database.doc	catalogue_note	false	true	false	11	false	false	true	false	medium	use_for_catalogue_evidence	
frasch-ref-01354	UEM no. 41, p. 115	Bagan Epig Database.doc	catalogue_note	false	true	false	18	false	false	true	false	medium	use_for_catalogue_evidence	
frasch-ref-01355	ARASI 1915	Bagan Epig Database.doc	catalogue_note	false	true	false	10	false	true	false	true	medium	use_for_catalogue_evidence	
frasch-ref-01356	List 163	Bagan Epig Database.doc	catalogue_note	false	true	false	8	false	false	false	false	low	use_for_catalogue_evidence	
frasch-ref-01357	OBI 1 p. 222	Bagan Epig Database.doc	catalogue_note	false	true	false	12	false	false	false	false	medium	use_for_catalogue_evidence	
frasch-ref-01358	A, p. 50	Bagan Epig Database.doc	catalogue_note	false	true	false	8	false	false	true	false	medium	use_for_catalogue_evidence	
frasch-ref-01359	copies List 217	Bagan Epig Database.doc	unclear	false	false	false	15	false	false	false	false	low	manual_review	
frasch-ref-01360	B 2, p. 796	Bagan Epig Database.doc	catalogue_note	false	true	false	11	false	false	true	false	medium	use_for_catalogue_evidence	
frasch-ref-01361	MM 3, no. 39, p. 166	Bagan Epig Database.doc	catalogue_note	false	true	false	20	false	false	true	false	medium	use_for_catalogue_evidence	
frasch-ref-01362	NCE List 216	Bagan Epig Database.doc	unclear	false	false	false	12	false	false	false	false	low	manual_review	
frasch-ref-01363	B 2, p. 815	Bagan Epig Database.doc	catalogue_note	false	true	false	11	false	false	true	false	medium	use_for_catalogue_evidence	
frasch-ref-01364	MP 1, p. 57	Bagan Epig Database.doc	catalogue_note	false	true	false	11	false	false	true	false	medium	use_for_catalogue_evidence	
frasch-ref-01365	OBI 1, p. 226	Bagan Epig Database.doc	catalogue_note	false	true	false	13	false	false	true	false	medium	use_for_catalogue_evidence	
frasch-ref-01366	RDASB 1966	Bagan Epig Database.doc	unclear	false	false	false	10	false	true	false	true	low	manual_review	
frasch-ref-01367	Pl. III 232b	Bagan Epig Database.doc	catalogue_note	false	true	false	12	false	false	false	false	low	use_for_catalogue_evidence	
frasch-ref-01368	OBI 2, p. 234	Bagan Epig Database.doc	catalogue_note	false	true	false	13	false	false	true	false	medium	use_for_catalogue_evidence	
frasch-ref-01369	OBI 1 p. 227	Bagan Epig Database.doc	catalogue_note	false	true	false	12	false	false	false	false	medium	use_for_catalogue_evidence	
frasch-ref-01370	List 1437	Bagan Epig Database.doc	catalogue_note	false	true	false	9	false	true	false	false	medium	use_for_catalogue_evidence	
frasch-ref-01371	photo on file (1997)	Bagan Epig Database.doc	unclear	false	false	false	20	false	true	false	false	low	manual_review	
frasch-ref-01372	Than Tun, Hnaung-dwe, no. 11, p. 31	Bagan Epig Database.doc	bibliographic_reference	true	false	false	35	true	false	true	false	medium	use_for_bibliography	
frasch-ref-01373	U Min Hswe, no. 5	Bagan Epig Database.doc	bibliographic_reference	true	false	false	17	true	false	true	false	medium	use_for_bibliography	
frasch-ref-01374	U Nyein Maung (1999)	Bagan Epig Database.doc	unclear	false	false	false	20	false	true	false	false	low	manual_review	
frasch-ref-01375	Than Tun, Hnaung-dwe, no. 12, p. 34	Bagan Epig Database.doc	bibliographic_reference	true	false	false	35	true	false	true	false	medium	use_for_bibliography	
frasch-ref-01376	Pl. I 68	Bagan Epig Database.doc	catalogue_note	false	true	false	8	false	false	false	false	low	use_for_catalogue_evidence	
frasch-ref-01377	OBI 1, p. 240	Bagan Epig Database.doc	catalogue_note	false	true	false	13	false	false	true	false	medium	use_for_catalogue_evidence	
frasch-ref-01378	UEM no. 29, p. 54	Bagan Epig Database.doc	catalogue_note	false	true	false	17	false	false	true	false	medium	use_for_catalogue_evidence	
frasch-ref-01379	List 222	Bagan Epig Database.doc	catalogue_note	false	true	false	8	false	false	false	false	low	use_for_catalogue_evidence	
frasch-ref-01380	PPA, p. 235	Bagan Epig Database.doc	catalogue_note	false	true	false	11	false	false	true	false	medium	use_for_catalogue_evidence	
frasch-ref-01381	TN, p. 107	Bagan Epig Database.doc	catalogue_note	false	true	false	10	false	false	true	false	medium	use_for_catalogue_evidence	
frasch-ref-01382	Pl. I 70	Bagan Epig Database.doc	catalogue_note	false	true	false	8	false	false	false	false	low	use_for_catalogue_evidence	
frasch-ref-01383	OBI 1, p. 242	Bagan Epig Database.doc	catalogue_note	false	true	false	13	false	false	true	false	medium	use_for_catalogue_evidence	
frasch-ref-01384	UEM no. 30, p. 57	Bagan Epig Database.doc	catalogue_note	false	true	false	17	false	false	true	false	medium	use_for_catalogue_evidence	
frasch-ref-01385	copy List 221	Bagan Epig Database.doc	unclear	false	false	false	13	false	false	false	false	low	manual_review	
frasch-ref-01386	B 2, p. 769	Bagan Epig Database.doc	catalogue_note	false	true	false	11	false	false	true	false	medium	use_for_catalogue_evidence	
frasch-ref-01387	MM 3, no. 40, p. 170	Bagan Epig Database.doc	catalogue_note	false	true	false	20	false	false	true	false	medium	use_for_catalogue_evidence	
frasch-ref-01388	U Min Hswe, no. 85	Bagan Epig Database.doc	bibliographic_reference	true	false	false	18	true	false	true	false	medium	use_for_bibliography	
frasch-ref-01389	Pl. I 76	Bagan Epig Database.doc	catalogue_note	false	true	false	8	false	false	false	false	low	use_for_catalogue_evidence	
frasch-ref-01390	OBI 1, p. 229	Bagan Epig Database.doc	catalogue_note	false	true	false	13	false	false	true	false	medium	use_for_catalogue_evidence	
frasch-ref-01391	UEM no. 31, p. 76	Bagan Epig Database.doc	catalogue_note	false	true	false	17	false	false	true	false	medium	use_for_catalogue_evidence	
frasch-ref-01392	List 186	Bagan Epig Database.doc	catalogue_note	false	true	false	8	false	false	false	false	low	use_for_catalogue_evidence	
frasch-ref-01393	PPA, p. 221 (part- ly transl. U Pe Maung Tin, JBRS 25, 1935, p. 159)	Bagan Epig Database.doc	catalogue_note	false	true	false	68	false	true	true	true	medium	use_for_catalogue_evidence	
frasch-ref-01394	Pl. I 78a	Bagan Epig Database.doc	catalogue_note	false	true	false	9	false	false	false	false	low	use_for_catalogue_evidence	
frasch-ref-01395	OBI 1, p. 233	Bagan Epig Database.doc	catalogue_note	false	true	false	13	false	false	true	false	medium	use_for_catalogue_evidence	
frasch-ref-01396	UEM no. 31, p. 78	Bagan Epig Database.doc	catalogue_note	false	true	false	17	false	false	true	false	medium	use_for_catalogue_evidence	
frasch-ref-01397	List 189	Bagan Epig Database.doc	catalogue_note	false	true	false	8	false	false	false	false	low	use_for_catalogue_evidence	
frasch-ref-01398	PPA, p. 231	Bagan Epig Database.doc	catalogue_note	false	true	false	11	false	false	true	false	medium	use_for_catalogue_evidence	
frasch-ref-01399	Pl. I 77	Bagan Epig Database.doc	catalogue_note	false	true	false	8	false	false	false	false	low	use_for_catalogue_evidence	
frasch-ref-01400	OBI 1, p. 235	Bagan Epig Database.doc	catalogue_note	false	true	false	13	false	false	true	false	medium	use_for_catalogue_evidence	
frasch-ref-01401	UEM no. 31, p. 79	Bagan Epig Database.doc	catalogue_note	false	true	false	17	false	false	true	false	medium	use_for_catalogue_evidence	
frasch-ref-01402	List 197	Bagan Epig Database.doc	catalogue_note	false	true	false	8	false	false	false	false	low	use_for_catalogue_evidence	
frasch-ref-01403	Pl. I 78b	Bagan Epig Database.doc	catalogue_note	false	true	false	9	false	false	false	false	low	use_for_catalogue_evidence	
frasch-ref-01404	OBI 1, p. 238	Bagan Epig Database.doc	catalogue_note	false	true	false	13	false	false	true	false	medium	use_for_catalogue_evidence	
frasch-ref-01405	UEM no. 31, p. 84	Bagan Epig Database.doc	catalogue_note	false	true	false	17	false	false	true	false	medium	use_for_catalogue_evidence	
frasch-ref-01406	List 199	Bagan Epig Database.doc	catalogue_note	false	true	false	8	false	false	false	false	low	use_for_catalogue_evidence	
frasch-ref-01407	TN, p. 100-106	Bagan Epig Database.doc	catalogue_note	false	true	false	14	false	false	true	false	medium	use_for_catalogue_evidence	
frasch-ref-01408	Pl. I 79a	Bagan Epig Database.doc	catalogue_note	false	true	false	9	false	false	false	false	low	use_for_catalogue_evidence	
frasch-ref-01409	OBI 1, p. 245	Bagan Epig Database.doc	catalogue_note	false	true	false	13	false	false	true	false	medium	use_for_catalogue_evidence	
frasch-ref-01410	UEM no. 31, p. 86	Bagan Epig Database.doc	catalogue_note	false	true	false	17	false	false	true	false	medium	use_for_catalogue_evidence	
frasch-ref-01411	Pl. I 79b	Bagan Epig Database.doc	catalogue_note	false	true	false	9	false	false	false	false	low	use_for_catalogue_evidence	
frasch-ref-01412	OBI 1, p. 246	Bagan Epig Database.doc	catalogue_note	false	true	false	13	false	false	true	false	medium	use_for_catalogue_evidence	
frasch-ref-01413	UEM no. 31, p. 88	Bagan Epig Database.doc	catalogue_note	false	true	false	17	false	false	true	false	medium	use_for_catalogue_evidence	
frasch-ref-01414	List 233	Bagan Epig Database.doc	catalogue_note	false	true	false	8	false	false	false	false	low	use_for_catalogue_evidence	
frasch-ref-01415	PPA, p. 237	Bagan Epig Database.doc	catalogue_note	false	true	false	11	false	false	true	false	medium	use_for_catalogue_evidence	
frasch-ref-01416	TN, p. 108	Bagan Epig Database.doc	catalogue_note	false	true	false	10	false	false	true	false	medium	use_for_catalogue_evidence	
frasch-ref-01417	Pl. IV 373d	Bagan Epig Database.doc	catalogue_note	false	true	false	11	false	false	false	false	low	use_for_catalogue_evidence	
frasch-ref-01418	OBI 1, p. 248	Bagan Epig Database.doc	catalogue_note	false	true	false	13	false	false	true	false	medium	use_for_catalogue_evidence	
frasch-ref-01419	Pl. I 71-72	Bagan Epig Database.doc	catalogue_note	false	true	false	11	false	false	false	false	low	use_for_catalogue_evidence	
frasch-ref-01420	OBI 1, p. 249	Bagan Epig Database.doc	catalogue_note	false	true	false	13	false	false	true	false	medium	use_for_catalogue_evidence	
frasch-ref-01421	List 224	Bagan Epig Database.doc	catalogue_note	false	true	false	8	false	false	false	false	low	use_for_catalogue_evidence	
frasch-ref-01422	PPA, p. 17	Bagan Epig Database.doc	catalogue_note	false	true	false	10	false	false	true	false	medium	use_for_catalogue_evidence	
frasch-ref-01423	TN, p. 6	Bagan Epig Database.doc	catalogue_note	false	true	false	8	false	false	true	false	medium	use_for_catalogue_evidence	
frasch-ref-01424	Pl. IV 373b	Bagan Epig Database.doc	catalogue_note	false	true	false	11	false	false	false	false	low	use_for_catalogue_evidence	
frasch-ref-01425	OBI 1, p. 251	Bagan Epig Database.doc	catalogue_note	false	true	false	13	false	false	true	false	medium	use_for_catalogue_evidence	
frasch-ref-01426	Pl. I 99	Bagan Epig Database.doc	catalogue_note	false	true	false	8	false	false	false	false	low	use_for_catalogue_evidence	
frasch-ref-01427	OBI 1, p. 253	Bagan Epig Database.doc	catalogue_note	false	true	false	13	false	false	true	false	medium	use_for_catalogue_evidence	
frasch-ref-01428	UEM no. 37, p. 104	Bagan Epig Database.doc	catalogue_note	false	true	false	18	false	false	true	false	medium	use_for_catalogue_evidence	
frasch-ref-01429	List 479	Bagan Epig Database.doc	catalogue_note	false	true	false	8	false	false	false	false	low	use_for_catalogue_evidence	
frasch-ref-01430	PPA, p. 310	Bagan Epig Database.doc	catalogue_note	false	true	false	11	false	false	true	false	medium	use_for_catalogue_evidence	
frasch-ref-01431	TN, p. 143	Bagan Epig Database.doc	catalogue_note	false	true	false	10	false	false	true	false	medium	use_for_catalogue_evidence	
frasch-ref-01432	no List (?)	Bagan Epig Database.doc	unclear	false	false	false	11	false	false	false	false	low	manual_review	
frasch-ref-01433	MM 4, no. 39, p. 179	Bagan Epig Database.doc	catalogue_note	false	true	false	20	false	false	true	false	medium	use_for_catalogue_evidence	
frasch-ref-01434	Pl. IV 420b	Bagan Epig Database.doc	catalogue_note	false	true	false	11	false	false	false	false	low	use_for_catalogue_evidence	
frasch-ref-01435	OBI 3, p. 321	Bagan Epig Database.doc	catalogue_note	false	true	false	13	false	false	true	false	medium	use_for_catalogue_evidence	
frasch-ref-01436	Pl. I 95b	Bagan Epig Database.doc	catalogue_note	false	true	false	9	false	false	false	false	low	use_for_catalogue_evidence	
frasch-ref-01437	OBI 1, p. 244	Bagan Epig Database.doc	catalogue_note	false	true	false	13	false	false	true	false	medium	use_for_catalogue_evidence	
frasch-ref-01438	Pl. II 180	Bagan Epig Database.doc	catalogue_note	false	true	false	10	false	false	false	false	low	use_for_catalogue_evidence	
frasch-ref-01439	OBI 1 p. 292, l. 1-13	Bagan Epig Database.doc	catalogue_note	false	true	false	21	false	false	true	false	medium	use_for_catalogue_evidence	
frasch-ref-01440	Pl. I 109b	Bagan Epig Database.doc	catalogue_note	false	true	false	10	false	false	false	false	low	use_for_catalogue_evidence	
frasch-ref-01441	OBI 1, p. 255	Bagan Epig Database.doc	catalogue_note	false	true	false	13	false	false	true	false	medium	use_for_catalogue_evidence	
frasch-ref-01442	Pl. II 127b	Bagan Epig Database.doc	catalogue_note	false	true	false	11	false	false	false	false	low	use_for_catalogue_evidence	
frasch-ref-01443	OBI 1, p. 255	Bagan Epig Database.doc	catalogue_note	false	true	false	13	false	false	true	false	medium	use_for_catalogue_evidence	
frasch-ref-01444	RSASB 926, p. 26 and App. G, no. 13	Bagan Epig Database.doc	unclear	false	false	false	35	false	false	true	false	low	manual_review	
frasch-ref-01445	Pl. II 127a	Bagan Epig Database.doc	catalogue_note	false	true	false	11	false	false	false	false	low	use_for_catalogue_evidence	
frasch-ref-01446	OBI 1, p. 256	Bagan Epig Database.doc	catalogue_note	false	true	false	13	false	false	true	false	medium	use_for_catalogue_evidence	
frasch-ref-01447	List 228	Bagan Epig Database.doc	catalogue_note	false	true	false	8	false	false	false	false	low	use_for_catalogue_evidence	
frasch-ref-01448	UB 1, p. 296	Bagan Epig Database.doc	catalogue_note	false	true	false	12	false	false	true	false	medium	use_for_catalogue_evidence	
frasch-ref-01449	Pl. I 85	Bagan Epig Database.doc	catalogue_note	false	true	false	8	false	false	false	false	low	use_for_catalogue_evidence	
frasch-ref-01450	OBI 1, p. 257	Bagan Epig Database.doc	catalogue_note	false	true	false	13	false	false	true	false	medium	use_for_catalogue_evidence	
frasch-ref-01451	UEM no. 33, p. 91	Bagan Epig Database.doc	catalogue_note	false	true	false	17	false	false	true	false	medium	use_for_catalogue_evidence	
frasch-ref-01452	List 231	Bagan Epig Database.doc	catalogue_note	false	true	false	8	false	false	false	false	low	use_for_catalogue_evidence	
frasch-ref-01453	PPA, p. 177	Bagan Epig Database.doc	catalogue_note	false	true	false	11	false	false	true	false	medium	use_for_catalogue_evidence	
frasch-ref-01454	TN, p. 84	Bagan Epig Database.doc	catalogue_note	false	true	false	9	false	false	true	false	medium	use_for_catalogue_evidence	
frasch-ref-01455	U Min Hswe, no. 40	Bagan Epig Database.doc	bibliographic_reference	true	false	false	18	true	false	true	false	medium	use_for_bibliography	
frasch-ref-01456	OBI 1, p. 259	Bagan Epig Database.doc	catalogue_note	false	true	false	13	false	false	true	false	medium	use_for_catalogue_evidence	
frasch-ref-01457	RDASB 1964, p. 20, no. 3	Bagan Epig Database.doc	unclear	false	false	false	24	false	true	true	true	low	manual_review	
frasch-ref-01458	Pl. I 86-87	Bagan Epig Database.doc	catalogue_note	false	true	false	11	false	false	false	false	low	use_for_catalogue_evidence	
frasch-ref-01459	OBI 1 p. 260	Bagan Epig Database.doc	catalogue_note	false	true	false	12	false	false	false	false	medium	use_for_catalogue_evidence	
frasch-ref-01460	Pl. II 128a	Bagan Epig Database.doc	catalogue_note	false	true	false	11	false	false	false	false	low	use_for_catalogue_evidence	
frasch-ref-01461	OBI 1, p. 263	Bagan Epig Database.doc	catalogue_note	false	true	false	13	false	false	true	false	medium	use_for_catalogue_evidence	
frasch-ref-01462	List 232	Bagan Epig Database.doc	catalogue_note	false	true	false	8	false	false	false	false	low	use_for_catalogue_evidence	
frasch-ref-01463	A, p. 66	Bagan Epig Database.doc	catalogue_note	false	true	false	8	false	false	true	false	medium	use_for_catalogue_evidence	
frasch-ref-01464	Pl. II 128b+c	Bagan Epig Database.doc	catalogue_note	false	true	false	13	false	false	false	false	low	use_for_catalogue_evidence	
frasch-ref-01465	OBI 1, p. 264	Bagan Epig Database.doc	catalogue_note	false	true	false	13	false	false	true	false	medium	use_for_catalogue_evidence	
frasch-ref-01466	List 233	Bagan Epig Database.doc	catalogue_note	false	true	false	8	false	false	false	false	low	use_for_catalogue_evidence	
frasch-ref-01467	OBI 1, p. 265	Bagan Epig Database.doc	catalogue_note	false	true	false	13	false	false	true	false	medium	use_for_catalogue_evidence	
frasch-ref-01468	List 229	Bagan Epig Database.doc	catalogue_note	false	true	false	8	false	false	false	false	low	use_for_catalogue_evidence	
frasch-ref-01469	UB 1, p. 191	Bagan Epig Database.doc	catalogue_note	false	true	false	12	false	false	true	false	medium	use_for_catalogue_evidence	
frasch-ref-01470	picture (ArchDept) on file	Bagan Epig Database.doc	unclear	false	false	false	26	false	false	false	false	low	manual_review	
frasch-ref-01471	Pl. I 88	Bagan Epig Database.doc	catalogue_note	false	true	false	8	false	false	false	false	low	use_for_catalogue_evidence	
frasch-ref-01472	OBI 1, p. 270	Bagan Epig Database.doc	catalogue_note	false	true	false	13	false	false	true	false	medium	use_for_catalogue_evidence	
frasch-ref-01473	List 215	Bagan Epig Database.doc	catalogue_note	false	true	false	8	false	false	false	false	low	use_for_catalogue_evidence	
frasch-ref-01474	PPA, p. 176	Bagan Epig Database.doc	catalogue_note	false	true	false	11	false	false	true	false	medium	use_for_catalogue_evidence	
frasch-ref-01475	TN, p. 84	Bagan Epig Database.doc	catalogue_note	false	true	false	9	false	false	true	false	medium	use_for_catalogue_evidence	
frasch-ref-01476	OR 3434 (gā: verso)	Bagan Epig Database.doc	catalogue_note	false	true	false	19	false	false	false	false	low	use_for_catalogue_evidence	
frasch-ref-01477	U Min Hswe, no. 17	Bagan Epig Database.doc	bibliographic_reference	true	false	false	18	true	false	true	false	medium	use_for_bibliography	
frasch-ref-01478	Pl. I 100a	Bagan Epig Database.doc	catalogue_note	false	true	false	10	false	false	false	false	low	use_for_catalogue_evidence	
frasch-ref-01479	OBI 1, p. 272	Bagan Epig Database.doc	catalogue_note	false	true	false	13	false	false	true	false	medium	use_for_catalogue_evidence	
frasch-ref-01480	UEM, no. 37, p. 105	Bagan Epig Database.doc	catalogue_note	false	true	false	19	false	false	true	false	medium	use_for_catalogue_evidence	
frasch-ref-01481	List 479	Bagan Epig Database.doc	catalogue_note	false	true	false	8	false	false	false	false	low	use_for_catalogue_evidence	
frasch-ref-01482	PPA, p. 310	Bagan Epig Database.doc	catalogue_note	false	true	false	11	false	false	true	false	medium	use_for_catalogue_evidence	
frasch-ref-01483	TN, p. 143	Bagan Epig Database.doc	catalogue_note	false	true	false	10	false	false	true	false	medium	use_for_catalogue_evidence	
frasch-ref-01484	OBI 1, p. 273 (not listed ?!)	Bagan Epig Database.doc	catalogue_note	false	true	false	29	false	false	true	false	medium	use_for_catalogue_evidence	
frasch-ref-01485	copy List 486	Bagan Epig Database.doc	unclear	false	false	false	13	false	false	false	false	low	manual_review	
frasch-ref-01486	B 2, p. 747	Bagan Epig Database.doc	catalogue_note	false	true	false	11	false	false	true	false	medium	use_for_catalogue_evidence	
frasch-ref-01487	Pl. I 90	Bagan Epig Database.doc	catalogue_note	false	true	false	8	false	false	false	false	low	use_for_catalogue_evidence	
frasch-ref-01488	OBI 1, p. 267	Bagan Epig Database.doc	catalogue_note	false	true	false	13	false	false	true	false	medium	use_for_catalogue_evidence	
frasch-ref-01489	SIP no. 22, p. 45	Bagan Epig Database.doc	catalogue_note	false	true	false	17	false	false	true	false	medium	use_for_catalogue_evidence	
frasch-ref-01490	List 230	Bagan Epig Database.doc	catalogue_note	false	true	false	8	false	false	false	false	low	use_for_catalogue_evidence	
frasch-ref-01491	UB 1, p. 178	Bagan Epig Database.doc	catalogue_note	false	true	false	12	false	false	true	false	medium	use_for_catalogue_evidence	
frasch-ref-01492	in situ	Bagan Epig Database.doc	unclear	false	false	false	7	false	false	false	false	low	manual_review	
frasch-ref-01493	found before 2004	Bagan Epig Database.doc	unclear	false	false	false	17	false	true	false	false	low	manual_review	
frasch-ref-01494	*HD 2	Bagan Epig Database.doc	unclear	false	false	false	5	false	false	false	false	low	manual_review	
frasch-ref-01495	Pl. I 89	Bagan Epig Database.doc	catalogue_note	false	true	false	8	false	false	false	false	low	use_for_catalogue_evidence	
frasch-ref-01496	Pl. I 91+92	Bagan Epig Database.doc	catalogue_note	false	true	false	11	false	false	false	false	low	use_for_catalogue_evidence	
frasch-ref-01497	OBI 1, p. 278	Bagan Epig Database.doc	catalogue_note	false	true	false	13	false	false	true	false	medium	use_for_catalogue_evidence	
frasch-ref-01498	List 236a+b	Bagan Epig Database.doc	catalogue_note	false	true	false	11	false	false	false	false	low	use_for_catalogue_evidence	
frasch-ref-01499	UB 1, p. 198	Bagan Epig Database.doc	catalogue_note	false	true	false	12	false	false	true	false	medium	use_for_catalogue_evidence	
frasch-ref-01500	U Min Hswe, no. 49	Bagan Epig Database.doc	bibliographic_reference	true	false	false	18	true	false	true	false	medium	use_for_bibliography	
frasch-ref-01501	Pl. IV 375 + 376	Bagan Epig Database.doc	catalogue_note	false	true	false	16	false	false	false	false	low	use_for_catalogue_evidence	
frasch-ref-01502	OBI 1, p. 282	Bagan Epig Database.doc	catalogue_note	false	true	false	13	false	false	true	false	medium	use_for_catalogue_evidence	
frasch-ref-01503	Pl. I 94a+b	Bagan Epig Database.doc	catalogue_note	false	true	false	11	false	false	false	false	low	use_for_catalogue_evidence	
frasch-ref-01504	OBI 1, p. 291	Bagan Epig Database.doc	catalogue_note	false	true	false	13	false	false	true	false	medium	use_for_catalogue_evidence	
frasch-ref-01505	List 237	Bagan Epig Database.doc	catalogue_note	false	true	false	8	false	false	false	false	low	use_for_catalogue_evidence	
frasch-ref-01506	PPA, p. 99	Bagan Epig Database.doc	catalogue_note	false	true	false	10	false	false	true	false	medium	use_for_catalogue_evidence	
frasch-ref-01507	TN, p. 52	Bagan Epig Database.doc	catalogue_note	false	true	false	9	false	false	true	false	medium	use_for_catalogue_evidence	
frasch-ref-01508	Pl. I 93	Bagan Epig Database.doc	catalogue_note	false	true	false	8	false	false	false	false	low	use_for_catalogue_evidence	
frasch-ref-01509	OBI 1, p. 287	Bagan Epig Database.doc	catalogue_note	false	true	false	13	false	false	true	false	medium	use_for_catalogue_evidence	
frasch-ref-01510	List 211	Bagan Epig Database.doc	catalogue_note	false	true	false	8	false	false	false	false	low	use_for_catalogue_evidence	
frasch-ref-01511	PPA, p. 59	Bagan Epig Database.doc	catalogue_note	false	true	false	10	false	false	true	false	medium	use_for_catalogue_evidence	
frasch-ref-01512	TN, p. 28	Bagan Epig Database.doc	catalogue_note	false	true	false	9	false	false	true	false	medium	use_for_catalogue_evidence	
frasch-ref-01513	OBI 1, p. 289	Bagan Epig Database.doc	catalogue_note	false	true	false	13	false	false	true	false	medium	use_for_catalogue_evidence	
frasch-ref-01514	Luce J 2667	Bagan Epig Database.doc	catalogue_note	false	true	false	11	false	false	false	false	low	use_for_catalogue_evidence	
frasch-ref-01515	RDASB 1954	Bagan Epig Database.doc	unclear	false	false	false	10	false	true	false	true	low	manual_review	
frasch-ref-01516	Pl. I 109a	Bagan Epig Database.doc	catalogue_note	false	true	false	10	false	false	false	false	low	use_for_catalogue_evidence	
frasch-ref-01517	OBI 1, p. 290	Bagan Epig Database.doc	catalogue_note	false	true	false	13	false	false	true	false	medium	use_for_catalogue_evidence	
frasch-ref-01518	List ???	Bagan Epig Database.doc	catalogue_note	false	true	false	8	false	false	false	false	low	use_for_catalogue_evidence	
frasch-ref-01519	Pl. I 95a	Bagan Epig Database.doc	catalogue_note	false	true	false	9	false	false	false	false	low	use_for_catalogue_evidence	
frasch-ref-01520	OBI 1, p. 298	Bagan Epig Database.doc	catalogue_note	false	true	false	13	false	false	true	false	medium	use_for_catalogue_evidence	
frasch-ref-01521	List 238	Bagan Epig Database.doc	catalogue_note	false	true	false	8	false	false	false	false	low	use_for_catalogue_evidence	
frasch-ref-01522	A p. 68	Bagan Epig Database.doc	catalogue_note	false	true	false	7	false	false	false	false	medium	use_for_catalogue_evidence	
frasch-ref-01523	Pl. I 96-97	Bagan Epig Database.doc	catalogue_note	false	true	false	11	false	false	false	false	low	use_for_catalogue_evidence	
frasch-ref-01524	OBI 1, p. 298	Bagan Epig Database.doc	catalogue_note	false	true	false	13	false	false	true	false	medium	use_for_catalogue_evidence	
frasch-ref-01525	SIP no. 24, p. 49	Bagan Epig Database.doc	catalogue_note	false	true	false	17	false	false	true	false	medium	use_for_catalogue_evidence	
frasch-ref-01526	UEM no. 35, p. 95	Bagan Epig Database.doc	catalogue_note	false	true	false	17	false	false	true	false	medium	use_for_catalogue_evidence	
frasch-ref-01527	List 235a+b	Bagan Epig Database.doc	catalogue_note	false	true	false	11	false	false	false	false	low	use_for_catalogue_evidence	
frasch-ref-01528	UB 1, p. 195	Bagan Epig Database.doc	catalogue_note	false	true	false	12	false	false	true	false	medium	use_for_catalogue_evidence	
frasch-ref-01529	U Than Tun, JBRS 1959, p. 77-79	Bagan Epig Database.doc	bibliographic_reference	true	false	false	31	true	true	true	true	high	use_for_bibliography	
frasch-ref-01530	U Than Tun, JBRS 1976, p. 135-7, Luce, ELEB, JBRS 1940, p. 327-8	Bagan Epig Database.doc	bibliographic_reference	true	false	false	64	true	true	true	true	high	use_for_bibliography	
frasch-ref-01531	U Min Hswe, no. 77	Bagan Epig Database.doc	bibliographic_reference	true	false	false	18	true	false	true	false	medium	use_for_bibliography	
frasch-ref-01532	OBI 1, p. 377	Bagan Epig Database.doc	catalogue_note	false	true	false	13	false	false	true	false	medium	use_for_catalogue_evidence	
frasch-ref-01533	List 202	Bagan Epig Database.doc	catalogue_note	false	true	false	8	false	false	false	false	low	use_for_catalogue_evidence	
frasch-ref-01534	A, p. 62	Bagan Epig Database.doc	catalogue_note	false	true	false	8	false	false	true	false	medium	use_for_catalogue_evidence	
frasch-ref-01535	MP 1, p. 77	Bagan Epig Database.doc	catalogue_note	false	true	false	11	false	false	true	false	medium	use_for_catalogue_evidence	
frasch-ref-01536	OBI 1, p. 379	Bagan Epig Database.doc	catalogue_note	false	true	false	13	false	false	true	false	medium	use_for_catalogue_evidence	
frasch-ref-01537	List 201	Bagan Epig Database.doc	catalogue_note	false	true	false	8	false	false	false	false	low	use_for_catalogue_evidence	
frasch-ref-01538	A, p. 63	Bagan Epig Database.doc	catalogue_note	false	true	false	8	false	false	true	false	medium	use_for_catalogue_evidence	
frasch-ref-01539	copies List 225	Bagan Epig Database.doc	unclear	false	false	false	15	false	false	false	false	low	manual_review	
frasch-ref-01540	B 2, p. 842	Bagan Epig Database.doc	catalogue_note	false	true	false	11	false	false	true	false	medium	use_for_catalogue_evidence	
frasch-ref-01541	MM 3, no. 41, p. 172 (2nd and 3rd inscr.)	Bagan Epig Database.doc	catalogue_note	false	true	false	41	false	false	true	false	medium	use_for_catalogue_evidence	
frasch-ref-01542	OR 6452 B (1), no. 32	Bagan Epig Database.doc	catalogue_note	false	true	false	21	false	false	true	false	low	use_for_catalogue_evidence	
frasch-ref-01543	List 226	Bagan Epig Database.doc	catalogue_note	false	true	false	8	false	false	false	false	low	use_for_catalogue_evidence	
frasch-ref-01544	B 2, p. 847	Bagan Epig Database.doc	catalogue_note	false	true	false	11	false	false	true	false	medium	use_for_catalogue_evidence	
frasch-ref-01545	MM 3, no. 42, p. 175	Bagan Epig Database.doc	catalogue_note	false	true	false	20	false	false	true	false	medium	use_for_catalogue_evidence	
frasch-ref-01546	MM 3, no. 43, p. 183	Bagan Epig Database.doc	catalogue_note	false	true	false	20	false	false	true	false	medium	use_for_catalogue_evidence	
frasch-ref-01547	Than Tun, Hnaung-dwe, no. 14, p. 38	Bagan Epig Database.doc	bibliographic_reference	true	false	false	35	true	false	true	false	medium	use_for_bibliography	
frasch-ref-01548	U Min Hswe, no. 8	Bagan Epig Database.doc	bibliographic_reference	true	false	false	17	true	false	true	false	medium	use_for_bibliography	
frasch-ref-01549	photo/xerox in file	Bagan Epig Database.doc	unclear	false	false	false	19	false	false	false	false	low	manual_review	
frasch-ref-01550	U Nyein Maung (1999)	Bagan Epig Database.doc	unclear	false	false	false	20	false	true	false	false	low	manual_review	
frasch-ref-01551	Pl. I 55b	Bagan Epig Database.doc	catalogue_note	false	true	false	9	false	false	false	false	low	use_for_catalogue_evidence	
frasch-ref-01552	OBI 1, p. 302	Bagan Epig Database.doc	catalogue_note	false	true	false	13	false	false	true	false	medium	use_for_catalogue_evidence	
frasch-ref-01553	List 243	Bagan Epig Database.doc	catalogue_note	false	true	false	8	false	false	false	false	low	use_for_catalogue_evidence	
frasch-ref-01554	A, p. 70	Bagan Epig Database.doc	catalogue_note	false	true	false	8	false	false	true	false	medium	use_for_catalogue_evidence	
frasch-ref-01555	Pl. I 100b	Bagan Epig Database.doc	catalogue_note	false	true	false	10	false	false	false	false	low	use_for_catalogue_evidence	
frasch-ref-01556	OBI 1, p. 302	Bagan Epig Database.doc	catalogue_note	false	true	false	13	false	false	true	false	medium	use_for_catalogue_evidence	
frasch-ref-01557	UEM no. 37, p. 106	Bagan Epig Database.doc	catalogue_note	false	true	false	18	false	false	true	false	medium	use_for_catalogue_evidence	
frasch-ref-01558	List 479	Bagan Epig Database.doc	catalogue_note	false	true	false	8	false	false	false	false	low	use_for_catalogue_evidence	
frasch-ref-01559	PPA, p. 310	Bagan Epig Database.doc	catalogue_note	false	true	false	11	false	false	true	false	medium	use_for_catalogue_evidence	
frasch-ref-01560	TN, p. 143	Bagan Epig Database.doc	catalogue_note	false	true	false	10	false	false	true	false	medium	use_for_catalogue_evidence	
frasch-ref-01561	Pl. I 101	Bagan Epig Database.doc	catalogue_note	false	true	false	9	false	false	false	false	low	use_for_catalogue_evidence	
frasch-ref-01562	OBI 1 p. 305	Bagan Epig Database.doc	catalogue_note	false	true	false	12	false	false	false	false	medium	use_for_catalogue_evidence	
frasch-ref-01563	List 241	Bagan Epig Database.doc	catalogue_note	false	true	false	8	false	false	false	false	low	use_for_catalogue_evidence	
frasch-ref-01564	PPA, p. 179	Bagan Epig Database.doc	catalogue_note	false	true	false	11	false	false	true	false	medium	use_for_catalogue_evidence	
frasch-ref-01565	TN, p. 85	Bagan Epig Database.doc	catalogue_note	false	true	false	9	false	false	true	false	medium	use_for_catalogue_evidence	
frasch-ref-01566	U Min Hswe, no. 6	Bagan Epig Database.doc	bibliographic_reference	true	false	false	17	true	false	true	false	medium	use_for_bibliography	
frasch-ref-01567	Pl. I 105a	Bagan Epig Database.doc	catalogue_note	false	true	false	10	false	false	false	false	low	use_for_catalogue_evidence	
frasch-ref-01568	OBI 1, p. 306	Bagan Epig Database.doc	catalogue_note	false	true	false	13	false	false	true	false	medium	use_for_catalogue_evidence	
frasch-ref-01569	SIP no. 25, p. 52	Bagan Epig Database.doc	catalogue_note	false	true	false	17	false	false	true	false	medium	use_for_catalogue_evidence	
frasch-ref-01570	UEM no. 36, p. 99	Bagan Epig Database.doc	catalogue_note	false	true	false	17	false	false	true	false	medium	use_for_catalogue_evidence	
frasch-ref-01571	List 242	Bagan Epig Database.doc	catalogue_note	false	true	false	8	false	false	false	false	low	use_for_catalogue_evidence	
frasch-ref-01572	PPA, p. 181	Bagan Epig Database.doc	catalogue_note	false	true	false	11	false	false	true	false	medium	use_for_catalogue_evidence	
frasch-ref-01573	MM 3, no. 44, p. 189	Bagan Epig Database.doc	catalogue_note	false	true	false	20	false	false	true	false	medium	use_for_catalogue_evidence	
frasch-ref-01574	TN, p. 86	Bagan Epig Database.doc	catalogue_note	false	true	false	9	false	false	true	false	medium	use_for_catalogue_evidence	
frasch-ref-01575	U Than Tun, JBRS 1978, p. 140	Bagan Epig Database.doc	bibliographic_reference	true	false	false	29	true	true	true	true	high	use_for_bibliography	
frasch-ref-01576	U Min Hswe, no. 76	Bagan Epig Database.doc	bibliographic_reference	true	false	false	18	true	false	true	false	medium	use_for_bibliography	
frasch-ref-01577	List 244	Bagan Epig Database.doc	catalogue_note	false	true	false	8	false	false	false	false	low	use_for_catalogue_evidence	
frasch-ref-01578	A, p. 69	Bagan Epig Database.doc	catalogue_note	false	true	false	8	false	false	true	false	medium	use_for_catalogue_evidence	
frasch-ref-01579	MP 1, p. 69	Bagan Epig Database.doc	catalogue_note	false	true	false	11	false	false	true	false	medium	use_for_catalogue_evidence	
frasch-ref-01580	List 117	Bagan Epig Database.doc	catalogue_note	false	true	false	8	false	false	false	false	low	use_for_catalogue_evidence	
frasch-ref-01581	B 2, p. 742	Bagan Epig Database.doc	catalogue_note	false	true	false	11	false	false	true	false	medium	use_for_catalogue_evidence	
frasch-ref-01582	MM 3, nos. 4-5, p. 14-20	Bagan Epig Database.doc	catalogue_note	false	true	false	24	false	false	true	false	medium	use_for_catalogue_evidence	
frasch-ref-01583	List 239	Bagan Epig Database.doc	catalogue_note	false	true	false	8	false	false	false	false	low	use_for_catalogue_evidence	
frasch-ref-01584	B 2, p. 743	Bagan Epig Database.doc	catalogue_note	false	true	false	11	false	false	true	false	medium	use_for_catalogue_evidence	
frasch-ref-01585	MM 3, no. 45, p. 154	Bagan Epig Database.doc	catalogue_note	false	true	false	20	false	false	true	false	medium	use_for_catalogue_evidence	
frasch-ref-01586	List 645	Bagan Epig Database.doc	catalogue_note	false	true	false	8	false	false	false	false	low	use_for_catalogue_evidence	
frasch-ref-01587	B 2, p. 558 (first 5 lin- es)	Bagan Epig Database.doc	catalogue_note	false	true	false	29	false	false	true	false	medium	use_for_catalogue_evidence	
frasch-ref-01588	List 240	Bagan Epig Database.doc	catalogue_note	false	true	false	8	false	false	false	false	low	use_for_catalogue_evidence	
frasch-ref-01589	B 2, p. 559	Bagan Epig Database.doc	catalogue_note	false	true	false	11	false	false	true	false	medium	use_for_catalogue_evidence	
frasch-ref-01590	MM 3, nos. 46-47, p. 197-202	Bagan Epig Database.doc	catalogue_note	false	true	false	28	false	false	true	false	medium	use_for_catalogue_evidence	
frasch-ref-01591	Luce O 4399-4401	Bagan Epig Database.doc	unclear	false	false	false	16	false	false	false	false	low	manual_review	
frasch-ref-01592	List 248	Bagan Epig Database.doc	catalogue_note	false	true	false	8	false	false	false	false	low	use_for_catalogue_evidence	
frasch-ref-01593	OBI 1, p. 381	Bagan Epig Database.doc	catalogue_note	false	true	false	13	false	false	true	false	medium	use_for_catalogue_evidence	
frasch-ref-01594	A, p. 71	Bagan Epig Database.doc	catalogue_note	false	true	false	8	false	false	true	false	medium	use_for_catalogue_evidence	
frasch-ref-01595	MP 1, p. 97	Bagan Epig Database.doc	catalogue_note	false	true	false	11	false	false	true	false	medium	use_for_catalogue_evidence	
frasch-ref-01596	Pl. II 210a	Bagan Epig Database.doc	catalogue_note	false	true	false	11	false	false	false	false	low	use_for_catalogue_evidence	
frasch-ref-01597	OBI 1, p. 314	Bagan Epig Database.doc	catalogue_note	false	true	false	13	false	false	true	false	medium	use_for_catalogue_evidence	
frasch-ref-01598	Pl. II 130	Bagan Epig Database.doc	catalogue_note	false	true	false	10	false	false	false	false	low	use_for_catalogue_evidence	
frasch-ref-01599	OBI 1, p. 316: U Min Hswe, no. 81	Bagan Epig Database.doc	catalogue_note	false	true	false	33	false	false	true	false	medium	use_for_catalogue_evidence	
frasch-ref-01600	Pl. II 131a	Bagan Epig Database.doc	catalogue_note	false	true	false	11	false	false	false	false	low	use_for_catalogue_evidence	
frasch-ref-01601	OBI 1, p. 318	Bagan Epig Database.doc	catalogue_note	false	true	false	13	false	false	true	false	medium	use_for_catalogue_evidence	
frasch-ref-01602	Pl. II 131b	Bagan Epig Database.doc	catalogue_note	false	true	false	11	false	false	false	false	low	use_for_catalogue_evidence	
frasch-ref-01603	OBI 1, p. 319	Bagan Epig Database.doc	catalogue_note	false	true	false	13	false	false	true	false	medium	use_for_catalogue_evidence	
frasch-ref-01604	List 247	Bagan Epig Database.doc	catalogue_note	false	true	false	8	false	false	false	false	low	use_for_catalogue_evidence	
frasch-ref-01605	PPA, p. 183	Bagan Epig Database.doc	catalogue_note	false	true	false	11	false	false	true	false	medium	use_for_catalogue_evidence	
frasch-ref-01606	TN, p. 87	Bagan Epig Database.doc	catalogue_note	false	true	false	9	false	false	true	false	medium	use_for_catalogue_evidence	
frasch-ref-01607	U Min Hswe, no. 44	Bagan Epig Database.doc	bibliographic_reference	true	false	false	18	true	false	true	false	medium	use_for_bibliography	
frasch-ref-01608	Pl. II 132a	Bagan Epig Database.doc	catalogue_note	false	true	false	11	false	false	false	false	low	use_for_catalogue_evidence	
frasch-ref-01609	OBI 1, p. 320	Bagan Epig Database.doc	catalogue_note	false	true	false	13	false	false	true	false	medium	use_for_catalogue_evidence	
frasch-ref-01610	UEM no. 40, p. 112	Bagan Epig Database.doc	catalogue_note	false	true	false	18	false	false	true	false	medium	use_for_catalogue_evidence	
frasch-ref-01611	List 246	Bagan Epig Database.doc	catalogue_note	false	true	false	8	false	false	false	false	low	use_for_catalogue_evidence	
frasch-ref-01612	PPA p. 239	Bagan Epig Database.doc	catalogue_note	false	true	false	10	false	false	false	false	medium	use_for_catalogue_evidence	
frasch-ref-01613	TN, p. 109	Bagan Epig Database.doc	catalogue_note	false	true	false	10	false	false	true	false	medium	use_for_catalogue_evidence	
frasch-ref-01614	OBI 2, p. 1	Bagan Epig Database.doc	catalogue_note	false	true	false	11	false	false	true	false	medium	use_for_catalogue_evidence	
frasch-ref-01615	RDASB 1971	Bagan Epig Database.doc	unclear	false	false	false	10	false	true	false	true	low	manual_review	
frasch-ref-01616	Pl. I 103-104	Bagan Epig Database.doc	catalogue_note	false	true	false	13	false	false	false	false	low	use_for_catalogue_evidence	
frasch-ref-01617	OBI 1 p. 311	Bagan Epig Database.doc	catalogue_note	false	true	false	12	false	false	false	false	medium	use_for_catalogue_evidence	
frasch-ref-01618	List 206/List 220	Bagan Epig Database.doc	catalogue_note	false	true	false	17	false	false	false	false	low	use_for_catalogue_evidence	
frasch-ref-01619	PPA, p. 61	Bagan Epig Database.doc	catalogue_note	false	true	false	10	false	false	true	false	medium	use_for_catalogue_evidence	
frasch-ref-01620	TN, p. 29	Bagan Epig Database.doc	catalogue_note	false	true	false	9	false	false	true	false	medium	use_for_catalogue_evidence	
frasch-ref-01621	Pl. II 129	Bagan Epig Database.doc	catalogue_note	false	true	false	10	false	false	false	false	low	use_for_catalogue_evidence	
frasch-ref-01622	OBI 1 p. 315	Bagan Epig Database.doc	catalogue_note	false	true	false	12	false	false	false	false	medium	use_for_catalogue_evidence	
frasch-ref-01623	List 1252	Bagan Epig Database.doc	catalogue_note	false	true	false	9	false	true	false	false	medium	use_for_catalogue_evidence	
frasch-ref-01624	PPA, p. 159	Bagan Epig Database.doc	catalogue_note	false	true	false	11	false	false	true	false	medium	use_for_catalogue_evidence	
frasch-ref-01625	TN, p. 93	Bagan Epig Database.doc	catalogue_note	false	true	false	9	false	false	true	false	medium	use_for_catalogue_evidence	
frasch-ref-01626	Pl. I 105b	Bagan Epig Database.doc	catalogue_note	false	true	false	10	false	false	false	false	low	use_for_catalogue_evidence	
frasch-ref-01627	List 242	Bagan Epig Database.doc	catalogue_note	false	true	false	8	false	false	false	false	low	use_for_catalogue_evidence	
frasch-ref-01628	PPA, p. 182	Bagan Epig Database.doc	catalogue_note	false	true	false	11	false	false	true	false	medium	use_for_catalogue_evidence	
frasch-ref-01629	TN, p. 87 (not in OBI !)	Bagan Epig Database.doc	catalogue_note	false	true	false	24	false	false	true	false	medium	use_for_catalogue_evidence	
frasch-ref-01630	Pl. II 132b	Bagan Epig Database.doc	catalogue_note	false	true	false	11	false	false	false	false	low	use_for_catalogue_evidence	
frasch-ref-01631	OBI 2, p. 4	Bagan Epig Database.doc	catalogue_note	false	true	false	11	false	false	true	false	medium	use_for_catalogue_evidence	
frasch-ref-01632	List 249	Bagan Epig Database.doc	catalogue_note	false	true	false	8	false	false	false	false	low	use_for_catalogue_evidence	
frasch-ref-01633	A, p. 75	Bagan Epig Database.doc	catalogue_note	false	true	false	8	false	false	true	false	medium	use_for_catalogue_evidence	
frasch-ref-01634	copy List 918	Bagan Epig Database.doc	unclear	false	false	false	13	false	false	false	false	low	manual_review	
frasch-ref-01635	B 2, p. 665 (first part)	Bagan Epig Database.doc	catalogue_note	false	true	false	24	false	false	true	false	medium	use_for_catalogue_evidence	
frasch-ref-01636	List 42	Bagan Epig Database.doc	catalogue_note	false	true	false	7	false	false	false	false	low	use_for_catalogue_evidence	
frasch-ref-01637	B 2, p. 835 (with date 402)	Bagan Epig Database.doc	catalogue_note	false	true	false	27	false	false	true	false	medium	use_for_catalogue_evidence	
frasch-ref-01638	copy List 7 (lower part)	Bagan Epig Database.doc	unclear	false	false	false	24	false	false	false	false	low	manual_review	
frasch-ref-01639	B 2, p. 833	Bagan Epig Database.doc	catalogue_note	false	true	false	11	false	false	true	false	medium	use_for_catalogue_evidence	
frasch-ref-01640	MM no. 3, p. 25 with date CS 7(82)/1420 (but first date 382)	Bagan Epig Database.doc	catalogue_note	false	true	false	60	false	true	true	false	medium	use_for_catalogue_evidence	
frasch-ref-01641	Pichard, IMP 698	Bagan Epig Database.doc	bibliographic_reference	true	false	false	16	true	false	true	false	medium	use_for_bibliography	
frasch-ref-01642	Than Tun, Hnaung-dwe, no. 13, p. 36	Bagan Epig Database.doc	bibliographic_reference	true	false	false	35	true	false	true	false	medium	use_for_bibliography	
frasch-ref-01643	own read- ing in file (2005, but not found in 2013) copy List 7	Bagan Epig Database.doc	unclear	false	false	false	63	false	true	true	false	low	manual_review	
frasch-ref-01644	MM no. 4, p. 25 (with date 783/1421) check	Bagan Epig Database.doc	catalogue_note	false	true	false	42	false	true	true	false	medium	use_for_catalogue_evidence	
frasch-ref-01645	Pl. II 133	Bagan Epig Database.doc	catalogue_note	false	true	false	10	false	false	false	false	low	use_for_catalogue_evidence	
frasch-ref-01646	OBI 2, p. 6	Bagan Epig Database.doc	catalogue_note	false	true	false	11	false	false	true	false	medium	use_for_catalogue_evidence	
frasch-ref-01647	List 1255	Bagan Epig Database.doc	catalogue_note	false	true	false	9	false	true	false	false	medium	use_for_catalogue_evidence	
frasch-ref-01648	PPA, p. 286 (this ref. in List is incorrect !)	Bagan Epig Database.doc	catalogue_note	false	true	false	46	false	false	true	false	medium	use_for_catalogue_evidence	
frasch-ref-01649	Pl. II 134b (l. 14-21)	Bagan Epig Database.doc	catalogue_note	false	true	false	22	false	false	false	false	low	use_for_catalogue_evidence	
frasch-ref-01650	OBI 2, p. 9	Bagan Epig Database.doc	catalogue_note	false	true	false	11	false	false	true	false	medium	use_for_catalogue_evidence	
frasch-ref-01651	UEM no. 11, p. 115	Bagan Epig Database.doc	catalogue_note	false	true	false	18	false	false	true	false	medium	use_for_catalogue_evidence	
frasch-ref-01652	ARASI 1915	Bagan Epig Database.doc	catalogue_note	false	true	false	10	false	true	false	true	medium	use_for_catalogue_evidence	
frasch-ref-01653	Pl. II 197	Bagan Epig Database.doc	catalogue_note	false	true	false	10	false	false	false	false	low	use_for_catalogue_evidence	
frasch-ref-01654	OBI 2, p. 10	Bagan Epig Database.doc	catalogue_note	false	true	false	12	false	false	true	false	medium	use_for_catalogue_evidence	
frasch-ref-01655	PPA, p. 233 (not in List)	Bagan Epig Database.doc	catalogue_note	false	true	false	25	false	false	true	false	medium	use_for_catalogue_evidence	
frasch-ref-01656	U Min Hswe, no. 69	Bagan Epig Database.doc	bibliographic_reference	true	false	false	18	true	false	true	false	medium	use_for_bibliography	
frasch-ref-01657	Pl. II 135a	Bagan Epig Database.doc	catalogue_note	false	true	false	11	false	false	false	false	low	use_for_catalogue_evidence	
frasch-ref-01658	OBI 2, p. 11	Bagan Epig Database.doc	catalogue_note	false	true	false	12	false	false	true	false	medium	use_for_catalogue_evidence	
frasch-ref-01659	Pl. III 320	Bagan Epig Database.doc	catalogue_note	false	true	false	11	false	false	false	false	low	use_for_catalogue_evidence	
frasch-ref-01660	OBI 2, p. 14	Bagan Epig Database.doc	catalogue_note	false	true	false	12	false	false	true	false	medium	use_for_catalogue_evidence	
frasch-ref-01661	Pl. III 257	Bagan Epig Database.doc	catalogue_note	false	true	false	11	false	false	false	false	low	use_for_catalogue_evidence	
frasch-ref-01662	OBI 3, p. 115	Bagan Epig Database.doc	catalogue_note	false	true	false	13	false	false	true	false	medium	use_for_catalogue_evidence	
frasch-ref-01663	List 363a	Bagan Epig Database.doc	catalogue_note	false	true	false	9	false	false	false	false	low	use_for_catalogue_evidence	
frasch-ref-01664	copy List	Bagan Epig Database.doc	unclear	false	false	false	9	false	false	false	false	low	manual_review	
frasch-ref-01665	B 2, p. 667 (no List-no. ??)	Bagan Epig Database.doc	catalogue_note	false	true	false	28	false	false	true	false	medium	use_for_catalogue_evidence	
frasch-ref-01666	List 250	Bagan Epig Database.doc	catalogue_note	false	true	false	8	false	false	false	false	low	use_for_catalogue_evidence	
frasch-ref-01667	A, p. 76-78	Bagan Epig Database.doc	catalogue_note	false	true	false	11	false	false	true	false	medium	use_for_catalogue_evidence	
frasch-ref-01668	U Than Tun, Hnaung-dwe, no. 23, p. 70	Bagan Epig Database.doc	bibliographic_reference	true	false	false	37	true	false	true	false	medium	use_for_bibliography	
frasch-ref-01669	(HD 3)	Bagan Epig Database.doc	unclear	false	false	false	6	false	false	false	false	low	manual_review	
frasch-ref-01670	Pl. II 136	Bagan Epig Database.doc	catalogue_note	false	true	false	10	false	false	false	false	low	use_for_catalogue_evidence	
frasch-ref-01671	OBI 2, p. 15	Bagan Epig Database.doc	catalogue_note	false	true	false	12	false	false	true	false	medium	use_for_catalogue_evidence	
frasch-ref-01672	List 253	Bagan Epig Database.doc	catalogue_note	false	true	false	8	false	false	false	false	low	use_for_catalogue_evidence	
frasch-ref-01673	UB 1, p. 297	Bagan Epig Database.doc	catalogue_note	false	true	false	12	false	false	true	false	medium	use_for_catalogue_evidence	
frasch-ref-01674	Pl. II 137	Bagan Epig Database.doc	catalogue_note	false	true	false	10	false	false	false	false	low	use_for_catalogue_evidence	
frasch-ref-01675	OBI 2 p. 17	Bagan Epig Database.doc	catalogue_note	false	true	false	11	false	false	false	false	medium	use_for_catalogue_evidence	
frasch-ref-01676	MP, p. 103	Bagan Epig Database.doc	catalogue_note	false	true	false	10	false	false	true	false	medium	use_for_catalogue_evidence	
frasch-ref-01677	OB 2 p. 19	Bagan Epig Database.doc	unclear	false	false	false	10	false	false	false	false	low	manual_review	
frasch-ref-01678	RDASB 1966	Bagan Epig Database.doc	unclear	false	false	false	10	false	true	false	true	low	manual_review	
frasch-ref-01679	OBI 2, p. 20	Bagan Epig Database.doc	catalogue_note	false	true	false	12	false	false	true	false	medium	use_for_catalogue_evidence	
frasch-ref-01680	RDASB 1966	Bagan Epig Database.doc	unclear	false	false	false	10	false	true	false	true	low	manual_review	
frasch-ref-01681	U Min Hswe, no. 7	Bagan Epig Database.doc	bibliographic_reference	true	false	false	17	true	false	true	false	medium	use_for_bibliography	
frasch-ref-01682	OBI 2, p. 21	Bagan Epig Database.doc	catalogue_note	false	true	false	12	false	false	true	false	medium	use_for_catalogue_evidence	
frasch-ref-01683	RDASB 1963, p. 27, no. 16	Bagan Epig Database.doc	unclear	false	false	false	25	false	true	true	true	low	manual_review	
frasch-ref-01684	List 251	Bagan Epig Database.doc	catalogue_note	false	true	false	8	false	false	false	false	low	use_for_catalogue_evidence	
frasch-ref-01685	B 2, p. 848	Bagan Epig Database.doc	catalogue_note	false	true	false	11	false	false	true	false	medium	use_for_catalogue_evidence	
frasch-ref-01686	List 252	Bagan Epig Database.doc	catalogue_note	false	true	false	8	false	false	false	false	low	use_for_catalogue_evidence	
frasch-ref-01687	B 2, p. 633	Bagan Epig Database.doc	catalogue_note	false	true	false	11	false	false	true	false	medium	use_for_catalogue_evidence	
frasch-ref-01688	Pl. III 308-310	Bagan Epig Database.doc	catalogue_note	false	true	false	15	false	false	false	false	low	use_for_catalogue_evidence	
frasch-ref-01689	OBI 1, p. 143	Bagan Epig Database.doc	catalogue_note	false	true	false	13	false	false	true	false	medium	use_for_catalogue_evidence	
frasch-ref-01690	Pl. III 318a+b	Bagan Epig Database.doc	catalogue_note	false	true	false	14	false	false	false	false	low	use_for_catalogue_evidence	
frasch-ref-01691	OBI 2, p. 22	Bagan Epig Database.doc	catalogue_note	false	true	false	12	false	false	true	false	medium	use_for_catalogue_evidence	
frasch-ref-01692	Pl. II 138	Bagan Epig Database.doc	catalogue_note	false	true	false	10	false	false	false	false	low	use_for_catalogue_evidence	
frasch-ref-01693	OBI 2, p. 24	Bagan Epig Database.doc	catalogue_note	false	true	false	12	false	false	true	false	medium	use_for_catalogue_evidence	
frasch-ref-01694	SIP no. 26, p. 55	Bagan Epig Database.doc	catalogue_note	false	true	false	17	false	false	true	false	medium	use_for_catalogue_evidence	
frasch-ref-01695	UEM no. 44, p. 117	Bagan Epig Database.doc	catalogue_note	false	true	false	18	false	false	true	false	medium	use_for_catalogue_evidence	
frasch-ref-01696	List 254	Bagan Epig Database.doc	catalogue_note	false	true	false	8	false	false	false	false	low	use_for_catalogue_evidence	
frasch-ref-01697	PPA, p. 155	Bagan Epig Database.doc	catalogue_note	false	true	false	11	false	false	true	false	medium	use_for_catalogue_evidence	
frasch-ref-01698	TN, p. 71	Bagan Epig Database.doc	catalogue_note	false	true	false	9	false	false	true	false	medium	use_for_catalogue_evidence	
frasch-ref-01699	RDASB 1926, p. 26 and App. G	Bagan Epig Database.doc	unclear	false	false	false	28	false	true	true	true	low	manual_review	
frasch-ref-01700	U Min Hswe, no. 43	Bagan Epig Database.doc	bibliographic_reference	true	false	false	18	true	false	true	false	medium	use_for_bibliography	
frasch-ref-01701	OR 3475, no. 4	Bagan Epig Database.doc	catalogue_note	false	true	false	14	false	false	true	false	low	use_for_catalogue_evidence	
frasch-ref-01702	U Kyaw, “Bagan Minsa”, p. 195	Bagan Epig Database.doc	bibliographic_reference	true	false	false	29	true	false	true	false	medium	use_for_bibliography	
frasch-ref-01703	Pl. II 148a	Bagan Epig Database.doc	catalogue_note	false	true	false	11	false	false	false	false	low	use_for_catalogue_evidence	
frasch-ref-01704	OBI 2, p. 27	Bagan Epig Database.doc	catalogue_note	false	true	false	12	false	false	true	false	medium	use_for_catalogue_evidence	
frasch-ref-01705	UEM no. 49, p. 137	Bagan Epig Database.doc	catalogue_note	false	true	false	18	false	false	true	false	medium	use_for_catalogue_evidence	
frasch-ref-01706	List 258 (rev.)	Bagan Epig Database.doc	catalogue_note	false	true	false	15	false	false	false	false	low	use_for_catalogue_evidence	
frasch-ref-01707	Pl. II 139	Bagan Epig Database.doc	catalogue_note	false	true	false	10	false	false	false	false	low	use_for_catalogue_evidence	
frasch-ref-01708	OBI 2, p. 29	Bagan Epig Database.doc	catalogue_note	false	true	false	12	false	false	true	false	medium	use_for_catalogue_evidence	
frasch-ref-01709	UEM no. 43, p. 116	Bagan Epig Database.doc	catalogue_note	false	true	false	18	false	false	true	false	medium	use_for_catalogue_evidence	
frasch-ref-01710	List 368	Bagan Epig Database.doc	catalogue_note	false	true	false	8	false	false	false	false	low	use_for_catalogue_evidence	
frasch-ref-01711	PPA, p. 12	Bagan Epig Database.doc	catalogue_note	false	true	false	10	false	false	true	false	medium	use_for_catalogue_evidence	
frasch-ref-01712	TN, p. 3	Bagan Epig Database.doc	catalogue_note	false	true	false	8	false	false	true	false	medium	use_for_catalogue_evidence	
frasch-ref-01713	OR 6452 B (1), no. 1	Bagan Epig Database.doc	catalogue_note	false	true	false	20	false	false	true	false	low	use_for_catalogue_evidence	
frasch-ref-01714	Pl. IV 431a, l. 1-19	Bagan Epig Database.doc	catalogue_note	false	true	false	20	false	false	true	false	low	use_for_catalogue_evidence	
frasch-ref-01715	OBI 3, p. 290	Bagan Epig Database.doc	catalogue_note	false	true	false	13	false	false	true	false	medium	use_for_catalogue_evidence	
frasch-ref-01716	Pl. V 576b (not listed or edited)	Bagan Epig Database.doc	catalogue_note	false	true	false	33	false	false	false	false	low	use_for_catalogue_evidence	
frasch-ref-01717	RDASB 1941, p. xxiv, app. H, no. 26	Bagan Epig Database.doc	unclear	false	false	false	35	false	true	true	true	low	manual_review	
frasch-ref-01718	Pl. II 140a+b	Bagan Epig Database.doc	catalogue_note	false	true	false	13	false	false	false	false	low	use_for_catalogue_evidence	
frasch-ref-01719	OBI 2, p. 30	Bagan Epig Database.doc	catalogue_note	false	true	false	12	false	false	true	false	medium	use_for_catalogue_evidence	
frasch-ref-01720	Pl. II 143a+b	Bagan Epig Database.doc	catalogue_note	false	true	false	13	false	false	false	false	low	use_for_catalogue_evidence	
frasch-ref-01721	OBI 2, p. 33	Bagan Epig Database.doc	catalogue_note	false	true	false	12	false	false	true	false	medium	use_for_catalogue_evidence	
frasch-ref-01722	SIP no. 27, p. 59	Bagan Epig Database.doc	catalogue_note	false	true	false	17	false	false	true	false	medium	use_for_catalogue_evidence	
frasch-ref-01723	UEM no. 46, p. 122	Bagan Epig Database.doc	catalogue_note	false	true	false	18	false	false	true	false	medium	use_for_catalogue_evidence	
frasch-ref-01724	List 262-263	Bagan Epig Database.doc	catalogue_note	false	true	false	12	false	false	false	false	low	use_for_catalogue_evidence	
frasch-ref-01725	PPA, p. 117	Bagan Epig Database.doc	catalogue_note	false	true	false	11	false	false	true	false	medium	use_for_catalogue_evidence	
frasch-ref-01726	TN, p. 60	Bagan Epig Database.doc	catalogue_note	false	true	false	9	false	false	true	false	medium	use_for_catalogue_evidence	
frasch-ref-01727	similar but incomplete version Pl. II 144	Bagan Epig Database.doc	unclear	false	false	false	41	false	false	true	false	low	manual_review	
frasch-ref-01728	OBI 2, p. 137	Bagan Epig Database.doc	catalogue_note	false	true	false	13	false	false	true	false	medium	use_for_catalogue_evidence	
frasch-ref-01729	UEM no. 46, p. 124	Bagan Epig Database.doc	catalogue_note	false	true	false	18	false	false	true	false	medium	use_for_catalogue_evidence	
frasch-ref-01730	List 262	Bagan Epig Database.doc	catalogue_note	false	true	false	8	false	false	false	false	low	use_for_catalogue_evidence	
frasch-ref-01731	PPA, p. 114	Bagan Epig Database.doc	catalogue_note	false	true	false	11	false	false	true	false	medium	use_for_catalogue_evidence	
frasch-ref-01732	TN, p. 58-60	Bagan Epig Database.doc	catalogue_note	false	true	false	12	false	false	true	false	medium	use_for_catalogue_evidence	
frasch-ref-01733	U Min Hswe, nos. 83-4	Bagan Epig Database.doc	bibliographic_reference	true	false	false	21	true	false	true	false	medium	use_for_bibliography	
frasch-ref-01734	Pl. II 145	Bagan Epig Database.doc	catalogue_note	false	true	false	10	false	false	false	false	low	use_for_catalogue_evidence	
frasch-ref-01735	OBI 2, p. 41	Bagan Epig Database.doc	catalogue_note	false	true	false	12	false	false	true	false	medium	use_for_catalogue_evidence	
frasch-ref-01736	SIP no. 28, p. 63	Bagan Epig Database.doc	catalogue_note	false	true	false	17	false	false	true	false	medium	use_for_catalogue_evidence	
frasch-ref-01737	UEM no. 47, p. 129	Bagan Epig Database.doc	catalogue_note	false	true	false	18	false	false	true	false	medium	use_for_catalogue_evidence	
frasch-ref-01738	List 259	Bagan Epig Database.doc	catalogue_note	false	true	false	8	false	false	false	false	low	use_for_catalogue_evidence	
frasch-ref-01739	PPA, p. 184	Bagan Epig Database.doc	catalogue_note	false	true	false	11	false	false	true	false	medium	use_for_catalogue_evidence	
frasch-ref-01740	TN, p. 88	Bagan Epig Database.doc	catalogue_note	false	true	false	9	false	false	true	false	medium	use_for_catalogue_evidence	
frasch-ref-01741	U Min Hswe, no. 34	Bagan Epig Database.doc	bibliographic_reference	true	false	false	18	true	false	true	false	medium	use_for_bibliography	
frasch-ref-01742	Pl. II 146	Bagan Epig Database.doc	catalogue_note	false	true	false	10	false	false	false	false	low	use_for_catalogue_evidence	
frasch-ref-01743	OBI 2, p. 44	Bagan Epig Database.doc	catalogue_note	false	true	false	12	false	false	true	false	medium	use_for_catalogue_evidence	
frasch-ref-01744	UEM no. 47, p. 131	Bagan Epig Database.doc	catalogue_note	false	true	false	18	false	false	true	false	medium	use_for_catalogue_evidence	
frasch-ref-01745	List 257	Bagan Epig Database.doc	catalogue_note	false	true	false	8	false	false	false	false	low	use_for_catalogue_evidence	
frasch-ref-01746	PPA, p. 240	Bagan Epig Database.doc	catalogue_note	false	true	false	11	false	false	true	false	medium	use_for_catalogue_evidence	
frasch-ref-01747	TN, p. 109, U Min Hswe, no. 53	Bagan Epig Database.doc	catalogue_note	false	true	false	30	false	false	true	false	medium	use_for_catalogue_evidence	
frasch-ref-01748	Pl. II 147a+b	Bagan Epig Database.doc	catalogue_note	false	true	false	13	false	false	false	false	low	use_for_catalogue_evidence	
frasch-ref-01749	OBI 2, p. 47	Bagan Epig Database.doc	catalogue_note	false	true	false	12	false	false	true	false	medium	use_for_catalogue_evidence	
frasch-ref-01750	UEM no. 48, p. 134	Bagan Epig Database.doc	catalogue_note	false	true	false	18	false	false	true	false	medium	use_for_catalogue_evidence	
frasch-ref-01751	List 260-261	Bagan Epig Database.doc	catalogue_note	false	true	false	12	false	false	false	false	low	use_for_catalogue_evidence	
frasch-ref-01752	PPA, p. 119	Bagan Epig Database.doc	catalogue_note	false	true	false	11	false	false	true	false	medium	use_for_catalogue_evidence	
frasch-ref-01753	TN, p. 61-62	Bagan Epig Database.doc	catalogue_note	false	true	false	12	false	false	true	false	medium	use_for_catalogue_evidence	
frasch-ref-01754	U Min Hswe, no. 22-3	Bagan Epig Database.doc	bibliographic_reference	true	false	false	20	true	false	true	false	medium	use_for_bibliography	
frasch-ref-01755	Pl. II 148b	Bagan Epig Database.doc	catalogue_note	false	true	false	11	false	false	false	false	low	use_for_catalogue_evidence	
frasch-ref-01756	OBI 2, p. 51	Bagan Epig Database.doc	catalogue_note	false	true	false	12	false	false	true	false	medium	use_for_catalogue_evidence	
frasch-ref-01757	UEM no. 49, p. 139	Bagan Epig Database.doc	catalogue_note	false	true	false	18	false	false	true	false	medium	use_for_catalogue_evidence	
frasch-ref-01758	List 258	Bagan Epig Database.doc	catalogue_note	false	true	false	8	false	false	false	false	low	use_for_catalogue_evidence	
frasch-ref-01759	PPA, p. 242	Bagan Epig Database.doc	catalogue_note	false	true	false	11	false	false	true	false	medium	use_for_catalogue_evidence	
frasch-ref-01760	TN, p. 111	Bagan Epig Database.doc	catalogue_note	false	true	false	10	false	false	true	false	medium	use_for_catalogue_evidence	
frasch-ref-01761	Pl. II 141a	Bagan Epig Database.doc	catalogue_note	false	true	false	11	false	false	false	false	low	use_for_catalogue_evidence	
frasch-ref-01762	OBI 2, p. 52	Bagan Epig Database.doc	catalogue_note	false	true	false	12	false	false	true	false	medium	use_for_catalogue_evidence	
frasch-ref-01763	Pl. II 141b	Bagan Epig Database.doc	catalogue_note	false	true	false	11	false	false	false	false	low	use_for_catalogue_evidence	
frasch-ref-01764	OBI 2, p. 53	Bagan Epig Database.doc	catalogue_note	false	true	false	12	false	false	true	false	medium	use_for_catalogue_evidence	
frasch-ref-01765	List 256	Bagan Epig Database.doc	catalogue_note	false	true	false	8	false	false	false	false	low	use_for_catalogue_evidence	
frasch-ref-01766	UB 1, p. 32	Bagan Epig Database.doc	catalogue_note	false	true	false	11	false	false	true	false	medium	use_for_catalogue_evidence	
frasch-ref-01767	Pl. II 142	Bagan Epig Database.doc	catalogue_note	false	true	false	10	false	false	false	false	low	use_for_catalogue_evidence	
frasch-ref-01768	OBI 2, p. 54	Bagan Epig Database.doc	catalogue_note	false	true	false	12	false	false	true	false	medium	use_for_catalogue_evidence	
frasch-ref-01769	Pl. II 149	Bagan Epig Database.doc	catalogue_note	false	true	false	10	false	false	false	false	low	use_for_catalogue_evidence	
frasch-ref-01770	OBI 2, 56	Bagan Epig Database.doc	catalogue_note	false	true	false	9	false	false	true	false	low	use_for_catalogue_evidence	
frasch-ref-01771	UEM no. 45, p. 120	Bagan Epig Database.doc	catalogue_note	false	true	false	18	false	false	true	false	medium	use_for_catalogue_evidence	
frasch-ref-01772	List 264a	Bagan Epig Database.doc	catalogue_note	false	true	false	9	false	false	false	false	low	use_for_catalogue_evidence	
frasch-ref-01773	A, p. 81	Bagan Epig Database.doc	catalogue_note	false	true	false	8	false	false	true	false	medium	use_for_catalogue_evidence	
frasch-ref-01774	Pl. III 328a	Bagan Epig Database.doc	catalogue_note	false	true	false	12	false	false	false	false	low	use_for_catalogue_evidence	
frasch-ref-01775	OBI 2, p. 60	Bagan Epig Database.doc	catalogue_note	false	true	false	12	false	false	true	false	medium	use_for_catalogue_evidence	
frasch-ref-01776	Pl. III 256	Bagan Epig Database.doc	catalogue_note	false	true	false	11	false	false	false	false	low	use_for_catalogue_evidence	
frasch-ref-01777	OBI 2, p. 58	Bagan Epig Database.doc	catalogue_note	false	true	false	12	false	false	true	false	medium	use_for_catalogue_evidence	
frasch-ref-01778	List 363 (5th inscr.)	Bagan Epig Database.doc	catalogue_note	false	true	false	21	false	false	false	false	low	use_for_catalogue_evidence	
frasch-ref-01779	A, p. 74	Bagan Epig Database.doc	catalogue_note	false	true	false	8	false	false	true	false	medium	use_for_catalogue_evidence	
frasch-ref-01780	List 440	Bagan Epig Database.doc	catalogue_note	false	true	false	8	false	false	false	false	low	use_for_catalogue_evidence	
frasch-ref-01781	B 2, p. 560	Bagan Epig Database.doc	catalogue_note	false	true	false	11	false	false	true	false	medium	use_for_catalogue_evidence	
frasch-ref-01782	Pl. III 256	Bagan Epig Database.doc	catalogue_note	false	true	false	11	false	false	false	false	low	use_for_catalogue_evidence	
frasch-ref-01783	OBI 2, p. 58	Bagan Epig Database.doc	catalogue_note	false	true	false	12	false	false	true	false	medium	use_for_catalogue_evidence	
frasch-ref-01784	List 363b	Bagan Epig Database.doc	catalogue_note	false	true	false	9	false	false	false	false	low	use_for_catalogue_evidence	
frasch-ref-01785	A, p. 54	Bagan Epig Database.doc	catalogue_note	false	true	false	8	false	false	true	false	medium	use_for_catalogue_evidence	
frasch-ref-01786	Pl. II 150-151	Bagan Epig Database.doc	catalogue_note	false	true	false	14	false	false	false	false	low	use_for_catalogue_evidence	
frasch-ref-01787	OBI 2, p. 61	Bagan Epig Database.doc	catalogue_note	false	true	false	12	false	false	true	false	medium	use_for_catalogue_evidence	
frasch-ref-01788	UEM no. 50, p. 140	Bagan Epig Database.doc	catalogue_note	false	true	false	18	false	false	true	false	medium	use_for_catalogue_evidence	
frasch-ref-01789	List 266a+b	Bagan Epig Database.doc	catalogue_note	false	true	false	11	false	false	false	false	low	use_for_catalogue_evidence	
frasch-ref-01790	UB 1, p. 298	Bagan Epig Database.doc	catalogue_note	false	true	false	12	false	false	true	false	medium	use_for_catalogue_evidence	
frasch-ref-01791	Pl. II 152	Bagan Epig Database.doc	catalogue_note	false	true	false	10	false	false	false	false	low	use_for_catalogue_evidence	
frasch-ref-01792	OBI 2, p. 64	Bagan Epig Database.doc	catalogue_note	false	true	false	12	false	false	true	false	medium	use_for_catalogue_evidence	
frasch-ref-01793	UEM no. 51, p. 144	Bagan Epig Database.doc	catalogue_note	false	true	false	18	false	false	true	false	medium	use_for_catalogue_evidence	
frasch-ref-01794	List 269	Bagan Epig Database.doc	catalogue_note	false	true	false	8	false	false	false	false	low	use_for_catalogue_evidence	
frasch-ref-01795	PPA, p. 103	Bagan Epig Database.doc	catalogue_note	false	true	false	11	false	false	true	false	medium	use_for_catalogue_evidence	
frasch-ref-01796	TN, p. 53	Bagan Epig Database.doc	catalogue_note	false	true	false	9	false	false	true	false	medium	use_for_catalogue_evidence	
frasch-ref-01797	List 265	Bagan Epig Database.doc	catalogue_note	false	true	false	8	false	false	false	false	low	use_for_catalogue_evidence	
frasch-ref-01798	B 2, p. 615	Bagan Epig Database.doc	catalogue_note	false	true	false	11	false	false	true	false	medium	use_for_catalogue_evidence	
frasch-ref-01799	U Than Tun, Hnaung-dwe, no. 37 p. 123	Bagan Epig Database.doc	bibliographic_reference	true	false	false	37	true	false	true	false	medium	use_for_bibliography	
frasch-ref-01800	List 268	Bagan Epig Database.doc	catalogue_note	false	true	false	8	false	false	false	false	low	use_for_catalogue_evidence	
frasch-ref-01801	UB 2, p. 199	Bagan Epig Database.doc	catalogue_note	false	true	false	12	false	false	true	false	medium	use_for_catalogue_evidence	
frasch-ref-01802	Luce G 1973	Bagan Epig Database.doc	unclear	false	false	false	11	false	true	false	false	low	manual_review	
frasch-ref-01803	Pl. II 153a+b	Bagan Epig Database.doc	catalogue_note	false	true	false	13	false	false	false	false	low	use_for_catalogue_evidence	
frasch-ref-01804	OBI 2, p. 66	Bagan Epig Database.doc	catalogue_note	false	true	false	12	false	false	true	false	medium	use_for_catalogue_evidence	
frasch-ref-01805	UEM no. 52, p. 146	Bagan Epig Database.doc	catalogue_note	false	true	false	18	false	false	true	false	medium	use_for_catalogue_evidence	
frasch-ref-01806	Pl. II 154 and Pl. III 340	Bagan Epig Database.doc	catalogue_note	false	true	false	26	false	false	false	false	low	use_for_catalogue_evidence	
frasch-ref-01807	OBI 2, p. 69	Bagan Epig Database.doc	catalogue_note	false	true	false	12	false	false	true	false	medium	use_for_catalogue_evidence	
frasch-ref-01808	Pl. II 155	Bagan Epig Database.doc	catalogue_note	false	true	false	10	false	false	false	false	low	use_for_catalogue_evidence	
frasch-ref-01809	OBI 2, p. 69	Bagan Epig Database.doc	catalogue_note	false	true	false	12	false	false	true	false	medium	use_for_catalogue_evidence	
frasch-ref-01810	Pl. II 207, l. 1-7	Bagan Epig Database.doc	catalogue_note	false	true	false	18	false	false	true	false	low	use_for_catalogue_evidence	
frasch-ref-01811	OBI 3, p. 249	Bagan Epig Database.doc	catalogue_note	false	true	false	13	false	false	true	false	medium	use_for_catalogue_evidence	
frasch-ref-01812	found before 2004	Bagan Epig Database.doc	unclear	false	false	false	17	false	true	false	false	low	manual_review	
frasch-ref-01813	*HD 4	Bagan Epig Database.doc	unclear	false	false	false	5	false	false	false	false	low	manual_review	
frasch-ref-01814	Pl. II 156	Bagan Epig Database.doc	catalogue_note	false	true	false	10	false	false	false	false	low	use_for_catalogue_evidence	
frasch-ref-01815	OBI 2, p. 74	Bagan Epig Database.doc	catalogue_note	false	true	false	12	false	false	true	false	medium	use_for_catalogue_evidence	
frasch-ref-01816	UEM no. 53, p. 148	Bagan Epig Database.doc	catalogue_note	false	true	false	18	false	false	true	false	medium	use_for_catalogue_evidence	
frasch-ref-01817	List 208	Bagan Epig Database.doc	catalogue_note	false	true	false	8	false	false	false	false	low	use_for_catalogue_evidence	
frasch-ref-01818	UB 1, p. 291	Bagan Epig Database.doc	catalogue_note	false	true	false	12	false	false	true	false	medium	use_for_catalogue_evidence	
frasch-ref-01819	Pl. II 157	Bagan Epig Database.doc	catalogue_note	false	true	false	10	false	false	false	false	low	use_for_catalogue_evidence	
frasch-ref-01820	OBI 2, p. 76	Bagan Epig Database.doc	catalogue_note	false	true	false	12	false	false	true	false	medium	use_for_catalogue_evidence	
frasch-ref-01821	List 214	Bagan Epig Database.doc	catalogue_note	false	true	false	8	false	false	false	false	low	use_for_catalogue_evidence	
frasch-ref-01822	PPA, p. 174	Bagan Epig Database.doc	catalogue_note	false	true	false	11	false	false	true	false	medium	use_for_catalogue_evidence	
frasch-ref-01823	TN, p. 83	Bagan Epig Database.doc	catalogue_note	false	true	false	9	false	false	true	false	medium	use_for_catalogue_evidence	
frasch-ref-01824	not listed	Bagan Epig Database.doc	unclear	false	false	false	10	false	false	false	false	low	manual_review	
frasch-ref-01825	Pichard, IMP 3, p. 119	Bagan Epig Database.doc	bibliographic_reference	true	false	false	22	true	false	true	false	medium	use_for_bibliography	
frasch-ref-01826	U Min Hswe, no. 50	Bagan Epig Database.doc	bibliographic_reference	true	false	false	18	true	false	true	false	medium	use_for_bibliography	
frasch-ref-01827	Pl. IV 410	Bagan Epig Database.doc	catalogue_note	false	true	false	10	false	false	false	false	low	use_for_catalogue_evidence	
frasch-ref-01828	List 456	Bagan Epig Database.doc	catalogue_note	false	true	false	8	false	false	false	false	low	use_for_catalogue_evidence	
frasch-ref-01829	Pl. II 158-159	Bagan Epig Database.doc	catalogue_note	false	true	false	14	false	false	false	false	low	use_for_catalogue_evidence	
frasch-ref-01830	OBI 2, p. 78-80	Bagan Epig Database.doc	catalogue_note	false	true	false	15	false	false	true	false	medium	use_for_catalogue_evidence	
frasch-ref-01831	Pl. III 333	Bagan Epig Database.doc	catalogue_note	false	true	false	11	false	false	false	false	low	use_for_catalogue_evidence	
frasch-ref-01832	OBI 2 p. 83	Bagan Epig Database.doc	catalogue_note	false	true	false	11	false	false	false	false	medium	use_for_catalogue_evidence	
frasch-ref-01833	List 271a+b	Bagan Epig Database.doc	catalogue_note	false	true	false	11	false	false	false	false	low	use_for_catalogue_evidence	
frasch-ref-01834	A, p. 83	Bagan Epig Database.doc	catalogue_note	false	true	false	8	false	false	true	false	medium	use_for_catalogue_evidence	
frasch-ref-01835	OBI 2, p. 82	Bagan Epig Database.doc	catalogue_note	false	true	false	12	false	false	true	false	medium	use_for_catalogue_evidence	
frasch-ref-01836	RDASB 1962, p. 19	Bagan Epig Database.doc	unclear	false	false	false	17	false	true	true	true	low	manual_review	
frasch-ref-01837	OBI 2, p. 83	Bagan Epig Database.doc	catalogue_note	false	true	false	12	false	false	true	false	medium	use_for_catalogue_evidence	
frasch-ref-01838	RDASB 1966, p.	Bagan Epig Database.doc	unclear	false	false	false	14	false	true	true	true	low	manual_review	
frasch-ref-01839	Pl. II 160a	Bagan Epig Database.doc	catalogue_note	false	true	false	11	false	false	false	false	low	use_for_catalogue_evidence	
frasch-ref-01840	OBI 2, p. 85	Bagan Epig Database.doc	catalogue_note	false	true	false	12	false	false	true	false	medium	use_for_catalogue_evidence	
frasch-ref-01841	UEM no. 54, p. 150	Bagan Epig Database.doc	catalogue_note	false	true	false	18	false	false	true	false	medium	use_for_catalogue_evidence	
frasch-ref-01842	List 273(b)	Bagan Epig Database.doc	catalogue_note	false	true	false	11	false	false	false	false	low	use_for_catalogue_evidence	
frasch-ref-01843	PPA, p. 112	Bagan Epig Database.doc	catalogue_note	false	true	false	11	false	false	true	false	medium	use_for_catalogue_evidence	
frasch-ref-01844	TN, p. 57	Bagan Epig Database.doc	catalogue_note	false	true	false	9	false	false	true	false	medium	use_for_catalogue_evidence	
frasch-ref-01845	Pl. IV 377b	Bagan Epig Database.doc	catalogue_note	false	true	false	11	false	false	false	false	low	use_for_catalogue_evidence	
frasch-ref-01846	OBI 2, p. 87	Bagan Epig Database.doc	catalogue_note	false	true	false	12	false	false	true	false	medium	use_for_catalogue_evidence	
frasch-ref-01847	Pl. IV 378a	Bagan Epig Database.doc	catalogue_note	false	true	false	11	false	false	false	false	low	use_for_catalogue_evidence	
frasch-ref-01848	OBI 2, p. 87	Bagan Epig Database.doc	catalogue_note	false	true	false	12	false	false	true	false	medium	use_for_catalogue_evidence	
frasch-ref-01849	ARASI 1936-37, p. 115	Bagan Epig Database.doc	catalogue_note	false	true	false	21	false	true	true	true	medium	use_for_catalogue_evidence	
frasch-ref-01850	Pl. IV 378b	Bagan Epig Database.doc	catalogue_note	false	true	false	11	false	false	false	false	low	use_for_catalogue_evidence	
frasch-ref-01851	OBI 2, p. 88	Bagan Epig Database.doc	catalogue_note	false	true	false	12	false	false	true	false	medium	use_for_catalogue_evidence	
frasch-ref-01852	ARASI 1936-7, p. 114, U Min Hswe, no. 11	Bagan Epig Database.doc	catalogue_note	false	true	false	40	false	true	true	true	medium	use_for_catalogue_evidence	
frasch-ref-01853	Pl. II 160b	Bagan Epig Database.doc	catalogue_note	false	true	false	11	false	false	false	false	low	use_for_catalogue_evidence	
frasch-ref-01854	OBI 2, p. 89	Bagan Epig Database.doc	catalogue_note	false	true	false	12	false	false	true	false	medium	use_for_catalogue_evidence	
frasch-ref-01855	List 272	Bagan Epig Database.doc	catalogue_note	false	true	false	8	false	false	false	false	low	use_for_catalogue_evidence	
frasch-ref-01856	PPA, p. 186	Bagan Epig Database.doc	catalogue_note	false	true	false	11	false	false	true	false	medium	use_for_catalogue_evidence	
frasch-ref-01857	TN, p. 89	Bagan Epig Database.doc	catalogue_note	false	true	false	9	false	false	true	false	medium	use_for_catalogue_evidence	
frasch-ref-01858	U Min Hswe, no. 12	Bagan Epig Database.doc	bibliographic_reference	true	false	false	18	true	false	true	false	medium	use_for_bibliography	
frasch-ref-01859	Pl. III 326, l. 13-23	Bagan Epig Database.doc	catalogue_note	false	true	false	21	false	false	true	false	low	use_for_catalogue_evidence	
frasch-ref-01860	OBI 2, p. 91	Bagan Epig Database.doc	catalogue_note	false	true	false	12	false	false	true	false	medium	use_for_catalogue_evidence	
frasch-ref-01861	Pl. II 161a, l. 1-17	Bagan Epig Database.doc	catalogue_note	false	true	false	20	false	false	true	false	low	use_for_catalogue_evidence	
frasch-ref-01862	OBI 3 p. 184	Bagan Epig Database.doc	catalogue_note	false	true	false	12	false	false	false	false	medium	use_for_catalogue_evidence	
frasch-ref-01863	List 274	Bagan Epig Database.doc	catalogue_note	false	true	false	8	false	false	false	false	low	use_for_catalogue_evidence	
frasch-ref-01864	A p. 85	Bagan Epig Database.doc	catalogue_note	false	true	false	7	false	false	false	false	medium	use_for_catalogue_evidence	
frasch-ref-01865	Pl. IV 431a+b, l. 20-30 and 1-7	Bagan Epig Database.doc	catalogue_note	false	true	false	31	false	false	true	false	low	use_for_catalogue_evidence	
frasch-ref-01866	OBI 3, p. 290	Bagan Epig Database.doc	catalogue_note	false	true	false	13	false	false	true	false	medium	use_for_catalogue_evidence	
frasch-ref-01867	Pl. IV 431a, l. 20 to Pl. IV 431b, l. 7	Bagan Epig Database.doc	catalogue_note	false	true	false	39	false	false	true	false	low	use_for_catalogue_evidence	
frasch-ref-01868	OBI 3, p. 290-192	Bagan Epig Database.doc	catalogue_note	false	true	false	17	false	false	true	false	medium	use_for_catalogue_evidence	
frasch-ref-01869	Pl. II 161b	Bagan Epig Database.doc	catalogue_note	false	true	false	11	false	false	false	false	low	use_for_catalogue_evidence	
frasch-ref-01870	OBI 2, p. 92	Bagan Epig Database.doc	catalogue_note	false	true	false	12	false	false	true	false	medium	use_for_catalogue_evidence	
frasch-ref-01871	List 278a	Bagan Epig Database.doc	catalogue_note	false	true	false	9	false	false	false	false	low	use_for_catalogue_evidence	
frasch-ref-01872	PPA, p. 187	Bagan Epig Database.doc	catalogue_note	false	true	false	11	false	false	true	false	medium	use_for_catalogue_evidence	
frasch-ref-01873	TN, p. 89	Bagan Epig Database.doc	catalogue_note	false	true	false	9	false	false	true	false	medium	use_for_catalogue_evidence	
frasch-ref-01874	U Min Hswe, no. 65	Bagan Epig Database.doc	bibliographic_reference	true	false	false	18	true	false	true	false	medium	use_for_bibliography	
frasch-ref-01875	OR 3475, no. 19	Bagan Epig Database.doc	catalogue_note	false	true	false	15	false	false	true	false	low	use_for_catalogue_evidence	
frasch-ref-01876	Pl. II 162-163	Bagan Epig Database.doc	catalogue_note	false	true	false	14	false	false	false	false	low	use_for_catalogue_evidence	
frasch-ref-01877	OBI 2, p. 93	Bagan Epig Database.doc	catalogue_note	false	true	false	12	false	false	true	false	medium	use_for_catalogue_evidence	
frasch-ref-01878	SIP no. 29, p. 66	Bagan Epig Database.doc	catalogue_note	false	true	false	17	false	false	true	false	medium	use_for_catalogue_evidence	
frasch-ref-01879	UEM no. 56, p. 153	Bagan Epig Database.doc	catalogue_note	false	true	false	18	false	false	true	false	medium	use_for_catalogue_evidence	
frasch-ref-01880	List 270a+b	Bagan Epig Database.doc	catalogue_note	false	true	false	11	false	false	false	false	low	use_for_catalogue_evidence	
frasch-ref-01881	PPA, p. 243	Bagan Epig Database.doc	catalogue_note	false	true	false	11	false	false	true	false	medium	use_for_catalogue_evidence	
frasch-ref-01882	TN, p. 111	Bagan Epig Database.doc	catalogue_note	false	true	false	10	false	false	true	false	medium	use_for_catalogue_evidence	
frasch-ref-01883	Pl. II 164-165a	Bagan Epig Database.doc	catalogue_note	false	true	false	15	false	false	false	false	low	use_for_catalogue_evidence	
frasch-ref-01884	OBI 2, p. 100	Bagan Epig Database.doc	catalogue_note	false	true	false	13	false	false	true	false	medium	use_for_catalogue_evidence	
frasch-ref-01885	SIP no. 32, p. 75	Bagan Epig Database.doc	catalogue_note	false	true	false	17	false	false	true	false	medium	use_for_catalogue_evidence	
frasch-ref-01886	UEM no. 57, p. 159	Bagan Epig Database.doc	catalogue_note	false	true	false	18	false	false	true	false	medium	use_for_catalogue_evidence	
frasch-ref-01887	List 276a+b	Bagan Epig Database.doc	catalogue_note	false	true	false	11	false	false	false	false	low	use_for_catalogue_evidence	
frasch-ref-01888	PPA, p. 246	Bagan Epig Database.doc	catalogue_note	false	true	false	11	false	false	true	false	medium	use_for_catalogue_evidence	
frasch-ref-01889	TN, p. 113	Bagan Epig Database.doc	catalogue_note	false	true	false	10	false	false	true	false	medium	use_for_catalogue_evidence	
frasch-ref-01890	Pl. II 165b	Bagan Epig Database.doc	catalogue_note	false	true	false	11	false	false	false	false	low	use_for_catalogue_evidence	
frasch-ref-01891	OBI 2 p. 104	Bagan Epig Database.doc	catalogue_note	false	true	false	12	false	false	false	false	medium	use_for_catalogue_evidence	
frasch-ref-01892	List 280	Bagan Epig Database.doc	catalogue_note	false	true	false	8	false	false	false	false	low	use_for_catalogue_evidence	
frasch-ref-01893	A p. 86	Bagan Epig Database.doc	catalogue_note	false	true	false	7	false	false	false	false	medium	use_for_catalogue_evidence	
frasch-ref-01894	Pl. III 302	Bagan Epig Database.doc	catalogue_note	false	true	false	11	false	false	false	false	low	use_for_catalogue_evidence	
frasch-ref-01895	OBI 2, p. 235	Bagan Epig Database.doc	catalogue_note	false	true	false	13	false	false	true	false	medium	use_for_catalogue_evidence	
frasch-ref-01896	List 1323	Bagan Epig Database.doc	catalogue_note	false	true	false	9	false	true	false	false	medium	use_for_catalogue_evidence	
frasch-ref-01897	UB 2, p. 225	Bagan Epig Database.doc	catalogue_note	false	true	false	12	false	false	true	false	medium	use_for_catalogue_evidence	
frasch-ref-01898	Luce/U Tin Htway, “15th Century Library”	Bagan Epig Database.doc	unclear	false	false	false	40	false	false	true	false	low	manual_review	
frasch-ref-01899	Than Tun, Hnaung-dwe, no. 14, p. 38	Bagan Epig Database.doc	bibliographic_reference	true	false	false	35	true	false	true	false	medium	use_for_bibliography	
frasch-ref-01900	U Min Hswe, no. 8	Bagan Epig Database.doc	bibliographic_reference	true	false	false	17	true	false	true	false	medium	use_for_bibliography	
frasch-ref-01901	U Nyein Maung (1999)	Bagan Epig Database.doc	unclear	false	false	false	20	false	true	false	false	low	manual_review	
frasch-ref-01902	photo/xerox in file (1997)	Bagan Epig Database.doc	unclear	false	false	false	26	false	true	false	false	low	manual_review	
frasch-ref-01903	List 277	Bagan Epig Database.doc	catalogue_note	false	true	false	8	false	false	false	false	low	use_for_catalogue_evidence	
frasch-ref-01904	PPA, p. 250	Bagan Epig Database.doc	catalogue_note	false	true	false	11	false	false	true	false	medium	use_for_catalogue_evidence	
frasch-ref-01905	TN, p. 114	Bagan Epig Database.doc	catalogue_note	false	true	false	10	false	false	true	false	medium	use_for_catalogue_evidence	
frasch-ref-01906	List 279	Bagan Epig Database.doc	catalogue_note	false	true	false	8	false	false	false	false	low	use_for_catalogue_evidence	
frasch-ref-01907	B 1, p. 87	Bagan Epig Database.doc	catalogue_note	false	true	false	10	false	false	true	false	medium	use_for_catalogue_evidence	
frasch-ref-01908	Pl. IV 379	Bagan Epig Database.doc	catalogue_note	false	true	false	10	false	false	false	false	low	use_for_catalogue_evidence	
frasch-ref-01909	List 275	Bagan Epig Database.doc	catalogue_note	false	true	false	8	false	false	false	false	low	use_for_catalogue_evidence	
frasch-ref-01910	U Kyaw, Bagan Minsa, p. 185	Bagan Epig Database.doc	bibliographic_reference	true	false	false	27	true	false	true	false	medium	use_for_bibliography	
frasch-ref-01911	Pl. II 174	Bagan Epig Database.doc	catalogue_note	false	true	false	10	false	false	false	false	low	use_for_catalogue_evidence	
frasch-ref-01912	OBI 2, p. 104	Bagan Epig Database.doc	catalogue_note	false	true	false	13	false	false	true	false	medium	use_for_catalogue_evidence	
frasch-ref-01913	UEM no. 59, p. 170	Bagan Epig Database.doc	catalogue_note	false	true	false	18	false	false	true	false	medium	use_for_catalogue_evidence	
frasch-ref-01914	List 219+282	Bagan Epig Database.doc	catalogue_note	false	true	false	12	false	false	false	false	low	use_for_catalogue_evidence	
frasch-ref-01915	UB 1, p. 186- 189	Bagan Epig Database.doc	catalogue_note	false	true	false	17	false	false	true	false	medium	use_for_catalogue_evidence	
frasch-ref-01916	U Min Hswe, no. 38	Bagan Epig Database.doc	bibliographic_reference	true	false	false	18	true	false	true	false	medium	use_for_bibliography	
frasch-ref-01917	Frasch, “Dhammasats,” App.	Bagan Epig Database.doc	bibliographic_reference	true	false	false	26	true	false	true	false	medium	use_for_bibliography	
frasch-ref-01918	Pl. II 176a	Bagan Epig Database.doc	catalogue_note	false	true	false	11	false	false	false	false	low	use_for_catalogue_evidence	
frasch-ref-01919	OBI 2 p. 147	Bagan Epig Database.doc	catalogue_note	false	true	false	12	false	false	false	false	medium	use_for_catalogue_evidence	
frasch-ref-01920	Pl. II 199	Bagan Epig Database.doc	catalogue_note	false	true	false	10	false	false	false	false	low	use_for_catalogue_evidence	
frasch-ref-01921	OBI 2, p. 146	Bagan Epig Database.doc	catalogue_note	false	true	false	13	false	false	true	false	medium	use_for_catalogue_evidence	
frasch-ref-01922	Pl. IV 380	Bagan Epig Database.doc	catalogue_note	false	true	false	10	false	false	false	false	low	use_for_catalogue_evidence	
frasch-ref-01923	OBI 2, p. 149	Bagan Epig Database.doc	catalogue_note	false	true	false	13	false	false	true	false	medium	use_for_catalogue_evidence	
frasch-ref-01924	List 722	Bagan Epig Database.doc	catalogue_note	false	true	false	8	false	false	false	false	low	use_for_catalogue_evidence	
frasch-ref-01925	B 2, p. 722	Bagan Epig Database.doc	catalogue_note	false	true	false	11	false	false	true	false	medium	use_for_catalogue_evidence	
frasch-ref-01926	Pl. II 166a+b, Pl. II 167 (MP 285), Pl. II 168-169, Pl. II 170 (MP 278), Pl. II 171-172 (MP 456a+b), Pl. II 173 (MP 260a+b), Pl. III 344a+b, Pl. III 345 (MP 454), Pl. V 577 (MP 334, twice in OBI), OBI 2, p. 128, ? (MP 584)	Bagan Epig Database.doc	catalogue_note	false	true	false	222	false	false	true	false	medium	use_for_catalogue_evidence	
frasch-ref-01927	OBI 2, p. 111 sqq	Bagan Epig Database.doc	catalogue_note	false	true	false	17	false	false	true	false	medium	use_for_catalogue_evidence	
frasch-ref-01928	Anthology 5, p. 89	Bagan Epig Database.doc	unclear	false	false	false	18	false	false	true	false	low	manual_review	
frasch-ref-01929	U Than Tun, ROB 1, p. 31	Bagan Epig Database.doc	bibliographic_reference	true	false	false	24	true	false	true	false	medium	use_for_bibliography	
frasch-ref-01930	U Than Tun, Buddhism, JBRS 1978, p. 24-29	Bagan Epig Database.doc	bibliographic_reference	true	false	false	41	true	true	true	true	high	use_for_bibliography	
frasch-ref-01931	U Hswai, JBRS 48 (2), 1965, p. 67, no. 10	Bagan Epig Database.doc	bibliographic_reference	true	false	false	41	true	true	true	true	high	use_for_bibliography	
frasch-ref-01932	partly in Ray, Theravada Buddhism, p. 163	Bagan Epig Database.doc	unclear	false	false	false	41	false	false	true	false	low	manual_review	
frasch-ref-01933	Pl. II 213a	Bagan Epig Database.doc	catalogue_note	false	true	false	11	false	false	false	false	low	use_for_catalogue_evidence	
frasch-ref-01934	OBI 3, p. 22	Bagan Epig Database.doc	catalogue_note	false	true	false	12	false	false	true	false	medium	use_for_catalogue_evidence	
frasch-ref-01935	Pl. II 176b	Bagan Epig Database.doc	catalogue_note	false	true	false	11	false	false	false	false	low	use_for_catalogue_evidence	
frasch-ref-01936	OBI 2, p. 155	Bagan Epig Database.doc	catalogue_note	false	true	false	13	false	false	true	false	medium	use_for_catalogue_evidence	
frasch-ref-01937	List 283	Bagan Epig Database.doc	catalogue_note	false	true	false	8	false	false	false	false	low	use_for_catalogue_evidence	
frasch-ref-01938	PPA, p. 9	Bagan Epig Database.doc	catalogue_note	false	true	false	9	false	false	true	false	medium	use_for_catalogue_evidence	
frasch-ref-01939	TN, p. 1	Bagan Epig Database.doc	catalogue_note	false	true	false	8	false	false	true	false	medium	use_for_catalogue_evidence	
frasch-ref-01940	Pl. II 177a	Bagan Epig Database.doc	catalogue_note	false	true	false	11	false	false	false	false	low	use_for_catalogue_evidence	
frasch-ref-01941	OBI 2, p. 155-157	Bagan Epig Database.doc	catalogue_note	false	true	false	17	false	false	true	false	medium	use_for_catalogue_evidence	
frasch-ref-01942	List 285	Bagan Epig Database.doc	catalogue_note	false	true	false	8	false	false	false	false	low	use_for_catalogue_evidence	
frasch-ref-01943	A, p. 89	Bagan Epig Database.doc	catalogue_note	false	true	false	8	false	false	true	false	medium	use_for_catalogue_evidence	
frasch-ref-01944	Pl. III 257	Bagan Epig Database.doc	catalogue_note	false	true	false	11	false	false	false	false	low	use_for_catalogue_evidence	
frasch-ref-01945	OBI 3, p. 115	Bagan Epig Database.doc	catalogue_note	false	true	false	13	false	false	true	false	medium	use_for_catalogue_evidence	
frasch-ref-01946	List 363 (inscr. a+b)	Bagan Epig Database.doc	catalogue_note	false	true	false	21	false	false	false	false	low	use_for_catalogue_evidence	
frasch-ref-01947	A, p. 72	Bagan Epig Database.doc	catalogue_note	false	true	false	8	false	false	true	false	medium	use_for_catalogue_evidence	
frasch-ref-01948	copy List 361	Bagan Epig Database.doc	unclear	false	false	false	13	false	false	false	false	low	manual_review	
frasch-ref-01949	B 2, p. 849 (first inscr. missing)	Bagan Epig Database.doc	catalogue_note	false	true	false	34	false	false	true	false	medium	use_for_catalogue_evidence	
frasch-ref-01950	OR 6452 B (1), no. 14	Bagan Epig Database.doc	catalogue_note	false	true	false	21	false	false	true	false	low	use_for_catalogue_evidence	
frasch-ref-01951	List 766 (first inscr.)	Bagan Epig Database.doc	catalogue_note	false	true	false	23	false	false	false	false	low	use_for_catalogue_evidence	
frasch-ref-01952	B 2, p. 669	Bagan Epig Database.doc	catalogue_note	false	true	false	11	false	false	true	false	medium	use_for_catalogue_evidence	
frasch-ref-01953	List 719 (second inscr.)	Bagan Epig Database.doc	catalogue_note	false	true	false	24	false	false	false	false	low	use_for_catalogue_evidence	
frasch-ref-01954	B 2, p. 688	Bagan Epig Database.doc	catalogue_note	false	true	false	11	false	false	true	false	medium	use_for_catalogue_evidence	
frasch-ref-01955	Than Tun, Hnaung-dwe, no. 15, p. 41	Bagan Epig Database.doc	bibliographic_reference	true	false	false	35	true	false	true	false	medium	use_for_bibliography	
frasch-ref-01956	U Min Hswe, no. 26	Bagan Epig Database.doc	bibliographic_reference	true	false	false	18	true	false	true	false	medium	use_for_bibliography	
frasch-ref-01957	U Nyein Maung (1999)	Bagan Epig Database.doc	unclear	false	false	false	20	false	true	false	false	low	manual_review	
frasch-ref-01958	photo/xerox in file (1997)	Bagan Epig Database.doc	unclear	false	false	false	26	false	true	false	false	low	manual_review	
frasch-ref-01959	Pl. II 177b	Bagan Epig Database.doc	catalogue_note	false	true	false	11	false	false	false	false	low	use_for_catalogue_evidence	
frasch-ref-01960	OBI 2, p. 157	Bagan Epig Database.doc	catalogue_note	false	true	false	13	false	false	true	false	medium	use_for_catalogue_evidence	
frasch-ref-01961	List 286	Bagan Epig Database.doc	catalogue_note	false	true	false	8	false	false	false	false	low	use_for_catalogue_evidence	
frasch-ref-01962	A, p. 93	Bagan Epig Database.doc	catalogue_note	false	true	false	8	false	false	true	false	medium	use_for_catalogue_evidence	
frasch-ref-01963	OBI 2 p. 156	Bagan Epig Database.doc	catalogue_note	false	true	false	12	false	false	false	false	medium	use_for_catalogue_evidence	
frasch-ref-01964	RDASB 1971	Bagan Epig Database.doc	unclear	false	false	false	10	false	true	false	true	low	manual_review	
frasch-ref-01965	Pl. IV 376 (lower part)	Bagan Epig Database.doc	catalogue_note	false	true	false	23	false	false	false	false	low	use_for_catalogue_evidence	
frasch-ref-01966	OBI 1, p. 286	Bagan Epig Database.doc	catalogue_note	false	true	false	13	false	false	true	false	medium	use_for_catalogue_evidence	
frasch-ref-01967	Pl. II 184	Bagan Epig Database.doc	catalogue_note	false	true	false	10	false	false	false	false	low	use_for_catalogue_evidence	
frasch-ref-01968	OBI 2, p. 162	Bagan Epig Database.doc	catalogue_note	false	true	false	13	false	false	true	false	medium	use_for_catalogue_evidence	
frasch-ref-01969	List 288	Bagan Epig Database.doc	catalogue_note	false	true	false	8	false	false	false	false	low	use_for_catalogue_evidence	
frasch-ref-01970	A, p. 94	Bagan Epig Database.doc	catalogue_note	false	true	false	8	false	false	true	false	medium	use_for_catalogue_evidence	
frasch-ref-01971	OBI 2, p. 163	Bagan Epig Database.doc	catalogue_note	false	true	false	13	false	false	true	false	medium	use_for_catalogue_evidence	
frasch-ref-01972	RDASB 1962, p. 19	Bagan Epig Database.doc	unclear	false	false	false	17	false	true	true	true	low	manual_review	
frasch-ref-01973	Pl. III 270	Bagan Epig Database.doc	catalogue_note	false	true	false	11	false	false	false	false	low	use_for_catalogue_evidence	
frasch-ref-01974	OBI 2, p. 217	Bagan Epig Database.doc	catalogue_note	false	true	false	13	false	false	true	false	medium	use_for_catalogue_evidence	
frasch-ref-01975	List 1254	Bagan Epig Database.doc	catalogue_note	false	true	false	9	false	true	false	false	medium	use_for_catalogue_evidence	
frasch-ref-01976	PPA, p. 201	Bagan Epig Database.doc	catalogue_note	false	true	false	11	false	false	true	false	medium	use_for_catalogue_evidence	
frasch-ref-01977	TN, p. 96	Bagan Epig Database.doc	catalogue_note	false	true	false	9	false	false	true	false	medium	use_for_catalogue_evidence	
frasch-ref-01978	U Min Hswe, no. 62	Bagan Epig Database.doc	bibliographic_reference	true	false	false	18	true	false	true	false	medium	use_for_bibliography	
frasch-ref-01979	Pl. I 102	Bagan Epig Database.doc	catalogue_note	false	true	false	9	false	false	false	false	low	use_for_catalogue_evidence	
frasch-ref-01980	OBI 2, p. 159	Bagan Epig Database.doc	catalogue_note	false	true	false	13	false	false	true	false	medium	use_for_catalogue_evidence	
frasch-ref-01981	List 287	Bagan Epig Database.doc	catalogue_note	false	true	false	8	false	false	false	false	low	use_for_catalogue_evidence	
frasch-ref-01982	PPA p. 101	Bagan Epig Database.doc	catalogue_note	false	true	false	10	false	false	false	false	medium	use_for_catalogue_evidence	
frasch-ref-01983	TN, p. 52	Bagan Epig Database.doc	catalogue_note	false	true	false	9	false	false	true	false	medium	use_for_catalogue_evidence	
frasch-ref-01984	Pl. I 26	Bagan Epig Database.doc	catalogue_note	false	true	false	8	false	false	false	false	low	use_for_catalogue_evidence	
frasch-ref-01985	OBI 2, p. 164	Bagan Epig Database.doc	catalogue_note	false	true	false	13	false	false	true	false	medium	use_for_catalogue_evidence	
frasch-ref-01986	List 1299b	Bagan Epig Database.doc	catalogue_note	false	true	false	10	false	false	false	false	low	use_for_catalogue_evidence	
frasch-ref-01987	UB 1, p. 255	Bagan Epig Database.doc	catalogue_note	false	true	false	12	false	false	true	false	medium	use_for_catalogue_evidence	
frasch-ref-01988	Pl. II 179	Bagan Epig Database.doc	catalogue_note	false	true	false	10	false	false	false	false	low	use_for_catalogue_evidence	
frasch-ref-01989	OBI 2, p. 167	Bagan Epig Database.doc	catalogue_note	false	true	false	13	false	false	true	false	medium	use_for_catalogue_evidence	
frasch-ref-01990	Pl. II 181	Bagan Epig Database.doc	catalogue_note	false	true	false	10	false	false	false	false	low	use_for_catalogue_evidence	
frasch-ref-01991	OBI 2 p. 168	Bagan Epig Database.doc	catalogue_note	false	true	false	12	false	false	false	false	medium	use_for_catalogue_evidence	
frasch-ref-01992	SIP no. 23, p. 47	Bagan Epig Database.doc	catalogue_note	false	true	false	17	false	false	true	false	medium	use_for_catalogue_evidence	
frasch-ref-01993	UEM no. 60, p. 177	Bagan Epig Database.doc	catalogue_note	false	true	false	18	false	false	true	false	medium	use_for_catalogue_evidence	
frasch-ref-01994	List 289	Bagan Epig Database.doc	catalogue_note	false	true	false	8	false	false	false	false	low	use_for_catalogue_evidence	
frasch-ref-01995	UB 1, p. 193	Bagan Epig Database.doc	catalogue_note	false	true	false	12	false	false	true	false	medium	use_for_catalogue_evidence	
frasch-ref-01996	partly in Ray, Theravada Bud- dhism, p. 163	Bagan Epig Database.doc	unclear	false	false	false	43	false	false	true	false	low	manual_review	
frasch-ref-01997	Anthology 5, p. 87	Bagan Epig Database.doc	unclear	false	false	false	18	false	false	true	false	low	manual_review	
frasch-ref-01998	U Min Hswe, no. 2	Bagan Epig Database.doc	bibliographic_reference	true	false	false	17	true	false	true	false	medium	use_for_bibliography	
frasch-ref-01999	Pl. II 182a	Bagan Epig Database.doc	catalogue_note	false	true	false	11	false	false	false	false	low	use_for_catalogue_evidence	
frasch-ref-02000	OBI 2, p. 170	Bagan Epig Database.doc	catalogue_note	false	true	false	13	false	false	true	false	medium	use_for_catalogue_evidence	
frasch-ref-02001	UEM no. 61, p. 179	Bagan Epig Database.doc	catalogue_note	false	true	false	18	false	false	true	false	medium	use_for_catalogue_evidence	
frasch-ref-02002	List 290	Bagan Epig Database.doc	catalogue_note	false	true	false	8	false	false	false	false	low	use_for_catalogue_evidence	
frasch-ref-02003	PPA, p. 147	Bagan Epig Database.doc	catalogue_note	false	true	false	11	false	false	true	false	medium	use_for_catalogue_evidence	
frasch-ref-02004	TN, p. 68	Bagan Epig Database.doc	catalogue_note	false	true	false	9	false	false	true	false	medium	use_for_catalogue_evidence	
frasch-ref-02005	OR 3434 fol. ghā verso (with further dates)	Bagan Epig Database.doc	catalogue_note	false	true	false	43	false	false	false	false	low	use_for_catalogue_evidence	
frasch-ref-02006	Pl. II 182b	Bagan Epig Database.doc	catalogue_note	false	true	false	11	false	false	false	false	low	use_for_catalogue_evidence	
frasch-ref-02007	OBI 2, p. 172	Bagan Epig Database.doc	catalogue_note	false	true	false	13	false	false	true	false	medium	use_for_catalogue_evidence	
frasch-ref-02008	UEM, no. 62, p. 181	Bagan Epig Database.doc	catalogue_note	false	true	false	19	false	false	true	false	medium	use_for_catalogue_evidence	
frasch-ref-02009	List 267	Bagan Epig Database.doc	catalogue_note	false	true	false	8	false	false	false	false	low	use_for_catalogue_evidence	
frasch-ref-02010	UB 1, p. 203	Bagan Epig Database.doc	catalogue_note	false	true	false	12	false	false	true	false	medium	use_for_catalogue_evidence	
frasch-ref-02011	Pl. II 183a	Bagan Epig Database.doc	catalogue_note	false	true	false	11	false	false	false	false	low	use_for_catalogue_evidence	
frasch-ref-02012	OBI 2, p. 173	Bagan Epig Database.doc	catalogue_note	false	true	false	13	false	false	true	false	medium	use_for_catalogue_evidence	
frasch-ref-02013	U Min Hswe, no. 82	Bagan Epig Database.doc	bibliographic_reference	true	false	false	18	true	false	true	false	medium	use_for_bibliography	
frasch-ref-02014	List 341	Bagan Epig Database.doc	catalogue_note	false	true	false	8	false	false	false	false	low	use_for_catalogue_evidence	
frasch-ref-02015	B 1, p. 95	Bagan Epig Database.doc	catalogue_note	false	true	false	10	false	false	true	false	medium	use_for_catalogue_evidence	
frasch-ref-02016	U Than Tun, Hnaung-dwe, no. 16, p. 44	Bagan Epig Database.doc	bibliographic_reference	true	false	false	37	true	false	true	false	medium	use_for_bibliography	
frasch-ref-02017	Pl. II 183b	Bagan Epig Database.doc	catalogue_note	false	true	false	11	false	false	false	false	low	use_for_catalogue_evidence	
frasch-ref-02018	OBI 2, p. 176	Bagan Epig Database.doc	catalogue_note	false	true	false	13	false	false	true	false	medium	use_for_catalogue_evidence	
frasch-ref-02019	Pl. III 316b	Bagan Epig Database.doc	catalogue_note	false	true	false	12	false	false	false	false	low	use_for_catalogue_evidence	
frasch-ref-02020	OBI 2, p. 178	Bagan Epig Database.doc	catalogue_note	false	true	false	13	false	false	true	false	medium	use_for_catalogue_evidence	
frasch-ref-02021	Pl. II 187	Bagan Epig Database.doc	catalogue_note	false	true	false	10	false	false	false	false	low	use_for_catalogue_evidence	
frasch-ref-02022	OBI 2, p. 176	Bagan Epig Database.doc	catalogue_note	false	true	false	13	false	false	true	false	medium	use_for_catalogue_evidence	
frasch-ref-02023	List 291	Bagan Epig Database.doc	catalogue_note	false	true	false	8	false	false	false	false	low	use_for_catalogue_evidence	
frasch-ref-02024	UB 1, p. 206	Bagan Epig Database.doc	catalogue_note	false	true	false	12	false	false	true	false	medium	use_for_catalogue_evidence	
frasch-ref-02025	found before 2004	Bagan Epig Database.doc	unclear	false	false	false	17	false	true	false	false	low	manual_review	
frasch-ref-02026	*HD 5	Bagan Epig Database.doc	unclear	false	false	false	5	false	false	false	false	low	manual_review	
frasch-ref-02027	Pl. V 578a	Bagan Epig Database.doc	catalogue_note	false	true	false	10	false	false	false	false	low	use_for_catalogue_evidence	
frasch-ref-02028	OBI 2, p. 175	Bagan Epig Database.doc	catalogue_note	false	true	false	13	false	false	true	false	medium	use_for_catalogue_evidence	
frasch-ref-02029	List 1368	Bagan Epig Database.doc	catalogue_note	false	true	false	9	false	true	false	false	medium	use_for_catalogue_evidence	
frasch-ref-02030	A, p. 510	Bagan Epig Database.doc	catalogue_note	false	true	false	9	false	false	true	false	medium	use_for_catalogue_evidence	
frasch-ref-02031	Luce D 795	Bagan Epig Database.doc	catalogue_note	false	true	false	10	false	false	false	false	low	use_for_catalogue_evidence	
frasch-ref-02032	Pl. II 185	Bagan Epig Database.doc	catalogue_note	false	true	false	10	false	false	false	false	low	use_for_catalogue_evidence	
frasch-ref-02033	OBI 2, p. 179	Bagan Epig Database.doc	catalogue_note	false	true	false	13	false	false	true	false	medium	use_for_catalogue_evidence	
frasch-ref-02034	UEM no. 63, p. 183	Bagan Epig Database.doc	catalogue_note	false	true	false	18	false	false	true	false	medium	use_for_catalogue_evidence	
frasch-ref-02035	List 292	Bagan Epig Database.doc	catalogue_note	false	true	false	8	false	false	false	false	low	use_for_catalogue_evidence	
frasch-ref-02036	PPA, p. 105	Bagan Epig Database.doc	catalogue_note	false	true	false	11	false	false	true	false	medium	use_for_catalogue_evidence	
frasch-ref-02037	TN, p. 54	Bagan Epig Database.doc	catalogue_note	false	true	false	9	false	false	true	false	medium	use_for_catalogue_evidence	
frasch-ref-02038	Pl. II 186	Bagan Epig Database.doc	catalogue_note	false	true	false	10	false	false	false	false	low	use_for_catalogue_evidence	
frasch-ref-02039	OBI 2, p. 181	Bagan Epig Database.doc	catalogue_note	false	true	false	13	false	false	true	false	medium	use_for_catalogue_evidence	
frasch-ref-02040	SIP no. 35, p. 85	Bagan Epig Database.doc	catalogue_note	false	true	false	17	false	false	true	false	medium	use_for_catalogue_evidence	
frasch-ref-02041	UEM no. 64, p. 184	Bagan Epig Database.doc	catalogue_note	false	true	false	18	false	false	true	false	medium	use_for_catalogue_evidence	
frasch-ref-02042	List 75	Bagan Epig Database.doc	catalogue_note	false	true	false	7	false	false	false	false	low	use_for_catalogue_evidence	
frasch-ref-02043	UB 2, p. 186	Bagan Epig Database.doc	catalogue_note	false	true	false	12	false	false	true	false	medium	use_for_catalogue_evidence	
frasch-ref-02044	Pl. II 188	Bagan Epig Database.doc	catalogue_note	false	true	false	10	false	false	false	false	low	use_for_catalogue_evidence	
frasch-ref-02045	OBI 2, p. 183	Bagan Epig Database.doc	catalogue_note	false	true	false	13	false	false	true	false	medium	use_for_catalogue_evidence	
frasch-ref-02046	Pl. II 189	Bagan Epig Database.doc	catalogue_note	false	true	false	10	false	false	false	false	low	use_for_catalogue_evidence	
frasch-ref-02047	OBI 2, p. 185	Bagan Epig Database.doc	catalogue_note	false	true	false	13	false	false	true	false	medium	use_for_catalogue_evidence	
frasch-ref-02048	rubbing	Bagan Epig Database.doc	unclear	false	false	false	7	false	false	false	false	low	manual_review	
frasch-ref-02049	*HD 6	Bagan Epig Database.doc	unclear	false	false	false	5	false	false	false	false	low	manual_review	
frasch-ref-02050	Pl. II 190b	Bagan Epig Database.doc	catalogue_note	false	true	false	11	false	false	false	false	low	use_for_catalogue_evidence	
frasch-ref-02051	OBI 2, p. 186	Bagan Epig Database.doc	catalogue_note	false	true	false	13	false	false	true	false	medium	use_for_catalogue_evidence	
frasch-ref-02052	Pl. III 296	Bagan Epig Database.doc	catalogue_note	false	true	false	11	false	false	false	false	low	use_for_catalogue_evidence	
frasch-ref-02053	OBI 2, p. 187	Bagan Epig Database.doc	catalogue_note	false	true	false	13	false	false	true	false	medium	use_for_catalogue_evidence	
frasch-ref-02054	Hla Thamein, Bagan-hket, p. 99	Bagan Epig Database.doc	bibliographic_reference	true	false	false	30	true	false	true	false	medium	use_for_bibliography	
frasch-ref-02055	Pl. III 332 (= lower part)	Bagan Epig Database.doc	catalogue_note	false	true	false	26	false	false	false	false	low	use_for_catalogue_evidence	
frasch-ref-02056	Pl. V 599d	Bagan Epig Database.doc	catalogue_note	false	true	false	10	false	false	false	false	low	use_for_catalogue_evidence	
frasch-ref-02057	OBI 2, p. 240	Bagan Epig Database.doc	catalogue_note	false	true	false	13	false	false	true	false	medium	use_for_catalogue_evidence	
frasch-ref-02058	List 1449	Bagan Epig Database.doc	catalogue_note	false	true	false	9	false	true	false	false	medium	use_for_catalogue_evidence	
frasch-ref-02059	A, p. 595	Bagan Epig Database.doc	catalogue_note	false	true	false	9	false	false	true	false	medium	use_for_catalogue_evidence	
frasch-ref-02060	Luce J 2519 (complete inscr.)	Bagan Epig Database.doc	catalogue_note	false	true	false	29	false	false	false	false	low	use_for_catalogue_evidence	
frasch-ref-02061	Pl. I 30a	Bagan Epig Database.doc	catalogue_note	false	true	false	9	false	false	false	false	low	use_for_catalogue_evidence	
frasch-ref-02062	OBI 2, p. 188	Bagan Epig Database.doc	catalogue_note	false	true	false	13	false	false	true	false	medium	use_for_catalogue_evidence	
frasch-ref-02063	List 169a	Bagan Epig Database.doc	catalogue_note	false	true	false	9	false	false	false	false	low	use_for_catalogue_evidence	
frasch-ref-02064	A, p. 55	Bagan Epig Database.doc	catalogue_note	false	true	false	8	false	false	true	false	medium	use_for_catalogue_evidence	
frasch-ref-02065	List 294	Bagan Epig Database.doc	catalogue_note	false	true	false	8	false	false	false	false	low	use_for_catalogue_evidence	
frasch-ref-02066	B 2, p.770	Bagan Epig Database.doc	catalogue_note	false	true	false	10	false	false	true	false	medium	use_for_catalogue_evidence	
frasch-ref-02067	Luce J 2545	Bagan Epig Database.doc	catalogue_note	false	true	false	11	false	false	false	false	low	use_for_catalogue_evidence	
frasch-ref-02068	Pl. II 191a	Bagan Epig Database.doc	catalogue_note	false	true	false	11	false	false	false	false	low	use_for_catalogue_evidence	
frasch-ref-02069	OBI 2, p. 190	Bagan Epig Database.doc	catalogue_note	false	true	false	13	false	false	true	false	medium	use_for_catalogue_evidence	
frasch-ref-02070	List 295	Bagan Epig Database.doc	catalogue_note	false	true	false	8	false	false	false	false	low	use_for_catalogue_evidence	
frasch-ref-02071	PPA, p. 190	Bagan Epig Database.doc	catalogue_note	false	true	false	11	false	false	true	false	medium	use_for_catalogue_evidence	
frasch-ref-02072	TN, p. 91, U Min Hswe, no. 63	Bagan Epig Database.doc	catalogue_note	false	true	false	29	false	false	true	false	medium	use_for_catalogue_evidence	
frasch-ref-02073	OBI 2, p. 191-2	Bagan Epig Database.doc	catalogue_note	false	true	false	15	false	false	true	false	medium	use_for_catalogue_evidence	
frasch-ref-02074	RDASB 1963 p. 33	Bagan Epig Database.doc	unclear	false	false	false	16	false	true	false	true	low	manual_review	
frasch-ref-02075	OBI 2, p. 193	Bagan Epig Database.doc	catalogue_note	false	true	false	13	false	false	true	false	medium	use_for_catalogue_evidence	
frasch-ref-02076	U Than Tun, Hnaung-dwe, no. 17, p. 48	Bagan Epig Database.doc	bibliographic_reference	true	false	false	37	true	false	true	false	medium	use_for_bibliography	
frasch-ref-02077	U Min Hswe, no. 33	Bagan Epig Database.doc	bibliographic_reference	true	false	false	18	true	false	true	false	medium	use_for_bibliography	
frasch-ref-02078	Pl. II 192	Bagan Epig Database.doc	catalogue_note	false	true	false	10	false	false	false	false	low	use_for_catalogue_evidence	
frasch-ref-02079	OBI 2, p. 194	Bagan Epig Database.doc	catalogue_note	false	true	false	13	false	false	true	false	medium	use_for_catalogue_evidence	
frasch-ref-02080	List 296	Bagan Epig Database.doc	catalogue_note	false	true	false	8	false	false	false	false	low	use_for_catalogue_evidence	
frasch-ref-02081	PPA p. 106	Bagan Epig Database.doc	catalogue_note	false	true	false	10	false	false	false	false	medium	use_for_catalogue_evidence	
frasch-ref-02082	TN, p. 54	Bagan Epig Database.doc	catalogue_note	false	true	false	9	false	false	true	false	medium	use_for_catalogue_evidence	
frasch-ref-02083	Pl. II 193	Bagan Epig Database.doc	catalogue_note	false	true	false	10	false	false	false	false	low	use_for_catalogue_evidence	
frasch-ref-02084	OBI 2, p. 196	Bagan Epig Database.doc	catalogue_note	false	true	false	13	false	false	true	false	medium	use_for_catalogue_evidence	
frasch-ref-02085	List 410a	Bagan Epig Database.doc	catalogue_note	false	true	false	9	false	false	false	false	low	use_for_catalogue_evidence	
frasch-ref-02086	A, p. 143	Bagan Epig Database.doc	catalogue_note	false	true	false	9	false	false	true	false	medium	use_for_catalogue_evidence	
frasch-ref-02087	MP 2, p. 19	Bagan Epig Database.doc	catalogue_note	false	true	false	11	false	false	true	false	medium	use_for_catalogue_evidence	
frasch-ref-02088	Pl. III 226	Bagan Epig Database.doc	catalogue_note	false	true	false	11	false	false	false	false	low	use_for_catalogue_evidence	
frasch-ref-02089	OBI 3, p. 55	Bagan Epig Database.doc	catalogue_note	false	true	false	12	false	false	true	false	medium	use_for_catalogue_evidence	
frasch-ref-02090	List 633a	Bagan Epig Database.doc	catalogue_note	false	true	false	9	false	false	false	false	low	use_for_catalogue_evidence	
frasch-ref-02091	A, p. 90	Bagan Epig Database.doc	catalogue_note	false	true	false	8	false	false	true	false	medium	use_for_catalogue_evidence	
frasch-ref-02092	Pl. V 578b	Bagan Epig Database.doc	catalogue_note	false	true	false	10	false	false	false	false	low	use_for_catalogue_evidence	
frasch-ref-02093	OBI 2, p. 195	Bagan Epig Database.doc	catalogue_note	false	true	false	13	false	false	true	false	medium	use_for_catalogue_evidence	
frasch-ref-02094	Thu- payon 2, p. 121	Bagan Epig Database.doc	unclear	false	false	false	20	false	false	true	false	low	manual_review	
frasch-ref-02095	U Maung Maung Tin, Mya-wadi Magazine 1956, p. 81-87	Bagan Epig Database.doc	bibliographic_reference	true	false	false	51	true	true	true	false	high	use_for_bibliography	
frasch-ref-02096	Luce J 2623	Bagan Epig Database.doc	catalogue_note	false	true	false	11	false	false	false	false	low	use_for_catalogue_evidence	
frasch-ref-02097	Pl. II 191b	Bagan Epig Database.doc	catalogue_note	false	true	false	11	false	false	false	false	low	use_for_catalogue_evidence	
frasch-ref-02098	OBI 2, p. 197	Bagan Epig Database.doc	catalogue_note	false	true	false	13	false	false	true	false	medium	use_for_catalogue_evidence	
frasch-ref-02099	SIP no. 36, p. 88	Bagan Epig Database.doc	catalogue_note	false	true	false	17	false	false	true	false	medium	use_for_catalogue_evidence	
frasch-ref-02100	List 281	Bagan Epig Database.doc	catalogue_note	false	true	false	8	false	false	false	false	low	use_for_catalogue_evidence	
frasch-ref-02101	UB 1, p. 204	Bagan Epig Database.doc	catalogue_note	false	true	false	12	false	false	true	false	medium	use_for_catalogue_evidence	
frasch-ref-02102	U Min Hswe, no. 25	Bagan Epig Database.doc	bibliographic_reference	true	false	false	18	true	false	true	false	medium	use_for_bibliography	
frasch-ref-02103	Pl. II 194	Bagan Epig Database.doc	catalogue_note	false	true	false	10	false	false	false	false	low	use_for_catalogue_evidence	
frasch-ref-02104	OBI 2, p. 198	Bagan Epig Database.doc	catalogue_note	false	true	false	13	false	false	true	false	medium	use_for_catalogue_evidence	
frasch-ref-02105	List 332a	Bagan Epig Database.doc	catalogue_note	false	true	false	9	false	false	false	false	low	use_for_catalogue_evidence	
frasch-ref-02106	UB 1, p. 209	Bagan Epig Database.doc	catalogue_note	false	true	false	12	false	false	true	false	medium	use_for_catalogue_evidence	
frasch-ref-02107	U Than Tun, JBRS 1978, p. 107	Bagan Epig Database.doc	bibliographic_reference	true	false	false	29	true	true	true	true	high	use_for_bibliography	
frasch-ref-02108	Pl. II 195a	Bagan Epig Database.doc	catalogue_note	false	true	false	11	false	false	false	false	low	use_for_catalogue_evidence	
frasch-ref-02109	OBI 2, p. 202	Bagan Epig Database.doc	catalogue_note	false	true	false	13	false	false	true	false	medium	use_for_catalogue_evidence	
frasch-ref-02110	List 24	Bagan Epig Database.doc	catalogue_note	false	true	false	7	false	false	false	false	low	use_for_catalogue_evidence	
frasch-ref-02111	UB 1, p. 202	Bagan Epig Database.doc	catalogue_note	false	true	false	12	false	false	true	false	medium	use_for_catalogue_evidence	
frasch-ref-02112	Pl. II 195b	Bagan Epig Database.doc	catalogue_note	false	true	false	11	false	false	false	false	low	use_for_catalogue_evidence	
frasch-ref-02113	OBI 3, p. 1	Bagan Epig Database.doc	catalogue_note	false	true	false	11	false	false	true	false	medium	use_for_catalogue_evidence	
frasch-ref-02114	List 302	Bagan Epig Database.doc	catalogue_note	false	true	false	8	false	false	false	false	low	use_for_catalogue_evidence	
frasch-ref-02115	PPA, p. 191	Bagan Epig Database.doc	catalogue_note	false	true	false	11	false	false	true	false	medium	use_for_catalogue_evidence	
frasch-ref-02116	TN, p. 91	Bagan Epig Database.doc	catalogue_note	false	true	false	9	false	false	true	false	medium	use_for_catalogue_evidence	
frasch-ref-02117	U Min Hswe, no. 18	Bagan Epig Database.doc	bibliographic_reference	true	false	false	18	true	false	true	false	medium	use_for_bibliography	
frasch-ref-02118	Pl. II 196	Bagan Epig Database.doc	catalogue_note	false	true	false	10	false	false	false	false	low	use_for_catalogue_evidence	
frasch-ref-02119	OBI 3, p. 162	Bagan Epig Database.doc	catalogue_note	false	true	false	13	false	false	true	false	medium	use_for_catalogue_evidence	
frasch-ref-02120	List 392a	Bagan Epig Database.doc	catalogue_note	false	true	false	9	false	false	false	false	low	use_for_catalogue_evidence	
frasch-ref-02121	MP, p. 123	Bagan Epig Database.doc	catalogue_note	false	true	false	10	false	false	true	false	medium	use_for_catalogue_evidence	
frasch-ref-02122	Pl. II 198	Bagan Epig Database.doc	catalogue_note	false	true	false	10	false	false	false	false	low	use_for_catalogue_evidence	
frasch-ref-02123	OBI 3, p. 2	Bagan Epig Database.doc	catalogue_note	false	true	false	11	false	false	true	false	medium	use_for_catalogue_evidence	
frasch-ref-02124	List 90	Bagan Epig Database.doc	catalogue_note	false	true	false	7	false	false	false	false	low	use_for_catalogue_evidence	
frasch-ref-02125	PPA, p. 55	Bagan Epig Database.doc	catalogue_note	false	true	false	10	false	false	true	false	medium	use_for_catalogue_evidence	
frasch-ref-02126	TN, p. 26	Bagan Epig Database.doc	catalogue_note	false	true	false	9	false	false	true	false	medium	use_for_catalogue_evidence	
frasch-ref-02127	U Min Hswe, no. 51	Bagan Epig Database.doc	bibliographic_reference	true	false	false	18	true	false	true	false	medium	use_for_bibliography	
frasch-ref-02128	Pl. II 207, l. 8-19	Bagan Epig Database.doc	catalogue_note	false	true	false	19	false	false	true	false	low	use_for_catalogue_evidence	
frasch-ref-02129	OBI 3, p. 249	Bagan Epig Database.doc	catalogue_note	false	true	false	13	false	false	true	false	medium	use_for_catalogue_evidence	
frasch-ref-02130	Pl. II 211 (l. 1-28)	Bagan Epig Database.doc	catalogue_note	false	true	false	20	false	false	false	false	low	use_for_catalogue_evidence	
frasch-ref-02131	OBI 3, p. 222	Bagan Epig Database.doc	catalogue_note	false	true	false	13	false	false	true	false	medium	use_for_catalogue_evidence	
frasch-ref-02132	U Min Hswe, no. 46	Bagan Epig Database.doc	bibliographic_reference	true	false	false	18	true	false	true	false	medium	use_for_bibliography	
frasch-ref-02133	Pl. II 189	Bagan Epig Database.doc	catalogue_note	false	true	false	10	false	false	false	false	low	use_for_catalogue_evidence	
frasch-ref-02134	OBI 2, p. 185	Bagan Epig Database.doc	catalogue_note	false	true	false	13	false	false	true	false	medium	use_for_catalogue_evidence	
frasch-ref-02135	List 297	Bagan Epig Database.doc	catalogue_note	false	true	false	8	false	false	false	false	low	use_for_catalogue_evidence	
frasch-ref-02136	B 2, p. 915	Bagan Epig Database.doc	catalogue_note	false	true	false	11	false	false	true	false	medium	use_for_catalogue_evidence	
frasch-ref-02137	U Bo Kay, Bagan Sutethana, p. 300	Bagan Epig Database.doc	bibliographic_reference	true	false	false	33	true	false	true	false	medium	use_for_bibliography	
frasch-ref-02138	OBI 4, p. 235	Bagan Epig Database.doc	catalogue_note	false	true	false	13	false	false	true	false	medium	use_for_catalogue_evidence	
frasch-ref-02139	Luce files G 1763	Bagan Epig Database.doc	unclear	false	false	false	17	false	true	false	false	low	manual_review	
frasch-ref-02140	Than Tun ??	Bagan Epig Database.doc	unclear	false	false	false	11	false	false	false	false	low	manual_review	
frasch-ref-02141	U Min Hswe, no. 64	Bagan Epig Database.doc	bibliographic_reference	true	false	false	18	true	false	true	false	medium	use_for_bibliography	
frasch-ref-02142	List 1019	Bagan Epig Database.doc	catalogue_note	false	true	false	9	false	true	false	false	medium	use_for_catalogue_evidence	
frasch-ref-02143	B 1, p. 306	Bagan Epig Database.doc	catalogue_note	false	true	false	11	false	false	true	false	medium	use_for_catalogue_evidence	
frasch-ref-02144	Pl. II 201b	Bagan Epig Database.doc	catalogue_note	false	true	false	11	false	false	false	false	low	use_for_catalogue_evidence	
frasch-ref-02145	OBI 3, p. 3	Bagan Epig Database.doc	catalogue_note	false	true	false	11	false	false	true	false	medium	use_for_catalogue_evidence	
frasch-ref-02146	List 255	Bagan Epig Database.doc	catalogue_note	false	true	false	8	false	false	false	false	low	use_for_catalogue_evidence	
frasch-ref-02147	A, p. 79	Bagan Epig Database.doc	catalogue_note	false	true	false	8	false	false	true	false	medium	use_for_catalogue_evidence	
frasch-ref-02148	Pl. III 246	Bagan Epig Database.doc	catalogue_note	false	true	false	11	false	false	false	false	low	use_for_catalogue_evidence	
frasch-ref-02149	OBI 3, p. 95	Bagan Epig Database.doc	catalogue_note	false	true	false	12	false	false	true	false	medium	use_for_catalogue_evidence	
frasch-ref-02150	List 351	Bagan Epig Database.doc	catalogue_note	false	true	false	8	false	false	false	false	low	use_for_catalogue_evidence	
frasch-ref-02151	PPA, p. 295	Bagan Epig Database.doc	catalogue_note	false	true	false	11	false	false	true	false	medium	use_for_catalogue_evidence	
frasch-ref-02152	TN, p. 136	Bagan Epig Database.doc	catalogue_note	false	true	false	10	false	false	true	false	medium	use_for_catalogue_evidence	
frasch-ref-02153	copies List 402 (second inscr.)	Bagan Epig Database.doc	unclear	false	false	false	31	false	false	false	false	low	manual_review	
frasch-ref-02154	B 2, p. 819 (dated CS 636/ 1274) and List 453	Bagan Epig Database.doc	catalogue_note	false	true	false	45	false	true	true	false	medium	use_for_catalogue_evidence	
frasch-ref-02155	B 2, p. 827 (dated CS 676/1314)	Bagan Epig Database.doc	catalogue_note	false	true	false	31	false	true	true	false	medium	use_for_catalogue_evidence	
frasch-ref-02156	British Library Oriental Mss Sect- ion, OR 3434, fol. go verso	Bagan Epig Database.doc	unclear	false	false	false	62	false	false	true	false	low	manual_review	
frasch-ref-02157	Pl. II 202	Bagan Epig Database.doc	catalogue_note	false	true	false	10	false	false	false	false	low	use_for_catalogue_evidence	
frasch-ref-02158	OBI 3, p. 5	Bagan Epig Database.doc	catalogue_note	false	true	false	11	false	false	true	false	medium	use_for_catalogue_evidence	
frasch-ref-02159	List 308	Bagan Epig Database.doc	catalogue_note	false	true	false	8	false	false	false	false	low	use_for_catalogue_evidence	
frasch-ref-02160	A, p. 101	Bagan Epig Database.doc	catalogue_note	false	true	false	9	false	false	true	false	medium	use_for_catalogue_evidence	
frasch-ref-02161	MP, p. 107	Bagan Epig Database.doc	catalogue_note	false	true	false	10	false	false	true	false	medium	use_for_catalogue_evidence	
frasch-ref-02162	Pl. II 203	Bagan Epig Database.doc	catalogue_note	false	true	false	10	false	false	false	false	low	use_for_catalogue_evidence	
frasch-ref-02163	OBI 3, p. 7	Bagan Epig Database.doc	catalogue_note	false	true	false	11	false	false	true	false	medium	use_for_catalogue_evidence	
frasch-ref-02164	List 305	Bagan Epig Database.doc	catalogue_note	false	true	false	8	false	false	false	false	low	use_for_catalogue_evidence	
frasch-ref-02165	UB 1, p. 300	Bagan Epig Database.doc	catalogue_note	false	true	false	12	false	false	true	false	medium	use_for_catalogue_evidence	
frasch-ref-02166	Pl. II 204a+b	Bagan Epig Database.doc	catalogue_note	false	true	false	13	false	false	false	false	low	use_for_catalogue_evidence	
frasch-ref-02167	OBI 3, p. 8	Bagan Epig Database.doc	catalogue_note	false	true	false	11	false	false	true	false	medium	use_for_catalogue_evidence	
frasch-ref-02168	List 306	Bagan Epig Database.doc	catalogue_note	false	true	false	8	false	false	false	false	low	use_for_catalogue_evidence	
frasch-ref-02169	UB 2, p. 203	Bagan Epig Database.doc	catalogue_note	false	true	false	12	false	false	true	false	medium	use_for_catalogue_evidence	
frasch-ref-02170	(not in U Min Hswe)	Bagan Epig Database.doc	unclear	false	false	false	19	false	false	false	false	low	manual_review	
frasch-ref-02171	Pl. II 205-206	Bagan Epig Database.doc	catalogue_note	false	true	false	14	false	false	false	false	low	use_for_catalogue_evidence	
frasch-ref-02172	OBI 3, p. 9-11	Bagan Epig Database.doc	catalogue_note	false	true	false	14	false	false	true	false	medium	use_for_catalogue_evidence	
frasch-ref-02173	List 307a+b	Bagan Epig Database.doc	catalogue_note	false	true	false	11	false	false	false	false	low	use_for_catalogue_evidence	
frasch-ref-02174	A, p. 103-105	Bagan Epig Database.doc	catalogue_note	false	true	false	13	false	false	true	false	medium	use_for_catalogue_evidence	
frasch-ref-02175	MP 2, p. 159	Bagan Epig Database.doc	catalogue_note	false	true	false	12	false	false	true	false	medium	use_for_catalogue_evidence	
frasch-ref-02176	Pl. IV 381	Bagan Epig Database.doc	catalogue_note	false	true	false	10	false	false	false	false	low	use_for_catalogue_evidence	
frasch-ref-02177	OBI 3, p. 14	Bagan Epig Database.doc	catalogue_note	false	true	false	12	false	false	true	false	medium	use_for_catalogue_evidence	
frasch-ref-02178	ARASI 1936-37, p. 115	Bagan Epig Database.doc	catalogue_note	false	true	false	21	false	true	true	true	medium	use_for_catalogue_evidence	
frasch-ref-02179	Pl. IV 411	Bagan Epig Database.doc	catalogue_note	false	true	false	10	false	false	false	false	low	use_for_catalogue_evidence	
frasch-ref-02180	OBI 3, p. 283	Bagan Epig Database.doc	catalogue_note	false	true	false	13	false	false	true	false	medium	use_for_catalogue_evidence	
frasch-ref-02181	Pl. II 208	Bagan Epig Database.doc	catalogue_note	false	true	false	10	false	false	false	false	low	use_for_catalogue_evidence	
frasch-ref-02182	OBI 3, p. 18	Bagan Epig Database.doc	catalogue_note	false	true	false	12	false	false	true	false	medium	use_for_catalogue_evidence	
frasch-ref-02183	Pl. II 209	Bagan Epig Database.doc	catalogue_note	false	true	false	10	false	false	false	false	low	use_for_catalogue_evidence	
frasch-ref-02184	OBI 3, p. 19	Bagan Epig Database.doc	catalogue_note	false	true	false	12	false	false	true	false	medium	use_for_catalogue_evidence	
frasch-ref-02185	Pl. II 210b	Bagan Epig Database.doc	catalogue_note	false	true	false	11	false	false	false	false	low	use_for_catalogue_evidence	
frasch-ref-02186	OBI 3, p. 20	Bagan Epig Database.doc	catalogue_note	false	true	false	12	false	false	true	false	medium	use_for_catalogue_evidence	
frasch-ref-02187	Luce J 2637	Bagan Epig Database.doc	catalogue_note	false	true	false	11	false	false	false	false	low	use_for_catalogue_evidence	
frasch-ref-02188	Pl. III 244 (l. 32-34)	Bagan Epig Database.doc	catalogue_note	false	true	false	22	false	false	false	false	low	use_for_catalogue_evidence	
frasch-ref-02189	OBI 3, p. 94	Bagan Epig Database.doc	catalogue_note	false	true	false	12	false	false	true	false	medium	use_for_catalogue_evidence	
frasch-ref-02190	List 349	Bagan Epig Database.doc	catalogue_note	false	true	false	8	false	false	false	false	low	use_for_catalogue_evidence	
frasch-ref-02191	PPA, p. 193, U Min Hswe, no. 61	Bagan Epig Database.doc	catalogue_note	false	true	false	31	false	false	true	false	medium	use_for_catalogue_evidence	
frasch-ref-02192	Luce J 2637	Bagan Epig Database.doc	catalogue_note	false	true	false	11	false	false	false	false	low	use_for_catalogue_evidence	
frasch-ref-02193	U Min Hswe, no. 80	Bagan Epig Database.doc	bibliographic_reference	true	false	false	18	true	false	true	false	medium	use_for_bibliography	
frasch-ref-02194	Luce J 2639	Bagan Epig Database.doc	catalogue_note	false	true	false	11	false	false	false	false	low	use_for_catalogue_evidence	
frasch-ref-02195	Than Tun, Hnaung-dwe, no. 19, p. 55	Bagan Epig Database.doc	bibliographic_reference	true	false	false	35	true	false	true	false	medium	use_for_bibliography	
frasch-ref-02196	U Min Hswe, no. 1	Bagan Epig Database.doc	bibliographic_reference	true	false	false	17	true	false	true	false	medium	use_for_bibliography	
frasch-ref-02197	own reading from stone	Bagan Epig Database.doc	unclear	false	false	false	22	false	false	false	false	low	manual_review	
frasch-ref-02198	List 911	Bagan Epig Database.doc	catalogue_note	false	true	false	8	false	false	false	false	low	use_for_catalogue_evidence	
frasch-ref-02199	B 2, p. 670	Bagan Epig Database.doc	catalogue_note	false	true	false	11	false	false	true	false	medium	use_for_catalogue_evidence	
frasch-ref-02200	Pl. III 333	Bagan Epig Database.doc	catalogue_note	false	true	false	11	false	false	false	false	low	use_for_catalogue_evidence	
frasch-ref-02201	OBI 2, p. 83	Bagan Epig Database.doc	catalogue_note	false	true	false	12	false	false	true	false	medium	use_for_catalogue_evidence	
frasch-ref-02202	List 271	Bagan Epig Database.doc	catalogue_note	false	true	false	8	false	false	false	false	low	use_for_catalogue_evidence	
frasch-ref-02203	A, p. 83	Bagan Epig Database.doc	catalogue_note	false	true	false	8	false	false	true	false	medium	use_for_catalogue_evidence	
frasch-ref-02204	Pl. II 211	Bagan Epig Database.doc	catalogue_note	false	true	false	10	false	false	false	false	low	use_for_catalogue_evidence	
frasch-ref-02205	OBI 3, p. 21	Bagan Epig Database.doc	catalogue_note	false	true	false	12	false	false	true	false	medium	use_for_catalogue_evidence	
frasch-ref-02206	List 309	Bagan Epig Database.doc	catalogue_note	false	true	false	8	false	false	false	false	low	use_for_catalogue_evidence	
frasch-ref-02207	UB 1, p. 301	Bagan Epig Database.doc	catalogue_note	false	true	false	12	false	false	true	false	medium	use_for_catalogue_evidence	
frasch-ref-02208	Pl. II 213b	Bagan Epig Database.doc	catalogue_note	false	true	false	11	false	false	false	false	low	use_for_catalogue_evidence	
frasch-ref-02209	OBI 3, p. 23	Bagan Epig Database.doc	catalogue_note	false	true	false	12	false	false	true	false	medium	use_for_catalogue_evidence	
frasch-ref-02210	Pl. II 214 and Pl. V 579	Bagan Epig Database.doc	catalogue_note	false	true	false	24	false	false	false	false	low	use_for_catalogue_evidence	
frasch-ref-02211	OBI 3, p. 24	Bagan Epig Database.doc	catalogue_note	false	true	false	12	false	false	true	false	medium	use_for_catalogue_evidence	
frasch-ref-02212	List 293 and 1352	Bagan Epig Database.doc	catalogue_note	false	true	false	17	false	true	false	false	medium	use_for_catalogue_evidence	
frasch-ref-02213	A, p. 492	Bagan Epig Database.doc	catalogue_note	false	true	false	9	false	false	true	false	medium	use_for_catalogue_evidence	
frasch-ref-02214	Than Tun ??	Bagan Epig Database.doc	unclear	false	false	false	11	false	false	false	false	low	manual_review	
frasch-ref-02215	U Min Hswe, no. 64	Bagan Epig Database.doc	bibliographic_reference	true	false	false	18	true	false	true	false	medium	use_for_bibliography	
frasch-ref-02216	Pl. III 312b, ll. 21-26, and Pl. IV 312c	Bagan Epig Database.doc	catalogue_note	false	true	false	40	false	false	true	false	low	use_for_catalogue_evidence	
frasch-ref-02217	OBI 2, p. 224-5	Bagan Epig Database.doc	catalogue_note	false	true	false	15	false	false	true	false	medium	use_for_catalogue_evidence	
frasch-ref-02218	Pl. II 214b	Bagan Epig Database.doc	catalogue_note	false	true	false	11	false	false	false	false	low	use_for_catalogue_evidence	
frasch-ref-02219	OBI 3, p. 25	Bagan Epig Database.doc	catalogue_note	false	true	false	12	false	false	true	false	medium	use_for_catalogue_evidence	
frasch-ref-02220	List 313	Bagan Epig Database.doc	catalogue_note	false	true	false	8	false	false	false	false	low	use_for_catalogue_evidence	
frasch-ref-02221	B 1, p. 205	Bagan Epig Database.doc	catalogue_note	false	true	false	11	false	false	true	false	medium	use_for_catalogue_evidence	
frasch-ref-02222	Pl. II 215a	Bagan Epig Database.doc	catalogue_note	false	true	false	11	false	false	false	false	low	use_for_catalogue_evidence	
frasch-ref-02223	OBI 3, p. 26	Bagan Epig Database.doc	catalogue_note	false	true	false	12	false	false	true	false	medium	use_for_catalogue_evidence	
frasch-ref-02224	Pl. II 215b	Bagan Epig Database.doc	catalogue_note	false	true	false	11	false	false	false	false	low	use_for_catalogue_evidence	
frasch-ref-02225	OBI 3, p. 27	Bagan Epig Database.doc	catalogue_note	false	true	false	12	false	false	true	false	medium	use_for_catalogue_evidence	
frasch-ref-02226	List 310	Bagan Epig Database.doc	catalogue_note	false	true	false	8	false	false	false	false	low	use_for_catalogue_evidence	
frasch-ref-02227	PPA, p. 265	Bagan Epig Database.doc	catalogue_note	false	true	false	11	false	false	true	false	medium	use_for_catalogue_evidence	
frasch-ref-02228	TN, p. 121	Bagan Epig Database.doc	catalogue_note	false	true	false	10	false	false	true	false	medium	use_for_catalogue_evidence	
frasch-ref-02229	Pl. II 216	Bagan Epig Database.doc	catalogue_note	false	true	false	10	false	false	false	false	low	use_for_catalogue_evidence	
frasch-ref-02230	OBI 3, p. 28	Bagan Epig Database.doc	catalogue_note	false	true	false	12	false	false	true	false	medium	use_for_catalogue_evidence	
frasch-ref-02231	SIP no. 38, p. 93	Bagan Epig Database.doc	catalogue_note	false	true	false	17	false	false	true	false	medium	use_for_catalogue_evidence	
frasch-ref-02232	List 311	Bagan Epig Database.doc	catalogue_note	false	true	false	8	false	false	false	false	low	use_for_catalogue_evidence	
frasch-ref-02233	PPA, p. 266	Bagan Epig Database.doc	catalogue_note	false	true	false	11	false	false	true	false	medium	use_for_catalogue_evidence	
frasch-ref-02234	TN, p. 121	Bagan Epig Database.doc	catalogue_note	false	true	false	10	false	false	true	false	medium	use_for_catalogue_evidence	
frasch-ref-02235	partly in Ray, Theravada Buddhism, p. 162	Bagan Epig Database.doc	unclear	false	false	false	41	false	false	true	false	low	manual_review	
frasch-ref-02236	Anthology 5, p. 97	Bagan Epig Database.doc	unclear	false	false	false	18	false	false	true	false	low	manual_review	
frasch-ref-02237	Pl. II 218b	Bagan Epig Database.doc	catalogue_note	false	true	false	11	false	false	false	false	low	use_for_catalogue_evidence	
frasch-ref-02238	OBI 3, p. 33 and OBI 5, p. 110 (with date CS 878/1516)	Bagan Epig Database.doc	catalogue_note	false	true	false	54	false	true	true	false	medium	use_for_catalogue_evidence	
frasch-ref-02239	Pl. IV 382	Bagan Epig Database.doc	catalogue_note	false	true	false	10	false	false	false	false	low	use_for_catalogue_evidence	
frasch-ref-02240	OBI 4, p. 191	Bagan Epig Database.doc	catalogue_note	false	true	false	13	false	false	true	false	medium	use_for_catalogue_evidence	
frasch-ref-02241	List 748	Bagan Epig Database.doc	catalogue_note	false	true	false	8	false	false	false	false	low	use_for_catalogue_evidence	
frasch-ref-02242	UB 1, p. 221	Bagan Epig Database.doc	catalogue_note	false	true	false	12	false	false	true	false	medium	use_for_catalogue_evidence	
frasch-ref-02243	Pl. IV 383a =OBI 3 p. 33	Bagan Epig Database.doc	catalogue_note	false	true	false	24	false	false	false	false	medium	use_for_catalogue_evidence	
frasch-ref-02244	Pl. V 509	Bagan Epig Database.doc	catalogue_note	false	true	false	9	false	false	false	false	low	use_for_catalogue_evidence	
frasch-ref-02245	OBI 4, p. 102	Bagan Epig Database.doc	catalogue_note	false	true	false	13	false	false	true	false	medium	use_for_catalogue_evidence	
frasch-ref-02246	Pl. II 217 and Pl. II 218a	Bagan Epig Database.doc	catalogue_note	false	true	false	26	false	false	false	false	low	use_for_catalogue_evidence	
frasch-ref-02247	OBI 3, p. 35	Bagan Epig Database.doc	catalogue_note	false	true	false	12	false	false	true	false	medium	use_for_catalogue_evidence	
frasch-ref-02248	List 278b (?)	Bagan Epig Database.doc	catalogue_note	false	true	false	13	false	false	false	false	low	use_for_catalogue_evidence	
frasch-ref-02249	Pl. II 219 a+b	Bagan Epig Database.doc	catalogue_note	false	true	false	14	false	false	false	false	low	use_for_catalogue_evidence	
frasch-ref-02250	OBI 3, p. 37	Bagan Epig Database.doc	catalogue_note	false	true	false	12	false	false	true	false	medium	use_for_catalogue_evidence	
frasch-ref-02251	SIP no. 34, p. 83	Bagan Epig Database.doc	catalogue_note	false	true	false	17	false	false	true	false	medium	use_for_catalogue_evidence	
frasch-ref-02252	List 314a+b	Bagan Epig Database.doc	catalogue_note	false	true	false	11	false	false	false	false	low	use_for_catalogue_evidence	
frasch-ref-02253	UB 1, p. 222-4	Bagan Epig Database.doc	catalogue_note	false	true	false	14	false	false	true	false	medium	use_for_catalogue_evidence	
frasch-ref-02254	U Min Hswe, no. 19	Bagan Epig Database.doc	bibliographic_reference	true	false	false	18	true	false	true	false	medium	use_for_bibliography	
frasch-ref-02255	Myaketu, Nandhale Hmattan, p. 29-30	Bagan Epig Database.doc	bibliographic_reference	true	false	false	35	true	false	true	false	medium	use_for_bibliography	
frasch-ref-02256	Pl. II 220-221	Bagan Epig Database.doc	catalogue_note	false	true	false	14	false	false	false	false	low	use_for_catalogue_evidence	
frasch-ref-02257	OBI 3, p. 39	Bagan Epig Database.doc	catalogue_note	false	true	false	12	false	false	true	false	medium	use_for_catalogue_evidence	
frasch-ref-02258	Pl. II 222a+b	Bagan Epig Database.doc	catalogue_note	false	true	false	13	false	false	false	false	low	use_for_catalogue_evidence	
frasch-ref-02259	OBI 3, p. 43-45	Bagan Epig Database.doc	catalogue_note	false	true	false	15	false	false	true	false	medium	use_for_catalogue_evidence	
frasch-ref-02260	copy List 316-317	Bagan Epig Database.doc	unclear	false	false	false	17	false	false	false	false	low	manual_review	
frasch-ref-02261	B 2, p. 645-646	Bagan Epig Database.doc	catalogue_note	false	true	false	15	false	false	true	false	medium	use_for_catalogue_evidence	
frasch-ref-02262	List 318-319	Bagan Epig Database.doc	catalogue_note	false	true	false	12	false	false	false	false	low	use_for_catalogue_evidence	
frasch-ref-02263	B 2, p. 609-611	Bagan Epig Database.doc	catalogue_note	false	true	false	15	false	false	true	false	medium	use_for_catalogue_evidence	
frasch-ref-02264	Pl. II 223a	Bagan Epig Database.doc	catalogue_note	false	true	false	11	false	false	false	false	low	use_for_catalogue_evidence	
frasch-ref-02265	OBI 3, p. 46	Bagan Epig Database.doc	catalogue_note	false	true	false	12	false	false	true	false	medium	use_for_catalogue_evidence	
frasch-ref-02266	Pl. III 223b	Bagan Epig Database.doc	catalogue_note	false	true	false	12	false	false	false	false	low	use_for_catalogue_evidence	
frasch-ref-02267	OBI 3, p. 47	Bagan Epig Database.doc	catalogue_note	false	true	false	12	false	false	true	false	medium	use_for_catalogue_evidence	
frasch-ref-02268	List 323	Bagan Epig Database.doc	catalogue_note	false	true	false	8	false	false	false	false	low	use_for_catalogue_evidence	
frasch-ref-02269	PPA, p. 269	Bagan Epig Database.doc	catalogue_note	false	true	false	11	false	false	true	false	medium	use_for_catalogue_evidence	
frasch-ref-02270	TN, p. 124	Bagan Epig Database.doc	catalogue_note	false	true	false	10	false	false	true	false	medium	use_for_catalogue_evidence	
frasch-ref-02271	OBI 3, p. 49	Bagan Epig Database.doc	catalogue_note	false	true	false	12	false	false	true	false	medium	use_for_catalogue_evidence	
frasch-ref-02272	RDASB 1973	Bagan Epig Database.doc	unclear	false	false	false	10	false	true	false	true	low	manual_review	
frasch-ref-02273	U Min Hswe, no. 39	Bagan Epig Database.doc	bibliographic_reference	true	false	false	18	true	false	true	false	medium	use_for_bibliography	
frasch-ref-02274	Pl. V 587a	Bagan Epig Database.doc	catalogue_note	false	true	false	10	false	false	false	false	low	use_for_catalogue_evidence	
frasch-ref-02275	OBI 3, p. 51	Bagan Epig Database.doc	catalogue_note	false	true	false	12	false	false	true	false	medium	use_for_catalogue_evidence	
frasch-ref-02276	Luce J 2489	Bagan Epig Database.doc	catalogue_note	false	true	false	11	false	false	false	false	low	use_for_catalogue_evidence	
frasch-ref-02277	Pl. II 224	Bagan Epig Database.doc	catalogue_note	false	true	false	10	false	false	false	false	low	use_for_catalogue_evidence	
frasch-ref-02278	OBI 3, p. 52	Bagan Epig Database.doc	catalogue_note	false	true	false	12	false	false	true	false	medium	use_for_catalogue_evidence	
frasch-ref-02279	List 322	Bagan Epig Database.doc	catalogue_note	false	true	false	8	false	false	false	false	low	use_for_catalogue_evidence	
frasch-ref-02280	UB 1, p. 302	Bagan Epig Database.doc	catalogue_note	false	true	false	12	false	false	true	false	medium	use_for_catalogue_evidence	
frasch-ref-02281	Pl. V 571a	Bagan Epig Database.doc	catalogue_note	false	true	false	10	false	false	false	false	low	use_for_catalogue_evidence	
frasch-ref-02282	OBI 3, p. 48	Bagan Epig Database.doc	catalogue_note	false	true	false	12	false	false	true	false	medium	use_for_catalogue_evidence	
frasch-ref-02283	List 315	Bagan Epig Database.doc	catalogue_note	false	true	false	8	false	false	false	false	low	use_for_catalogue_evidence	
frasch-ref-02284	B 2, p. 791	Bagan Epig Database.doc	catalogue_note	false	true	false	11	false	false	true	false	medium	use_for_catalogue_evidence	
frasch-ref-02285	List 321	Bagan Epig Database.doc	catalogue_note	false	true	false	8	false	false	false	false	low	use_for_catalogue_evidence	
frasch-ref-02286	B 1, p. 419	Bagan Epig Database.doc	catalogue_note	false	true	false	11	false	false	true	false	medium	use_for_catalogue_evidence	
frasch-ref-02287	MM 4, no. 42-44, p 196-204	Bagan Epig Database.doc	catalogue_note	false	true	false	26	false	false	true	false	low	use_for_catalogue_evidence	
frasch-ref-02288	Pl. II 225	Bagan Epig Database.doc	catalogue_note	false	true	false	10	false	false	false	false	low	use_for_catalogue_evidence	
frasch-ref-02289	OBI 3, p. 53	Bagan Epig Database.doc	catalogue_note	false	true	false	12	false	false	true	false	medium	use_for_catalogue_evidence	
frasch-ref-02290	Frasch, “Coastal Peripheries”, p. 74	Bagan Epig Database.doc	bibliographic_reference	true	false	false	36	true	false	true	false	medium	use_for_bibliography	
frasch-ref-02291	Pl. III 227	Bagan Epig Database.doc	catalogue_note	false	true	false	11	false	false	false	false	low	use_for_catalogue_evidence	
frasch-ref-02292	OBI 3, p. 56	Bagan Epig Database.doc	catalogue_note	false	true	false	12	false	false	true	false	medium	use_for_catalogue_evidence	
frasch-ref-02293	List 327	Bagan Epig Database.doc	catalogue_note	false	true	false	8	false	false	false	false	low	use_for_catalogue_evidence	
frasch-ref-02294	A, p. 110	Bagan Epig Database.doc	catalogue_note	false	true	false	9	false	false	true	false	medium	use_for_catalogue_evidence	
frasch-ref-02295	Pl. III 228a	Bagan Epig Database.doc	catalogue_note	false	true	false	12	false	false	false	false	low	use_for_catalogue_evidence	
frasch-ref-02296	OBI 3, p. 57	Bagan Epig Database.doc	catalogue_note	false	true	false	12	false	false	true	false	medium	use_for_catalogue_evidence	
frasch-ref-02297	Pl. III 234	Bagan Epig Database.doc	catalogue_note	false	true	false	11	false	false	false	false	low	use_for_catalogue_evidence	
frasch-ref-02298	OBI 3, p. 58	Bagan Epig Database.doc	catalogue_note	false	true	false	12	false	false	true	false	medium	use_for_catalogue_evidence	
frasch-ref-02299	SIP no. 40, p. 86	Bagan Epig Database.doc	catalogue_note	false	true	false	17	false	false	true	false	medium	use_for_catalogue_evidence	
frasch-ref-02300	List 325	Bagan Epig Database.doc	catalogue_note	false	true	false	8	false	false	false	false	low	use_for_catalogue_evidence	
frasch-ref-02301	PPA, p. 262	Bagan Epig Database.doc	catalogue_note	false	true	false	11	false	false	true	false	medium	use_for_catalogue_evidence	
frasch-ref-02302	TN, p. 120	Bagan Epig Database.doc	catalogue_note	false	true	false	10	false	false	true	false	medium	use_for_catalogue_evidence	
frasch-ref-02303	Ray, Theravada Buddhism, p. 165	Bagan Epig Database.doc	bibliographic_reference	true	false	false	31	true	false	true	false	medium	use_for_bibliography	
frasch-ref-02304	An- thology 5, p. 94 (with date CS 617/1255)	Bagan Epig Database.doc	unclear	false	false	false	44	false	true	true	false	low	manual_review	
frasch-ref-02305	List 324	Bagan Epig Database.doc	catalogue_note	false	true	false	8	false	false	false	false	low	use_for_catalogue_evidence	
frasch-ref-02306	B 2, p. 708	Bagan Epig Database.doc	catalogue_note	false	true	false	11	false	false	true	false	medium	use_for_catalogue_evidence	
frasch-ref-02307	MM 4, no. 35, p. 157	Bagan Epig Database.doc	catalogue_note	false	true	false	20	false	false	true	false	medium	use_for_catalogue_evidence	
frasch-ref-02308	Thomann, Pagan, p. 76-78	Bagan Epig Database.doc	bibliographic_reference	true	false	false	24	true	false	true	false	medium	use_for_bibliography	
frasch-ref-02309	Pl. II 200 + Pl. II 201a	Bagan Epig Database.doc	catalogue_note	false	true	false	24	false	false	false	false	low	use_for_catalogue_evidence	
frasch-ref-02310	OBI 3, p. 62	Bagan Epig Database.doc	catalogue_note	false	true	false	12	false	false	true	false	medium	use_for_catalogue_evidence	
frasch-ref-02311	SIP no. 37, p. 89	Bagan Epig Database.doc	catalogue_note	false	true	false	17	false	false	true	false	medium	use_for_catalogue_evidence	
frasch-ref-02312	List 303 a+b	Bagan Epig Database.doc	catalogue_note	false	true	false	12	false	false	false	false	low	use_for_catalogue_evidence	
frasch-ref-02313	UB 2, p. 200	Bagan Epig Database.doc	catalogue_note	false	true	false	12	false	false	true	false	medium	use_for_catalogue_evidence	
frasch-ref-02314	List 516	Bagan Epig Database.doc	catalogue_note	false	true	false	8	false	false	false	false	low	use_for_catalogue_evidence	
frasch-ref-02315	B 1, p. 106	Bagan Epig Database.doc	catalogue_note	false	true	false	11	false	false	true	false	medium	use_for_catalogue_evidence	
frasch-ref-02316	Pl. IV 395 (l. 1-18)	Bagan Epig Database.doc	catalogue_note	false	true	false	20	false	false	false	false	low	use_for_catalogue_evidence	
frasch-ref-02317	OBI 3, p. 206	Bagan Epig Database.doc	catalogue_note	false	true	false	13	false	false	true	false	medium	use_for_catalogue_evidence	
frasch-ref-02318	SIP no. 51, p. 143	Bagan Epig Database.doc	catalogue_note	false	true	false	18	false	false	true	false	medium	use_for_catalogue_evidence	
frasch-ref-02319	List 417	Bagan Epig Database.doc	catalogue_note	false	true	false	8	false	false	false	false	low	use_for_catalogue_evidence	
frasch-ref-02320	PPA, p. 293	Bagan Epig Database.doc	catalogue_note	false	true	false	11	false	false	true	false	medium	use_for_catalogue_evidence	
frasch-ref-02321	List 326	Bagan Epig Database.doc	catalogue_note	false	true	false	8	false	false	false	false	low	use_for_catalogue_evidence	
frasch-ref-02322	A, p. 111	Bagan Epig Database.doc	catalogue_note	false	true	false	9	false	false	true	false	medium	use_for_catalogue_evidence	
frasch-ref-02323	Luce	Bagan Epig Database.doc	unclear	false	false	false	4	false	false	false	false	low	manual_review	
frasch-ref-02324	List 328	Bagan Epig Database.doc	catalogue_note	false	true	false	8	false	false	false	false	low	use_for_catalogue_evidence	
frasch-ref-02325	OBI 1, p. 35	Bagan Epig Database.doc	catalogue_note	false	true	false	12	false	false	true	false	medium	use_for_catalogue_evidence	
frasch-ref-02326	A, p. 107	Bagan Epig Database.doc	catalogue_note	false	true	false	9	false	false	true	false	medium	use_for_catalogue_evidence	
frasch-ref-02327	Pl. II 228b	Bagan Epig Database.doc	catalogue_note	false	true	false	11	false	false	false	false	low	use_for_catalogue_evidence	
frasch-ref-02328	OBI 3, p. 65	Bagan Epig Database.doc	catalogue_note	false	true	false	12	false	false	true	false	medium	use_for_catalogue_evidence	
frasch-ref-02329	SIP no. 42, p. 110	Bagan Epig Database.doc	catalogue_note	false	true	false	18	false	false	true	false	medium	use_for_catalogue_evidence	
frasch-ref-02330	List 329	Bagan Epig Database.doc	catalogue_note	false	true	false	8	false	false	false	false	low	use_for_catalogue_evidence	
frasch-ref-02331	PPA, p. 313	Bagan Epig Database.doc	catalogue_note	false	true	false	11	false	false	true	false	medium	use_for_catalogue_evidence	
frasch-ref-02332	TN, p. 144	Bagan Epig Database.doc	catalogue_note	false	true	false	10	false	false	true	false	medium	use_for_catalogue_evidence	
frasch-ref-02333	Pl. III 229	Bagan Epig Database.doc	catalogue_note	false	true	false	11	false	false	false	false	low	use_for_catalogue_evidence	
frasch-ref-02334	OBI 3, p. 66	Bagan Epig Database.doc	catalogue_note	false	true	false	12	false	false	true	false	medium	use_for_catalogue_evidence	
frasch-ref-02335	List 330	Bagan Epig Database.doc	catalogue_note	false	true	false	8	false	false	false	false	low	use_for_catalogue_evidence	
frasch-ref-02336	UB 1, p. 219, U Min Hswe, no. 71	Bagan Epig Database.doc	catalogue_note	false	true	false	32	false	false	true	false	medium	use_for_catalogue_evidence	
frasch-ref-02337	Pl. III 230	Bagan Epig Database.doc	catalogue_note	false	true	false	11	false	false	false	false	low	use_for_catalogue_evidence	
frasch-ref-02338	OBI 4, p. 171	Bagan Epig Database.doc	catalogue_note	false	true	false	13	false	false	true	false	medium	use_for_catalogue_evidence	
frasch-ref-02339	List 284	Bagan Epig Database.doc	catalogue_note	false	true	false	8	false	false	false	false	low	use_for_catalogue_evidence	
frasch-ref-02340	A, p. 88	Bagan Epig Database.doc	catalogue_note	false	true	false	8	false	false	true	false	medium	use_for_catalogue_evidence	
frasch-ref-02341	Pl. III 231a	Bagan Epig Database.doc	catalogue_note	false	true	false	12	false	false	false	false	low	use_for_catalogue_evidence	
frasch-ref-02342	OBI 3, p. 68	Bagan Epig Database.doc	catalogue_note	false	true	false	12	false	false	true	false	medium	use_for_catalogue_evidence	
frasch-ref-02343	List 331	Bagan Epig Database.doc	catalogue_note	false	true	false	8	false	false	false	false	low	use_for_catalogue_evidence	
frasch-ref-02344	A, p. 112	Bagan Epig Database.doc	catalogue_note	false	true	false	9	false	false	true	false	medium	use_for_catalogue_evidence	
frasch-ref-02345	MP, p. 163	Bagan Epig Database.doc	catalogue_note	false	true	false	10	false	false	true	false	medium	use_for_catalogue_evidence	
frasch-ref-02346	Goonatilake, JRASSL 2009, p. 95	Bagan Epig Database.doc	bibliographic_reference	true	false	false	31	true	true	true	true	high	use_for_bibliography	
frasch-ref-02347	picture in file (2013)	Bagan Epig Database.doc	unclear	false	false	false	22	false	true	false	false	low	manual_review	
frasch-ref-02348	Pl. III 231b	Bagan Epig Database.doc	catalogue_note	false	true	false	12	false	false	false	false	low	use_for_catalogue_evidence	
frasch-ref-02349	OBI 3, p. 68	Bagan Epig Database.doc	catalogue_note	false	true	false	12	false	false	true	false	medium	use_for_catalogue_evidence	
frasch-ref-02350	SIP no. 30, p. 70	Bagan Epig Database.doc	catalogue_note	false	true	false	17	false	false	true	false	medium	use_for_catalogue_evidence	
frasch-ref-02351	List 333	Bagan Epig Database.doc	catalogue_note	false	true	false	8	false	false	false	false	low	use_for_catalogue_evidence	
frasch-ref-02352	PPA, p. 98	Bagan Epig Database.doc	catalogue_note	false	true	false	10	false	false	true	false	medium	use_for_catalogue_evidence	
frasch-ref-02353	TN, p. 51	Bagan Epig Database.doc	catalogue_note	false	true	false	9	false	false	true	false	medium	use_for_catalogue_evidence	
frasch-ref-02354	U Min Hswe, no. 14	Bagan Epig Database.doc	bibliographic_reference	true	false	false	18	true	false	true	false	medium	use_for_bibliography	
frasch-ref-02355	Pl. III 232	Bagan Epig Database.doc	catalogue_note	false	true	false	11	false	false	false	false	low	use_for_catalogue_evidence	
frasch-ref-02356	OBI 3, p. 70	Bagan Epig Database.doc	catalogue_note	false	true	false	12	false	false	true	false	medium	use_for_catalogue_evidence	
frasch-ref-02357	SIP no. 39, p. 95	Bagan Epig Database.doc	catalogue_note	false	true	false	17	false	false	true	false	medium	use_for_catalogue_evidence	
frasch-ref-02358	RDASB 1926, p. 26, and app. G, no. 1	Bagan Epig Database.doc	unclear	false	false	false	36	false	true	true	true	low	manual_review	
frasch-ref-02359	Pl. III 233	Bagan Epig Database.doc	catalogue_note	false	true	false	11	false	false	false	false	low	use_for_catalogue_evidence	
frasch-ref-02360	OBI 3, p. 72	Bagan Epig Database.doc	catalogue_note	false	true	false	12	false	false	true	false	medium	use_for_catalogue_evidence	
frasch-ref-02361	List 332b	Bagan Epig Database.doc	catalogue_note	false	true	false	9	false	false	false	false	low	use_for_catalogue_evidence	
frasch-ref-02362	UB 1, p. 212	Bagan Epig Database.doc	catalogue_note	false	true	false	12	false	false	true	false	medium	use_for_catalogue_evidence	
frasch-ref-02363	Pl. III 240	Bagan Epig Database.doc	catalogue_note	false	true	false	11	false	false	false	false	low	use_for_catalogue_evidence	
frasch-ref-02364	OBI 3, p. 73	Bagan Epig Database.doc	catalogue_note	false	true	false	12	false	false	true	false	medium	use_for_catalogue_evidence	
frasch-ref-02365	List 344b	Bagan Epig Database.doc	catalogue_note	false	true	false	9	false	false	false	false	low	use_for_catalogue_evidence	
frasch-ref-02366	PPA, p. 257	Bagan Epig Database.doc	catalogue_note	false	true	false	11	false	false	true	false	medium	use_for_catalogue_evidence	
frasch-ref-02367	Pl. III 235	Bagan Epig Database.doc	catalogue_note	false	true	false	11	false	false	false	false	low	use_for_catalogue_evidence	
frasch-ref-02368	OBI 3, p. 74	Bagan Epig Database.doc	catalogue_note	false	true	false	12	false	false	true	false	medium	use_for_catalogue_evidence	
frasch-ref-02369	SIP no. 40, p. 101	Bagan Epig Database.doc	catalogue_note	false	true	false	18	false	false	true	false	medium	use_for_catalogue_evidence	
frasch-ref-02370	List 334	Bagan Epig Database.doc	catalogue_note	false	true	false	8	false	false	false	false	low	use_for_catalogue_evidence	
frasch-ref-02371	PPA, p. 274	Bagan Epig Database.doc	catalogue_note	false	true	false	11	false	false	true	false	medium	use_for_catalogue_evidence	
frasch-ref-02372	TN, p. 126	Bagan Epig Database.doc	catalogue_note	false	true	false	10	false	false	true	false	medium	use_for_catalogue_evidence	
frasch-ref-02373	Pl. III 236a	Bagan Epig Database.doc	catalogue_note	false	true	false	12	false	false	false	false	low	use_for_catalogue_evidence	
frasch-ref-02374	OBI 3, p. 78	Bagan Epig Database.doc	catalogue_note	false	true	false	12	false	false	true	false	medium	use_for_catalogue_evidence	
frasch-ref-02375	List 342	Bagan Epig Database.doc	catalogue_note	false	true	false	8	false	false	false	false	low	use_for_catalogue_evidence	
frasch-ref-02376	A, p. 115	Bagan Epig Database.doc	catalogue_note	false	true	false	9	false	false	true	false	medium	use_for_catalogue_evidence	
frasch-ref-02377	MP, p. 147	Bagan Epig Database.doc	catalogue_note	false	true	false	10	false	false	true	false	medium	use_for_catalogue_evidence	
frasch-ref-02378	Pl. III 236b	Bagan Epig Database.doc	catalogue_note	false	true	false	12	false	false	false	false	low	use_for_catalogue_evidence	
frasch-ref-02379	OBI 3, p. 78	Bagan Epig Database.doc	catalogue_note	false	true	false	12	false	false	true	false	medium	use_for_catalogue_evidence	
frasch-ref-02380	List 343	Bagan Epig Database.doc	catalogue_note	false	true	false	8	false	false	false	false	low	use_for_catalogue_evidence	
frasch-ref-02381	A, p. 116	Bagan Epig Database.doc	catalogue_note	false	true	false	9	false	false	true	false	medium	use_for_catalogue_evidence	
frasch-ref-02382	MP, p. 151	Bagan Epig Database.doc	catalogue_note	false	true	false	10	false	false	true	false	medium	use_for_catalogue_evidence	
frasch-ref-02383	Pl. III 237	Bagan Epig Database.doc	catalogue_note	false	true	false	11	false	false	false	false	low	use_for_catalogue_evidence	
frasch-ref-02384	OBI 3, p. 79	Bagan Epig Database.doc	catalogue_note	false	true	false	12	false	false	true	false	medium	use_for_catalogue_evidence	
frasch-ref-02385	List 339	Bagan Epig Database.doc	catalogue_note	false	true	false	8	false	false	false	false	low	use_for_catalogue_evidence	
frasch-ref-02386	UB 2, p. 205	Bagan Epig Database.doc	catalogue_note	false	true	false	12	false	false	true	false	medium	use_for_catalogue_evidence	
frasch-ref-02387	Pl. III 238	Bagan Epig Database.doc	catalogue_note	false	true	false	11	false	false	false	false	low	use_for_catalogue_evidence	
frasch-ref-02388	OBI 3, p. 80	Bagan Epig Database.doc	catalogue_note	false	true	false	12	false	false	true	false	medium	use_for_catalogue_evidence	
frasch-ref-02389	List 340	Bagan Epig Database.doc	catalogue_note	false	true	false	8	false	false	false	false	low	use_for_catalogue_evidence	
frasch-ref-02390	A, p. 114	Bagan Epig Database.doc	catalogue_note	false	true	false	9	false	false	true	false	medium	use_for_catalogue_evidence	
frasch-ref-02391	MP, p. 155	Bagan Epig Database.doc	catalogue_note	false	true	false	10	false	false	true	false	medium	use_for_catalogue_evidence	
frasch-ref-02392	Pl. IV 384	Bagan Epig Database.doc	catalogue_note	false	true	false	10	false	false	false	false	low	use_for_catalogue_evidence	
frasch-ref-02393	OBI 3, p. 81	Bagan Epig Database.doc	catalogue_note	false	true	false	12	false	false	true	false	medium	use_for_catalogue_evidence	
frasch-ref-02394	List 336	Bagan Epig Database.doc	catalogue_note	false	true	false	8	false	false	false	false	low	use_for_catalogue_evidence	
frasch-ref-02395	B 2, p. 916	Bagan Epig Database.doc	catalogue_note	false	true	false	11	false	false	true	false	medium	use_for_catalogue_evidence	
frasch-ref-02396	List 341	Bagan Epig Database.doc	catalogue_note	false	true	false	8	false	false	false	false	low	use_for_catalogue_evidence	
frasch-ref-02397	B 1, p. 96	Bagan Epig Database.doc	catalogue_note	false	true	false	10	false	false	true	false	medium	use_for_catalogue_evidence	
frasch-ref-02398	MM 4, no. 52, p. 235	Bagan Epig Database.doc	catalogue_note	false	true	false	20	false	false	true	false	medium	use_for_catalogue_evidence	
frasch-ref-02399	Than Tun, Hnaung-dwe, no. 20, p. 62	Bagan Epig Database.doc	bibliographic_reference	true	false	false	35	true	false	true	false	medium	use_for_bibliography	
frasch-ref-02400	U Min Hswe, no. 72	Bagan Epig Database.doc	bibliographic_reference	true	false	false	18	true	false	true	false	medium	use_for_bibliography	
frasch-ref-02401	U Than Tun, Hnaung-dwe, no. 21, p. 64	Bagan Epig Database.doc	bibliographic_reference	true	false	false	37	true	false	true	false	medium	use_for_bibliography	
frasch-ref-02402	U Min Hswe, no. 79	Bagan Epig Database.doc	bibliographic_reference	true	false	false	18	true	false	true	false	medium	use_for_bibliography	
frasch-ref-02403	reading from stone (16 May 13)	Bagan Epig Database.doc	unclear	false	false	false	30	false	false	false	false	low	manual_review	
frasch-ref-02404	Pl. III 239	Bagan Epig Database.doc	catalogue_note	false	true	false	11	false	false	false	false	low	use_for_catalogue_evidence	
frasch-ref-02405	OBI 3, p. 83	Bagan Epig Database.doc	catalogue_note	false	true	false	12	false	false	true	false	medium	use_for_catalogue_evidence	
frasch-ref-02406	SIP no. 31, p. 72	Bagan Epig Database.doc	catalogue_note	false	true	false	17	false	false	true	false	medium	use_for_catalogue_evidence	
frasch-ref-02407	List 344a	Bagan Epig Database.doc	catalogue_note	false	true	false	9	false	false	false	false	low	use_for_catalogue_evidence	
frasch-ref-02408	PPA p. 255	Bagan Epig Database.doc	catalogue_note	false	true	false	10	false	false	false	false	medium	use_for_catalogue_evidence	
frasch-ref-02409	TN, p. 116	Bagan Epig Database.doc	catalogue_note	false	true	false	10	false	false	true	false	medium	use_for_catalogue_evidence	
frasch-ref-02410	Pl. III 241	Bagan Epig Database.doc	catalogue_note	false	true	false	11	false	false	false	false	low	use_for_catalogue_evidence	
frasch-ref-02411	OBI 3, p. 85	Bagan Epig Database.doc	catalogue_note	false	true	false	12	false	false	true	false	medium	use_for_catalogue_evidence	
frasch-ref-02412	List 335	Bagan Epig Database.doc	catalogue_note	false	true	false	8	false	false	false	false	low	use_for_catalogue_evidence	
frasch-ref-02413	A, p. 113	Bagan Epig Database.doc	catalogue_note	false	true	false	9	false	false	true	false	medium	use_for_catalogue_evidence	
frasch-ref-02414	MP 1, p. 159	Bagan Epig Database.doc	catalogue_note	false	true	false	12	false	false	true	false	medium	use_for_catalogue_evidence	
frasch-ref-02415	copy List 28 (dated CS 433/ 1071)	Bagan Epig Database.doc	unclear	false	false	false	33	false	true	false	false	low	manual_review	
frasch-ref-02416	B 2, p. 887	Bagan Epig Database.doc	catalogue_note	false	true	false	11	false	false	true	false	medium	use_for_catalogue_evidence	
frasch-ref-02417	MM 1, no. 13, p. 117	Bagan Epig Database.doc	catalogue_note	false	true	false	20	false	false	true	false	medium	use_for_catalogue_evidence	
frasch-ref-02418	Pl. III 242	Bagan Epig Database.doc	catalogue_note	false	true	false	11	false	false	false	false	low	use_for_catalogue_evidence	
frasch-ref-02419	OBI 3, p. 87	Bagan Epig Database.doc	catalogue_note	false	true	false	12	false	false	true	false	medium	use_for_catalogue_evidence	
frasch-ref-02420	Pl. III 243	Bagan Epig Database.doc	catalogue_note	false	true	false	11	false	false	false	false	low	use_for_catalogue_evidence	
frasch-ref-02421	OBI 3, p. 89	Bagan Epig Database.doc	catalogue_note	false	true	false	12	false	false	true	false	medium	use_for_catalogue_evidence	
frasch-ref-02422	List 345	Bagan Epig Database.doc	catalogue_note	false	true	false	8	false	false	false	false	low	use_for_catalogue_evidence	
frasch-ref-02423	PPA, p. 277	Bagan Epig Database.doc	catalogue_note	false	true	false	11	false	false	true	false	medium	use_for_catalogue_evidence	
frasch-ref-02424	TN, p. 128	Bagan Epig Database.doc	catalogue_note	false	true	false	10	false	false	true	false	medium	use_for_catalogue_evidence	
frasch-ref-02425	Pl. IV 385a	Bagan Epig Database.doc	catalogue_note	false	true	false	11	false	false	false	false	low	use_for_catalogue_evidence	
frasch-ref-02426	OBI 3, p. 90	Bagan Epig Database.doc	catalogue_note	false	true	false	12	false	false	true	false	medium	use_for_catalogue_evidence	
frasch-ref-02427	Pl. V 481a	Bagan Epig Database.doc	catalogue_note	false	true	false	10	false	false	false	false	low	use_for_catalogue_evidence	
frasch-ref-02428	OBI 4, p. 73	Bagan Epig Database.doc	catalogue_note	false	true	false	12	false	false	true	false	medium	use_for_catalogue_evidence	
frasch-ref-02429	Pl. IV 387b	Bagan Epig Database.doc	catalogue_note	false	true	false	11	false	false	false	false	low	use_for_catalogue_evidence	
frasch-ref-02430	ed./tr. Frasch, ‘Coas- tal Peripheries’, p. 74-75	Bagan Epig Database.doc	unclear	false	false	false	49	false	false	true	false	low	manual_review	
frasch-ref-02431	Pl. III 244	Bagan Epig Database.doc	catalogue_note	false	true	false	11	false	false	false	false	low	use_for_catalogue_evidence	
frasch-ref-02432	OBI 3, p. 92	Bagan Epig Database.doc	catalogue_note	false	true	false	12	false	false	true	false	medium	use_for_catalogue_evidence	
frasch-ref-02433	List 349	Bagan Epig Database.doc	catalogue_note	false	true	false	8	false	false	false	false	low	use_for_catalogue_evidence	
frasch-ref-02434	PPA, p. 193	Bagan Epig Database.doc	catalogue_note	false	true	false	11	false	false	true	false	medium	use_for_catalogue_evidence	
frasch-ref-02435	TN, p. 92	Bagan Epig Database.doc	catalogue_note	false	true	false	9	false	false	true	false	medium	use_for_catalogue_evidence	
frasch-ref-02436	U Min Hswe, no. 61	Bagan Epig Database.doc	bibliographic_reference	true	false	false	18	true	false	true	false	medium	use_for_bibliography	
frasch-ref-02437	Pl. III 245a	Bagan Epig Database.doc	catalogue_note	false	true	false	12	false	false	false	false	low	use_for_catalogue_evidence	
frasch-ref-02438	OBI 3, p. 94	Bagan Epig Database.doc	catalogue_note	false	true	false	12	false	false	true	false	medium	use_for_catalogue_evidence	
frasch-ref-02439	copy List 347	Bagan Epig Database.doc	unclear	false	false	false	13	false	false	false	false	low	manual_review	
frasch-ref-02440	B 2, p. 927	Bagan Epig Database.doc	catalogue_note	false	true	false	11	false	false	true	false	medium	use_for_catalogue_evidence	
frasch-ref-02441	MM 4, no. 58, p. 253	Bagan Epig Database.doc	catalogue_note	false	true	false	20	false	false	true	false	medium	use_for_catalogue_evidence	
frasch-ref-02442	Pl. II 246 (second inscr.)	Bagan Epig Database.doc	catalogue_note	false	true	false	26	false	false	false	false	low	use_for_catalogue_evidence	
frasch-ref-02443	OBI 3, p. 95	Bagan Epig Database.doc	catalogue_note	false	true	false	12	false	false	true	false	medium	use_for_catalogue_evidence	
frasch-ref-02444	List 351	Bagan Epig Database.doc	catalogue_note	false	true	false	8	false	false	false	false	low	use_for_catalogue_evidence	
frasch-ref-02445	PPA, p. 295	Bagan Epig Database.doc	catalogue_note	false	true	false	11	false	false	true	false	medium	use_for_catalogue_evidence	
frasch-ref-02446	TN, p. 136	Bagan Epig Database.doc	catalogue_note	false	true	false	10	false	false	true	false	medium	use_for_catalogue_evidence	
frasch-ref-02447	copies List 402	Bagan Epig Database.doc	unclear	false	false	false	15	false	false	false	false	low	manual_review	
frasch-ref-02448	B 2, p. 819	Bagan Epig Database.doc	catalogue_note	false	true	false	11	false	false	true	false	medium	use_for_catalogue_evidence	
frasch-ref-02449	MM 4, no. 40, p. 1186 (third inscr.) and List 453 (second inscr.)	Bagan Epig Database.doc	catalogue_note	false	true	false	65	false	true	true	false	medium	use_for_catalogue_evidence	
frasch-ref-02450	B 2, p. 827	Bagan Epig Database.doc	catalogue_note	false	true	false	11	false	false	true	false	medium	use_for_catalogue_evidence	
frasch-ref-02451	Pl. III 247	Bagan Epig Database.doc	catalogue_note	false	true	false	11	false	false	false	false	low	use_for_catalogue_evidence	
frasch-ref-02452	OBI 3, p. 97	Bagan Epig Database.doc	catalogue_note	false	true	false	12	false	false	true	false	medium	use_for_catalogue_evidence	
frasch-ref-02453	List 352	Bagan Epig Database.doc	catalogue_note	false	true	false	8	false	false	false	false	low	use_for_catalogue_evidence	
frasch-ref-02454	PPA, p. 278	Bagan Epig Database.doc	catalogue_note	false	true	false	11	false	false	true	false	medium	use_for_catalogue_evidence	
frasch-ref-02455	TN, p. 128	Bagan Epig Database.doc	catalogue_note	false	true	false	10	false	false	true	false	medium	use_for_catalogue_evidence	
frasch-ref-02456	Pl. III 248	Bagan Epig Database.doc	catalogue_note	false	true	false	11	false	false	false	false	low	use_for_catalogue_evidence	
frasch-ref-02457	OBI 3, p. 100	Bagan Epig Database.doc	catalogue_note	false	true	false	13	false	false	true	false	medium	use_for_catalogue_evidence	
frasch-ref-02458	List 350	Bagan Epig Database.doc	catalogue_note	false	true	false	8	false	false	false	false	low	use_for_catalogue_evidence	
frasch-ref-02459	PPA, p. 96	Bagan Epig Database.doc	catalogue_note	false	true	false	10	false	false	true	false	medium	use_for_catalogue_evidence	
frasch-ref-02460	TN, p. 49	Bagan Epig Database.doc	catalogue_note	false	true	false	9	false	false	true	false	medium	use_for_catalogue_evidence	
frasch-ref-02461	Pl. II 250	Bagan Epig Database.doc	catalogue_note	false	true	false	10	false	false	false	false	low	use_for_catalogue_evidence	
frasch-ref-02462	OBI 3, p. 108	Bagan Epig Database.doc	catalogue_note	false	true	false	13	false	false	true	false	medium	use_for_catalogue_evidence	
frasch-ref-02463	SIP no. 43, p. 118	Bagan Epig Database.doc	catalogue_note	false	true	false	18	false	false	true	false	medium	use_for_catalogue_evidence	
frasch-ref-02464	List 354b	Bagan Epig Database.doc	catalogue_note	false	true	false	9	false	false	false	false	low	use_for_catalogue_evidence	
frasch-ref-02465	UB 1, p. 216	Bagan Epig Database.doc	catalogue_note	false	true	false	12	false	false	true	false	medium	use_for_catalogue_evidence	
frasch-ref-02466	List 402	Bagan Epig Database.doc	catalogue_note	false	true	false	8	false	false	false	false	low	use_for_catalogue_evidence	
frasch-ref-02467	B 2, p. 819	Bagan Epig Database.doc	catalogue_note	false	true	false	11	false	false	true	false	medium	use_for_catalogue_evidence	
frasch-ref-02468	MM 4, no. 40, p. 186 (second inscr.)	Bagan Epig Database.doc	catalogue_note	false	true	false	36	false	false	true	false	medium	use_for_catalogue_evidence	
frasch-ref-02469	List 353	Bagan Epig Database.doc	catalogue_note	false	true	false	8	false	false	false	false	low	use_for_catalogue_evidence	
frasch-ref-02470	A, p. 117-8	Bagan Epig Database.doc	catalogue_note	false	true	false	11	false	false	true	false	medium	use_for_catalogue_evidence	
frasch-ref-02471	Pl. III 245b	Bagan Epig Database.doc	catalogue_note	false	true	false	12	false	false	false	false	low	use_for_catalogue_evidence	
frasch-ref-02472	OBI 3, p. 102	Bagan Epig Database.doc	catalogue_note	false	true	false	13	false	false	true	false	medium	use_for_catalogue_evidence	
frasch-ref-02473	List 355	Bagan Epig Database.doc	catalogue_note	false	true	false	8	false	false	false	false	low	use_for_catalogue_evidence	
frasch-ref-02474	UB 1, p. 206	Bagan Epig Database.doc	catalogue_note	false	true	false	12	false	false	true	false	medium	use_for_catalogue_evidence	
frasch-ref-02475	Pl. III 249	Bagan Epig Database.doc	catalogue_note	false	true	false	11	false	false	false	false	low	use_for_catalogue_evidence	
frasch-ref-02476	OBI 3, p. 106	Bagan Epig Database.doc	catalogue_note	false	true	false	13	false	false	true	false	medium	use_for_catalogue_evidence	
frasch-ref-02477	SIP no. 43 p. 111	Bagan Epig Database.doc	catalogue_note	false	true	false	17	false	false	false	false	medium	use_for_catalogue_evidence	
frasch-ref-02478	List 354a+b	Bagan Epig Database.doc	catalogue_note	false	true	false	11	false	false	false	false	low	use_for_catalogue_evidence	
frasch-ref-02479	UB 1, p. 213	Bagan Epig Database.doc	catalogue_note	false	true	false	12	false	false	true	false	medium	use_for_catalogue_evidence	
frasch-ref-02480	Pl. III 251	Bagan Epig Database.doc	catalogue_note	false	true	false	11	false	false	false	false	low	use_for_catalogue_evidence	
frasch-ref-02481	OBI 3, p. 109	Bagan Epig Database.doc	catalogue_note	false	true	false	13	false	false	true	false	medium	use_for_catalogue_evidence	
frasch-ref-02482	Pl. II 253b	Bagan Epig Database.doc	catalogue_note	false	true	false	11	false	false	false	false	low	use_for_catalogue_evidence	
frasch-ref-02483	OBI 3, p. 109	Bagan Epig Database.doc	catalogue_note	false	true	false	13	false	false	true	false	medium	use_for_catalogue_evidence	
frasch-ref-02484	RSASB 1926, p. 26, and app. G, no. 9	Bagan Epig Database.doc	unclear	false	false	false	36	false	true	true	false	low	manual_review	
frasch-ref-02485	Pl. IV 386 and Pl. IV 387	Bagan Epig Database.doc	catalogue_note	false	true	false	25	false	false	false	false	low	use_for_catalogue_evidence	
frasch-ref-02486	OBI 3, p. 360-361	Bagan Epig Database.doc	catalogue_note	false	true	false	17	false	false	true	false	medium	use_for_catalogue_evidence	
frasch-ref-02487	List 375	Bagan Epig Database.doc	catalogue_note	false	true	false	8	false	false	false	false	low	use_for_catalogue_evidence	
frasch-ref-02488	B 1, p. 71	Bagan Epig Database.doc	catalogue_note	false	true	false	10	false	false	true	false	medium	use_for_catalogue_evidence	
frasch-ref-02489	MM no. 36, p. 330	Bagan Epig Database.doc	catalogue_note	false	true	false	17	false	false	true	false	medium	use_for_catalogue_evidence	
frasch-ref-02490	Pl. III 252-253a	Bagan Epig Database.doc	catalogue_note	false	true	false	16	false	false	false	false	low	use_for_catalogue_evidence	
frasch-ref-02491	OBI 3, p. 110	Bagan Epig Database.doc	catalogue_note	false	true	false	13	false	false	true	false	medium	use_for_catalogue_evidence	
frasch-ref-02492	List 357a+b	Bagan Epig Database.doc	catalogue_note	false	true	false	11	false	false	false	false	low	use_for_catalogue_evidence	
frasch-ref-02493	UB 1, p. 304	Bagan Epig Database.doc	catalogue_note	false	true	false	12	false	false	true	false	medium	use_for_catalogue_evidence	
frasch-ref-02494	Pl. III 254a	Bagan Epig Database.doc	catalogue_note	false	true	false	12	false	false	false	false	low	use_for_catalogue_evidence	
frasch-ref-02495	OBI 3, p. 112	Bagan Epig Database.doc	catalogue_note	false	true	false	13	false	false	true	false	medium	use_for_catalogue_evidence	
frasch-ref-02496	Pl. III 254b	Bagan Epig Database.doc	catalogue_note	false	true	false	12	false	false	false	false	low	use_for_catalogue_evidence	
frasch-ref-02497	OBI 3, p. 113	Bagan Epig Database.doc	catalogue_note	false	true	false	13	false	false	true	false	medium	use_for_catalogue_evidence	
frasch-ref-02498	List 359	Bagan Epig Database.doc	catalogue_note	false	true	false	8	false	false	false	false	low	use_for_catalogue_evidence	
frasch-ref-02499	PPA, p. 280	Bagan Epig Database.doc	catalogue_note	false	true	false	11	false	false	true	false	medium	use_for_catalogue_evidence	
frasch-ref-02500	TN, p. 129	Bagan Epig Database.doc	catalogue_note	false	true	false	10	false	false	true	false	medium	use_for_catalogue_evidence	
frasch-ref-02501	Pl. III 255	Bagan Epig Database.doc	catalogue_note	false	true	false	11	false	false	false	false	low	use_for_catalogue_evidence	
frasch-ref-02502	OBI 3, p. 114	Bagan Epig Database.doc	catalogue_note	false	true	false	13	false	false	true	false	medium	use_for_catalogue_evidence	
frasch-ref-02503	List 360a-b	Bagan Epig Database.doc	catalogue_note	false	true	false	11	false	false	false	false	low	use_for_catalogue_evidence	
frasch-ref-02504	A, p. 119	Bagan Epig Database.doc	catalogue_note	false	true	false	9	false	false	true	false	medium	use_for_catalogue_evidence	
frasch-ref-02505	Luce B 340	Bagan Epig Database.doc	unclear	false	false	false	10	false	false	false	false	low	manual_review	
frasch-ref-02506	Pl. III 257 (inscr. 3+4)	Bagan Epig Database.doc	catalogue_note	false	true	false	24	false	false	false	false	low	use_for_catalogue_evidence	
frasch-ref-02507	OBI 2, p. 115	Bagan Epig Database.doc	catalogue_note	false	true	false	13	false	false	true	false	medium	use_for_catalogue_evidence	
frasch-ref-02508	List 363a	Bagan Epig Database.doc	catalogue_note	false	true	false	9	false	false	false	false	low	use_for_catalogue_evidence	
frasch-ref-02509	A, p. 72	Bagan Epig Database.doc	catalogue_note	false	true	false	8	false	false	true	false	medium	use_for_catalogue_evidence	
frasch-ref-02510	copy List 361	Bagan Epig Database.doc	unclear	false	false	false	13	false	false	false	false	low	manual_review	
frasch-ref-02511	B 2, p. 849	Bagan Epig Database.doc	catalogue_note	false	true	false	11	false	false	true	false	medium	use_for_catalogue_evidence	
frasch-ref-02512	Pl. III 258	Bagan Epig Database.doc	catalogue_note	false	true	false	11	false	false	false	false	low	use_for_catalogue_evidence	
frasch-ref-02513	OBI 3, p. 117	Bagan Epig Database.doc	catalogue_note	false	true	false	13	false	false	true	false	medium	use_for_catalogue_evidence	
frasch-ref-02514	Pl. III 259	Bagan Epig Database.doc	catalogue_note	false	true	false	11	false	false	false	false	low	use_for_catalogue_evidence	
frasch-ref-02515	OBI 3, p. 119	Bagan Epig Database.doc	catalogue_note	false	true	false	13	false	false	true	false	medium	use_for_catalogue_evidence	
frasch-ref-02516	List 362	Bagan Epig Database.doc	catalogue_note	false	true	false	8	false	false	false	false	low	use_for_catalogue_evidence	
frasch-ref-02517	A, p. 121	Bagan Epig Database.doc	catalogue_note	false	true	false	9	false	false	true	false	medium	use_for_catalogue_evidence	
frasch-ref-02518	MP, p. 143	Bagan Epig Database.doc	catalogue_note	false	true	false	10	false	false	true	false	medium	use_for_catalogue_evidence	
frasch-ref-02519	Pl. III 289	Bagan Epig Database.doc	catalogue_note	false	true	false	11	false	false	false	false	low	use_for_catalogue_evidence	
frasch-ref-02520	OBI 3, p. 120	Bagan Epig Database.doc	catalogue_note	false	true	false	13	false	false	true	false	medium	use_for_catalogue_evidence	
frasch-ref-02521	SIP no. 44, p. 119	Bagan Epig Database.doc	catalogue_note	false	true	false	18	false	false	true	false	medium	use_for_catalogue_evidence	
frasch-ref-02522	List 404a	Bagan Epig Database.doc	catalogue_note	false	true	false	9	false	false	false	false	low	use_for_catalogue_evidence	
frasch-ref-02523	UB 1, p. 306	Bagan Epig Database.doc	catalogue_note	false	true	false	12	false	false	true	false	medium	use_for_catalogue_evidence	
frasch-ref-02524	Pl. III 260 (l. 14-25)	Bagan Epig Database.doc	catalogue_note	false	true	false	22	false	false	false	false	low	use_for_catalogue_evidence	
frasch-ref-02525	OBI 3, p. 122	Bagan Epig Database.doc	catalogue_note	false	true	false	13	false	false	true	false	medium	use_for_catalogue_evidence	
frasch-ref-02526	List 364	Bagan Epig Database.doc	catalogue_note	false	true	false	8	false	false	false	false	low	use_for_catalogue_evidence	
frasch-ref-02527	UB 1, p. 207, U Min Hswe, no. 35	Bagan Epig Database.doc	catalogue_note	false	true	false	32	false	false	true	false	medium	use_for_catalogue_evidence	
frasch-ref-02528	Pl. III 263	Bagan Epig Database.doc	catalogue_note	false	true	false	11	false	false	false	false	low	use_for_catalogue_evidence	
frasch-ref-02529	OBI 3, p. 123	Bagan Epig Database.doc	catalogue_note	false	true	false	13	false	false	true	false	medium	use_for_catalogue_evidence	
frasch-ref-02530	List 365	Bagan Epig Database.doc	catalogue_note	false	true	false	8	false	false	false	false	low	use_for_catalogue_evidence	
frasch-ref-02531	A, p. 122	Bagan Epig Database.doc	catalogue_note	false	true	false	9	false	false	true	false	medium	use_for_catalogue_evidence	
frasch-ref-02532	Pl. III 261-262	Bagan Epig Database.doc	catalogue_note	false	true	false	15	false	false	false	false	low	use_for_catalogue_evidence	
frasch-ref-02533	OBI 3, p. 127	Bagan Epig Database.doc	catalogue_note	false	true	false	13	false	false	true	false	medium	use_for_catalogue_evidence	
frasch-ref-02534	U Min Hswe, ??	Bagan Epig Database.doc	bibliographic_reference	true	false	false	14	true	false	true	false	medium	use_for_bibliography	
frasch-ref-02535	Pl. III 266a-c	Bagan Epig Database.doc	catalogue_note	false	true	false	14	false	false	false	false	low	use_for_catalogue_evidence	
frasch-ref-02536	OBI 3, p. 12 and OBI 3, p. 132	Bagan Epig Database.doc	catalogue_note	false	true	false	30	false	false	true	false	medium	use_for_catalogue_evidence	
frasch-ref-02537	List 378a-c	Bagan Epig Database.doc	catalogue_note	false	true	false	11	false	false	false	false	low	use_for_catalogue_evidence	
frasch-ref-02538	UB 2, p. 209-212, and Pl. III 265	Bagan Epig Database.doc	catalogue_note	false	true	false	33	false	false	true	false	medium	use_for_catalogue_evidence	
frasch-ref-02539	OBI 3, p. 124	Bagan Epig Database.doc	catalogue_note	false	true	false	13	false	false	true	false	medium	use_for_catalogue_evidence	
frasch-ref-02540	SIP no. 45, p. 119	Bagan Epig Database.doc	catalogue_note	false	true	false	18	false	false	true	false	medium	use_for_catalogue_evidence	
frasch-ref-02541	List 378a	Bagan Epig Database.doc	catalogue_note	false	true	false	9	false	false	false	false	low	use_for_catalogue_evidence	
frasch-ref-02542	UB 2, p. 207	Bagan Epig Database.doc	catalogue_note	false	true	false	12	false	false	true	false	medium	use_for_catalogue_evidence	
frasch-ref-02543	Pl. III 264	Bagan Epig Database.doc	catalogue_note	false	true	false	11	false	false	false	false	low	use_for_catalogue_evidence	
frasch-ref-02544	OBI 3, p. 131	Bagan Epig Database.doc	catalogue_note	false	true	false	13	false	false	true	false	medium	use_for_catalogue_evidence	
frasch-ref-02545	List 366	Bagan Epig Database.doc	catalogue_note	false	true	false	8	false	false	false	false	low	use_for_catalogue_evidence	
frasch-ref-02546	B 2, p. 917	Bagan Epig Database.doc	catalogue_note	false	true	false	11	false	false	true	false	medium	use_for_catalogue_evidence	
frasch-ref-02547	MM 4, no. 55, p. 247	Bagan Epig Database.doc	catalogue_note	false	true	false	20	false	false	true	false	medium	use_for_catalogue_evidence	
frasch-ref-02548	copy: List 367	Bagan Epig Database.doc	unclear	false	false	false	14	false	false	false	false	low	manual_review	
frasch-ref-02549	B 2, p. 918	Bagan Epig Database.doc	catalogue_note	false	true	false	11	false	false	true	false	medium	use_for_catalogue_evidence	
frasch-ref-02550	MM 4, no. 56, p. 249	Bagan Epig Database.doc	catalogue_note	false	true	false	20	false	false	true	false	medium	use_for_catalogue_evidence	
frasch-ref-02551	Pl. III 267	Bagan Epig Database.doc	catalogue_note	false	true	false	11	false	false	false	false	low	use_for_catalogue_evidence	
frasch-ref-02552	OBI 3, p. 135	Bagan Epig Database.doc	catalogue_note	false	true	false	13	false	false	true	false	medium	use_for_catalogue_evidence	
frasch-ref-02553	List 370	Bagan Epig Database.doc	catalogue_note	false	true	false	8	false	false	false	false	low	use_for_catalogue_evidence	
frasch-ref-02554	A, p. 124	Bagan Epig Database.doc	catalogue_note	false	true	false	9	false	false	true	false	medium	use_for_catalogue_evidence	
frasch-ref-02555	MP, p. 119	Bagan Epig Database.doc	catalogue_note	false	true	false	10	false	false	true	false	medium	use_for_catalogue_evidence	
frasch-ref-02556	Pl. III 268	Bagan Epig Database.doc	catalogue_note	false	true	false	11	false	false	false	false	low	use_for_catalogue_evidence	
frasch-ref-02557	OBI 3, p. 135	Bagan Epig Database.doc	catalogue_note	false	true	false	13	false	false	true	false	medium	use_for_catalogue_evidence	
frasch-ref-02558	SIP no. 41, p. 106	Bagan Epig Database.doc	catalogue_note	false	true	false	18	false	false	true	false	medium	use_for_catalogue_evidence	
frasch-ref-02559	List 369	Bagan Epig Database.doc	catalogue_note	false	true	false	8	false	false	false	false	low	use_for_catalogue_evidence	
frasch-ref-02560	PPA, p. 281	Bagan Epig Database.doc	catalogue_note	false	true	false	11	false	false	true	false	medium	use_for_catalogue_evidence	
frasch-ref-02561	TN, p. 130	Bagan Epig Database.doc	catalogue_note	false	true	false	10	false	false	true	false	medium	use_for_catalogue_evidence	
frasch-ref-02562	tr. G.H. Luce, ELEB, JBRS 30 (3), 1940, p. 298-300	Bagan Epig Database.doc	unclear	false	false	false	50	false	true	true	true	low	manual_review	
frasch-ref-02563	Hla Thamein, Bagan-hket, p. 96	Bagan Epig Database.doc	bibliographic_reference	true	false	false	30	true	false	true	false	medium	use_for_bibliography	
frasch-ref-02564	Pl. IV 388a	Bagan Epig Database.doc	catalogue_note	false	true	false	11	false	false	false	false	low	use_for_catalogue_evidence	
frasch-ref-02565	List 371	Bagan Epig Database.doc	catalogue_note	false	true	false	8	false	false	false	false	low	use_for_catalogue_evidence	
frasch-ref-02566	Pl. III 269	Bagan Epig Database.doc	catalogue_note	false	true	false	11	false	false	false	false	low	use_for_catalogue_evidence	
frasch-ref-02567	OBI 3, p. 138	Bagan Epig Database.doc	catalogue_note	false	true	false	13	false	false	true	false	medium	use_for_catalogue_evidence	
frasch-ref-02568	List 373a	Bagan Epig Database.doc	catalogue_note	false	true	false	9	false	false	false	false	low	use_for_catalogue_evidence	
frasch-ref-02569	A, p. 125	Bagan Epig Database.doc	catalogue_note	false	true	false	9	false	false	true	false	medium	use_for_catalogue_evidence	
frasch-ref-02570	MP 2, p. 35	Bagan Epig Database.doc	catalogue_note	false	true	false	11	false	false	true	false	medium	use_for_catalogue_evidence	
frasch-ref-02571	Pl. IV 465a (l. 1-14)	Bagan Epig Database.doc	catalogue_note	false	true	false	21	false	false	false	false	low	use_for_catalogue_evidence	
frasch-ref-02572	OBI 4, p. 26	Bagan Epig Database.doc	catalogue_note	false	true	false	12	false	false	true	false	medium	use_for_catalogue_evidence	
frasch-ref-02573	List 444	Bagan Epig Database.doc	catalogue_note	false	true	false	8	false	false	false	false	low	use_for_catalogue_evidence	
frasch-ref-02574	B 1, p. 81	Bagan Epig Database.doc	catalogue_note	false	true	false	10	false	false	true	false	medium	use_for_catalogue_evidence	
frasch-ref-02575	MM 4, no. 28, p. 125	Bagan Epig Database.doc	catalogue_note	false	true	false	20	false	false	true	false	medium	use_for_catalogue_evidence	
frasch-ref-02576	List 378	Bagan Epig Database.doc	catalogue_note	false	true	false	8	false	false	false	false	low	use_for_catalogue_evidence	
frasch-ref-02577	B 1, p. 91	Bagan Epig Database.doc	catalogue_note	false	true	false	10	false	false	true	false	medium	use_for_catalogue_evidence	
frasch-ref-02578	MM 4, no. 57, p. 251	Bagan Epig Database.doc	catalogue_note	false	true	false	20	false	false	true	false	medium	use_for_catalogue_evidence	
frasch-ref-02579	Pl. IV 421a	Bagan Epig Database.doc	catalogue_note	false	true	false	11	false	false	false	false	low	use_for_catalogue_evidence	
frasch-ref-02580	OBI 3, p. 139	Bagan Epig Database.doc	catalogue_note	false	true	false	13	false	false	true	false	medium	use_for_catalogue_evidence	
frasch-ref-02581	List 374	Bagan Epig Database.doc	catalogue_note	false	true	false	8	false	false	false	false	low	use_for_catalogue_evidence	
frasch-ref-02582	PPA, p. 283	Bagan Epig Database.doc	catalogue_note	false	true	false	11	false	false	true	false	medium	use_for_catalogue_evidence	
frasch-ref-02583	TN, p. 131	Bagan Epig Database.doc	catalogue_note	false	true	false	10	false	false	true	false	medium	use_for_catalogue_evidence	
frasch-ref-02584	copy Pl. IV 388b (unlisted)	Bagan Epig Database.doc	unclear	false	false	false	27	false	false	false	false	low	manual_review	
frasch-ref-02585	Pl. V 587b	Bagan Epig Database.doc	catalogue_note	false	true	false	10	false	false	false	false	low	use_for_catalogue_evidence	
frasch-ref-02586	List 710	Bagan Epig Database.doc	catalogue_note	false	true	false	8	false	false	false	false	low	use_for_catalogue_evidence	
frasch-ref-02587	PPA, p. 13	Bagan Epig Database.doc	catalogue_note	false	true	false	10	false	false	true	false	medium	use_for_catalogue_evidence	
frasch-ref-02588	TN, p. 4	Bagan Epig Database.doc	catalogue_note	false	true	false	8	false	false	true	false	medium	use_for_catalogue_evidence	
frasch-ref-02589	Pl. III 271	Bagan Epig Database.doc	catalogue_note	false	true	false	11	false	false	false	false	low	use_for_catalogue_evidence	
frasch-ref-02590	OBI 3, p. 141	Bagan Epig Database.doc	catalogue_note	false	true	false	13	false	false	true	false	medium	use_for_catalogue_evidence	
frasch-ref-02591	SIP no. 47, p. 126	Bagan Epig Database.doc	catalogue_note	false	true	false	18	false	false	true	false	medium	use_for_catalogue_evidence	
frasch-ref-02592	List 376	Bagan Epig Database.doc	catalogue_note	false	true	false	8	false	false	false	false	low	use_for_catalogue_evidence	
frasch-ref-02593	Anthology 5, p. 10	Bagan Epig Database.doc	unclear	false	false	false	18	false	false	true	false	low	manual_review	
frasch-ref-02594	U Than Tun, Importance, p. 321-327: U Min Hswe, no. 72	Bagan Epig Database.doc	bibliographic_reference	true	false	false	54	true	false	true	false	medium	use_for_bibliography	
frasch-ref-02595	Hla Thamein, Bagan- hket, p. 118	Bagan Epig Database.doc	bibliographic_reference	true	false	false	32	true	false	true	false	medium	use_for_bibliography	
frasch-ref-02596	Pl. IV 417	Bagan Epig Database.doc	catalogue_note	false	true	false	10	false	false	false	false	low	use_for_catalogue_evidence	
frasch-ref-02597	OBI 3, p. 255	Bagan Epig Database.doc	catalogue_note	false	true	false	13	false	false	true	false	medium	use_for_catalogue_evidence	
frasch-ref-02598	MM 4, no. 16, p. 74	Bagan Epig Database.doc	catalogue_note	false	true	false	19	false	false	true	false	medium	use_for_catalogue_evidence	
frasch-ref-02599	List xxx	Bagan Epig Database.doc	catalogue_note	false	true	false	8	false	false	false	false	low	use_for_catalogue_evidence	
frasch-ref-02600	UB 2, p. 213	Bagan Epig Database.doc	catalogue_note	false	true	false	12	false	false	true	false	medium	use_for_catalogue_evidence	
frasch-ref-02601	Luce G 1977	Bagan Epig Database.doc	unclear	false	false	false	11	false	true	false	false	low	manual_review	
frasch-ref-02602	Pl. IV 399a	Bagan Epig Database.doc	catalogue_note	false	true	false	11	false	false	false	false	low	use_for_catalogue_evidence	
frasch-ref-02603	OBI 3, p. 221	Bagan Epig Database.doc	catalogue_note	false	true	false	13	false	false	true	false	medium	use_for_catalogue_evidence	
frasch-ref-02604	List 382	Bagan Epig Database.doc	catalogue_note	false	true	false	8	false	false	false	false	low	use_for_catalogue_evidence	
frasch-ref-02605	UB 1, p. 341	Bagan Epig Database.doc	catalogue_note	false	true	false	12	false	false	true	false	medium	use_for_catalogue_evidence	
frasch-ref-02606	Luce files L 3221 (“not found”)	Bagan Epig Database.doc	unclear	false	false	false	31	false	false	true	false	low	manual_review	
frasch-ref-02607	OBI 3, p. 145-146	Bagan Epig Database.doc	catalogue_note	false	true	false	17	false	false	true	false	medium	use_for_catalogue_evidence	
frasch-ref-02608	RDASB 1963	Bagan Epig Database.doc	unclear	false	false	false	10	false	true	false	true	low	manual_review	
frasch-ref-02609	List 385	Bagan Epig Database.doc	catalogue_note	false	true	false	8	false	false	false	false	low	use_for_catalogue_evidence	
frasch-ref-02610	PPA, p. 285	Bagan Epig Database.doc	catalogue_note	false	true	false	11	false	false	true	false	medium	use_for_catalogue_evidence	
frasch-ref-02611	TN, p. 132	Bagan Epig Database.doc	catalogue_note	false	true	false	10	false	false	true	false	medium	use_for_catalogue_evidence	
frasch-ref-02612	Luce G 1979	Bagan Epig Database.doc	unclear	false	false	false	11	false	true	false	false	low	manual_review	
frasch-ref-02613	U Than Tun, Hnaung-dwe, no. 22, p. 68	Bagan Epig Database.doc	bibliographic_reference	true	false	false	37	true	false	true	false	medium	use_for_bibliography	
frasch-ref-02614	U Min Hswe, no. 48	Bagan Epig Database.doc	bibliographic_reference	true	false	false	18	true	false	true	false	medium	use_for_bibliography	
frasch-ref-02615	Pl. III 272-275	Bagan Epig Database.doc	catalogue_note	false	true	false	15	false	false	false	false	low	use_for_catalogue_evidence	
frasch-ref-02616	OBI 3, p. 147- 152	Bagan Epig Database.doc	catalogue_note	false	true	false	18	false	false	true	false	medium	use_for_catalogue_evidence	
frasch-ref-02617	SIP no. 49, p. 132 (Pl. III 272)	Bagan Epig Database.doc	catalogue_note	false	true	false	32	false	false	true	false	medium	use_for_catalogue_evidence	
frasch-ref-02618	List 383a-b and 384a-b	Bagan Epig Database.doc	catalogue_note	false	true	false	22	false	false	false	false	low	use_for_catalogue_evidence	
frasch-ref-02619	PPA, p. 258-273	Bagan Epig Database.doc	catalogue_note	false	true	false	15	false	false	true	false	medium	use_for_catalogue_evidence	
frasch-ref-02620	TN, p. 118-125	Bagan Epig Database.doc	catalogue_note	false	true	false	14	false	false	true	false	medium	use_for_catalogue_evidence	
frasch-ref-02621	Ray, Theravada Buddhism, p. 162	Bagan Epig Database.doc	bibliographic_reference	true	false	false	31	true	false	true	false	medium	use_for_bibliography	
frasch-ref-02622	Pl. III 276a	Bagan Epig Database.doc	catalogue_note	false	true	false	12	false	false	false	false	low	use_for_catalogue_evidence	
frasch-ref-02623	OBI 3, p. 158	Bagan Epig Database.doc	catalogue_note	false	true	false	13	false	false	true	false	medium	use_for_catalogue_evidence	
frasch-ref-02624	List 387	Bagan Epig Database.doc	catalogue_note	false	true	false	8	false	false	false	false	low	use_for_catalogue_evidence	
frasch-ref-02625	PPA, p. 64	Bagan Epig Database.doc	catalogue_note	false	true	false	10	false	false	true	false	medium	use_for_catalogue_evidence	
frasch-ref-02626	TN, p. 30	Bagan Epig Database.doc	catalogue_note	false	true	false	9	false	false	true	false	medium	use_for_catalogue_evidence	
frasch-ref-02627	Pl. V 586a	Bagan Epig Database.doc	catalogue_note	false	true	false	10	false	false	false	false	low	use_for_catalogue_evidence	
frasch-ref-02628	U Than Tun, Hnaung-dwe, no. 24, p. 72	Bagan Epig Database.doc	bibliographic_reference	true	false	false	37	true	false	true	false	medium	use_for_bibliography	
frasch-ref-02629	U Min Hswe, no.	Bagan Epig Database.doc	bibliographic_reference	true	false	false	15	true	false	true	false	medium	use_for_bibliography	
frasch-ref-02630	Pl. III 277	Bagan Epig Database.doc	catalogue_note	false	true	false	11	false	false	false	false	low	use_for_catalogue_evidence	
frasch-ref-02631	OBI 3, p. 165	Bagan Epig Database.doc	catalogue_note	false	true	false	13	false	false	true	false	medium	use_for_catalogue_evidence	
frasch-ref-02632	SIP no. 46, p. 125	Bagan Epig Database.doc	catalogue_note	false	true	false	18	false	false	true	false	medium	use_for_catalogue_evidence	
frasch-ref-02633	List 389	Bagan Epig Database.doc	catalogue_note	false	true	false	8	false	false	false	false	low	use_for_catalogue_evidence	
frasch-ref-02634	Pl. III 279	Bagan Epig Database.doc	catalogue_note	false	true	false	11	false	false	false	false	low	use_for_catalogue_evidence	
frasch-ref-02635	OBI 3, p. 164	Bagan Epig Database.doc	catalogue_note	false	true	false	13	false	false	true	false	medium	use_for_catalogue_evidence	
frasch-ref-02636	List 392b	Bagan Epig Database.doc	catalogue_note	false	true	false	9	false	false	false	false	low	use_for_catalogue_evidence	
frasch-ref-02637	A, p. 98	Bagan Epig Database.doc	catalogue_note	false	true	false	8	false	false	true	false	medium	use_for_catalogue_evidence	
frasch-ref-02638	MP 1, p. 131	Bagan Epig Database.doc	catalogue_note	false	true	false	12	false	false	true	false	medium	use_for_catalogue_evidence	
frasch-ref-02639	Pl. V 580a	Bagan Epig Database.doc	catalogue_note	false	true	false	10	false	false	false	false	low	use_for_catalogue_evidence	
frasch-ref-02640	List 390	Bagan Epig Database.doc	catalogue_note	false	true	false	8	false	false	false	false	low	use_for_catalogue_evidence	
frasch-ref-02641	A, p. 134	Bagan Epig Database.doc	catalogue_note	false	true	false	9	false	false	true	false	medium	use_for_catalogue_evidence	
frasch-ref-02642	Pl. V 580b	Bagan Epig Database.doc	catalogue_note	false	true	false	10	false	false	false	false	low	use_for_catalogue_evidence	
frasch-ref-02643	Luce J 2685 and K 2753	Bagan Epig Database.doc	catalogue_note	false	true	false	22	false	false	false	false	low	use_for_catalogue_evidence	
frasch-ref-02644	Pl. III 278	Bagan Epig Database.doc	catalogue_note	false	true	false	11	false	false	false	false	low	use_for_catalogue_evidence	
frasch-ref-02645	OBI 3, p. 169	Bagan Epig Database.doc	catalogue_note	false	true	false	13	false	false	true	false	medium	use_for_catalogue_evidence	
frasch-ref-02646	MP 2, p. 1	Bagan Epig Database.doc	catalogue_note	false	true	false	10	false	false	true	false	medium	use_for_catalogue_evidence	
frasch-ref-02647	Pl. III 280a	Bagan Epig Database.doc	catalogue_note	false	true	false	12	false	false	false	false	low	use_for_catalogue_evidence	
frasch-ref-02648	OBI 3, p. 170	Bagan Epig Database.doc	catalogue_note	false	true	false	13	false	false	true	false	medium	use_for_catalogue_evidence	
frasch-ref-02649	List 410b	Bagan Epig Database.doc	catalogue_note	false	true	false	9	false	false	false	false	low	use_for_catalogue_evidence	
frasch-ref-02650	A, p. 145	Bagan Epig Database.doc	catalogue_note	false	true	false	9	false	false	true	false	medium	use_for_catalogue_evidence	
frasch-ref-02651	MP 2, p. 27	Bagan Epig Database.doc	catalogue_note	false	true	false	11	false	false	true	false	medium	use_for_catalogue_evidence	
frasch-ref-02652	Pl. III 280b	Bagan Epig Database.doc	catalogue_note	false	true	false	12	false	false	false	false	low	use_for_catalogue_evidence	
frasch-ref-02653	OBI 3, p. 171	Bagan Epig Database.doc	catalogue_note	false	true	false	13	false	false	true	false	medium	use_for_catalogue_evidence	
frasch-ref-02654	RDASB 1915, p. 57	Bagan Epig Database.doc	unclear	false	false	false	17	false	true	true	true	low	manual_review	
frasch-ref-02655	Pl. III 282	Bagan Epig Database.doc	catalogue_note	false	true	false	11	false	false	false	false	low	use_for_catalogue_evidence	
frasch-ref-02656	OBI 3, p. 173	Bagan Epig Database.doc	catalogue_note	false	true	false	13	false	false	true	false	medium	use_for_catalogue_evidence	
frasch-ref-02657	SIP no. 48, p. 131	Bagan Epig Database.doc	catalogue_note	false	true	false	18	false	false	true	false	medium	use_for_catalogue_evidence	
frasch-ref-02658	List 394	Bagan Epig Database.doc	catalogue_note	false	true	false	8	false	false	false	false	low	use_for_catalogue_evidence	
frasch-ref-02659	PPA, p. 284	Bagan Epig Database.doc	catalogue_note	false	true	false	11	false	false	true	false	medium	use_for_catalogue_evidence	
frasch-ref-02660	TN, p. 131	Bagan Epig Database.doc	catalogue_note	false	true	false	10	false	false	true	false	medium	use_for_catalogue_evidence	
frasch-ref-02661	Pl. III 283	Bagan Epig Database.doc	catalogue_note	false	true	false	11	false	false	false	false	low	use_for_catalogue_evidence	
frasch-ref-02662	OBI 3, p. 174	Bagan Epig Database.doc	catalogue_note	false	true	false	13	false	false	true	false	medium	use_for_catalogue_evidence	
frasch-ref-02663	List 393	Bagan Epig Database.doc	catalogue_note	false	true	false	8	false	false	false	false	low	use_for_catalogue_evidence	
frasch-ref-02664	PPA, p. 123	Bagan Epig Database.doc	catalogue_note	false	true	false	11	false	false	true	false	medium	use_for_catalogue_evidence	
frasch-ref-02665	TN, p. 63	Bagan Epig Database.doc	catalogue_note	false	true	false	9	false	false	true	false	medium	use_for_catalogue_evidence	
frasch-ref-02666	OR 6452 B (2)	Bagan Epig Database.doc	catalogue_note	false	true	false	13	false	false	false	false	low	use_for_catalogue_evidence	
frasch-ref-02667	Harvey, History of Burma, p. 333	Bagan Epig Database.doc	bibliographic_reference	true	false	false	32	true	false	true	false	medium	use_for_bibliography	
frasch-ref-02668	Pl. IV 389b-c	Bagan Epig Database.doc	catalogue_note	false	true	false	13	false	false	false	false	low	use_for_catalogue_evidence	
frasch-ref-02669	A, p. 169	Bagan Epig Database.doc	catalogue_note	false	true	false	9	false	false	true	false	medium	use_for_catalogue_evidence	
frasch-ref-02670	List 458	Bagan Epig Database.doc	catalogue_note	false	true	false	8	false	false	false	false	low	use_for_catalogue_evidence	
frasch-ref-02671	OBI 3, p. 168-176	Bagan Epig Database.doc	catalogue_note	false	true	false	17	false	false	true	false	medium	use_for_catalogue_evidence	
frasch-ref-02672	MP 2, p. 79	Bagan Epig Database.doc	catalogue_note	false	true	false	11	false	false	true	false	medium	use_for_catalogue_evidence	
frasch-ref-02673	found before 2004	Bagan Epig Database.doc	unclear	false	false	false	17	false	true	false	false	low	manual_review	
frasch-ref-02674	*HD 8	Bagan Epig Database.doc	unclear	false	false	false	5	false	false	false	false	low	manual_review	
frasch-ref-02675	List 398-399	Bagan Epig Database.doc	catalogue_note	false	true	false	12	false	false	false	false	low	use_for_catalogue_evidence	
frasch-ref-02676	B 2, p. 810-12	Bagan Epig Database.doc	catalogue_note	false	true	false	14	false	false	true	false	medium	use_for_catalogue_evidence	
frasch-ref-02677	MM 4, no. 53-54, p. 239-242	Bagan Epig Database.doc	catalogue_note	false	true	false	27	false	false	true	false	medium	use_for_catalogue_evidence	
frasch-ref-02678	another copy MM 4, no. 63, p. 271 dated 659 only	Bagan Epig Database.doc	unclear	false	false	false	48	false	false	true	false	low	manual_review	
frasch-ref-02679	Pl. V 581b	Bagan Epig Database.doc	catalogue_note	false	true	false	10	false	false	false	false	low	use_for_catalogue_evidence	
frasch-ref-02680	List 380a	Bagan Epig Database.doc	catalogue_note	false	true	false	9	false	false	false	false	low	use_for_catalogue_evidence	
frasch-ref-02681	A, p. 127	Bagan Epig Database.doc	catalogue_note	false	true	false	9	false	false	true	false	medium	use_for_catalogue_evidence	
frasch-ref-02682	Pl. III 299	Bagan Epig Database.doc	catalogue_note	false	true	false	11	false	false	false	false	low	use_for_catalogue_evidence	
frasch-ref-02683	List 405	Bagan Epig Database.doc	catalogue_note	false	true	false	8	false	false	false	false	low	use_for_catalogue_evidence	
frasch-ref-02684	UB 1, p. 271	Bagan Epig Database.doc	catalogue_note	false	true	false	12	false	false	true	false	medium	use_for_catalogue_evidence	
frasch-ref-02685	Burney, “Mission”, p. 161-189	Bagan Epig Database.doc	bibliographic_reference	true	false	false	29	true	false	true	false	medium	use_for_bibliography	
frasch-ref-02686	Cunningham, Mahabodhi, p. 75-77	Bagan Epig Database.doc	bibliographic_reference	true	false	false	31	true	false	true	false	medium	use_for_bibliography	
frasch-ref-02687	Luce “Sources”, p. 40-41	Bagan Epig Database.doc	unclear	false	false	false	24	false	false	true	false	low	manual_review	
frasch-ref-02688	Pl. IV	Bagan Epig Database.doc	catalogue_note	false	true	false	6	false	false	false	false	low	use_for_catalogue_evidence	
frasch-ref-02689	SIP, no. , p.	Bagan Epig Database.doc	catalogue_note	false	true	false	13	false	false	true	false	low	use_for_catalogue_evidence	
frasch-ref-02690	List xxx	Bagan Epig Database.doc	catalogue_note	false	true	false	8	false	false	false	false	low	use_for_catalogue_evidence	
frasch-ref-02691	TN, p. 137	Bagan Epig Database.doc	catalogue_note	false	true	false	10	false	false	true	false	medium	use_for_catalogue_evidence	
frasch-ref-02692	U Min Hswe, no. 60	Bagan Epig Database.doc	bibliographic_reference	true	false	false	18	true	false	true	false	medium	use_for_bibliography	
frasch-ref-02693	Pl. IV xxx	Bagan Epig Database.doc	catalogue_note	false	true	false	10	false	false	false	false	low	use_for_catalogue_evidence	
frasch-ref-02694	U Min Hswe, no. 13 (new)	Bagan Epig Database.doc	bibliographic_reference	true	false	false	24	true	false	true	false	medium	use_for_bibliography	
frasch-ref-02695	Pl. etc nachtragen => keine List !	Bagan Epig Database.doc	catalogue_note	false	true	false	34	false	false	false	false	low	use_for_catalogue_evidence	
frasch-ref-02696	Pl. III 291	Bagan Epig Database.doc	catalogue_note	false	true	false	11	false	false	false	false	low	use_for_catalogue_evidence	
frasch-ref-02697	OBI 3, p. 194	Bagan Epig Database.doc	catalogue_note	false	true	false	13	false	false	true	false	medium	use_for_catalogue_evidence	
frasch-ref-02698	SIP no. 33, p. 81	Bagan Epig Database.doc	catalogue_note	false	true	false	17	false	false	true	false	medium	use_for_catalogue_evidence	
frasch-ref-02699	List 407	Bagan Epig Database.doc	catalogue_note	false	true	false	8	false	false	false	false	low	use_for_catalogue_evidence	
frasch-ref-02700	PPA, p. 253	Bagan Epig Database.doc	catalogue_note	false	true	false	11	false	false	true	false	medium	use_for_catalogue_evidence	
frasch-ref-02701	TN, p. 116	Bagan Epig Database.doc	catalogue_note	false	true	false	10	false	false	true	false	medium	use_for_catalogue_evidence	
frasch-ref-02702	U Than Tun, Hnaung-dwe, no. 25, p. 74	Bagan Epig Database.doc	bibliographic_reference	true	false	false	37	true	false	true	false	medium	use_for_bibliography	
frasch-ref-02703	U Min Hswe, no. 56	Bagan Epig Database.doc	bibliographic_reference	true	false	false	18	true	false	true	false	medium	use_for_bibliography	
frasch-ref-02704	U Min Hswe, no. 36	Bagan Epig Database.doc	bibliographic_reference	true	false	false	18	true	false	true	false	medium	use_for_bibliography	
frasch-ref-02705	List 415	Bagan Epig Database.doc	catalogue_note	false	true	false	8	false	false	false	false	low	use_for_catalogue_evidence	
frasch-ref-02706	PPA, p. 199	Bagan Epig Database.doc	catalogue_note	false	true	false	11	false	false	true	false	medium	use_for_catalogue_evidence	
frasch-ref-02707	TN, p. 95	Bagan Epig Database.doc	catalogue_note	false	true	false	9	false	false	true	false	medium	use_for_catalogue_evidence	
frasch-ref-02708	U Min Hswe, no. 27	Bagan Epig Database.doc	bibliographic_reference	true	false	false	18	true	false	true	false	medium	use_for_bibliography	
frasch-ref-02709	OR 6452 B (1), no. 25	Bagan Epig Database.doc	catalogue_note	false	true	false	21	false	false	true	false	low	use_for_catalogue_evidence	
frasch-ref-02710	List 429	Bagan Epig Database.doc	catalogue_note	false	true	false	8	false	false	false	false	low	use_for_catalogue_evidence	
frasch-ref-02711	B 1, p. 302	Bagan Epig Database.doc	catalogue_note	false	true	false	11	false	false	true	false	medium	use_for_catalogue_evidence	
frasch-ref-02712	MM 1, no. 37, p. 334	Bagan Epig Database.doc	catalogue_note	false	true	false	20	false	false	true	false	medium	use_for_catalogue_evidence	
frasch-ref-02713	Pl. V 582a	Bagan Epig Database.doc	catalogue_note	false	true	false	10	false	false	false	false	low	use_for_catalogue_evidence	
frasch-ref-02714	List 381	Bagan Epig Database.doc	catalogue_note	false	true	false	8	false	false	false	false	low	use_for_catalogue_evidence	
frasch-ref-02715	A, p. 129	Bagan Epig Database.doc	catalogue_note	false	true	false	9	false	false	true	false	medium	use_for_catalogue_evidence	
frasch-ref-02716	Luce D 1005	Bagan Epig Database.doc	catalogue_note	false	true	false	11	false	true	false	false	medium	use_for_catalogue_evidence	
frasch-ref-02717	Pl. IV 399c	Bagan Epig Database.doc	catalogue_note	false	true	false	11	false	false	false	false	low	use_for_catalogue_evidence	
frasch-ref-02718	OBI 2, p. 74 and OBI 3, p. 220	Bagan Epig Database.doc	catalogue_note	false	true	false	30	false	false	true	false	medium	use_for_catalogue_evidence	
frasch-ref-02719	List 807	Bagan Epig Database.doc	catalogue_note	false	true	false	8	false	false	false	false	low	use_for_catalogue_evidence	
frasch-ref-02720	B 1, p. 844	Bagan Epig Database.doc	catalogue_note	false	true	false	11	false	false	true	false	medium	use_for_catalogue_evidence	
frasch-ref-02721	Pl. IV 407a	Bagan Epig Database.doc	catalogue_note	false	true	false	11	false	false	false	false	low	use_for_catalogue_evidence	
frasch-ref-02722	List 439	Bagan Epig Database.doc	catalogue_note	false	true	false	8	false	false	false	false	low	use_for_catalogue_evidence	
frasch-ref-02723	A, p. 123	Bagan Epig Database.doc	catalogue_note	false	true	false	9	false	false	true	false	medium	use_for_catalogue_evidence	
frasch-ref-02724	U Kyaw, “Bagan Minsa”, p. 193	Bagan Epig Database.doc	bibliographic_reference	true	false	false	29	true	false	true	false	medium	use_for_bibliography	
frasch-ref-02725	U Than Tun, Hnaung-dwe, no. 26, p. 80	Bagan Epig Database.doc	bibliographic_reference	true	false	false	37	true	false	true	false	medium	use_for_bibliography	
frasch-ref-02726	Pl. V 483a	Bagan Epig Database.doc	catalogue_note	false	true	false	10	false	false	false	false	low	use_for_catalogue_evidence	
frasch-ref-02727	List 536a	Bagan Epig Database.doc	catalogue_note	false	true	false	9	false	false	false	false	low	use_for_catalogue_evidence	
frasch-ref-02728	A, p.163	Bagan Epig Database.doc	catalogue_note	false	true	false	8	false	false	true	false	medium	use_for_catalogue_evidence	
frasch-ref-02729	U Than Tun, Hnaung-dwe, no. 27, p. 83	Bagan Epig Database.doc	bibliographic_reference	true	false	false	37	true	false	true	false	medium	use_for_bibliography	
frasch-ref-02730	U Min Hswe, no. 75	Bagan Epig Database.doc	bibliographic_reference	true	false	false	18	true	false	true	false	medium	use_for_bibliography	
frasch-ref-02731	U Nyein Maung (1999)	Bagan Epig Database.doc	unclear	false	false	false	20	false	true	false	false	low	manual_review	
frasch-ref-02732	List 445	Bagan Epig Database.doc	catalogue_note	false	true	false	8	false	false	false	false	low	use_for_catalogue_evidence	
frasch-ref-02733	B 1, p. 423	Bagan Epig Database.doc	catalogue_note	false	true	false	11	false	false	true	false	medium	use_for_catalogue_evidence	
frasch-ref-02734	Pl. V 543a	Bagan Epig Database.doc	catalogue_note	false	true	false	10	false	false	false	false	low	use_for_catalogue_evidence	
frasch-ref-02735	OBI 4, p. 147 ?	Bagan Epig Database.doc	catalogue_note	false	true	false	15	false	false	true	false	medium	use_for_catalogue_evidence	
frasch-ref-02736	Pl. IV 543a	Bagan Epig Database.doc	catalogue_note	false	true	false	11	false	false	false	false	low	use_for_catalogue_evidence	
frasch-ref-02737	OBI 4, p. 147	Bagan Epig Database.doc	catalogue_note	false	true	false	13	false	false	true	false	medium	use_for_catalogue_evidence	
frasch-ref-02738	Pl. IV 422a	Bagan Epig Database.doc	catalogue_note	false	true	false	11	false	false	false	false	low	use_for_catalogue_evidence	
frasch-ref-02739	List 34	Bagan Epig Database.doc	catalogue_note	false	true	false	7	false	false	false	false	low	use_for_catalogue_evidence	
frasch-ref-02740	Pl. IV 423-424	Bagan Epig Database.doc	catalogue_note	false	true	false	14	false	false	false	false	low	use_for_catalogue_evidence	
frasch-ref-02741	OBI 3, p. 264-268	Bagan Epig Database.doc	catalogue_note	false	true	false	17	false	false	true	false	medium	use_for_catalogue_evidence	
frasch-ref-02742	Pl. V 582b (and Pl. V 582c-d ?)	Bagan Epig Database.doc	catalogue_note	false	true	false	31	false	false	false	false	low	use_for_catalogue_evidence	
frasch-ref-02743	List 608a-b	Bagan Epig Database.doc	catalogue_note	false	true	false	11	false	false	false	false	low	use_for_catalogue_evidence	
frasch-ref-02744	UB 2, p. 140-148	Bagan Epig Database.doc	catalogue_note	false	true	false	16	false	false	true	false	medium	use_for_catalogue_evidence	
frasch-ref-02745	Luce G 1985-1997	Bagan Epig Database.doc	unclear	false	false	false	16	false	true	false	false	low	manual_review	
frasch-ref-02746	A, p. 274 (W face)	Bagan Epig Database.doc	catalogue_note	false	true	false	18	false	false	true	false	medium	use_for_catalogue_evidence	
frasch-ref-02747	Pl. V 586b and Pl. V 601c= Luce G 1915 (complete version)	Bagan Epig Database.doc	catalogue_note	false	true	false	57	false	true	true	false	medium	use_for_catalogue_evidence	
frasch-ref-02748	Pl. V 463	Bagan Epig Database.doc	catalogue_note	false	true	false	9	false	false	false	false	low	use_for_catalogue_evidence	
frasch-ref-02749	OBI 4, p. 29	Bagan Epig Database.doc	catalogue_note	false	true	false	12	false	false	true	false	medium	use_for_catalogue_evidence	
frasch-ref-02750	List 512	Bagan Epig Database.doc	catalogue_note	false	true	false	8	false	false	false	false	low	use_for_catalogue_evidence	
frasch-ref-02751	B 1, p. 428	Bagan Epig Database.doc	catalogue_note	false	true	false	11	false	false	true	false	medium	use_for_catalogue_evidence	
frasch-ref-02752	Pl. V 464a	Bagan Epig Database.doc	catalogue_note	false	true	false	10	false	false	false	false	low	use_for_catalogue_evidence	
frasch-ref-02753	OBI 4, p. 36	Bagan Epig Database.doc	catalogue_note	false	true	false	12	false	false	true	false	medium	use_for_catalogue_evidence	
frasch-ref-02754	List 516	Bagan Epig Database.doc	catalogue_note	false	true	false	8	false	false	false	false	low	use_for_catalogue_evidence	
frasch-ref-02755	A, p. 106	Bagan Epig Database.doc	catalogue_note	false	true	false	9	false	false	true	false	medium	use_for_catalogue_evidence	
frasch-ref-02756	Pl. V 471-472	Bagan Epig Database.doc	catalogue_note	false	true	false	13	false	false	false	false	low	use_for_catalogue_evidence	
frasch-ref-02757	muss da sein	Bagan Epig Database.doc	unclear	false	false	false	12	false	false	false	false	low	manual_review	
frasch-ref-02758	List 734	Bagan Epig Database.doc	catalogue_note	false	true	false	8	false	false	false	false	low	use_for_catalogue_evidence	
frasch-ref-02759	B 1, p. 426	Bagan Epig Database.doc	catalogue_note	false	true	false	11	false	false	true	false	medium	use_for_catalogue_evidence	
frasch-ref-02760	OBI 4, p. 81	Bagan Epig Database.doc	catalogue_note	false	true	false	12	false	false	true	false	medium	use_for_catalogue_evidence	
frasch-ref-02761	Pl. V 496a+b	Bagan Epig Database.doc	catalogue_note	false	true	false	12	false	false	false	false	low	use_for_catalogue_evidence	
frasch-ref-02762	A, p. 230	Bagan Epig Database.doc	catalogue_note	false	true	false	9	false	false	true	false	medium	use_for_catalogue_evidence	
frasch-ref-02763	List 562	Bagan Epig Database.doc	catalogue_note	false	true	false	8	false	false	false	false	low	use_for_catalogue_evidence	
frasch-ref-02764	copy List 116	Bagan Epig Database.doc	unclear	false	false	false	13	false	false	false	false	low	manual_review	
frasch-ref-02765	B 2, p. 621	Bagan Epig Database.doc	catalogue_note	false	true	false	11	false	false	true	false	medium	use_for_catalogue_evidence	
frasch-ref-02766	MM 3, no. 2, p. 6	Bagan Epig Database.doc	catalogue_note	false	true	false	17	false	false	true	false	medium	use_for_catalogue_evidence	
frasch-ref-02767	Pl V 503-504 (not in OBI)	Bagan Epig Database.doc	catalogue_note	false	true	false	25	false	false	false	false	low	use_for_catalogue_evidence	
frasch-ref-02768	List	Bagan Epig Database.doc	catalogue_note	false	true	false	4	false	false	false	false	low	use_for_catalogue_evidence	
frasch-ref-02769	Pl. V 539a-b	Bagan Epig Database.doc	catalogue_note	false	true	false	12	false	false	false	false	low	use_for_catalogue_evidence	
frasch-ref-02770	List 613	Bagan Epig Database.doc	catalogue_note	false	true	false	8	false	false	false	false	low	use_for_catalogue_evidence	
frasch-ref-02771	A, p. 6	Bagan Epig Database.doc	catalogue_note	false	true	false	7	false	false	true	false	medium	use_for_catalogue_evidence	
frasch-ref-02772	List 652	Bagan Epig Database.doc	catalogue_note	false	true	false	8	false	false	false	false	low	use_for_catalogue_evidence	
frasch-ref-02773	UB 1, p. 346	Bagan Epig Database.doc	catalogue_note	false	true	false	12	false	false	true	false	medium	use_for_catalogue_evidence	
frasch-ref-02774	Luce L 3229	Bagan Epig Database.doc	unclear	false	false	false	11	false	false	false	false	low	manual_review	
frasch-ref-02775	List 874	Bagan Epig Database.doc	catalogue_note	false	true	false	8	false	false	false	false	low	use_for_catalogue_evidence	
frasch-ref-02776	A, p. 123	Bagan Epig Database.doc	catalogue_note	false	true	false	9	false	false	true	false	medium	use_for_catalogue_evidence	
frasch-ref-02777	Luce B 312	Bagan Epig Database.doc	unclear	false	false	false	10	false	false	false	false	low	manual_review	
frasch-ref-02778	List 710	Bagan Epig Database.doc	catalogue_note	false	true	false	8	false	false	false	false	low	use_for_catalogue_evidence	
frasch-ref-02779	PPA, p. 15	Bagan Epig Database.doc	catalogue_note	false	true	false	10	false	false	true	false	medium	use_for_catalogue_evidence	
frasch-ref-02780	TN, p. 5	Bagan Epig Database.doc	catalogue_note	false	true	false	8	false	false	true	false	medium	use_for_catalogue_evidence	
frasch-ref-02781	copy MM 2, no. 37, p. 146	Bagan Epig Database.doc	unclear	false	false	false	25	false	false	true	false	low	manual_review	
frasch-ref-02782	List 715	Bagan Epig Database.doc	catalogue_note	false	true	false	8	false	false	false	false	low	use_for_catalogue_evidence	
frasch-ref-02783	B 2, p. 839	Bagan Epig Database.doc	catalogue_note	false	true	false	11	false	false	true	false	medium	use_for_catalogue_evidence	
frasch-ref-02784	MM 4, no. 32, p. 141	Bagan Epig Database.doc	catalogue_note	false	true	false	20	false	false	true	false	medium	use_for_catalogue_evidence	
frasch-ref-02785	List 799	Bagan Epig Database.doc	catalogue_note	false	true	false	8	false	false	false	false	low	use_for_catalogue_evidence	
frasch-ref-02786	A, p. 35	Bagan Epig Database.doc	catalogue_note	false	true	false	8	false	false	true	false	medium	use_for_catalogue_evidence	
frasch-ref-02787	U Than Tun, Hnaung-dwe, no. 30, p. 91	Bagan Epig Database.doc	bibliographic_reference	true	false	false	37	true	false	true	false	medium	use_for_bibliography	
frasch-ref-02788	Pl. IV 388b	Bagan Epig Database.doc	catalogue_note	false	true	false	11	false	false	false	false	low	use_for_catalogue_evidence	
frasch-ref-02789	List 424	Bagan Epig Database.doc	catalogue_note	false	true	false	8	false	false	false	false	low	use_for_catalogue_evidence	
frasch-ref-02790	B.ll!rze-Picron, CLllldinc	Frasch 2013 Buddha image.pdf	catalogue_note	false	true	false	26	false	false	true	false	low	use_for_catalogue_evidence	
frasch-ref-02791	1991- L1khi S.1rai, ,\11 lndi.\11 Sire of Lue Buddh ist	Frasch 2013 Buddha image.pdf	unclear	false	false	false	55	false	true	true	false	low	manual_review	
frasch-ref-02792	1992 lconograph!· ,\lld irs Position \\'irhin rhc	Frasch 2013 Buddha image.pdf	unclear	false	false	false	49	false	true	true	false	low	manual_review	
frasch-ref-02793	"Asian Buddhist \\""orld . In: Silk Road An"	Frasch 2013 Buddha image.pdf	unclear	false	false	false	41	false	false	true	false	low	manual_review	
frasch-ref-02794	.md A rch .lcolog,· 2: 239-28-l .	Frasch 2013 Buddha image.pdf	unclear	false	false	false	33	false	false	true	false	low	manual_review	
frasch-ref-02795	Dh.Hnmik.l, S.	Frasch 2013 Buddha image.pdf	bibliographic_reference	true	false	false	14	true	false	true	false	medium	use_for_bibliography	
frasch-ref-02796	1995 :\' ore on .1 P.1!.1 per iod s.:u lprure from G.1llc.	Frasch 2013 Buddha image.pdf	unclear	false	false	false	58	false	true	false	false	low	manual_review	
frasch-ref-02797	In: Journ.ll of the Ro	Frasch 2013 Buddha image.pdf	unclear	false	false	false	22	false	false	false	false	low	manual_review	
frasch-ref-02798	·.1l Asi.1ric Socicr	Frasch 2013 Buddha image.pdf	unclear	false	false	false	20	false	false	false	false	low	manual_review	
frasch-ref-02799	· of	Frasch 2013 Buddha image.pdf	unclear	false	false	false	4	false	false	false	false	low	manual_review	
frasch-ref-02800	Sri L1nk.1 N.S. -lO: 171-172.	Frasch 2013 Buddha image.pdf	unclear	false	false	false	29	false	false	false	false	low	manual_review	
frasch-ref-02801	Duroisdk Cll.ll·!cs	Frasch 2013 Buddha image.pdf	unclear	false	false	false	19	false	false	false	false	low	manual_review	
frasch-ref-02802	I 91 I A. List nf I nscriprion:, Found in Burm.1.	Frasch 2013 Buddha image.pdf	unclear	false	false	false	49	false	false	true	false	low	manual_review	
frasch-ref-02803	R.lng<h)n.	Frasch 2013 Buddha image.pdf	unclear	false	false	false	10	false	false	false	false	low	manual_review	
frasch-ref-02804	Fr.1sch, Tilm.1n	Frasch 2013 Buddha image.pdf	unclear	false	false	false	16	false	false	true	false	low	manual_review	
frasch-ref-02805	"1998 A Buddhist net ""·ork in rhe B.1,. of Bcng.1l:"	Frasch 2013 Buddha image.pdf	unclear	false	false	false	50	false	true	true	false	low	manual_review	
frasch-ref-02806	Rd.uion, bct\\·ccn Bodhgan, Burnu .md Sri	Frasch 2013 Buddha image.pdf	bibliographic_reference	true	false	false	41	true	false	true	false	medium	use_for_bibliography	
frasch-ref-02807	Lmk.1 . c. 300- 1308. ln : Gui llot. C. I Lomb.mL	Frasch 2013 Buddha image.pdf	unclear	false	false	false	49	false	true	false	false	low	manual_review	
frasch-ref-02808	D . I Prak , R. {cds. ), From rhc i\l edircrr.1nc.1n	Frasch 2013 Buddha image.pdf	unclear	false	false	false	52	false	false	true	false	low	manual_review	
frasch-ref-02809	ro the South Chin.\ Sc.~: .\iisc dbneou	Frasch 2013 Buddha image.pdf	unclear	false	false	false	39	false	false	false	false	low	manual_review	
frasch-ref-02810	note	Frasch 2013 Buddha image.pdf	unclear	false	false	false	4	false	false	false	false	low	manual_review	
frasch-ref-02811	"pp. 69-91. \\""ic:>b.ukn."	Frasch 2013 Buddha image.pdf	unclear	false	false	false	24	false	false	true	false	low	manual_review	
frasch-ref-02812	lluiHingron. Sm.,n L.	Frasch 2013 Buddha image.pdf	unclear	false	false	false	21	false	false	true	false	low	manual_review	
frasch-ref-02813	"198~ The ""Pai.l-Sen.1"" schools of Sculptu re. Lei dc n."	Frasch 2013 Buddha image.pdf	unclear	false	false	false	55	false	false	true	false	low	manual_review	
frasch-ref-02814	U :--.l.lllng :--.t.lllng Tin	Frasch 2013 Buddha image.pdf	unclear	false	false	false	29	false	false	false	false	low	manual_review	
frasch-ref-02815	"1967 Konb.lllngtet :--.t.1h.\\"" .lz,\\vin-t.! \\""-g,·i. R.mgoon."	Frasch 2013 Buddha image.pdf	unclear	false	false	false	64	false	true	true	false	low	manual_review	
frasch-ref-02816	:--. L\Ialgod.l . 1\.itsiri	Frasch 2013 Buddha image.pdf	unclear	false	false	false	27	false	false	false	false	low	manual_review	
frasch-ref-02817	1976 Buddhism in Sinluksc' ScKicry. 1750-1 'JCO.	Frasch 2013 Buddha image.pdf	unclear	false	false	false	48	false	true	true	false	low	manual_review	
frasch-ref-02818	Bcrkc!.	Frasch 2013 Buddha image.pdf	unclear	false	false	false	7	false	false	false	false	low	manual_review	
frasch-ref-02819	v.	Frasch 2013 Buddha image.pdf	unclear	false	false	false	2	false	false	false	false	low	manual_review	
frasch-ref-02820	"Sas.lll,\\"",lm>.1"	Frasch 2013 Buddha image.pdf	bibliographic_reference	true	false	false	17	true	false	true	false	medium	use_for_bibliography	
frasch-ref-02821	I 897 Ed . b,· \1. Bode . Oxiord .	Frasch 2013 Buddha image.pdf	unclear	false	false	false	34	false	false	true	false	low	manual_review	
frasch-ref-02822	Sd1rt1der . Urich ,·on	Frasch 2013 Buddha image.pdf	unclear	false	false	false	22	false	false	true	false	low	manual_review	
frasch-ref-02823	1992 The Buddh.1 lnuge oi Sri L.mk.L !long Kong .	Frasch 2013 Buddha image.pdf	unclear	false	false	false	49	false	true	false	false	low	manual_review	
frasch-ref-02824	"T he Sas.\11.1\"".lms ,\."	Frasch 2013 Buddha image.pdf	unclear	false	false	false	24	false	false	true	false	low	manual_review	
frasch-ref-02825	1952 The llistcH ·,· ui rhe Buddh.1's Religion, rr.msl.	Frasch 2013 Buddha image.pdf	unclear	false	false	false	55	false	true	true	false	low	manual_review	
frasch-ref-02826	lw B. C. L1w. London .	Frasch 2013 Buddha image.pdf	unclear	false	false	false	22	false	false	false	false	low	manual_review	
frasch-ref-02827	Bcrichtc dcr P rojckte	Frasch 2013 Buddha image.pdf	unclear	false	false	false	22	false	false	false	false	low	manual_review	
frasch-ref-02828	der Komrni sion fi.ir Archaologic Au~ereuropaischer Kulturen	Frasch 2013 Buddha image.pdf	unclear	false	false	false	60	false	false	false	false	low	manual_review	
frasch-ref-02829	de Deutschen Archaologischen Instituts	Frasch 2013 Buddha image.pdf	unclear	false	false	false	38	false	false	false	false	low	manual_review	
frasch-ref-02830	"l=""'HALT"	Frasch 2013 Buddha image.pdf	unclear	false	false	false	8	false	false	true	false	low	manual_review	
frasch-ref-02831	N,1chruf Zurn Tod \-on l--lcnn .. 1nn ~l i.illc r- 1\...l rpc {192S bi!) 2CJ3) .... .... . ... . .......... 7	Frasch 2013 Buddha image.pdf	unclear	false	false	false	109	false	false	true	false	low	manual_review	
frasch-ref-02832	BuRKHARD VocT	Frasch 2013 Buddha image.pdf	unclear	false	false	false	13	false	false	false	false	low	manual_review	
frasch-ref-02833	An.:hiologischc Forschungcn zur ,-orcurop:iischcn \V.1ssernurnmg	Frasch 2013 Buddha image.pdf	unclear	false	false	false	64	false	false	true	false	low	manual_review	
frasch-ref-02834	in A,·:-. R:-.ng.1 Ub A Torokc H.1u, Osterinscl (R.1p.1 1 uilhla de P.1scu.1, Chile)	Frasch 2013 Buddha image.pdf	unclear	false	false	false	84	false	false	true	false	low	manual_review	
frasch-ref-02835	2007-2009 . . .. ........ ... . .... . ........... . ..... ............ ........... ...... 11	Frasch 2013 Buddha image.pdf	unclear	false	false	false	93	false	true	false	false	low	manual_review	
frasch-ref-02836	jOHA:-	Frasch 2013 Buddha image.pdf	unclear	false	false	false	6	false	false	false	false	low	manual_review	
frasch-ref-02837	' FS	Frasch 2013 Buddha image.pdf	unclear	false	false	false	4	false	false	false	false	low	manual_review	
frasch-ref-02838	_l OSER	Frasch 2013 Buddha image.pdf	unclear	false	false	false	7	false	false	false	false	low	manual_review	
frasch-ref-02839	Die Ausg r:1bung in llbhlc 1 YOn A\'.1 R.1ng.1 Uk.1 A Toroke 1-i:lu ............. . .. ... S 1	Frasch 2013 Buddha image.pdf	unclear	false	false	false	94	false	false	false	false	low	manual_review	
frasch-ref-02840	THO~ I :\S K ERSTF:-.	Frasch 2013 Buddha image.pdf	unclear	false	false	false	21	false	false	false	false	low	manual_review	
frasch-ref-02841	I :\J..\ R!-:-	Frasch 2013 Buddha image.pdf	unclear	false	false	false	14	false	false	false	false	low	manual_review	
frasch-ref-02842	LI:-	Frasch 2013 Buddha image.pdf	unclear	false	false	false	4	false	false	false	false	low	manual_review	
frasch-ref-02843	DSTA! · OT I 1\..i.r\ US :\l ECHFLKL'	Frasch 2013 Buddha image.pdf	unclear	false	false	false	37	false	false	false	false	low	manual_review	
frasch-ref-02844	Terrcstrisches L.1sersc.1nning ,lllf der Ostcrinscl - Dokument.nion der J\ lo.1i	Frasch 2013 Buddha image.pdf	unclear	false	false	false	80	false	false	true	false	low	manual_review	
frasch-ref-02845	und dcr arch:io]l)gischen Gr.1bungen ........ . .. ............... ............ ..... 67	Frasch 2013 Buddha image.pdf	unclear	false	false	false	88	false	false	false	false	low	manual_review	
frasch-ref-02846	j t'>RG \\'.E. FASSil i 'D l'R Kst '-IJA Bo:-.DAR	Frasch 2013 Buddha image.pdf	unclear	false	false	false	49	false	false	false	false	low	manual_review	
frasch-ref-02847	Gcophysiblische Prospekrion und m.1gneti.schc Eigemch.1ften 'nn .lllsge\\':ihlr~.·n	Frasch 2013 Buddha image.pdf	unclear	false	false	false	83	false	false	false	false	low	manual_review	
frasch-ref-02848	Bi.)dcn der Ost~.·rinsel ... . ..... . ... ... ....... . . .......... ...... .. . .... ..... .. 113	Frasch 2013 Buddha image.pdf	unclear	false	false	false	99	false	false	false	false	low	manual_review	
frasch-ref-02849	So:-	Frasch 2013 Buddha image.pdf	unclear	false	false	false	4	false	false	false	false	low	manual_review	
frasch-ref-02850	J.\ To.\t.·\Sso	Frasch 2013 Buddha image.pdf	unclear	false	false	false	15	false	false	false	false	low	manual_review	
frasch-ref-02851	Lcs reprcsem.nions zoo nwrphc.s du P P~ t\ cr du PP:\'B .n1 nord	Frasch 2013 Buddha image.pdf	unclear	false	false	false	64	false	false	false	false	low	manual_review	
frasch-ref-02852	du Prod1e -Oricnt ....... .. ...... ..... ....... ... ..... ..... .... ..... .... ...... 1-t 1	Frasch 2013 Buddha image.pdf	unclear	false	false	false	94	false	false	false	false	low	manual_review	
frasch-ref-02853	~T FI'H.\ :\ KROI I	Frasch 2013 Buddha image.pdf	unclear	false	false	false	19	false	false	false	false	low	manual_review	
frasch-ref-02854	The E.nh· l rlHl :\ g~.· Fort .n Lizq. Sult.1n.nc of Om.1n	Frasch 2013 Buddha image.pdf	unclear	false	false	false	58	false	false	false	false	low	manual_review	
frasch-ref-02855	tr.msl.n ed .1nd upd.ncd L)\· P.llll Al.1n Yule . ......... .. ...... ..... .. . .... .. .... I 59	Frasch 2013 Buddha image.pdf	unclear	false	false	false	98	false	false	false	false	low	manual_review	
frasch-ref-02856	S. S.\.\IPATH GARL..si:\H :\ I R ~.	Frasch 2013 Buddha image.pdf	unclear	false	false	false	35	false	false	false	false	low	manual_review	
frasch-ref-02857	nou- J. Borr:FI I L\:-.:s -J o.\CHI\1 \\ 't· IS\H :\.\R	Frasch 2013 Buddha image.pdf	unclear	false	false	false	55	false	false	false	false	low	manual_review	
frasch-ref-02858	1\..HU\\'.111.1. :-\ Dutch Fnrt in sl)Uthern Sri Lmk.L ..... .... ...... . .... .. .. ...... 22 1	Frasch 2013 Buddha image.pdf	unclear	false	false	false	97	false	false	false	false	low	manual_review	
frasch-ref-02859	l-11-IDRt.J'\ S\Hl·:\K	Frasch 2013 Buddha image.pdf	unclear	false	false	false	22	false	false	false	false	low	manual_review	
frasch-ref-02860	Porcebin fmm the !: .1st .1nd c.1rthen\\'.1re frnm the ncighlhnlrh<.)l)d	Frasch 2013 Buddha image.pdf	unclear	false	false	false	72	false	false	false	true	low	manual_review	
frasch-ref-02861	- Rcnurks on the potten from Dutch Fort 1\..HU\\'.111.1. .... ......... . ...... ... . 2-t I	Frasch 2013 Buddha image.pdf	unclear	false	false	false	92	false	false	false	false	low	manual_review	
frasch-ref-02862	Til .\1:\:\ FtUS CH	Frasch 2013 Buddha image.pdf	unclear	false	false	false	19	false	false	false	false	low	manual_review	
frasch-ref-02863	A P.1L1-Pcriod Buddh.1 lm.1gc \\'ith .1 Bunn,·sc I nscriprion fmm G.1lk .... .. ... ..... 261	Frasch 2013 Buddha image.pdf	catalogue_note	false	true	false	93	false	false	true	false	medium	use_for_catalogue_evidence	
frasch-ref-02864	Raichrc dcr Projcl..>r, th r J.:ommi))ion Ji'tr . \rch:iologic Auj.\ac11rop.uschcr A lllrllrcn de_	Frasch 2013 Buddha image.pdf	unclear	false	false	false	98	false	false	true	false	low	manual_review	
frasch-ref-02865	Dc11tschcn .4 rch.'iologlschen ln sruurs	Frasch 2013 Buddha image.pdf	unclear	false	false	false	40	false	false	false	false	low	manual_review	
frasch-ref-02866	jOH .\:'\:\l :S	Frasch 2013 Buddha image.pdf	unclear	false	false	false	15	false	false	false	false	low	manual_review	
frasch-ref-02867	\I OSI:.R	Frasch 2013 Buddha image.pdf	unclear	false	false	false	9	false	false	false	false	low	manual_review	
frasch-ref-02868	t\ rch:iologische Erk u ndu n~en .lll f der lnsel ~ L1L1ir.1, S.1lomon~n ... . .. . . . .. .. . .. . . 269	Frasch 2013 Buddha image.pdf	unclear	false	false	false	106	false	false	true	false	low	manual_review	
frasch-ref-02869	BuRKIIARD VoGT joitA'\:\FS .\1 osrR	Frasch 2013 Buddha image.pdf	unclear	false	false	false	35	false	false	false	false	low	manual_review	
frasch-ref-02870	t\ndcnrr.msekt 2: Die Obertl:ichenbcgehungcn des Pro~ e.:ro B.1jo Rio Gr.1mk	Frasch 2013 Buddha image.pdf	unclear	false	false	false	76	false	false	false	false	low	manual_review	
frasch-ref-02871	Peru (2008-20 1 1) .......................... ...... ............. ........ ...... 2S I	Frasch 2013 Buddha image.pdf	unclear	false	false	false	87	false	true	false	false	low	manual_review	
frasch-ref-02872	U Aung Thaw 1968. Report on the Excavations at Beikthano. Rangoon: Ministry of Culture.	Frasch Pyu handlist.pdf	unclear	false	false	false	87	false	true	true	true	low	manual_review	
frasch-ref-02873	"U Aung Thaw 1968. ""New light on Pyu culture ."" Union of Burma Journal of Literature and"	Frasch Pyu handlist.pdf	unclear	false	false	false	87	false	true	true	true	low	manual_review	
frasch-ref-02874	Social Science 1 0), p. 49-59 (Burmese, with English summary).	Frasch Pyu handlist.pdf	unclear	false	false	false	62	false	false	true	false	low	manual_review	
frasch-ref-02875	U Aung Thaw 1959. Preliminary Report on the Excavations at Peikthano. Rangoon:	Frasch Pyu handlist.pdf	unclear	false	false	false	78	false	true	true	true	low	manual_review	
frasch-ref-02876	Archaeology Department.	Frasch Pyu handlist.pdf	unclear	false	false	false	23	false	false	false	false	low	manual_review	
frasch-ref-02877	"Michael Aung-Thwin 1989. ""Burma before Pagan."" Asian Perspectives 25 (2), p. 1-21."	Frasch Pyu handlist.pdf	unclear	false	false	false	82	false	true	true	false	low	manual_review	
frasch-ref-02878	Leon de Beylie 1907. Prome et Samara: Voyage archeologiqu e en Birmanie et	Frasch Pyu handlist.pdf	unclear	false	false	false	74	false	true	false	false	low	manual_review	
frasch-ref-02879	Mesopotamie. Paris: Leroux.	Frasch Pyu handlist.pdf	unclear	false	false	false	27	false	false	false	false	low	manual_review	
frasch-ref-02880	"Charles Otto Blagden 1911. ""A preliminary Study of the fourth Text of the Myazedi"	Frasch Pyu handlist.pdf	unclear	false	false	false	81	false	true	true	false	low	manual_review	
frasch-ref-02881	"Inscriptions."" Journal of the Royal Asiatic Society, p. 365-388."	Frasch Pyu handlist.pdf	unclear	false	false	false	64	false	false	true	true	low	manual_review	
frasch-ref-02882	"Charles Otto Blagden 1913-14. ""The 'Pyu' Inscriptions."" Epigraphia Indica 12, p. 127-132"	Frasch Pyu handlist.pdf	unclear	false	false	false	88	false	true	true	true	low	manual_review	
frasch-ref-02883	(repr. in JBRS 7, 1917, p. 37-44).	Frasch Pyu handlist.pdf	unclear	false	false	false	34	false	true	true	true	low	manual_review	
frasch-ref-02884	"Chen Yi-Sein 2000. ""The Location of the Pyu Capital in the 800-832 Period ."" Myanmar"	Frasch Pyu handlist.pdf	unclear	false	false	false	84	false	true	true	false	low	manual_review	
frasch-ref-02885	Two Millennia. Proceedings of a Conference, ed. by Universities' Historical Research	Frasch Pyu handlist.pdf	unclear	false	false	false	84	false	false	true	true	low	manual_review	
frasch-ref-02886	Centre, vol. 2. Yangon: Universities' Historical Research Centre, p. 1-12.	Frasch Pyu handlist.pdf	bibliographic_reference	true	false	false	74	true	false	true	true	medium	use_for_bibliography	
frasch-ref-02887	"Chen Yi-Sein 1999. ""Lin-Yang (Visnu City), p t to 5th c. AD."" Studies in Myanma History"	Frasch Pyu handlist.pdf	unclear	false	false	false	87	false	true	true	false	low	manual_review	
frasch-ref-02888	(Essays Given to Than Tun on his 7Y' Birthday). Yangon: ... , p. 65-90.	Frasch Pyu handlist.pdf	unclear	false	false	false	71	false	false	true	true	low	manual_review	
frasch-ref-02889	12	Frasch Pyu handlist.pdf	unclear	false	false	false	2	false	false	false	false	low	manual_review	
frasch-ref-02890	Report oj the Superintendent, ASB,jor 1912-13, Rangoon 1913, § 38, p. 15, no. 7	Frasch Pyu handlist.pdf	unclear	false	false	false	79	false	true	true	true	low	manual_review	
frasch-ref-02891	"C. O. Blagden, ""The Pyu Inscriptions,"" EI 12, p. 127-132 (repr. JBRS 70),1917, p. 37- 44, no. 1 (""In [the year] 35, (a relative of 7) Sz:triyavikrama died"")"	Frasch Pyu handlist.pdf	unclear	false	false	false	156	false	true	true	true	low	manual_review	
frasch-ref-02892	"U San Win 1998. ""Pyu urn inscriptions."" Myanmar Historical Research Journal 2, p. 1-6 (in Burmese)"	Frasch Pyu handlist.pdf	unclear	false	false	false	98	false	true	true	true	low	manual_review	
frasch-ref-02893	"U San Win 2000-01. ""The date of the 'Hpayataung' Pyu inscription."" Indo-Asiatische Zeitschrift 4-5, p. 120-125"	Frasch Pyu handlist.pdf	unclear	false	false	false	110	false	true	true	false	low	manual_review	
frasch-ref-02894	"U San Win 2003. ""Dating the Hpayahtaung Pyu urn inscription."" Myanmar Historical Research Journal 11, p. 15-22"	Frasch Pyu handlist.pdf	unclear	false	false	false	110	false	true	true	true	low	manual_review	
frasch-ref-02895	"U Tun Aung Chain 2003. ""The kings of the Hpayataung urn inscription."" MHRJ 11, p. 1-14."	Frasch Pyu handlist.pdf	unclear	false	false	false	87	false	true	true	false	low	manual_review	
frasch-ref-02896	U Mya, Votive Tablets oj Burma, vol. 1, Rangoon 1961, no. 30	Frasch Pyu handlist.pdf	bibliographic_reference	true	false	false	60	true	true	true	true	high	use_for_bibliography	
frasch-ref-02897	Luce, Old Burma -Early Pagan, vol. 1, p. 99-100	Frasch Pyu handlist.pdf	bibliographic_reference	true	false	false	47	true	false	true	false	medium	use_for_bibliography	
frasch-ref-02898	Luce, Phases, no. 9	Frasch Pyu handlist.pdf	bibliographic_reference	true	false	false	19	true	false	true	false	medium	use_for_bibliography	
frasch-ref-02899	"written at the bottom in pecil: ""U Mya 105"""	Frasch Pyu handlist.pdf	unclear	false	false	false	43	false	false	true	false	low	manual_review	
frasch-ref-02900	Luce, Old Burma - Early Pagan, vol. 1, p. 100	Frasch Pyu handlist.pdf	bibliographic_reference	true	false	false	45	true	false	true	false	medium	use_for_bibliography	
frasch-ref-02901	"Taw Sein Ko, ""Discovery of two Inscriptions in Pyu,"" ARASI 1910-11, Calcutta (1915), p. 10-11, and Chas. Duroiselle, ""Excavations at Hmawza, Prome,"" ARASI 1911-12, Calcutta 1915, p. 143"	Frasch Pyu handlist.pdf	bibliographic_reference	true	false	false	185	true	true	true	true	high	use_for_bibliography	
frasch-ref-02902	Report oj the Superintendent, ASB,jor 1912-13, Rangoon 1913, § 38, p. 15, no. 7	Frasch Pyu handlist.pdf	unclear	false	false	false	79	false	true	true	true	low	manual_review	
frasch-ref-02903	Luce, Phases, vol. 1, p. 65, and pI. 6a	Frasch Pyu handlist.pdf	bibliographic_reference	true	false	false	39	true	false	true	false	medium	use_for_bibliography	
frasch-ref-02904	Report of he Superintendent, ASB, for 1914-15, Rangoon 1915, § 54, p. 21	Frasch Pyu handlist.pdf	unclear	false	false	false	72	false	true	true	true	low	manual_review	
frasch-ref-02905	"Taw Sein Ko, ""Excavations at Hmawza near Prome,"" ARASI 1909-1910, p. 120"	Frasch Pyu handlist.pdf	bibliographic_reference	true	false	false	72	true	true	true	true	high	use_for_bibliography	
frasch-ref-02906	Luce, Phases, p. 131, no. 21	Frasch Pyu handlist.pdf	bibliographic_reference	true	false	false	28	true	false	true	false	medium	use_for_bibliography	
frasch-ref-02907	"Beylie, Prome et Samara, p. 98: ""cette inscription est malhereuse-ment dans une etat deplorable et il n'y a guere que quelques lettres qui soient lisibles dans Ie haut droite"""	Frasch Pyu handlist.pdf	bibliographic_reference	true	false	false	175	true	false	true	false	medium	use_for_bibliography	
frasch-ref-02908	Stargardt etc einzeln aufschltisseln: - GoldbHHter, evtl set-weise - Inschrift auf Reliquar - N amen extra ?	Frasch Pyu handlist.pdf	unclear	false	false	false	108	false	false	true	false	low	manual_review	
frasch-ref-02909	Report of the Director, ASB, for the Year 1964-1965, Rangoon 1965, p. 37, no. 8	Frasch Pyu handlist.pdf	unclear	false	false	false	79	false	true	true	true	low	manual_review	
frasch-ref-02910	Report of the Director, ASB, for the Year 1964-1965, Rangoon 1965, p. 37, no. 9, and pI. 19	Frasch Pyu handlist.pdf	unclear	false	false	false	91	false	true	true	true	low	manual_review	
frasch-ref-02911	Luce, Phases, vol. 1. p. 131, and pIs. 16-17 in vol. 2	Frasch Pyu handlist.pdf	bibliographic_reference	true	false	false	54	true	false	true	false	medium	use_for_bibliography	
frasch-ref-02912	Report of the Director, ASB, for the year 1963-1964, Rangoon 1964, p. 19, and pI. 25, p. 59	Frasch Pyu handlist.pdf	unclear	false	false	false	91	false	true	true	true	low	manual_review	
frasch-ref-02913	Luce, Phases, p. 65 (and front cover of book)	Frasch Pyu handlist.pdf	bibliographic_reference	true	false	false	45	true	false	true	false	medium	use_for_bibliography	
frasch-ref-02914	Luces, Phases, p. 131, no. 51	Frasch Pyu handlist.pdf	bibliographic_reference	true	false	false	29	true	false	true	false	medium	use_for_bibliography	
frasch-ref-02915	Thiripyanchi U Mya, Pyu Phat-sa [Pyu Reader], p.	Frasch Pyu handlist.pdf	unclear	false	false	false	48	false	false	true	false	low	manual_review	
frasch-ref-02916	Luce, Phas es, no. 54	Frasch Pyu handlist.pdf	bibliographic_reference	true	false	false	21	true	false	true	false	medium	use_for_bibliography	
frasch-ref-02917	Report of he Superintendent, ASB,for 1914-15, Rangoon 1915, § 54, p. 21	Frasch Pyu handlist.pdf	unclear	false	false	false	71	false	true	true	true	low	manual_review	
frasch-ref-02918	Inscriptions of Burma, PI. IV 364a+b	Frasch Pyu handlist.pdf	unclear	false	false	false	36	false	false	true	false	low	manual_review	
frasch-ref-02919	She-haung Myanma Kyauk- sa-mya, vol. 1, p. 1+4	Frasch Pyu handlist.pdf	unclear	false	false	false	46	false	false	true	false	low	manual_review	
frasch-ref-02920	U E Maung, Selections from Inscriptions of Pagan, no. 3, p. 3	Frasch Pyu handlist.pdf	unclear	false	false	false	61	false	false	true	false	low	manual_review	
frasch-ref-02921	Epigraphia Birmanica 1 0), 1919, p. 1	Frasch Pyu handlist.pdf	unclear	false	false	false	37	false	true	true	true	low	manual_review	
frasch-ref-02922	Duroiselle, List of Inscriptions, nos. 51+52	Frasch Pyu handlist.pdf	bibliographic_reference	true	false	false	44	true	false	true	false	medium	use_for_bibliography	
frasch-ref-02923	C. O. Blagden, 7 (ga) 1 line	Frasch Pyu handlist.pdf	unclear	false	false	false	28	false	false	true	false	low	manual_review	
frasch-ref-02924	Luce, Phases, no. 59 (d): yarh trahna dra mra u pha [NB ·different readings] (gha) 1 line	Frasch Pyu handlist.pdf	bibliographic_reference	true	false	false	89	true	false	true	false	medium	use_for_bibliography	
frasch-ref-02925	Luce, Phases, no. 59 (f): bmi1: sga: Sc	Frasch Pyu handlist.pdf	bibliographic_reference	true	false	false	39	true	false	true	false	medium	use_for_bibliography	
frasch-ref-02926	t tba' kdi: [NB different readings]	Frasch Pyu handlist.pdf	unclear	false	false	false	35	false	false	false	false	low	manual_review	
