canonical_local_file_id	sha256	file_name	file_size	primary_original_path	all_original_paths	copied_path	duplicate_count	source_folder_hints	file_type	evidence_priority	copy_status	copy_date	notes
oxford_studies_in_semantics_and_pragmati-dce77745146a	dce77745146a138b10a850381d2f8cf9034c360ca6a2a802e66b260bfe5656fd	(Oxford studies in semantics and pragmatics) Murray, Sarah E - Semantics of evidentials-Oxford University Press (2017).pdf	1974939	OBI_LIBRARY_ROOT:Thematic/Evidentials/(Oxford studies in semantics and pragmatics) Murray, Sarah E - Semantics of evidentials-Oxford University Press (2017).pdf	OBI_LIBRARY_ROOT:Thematic/Evidentials/(Oxford studies in semantics and pragmatics) Murray, Sarah E - Semantics of evidentials-Oxford University Press (2017).pdf	data/local/bibliography_sources/oxford_studies_in_semantics_and_pragmati-dce77745146a/(Oxford studies in semantics and pragmatics) Murray, Sarah E - Semantics of evidentials-Oxford University Press (2017).pdf	0	Evidentials	pdf	medium	copied	2026-05-29T20:59:05.890791+00:00	
0_report_1904_07-35cc90aaf9db	35cc90aaf9dbeaba7838c7a926d9c955788661a21cc9817bc659ff03d4e9a635	0 Report 1904 07.pdf	655901142	OBI_LIBRARY_ROOT:Thematic/Burmese/Burma reports/0 Report 1904 07.pdf	OBI_LIBRARY_ROOT:Thematic/Burmese/Burma reports/0 Report 1904 07.pdf	data/local/bibliography_sources/0_report_1904_07-35cc90aaf9db/0 Report 1904 07.pdf	0	Burma reports	pdf	medium	copied	2026-05-29T21:20:20.175131+00:00	
000011-36bc4cb4fe70	36bc4cb4fe70b96b3638575d98d5b716771854fefc793fb3b312294f04c7b8ad	000011.PDF	3723637	OBI_LIBRARY_ROOT:Thematic/Tibetan/Tib texts/inscriptions/Author Inscriptions/New InscriptionPics/Khrom Chen/000011.PDF	OBI_LIBRARY_ROOT:Thematic/Tibetan/Tib texts/inscriptions/Author Inscriptions/New InscriptionPics/Khrom Chen/000011.PDF	data/local/bibliography_sources/000011-36bc4cb4fe70/000011.PDF	0	Khrom Chen	pdf	medium	copied	2026-05-29T20:58:58.388781+00:00	
011015-7d1a32a2d131	7d1a32a2d131867c0ef11b5f99deea55dc80fc8e5391e7ee9df7814f24117bbe	011015.pdf	914857	OBI_LIBRARY_ROOT:Thematic/Burmese/Burma JBRS/1911/011015.pdf	OBI_LIBRARY_ROOT:Thematic/Burmese/Burma JBRS/1911/011015.pdf | OBI_LIBRARY_ROOT:Thematic/Burmese/Burma JBRS/JBRS Originals/011015.pdf	data/local/bibliography_sources/011015-7d1a32a2d131/011015.pdf	1	1911 | JBRS Originals	pdf	medium	reused_existing	2026-05-29T22:23:00.637156+00:00	
011031-642d82a624e9	642d82a624e99dad7e482dbbcdee294e4dddd9c5337b3034d6b1368124fbba1b	011031.pdf	218967	OBI_LIBRARY_ROOT:Thematic/Burmese/Burma JBRS/1911/011031.pdf	OBI_LIBRARY_ROOT:Thematic/Burmese/Burma JBRS/1911/011031.pdf | OBI_LIBRARY_ROOT:Thematic/Burmese/Burma JBRS/1911/BuddhistEra-TawSeinKo1911.pdf | OBI_LIBRARY_ROOT:Thematic/Burmese/Burma JBRS/JBRS Originals/011031.pdf	data/local/bibliography_sources/011031-642d82a624e9/011031.pdf	2	1911 | JBRS Originals	pdf	medium	reused_existing	2026-05-29T22:23:00.637036+00:00	
011035-4201ec00447e	4201ec00447e6827b6de81e7efb8bb6f5a43bccb4b8cf8e963648d00eed25ced	011035.pdf	326085	OBI_LIBRARY_ROOT:Thematic/Burmese/Burma JBRS/1911/011035.pdf	OBI_LIBRARY_ROOT:Thematic/Burmese/Burma JBRS/1911/011035.pdf | OBI_LIBRARY_ROOT:Thematic/Burmese/Burma JBRS/1911/HumanSacrifcieUpperChindwin-Brown1911.pdf | OBI_LIBRARY_ROOT:Thematic/Burmese/Burma JBRS/JBRS Originals/011035.pdf	data/local/bibliography_sources/011035-4201ec00447e/011035.pdf	2	1911 | JBRS Originals	pdf	medium	reused_existing	2026-05-29T22:23:00.636915+00:00	
011041-2bc89eb3a71a	2bc89eb3a71af1c60be3e70e1006b68c9242f4c0599730c6a796459239ea2b91	011041.pdf	910242	OBI_LIBRARY_ROOT:Thematic/Burmese/Burma JBRS/1911/011041.pdf	OBI_LIBRARY_ROOT:Thematic/Burmese/Burma JBRS/1911/011041.pdf | OBI_LIBRARY_ROOT:Thematic/Burmese/Burma JBRS/1911/ElementaryLahooAkaWa_Antisdel-1911.pdf | OBI_LIBRARY_ROOT:Thematic/Burmese/Burma JBRS/JBRS Originals/011041.pdf	data/local/bibliography_sources/011041-2bc89eb3a71a/011041.pdf	2	1911 | JBRS Originals	pdf	medium	reused_existing	2026-05-29T22:23:00.636771+00:00	
011065-b0659f6c2c42	b0659f6c2c4271acd8cc076d05f76033b824e6bf958043051f705821697ce3b0	011065.pdf	220320	OBI_LIBRARY_ROOT:Thematic/Burmese/Burma JBRS/1911/011065.pdf	OBI_LIBRARY_ROOT:Thematic/Burmese/Burma JBRS/1911/011065.pdf | OBI_LIBRARY_ROOT:Thematic/Burmese/Burma JBRS/1911/LahooCreation_Antisdel-1911.pdf | OBI_LIBRARY_ROOT:Thematic/Burmese/Burma JBRS/JBRS Originals/011065.pdf	data/local/bibliography_sources/011065-b0659f6c2c42/011065.pdf	2	1911 | JBRS Originals	pdf	medium	reused_existing	2026-05-29T22:23:00.636652+00:00	
011070-30aadc4fc3e7	30aadc4fc3e7fa634327a993469f493061aa1e337ad25ad6fdc5682e87111483	011070.pdf	216117	OBI_LIBRARY_ROOT:Thematic/Burmese/Burma JBRS/1911/011070.pdf	OBI_LIBRARY_ROOT:Thematic/Burmese/Burma JBRS/1911/011070.pdf | OBI_LIBRARY_ROOT:Thematic/Burmese/Burma JBRS/JBRS Originals/011070.pdf	data/local/bibliography_sources/011070-30aadc4fc3e7/011070.pdf	1	1911 | JBRS Originals	pdf	medium	reused_existing	2026-05-29T22:23:00.636531+00:00	
011075-3890ed8b77e2	3890ed8b77e20bf3ace00639503b6bb44df995f759b47fe5e2ea59a489f26827	011075.pdf	420286	OBI_LIBRARY_ROOT:Thematic/Burmese/Burma JBRS/1911/011075.pdf	OBI_LIBRARY_ROOT:Thematic/Burmese/Burma JBRS/1911/011075.pdf | OBI_LIBRARY_ROOT:Thematic/Burmese/Burma JBRS/1911/KarenFolklore1-Gilmore1911.pdf | OBI_LIBRARY_ROOT:Thematic/Burmese/Burma JBRS/JBRS Originals/011075.pdf	data/local/bibliography_sources/011075-3890ed8b77e2/011075.pdf	2	1911 | JBRS Originals	pdf	medium	reused_existing	2026-05-29T22:23:00.636412+00:00	
011083-66f23b6e0a42	66f23b6e0a42c7bd63a46b0b36dbb4442548625cce1a55d47c4c5cc09840c108	011083.pdf	158905	OBI_LIBRARY_ROOT:Thematic/Burmese/Burma JBRS/1911/011083.pdf	OBI_LIBRARY_ROOT:Thematic/Burmese/Burma JBRS/1911/011083.pdf | OBI_LIBRARY_ROOT:Thematic/Burmese/Burma JBRS/1911/Kings-Brown1911.pdf | OBI_LIBRARY_ROOT:Thematic/Burmese/Burma JBRS/JBRS Originals/011083.pdf	data/local/bibliography_sources/011083-66f23b6e0a42/011083.pdf	2	1911 | JBRS Originals	pdf	medium	reused_existing	2026-05-29T22:23:00.636299+00:00	
011087-4e3220d05a64	4e3220d05a6450e3e131cd9db9fa00ce1f355db81fef287fd0c8369c2ead5741	011087.pdf	287118	OBI_LIBRARY_ROOT:Thematic/Burmese/Burma JBRS/1911/011087.pdf	OBI_LIBRARY_ROOT:Thematic/Burmese/Burma JBRS/1911/011087.pdf | OBI_LIBRARY_ROOT:Thematic/Burmese/Burma JBRS/JBRS Originals/011087.pdf	data/local/bibliography_sources/011087-4e3220d05a64/011087.pdf	1	1911 | JBRS Originals	pdf	medium	reused_existing	2026-05-29T22:23:00.636184+00:00	
011092-763ce641b5ae	763ce641b5aeb4bccd3284d40aa74213a18fa5f4c45569132622233a6b4562f6	011092.pdf	244364	OBI_LIBRARY_ROOT:Thematic/Burmese/Burma JBRS/1911/011092.pdf	OBI_LIBRARY_ROOT:Thematic/Burmese/Burma JBRS/1911/011092.pdf | OBI_LIBRARY_ROOT:Thematic/Burmese/Burma JBRS/JBRS Originals/011092.pdf	data/local/bibliography_sources/011092-763ce641b5ae/011092.pdf	1	1911 | JBRS Originals	pdf	medium	reused_existing	2026-05-29T22:23:00.636069+00:00	
011096-e06a26f51f14	e06a26f51f14ca87c5f42d2363ecf6f789a0e7ff6dfa4da7ca1d9fcc4536a7de	011096.pdf	83162	OBI_LIBRARY_ROOT:Thematic/Burmese/Burma JBRS/1911/011096.pdf	OBI_LIBRARY_ROOT:Thematic/Burmese/Burma JBRS/1911/011096.pdf | OBI_LIBRARY_ROOT:Thematic/Burmese/Burma JBRS/JBRS Originals/011096.pdf	data/local/bibliography_sources/011096-e06a26f51f14/011096.pdf	1	1911 | JBRS Originals	pdf	medium	reused_existing	2026-05-29T22:23:00.635944+00:00	
011098-dfc0debb3b75	dfc0debb3b755ca9607ae0c14eee5ca3a2aea9125addd2026c85acda83ec4565	011098.pdf	64887	OBI_LIBRARY_ROOT:Thematic/Burmese/Burma JBRS/1911/011098.pdf	OBI_LIBRARY_ROOT:Thematic/Burmese/Burma JBRS/1911/011098.pdf | OBI_LIBRARY_ROOT:Thematic/Burmese/Burma JBRS/JBRS Originals/011098.pdf	data/local/bibliography_sources/011098-dfc0debb3b75/011098.pdf	1	1911 | JBRS Originals	pdf	medium	reused_existing	2026-05-29T22:23:00.635821+00:00	
011099-e396af76a9cb	e396af76a9cb988dc93ee6514e1e44319bcd12a32d88583b8a0e4ab02e74abec	011099.pdf	200330	OBI_LIBRARY_ROOT:Thematic/Burmese/Burma JBRS/1911/011099.pdf	OBI_LIBRARY_ROOT:Thematic/Burmese/Burma JBRS/1911/011099.pdf | OBI_LIBRARY_ROOT:Thematic/Burmese/Burma JBRS/1911/GrantBrown-1911-BurmeseSongs.pdf | OBI_LIBRARY_ROOT:Thematic/Burmese/Burma JBRS/JBRS Originals/011099.pdf	data/local/bibliography_sources/011099-e396af76a9cb/011099.pdf	2	1911 | JBRS Originals	pdf	medium	reused_existing	2026-05-29T22:23:00.635702+00:00	
011103-250b2aeefb9c	250b2aeefb9ce984e932aaf39440857108acc7b5fd11b35be1f0733e0031c2e8	011103.pdf	316021	OBI_LIBRARY_ROOT:Thematic/Burmese/Burma JBRS/1911/011103.pdf	OBI_LIBRARY_ROOT:Thematic/Burmese/Burma JBRS/1911/011103.pdf | OBI_LIBRARY_ROOT:Thematic/Burmese/Burma JBRS/JBRS Originals/011103.pdf	data/local/bibliography_sources/011103-250b2aeefb9c/011103.pdf	1	1911 | JBRS Originals	pdf	medium	reused_existing	2026-05-29T22:23:00.635580+00:00	
011107-718d5525913f	718d5525913fcbe0c06706235411adca178cb7d09e3d4f4ef144a72f8e52a0d4	011107.pdf	99695	OBI_LIBRARY_ROOT:Thematic/Burmese/Burma JBRS/1911/011107.pdf	OBI_LIBRARY_ROOT:Thematic/Burmese/Burma JBRS/1911/011107.pdf | OBI_LIBRARY_ROOT:Thematic/Burmese/Burma JBRS/JBRS Originals/011107.pdf	data/local/bibliography_sources/011107-718d5525913f/011107.pdf	1	1911 | JBRS Originals	pdf	medium	reused_existing	2026-05-29T22:23:00.635453+00:00	
011109-0929ec670e31	0929ec670e312b8669bc1f5808530557582a4de0cf29a72e5130ccc399347c4a	011109.pdf	51737	OBI_LIBRARY_ROOT:Thematic/Burmese/Burma JBRS/1911/011109.pdf	OBI_LIBRARY_ROOT:Thematic/Burmese/Burma JBRS/1911/011109.pdf | OBI_LIBRARY_ROOT:Thematic/Burmese/Burma JBRS/JBRS Originals/011109.pdf	data/local/bibliography_sources/011109-0929ec670e31/011109.pdf	1	1911 | JBRS Originals	pdf	medium	reused_existing	2026-05-29T22:23:00.635333+00:00	
011109a-c8814bf030c2	c8814bf030c25ecf87e75d6d67eb25f3a1e3303bc12353c8d1b8946b9f7d967c	011109A.pdf	35683	OBI_LIBRARY_ROOT:Thematic/Burmese/Burma JBRS/1911/011109A.pdf	OBI_LIBRARY_ROOT:Thematic/Burmese/Burma JBRS/1911/011109A.pdf | OBI_LIBRARY_ROOT:Thematic/Burmese/Burma JBRS/JBRS Originals/011109A.pdf	data/local/bibliography_sources/011109a-c8814bf030c2/011109A.pdf	1	1911 | JBRS Originals	pdf	medium	reused_existing	2026-05-29T22:23:00.635214+00:00	
011112-62c1e0363d56	62c1e0363d566e898b1a2f44cc19829682bd413d0e4f9e9bdfae9b2505633255	011112.pdf	77089	OBI_LIBRARY_ROOT:Thematic/Burmese/Burma JBRS/1911/011112.pdf	OBI_LIBRARY_ROOT:Thematic/Burmese/Burma JBRS/1911/011112.pdf | OBI_LIBRARY_ROOT:Thematic/Burmese/Burma JBRS/1911/GR-ReviewYunnanBook.pdf | OBI_LIBRARY_ROOT:Thematic/Burmese/Burma JBRS/JBRS Originals/011112.pdf	data/local/bibliography_sources/011112-62c1e0363d56/011112.pdf	2	1911 | JBRS Originals	pdf	medium	reused_existing	2026-05-29T22:23:00.635098+00:00	
011113-d7410a638dd9	d7410a638dd97331710954bef38a00f9ed6ee272db95dcb651c96008e0cbef2d	011113.pdf	259353	OBI_LIBRARY_ROOT:Thematic/Burmese/Burma JBRS/1911/011113.pdf	OBI_LIBRARY_ROOT:Thematic/Burmese/Burma JBRS/1911/011113.pdf | OBI_LIBRARY_ROOT:Thematic/Burmese/Burma JBRS/JBRS Originals/011113.pdf	data/local/bibliography_sources/011113-d7410a638dd9/011113.pdf	1	1911 | JBRS Originals	pdf	medium	reused_existing	2026-05-29T22:23:00.634980+00:00	
011117-611db3ad2cfd	611db3ad2cfdcbf1c2de92f7884fa7876445a9d2f3835f8a99304c2850665040	011117.pdf	164282	OBI_LIBRARY_ROOT:Thematic/Burmese/Burma JBRS/1911/011117.pdf	OBI_LIBRARY_ROOT:Thematic/Burmese/Burma JBRS/1911/011117.pdf | OBI_LIBRARY_ROOT:Thematic/Burmese/Burma JBRS/JBRS Originals/011117.pdf	data/local/bibliography_sources/011117-611db3ad2cfd/011117.pdf	1	1911 | JBRS Originals	pdf	medium	reused_existing	2026-05-29T22:23:00.634863+00:00	
011119-654ca2fff409	654ca2fff409b7ff97d54ce21f6ec1088f0f815a7e8f5a445aefc373c2f28577	011119.pdf	184837	OBI_LIBRARY_ROOT:Thematic/Burmese/Burma JBRS/1911/011119.pdf	OBI_LIBRARY_ROOT:Thematic/Burmese/Burma JBRS/1911/011119.pdf | OBI_LIBRARY_ROOT:Thematic/Burmese/Burma JBRS/1911/Haynes-PaliLiterature-1911.pdf | OBI_LIBRARY_ROOT:Thematic/Burmese/Burma JBRS/JBRS Originals/011119.pdf	data/local/bibliography_sources/011119-654ca2fff409/011119.pdf	2	1911 | JBRS Originals	pdf	medium	reused_existing	2026-05-29T22:23:00.634747+00:00	
011122-4e6b720936e2	4e6b720936e2c530f2906efa74eba43fa655e821aac79ce4a553c8ce2b401f54	011122.pdf	628272	OBI_LIBRARY_ROOT:Thematic/Burmese/Burma JBRS/1911/011122.pdf	OBI_LIBRARY_ROOT:Thematic/Burmese/Burma JBRS/1911/011122.pdf | OBI_LIBRARY_ROOT:Thematic/Burmese/Burma JBRS/1911/CD-ReviewBurmaThroughCenturies.pdf | OBI_LIBRARY_ROOT:Thematic/Burmese/Burma JBRS/JBRS Originals/011122.pdf	data/local/bibliography_sources/011122-4e6b720936e2/011122.pdf	2	1911 | JBRS Originals	pdf	medium	reused_existing	2026-05-29T22:23:00.634629+00:00	
011131-b5499d8eb174	b5499d8eb174f278d8833ac1355fe065889d03d788614f47ac8dda6b037e7d4a	011131.pdf	398303	OBI_LIBRARY_ROOT:Thematic/Burmese/Burma JBRS/1911/011131.pdf	OBI_LIBRARY_ROOT:Thematic/Burmese/Burma JBRS/1911/011131.pdf | OBI_LIBRARY_ROOT:Thematic/Burmese/Burma JBRS/JBRS Originals/011131.pdf	data/local/bibliography_sources/011131-b5499d8eb174/011131.pdf	1	1911 | JBRS Originals	pdf	medium	reused_existing	2026-05-29T22:23:00.634510+00:00	
011136-412a30c7d37d	412a30c7d37d4756bdebbfd49355b3aa212d1f56b9ddc4c5b1de9d5f31f56061	011136.pdf	249584	OBI_LIBRARY_ROOT:Thematic/Burmese/Burma JBRS/1911/011136.pdf	OBI_LIBRARY_ROOT:Thematic/Burmese/Burma JBRS/1911/011136.pdf | OBI_LIBRARY_ROOT:Thematic/Burmese/Burma JBRS/JBRS Originals/011136.pdf	data/local/bibliography_sources/011136-412a30c7d37d/011136.pdf	1	1911 | JBRS Originals	pdf	medium	reused_existing	2026-05-29T22:23:00.634392+00:00	
011140-7af3f6378d78	7af3f6378d78b6c78113ac8c7202becbed31b31caf4441e7699e9f8fca037977	011140.pdf	103804	OBI_LIBRARY_ROOT:Thematic/Burmese/Burma JBRS/1911/011140.pdf	OBI_LIBRARY_ROOT:Thematic/Burmese/Burma JBRS/1911/011140.pdf | OBI_LIBRARY_ROOT:Thematic/Burmese/Burma JBRS/JBRS Originals/011140.pdf	data/local/bibliography_sources/011140-7af3f6378d78/011140.pdf	1	1911 | JBRS Originals	pdf	medium	reused_existing	2026-05-29T22:23:00.634275+00:00	
011142-d4d21dbff26b	d4d21dbff26bec707b43898763b26bfcd1b9b9e231d8f9180d7ac819447c654b	011142.pdf	82588	OBI_LIBRARY_ROOT:Thematic/Burmese/Burma JBRS/1911/011142.pdf	OBI_LIBRARY_ROOT:Thematic/Burmese/Burma JBRS/1911/011142.pdf | OBI_LIBRARY_ROOT:Thematic/Burmese/Burma JBRS/JBRS Originals/011142.pdf	data/local/bibliography_sources/011142-d4d21dbff26b/011142.pdf	1	1911 | JBRS Originals	pdf	medium	reused_existing	2026-05-29T22:23:00.634149+00:00	
011143-7092f25827c4	7092f25827c4e7d74d3d96f7c8b2e41e47802cf07bd7bdd1cb4a22d6c1642d00	011143.pdf	35490	OBI_LIBRARY_ROOT:Thematic/Burmese/Burma JBRS/1911/011143.pdf	OBI_LIBRARY_ROOT:Thematic/Burmese/Burma JBRS/1911/011143.pdf | OBI_LIBRARY_ROOT:Thematic/Burmese/Burma JBRS/JBRS Originals/011143.pdf	data/local/bibliography_sources/011143-7092f25827c4/011143.pdf	1	1911 | JBRS Originals	pdf	medium	reused_existing	2026-05-29T22:23:00.634021+00:00	
011143a-c9c2b99ef0b4	c9c2b99ef0b4de4c1a2078f243e703a64b55061b727b58f8d0ef4c01edf31fe1	011143A.pdf	96828	OBI_LIBRARY_ROOT:Thematic/Burmese/Burma JBRS/1911/011143A.pdf	OBI_LIBRARY_ROOT:Thematic/Burmese/Burma JBRS/1911/011143A.pdf | OBI_LIBRARY_ROOT:Thematic/Burmese/Burma JBRS/JBRS Originals/011143A.pdf	data/local/bibliography_sources/011143a-c9c2b99ef0b4/011143A.pdf	1	1911 | JBRS Originals	pdf	medium	reused_existing	2026-05-29T22:23:00.633900+00:00	
011145-982b38c4fa0c	982b38c4fa0c718d1012f17212065e23f190a5c69afe23b51efcd71e6069bb7d	011145.pdf	114062	OBI_LIBRARY_ROOT:Thematic/Burmese/Burma JBRS/1911/011145.pdf	OBI_LIBRARY_ROOT:Thematic/Burmese/Burma JBRS/1911/011145.pdf | OBI_LIBRARY_ROOT:Thematic/Burmese/Burma JBRS/JBRS Originals/011145.pdf	data/local/bibliography_sources/011145-982b38c4fa0c/011145.pdf	1	1911 | JBRS Originals	pdf	medium	reused_existing	2026-05-29T22:23:00.633760+00:00	
011146-ef2e1f313359	ef2e1f31335967d9073845e5041bc15f0011cce4f1ff8ef05d3ad8c4a665a122	011146.pdf	60274	OBI_LIBRARY_ROOT:Thematic/Burmese/Burma JBRS/1911/011146.pdf	OBI_LIBRARY_ROOT:Thematic/Burmese/Burma JBRS/1911/011146.pdf | OBI_LIBRARY_ROOT:Thematic/Burmese/Burma JBRS/JBRS Originals/011146.pdf	data/local/bibliography_sources/011146-ef2e1f313359/011146.pdf	1	1911 | JBRS Originals	pdf	medium	reused_existing	2026-05-29T22:23:00.633640+00:00	
011147-52f8d443ab25	52f8d443ab251b54fbbc9cb7fe5269943aa17d23d5994a633ad0ecbc917ea60b	011147.pdf	32104	OBI_LIBRARY_ROOT:Thematic/Burmese/Burma JBRS/1911/011147.pdf	OBI_LIBRARY_ROOT:Thematic/Burmese/Burma JBRS/1911/011147.pdf | OBI_LIBRARY_ROOT:Thematic/Burmese/Burma JBRS/1911/CD-NoteHistoryBurma.pdf | OBI_LIBRARY_ROOT:Thematic/Burmese/Burma JBRS/JBRS Originals/011147.pdf	data/local/bibliography_sources/011147-52f8d443ab25/011147.pdf	2	1911 | JBRS Originals	pdf	medium	reused_existing	2026-05-29T22:23:00.633524+00:00	
011148-a406d1fa6b84	a406d1fa6b842daa221b6b594233de52746596f5da1c4c977cf3ef7ffb2fd839	011148.pdf	29662	OBI_LIBRARY_ROOT:Thematic/Burmese/Burma JBRS/1911/011148.pdf	OBI_LIBRARY_ROOT:Thematic/Burmese/Burma JBRS/1911/011148.pdf | OBI_LIBRARY_ROOT:Thematic/Burmese/Burma JBRS/1911/CD-NoteBuddhismIndoChina.pdf | OBI_LIBRARY_ROOT:Thematic/Burmese/Burma JBRS/JBRS Originals/011148.pdf	data/local/bibliography_sources/011148-a406d1fa6b84/011148.pdf	2	1911 | JBRS Originals	pdf	medium	reused_existing	2026-05-29T22:23:00.633401+00:00	
011148a-832f13c4787e	832f13c4787e3b143a2e7190bb032e939af4f5b2ecc8a162129d10b026f56e01	011148A.pdf	63717	OBI_LIBRARY_ROOT:Thematic/Burmese/Burma JBRS/1911/011148A.pdf	OBI_LIBRARY_ROOT:Thematic/Burmese/Burma JBRS/1911/011148A.pdf | OBI_LIBRARY_ROOT:Thematic/Burmese/Burma JBRS/JBRS Originals/011148A.pdf	data/local/bibliography_sources/011148a-832f13c4787e/011148A.pdf	1	1911 | JBRS Originals	pdf	medium	reused_existing	2026-05-29T22:23:00.633280+00:00	
011149-8d9beb4249cd	8d9beb4249cd0407e2abd35583aa92a0ca2248504570d7eefc836858d152297e	011149.pdf	47290	OBI_LIBRARY_ROOT:Thematic/Burmese/Burma JBRS/1911/011149.pdf	OBI_LIBRARY_ROOT:Thematic/Burmese/Burma JBRS/1911/011149.pdf | OBI_LIBRARY_ROOT:Thematic/Burmese/Burma JBRS/JBRS Originals/011149.pdf	data/local/bibliography_sources/011149-8d9beb4249cd/011149.pdf	1	1911 | JBRS Originals	pdf	medium	reused_existing	2026-05-29T22:23:00.633156+00:00	
011152-63a0b8d47367	63a0b8d47367e1d3160478fe08048e08b2402fc3ec2548cd08b57d38537ba36b	011152.pdf	205479	OBI_LIBRARY_ROOT:Thematic/Burmese/Burma JBRS/1911/011152.pdf	OBI_LIBRARY_ROOT:Thematic/Burmese/Burma JBRS/1911/011152.pdf | OBI_LIBRARY_ROOT:Thematic/Burmese/Burma JBRS/JBRS Originals/011152.pdf	data/local/bibliography_sources/011152-63a0b8d47367/011152.pdf	1	1911 | JBRS Originals	pdf	medium	reused_existing	2026-05-29T22:23:00.633037+00:00	
011155-4cd07852bd9f	4cd07852bd9fed368b5a58c1cbc7f0bdc4ccd3c080960e06f9ec9bf743898598	011155.pdf	71100	OBI_LIBRARY_ROOT:Thematic/Burmese/Burma JBRS/1911/011155.pdf	OBI_LIBRARY_ROOT:Thematic/Burmese/Burma JBRS/1911/011155.pdf | OBI_LIBRARY_ROOT:Thematic/Burmese/Burma JBRS/JBRS Originals/011155.pdf	data/local/bibliography_sources/011155-4cd07852bd9f/011155.pdf	1	1911 | JBRS Originals	pdf	medium	reused_existing	2026-05-29T22:23:00.632920+00:00	
011156-0d22485e8ffa	0d22485e8ffa59d1277f200fd421dd841436d857211e17ffcae6a98809168fb5	011156.pdf	82462	OBI_LIBRARY_ROOT:Thematic/Burmese/Burma JBRS/1911/011156.pdf	OBI_LIBRARY_ROOT:Thematic/Burmese/Burma JBRS/1911/011156.pdf | OBI_LIBRARY_ROOT:Thematic/Burmese/Burma JBRS/1911/ObituaryDeBeylie_Duroiselle1911.pdf | OBI_LIBRARY_ROOT:Thematic/Burmese/Burma JBRS/JBRS Originals/011156.pdf	data/local/bibliography_sources/011156-0d22485e8ffa/011156.pdf	2	1911 | JBRS Originals	pdf	medium	reused_existing	2026-05-29T22:23:00.632800+00:00	
012001-e1a50613e050	e1a50613e050c80b45186aecfdb779921e679e679c9e563d1760a06444cd3f72	012001.pdf	684670	OBI_LIBRARY_ROOT:Thematic/Burmese/Burma JBRS/JBRS Originals/012001.pdf	OBI_LIBRARY_ROOT:Thematic/Burmese/Burma JBRS/1911/ChineseAntiquitiesPagan-TawSeinKo1911.pdf | OBI_LIBRARY_ROOT:Thematic/Burmese/Burma JBRS/JBRS Originals/012001.pdf	data/local/bibliography_sources/012001-e1a50613e050/012001.pdf	1	1911 | JBRS Originals	pdf	medium	reused_existing	2026-05-29T22:23:00.632663+00:00	
012006-930b21185c80	930b21185c8087ff75c746104a79e1c126e39985d7450e910ee50fdf97b4d78f	012006.pdf	214329	OBI_LIBRARY_ROOT:Thematic/Burmese/Burma JBRS/JBRS Originals/012006.pdf	OBI_LIBRARY_ROOT:Thematic/Burmese/Burma JBRS/1911/FoundationPagan-Furnivall1911.pdf | OBI_LIBRARY_ROOT:Thematic/Burmese/Burma JBRS/JBRS Originals/012006.pdf	data/local/bibliography_sources/012006-930b21185c80/012006.pdf	1	1911 | JBRS Originals	pdf	medium	reused_existing	2026-05-29T22:23:00.632543+00:00	
012010-1c487d302c75	1c487d302c7554d16df9c9d912a9fda69e19f87335020fc4c113774074138f7b	012010.pdf	446970	OBI_LIBRARY_ROOT:Thematic/Burmese/Burma JBRS/JBRS Originals/012010.pdf	OBI_LIBRARY_ROOT:Thematic/Burmese/Burma JBRS/JBRS Originals/012010.pdf	data/local/bibliography_sources/012010-1c487d302c75/012010.pdf	0	JBRS Originals	pdf	medium	reused_existing	2026-05-29T22:23:00.632413+00:00	
012017-60b46a6c0292	60b46a6c029263e5cc33ce00251d2325bd741cf3c855bbba4abb0d53286c095e	012017.pdf	395509	OBI_LIBRARY_ROOT:Thematic/Burmese/Burma JBRS/JBRS Originals/012017.pdf	OBI_LIBRARY_ROOT:Thematic/Burmese/Burma JBRS/1911/GrantBrown-1911-ReviewLinguisticSurveyIndia.pdf | OBI_LIBRARY_ROOT:Thematic/Burmese/Burma JBRS/JBRS Originals/012017.pdf	data/local/bibliography_sources/012017-60b46a6c0292/012017.pdf	1	1911 | JBRS Originals	pdf	medium	reused_existing	2026-05-29T22:23:00.632287+00:00	
012024-d52548e46bd2	d52548e46bd2b497f7200fa8842c203d58b1477afdeec07be4c581a584c351e7	012024.pdf	85397	OBI_LIBRARY_ROOT:Thematic/Burmese/Burma JBRS/JBRS Originals/012024.pdf	OBI_LIBRARY_ROOT:Thematic/Burmese/Burma JBRS/1911/DerivationOfProme1_SA-1911.pdf | OBI_LIBRARY_ROOT:Thematic/Burmese/Burma JBRS/JBRS Originals/012024.pdf	data/local/bibliography_sources/012024-d52548e46bd2/012024.pdf	1	1911 | JBRS Originals	pdf	medium	reused_existing	2026-05-29T22:23:00.632161+00:00	
012026-4513001c02e8	4513001c02e8b3c4995fb10ba0a71f00c01a18301118ae7716c010269a40906e	012026.pdf	97390	OBI_LIBRARY_ROOT:Thematic/Burmese/Burma JBRS/JBRS Originals/012026.pdf	OBI_LIBRARY_ROOT:Thematic/Burmese/Burma JBRS/JBRS Originals/012026.pdf	data/local/bibliography_sources/012026-4513001c02e8/012026.pdf	0	JBRS Originals	pdf	medium	reused_existing	2026-05-29T22:23:00.632040+00:00	
012028-a5365fa04ee8	a5365fa04ee8465c924314cf5049a343b2c86efe3b8d5a7abb5a5b6a30eb6302	012028.pdf	202518	OBI_LIBRARY_ROOT:Thematic/Burmese/Burma JBRS/JBRS Originals/012028.pdf	OBI_LIBRARY_ROOT:Thematic/Burmese/Burma JBRS/JBRS Originals/012028.pdf	data/local/bibliography_sources/012028-a5365fa04ee8/012028.pdf	0	JBRS Originals	pdf	medium	reused_existing	2026-05-29T22:23:00.631911+00:00	
012032-07c032db1507	07c032db150743d743d7e742255431585e8fbf11bee171c66ad968f10422e0d0	012032.pdf	267335	OBI_LIBRARY_ROOT:Thematic/Burmese/Burma JBRS/JBRS Originals/012032.pdf	OBI_LIBRARY_ROOT:Thematic/Burmese/Burma JBRS/1911/LahooTradition_Antisdel-1911.pdf | OBI_LIBRARY_ROOT:Thematic/Burmese/Burma JBRS/JBRS Originals/012032.pdf	data/local/bibliography_sources/012032-07c032db1507/012032.pdf	1	1911 | JBRS Originals	pdf	medium	reused_existing	2026-05-29T22:23:00.631788+00:00	
012036-eda6c7c876c5	eda6c7c876c5cdc271e9425acba0eba4aa6dfa1a0fa0380a011b7c7c5d0e1bca	012036.pdf	465399	OBI_LIBRARY_ROOT:Thematic/Burmese/Burma JBRS/JBRS Originals/012036.pdf	OBI_LIBRARY_ROOT:Thematic/Burmese/Burma JBRS/1911/KarenFolklore2-Gilmore1911.pdf | OBI_LIBRARY_ROOT:Thematic/Burmese/Burma JBRS/JBRS Originals/012036.pdf	data/local/bibliography_sources/012036-eda6c7c876c5/012036.pdf	1	1911 | JBRS Originals	pdf	medium	reused_existing	2026-05-29T22:23:00.631652+00:00	
012043-4286c1a6de46	4286c1a6de464237aa36cf8ef3ef955a854d9fe4add459817f68026d2dc38536	012043.pdf	309306	OBI_LIBRARY_ROOT:Thematic/Burmese/Burma JBRS/JBRS Originals/012043.pdf	OBI_LIBRARY_ROOT:Thematic/Burmese/Burma JBRS/JBRS Originals/012043.pdf	data/local/bibliography_sources/012043-4286c1a6de46/012043.pdf	0	JBRS Originals	pdf	medium	reused_existing	2026-05-29T22:23:00.631524+00:00	
012046-6bfa8d9cff88	6bfa8d9cff88c927dee0f974cbf2db1e7ebbe17b36a1f715a5fdc3f06ab6b4ae	012046.pdf	368229	OBI_LIBRARY_ROOT:Thematic/Burmese/Burma JBRS/JBRS Originals/012046.pdf	OBI_LIBRARY_ROOT:Thematic/Burmese/Burma JBRS/JBRS Originals/012046.pdf	data/local/bibliography_sources/012046-6bfa8d9cff88/012046.pdf	0	JBRS Originals	pdf	medium	reused_existing	2026-05-29T22:23:00.631404+00:00	
012051-26b3daa6d9eb	26b3daa6d9eba2c9ff0dc97d8a141e057ce080fab32c2e5294e33e1dac370d9b	012051.pdf	119520	OBI_LIBRARY_ROOT:Thematic/Burmese/Burma JBRS/JBRS Originals/012051.pdf	OBI_LIBRARY_ROOT:Thematic/Burmese/Burma JBRS/JBRS Originals/012051.pdf	data/local/bibliography_sources/012051-26b3daa6d9eb/012051.pdf	0	JBRS Originals	pdf	medium	reused_existing	2026-05-29T22:23:00.631288+00:00	
012052-fe53d0c198f6	fe53d0c198f6221ecca5928abbd6fc0fb87c6e93fe8e4c2b65412d3a8d8ecbb2	012052.pdf	284706	OBI_LIBRARY_ROOT:Thematic/Burmese/Burma JBRS/JBRS Originals/012052.pdf	OBI_LIBRARY_ROOT:Thematic/Burmese/Burma JBRS/JBRS Originals/012052.pdf	data/local/bibliography_sources/012052-fe53d0c198f6/012052.pdf	0	JBRS Originals	pdf	medium	reused_existing	2026-05-29T22:23:00.631150+00:00	
012056-12aff3914a7b	12aff3914a7b5384307f23c32576f57a0def4184ae5aca2ce9363525995eaaa4	012056.pdf	94794	OBI_LIBRARY_ROOT:Thematic/Burmese/Burma JBRS/JBRS Originals/012056.pdf	OBI_LIBRARY_ROOT:Thematic/Burmese/Burma JBRS/JBRS Originals/012056.pdf	data/local/bibliography_sources/012056-12aff3914a7b/012056.pdf	0	JBRS Originals	pdf	medium	reused_existing	2026-05-29T22:23:00.631029+00:00	
012057-b4e681683902	b4e681683902736b7d168c47a133027bbc9bfeee16a926f5754e9d214bf36493	012057.pdf	205637	OBI_LIBRARY_ROOT:Thematic/Burmese/Burma JBRS/JBRS Originals/012057.pdf	OBI_LIBRARY_ROOT:Thematic/Burmese/Burma JBRS/JBRS Originals/012057.pdf	data/local/bibliography_sources/012057-b4e681683902/012057.pdf	0	JBRS Originals	pdf	medium	reused_existing	2026-05-29T22:23:00.630897+00:00	
012059-c3c491571363	c3c491571363054bfb37b6f49a9462d7d43c7701601e09847b55a9777e73f9ba	012059.pdf	55122	OBI_LIBRARY_ROOT:Thematic/Burmese/Burma JBRS/JBRS Originals/012059.pdf	OBI_LIBRARY_ROOT:Thematic/Burmese/Burma JBRS/JBRS Originals/012059.pdf	data/local/bibliography_sources/012059-c3c491571363/012059.pdf	0	JBRS Originals	pdf	medium	reused_existing	2026-05-29T22:23:00.630776+00:00	
012060-f73951f77186	f73951f77186bba0f8f997c6a59bb684b818bbdded71133e6754671b3cff4c9c	012060.pdf	408575	OBI_LIBRARY_ROOT:Thematic/Burmese/Burma JBRS/JBRS Originals/012060.pdf	OBI_LIBRARY_ROOT:Thematic/Burmese/Burma JBRS/JBRS Originals/012060.pdf	data/local/bibliography_sources/012060-f73951f77186/012060.pdf	0	JBRS Originals	pdf	medium	reused_existing	2026-05-29T22:23:00.630652+00:00	
012065-b07d064cecce	b07d064cecce9ad3e860f2b3d4982e051ec7f4a619972eb51175dc6c4746e60c	012065.pdf	132150	OBI_LIBRARY_ROOT:Thematic/Burmese/Burma JBRS/JBRS Originals/012065.pdf	OBI_LIBRARY_ROOT:Thematic/Burmese/Burma JBRS/JBRS Originals/012065.pdf	data/local/bibliography_sources/012065-b07d064cecce/012065.pdf	0	JBRS Originals	pdf	medium	reused_existing	2026-05-29T22:23:00.630531+00:00	
012067-e5fc57d93c5d	e5fc57d93c5da58b68c98712219f92856fee708ade18d1f2708ac6e53c00fd8f	012067.pdf	51942	OBI_LIBRARY_ROOT:Thematic/Burmese/Burma JBRS/JBRS Originals/012067.pdf	OBI_LIBRARY_ROOT:Thematic/Burmese/Burma JBRS/JBRS Originals/012067.pdf	data/local/bibliography_sources/012067-e5fc57d93c5d/012067.pdf	0	JBRS Originals	pdf	medium	reused_existing	2026-05-29T22:23:00.630409+00:00	
012067a-601ee68843c6	601ee68843c694d77cde884787822e2e73f6f908cd4212bd62e74951ca1bff12	012067A.pdf	69629	OBI_LIBRARY_ROOT:Thematic/Burmese/Burma JBRS/JBRS Originals/012067A.pdf	OBI_LIBRARY_ROOT:Thematic/Burmese/Burma JBRS/1911/CD-NoteAntiquitiesChamba.pdf | OBI_LIBRARY_ROOT:Thematic/Burmese/Burma JBRS/JBRS Originals/012067A.pdf	data/local/bibliography_sources/012067a-601ee68843c6/012067A.pdf	1	1911 | JBRS Originals	pdf	medium	reused_existing	2026-05-29T22:23:00.630286+00:00	
012068-c4a199952595	c4a19995259547944497bfdcba22cc8fbf62ea2a075dbcd1e04c2a88c63640f6	012068.pdf	71849	OBI_LIBRARY_ROOT:Thematic/Burmese/Burma JBRS/JBRS Originals/012068.pdf	OBI_LIBRARY_ROOT:Thematic/Burmese/Burma JBRS/1911/CD-noteNorthernCircleReport.pdf | OBI_LIBRARY_ROOT:Thematic/Burmese/Burma JBRS/JBRS Originals/012068.pdf	data/local/bibliography_sources/012068-c4a199952595/012068.pdf	1	1911 | JBRS Originals	pdf	medium	reused_existing	2026-05-29T22:23:00.630161+00:00	
012069-5daf08d19d51	5daf08d19d51a432c798a508372e0e2ee060ce3fdfd0f15d6e757783656cc36b	012069.pdf	63630	OBI_LIBRARY_ROOT:Thematic/Burmese/Burma JBRS/JBRS Originals/012069.pdf	OBI_LIBRARY_ROOT:Thematic/Burmese/Burma JBRS/JBRS Originals/012069.pdf	data/local/bibliography_sources/012069-5daf08d19d51/012069.pdf	0	JBRS Originals	pdf	medium	reused_existing	2026-05-29T22:23:00.630040+00:00	
012070-547bab4a118e	547bab4a118e366bd31bee2da9d7c21d0b3034e131d66b3c9936a2251f338d88	012070.pdf	174351	OBI_LIBRARY_ROOT:Thematic/Burmese/Burma JBRS/JBRS Originals/012070.pdf	OBI_LIBRARY_ROOT:Thematic/Burmese/Burma JBRS/1911/CD-NoteOnASI-report.pdf | OBI_LIBRARY_ROOT:Thematic/Burmese/Burma JBRS/JBRS Originals/012070.pdf	data/local/bibliography_sources/012070-547bab4a118e/012070.pdf	1	1911 | JBRS Originals	pdf	medium	reused_existing	2026-05-29T22:23:00.629918+00:00	
012072-e81b51e12494	e81b51e12494f7323ad55e2fae7a082af5d933d9bdfdbe327c83265f966c4d42	012072.pdf	39455	OBI_LIBRARY_ROOT:Thematic/Burmese/Burma JBRS/JBRS Originals/012072.pdf	OBI_LIBRARY_ROOT:Thematic/Burmese/Burma JBRS/1911/CD-NoteOnEasternCircleReport.pdf | OBI_LIBRARY_ROOT:Thematic/Burmese/Burma JBRS/JBRS Originals/012072.pdf	data/local/bibliography_sources/012072-e81b51e12494/012072.pdf	1	1911 | JBRS Originals	pdf	medium	reused_existing	2026-05-29T22:23:00.629789+00:00	
012072a-a13976f0d7e1	a13976f0d7e14bde8a8e89eb1f58614c762a06f5517c948719f0ee0839b29c32	012072A.pdf	279165	OBI_LIBRARY_ROOT:Thematic/Burmese/Burma JBRS/JBRS Originals/012072A.pdf	OBI_LIBRARY_ROOT:Thematic/Burmese/Burma JBRS/JBRS Originals/012072A.pdf	data/local/bibliography_sources/012072a-a13976f0d7e1/012072A.pdf	0	JBRS Originals	pdf	medium	reused_existing	2026-05-29T22:23:00.629663+00:00	
012076-d42545ae8db2	d42545ae8db2f06159e8f055fbd0997b44af51b95ff63e37ab9f6417e85e0fca	012076.pdf	60558	OBI_LIBRARY_ROOT:Thematic/Burmese/Burma JBRS/JBRS Originals/012076.pdf	OBI_LIBRARY_ROOT:Thematic/Burmese/Burma JBRS/JBRS Originals/012076.pdf	data/local/bibliography_sources/012076-d42545ae8db2/012076.pdf	0	JBRS Originals	pdf	medium	reused_existing	2026-05-29T22:23:00.629535+00:00	
012077-074ec0a2c2fc	074ec0a2c2fcadc9720cbaf02e60832a27f754388d48ad93f8e8b42f3006b8bb	012077.pdf	80380	OBI_LIBRARY_ROOT:Thematic/Burmese/Burma JBRS/JBRS Originals/012077.pdf	OBI_LIBRARY_ROOT:Thematic/Burmese/Burma JBRS/JBRS Originals/012077.pdf	data/local/bibliography_sources/012077-074ec0a2c2fc/012077.pdf	0	JBRS Originals	pdf	medium	reused_existing	2026-05-29T22:23:00.629416+00:00	
012078-8e8f573b5574	8e8f573b55744a508e7abb8e92fd54fa9adf7a45a63750286fbc0be527021846	012078.pdf	25124	OBI_LIBRARY_ROOT:Thematic/Burmese/Burma JBRS/JBRS Originals/012078.pdf	OBI_LIBRARY_ROOT:Thematic/Burmese/Burma JBRS/1911/CD-noteNorthernCircle.pdf | OBI_LIBRARY_ROOT:Thematic/Burmese/Burma JBRS/JBRS Originals/012078.pdf	data/local/bibliography_sources/012078-8e8f573b5574/012078.pdf	1	1911 | JBRS Originals	pdf	medium	reused_existing	2026-05-29T22:23:00.629294+00:00	
012078a-f209df9c93e6	f209df9c93e678da98b0548b5a2b5b6199e1d01967cb05e1d38faf5f301c1b46	012078A.pdf	109996	OBI_LIBRARY_ROOT:Thematic/Burmese/Burma JBRS/JBRS Originals/012078A.pdf	OBI_LIBRARY_ROOT:Thematic/Burmese/Burma JBRS/JBRS Originals/012078A.pdf	data/local/bibliography_sources/012078a-f209df9c93e6/012078A.pdf	0	JBRS Originals	pdf	medium	reused_existing	2026-05-29T22:23:00.629173+00:00	
012080-2d97390c74ec	2d97390c74ec4c8f6fa6ff1aa79e39346f6c587bf719119b716dadc80d20f38f	012080.pdf	83926	OBI_LIBRARY_ROOT:Thematic/Burmese/Burma JBRS/JBRS Originals/012080.pdf	OBI_LIBRARY_ROOT:Thematic/Burmese/Burma JBRS/JBRS Originals/012080.pdf	data/local/bibliography_sources/012080-2d97390c74ec/012080.pdf	0	JBRS Originals	pdf	medium	reused_existing	2026-05-29T22:23:00.629043+00:00	
012081-395dd805f286	395dd805f2860a2b2c74633182cc4f1a8cf36a82e91735af3a9546b2ce103fb0	012081.pdf	26293	OBI_LIBRARY_ROOT:Thematic/Burmese/Burma JBRS/JBRS Originals/012081.pdf	OBI_LIBRARY_ROOT:Thematic/Burmese/Burma JBRS/JBRS Originals/012081.pdf	data/local/bibliography_sources/012081-395dd805f286/012081.pdf	0	JBRS Originals	pdf	medium	reused_existing	2026-05-29T22:23:00.628918+00:00	
012081a-73fe4a41713a	73fe4a41713a9f1ecf3b18dad3be6f9687c7ae0132505eaf189292207f520026	012081A.pdf	86537	OBI_LIBRARY_ROOT:Thematic/Burmese/Burma JBRS/JBRS Originals/012081A.pdf	OBI_LIBRARY_ROOT:Thematic/Burmese/Burma JBRS/JBRS Originals/012081A.pdf	data/local/bibliography_sources/012081a-73fe4a41713a/012081A.pdf	0	JBRS Originals	pdf	medium	reused_existing	2026-05-29T22:23:00.628791+00:00	
012083-3498e3d21191	3498e3d211919cdcc6fd86eafe426310c655de51b1826c20c674c3caedb7d351	012083.pdf	98072	OBI_LIBRARY_ROOT:Thematic/Burmese/Burma JBRS/JBRS Originals/012083.pdf	OBI_LIBRARY_ROOT:Thematic/Burmese/Burma JBRS/JBRS Originals/012083.pdf	data/local/bibliography_sources/012083-3498e3d21191/012083.pdf	0	JBRS Originals	pdf	medium	reused_existing	2026-05-29T22:23:00.628661+00:00	
012084-b3cd6bb058eb	b3cd6bb058ebeb9e70056f0e6a11d592db77a20525e1c1d6a94ae62ac5b41c06	012084.pdf	187677	OBI_LIBRARY_ROOT:Thematic/Burmese/Burma JBRS/JBRS Originals/012084.pdf	OBI_LIBRARY_ROOT:Thematic/Burmese/Burma JBRS/1911/DessertationHeart_Bate1911.pdf | OBI_LIBRARY_ROOT:Thematic/Burmese/Burma JBRS/JBRS Originals/012084.pdf	data/local/bibliography_sources/012084-b3cd6bb058eb/012084.pdf	1	1911 | JBRS Originals	pdf	medium	reused_existing	2026-05-29T22:23:00.628531+00:00	
012087-e2bd6cc7dcd7	e2bd6cc7dcd7cc62c8915811a9cab4e992e6cdfc781fa8169eb52ad771f2530d	012087.pdf	111250	OBI_LIBRARY_ROOT:Thematic/Burmese/Burma JBRS/JBRS Originals/012087.pdf	OBI_LIBRARY_ROOT:Thematic/Burmese/Burma JBRS/JBRS Originals/012087.pdf	data/local/bibliography_sources/012087-e2bd6cc7dcd7/012087.pdf	0	JBRS Originals	pdf	medium	reused_existing	2026-05-29T22:23:00.628410+00:00	
012088-e86d63d4ea13	e86d63d4ea13dd2e0645f1665237a9a0322e35c1bcaf45b9f66c228e70c08335	012088.pdf	193156	OBI_LIBRARY_ROOT:Thematic/Burmese/Burma JBRS/JBRS Originals/012088.pdf	OBI_LIBRARY_ROOT:Thematic/Burmese/Burma JBRS/JBRS Originals/012088.pdf	data/local/bibliography_sources/012088-e86d63d4ea13/012088.pdf	0	JBRS Originals	pdf	medium	reused_existing	2026-05-29T22:23:00.628289+00:00	
012091-ea5f99cad5f1	ea5f99cad5f1215197ec230cc5892dc53c5830cfc8664f44e8c47b60722e4aeb	012091.pdf	200899	OBI_LIBRARY_ROOT:Thematic/Burmese/Burma JBRS/JBRS Originals/012091.pdf	OBI_LIBRARY_ROOT:Thematic/Burmese/Burma JBRS/JBRS Originals/012091.pdf	data/local/bibliography_sources/012091-ea5f99cad5f1/012091.pdf	0	JBRS Originals	pdf	medium	reused_existing	2026-05-29T22:23:00.628171+00:00	
012095-732e408367a4	732e408367a405bde97f978c6c6fd5b886e35ab733e5a40538da4e0916701500	012095.pdf	64810	OBI_LIBRARY_ROOT:Thematic/Burmese/Burma JBRS/JBRS Originals/012095.pdf	OBI_LIBRARY_ROOT:Thematic/Burmese/Burma JBRS/1911/Obituary-Cope1911.pdf | OBI_LIBRARY_ROOT:Thematic/Burmese/Burma JBRS/JBRS Originals/012095.pdf	data/local/bibliography_sources/012095-732e408367a4/012095.pdf	1	1911 | JBRS Originals	pdf	medium	reused_existing	2026-05-29T22:23:00.628051+00:00	
021001-6827aa20ae1c	6827aa20ae1c6df16b61bdff07cbf5cc05f860f3d49088f5bf2a761b1351679f	021001.pdf	399455	OBI_LIBRARY_ROOT:Thematic/Burmese/Burma JBRS/JBRS Originals/021001.pdf	OBI_LIBRARY_ROOT:Thematic/Burmese/Burma JBRS/1912/OriginBurmese-Brown1912.pdf | OBI_LIBRARY_ROOT:Thematic/Burmese/Burma JBRS/JBRS Originals/021001.pdf	data/local/bibliography_sources/021001-6827aa20ae1c/021001.pdf	1	1912 | JBRS Originals	pdf	medium	reused_existing	2026-05-29T22:23:00.627933+00:00	
021008-a56d140a2ccb	a56d140a2ccb99a6058179898c82b73b7ec7ae4044274b8942698f93fb54e6c7	021008.pdf	689690	OBI_LIBRARY_ROOT:Thematic/Burmese/Burma JBRS/JBRS Originals/021008.pdf	OBI_LIBRARY_ROOT:Thematic/Burmese/Burma JBRS/1912/ChronologyBurma-MayOung1912.pdf | OBI_LIBRARY_ROOT:Thematic/Burmese/Burma JBRS/JBRS Originals/021008.pdf	data/local/bibliography_sources/021008-a56d140a2ccb/021008.pdf	1	1912 | JBRS Originals	pdf	medium	reused_existing	2026-05-29T22:23:00.627810+00:00	
021030-ab92c7699c27	ab92c7699c27575ae00b7b0a7bb356f0449a2ec77fe21bed2bfb5a4ff48f7f05	021030.pdf	502950	OBI_LIBRARY_ROOT:Thematic/Burmese/Burma JBRS/JBRS Originals/021030.pdf	OBI_LIBRARY_ROOT:Thematic/Burmese/Burma JBRS/JBRS Originals/021030.pdf	data/local/bibliography_sources/021030-ab92c7699c27/021030.pdf	0	JBRS Originals	pdf	medium	reused_existing	2026-05-29T22:23:00.627689+00:00	
021038-b4487e7a4dfa	b4487e7a4dfa817e55984b6120b9ab1205c37dadc5652fdc6f0babb2597032ad	021038.pdf	396411	OBI_LIBRARY_ROOT:Thematic/Burmese/Burma JBRS/JBRS Originals/021038.pdf	OBI_LIBRARY_ROOT:Thematic/Burmese/Burma JBRS/1912/TalaingEpigraphy-Blagden1912.pdf | OBI_LIBRARY_ROOT:Thematic/Burmese/Burma JBRS/JBRS Originals/021038.pdf	data/local/bibliography_sources/021038-b4487e7a4dfa/021038.pdf	1	1912 | JBRS Originals	pdf	medium	reused_existing	2026-05-29T22:23:00.627560+00:00	
021044-f3332e157ab6	f3332e157ab6f70c1aaa7e234b7d83ce8dba010a995996ca1cf5a9c46389e81b	021044.pdf	822169	OBI_LIBRARY_ROOT:Thematic/Burmese/Burma JBRS/JBRS Originals/021044.pdf	OBI_LIBRARY_ROOT:Thematic/Burmese/Burma JBRS/JBRS Originals/021044.pdf	data/local/bibliography_sources/021044-f3332e157ab6/021044.pdf	0	JBRS Originals	pdf	medium	reused_existing	2026-05-29T22:23:00.627438+00:00	
021057-21ee07e3d244	21ee07e3d244fe6f672ea788d8ad412519f382bfa7623c35cebbb345fdc8371a	021057.pdf	303767	OBI_LIBRARY_ROOT:Thematic/Burmese/Burma JBRS/JBRS Originals/021057.pdf	OBI_LIBRARY_ROOT:Thematic/Burmese/Burma JBRS/1912/GrantBrown-Phonetics.pdf | OBI_LIBRARY_ROOT:Thematic/Burmese/Burma JBRS/JBRS Originals/021057.pdf	data/local/bibliography_sources/021057-21ee07e3d244/021057.pdf	1	1912 | JBRS Originals	pdf	medium	reused_existing	2026-05-29T22:23:00.627318+00:00	
021062-e2f85a8b8af1	e2f85a8b8af1d584c48c56c9f9fa581a0c74c8363a4666a5f39d126a5da10860	021062.pdf	140706	OBI_LIBRARY_ROOT:Thematic/Burmese/Burma JBRS/JBRS Originals/021062.pdf	OBI_LIBRARY_ROOT:Thematic/Burmese/Burma JBRS/JBRS Originals/021062.pdf	data/local/bibliography_sources/021062-e2f85a8b8af1/021062.pdf	0	JBRS Originals	pdf	medium	reused_existing	2026-05-29T22:23:00.627169+00:00	
021065-7d12b6fc10ff	7d12b6fc10ffb5e1a354e94188c4cb5adee228888bdd72ec9b0d32e7ea9bad55	021065.pdf	327228	OBI_LIBRARY_ROOT:Thematic/Burmese/Burma JBRS/JBRS Originals/021065.pdf	OBI_LIBRARY_ROOT:Thematic/Burmese/Burma JBRS/1912/LahooBeeswax_BaTe1912.pdf | OBI_LIBRARY_ROOT:Thematic/Burmese/Burma JBRS/JBRS Originals/021065.pdf	data/local/bibliography_sources/021065-7d12b6fc10ff/021065.pdf	1	1912 | JBRS Originals	pdf	medium	reused_existing	2026-05-29T22:23:00.627041+00:00	
may_oung_1929_prome_and_the_pyus_jbrs_2_-b82612456f38	b82612456f38f946e21a7c9690e9a8d7bbb990355ca7deac07069473ab521d5d	021072.pdf	103875	OBI_LIBRARY_ROOT:Thematic/Burmese/Burma JBRS/JBRS Originals/021072.pdf	OBI_LIBRARY_ROOT:Thematic/Burmese/Burma JBRS/JBRS Originals/021072.pdf | OBI_LIBRARY_ROOT:Thematic/Pyu/May Oung 1929 Prome and the Pyus JBRS 2, 72-3.pdf	data/local/bibliography_sources/may_oung_1929_prome_and_the_pyus_jbrs_2_-b82612456f38/May Oung 1929 Prome and the Pyus JBRS 2, 72-3.pdf	1	JBRS Originals | Pyu	pdf	medium	reused_existing	2026-05-29T22:23:00.626907+00:00	
021073-b64992e4dedb	b64992e4dedb5e20614f92439b001d7c297a98901695fd3dbc505cf95eed070d	021073.pdf	46934	OBI_LIBRARY_ROOT:Thematic/Burmese/Burma JBRS/JBRS Originals/021073.pdf	OBI_LIBRARY_ROOT:Thematic/Burmese/Burma JBRS/JBRS Originals/021073.pdf	data/local/bibliography_sources/021073-b64992e4dedb/021073.pdf	0	JBRS Originals	pdf	medium	reused_existing	2026-05-29T22:23:00.626776+00:00	
021074-45acef3dcde3	45acef3dcde3a6104ac9b7112b5fed35fb6a3b25aa5c3a84f164a90e00688e1b	021074.pdf	160578	OBI_LIBRARY_ROOT:Thematic/Burmese/Burma JBRS/JBRS Originals/021074.pdf	OBI_LIBRARY_ROOT:Thematic/Burmese/Burma JBRS/JBRS Originals/021074.pdf	data/local/bibliography_sources/021074-45acef3dcde3/021074.pdf	0	JBRS Originals	pdf	medium	reused_existing	2026-05-29T22:23:00.626646+00:00	
021076-a86f4eef601a	a86f4eef601aba41cd69f3b557e7699618d7f92f9205ead88baad5a88b9f247d	021076.pdf	24888	OBI_LIBRARY_ROOT:Thematic/Burmese/Burma JBRS/JBRS Originals/021076.pdf	OBI_LIBRARY_ROOT:Thematic/Burmese/Burma JBRS/1912/Bell-ABurmeseSaying.pdf | OBI_LIBRARY_ROOT:Thematic/Burmese/Burma JBRS/JBRS Originals/021076.pdf	data/local/bibliography_sources/021076-a86f4eef601a/021076.pdf	1	1912 | JBRS Originals	pdf	medium	reused_existing	2026-05-29T22:23:00.626512+00:00	
021077-cb1bb51e1418	cb1bb51e1418f3bd8a3796a2a1d7cdc101295017a0d735503c9d8acad5d60198	021077.pdf	68848	OBI_LIBRARY_ROOT:Thematic/Burmese/Burma JBRS/JBRS Originals/021077.pdf	OBI_LIBRARY_ROOT:Thematic/Burmese/Burma JBRS/1912/Report-OrientalLanguages.pdf | OBI_LIBRARY_ROOT:Thematic/Burmese/Burma JBRS/JBRS Originals/021077.pdf	data/local/bibliography_sources/021077-cb1bb51e1418/021077.pdf	1	1912 | JBRS Originals	pdf	medium	reused_existing	2026-05-29T22:23:00.626389+00:00	
021078-d339497ee1dd	d339497ee1dd614c4bd739012803f3237f4c0c6b4c66e68e31fd44bf2e04198b	021078.pdf	714384	OBI_LIBRARY_ROOT:Thematic/Burmese/Burma JBRS/JBRS Originals/021078.pdf	OBI_LIBRARY_ROOT:Thematic/Burmese/Burma JBRS/1912/ArchaeologyToungoo-Duroiselle1912.pdf | OBI_LIBRARY_ROOT:Thematic/Burmese/Burma JBRS/JBRS Originals/021078.pdf	data/local/bibliography_sources/021078-d339497ee1dd/021078.pdf	1	1912 | JBRS Originals	pdf	medium	reused_existing	2026-05-29T22:23:00.626262+00:00	
021089-ff13fedb53c6	ff13fedb53c63867636a7d29ea3f0188c056ed37de8b943ba5bac32b55099abb	021089.pdf	247067	OBI_LIBRARY_ROOT:Thematic/Burmese/Burma JBRS/JBRS Originals/021089.pdf	OBI_LIBRARY_ROOT:Thematic/Burmese/Burma JBRS/JBRS Originals/021089.pdf	data/local/bibliography_sources/021089-ff13fedb53c6/021089.pdf	0	JBRS Originals	pdf	medium	reused_existing	2026-05-29T22:23:00.626111+00:00	
021092-f8a87538e515	f8a87538e51568457f39bf484fb44d70da85bc600076ec8c0f67fb6d9a6b0863	021092.pdf	72238	OBI_LIBRARY_ROOT:Thematic/Burmese/Burma JBRS/JBRS Originals/021092.pdf	OBI_LIBRARY_ROOT:Thematic/Burmese/Burma JBRS/JBRS Originals/021092.pdf	data/local/bibliography_sources/021092-f8a87538e515/021092.pdf	0	JBRS Originals	pdf	medium	reused_existing	2026-05-29T22:23:00.625989+00:00	
021093-a2e7c6edbf7d	a2e7c6edbf7ddd201b4d31ce2ab0de4d5a0ca9f8b1a825d2c5741e60cb08810b	021093.pdf	70993	OBI_LIBRARY_ROOT:Thematic/Burmese/Burma JBRS/JBRS Originals/021093.pdf	OBI_LIBRARY_ROOT:Thematic/Burmese/Burma JBRS/1912/Duroiselle1912-BurmeseProsody-III.pdf | OBI_LIBRARY_ROOT:Thematic/Burmese/Burma JBRS/JBRS Originals/021093.pdf	data/local/bibliography_sources/021093-a2e7c6edbf7d/021093.pdf	1	1912 | JBRS Originals	pdf	medium	reused_existing	2026-05-29T22:23:00.625870+00:00	
021094-87e71e4a1898	87e71e4a1898c3afcc4a79a55c0b0eff923a3b1e16dbade181f66423c68e67c7	021094.pdf	337003	OBI_LIBRARY_ROOT:Thematic/Burmese/Burma JBRS/JBRS Originals/021094.pdf	OBI_LIBRARY_ROOT:Thematic/Burmese/Burma JBRS/JBRS Originals/021094.pdf	data/local/bibliography_sources/021094-87e71e4a1898/021094.pdf	0	JBRS Originals	pdf	medium	reused_existing	2026-05-29T22:23:00.625746+00:00	
021100-e3ca1d95f971	e3ca1d95f9711fa9b8081a73207da17661492bd46321d57b2ee33d6376f0cbfb	021100.pdf	61392	OBI_LIBRARY_ROOT:Thematic/Burmese/Burma JBRS/JBRS Originals/021100.pdf	OBI_LIBRARY_ROOT:Thematic/Burmese/Burma JBRS/1912/CD-NoteOnTalaing2.pdf | OBI_LIBRARY_ROOT:Thematic/Burmese/Burma JBRS/JBRS Originals/021100.pdf	data/local/bibliography_sources/021100-e3ca1d95f971/021100.pdf	1	1912 | JBRS Originals	pdf	medium	reused_existing	2026-05-29T22:23:00.625621+00:00	
021101-a70e6ebcd0be	a70e6ebcd0beb15a5e201f5b06b42d012bee2a3f140e4df85c346ab4efcba21e	021101.pdf	70770	OBI_LIBRARY_ROOT:Thematic/Burmese/Burma JBRS/JBRS Originals/021101.pdf	OBI_LIBRARY_ROOT:Thematic/Burmese/Burma JBRS/JBRS Originals/021101.pdf	data/local/bibliography_sources/021101-a70e6ebcd0be/021101.pdf	0	JBRS Originals	pdf	medium	reused_existing	2026-05-29T22:23:00.625504+00:00	
021102-47cd984de84e	47cd984de84e18f51dedd6e0106945b9017568757b9d68faa3277b354c418f3c	021102.pdf	71180	OBI_LIBRARY_ROOT:Thematic/Burmese/Burma JBRS/JBRS Originals/021102.pdf	OBI_LIBRARY_ROOT:Thematic/Burmese/Burma JBRS/1912/Duroiselle1912-Hypnotism.pdf | OBI_LIBRARY_ROOT:Thematic/Burmese/Burma JBRS/JBRS Originals/021102.pdf	data/local/bibliography_sources/021102-47cd984de84e/021102.pdf	1	1912 | JBRS Originals	pdf	medium	reused_existing	2026-05-29T22:23:00.625384+00:00	
021103-5ad576bc2bb5	5ad576bc2bb596ee486f9a1c1ad2e39d56062a677e079f4ee856516f11e39171	021103.pdf	184692	OBI_LIBRARY_ROOT:Thematic/Burmese/Burma JBRS/JBRS Originals/021103.pdf	OBI_LIBRARY_ROOT:Thematic/Burmese/Burma JBRS/JBRS Originals/021103.pdf	data/local/bibliography_sources/021103-5ad576bc2bb5/021103.pdf	0	JBRS Originals	pdf	medium	reused_existing	2026-05-29T22:23:00.625257+00:00	
021106-6d4b534bc547	6d4b534bc5472e35d0819af17f1f6f1b496455d5900c11733015e477d210a905	021106.pdf	40482	OBI_LIBRARY_ROOT:Thematic/Burmese/Burma JBRS/JBRS Originals/021106.pdf	OBI_LIBRARY_ROOT:Thematic/Burmese/Burma JBRS/JBRS Originals/021106.pdf	data/local/bibliography_sources/021106-6d4b534bc547/021106.pdf	0	JBRS Originals	pdf	medium	reused_existing	2026-05-29T22:23:00.625126+00:00	
021107-a9645b2e5e1f	a9645b2e5e1f46318385ec18287b2d862ef2de9c89466168fa80c6dae194c62a	021107.pdf	383652	OBI_LIBRARY_ROOT:Thematic/Burmese/Burma JBRS/JBRS Originals/021107.pdf	OBI_LIBRARY_ROOT:Thematic/Burmese/Burma JBRS/1912/Cochrane-Review-ShanStudy.pdf | OBI_LIBRARY_ROOT:Thematic/Burmese/Burma JBRS/JBRS Originals/021107.pdf	data/local/bibliography_sources/021107-a9645b2e5e1f/021107.pdf	1	1912 | JBRS Originals	pdf	medium	reused_existing	2026-05-29T22:23:00.624996+00:00	
021112-c873814f58c7	c873814f58c7f22a785c38125444ecb26352c90133fdea3fc20bf3daeb49be3e	021112.pdf	307690	OBI_LIBRARY_ROOT:Thematic/Burmese/Burma JBRS/JBRS Originals/021112.pdf	OBI_LIBRARY_ROOT:Thematic/Burmese/Burma JBRS/JBRS Originals/021112.pdf	data/local/bibliography_sources/021112-c873814f58c7/021112.pdf	0	JBRS Originals	pdf	medium	reused_existing	2026-05-29T22:23:00.624867+00:00	
021116-d6d09984eb53	d6d09984eb5385b8a0619a227612e59e048ed10e5ceded78ae5258b4d67671fb	021116.pdf	61307	OBI_LIBRARY_ROOT:Thematic/Burmese/Burma JBRS/JBRS Originals/021116.pdf	OBI_LIBRARY_ROOT:Thematic/Burmese/Burma JBRS/JBRS Originals/021116.pdf	data/local/bibliography_sources/021116-d6d09984eb53/021116.pdf	0	JBRS Originals	pdf	medium	reused_existing	2026-05-29T22:23:00.624731+00:00	
021117-388297a119a1	388297a119a177887b30f76aaacce6482f1e47172766ff4e6c382f79e80aa32b	021117.pdf	112868	OBI_LIBRARY_ROOT:Thematic/Burmese/Burma JBRS/JBRS Originals/021117.pdf	OBI_LIBRARY_ROOT:Thematic/Burmese/Burma JBRS/JBRS Originals/021117.pdf	data/local/bibliography_sources/021117-388297a119a1/021117.pdf	0	JBRS Originals	pdf	medium	reused_existing	2026-05-29T22:23:00.624604+00:00	
021119-71fce7cacf64	71fce7cacf6484e2c438ae3b352bb11d2923e69fed79d79f3872b8c1f9f4a762	021119.pdf	184807	OBI_LIBRARY_ROOT:Thematic/Burmese/Burma JBRS/JBRS Originals/021119.pdf	OBI_LIBRARY_ROOT:Thematic/Burmese/Burma JBRS/JBRS Originals/021119.pdf	data/local/bibliography_sources/021119-71fce7cacf64/021119.pdf	0	JBRS Originals	pdf	medium	reused_existing	2026-05-29T22:23:00.624486+00:00	
021122-4fb2435e6ff7	4fb2435e6ff7c1cab9ff81075cbea00cf83046a3d0a98c9dcf7d5dbba40585be	021122.pdf	93403	OBI_LIBRARY_ROOT:Thematic/Burmese/Burma JBRS/JBRS Originals/021122.pdf	OBI_LIBRARY_ROOT:Thematic/Burmese/Burma JBRS/1912/CD-IndianCompaniesAct.pdf | OBI_LIBRARY_ROOT:Thematic/Burmese/Burma JBRS/JBRS Originals/021122.pdf	data/local/bibliography_sources/021122-4fb2435e6ff7/021122.pdf	1	1912 | JBRS Originals	pdf	medium	reused_existing	2026-05-29T22:23:00.624364+00:00	
021153-c0b5429f7583	c0b5429f7583517881f2cb67b9497d5d90cb2def74014d406132045368db8c2e	021153.pdf	489895	OBI_LIBRARY_ROOT:Thematic/Burmese/Burma JBRS/JBRS Originals/021153.pdf	OBI_LIBRARY_ROOT:Thematic/Burmese/Burma JBRS/JBRS Originals/021153.pdf	data/local/bibliography_sources/021153-c0b5429f7583/021153.pdf	0	JBRS Originals	pdf	medium	reused_existing	2026-05-29T22:23:00.624236+00:00	
022161-d63c1adf8182	d63c1adf8182e43bf88f713d4e7ae385e894cbc855f8823af8a5969ba27a79c4	022161.pdf	484404	OBI_LIBRARY_ROOT:Thematic/Burmese/Burma JBRS/JBRS Originals/022161.pdf	OBI_LIBRARY_ROOT:Thematic/Burmese/Burma JBRS/1912/Furnivall-1912-ForgottenChronicle-ofPortugueseInBurma.pdf | OBI_LIBRARY_ROOT:Thematic/Burmese/Burma JBRS/JBRS Originals/022161.pdf	data/local/bibliography_sources/022161-d63c1adf8182/022161.pdf	1	1912 | JBRS Originals	pdf	medium	reused_existing	2026-05-29T22:23:00.624116+00:00	
022168-59d80fadb2c1	59d80fadb2c13c1681589579abe4a3f13c666e651b997c28c45d6f34d8206c7e	022168.pdf	270032	OBI_LIBRARY_ROOT:Thematic/Burmese/Burma JBRS/JBRS Originals/022168.pdf	OBI_LIBRARY_ROOT:Thematic/Burmese/Burma JBRS/JBRS Originals/022168.pdf	data/local/bibliography_sources/022168-59d80fadb2c1/022168.pdf	0	JBRS Originals	pdf	medium	reused_existing	2026-05-29T22:23:00.623990+00:00	
022174-24543b603e1c	24543b603e1cb532c09603e480c6303bfff933d710b1e3d11b5868f141763c29	022174.pdf	536786	OBI_LIBRARY_ROOT:Thematic/Burmese/Burma JBRS/JBRS Originals/022174.pdf	OBI_LIBRARY_ROOT:Thematic/Burmese/Burma JBRS/JBRS Originals/022174.pdf	data/local/bibliography_sources/022174-24543b603e1c/022174.pdf	0	JBRS Originals	pdf	medium	reused_existing	2026-05-29T22:23:00.623869+00:00	
022184-3fadd36c6f9f	3fadd36c6f9fc3ed29331309f9bc0e6cb458e6dbbcf8f827ff3d7eb122a893fe	022184.pdf	620113	OBI_LIBRARY_ROOT:Thematic/Burmese/Burma JBRS/JBRS Originals/022184.pdf	OBI_LIBRARY_ROOT:Thematic/Burmese/Burma JBRS/1912/LacquerwarePagan-TawSeinKo1912.pdf | OBI_LIBRARY_ROOT:Thematic/Burmese/Burma JBRS/JBRS Originals/022184.pdf	data/local/bibliography_sources/022184-3fadd36c6f9f/022184.pdf	1	1912 | JBRS Originals	pdf	medium	reused_existing	2026-05-29T22:23:00.623745+00:00	
022185-5ee45304382d	5ee45304382d04bbbc374eaccaaca4fe9abdf61cb222fa9d7c2f4e1ba652067a	022185.pdf	930485	OBI_LIBRARY_ROOT:Thematic/Burmese/Burma JBRS/JBRS Originals/022185.pdf	OBI_LIBRARY_ROOT:Thematic/Burmese/Burma JBRS/JBRS Originals/022185.pdf	data/local/bibliography_sources/022185-5ee45304382d/022185.pdf	0	JBRS Originals	pdf	medium	reused_existing	2026-05-29T22:23:00.623621+00:00	
022197-8584b5a9c2b3	8584b5a9c2b36bc2d21019d595b584cb7e2fdfa2d5c07fdc70a0ced169d7beaf	022197.pdf	463943	OBI_LIBRARY_ROOT:Thematic/Burmese/Burma JBRS/JBRS Originals/022197.pdf	OBI_LIBRARY_ROOT:Thematic/Burmese/Burma JBRS/1912/BurmeseEra-MayOung1912.pdf | OBI_LIBRARY_ROOT:Thematic/Burmese/Burma JBRS/JBRS Originals/022197.pdf	data/local/bibliography_sources/022197-8584b5a9c2b3/022197.pdf	1	1912 | JBRS Originals	pdf	medium	reused_existing	2026-05-29T22:23:00.623493+00:00	
022204-7515fa8967e5	7515fa8967e58ce915df77c20f16fec349b78a1e5336983d50f00991e7ef4c6f	022204.pdf	716688	OBI_LIBRARY_ROOT:Thematic/Burmese/Burma JBRS/JBRS Originals/022204.pdf	OBI_LIBRARY_ROOT:Thematic/Burmese/Burma JBRS/JBRS Originals/022204.pdf	data/local/bibliography_sources/022204-7515fa8967e5/022204.pdf	0	JBRS Originals	pdf	medium	reused_existing	2026-05-29T22:23:00.623358+00:00	
022214-9e69320194b0	9e69320194b03dd4a171a44f475191ce6bf542601009cf680f2b74c739d652d6	022214.pdf	267006	OBI_LIBRARY_ROOT:Thematic/Burmese/Burma JBRS/JBRS Originals/022214.pdf	OBI_LIBRARY_ROOT:Thematic/Burmese/Burma JBRS/1912/KyaukwaingPagoda-YeoWunSin1912.pdf | OBI_LIBRARY_ROOT:Thematic/Burmese/Burma JBRS/JBRS Originals/022214.pdf	data/local/bibliography_sources/022214-9e69320194b0/022214.pdf	1	1912 | JBRS Originals	pdf	medium	reused_existing	2026-05-29T22:23:00.623233+00:00	
022217-31decb87a064	31decb87a0646216ecb5c8f49bba253cbcc284a8783b724ccb2cddd86a7bedb8	022217.pdf	41484	OBI_LIBRARY_ROOT:Thematic/Burmese/Burma JBRS/JBRS Originals/022217.pdf	OBI_LIBRARY_ROOT:Thematic/Burmese/Burma JBRS/JBRS Originals/022217.pdf	data/local/bibliography_sources/022217-31decb87a064/022217.pdf	0	JBRS Originals	pdf	medium	reused_existing	2026-05-29T22:23:00.623100+00:00	
022218-0ddb91a99dbf	0ddb91a99dbfd83e7ea9693aae5d51c57cf1d01b062ec9b2d2191fc1f6bef023	022218.pdf	532580	OBI_LIBRARY_ROOT:Thematic/Burmese/Burma JBRS/JBRS Originals/022218.pdf	OBI_LIBRARY_ROOT:Thematic/Burmese/Burma JBRS/JBRS Originals/022218.pdf	data/local/bibliography_sources/022218-0ddb91a99dbf/022218.pdf	0	JBRS Originals	pdf	medium	reused_existing	2026-05-29T22:23:00.622979+00:00	
022225-fb51361f1555	fb51361f1555c23c121deb3af5bb7b973c1937c738dcfe234ca225d068dacc05	022225.pdf	464912	OBI_LIBRARY_ROOT:Thematic/Burmese/Burma JBRS/JBRS Originals/022225.pdf	OBI_LIBRARY_ROOT:Thematic/Burmese/Burma JBRS/JBRS Originals/022225.pdf	data/local/bibliography_sources/022225-fb51361f1555/022225.pdf	0	JBRS Originals	pdf	medium	reused_existing	2026-05-29T22:23:00.622851+00:00	
022230-d1542fbc4042	d1542fbc4042af76c5c9fe8de8f672596ebb03d2ba25cfbdcc2235769783cbee	022230.pdf	219230	OBI_LIBRARY_ROOT:Thematic/Burmese/Burma JBRS/JBRS Originals/022230.pdf	OBI_LIBRARY_ROOT:Thematic/Burmese/Burma JBRS/1912/MatriarchyBurma-Furnivall1912.pdf | OBI_LIBRARY_ROOT:Thematic/Burmese/Burma JBRS/JBRS Originals/022230.pdf	data/local/bibliography_sources/022230-d1542fbc4042/022230.pdf	1	1912 | JBRS Originals	pdf	medium	reused_existing	2026-05-29T22:23:00.622729+00:00	
022233-d37ca7c192f0	d37ca7c192f0166165c7eea14780e5a4e68c056ae9f28a30bbd5e566afe74608	022233.pdf	296005	OBI_LIBRARY_ROOT:Thematic/Burmese/Burma JBRS/JBRS Originals/022233.pdf	OBI_LIBRARY_ROOT:Thematic/Burmese/Burma JBRS/1912/DerivationProme1912.pdf | OBI_LIBRARY_ROOT:Thematic/Burmese/Burma JBRS/JBRS Originals/022233.pdf	data/local/bibliography_sources/022233-d37ca7c192f0/022233.pdf	1	1912 | JBRS Originals	pdf	medium	reused_existing	2026-05-29T22:23:00.622598+00:00	
022237-3c2ab23db440	3c2ab23db440d9e7eeb82ffac53dda6e59b0533ad6aaca245eb26772239381cd	022237.pdf	149446	OBI_LIBRARY_ROOT:Thematic/Burmese/Burma JBRS/JBRS Originals/022237.pdf	OBI_LIBRARY_ROOT:Thematic/Burmese/Burma JBRS/JBRS Originals/022237.pdf	data/local/bibliography_sources/022237-3c2ab23db440/022237.pdf	0	JBRS Originals	pdf	medium	reused_existing	2026-05-29T22:23:00.622477+00:00	
022239-bb0c982578cb	bb0c982578cbc4b3416a8654d6d4ca7b1d6009e270ac83122bcd3aa3556c55fb	022239.pdf	123232	OBI_LIBRARY_ROOT:Thematic/Burmese/Burma JBRS/JBRS Originals/022239.pdf	OBI_LIBRARY_ROOT:Thematic/Burmese/Burma JBRS/JBRS Originals/022239.pdf	data/local/bibliography_sources/022239-bb0c982578cb/022239.pdf	0	JBRS Originals	pdf	medium	reused_existing	2026-05-29T22:23:00.622342+00:00	
022240-6b134be892b8	6b134be892b8509768817c5aea0387904e50f0abb4e727bdb14565faec0b9392	022240.pdf	189642	OBI_LIBRARY_ROOT:Thematic/Burmese/Burma JBRS/JBRS Originals/022240.pdf	OBI_LIBRARY_ROOT:Thematic/Burmese/Burma JBRS/1912/ChronicleCeylon_PeMaungTin1912.pdf | OBI_LIBRARY_ROOT:Thematic/Burmese/Burma JBRS/JBRS Originals/022240.pdf	data/local/bibliography_sources/022240-6b134be892b8/022240.pdf	1	1912 | JBRS Originals	pdf	medium	reused_existing	2026-05-29T22:23:00.622218+00:00	
022242-7ac69cbd6867	7ac69cbd6867c4788a5c2f04d6d897d066f50d9e7f7f3775c3d0632999a9ccad	022242.pdf	200593	OBI_LIBRARY_ROOT:Thematic/Burmese/Burma JBRS/JBRS Originals/022242.pdf	OBI_LIBRARY_ROOT:Thematic/Burmese/Burma JBRS/JBRS Originals/022242.pdf	data/local/bibliography_sources/022242-7ac69cbd6867/022242.pdf	0	JBRS Originals	pdf	medium	reused_existing	2026-05-29T22:23:00.622096+00:00	
022246-12f5cfdd6f83	12f5cfdd6f83707f77b8f27cca59b9ed3cb56b9cc43c91aa190820427032a9bc	022246.pdf	132762	OBI_LIBRARY_ROOT:Thematic/Burmese/Burma JBRS/JBRS Originals/022246.pdf	OBI_LIBRARY_ROOT:Thematic/Burmese/Burma JBRS/1912/CD-NoteOnTalaing.pdf | OBI_LIBRARY_ROOT:Thematic/Burmese/Burma JBRS/JBRS Originals/022246.pdf	data/local/bibliography_sources/022246-12f5cfdd6f83/022246.pdf	1	1912 | JBRS Originals	pdf	medium	reused_existing	2026-05-29T22:23:00.621974+00:00	
022248-66855a191916	66855a191916a3a49a42b03358d71dc0dab2f3c325e29619d8fac90275117ee3	022248.pdf	758936	OBI_LIBRARY_ROOT:Thematic/Burmese/Burma JBRS/JBRS Originals/022248.pdf	OBI_LIBRARY_ROOT:Thematic/Burmese/Burma JBRS/JBRS Originals/022248.pdf	data/local/bibliography_sources/022248-66855a191916/022248.pdf	0	JBRS Originals	pdf	medium	reused_existing	2026-05-29T22:23:00.621829+00:00	
022260-5b69928a8570	5b69928a857032e48acdabff1619cddb7148535b13934036ecf05e4f6b0338d5	022260.pdf	169001	OBI_LIBRARY_ROOT:Thematic/Burmese/Burma JBRS/JBRS Originals/022260.pdf	OBI_LIBRARY_ROOT:Thematic/Burmese/Burma JBRS/JBRS Originals/022260.pdf	data/local/bibliography_sources/022260-5b69928a8570/022260.pdf	0	JBRS Originals	pdf	medium	reused_existing	2026-05-29T22:23:00.621701+00:00	
022262-81a2b9adba06	81a2b9adba06d9f77572a501cfff501e9684ab3e51786e175d79166ec82cc271	022262.pdf	272100	OBI_LIBRARY_ROOT:Thematic/Burmese/Burma JBRS/JBRS Originals/022262.pdf	OBI_LIBRARY_ROOT:Thematic/Burmese/Burma JBRS/1912/MahamuniShrine-ChanHtwanOung1912.pdf | OBI_LIBRARY_ROOT:Thematic/Burmese/Burma JBRS/JBRS Originals/022262.pdf	data/local/bibliography_sources/022262-81a2b9adba06/022262.pdf	1	1912 | JBRS Originals	pdf	medium	reused_existing	2026-05-29T22:23:00.621577+00:00	
022265-2013fe62927d	2013fe62927d3ac75df5bbaccdb68b4e93065d00c829ab4ef614cd8bacbeeef5	022265.pdf	200554	OBI_LIBRARY_ROOT:Thematic/Burmese/Burma JBRS/JBRS Originals/022265.pdf	OBI_LIBRARY_ROOT:Thematic/Burmese/Burma JBRS/1912/MusicSongs_Bate1912.pdf | OBI_LIBRARY_ROOT:Thematic/Burmese/Burma JBRS/JBRS Originals/022265.pdf	data/local/bibliography_sources/022265-2013fe62927d/022265.pdf	1	1912 | JBRS Originals	pdf	medium	reused_existing	2026-05-29T22:23:00.621448+00:00	
022267-2d605b3b8106	2d605b3b8106dcfa9f9d98caab15dcab21ff86943d41a4f7a4e2be5f9676aa7e	022267.pdf	219052	OBI_LIBRARY_ROOT:Thematic/Burmese/Burma JBRS/JBRS Originals/022267.pdf	OBI_LIBRARY_ROOT:Thematic/Burmese/Burma JBRS/1912/ArchaeologyBurma-MayOung1912.pdf | OBI_LIBRARY_ROOT:Thematic/Burmese/Burma JBRS/JBRS Originals/022267.pdf	data/local/bibliography_sources/022267-2d605b3b8106/022267.pdf	1	1912 | JBRS Originals	pdf	medium	reused_existing	2026-05-29T22:23:00.621328+00:00	
031001-44faf9d7e1cb	44faf9d7e1cbd4e012029da8a6d5906d37c9191aab2f074baac03fe67992866f	031001.pdf	717803	OBI_LIBRARY_ROOT:Thematic/Burmese/Burma JBRS/1913/031001.pdf	OBI_LIBRARY_ROOT:Thematic/Burmese/Burma JBRS/1913/031001.pdf | OBI_LIBRARY_ROOT:Thematic/Burmese/Burma JBRS/JBRS Originals/031001.pdf	data/local/bibliography_sources/031001-44faf9d7e1cb/031001.pdf	1	1913 | JBRS Originals	pdf	medium	reused_existing	2026-05-29T22:23:00.621196+00:00	
031012-bbdb2a8ee20c	bbdb2a8ee20c9b599aaa749776c2352baf9a969c295bcfb658a7e60accfc9726	031012.pdf	594641	OBI_LIBRARY_ROOT:Thematic/Burmese/Burma JBRS/1913/031012.pdf	OBI_LIBRARY_ROOT:Thematic/Burmese/Burma JBRS/1913/031012.pdf | OBI_LIBRARY_ROOT:Thematic/Burmese/Burma JBRS/JBRS Originals/031012.pdf	data/local/bibliography_sources/031012-bbdb2a8ee20c/031012.pdf	1	1913 | JBRS Originals	pdf	medium	reused_existing	2026-05-29T22:23:00.621059+00:00	
031022-7823d225cfb2	7823d225cfb2a3fb8c610957f981bdbb3b146452f371da9f1540e32db2ee2146	031022.pdf	603227	OBI_LIBRARY_ROOT:Thematic/Burmese/Burma JBRS/JBRS Originals/031022.pdf	OBI_LIBRARY_ROOT:Thematic/Burmese/Burma JBRS/1913/Abhisambodhi2-PeMaungTin1913.pdf | OBI_LIBRARY_ROOT:Thematic/Burmese/Burma JBRS/JBRS Originals/031022.pdf	data/local/bibliography_sources/031022-7823d225cfb2/031022.pdf	1	1913 | JBRS Originals	pdf	medium	reused_existing	2026-05-29T22:23:00.620934+00:00	
031034-928d27d5c4da	928d27d5c4dad285fb2035834e1150a917ba1d497c4aa773d5bb58bf80031cab	031034.pdf	300270	OBI_LIBRARY_ROOT:Thematic/Burmese/Burma JBRS/1913/031034.pdf	OBI_LIBRARY_ROOT:Thematic/Burmese/Burma JBRS/1913/031034.pdf | OBI_LIBRARY_ROOT:Thematic/Burmese/Burma JBRS/JBRS Originals/031034.pdf	data/local/bibliography_sources/031034-928d27d5c4da/031034.pdf	1	1913 | JBRS Originals	pdf	medium	reused_existing	2026-05-29T22:23:00.620792+00:00	
031040-6cbe6493c725	6cbe6493c7255002673b811dc75a77acbc897feafe3f75dba6b5c736b30906b4	031040.pdf	494730	OBI_LIBRARY_ROOT:Thematic/Burmese/Burma JBRS/JBRS Originals/031040.pdf	OBI_LIBRARY_ROOT:Thematic/Burmese/Burma JBRS/1913/Climate-Mackenzie1913.pdf | OBI_LIBRARY_ROOT:Thematic/Burmese/Burma JBRS/JBRS Originals/031040.pdf	data/local/bibliography_sources/031040-6cbe6493c725/031040.pdf	1	1913 | JBRS Originals	pdf	medium	reused_existing	2026-05-29T22:23:00.620664+00:00	
031047-aec14a92f349	aec14a92f349dfd60846dfb4c049ea0d7641c813fc28d1aa5385a66645ab54f7	031047.pdf	433970	OBI_LIBRARY_ROOT:Thematic/Burmese/Burma JBRS/JBRS Originals/031047.pdf	OBI_LIBRARY_ROOT:Thematic/Burmese/Burma JBRS/1913/Hanthawaddy1-Furnivall1913.pdf | OBI_LIBRARY_ROOT:Thematic/Burmese/Burma JBRS/JBRS Originals/031047.pdf	data/local/bibliography_sources/031047-aec14a92f349/031047.pdf	1	1913 | JBRS Originals	pdf	medium	reused_existing	2026-05-29T22:23:00.620541+00:00	
031054-de46d2f77992	de46d2f779922d0c4c14ac1f2d6d0bb23b09fc85ab520d89555d1c151959a101	031054.pdf	629243	OBI_LIBRARY_ROOT:Thematic/Burmese/Burma JBRS/1913/031054.pdf	OBI_LIBRARY_ROOT:Thematic/Burmese/Burma JBRS/1913/031054.pdf | OBI_LIBRARY_ROOT:Thematic/Burmese/Burma JBRS/JBRS Originals/031054.pdf	data/local/bibliography_sources/031054-de46d2f77992/031054.pdf	1	1913 | JBRS Originals	pdf	medium	reused_existing	2026-05-29T22:23:00.620406+00:00	
031065-b95e736d9853	b95e736d985381bcae731f59b04b2d3e149a7f8857e25748e83fd2e1be7c21bb	031065.pdf	278439	OBI_LIBRARY_ROOT:Thematic/Burmese/Burma JBRS/JBRS Originals/031065.pdf	OBI_LIBRARY_ROOT:Thematic/Burmese/Burma JBRS/JBRS Originals/031065.pdf	data/local/bibliography_sources/031065-b95e736d9853/031065.pdf	0	JBRS Originals	pdf	medium	reused_existing	2026-05-29T22:23:00.620282+00:00	
031069-8189371fc53f	8189371fc53fe971b9366ba50088f8bca9a417741d13259748b985e506b1d944	031069.pdf	78053	OBI_LIBRARY_ROOT:Thematic/Burmese/Burma JBRS/JBRS Originals/031069.pdf	OBI_LIBRARY_ROOT:Thematic/Burmese/Burma JBRS/JBRS Originals/031069.pdf	data/local/bibliography_sources/031069-8189371fc53f/031069.pdf	0	JBRS Originals	pdf	medium	reused_existing	2026-05-29T22:23:00.620153+00:00	
031070-d0d3df8f0935	d0d3df8f0935f5c15a910a9874913aacb7e209b3c019682f0d134f187035b5d9	031070.pdf	45323	OBI_LIBRARY_ROOT:Thematic/Burmese/Burma JBRS/JBRS Originals/031070.pdf	OBI_LIBRARY_ROOT:Thematic/Burmese/Burma JBRS/1913/CaveSculpture-MaungGyi1913.pdf | OBI_LIBRARY_ROOT:Thematic/Burmese/Burma JBRS/JBRS Originals/031070.pdf	data/local/bibliography_sources/031070-d0d3df8f0935/031070.pdf	1	1913 | JBRS Originals	pdf	medium	reused_existing	2026-05-29T22:23:00.620013+00:00	
031070a-87021dff31dd	87021dff31dd68cab40558bc68cfbbd1a31a634ca22a90d964dc137512857cf7	031070A.pdf	24101	OBI_LIBRARY_ROOT:Thematic/Burmese/Burma JBRS/1913/031070A.pdf	OBI_LIBRARY_ROOT:Thematic/Burmese/Burma JBRS/1913/031070A.pdf | OBI_LIBRARY_ROOT:Thematic/Burmese/Burma JBRS/JBRS Originals/031070A.pdf	data/local/bibliography_sources/031070a-87021dff31dd/031070A.pdf	1	1913 | JBRS Originals	pdf	medium	reused_existing	2026-05-29T22:23:00.619873+00:00	
031071-f9b92c1e254a	f9b92c1e254aadf7df77789801c923f4c7667446263eb712e0242efc25569851	031071.pdf	106346	OBI_LIBRARY_ROOT:Thematic/Burmese/Burma JBRS/JBRS Originals/031071.pdf	OBI_LIBRARY_ROOT:Thematic/Burmese/Burma JBRS/JBRS Originals/031071.pdf	data/local/bibliography_sources/031071-f9b92c1e254a/031071.pdf	0	JBRS Originals	pdf	medium	reused_existing	2026-05-29T22:23:00.619748+00:00	
031072-3b18e28ed17d	3b18e28ed17d73e42a70c8bfae219ac5ae38105c1de99c39c5f729ff68adb624	031072.pdf	186912	OBI_LIBRARY_ROOT:Thematic/Burmese/Burma JBRS/1913/031072.pdf	OBI_LIBRARY_ROOT:Thematic/Burmese/Burma JBRS/1913/031072.pdf | OBI_LIBRARY_ROOT:Thematic/Burmese/Burma JBRS/JBRS Originals/031072.pdf	data/local/bibliography_sources/031072-3b18e28ed17d/031072.pdf	1	1913 | JBRS Originals	pdf	medium	reused_existing	2026-05-29T22:23:00.619630+00:00	
031075-10e34d9b6cd2	10e34d9b6cd2035f2ed389381bf82d5ceb30bbdf9eb05f8bcf08ccf6deefd773	031075.pdf	206848	OBI_LIBRARY_ROOT:Thematic/Burmese/Burma JBRS/JBRS Originals/031075.pdf	OBI_LIBRARY_ROOT:Thematic/Burmese/Burma JBRS/JBRS Originals/031075.pdf	data/local/bibliography_sources/031075-10e34d9b6cd2/031075.pdf	0	JBRS Originals	pdf	medium	reused_existing	2026-05-29T22:23:00.619503+00:00	
031078-057d650c3ea6	057d650c3ea6a3592632bc7bb32684f7991ef773cab90bf39b1b50b632c8a923	031078.pdf	151183	OBI_LIBRARY_ROOT:Thematic/Burmese/Burma JBRS/JBRS Originals/031078.pdf	OBI_LIBRARY_ROOT:Thematic/Burmese/Burma JBRS/1913/Prome-Blagden1913.pdf | OBI_LIBRARY_ROOT:Thematic/Burmese/Burma JBRS/JBRS Originals/031078.pdf	data/local/bibliography_sources/031078-057d650c3ea6/031078.pdf	1	1913 | JBRS Originals	pdf	medium	reused_existing	2026-05-29T22:23:00.619380+00:00	
031080-d0cd762eff2d	d0cd762eff2d2a8e7615603f4e8704a33e8a6ee585feccb502d83059f759736b	031080.pdf	25342	OBI_LIBRARY_ROOT:Thematic/Burmese/Burma JBRS/JBRS Originals/031080.pdf	OBI_LIBRARY_ROOT:Thematic/Burmese/Burma JBRS/1913/Blagden1913-deBrito.pdf | OBI_LIBRARY_ROOT:Thematic/Burmese/Burma JBRS/JBRS Originals/031080.pdf	data/local/bibliography_sources/031080-d0cd762eff2d/031080.pdf	1	1913 | JBRS Originals	pdf	medium	reused_existing	2026-05-29T22:23:00.619260+00:00	
031080a-250055deaa51	250055deaa51a29eb722a187a5d0bbe86f8a4f3df47cc8d0ccc2d9fdc3915c2c	031080A.pdf	241373	OBI_LIBRARY_ROOT:Thematic/Burmese/Burma JBRS/1913/031080A.pdf	OBI_LIBRARY_ROOT:Thematic/Burmese/Burma JBRS/1913/031080A.pdf | OBI_LIBRARY_ROOT:Thematic/Burmese/Burma JBRS/JBRS Originals/031080A.pdf	data/local/bibliography_sources/031080a-250055deaa51/031080A.pdf	1	1913 | JBRS Originals	pdf	medium	reused_existing	2026-05-29T22:23:00.619144+00:00	
031084-b429910d7a3d	b429910d7a3d26aa26f062fe87109434edff56b5bc9209e9331f91f1c9a68959	031084.pdf	127959	OBI_LIBRARY_ROOT:Thematic/Burmese/Burma JBRS/JBRS Originals/031084.pdf	OBI_LIBRARY_ROOT:Thematic/Burmese/Burma JBRS/JBRS Originals/031084.pdf	data/local/bibliography_sources/031084-b429910d7a3d/031084.pdf	0	JBRS Originals	pdf	medium	reused_existing	2026-05-29T22:23:00.619021+00:00	
031086-4c76fe21c857	4c76fe21c857d44e7e8c9a3f2060d98db04053256d170eeb98fe97d447bbcbc5	031086.pdf	21282	OBI_LIBRARY_ROOT:Thematic/Burmese/Burma JBRS/JBRS Originals/031086.pdf	OBI_LIBRARY_ROOT:Thematic/Burmese/Burma JBRS/1913/Cooper1913-TrueFalsePagodas.pdf | OBI_LIBRARY_ROOT:Thematic/Burmese/Burma JBRS/JBRS Originals/031086.pdf	data/local/bibliography_sources/031086-4c76fe21c857/031086.pdf	1	1913 | JBRS Originals	pdf	medium	reused_existing	2026-05-29T22:23:00.618898+00:00	
031086a-af01cf3603ec	af01cf3603ec440f0ad0fe18d77914d646965e5129e347ff80a1217e7c2e3aa4	031086A.pdf	112469	OBI_LIBRARY_ROOT:Thematic/Burmese/Burma JBRS/1913/031086A.pdf	OBI_LIBRARY_ROOT:Thematic/Burmese/Burma JBRS/1913/031086A.pdf | OBI_LIBRARY_ROOT:Thematic/Burmese/Burma JBRS/JBRS Originals/031086A.pdf	data/local/bibliography_sources/031086a-af01cf3603ec/031086A.pdf	1	1913 | JBRS Originals	pdf	medium	reused_existing	2026-05-29T22:23:00.618783+00:00	
031088-fb81ec887a26	fb81ec887a26a83b9b46db45a0424cbbb62a3f223d3521073c78a15a800a6159	031088.pdf	81630	OBI_LIBRARY_ROOT:Thematic/Burmese/Burma JBRS/1913/031088.pdf	OBI_LIBRARY_ROOT:Thematic/Burmese/Burma JBRS/1913/031088.pdf | OBI_LIBRARY_ROOT:Thematic/Burmese/Burma JBRS/JBRS Originals/031088.pdf	data/local/bibliography_sources/031088-fb81ec887a26/031088.pdf	1	1913 | JBRS Originals	pdf	medium	reused_existing	2026-05-29T22:23:00.618670+00:00	
031088a-883c1d8b9920	883c1d8b99206fe49cd40f410650bcecd2d79c4518eb972c6119003a56f58de5	031088A.pdf	49011	OBI_LIBRARY_ROOT:Thematic/Burmese/Burma JBRS/1913/031088A.pdf	OBI_LIBRARY_ROOT:Thematic/Burmese/Burma JBRS/1913/031088A.pdf | OBI_LIBRARY_ROOT:Thematic/Burmese/Burma JBRS/JBRS Originals/031088A.pdf	data/local/bibliography_sources/031088a-883c1d8b9920/031088A.pdf	1	1913 | JBRS Originals	pdf	medium	reused_existing	2026-05-29T22:23:00.618554+00:00	
031089-4095143a871f	4095143a871feec8f85a4cdf56676cbc3af49ddb9a81424be16bcb7e515cfa2f	031089.pdf	93102	OBI_LIBRARY_ROOT:Thematic/Burmese/Burma JBRS/JBRS Originals/031089.pdf	OBI_LIBRARY_ROOT:Thematic/Burmese/Burma JBRS/JBRS Originals/031089.pdf	data/local/bibliography_sources/031089-4095143a871f/031089.pdf	0	JBRS Originals	pdf	medium	reused_existing	2026-05-29T22:23:00.618444+00:00	
032103-bcfceb526d81	bcfceb526d81f6ef7222e4847746afccb6e38b1958404050b0f5e740253737ce	032103.pdf	2393854	OBI_LIBRARY_ROOT:Thematic/Burmese/Burma JBRS/1913/032103.pdf	OBI_LIBRARY_ROOT:Thematic/Burmese/Burma JBRS/1913/032103.pdf | OBI_LIBRARY_ROOT:Thematic/Burmese/Burma JBRS/JBRS Originals/032103.pdf	data/local/bibliography_sources/032103-bcfceb526d81/032103.pdf	1	1913 | JBRS Originals	pdf	medium	reused_existing	2026-05-29T22:23:00.618280+00:00	
032145-51ffd0fbf408	51ffd0fbf40832866092ce8d6155bf5d016b3464b15e296135f2e9022bc7ff57	032145.pdf	79931	OBI_LIBRARY_ROOT:Thematic/Burmese/Burma JBRS/JBRS Originals/032145.pdf	OBI_LIBRARY_ROOT:Thematic/Burmese/Burma JBRS/JBRS Originals/032145.pdf	data/local/bibliography_sources/032145-51ffd0fbf408/032145.pdf	0	JBRS Originals	pdf	medium	reused_existing	2026-05-29T22:23:00.618158+00:00	
032148-0c66971ba207	0c66971ba207ed563fb0b02ba255ace3a0826ff4c0e23a44ea136dbaad9ef6ab	032148.pdf	602710	OBI_LIBRARY_ROOT:Thematic/Burmese/Burma JBRS/JBRS Originals/032148.pdf	OBI_LIBRARY_ROOT:Thematic/Burmese/Burma JBRS/1913/Abhisambodhi3-PeMaungTin1913.pdf | OBI_LIBRARY_ROOT:Thematic/Burmese/Burma JBRS/JBRS Originals/032148.pdf	data/local/bibliography_sources/032148-0c66971ba207/032148.pdf	1	1913 | JBRS Originals	pdf	medium	reused_existing	2026-05-29T22:23:00.618043+00:00	
032160-867edcf9ae18	867edcf9ae188ed3bc3fc8e6a0714bbdf5debe9f7fc9e35cc4e2788e2f9037f0	032160.pdf	269595	OBI_LIBRARY_ROOT:Thematic/Burmese/Burma JBRS/JBRS Originals/032160.pdf	OBI_LIBRARY_ROOT:Thematic/Burmese/Burma JBRS/1913/PwinbyuSorghum_Aubert1913.pdf | OBI_LIBRARY_ROOT:Thematic/Burmese/Burma JBRS/JBRS Originals/032160.pdf	data/local/bibliography_sources/032160-867edcf9ae18/032160.pdf	1	1913 | JBRS Originals	pdf	medium	reused_existing	2026-05-29T22:23:00.617902+00:00	
032165-34497a301734	34497a301734bd0b5b1abe7c4e51969f238abb30903fefc8563af2b14dbd1d7e	032165.pdf	334261	OBI_LIBRARY_ROOT:Thematic/Burmese/Burma JBRS/JBRS Originals/032165.pdf	OBI_LIBRARY_ROOT:Thematic/Burmese/Burma JBRS/1913/Hanthawaddy2-Furnivall1913.pdf | OBI_LIBRARY_ROOT:Thematic/Burmese/Burma JBRS/JBRS Originals/032165.pdf	data/local/bibliography_sources/032165-34497a301734/032165.pdf	1	1913 | JBRS Originals	pdf	medium	reused_existing	2026-05-29T22:23:00.617783+00:00	
032170-b9f9b9d5f51c	b9f9b9d5f51c485151217062a0be57944ac3921e39fa978413a320db7f2942bd	032170.pdf	1018271	OBI_LIBRARY_ROOT:Thematic/Burmese/Burma JBRS/1913/032170.pdf	OBI_LIBRARY_ROOT:Thematic/Burmese/Burma JBRS/1913/032170.pdf | OBI_LIBRARY_ROOT:Thematic/Burmese/Burma JBRS/JBRS Originals/032170.pdf	data/local/bibliography_sources/032170-b9f9b9d5f51c/032170.pdf	1	1913 | JBRS Originals	pdf	medium	reused_existing	2026-05-29T22:23:00.617668+00:00	
032183-d222b3e1c83e	d222b3e1c83e31febaee4054dd161c42ca6f0ce06b9f516e8af628d2c806a645	032183.pdf	217854	OBI_LIBRARY_ROOT:Thematic/Burmese/Burma JBRS/JBRS Originals/032183.pdf	OBI_LIBRARY_ROOT:Thematic/Burmese/Burma JBRS/JBRS Originals/032183.pdf	data/local/bibliography_sources/032183-d222b3e1c83e/032183.pdf	0	JBRS Originals	pdf	medium	reused_existing	2026-05-29T22:23:00.617557+00:00	
032186-bfb56138ff92	bfb56138ff92921b2cd8eacde59de60f0b5085977d0b82669888903923e15e79	032186.pdf	137656	OBI_LIBRARY_ROOT:Thematic/Burmese/Burma JBRS/JBRS Originals/032186.pdf	OBI_LIBRARY_ROOT:Thematic/Burmese/Burma JBRS/JBRS Originals/032186.pdf	data/local/bibliography_sources/032186-bfb56138ff92/032186.pdf	0	JBRS Originals	pdf	medium	reused_existing	2026-05-29T22:23:00.617442+00:00	
032187-27960fd93ae7	27960fd93ae7f35df784a7341732eda44a6e4b5f5ee745ca75bc63bbb44073b1	032187.pdf	181449	OBI_LIBRARY_ROOT:Thematic/Burmese/Burma JBRS/JBRS Originals/032187.pdf	OBI_LIBRARY_ROOT:Thematic/Burmese/Burma JBRS/1913/Furnivall1913-Placenames.pdf | OBI_LIBRARY_ROOT:Thematic/Burmese/Burma JBRS/JBRS Originals/032187.pdf	data/local/bibliography_sources/032187-27960fd93ae7/032187.pdf	1	1913 | JBRS Originals	pdf	medium	reused_existing	2026-05-29T22:23:00.617324+00:00	
032190-e426d7aec9d8	e426d7aec9d8fffd8e85929c2fa6f2371dc691e00fc318bb472b625d379d8805	032190.pdf	86246	OBI_LIBRARY_ROOT:Thematic/Burmese/Burma JBRS/JBRS Originals/032190.pdf	OBI_LIBRARY_ROOT:Thematic/Burmese/Burma JBRS/JBRS Originals/032190.pdf	data/local/bibliography_sources/032190-e426d7aec9d8/032190.pdf	0	JBRS Originals	pdf	medium	reused_existing	2026-05-29T22:23:00.617206+00:00	
032191-bdab0141a599	bdab0141a599bf5c1abf12b136a3a6170e23df675ea9af252d2dde780e8632b6	032191.pdf	101167	OBI_LIBRARY_ROOT:Thematic/Burmese/Burma JBRS/JBRS Originals/032191.pdf	OBI_LIBRARY_ROOT:Thematic/Burmese/Burma JBRS/JBRS Originals/032191.pdf	data/local/bibliography_sources/032191-bdab0141a599/032191.pdf	0	JBRS Originals	pdf	medium	reused_existing	2026-05-29T22:23:00.617089+00:00	
041001-9084b31d5ebd	9084b31d5ebd9b3c916d1c558163db83e0f01396020920867c4bec40306ffec5	041001.pdf	547671	OBI_LIBRARY_ROOT:Thematic/Burmese/Burma JBRS/JBRS Originals/041001.pdf	OBI_LIBRARY_ROOT:Thematic/Burmese/Burma JBRS/JBRS Originals/041001.pdf	data/local/bibliography_sources/041001-9084b31d5ebd/041001.pdf	0	JBRS Originals	pdf	medium	reused_existing	2026-05-29T22:23:00.616973+00:00	
041007-ddc0f02fcc13	ddc0f02fcc13c5e8a559354d0b92f4ecafd72aea3d0690f14b50fde7c804418d	041007.pdf	1021309	OBI_LIBRARY_ROOT:Thematic/Burmese/Burma JBRS/JBRS Originals/041007.pdf	OBI_LIBRARY_ROOT:Thematic/Burmese/Burma JBRS/JBRS Originals/041007.pdf	data/local/bibliography_sources/041007-ddc0f02fcc13/041007.pdf	0	JBRS Originals	pdf	medium	reused_existing	2026-05-29T22:23:00.616854+00:00	
041023-a3b284dbc4bf	a3b284dbc4bfa57b55ffaa249af6dad343cc0514ab6539885e9d681bf6fc1362	041023.pdf	947818	OBI_LIBRARY_ROOT:Thematic/Burmese/Burma JBRS/JBRS Originals/041023.pdf	OBI_LIBRARY_ROOT:Thematic/Burmese/Burma JBRS/JBRS Originals/041023.pdf	data/local/bibliography_sources/041023-a3b284dbc4bf/041023.pdf	0	JBRS Originals	pdf	medium	reused_existing	2026-05-29T22:23:00.616730+00:00	
041045-11e948bc5dd5	11e948bc5dd50b55317798399c38ead5b8f43e0d0db06530c08627da63152dd7	041045.pdf	369287	OBI_LIBRARY_ROOT:Thematic/Burmese/Burma JBRS/JBRS Originals/041045.pdf	OBI_LIBRARY_ROOT:Thematic/Burmese/Burma JBRS/1914/Hanthawaddy3-Furnivall1914.pdf | OBI_LIBRARY_ROOT:Thematic/Burmese/Burma JBRS/JBRS Originals/041045.pdf	data/local/bibliography_sources/041045-11e948bc5dd5/041045.pdf	1	1914 | JBRS Originals	pdf	medium	reused_existing	2026-05-29T22:23:00.616600+00:00	
041049-0a3694e7ba1f	0a3694e7ba1f826b138734c84e54aa7f5387a12eacc50ead9c4d6832851f22e0	041049.pdf	303946	OBI_LIBRARY_ROOT:Thematic/Burmese/Burma JBRS/JBRS Originals/041049.pdf	OBI_LIBRARY_ROOT:Thematic/Burmese/Burma JBRS/JBRS Originals/041049.pdf	data/local/bibliography_sources/041049-0a3694e7ba1f/041049.pdf	0	JBRS Originals	pdf	medium	reused_existing	2026-05-29T22:23:00.616464+00:00	
041053-9546fae7553a	9546fae7553a3eebbf48a58814fd1d2bd05080aaebe317d72d5f9fed5d6ffddd	041053.pdf	261155	OBI_LIBRARY_ROOT:Thematic/Burmese/Burma JBRS/JBRS Originals/041053.pdf	OBI_LIBRARY_ROOT:Thematic/Burmese/Burma JBRS/JBRS Originals/041053.pdf	data/local/bibliography_sources/041053-9546fae7553a/041053.pdf	0	JBRS Originals	pdf	medium	reused_existing	2026-05-29T22:23:00.616344+00:00	
041057-690d093a2257	690d093a2257194ba213814e154fee42ad97356e2cebfec93263434ced648337	041057.pdf	343292	OBI_LIBRARY_ROOT:Thematic/Burmese/Burma JBRS/1913/041057.pdf	OBI_LIBRARY_ROOT:Thematic/Burmese/Burma JBRS/1913/041057.pdf | OBI_LIBRARY_ROOT:Thematic/Burmese/Burma JBRS/JBRS Originals/041057.pdf	data/local/bibliography_sources/041057-690d093a2257/041057.pdf	1	1913 | JBRS Originals	pdf	medium	reused_existing	2026-05-29T22:23:00.616225+00:00	
041061-c5a554b709da	c5a554b709dabe3fa7c81259a00246d18f2194be7e2975e681928917f6763012	041061.pdf	359945	OBI_LIBRARY_ROOT:Thematic/Burmese/Burma JBRS/1913/041061.pdf	OBI_LIBRARY_ROOT:Thematic/Burmese/Burma JBRS/1913/041061.pdf | OBI_LIBRARY_ROOT:Thematic/Burmese/Burma JBRS/JBRS Originals/041061.pdf	data/local/bibliography_sources/041061-c5a554b709da/041061.pdf	1	1913 | JBRS Originals	pdf	medium	reused_existing	2026-05-29T22:23:00.616107+00:00	
041062-7f56d36ad2c3	7f56d36ad2c30a70ec01503f6250e52819bd84775b22cd66bdae6e7a738acdf5	041062.pdf	165825	OBI_LIBRARY_ROOT:Thematic/Burmese/Burma JBRS/JBRS Originals/041062.pdf	OBI_LIBRARY_ROOT:Thematic/Burmese/Burma JBRS/JBRS Originals/041062.pdf	data/local/bibliography_sources/041062-7f56d36ad2c3/041062.pdf	0	JBRS Originals	pdf	medium	reused_existing	2026-05-29T22:23:00.615993+00:00	
041067-704a4685023c	704a4685023c01a680a2684ee6b014d7291be1c7e1a75a25d217586fd84fc2fe	041067.pdf	63672	OBI_LIBRARY_ROOT:Thematic/Burmese/Burma JBRS/JBRS Originals/041067.pdf	OBI_LIBRARY_ROOT:Thematic/Burmese/Burma JBRS/JBRS Originals/041067.pdf	data/local/bibliography_sources/041067-704a4685023c/041067.pdf	0	JBRS Originals	pdf	medium	reused_existing	2026-05-29T22:23:00.615873+00:00	
041069-acf20264318e	acf20264318e23c0b7d4ed9fb6e78502cf1c84845eae4738297f5314867b8599	041069.pdf	19786	OBI_LIBRARY_ROOT:Thematic/Burmese/Burma JBRS/JBRS Originals/041069.pdf	OBI_LIBRARY_ROOT:Thematic/Burmese/Burma JBRS/1913/Enriquez1914-Maityrya.pdf | OBI_LIBRARY_ROOT:Thematic/Burmese/Burma JBRS/JBRS Originals/041069.pdf	data/local/bibliography_sources/041069-acf20264318e/041069.pdf	1	1913 | JBRS Originals	pdf	medium	reused_existing	2026-05-29T22:23:00.615745+00:00	
041071-5151dcce531f	5151dcce531fb644de37be5491fde5b8b7f93b9a2c71e720eb55e2b3b00a8ed7	041071.pdf	122836	OBI_LIBRARY_ROOT:Thematic/Burmese/Burma JBRS/JBRS Originals/041071.pdf	OBI_LIBRARY_ROOT:Thematic/Burmese/Burma JBRS/JBRS Originals/041071.pdf	data/local/bibliography_sources/041071-5151dcce531f/041071.pdf	0	JBRS Originals	pdf	medium	reused_existing	2026-05-29T22:23:00.615625+00:00	
041073-a1b84257b2d5	a1b84257b2d5aafcfc94ebf5cf0a324bb064a1486cdecdc93cb0c0cf4aff8aa7	041073.pdf	55402	OBI_LIBRARY_ROOT:Thematic/Burmese/Burma JBRS/JBRS Originals/041073.pdf	OBI_LIBRARY_ROOT:Thematic/Burmese/Burma JBRS/JBRS Originals/041073.pdf	data/local/bibliography_sources/041073-a1b84257b2d5/041073.pdf	0	JBRS Originals	pdf	medium	reused_existing	2026-05-29T22:23:00.615490+00:00	
041075-03b175581c64	03b175581c640571b6afdd54284b0058cf2f92e2e278b4e36062ddeb5804d16a	041075.pdf	23587	OBI_LIBRARY_ROOT:Thematic/Burmese/Burma JBRS/1913/041075.pdf	OBI_LIBRARY_ROOT:Thematic/Burmese/Burma JBRS/1913/041075.pdf | OBI_LIBRARY_ROOT:Thematic/Burmese/Burma JBRS/JBRS Originals/041075.pdf	data/local/bibliography_sources/041075-03b175581c64/041075.pdf	1	1913 | JBRS Originals	pdf	medium	reused_existing	2026-05-29T22:23:00.615367+00:00	
041077-99791ede9237	99791ede9237d845f79b3481040bb9780fdbe4e103427b41b7809985741f0098	041077.pdf	43057	OBI_LIBRARY_ROOT:Thematic/Burmese/Burma JBRS/1914/041077.pdf	OBI_LIBRARY_ROOT:Thematic/Burmese/Burma JBRS/1914/041077.pdf | OBI_LIBRARY_ROOT:Thematic/Burmese/Burma JBRS/JBRS Originals/041077.pdf	data/local/bibliography_sources/041077-99791ede9237/041077.pdf	1	1914 | JBRS Originals	pdf	medium	reused_existing	2026-05-29T22:23:00.615244+00:00	
041079-16a47805e9be	16a47805e9be12b06ac283ea3b9da0f3868cf41376b127890e9231b51e2aab0e	041079.pdf	42045	OBI_LIBRARY_ROOT:Thematic/Burmese/Burma JBRS/JBRS Originals/041079.pdf	OBI_LIBRARY_ROOT:Thematic/Burmese/Burma JBRS/JBRS Originals/041079.pdf	data/local/bibliography_sources/041079-16a47805e9be/041079.pdf	0	JBRS Originals	pdf	medium	reused_existing	2026-05-29T22:23:00.615124+00:00	
042085-2ab93bd4408c	2ab93bd4408caf0a0f6751ff86bbaf546eab3d8790f0ba31adcbb87017b1d21a	042085.pdf	572122	OBI_LIBRARY_ROOT:Thematic/Burmese/Burma JBRS/JBRS Originals/042085.pdf	OBI_LIBRARY_ROOT:Thematic/Burmese/Burma JBRS/JBRS Originals/042085.pdf	data/local/bibliography_sources/042085-2ab93bd4408c/042085.pdf	0	JBRS Originals	pdf	medium	reused_existing	2026-05-29T22:23:00.614989+00:00	
042093-393ae06fc806	393ae06fc80613f190e4ec9e40879661799c6d032ab7d75c58ae5a8b7c7d4458	042093.pdf	739595	OBI_LIBRARY_ROOT:Thematic/Burmese/Burma JBRS/JBRS Originals/042093.pdf	OBI_LIBRARY_ROOT:Thematic/Burmese/Burma JBRS/JBRS Originals/042093.pdf	data/local/bibliography_sources/042093-393ae06fc806/042093.pdf	0	JBRS Originals	pdf	medium	reused_existing	2026-05-29T22:23:00.614868+00:00	
042103-3998faa44a08	3998faa44a087218b4094da370108ecf18f8c96a81130adaba67c291aaff537b	042103.pdf	241203	OBI_LIBRARY_ROOT:Thematic/Burmese/Burma JBRS/JBRS Originals/042103.pdf	OBI_LIBRARY_ROOT:Thematic/Burmese/Burma JBRS/JBRS Originals/042103.pdf	data/local/bibliography_sources/042103-3998faa44a08/042103.pdf	0	JBRS Originals	pdf	medium	reused_existing	2026-05-29T22:23:00.614744+00:00	
042107-072ea9580eb8	072ea9580eb8c87e2a868921f974d51217d6085cfb580ee2be2593cb9886596f	042107.pdf	491675	OBI_LIBRARY_ROOT:Thematic/Burmese/Burma JBRS/JBRS Originals/042107.pdf	OBI_LIBRARY_ROOT:Thematic/Burmese/Burma JBRS/JBRS Originals/042107.pdf	data/local/bibliography_sources/042107-072ea9580eb8/042107.pdf	0	JBRS Originals	pdf	medium	reused_existing	2026-05-29T22:23:00.614622+00:00	
042119-330aed996b61	330aed996b611e3bf8aaf70ef1d87411adf4544366a7b9f06325cbe9dde6f74d	042119.pdf	218273	OBI_LIBRARY_ROOT:Thematic/Burmese/Burma JBRS/JBRS Originals/042119.pdf	OBI_LIBRARY_ROOT:Thematic/Burmese/Burma JBRS/1914/PetroleumYenangyat_Aubert1914.pdf | OBI_LIBRARY_ROOT:Thematic/Burmese/Burma JBRS/JBRS Originals/042119.pdf	data/local/bibliography_sources/042119-330aed996b61/042119.pdf	1	1914 | JBRS Originals	pdf	medium	reused_existing	2026-05-29T22:23:00.614500+00:00	
042121-a10b00dfb9e9	a10b00dfb9e944f86a09f8c752d2287d51254c4947938b50f59ba3686cee6609	042121.pdf	212484	OBI_LIBRARY_ROOT:Thematic/Burmese/Burma JBRS/JBRS Originals/042121.pdf	OBI_LIBRARY_ROOT:Thematic/Burmese/Burma JBRS/JBRS Originals/042121.pdf	data/local/bibliography_sources/042121-a10b00dfb9e9/042121.pdf	0	JBRS Originals	pdf	medium	reused_existing	2026-05-29T22:23:00.614376+00:00	
042125-7c868da09989	7c868da09989be3cf88567c769656a3b4f1196d5679a693f625b409628a84447	042125.pdf	649875	OBI_LIBRARY_ROOT:Thematic/Burmese/Burma JBRS/1913/042125.pdf	OBI_LIBRARY_ROOT:Thematic/Burmese/Burma JBRS/1913/042125.pdf | OBI_LIBRARY_ROOT:Thematic/Burmese/Burma JBRS/JBRS Originals/042125.pdf	data/local/bibliography_sources/042125-7c868da09989/042125.pdf	1	1913 | JBRS Originals	pdf	medium	reused_existing	2026-05-29T22:23:00.614253+00:00	
042135-0510e4f82c73	0510e4f82c730da175ccf9ba2074be762efdd810cd779428b8a82611a9719d62	042135.pdf	58607	OBI_LIBRARY_ROOT:Thematic/Burmese/Burma JBRS/1914/042135.pdf	OBI_LIBRARY_ROOT:Thematic/Burmese/Burma JBRS/1914/042135.pdf | OBI_LIBRARY_ROOT:Thematic/Burmese/Burma JBRS/JBRS Originals/042135.pdf	data/local/bibliography_sources/042135-0510e4f82c73/042135.pdf	1	1914 | JBRS Originals	pdf	medium	reused_existing	2026-05-29T22:23:00.614124+00:00	
042136-d360e86b243a	d360e86b243ad4ae2ac768514198c979eb4ee50eca2a611129e9cd0352a73ead	042136.pdf	311317	OBI_LIBRARY_ROOT:Thematic/Burmese/Burma JBRS/1913/042136.pdf	OBI_LIBRARY_ROOT:Thematic/Burmese/Burma JBRS/1913/042136.pdf | OBI_LIBRARY_ROOT:Thematic/Burmese/Burma JBRS/JBRS Originals/042136.pdf	data/local/bibliography_sources/042136-d360e86b243a/042136.pdf	1	1913 | JBRS Originals	pdf	medium	reused_existing	2026-05-29T22:23:00.614004+00:00	
042139-3ebe0794047f	3ebe0794047f6bd8456aec178cef1b627c6db0290bb4c55c5ee0d02fc13efce6	042139.pdf	132827	OBI_LIBRARY_ROOT:Thematic/Burmese/Burma JBRS/1913/042139.pdf	OBI_LIBRARY_ROOT:Thematic/Burmese/Burma JBRS/1913/042139.pdf | OBI_LIBRARY_ROOT:Thematic/Burmese/Burma JBRS/JBRS Originals/042139.pdf	data/local/bibliography_sources/042139-3ebe0794047f/042139.pdf	1	1913 | JBRS Originals	pdf	medium	reused_existing	2026-05-29T22:23:00.613881+00:00	
042144-09a12de35fb2	09a12de35fb2b11cb931398b24903ea145dbcc1c2b4afa52b5bbe621110a4fc9	042144.pdf	67731	OBI_LIBRARY_ROOT:Thematic/Burmese/Burma JBRS/JBRS Originals/042144.pdf	OBI_LIBRARY_ROOT:Thematic/Burmese/Burma JBRS/1914/Alphabetumbarmanorum-E-Luce1914.pdf | OBI_LIBRARY_ROOT:Thematic/Burmese/Burma JBRS/JBRS Originals/042144.pdf	data/local/bibliography_sources/042144-09a12de35fb2/042144.pdf	1	1914 | JBRS Originals	pdf	medium	reused_existing	2026-05-29T22:23:00.613763+00:00	
042145-49cb110d0542	49cb110d0542037cfe8a83f9c6e6861a52c58df4d2499002e53f6b33106bf604	042145.pdf	219149	OBI_LIBRARY_ROOT:Thematic/Burmese/Burma JBRS/JBRS Originals/042145.pdf	OBI_LIBRARY_ROOT:Thematic/Burmese/Burma JBRS/JBRS Originals/042145.pdf	data/local/bibliography_sources/042145-49cb110d0542/042145.pdf	0	JBRS Originals	pdf	medium	reused_existing	2026-05-29T22:23:00.613644+00:00	
042148-fade0204288c	fade0204288ce1cdab2aad5c78bc4e347efa6312b717bec3b9d2780d12e19df3	042148.pdf	16862	OBI_LIBRARY_ROOT:Thematic/Burmese/Burma JBRS/JBRS Originals/042148.pdf	OBI_LIBRARY_ROOT:Thematic/Burmese/Burma JBRS/JBRS Originals/042148.pdf	data/local/bibliography_sources/042148-fade0204288c/042148.pdf	0	JBRS Originals	pdf	medium	reused_existing	2026-05-29T22:23:00.613520+00:00	
042148a-eef15a1d1576	eef15a1d1576d14a233e461eea009ed3440ed209497d7e1e7968612d03a84e30	042148A.pdf	350719	OBI_LIBRARY_ROOT:Thematic/Burmese/Burma JBRS/JBRS Originals/042148A.pdf	OBI_LIBRARY_ROOT:Thematic/Burmese/Burma JBRS/JBRS Originals/042148A.pdf	data/local/bibliography_sources/042148a-eef15a1d1576/042148A.pdf	0	JBRS Originals	pdf	medium	reused_existing	2026-05-29T22:23:00.613401+00:00	
042152-fcee950a9ff1	fcee950a9ff1a9f5870790f34e831d3eab6a88d82956fc627846f14aacaa47d8	042152.pdf	142525	OBI_LIBRARY_ROOT:Thematic/Burmese/Burma JBRS/1914/042152.pdf	OBI_LIBRARY_ROOT:Thematic/Burmese/Burma JBRS/1914/042152.pdf | OBI_LIBRARY_ROOT:Thematic/Burmese/Burma JBRS/JBRS Originals/042152.pdf	data/local/bibliography_sources/042152-fcee950a9ff1/042152.pdf	1	1914 | JBRS Originals	pdf	medium	reused_existing	2026-05-29T22:23:00.613275+00:00	
042154-29226ab681a0	29226ab681a05014e4f7df7bc15208879d3417744aa3468e9a598eb21764532b	042154.pdf	134202	OBI_LIBRARY_ROOT:Thematic/Burmese/Burma JBRS/JBRS Originals/042154.pdf	OBI_LIBRARY_ROOT:Thematic/Burmese/Burma JBRS/JBRS Originals/042154.pdf	data/local/bibliography_sources/042154-29226ab681a0/042154.pdf	0	JBRS Originals	pdf	medium	reused_existing	2026-05-29T22:23:00.613151+00:00	
043161-a92e9aba624d	a92e9aba624dbb70c39306ec55b14cbadf447cd57e482b5fd49b620d78ff4a33	043161.pdf	867056	OBI_LIBRARY_ROOT:Thematic/Burmese/Burma JBRS/JBRS Originals/043161.pdf	OBI_LIBRARY_ROOT:Thematic/Burmese/Burma JBRS/1914/RelicsPeshawar-Enriquez1914.pdf | OBI_LIBRARY_ROOT:Thematic/Burmese/Burma JBRS/JBRS Originals/043161.pdf	data/local/bibliography_sources/043161-a92e9aba624d/043161.pdf	1	1914 | JBRS Originals	pdf	medium	reused_existing	2026-05-29T22:23:00.613028+00:00	
043171-e35ae1498a45	e35ae1498a45e5d124506fcde857535aa84e880b479006bae1eb04bed688d6d1	043171.pdf	1613470	OBI_LIBRARY_ROOT:Thematic/Burmese/Burma JBRS/JBRS Originals/043171.pdf	OBI_LIBRARY_ROOT:Thematic/Burmese/Burma JBRS/JBRS Originals/043171.pdf	data/local/bibliography_sources/043171-e35ae1498a45/043171.pdf	0	JBRS Originals	pdf	medium	reused_existing	2026-05-29T22:23:00.612897+00:00	
043209-b801e27ebf1a	b801e27ebf1a8c1ad10dbb86686dad86f834c4b85047a09d81e6bf80a92180f1	043209.pdf	370006	OBI_LIBRARY_ROOT:Thematic/Burmese/Burma JBRS/JBRS Originals/043209.pdf	OBI_LIBRARY_ROOT:Thematic/Burmese/Burma JBRS/1914/Hanthawaddy4-Furnivall1914.pdf | OBI_LIBRARY_ROOT:Thematic/Burmese/Burma JBRS/JBRS Originals/043209.pdf	data/local/bibliography_sources/043209-b801e27ebf1a/043209.pdf	1	1914 | JBRS Originals	pdf	medium	reused_existing	2026-05-29T22:23:00.612783+00:00	
043215-9c28fa69925b	9c28fa69925b6ea55d351c5b3952de1892c1f6a793b45e4b04a4992558333859	043215.pdf	188874	OBI_LIBRARY_ROOT:Thematic/Burmese/Burma JBRS/JBRS Originals/043215.pdf	OBI_LIBRARY_ROOT:Thematic/Burmese/Burma JBRS/JBRS Originals/043215.pdf	data/local/bibliography_sources/043215-9c28fa69925b/043215.pdf	0	JBRS Originals	pdf	medium	reused_existing	2026-05-29T22:23:00.612661+00:00	
043219-8c13f0cb306a	8c13f0cb306adf36b97be0ac2a0100792ae503be6baacf330de2e10fd44a8e33	043219.pdf	619405	OBI_LIBRARY_ROOT:Thematic/Burmese/Burma JBRS/JBRS Originals/043219.pdf	OBI_LIBRARY_ROOT:Thematic/Burmese/Burma JBRS/JBRS Originals/043219.pdf	data/local/bibliography_sources/043219-8c13f0cb306a/043219.pdf	0	JBRS Originals	pdf	medium	reused_existing	2026-05-29T22:23:00.612543+00:00	
043224-89b1bf4f944a	89b1bf4f944a3f8fb36914d1b04ebed0da6282fa0db379923d0304693e00fd79	043224.pdf	105913	OBI_LIBRARY_ROOT:Thematic/Burmese/Burma JBRS/JBRS Originals/043224.pdf	OBI_LIBRARY_ROOT:Thematic/Burmese/Burma JBRS/1914/BurmaSparselyPopulated_BaAung1914.pdf | OBI_LIBRARY_ROOT:Thematic/Burmese/Burma JBRS/JBRS Originals/043224.pdf	data/local/bibliography_sources/043224-89b1bf4f944a/043224.pdf	1	1914 | JBRS Originals	pdf	medium	reused_existing	2026-05-29T22:23:00.612420+00:00	
043225-237aebfd997e	237aebfd997e830a1452d642faf0e3679209a2b579d4e5283114a9de6e450af6	043225.pdf	323795	OBI_LIBRARY_ROOT:Thematic/Burmese/Burma JBRS/JBRS Originals/043225.pdf	OBI_LIBRARY_ROOT:Thematic/Burmese/Burma JBRS/1913/Furnivall1914-MonHeroes.pdf | OBI_LIBRARY_ROOT:Thematic/Burmese/Burma JBRS/JBRS Originals/043225.pdf	data/local/bibliography_sources/043225-237aebfd997e/043225.pdf	1	1913 | JBRS Originals	pdf	medium	reused_existing	2026-05-29T22:23:00.612294+00:00	
043229-95da12edf7fe	95da12edf7fe9ef28d9e420977bf45e11325c8c69fa0e9199d0c340a04052892	043229.pdf	97641	OBI_LIBRARY_ROOT:Thematic/Burmese/Burma JBRS/1913/043229.pdf	OBI_LIBRARY_ROOT:Thematic/Burmese/Burma JBRS/1913/043229.pdf | OBI_LIBRARY_ROOT:Thematic/Burmese/Burma JBRS/JBRS Originals/043229.pdf	data/local/bibliography_sources/043229-95da12edf7fe/043229.pdf	1	1913 | JBRS Originals	pdf	medium	reused_existing	2026-05-29T22:23:00.612175+00:00	
043230-3fb6cb023a6a	3fb6cb023a6a4ad3822affff37b0a032abca14761f7e8c082701db76e20ad696	043230.pdf	103318	OBI_LIBRARY_ROOT:Thematic/Burmese/Burma JBRS/JBRS Originals/043230.pdf	OBI_LIBRARY_ROOT:Thematic/Burmese/Burma JBRS/JBRS Originals/043230.pdf	data/local/bibliography_sources/043230-3fb6cb023a6a/043230.pdf	0	JBRS Originals	pdf	medium	reused_existing	2026-05-29T22:23:00.612040+00:00	
043232-ac7138fd1746	ac7138fd1746e6262bbaf3ee797fe28e6ed35ad48fb2f0231e42d233a4a822bb	043232.pdf	41078	OBI_LIBRARY_ROOT:Thematic/Burmese/Burma JBRS/JBRS Originals/043232.pdf	OBI_LIBRARY_ROOT:Thematic/Burmese/Burma JBRS/JBRS Originals/043232.pdf	data/local/bibliography_sources/043232-ac7138fd1746/043232.pdf	0	JBRS Originals	pdf	medium	reused_existing	2026-05-29T22:23:00.611919+00:00	
043232a-da167e9ef1f5	da167e9ef1f57d8ef9019704503ccd17e485b998e8ef8a2a05efba04f9845662	043232A.pdf	60558	OBI_LIBRARY_ROOT:Thematic/Burmese/Burma JBRS/JBRS Originals/043232A.pdf	OBI_LIBRARY_ROOT:Thematic/Burmese/Burma JBRS/JBRS Originals/043232A.pdf	data/local/bibliography_sources/043232a-da167e9ef1f5/043232A.pdf	0	JBRS Originals	pdf	medium	reused_existing	2026-05-29T22:23:00.611799+00:00	
043233-7ca751053f4d	7ca751053f4d00d390bfde2dea89ccffabfa2c55368bf329f00ab087d0454e0f	043233.pdf	39835	OBI_LIBRARY_ROOT:Thematic/Burmese/Burma JBRS/1914/043233.pdf	OBI_LIBRARY_ROOT:Thematic/Burmese/Burma JBRS/1914/043233.pdf | OBI_LIBRARY_ROOT:Thematic/Burmese/Burma JBRS/JBRS Originals/043233.pdf	data/local/bibliography_sources/043233-7ca751053f4d/043233.pdf	1	1914 | JBRS Originals	pdf	medium	reused_existing	2026-05-29T22:23:00.611676+00:00	
043234-f1c1d29136f8	f1c1d29136f8a5329875186f6a14bb00b07d4b62bb9759522244c772f1b8f52f	043234.pdf	127643	OBI_LIBRARY_ROOT:Thematic/Burmese/Burma JBRS/JBRS Originals/043234.pdf	OBI_LIBRARY_ROOT:Thematic/Burmese/Burma JBRS/JBRS Originals/043234.pdf	data/local/bibliography_sources/043234-f1c1d29136f8/043234.pdf	0	JBRS Originals	pdf	medium	reused_existing	2026-05-29T22:23:00.611554+00:00	
043236-b03dad217a61	b03dad217a61b0d05e2d46a739e7f21d6b73494603117a9c4185f1279b7aa43c	043236.pdf	25685	OBI_LIBRARY_ROOT:Thematic/Burmese/Burma JBRS/1913/043236.pdf	OBI_LIBRARY_ROOT:Thematic/Burmese/Burma JBRS/1913/043236.pdf | OBI_LIBRARY_ROOT:Thematic/Burmese/Burma JBRS/JBRS Originals/043236.pdf	data/local/bibliography_sources/043236-b03dad217a61/043236.pdf	1	1913 | JBRS Originals	pdf	medium	reused_existing	2026-05-29T22:23:00.611430+00:00	
043237-10238af95090	10238af9509094ae5c4b5b4ff5138ac1c1d58b554980e027b540f924a38a8527	043237.pdf	768750	OBI_LIBRARY_ROOT:Thematic/Burmese/Burma JBRS/JBRS Originals/043237.pdf	OBI_LIBRARY_ROOT:Thematic/Burmese/Burma JBRS/JBRS Originals/043237.pdf	data/local/bibliography_sources/043237-10238af95090/043237.pdf	0	JBRS Originals	pdf	medium	reused_existing	2026-05-29T22:23:00.611309+00:00	
043246-b5d8b369a3ef	b5d8b369a3efc786fa8ca2093993d92c3142f3fd278ae00d8f2eefeec0df1d05	043246.pdf	84820	OBI_LIBRARY_ROOT:Thematic/Burmese/Burma JBRS/JBRS Originals/043246.pdf	OBI_LIBRARY_ROOT:Thematic/Burmese/Burma JBRS/JBRS Originals/043246.pdf	data/local/bibliography_sources/043246-b5d8b369a3ef/043246.pdf	0	JBRS Originals	pdf	medium	reused_existing	2026-05-29T22:23:00.611189+00:00	
043247-1d364402e16e	1d364402e16e14d2e8f59de5b7a3734c75273ae5c7216b2f14012809c34950f9	043247.pdf	70240	OBI_LIBRARY_ROOT:Thematic/Burmese/Burma JBRS/JBRS Originals/043247.pdf	OBI_LIBRARY_ROOT:Thematic/Burmese/Burma JBRS/JBRS Originals/043247.pdf	data/local/bibliography_sources/043247-1d364402e16e/043247.pdf	0	JBRS Originals	pdf	medium	reused_existing	2026-05-29T22:23:00.611068+00:00	
051001-6e549ffebfb3	6e549ffebfb388ee59fa094995e10f8f3314612f7e780cdbf099d6a6d44686b8	051001.pdf	677106	OBI_LIBRARY_ROOT:Thematic/Burmese/Burma JBRS/JBRS Originals/051001.pdf	OBI_LIBRARY_ROOT:Thematic/Burmese/Burma JBRS/1915/Syriam1-Furnivall1915.pdf | OBI_LIBRARY_ROOT:Thematic/Burmese/Burma JBRS/JBRS Originals/051001.pdf	data/local/bibliography_sources/051001-6e549ffebfb3/051001.pdf	1	1915 | JBRS Originals	pdf	medium	reused_existing	2026-05-29T22:23:00.610945+00:00	
051013-53a611f4cd7b	53a611f4cd7b623a0ef14c31386ae239bf1179366058b72b3ced2b844c110221	051013.pdf	587577	OBI_LIBRARY_ROOT:Thematic/Burmese/Burma JBRS/JBRS Originals/051013.pdf	OBI_LIBRARY_ROOT:Thematic/Burmese/Burma JBRS/JBRS Originals/051013.pdf	data/local/bibliography_sources/051013-53a611f4cd7b/051013.pdf	0	JBRS Originals	pdf	medium	reused_existing	2026-05-29T22:23:00.610816+00:00	
051021-6734149e3e0f	6734149e3e0fd20f208a08f41dce22764a9c5c16ec0818266208ebd8864c9117	051021.pdf	326928	OBI_LIBRARY_ROOT:Thematic/Burmese/Burma JBRS/JBRS Originals/051021.pdf	OBI_LIBRARY_ROOT:Thematic/Burmese/Burma JBRS/JBRS Originals/051021.pdf	data/local/bibliography_sources/051021-6734149e3e0f/051021.pdf	0	JBRS Originals	pdf	medium	reused_existing	2026-05-29T22:23:00.610694+00:00	
051025-740805ebde23	740805ebde23e0b63156145a749516c0a75a32b748742d1a48ed18608e48304f	051025.pdf	474929	OBI_LIBRARY_ROOT:Thematic/Burmese/Burma JBRS/1915/051025.pdf	OBI_LIBRARY_ROOT:Thematic/Burmese/Burma JBRS/1915/051025.pdf | OBI_LIBRARY_ROOT:Thematic/Burmese/Burma JBRS/JBRS Originals/051025.pdf	data/local/bibliography_sources/051025-740805ebde23/051025.pdf	1	1915 | JBRS Originals	pdf	medium	reused_existing	2026-05-29T22:23:00.610572+00:00	
051030-0293c3e06793	0293c3e067933b34e28da15afb25234e6113c45fbe22006c579c5efb5fd81b3d	051030.pdf	103750	OBI_LIBRARY_ROOT:Thematic/Burmese/Burma JBRS/1915/051030.pdf	OBI_LIBRARY_ROOT:Thematic/Burmese/Burma JBRS/1915/051030.pdf | OBI_LIBRARY_ROOT:Thematic/Burmese/Burma JBRS/JBRS Originals/051030.pdf	data/local/bibliography_sources/051030-0293c3e06793/051030.pdf	1	1915 | JBRS Originals	pdf	medium	reused_existing	2026-05-29T22:23:00.610456+00:00	
051031-04560d421019	04560d421019adc3d3f5dd506fa804cadb379b569129989d357ff2f7a6960be4	051031.pdf	199200	OBI_LIBRARY_ROOT:Thematic/Burmese/Burma JBRS/JBRS Originals/051031.pdf	OBI_LIBRARY_ROOT:Thematic/Burmese/Burma JBRS/1915/QueerStory_B-1915.pdf | OBI_LIBRARY_ROOT:Thematic/Burmese/Burma JBRS/JBRS Originals/051031.pdf	data/local/bibliography_sources/051031-04560d421019/051031.pdf	1	1915 | JBRS Originals	pdf	medium	reused_existing	2026-05-29T22:23:00.610339+00:00	
051033-eb89c7e48479	eb89c7e484796f67b6e5fc31fbb686b2ec1aa8426711b798780da2c110920644	051033.pdf	53766	OBI_LIBRARY_ROOT:Thematic/Burmese/Burma JBRS/JBRS Originals/051033.pdf	OBI_LIBRARY_ROOT:Thematic/Burmese/Burma JBRS/JBRS Originals/051033.pdf	data/local/bibliography_sources/051033-eb89c7e48479/051033.pdf	0	JBRS Originals	pdf	medium	reused_existing	2026-05-29T22:23:00.610212+00:00	
051034-f78d618cbacf	f78d618cbacf34362dcb228a0c026e31cf851cf7cb00e798653509105839b75c	051034.pdf	74099	OBI_LIBRARY_ROOT:Thematic/Burmese/Burma JBRS/1915/051034.pdf	OBI_LIBRARY_ROOT:Thematic/Burmese/Burma JBRS/1915/051034.pdf | OBI_LIBRARY_ROOT:Thematic/Burmese/Burma JBRS/JBRS Originals/051034.pdf	data/local/bibliography_sources/051034-f78d618cbacf/051034.pdf	1	1915 | JBRS Originals	pdf	medium	reused_existing	2026-05-29T22:23:00.610093+00:00	
051035-ebbc816bdbe4	ebbc816bdbe402355b4c2318d76ce3ba446a8629ab748408182441fdaada9f55	051035.pdf	120163	OBI_LIBRARY_ROOT:Thematic/Burmese/Burma JBRS/JBRS Originals/051035.pdf	OBI_LIBRARY_ROOT:Thematic/Burmese/Burma JBRS/JBRS Originals/051035.pdf	data/local/bibliography_sources/051035-ebbc816bdbe4/051035.pdf	0	JBRS Originals	pdf	medium	reused_existing	2026-05-29T22:23:00.609974+00:00	
051036-5021cc43776e	5021cc43776e7653161d060cb3126fdf0504811cec0bf4be2dcbe65fb44b714e	051036.pdf	88087	OBI_LIBRARY_ROOT:Thematic/Burmese/Burma JBRS/1915/051036.pdf	OBI_LIBRARY_ROOT:Thematic/Burmese/Burma JBRS/1915/051036.pdf | OBI_LIBRARY_ROOT:Thematic/Burmese/Burma JBRS/JBRS Originals/051036.pdf	data/local/bibliography_sources/051036-5021cc43776e/051036.pdf	1	1915 | JBRS Originals	pdf	medium	reused_existing	2026-05-29T22:23:00.609850+00:00	
052043-286a5ccb9771	286a5ccb9771288cff785e668426706f2cea4fd7aa3329c380c5a445b988a28e	052043.pdf	364886	OBI_LIBRARY_ROOT:Thematic/Burmese/Burma JBRS/1915/052043.pdf	OBI_LIBRARY_ROOT:Thematic/Burmese/Burma JBRS/1915/052043.pdf | OBI_LIBRARY_ROOT:Thematic/Burmese/Burma JBRS/JBRS Originals/052043.pdf	data/local/bibliography_sources/052043-286a5ccb9771/052043.pdf	1	1915 | JBRS Originals	pdf	medium	reused_existing	2026-05-29T22:23:00.609724+00:00	
052049-39ff96a24906	39ff96a24906871d713fb4ed0caadbe4df2fd61478b5c0acdd74acd1419c6880	052049.pdf	828228	OBI_LIBRARY_ROOT:Thematic/Burmese/Burma JBRS/JBRS Originals/052049.pdf	OBI_LIBRARY_ROOT:Thematic/Burmese/Burma JBRS/1915/Syriam2-Furnivall1915.pdf | OBI_LIBRARY_ROOT:Thematic/Burmese/Burma JBRS/JBRS Originals/052049.pdf	data/local/bibliography_sources/052049-39ff96a24906/052049.pdf	1	1915 | JBRS Originals	pdf	medium	reused_existing	2026-05-29T22:23:00.609606+00:00	
052059-29251d830200	29251d830200868fd42bfd58b49ab594bd725ea1982ad2c8fc6b9a76121e39eb	052059.pdf	2321421	OBI_LIBRARY_ROOT:Thematic/Burmese/Burma JBRS/JBRS Originals/052059.pdf	OBI_LIBRARY_ROOT:Thematic/Burmese/Burma JBRS/JBRS Originals/052059.pdf	data/local/bibliography_sources/052059-29251d830200/052059.pdf	0	JBRS Originals	pdf	medium	reused_existing	2026-05-29T22:23:00.609485+00:00	
052091-593ea4dfb3b9	593ea4dfb3b9d9f69e97f802cde42269df4cca73d490f309c186eec062e12c18	052091.pdf	494394	OBI_LIBRARY_ROOT:Thematic/Burmese/Burma JBRS/1915/052091.pdf	OBI_LIBRARY_ROOT:Thematic/Burmese/Burma JBRS/1915/052091.pdf | OBI_LIBRARY_ROOT:Thematic/Burmese/Burma JBRS/JBRS Originals/052091.pdf	data/local/bibliography_sources/052091-593ea4dfb3b9/052091.pdf	1	1915 | JBRS Originals	pdf	medium	reused_existing	2026-05-29T22:23:00.609357+00:00	
052096-8d5d09ece92b	8d5d09ece92b9896cda84cbd4a5900b7080cf302ee0b00e89a77ee7b95242395	052096.pdf	142552	OBI_LIBRARY_ROOT:Thematic/Burmese/Burma JBRS/JBRS Originals/052096.pdf	OBI_LIBRARY_ROOT:Thematic/Burmese/Burma JBRS/JBRS Originals/052096.pdf	data/local/bibliography_sources/052096-8d5d09ece92b/052096.pdf	0	JBRS Originals	pdf	medium	reused_existing	2026-05-29T22:23:00.609240+00:00	
052097-7d162903c88a	7d162903c88a913d14c151fe6193f0c44b709b9431189c5cb49af13392eb9c19	052097.pdf	53070	OBI_LIBRARY_ROOT:Thematic/Burmese/Burma JBRS/1915/052097.pdf	OBI_LIBRARY_ROOT:Thematic/Burmese/Burma JBRS/1915/052097.pdf | OBI_LIBRARY_ROOT:Thematic/Burmese/Burma JBRS/JBRS Originals/052097.pdf	data/local/bibliography_sources/052097-7d162903c88a/052097.pdf	1	1915 | JBRS Originals	pdf	medium	reused_existing	2026-05-29T22:23:00.609113+00:00	
052098-c189d2c69bac	c189d2c69bac64703efe430fd7dac40da7ffafd4c3588c2ba08e3b51a987bb9c	052098.pdf	349675	OBI_LIBRARY_ROOT:Thematic/Burmese/Burma JBRS/1915/052098.pdf	OBI_LIBRARY_ROOT:Thematic/Burmese/Burma JBRS/1915/052098.pdf | OBI_LIBRARY_ROOT:Thematic/Burmese/Burma JBRS/JBRS Originals/052098.pdf	data/local/bibliography_sources/052098-c189d2c69bac/052098.pdf	1	1915 | JBRS Originals	pdf	medium	reused_existing	2026-05-29T22:23:00.608982+00:00	
052102-385a33d151fe	385a33d151fed1ecfb6c1a2d0a9d769e2c4a46d9b08e3b7b980d8fbb0cbcc3e6	052102.pdf	496899	OBI_LIBRARY_ROOT:Thematic/Burmese/Burma JBRS/JBRS Originals/052102.pdf	OBI_LIBRARY_ROOT:Thematic/Burmese/Burma JBRS/JBRS Originals/052102.pdf	data/local/bibliography_sources/052102-385a33d151fe/052102.pdf	0	JBRS Originals	pdf	medium	reused_existing	2026-05-29T22:23:00.608854+00:00	
052110-c234d5989a1e	c234d5989a1ec8a980709b134be2c89f3313b8c670dc70405260cf37363cfab9	052110.pdf	20062	OBI_LIBRARY_ROOT:Thematic/Burmese/Burma JBRS/JBRS Originals/052110.pdf	OBI_LIBRARY_ROOT:Thematic/Burmese/Burma JBRS/JBRS Originals/052110.pdf	data/local/bibliography_sources/052110-c234d5989a1e/052110.pdf	0	JBRS Originals	pdf	medium	reused_existing	2026-05-29T22:23:00.608733+00:00	
052111-bfe568a7b25f	bfe568a7b25f29b35ffaeec3419990e6906e48e203246eca2710820ed039a0dc	052111.pdf	20713	OBI_LIBRARY_ROOT:Thematic/Burmese/Burma JBRS/1915/052111.pdf	OBI_LIBRARY_ROOT:Thematic/Burmese/Burma JBRS/1915/052111.pdf | OBI_LIBRARY_ROOT:Thematic/Burmese/Burma JBRS/JBRS Originals/052111.pdf	data/local/bibliography_sources/052111-bfe568a7b25f/052111.pdf	1	1915 | JBRS Originals	pdf	medium	reused_existing	2026-05-29T22:23:00.608608+00:00	
052111a-1a81c952a600	1a81c952a600dce152573eeb63bec0a4ce641231c70e7d0e7852d3b3d36bd0b1	052111A.pdf	133345	OBI_LIBRARY_ROOT:Thematic/Burmese/Burma JBRS/JBRS Originals/052111A.pdf	OBI_LIBRARY_ROOT:Thematic/Burmese/Burma JBRS/JBRS Originals/052111A.pdf	data/local/bibliography_sources/052111a-1a81c952a600/052111A.pdf	0	JBRS Originals	pdf	medium	reused_existing	2026-05-29T22:23:00.608484+00:00	
052113-94654fc5d375	94654fc5d375a298811e67d33747e41ce5bb891650fd3003e229040f7eac60e4	052113.pdf	38813	OBI_LIBRARY_ROOT:Thematic/Burmese/Burma JBRS/1915/052113.pdf	OBI_LIBRARY_ROOT:Thematic/Burmese/Burma JBRS/1915/052113.pdf | OBI_LIBRARY_ROOT:Thematic/Burmese/Burma JBRS/JBRS Originals/052113.pdf	data/local/bibliography_sources/052113-94654fc5d375/052113.pdf	1	1915 | JBRS Originals	pdf	medium	reused_existing	2026-05-29T22:23:00.608356+00:00	
053117-d7da4c3931d9	d7da4c3931d9a0f988854d172b47f2fde003f390a1b5af020e0a28b71d803f69	053117.pdf	1018969	OBI_LIBRARY_ROOT:Thematic/Burmese/Burma JBRS/JBRS Originals/053117.pdf	OBI_LIBRARY_ROOT:Thematic/Burmese/Burma JBRS/1915/CapitalsAlaungpaya-Enriquez1915.pdf | OBI_LIBRARY_ROOT:Thematic/Burmese/Burma JBRS/JBRS Originals/053117.pdf	data/local/bibliography_sources/053117-d7da4c3931d9/053117.pdf	1	1915 | JBRS Originals	pdf	medium	reused_existing	2026-05-29T22:23:00.608229+00:00	
053129-4d89fbc59fa8	4d89fbc59fa8383b761bfe13aca39c7565748d3e8ed386044105676a47c734c0	053129.pdf	2156151	OBI_LIBRARY_ROOT:Thematic/Burmese/Burma JBRS/JBRS Originals/053129.pdf	OBI_LIBRARY_ROOT:Thematic/Burmese/Burma JBRS/1915/Syriam3-Furnivall1915.pdf | OBI_LIBRARY_ROOT:Thematic/Burmese/Burma JBRS/JBRS Originals/053129.pdf	data/local/bibliography_sources/053129-4d89fbc59fa8/053129.pdf	1	1915 | JBRS Originals	pdf	medium	reused_existing	2026-05-29T22:23:00.608100+00:00	
053152-fbe88d96116a	fbe88d96116a4d01f38351fe446d24651946585e43459ba918d502fa7a65a2bc	053152.pdf	433464	OBI_LIBRARY_ROOT:Thematic/Burmese/Burma JBRS/JBRS Originals/053152.pdf	OBI_LIBRARY_ROOT:Thematic/Burmese/Burma JBRS/JBRS Originals/053152.pdf	data/local/bibliography_sources/053152-fbe88d96116a/053152.pdf	0	JBRS Originals	pdf	medium	reused_existing	2026-05-29T22:23:00.607978+00:00	
053159-5005dafb8478	5005dafb8478a6f80163cddf6d233629948ce51e47fd5a5a594808791617ab4f	053159.pdf	60425	OBI_LIBRARY_ROOT:Thematic/Burmese/Burma JBRS/1915/053159.pdf	OBI_LIBRARY_ROOT:Thematic/Burmese/Burma JBRS/1915/053159.pdf | OBI_LIBRARY_ROOT:Thematic/Burmese/Burma JBRS/JBRS Originals/053159.pdf	data/local/bibliography_sources/053159-5005dafb8478/053159.pdf	1	1915 | JBRS Originals	pdf	medium	reused_existing	2026-05-29T22:23:00.607853+00:00	
053160-0b14c9564ca6	0b14c9564ca677b926e5ff79dd708b42ce2c72e7290778eac8a0428deae9b9b2	053160.pdf	96401	OBI_LIBRARY_ROOT:Thematic/Burmese/Burma JBRS/JBRS Originals/053160.pdf	OBI_LIBRARY_ROOT:Thematic/Burmese/Burma JBRS/JBRS Originals/053160.pdf	data/local/bibliography_sources/053160-0b14c9564ca6/053160.pdf	0	JBRS Originals	pdf	medium	reused_existing	2026-05-29T22:23:00.607734+00:00	
053162-9dd092ecebc0	9dd092ecebc032860fbdf28f605a9f31a8197f3ab73bbd42ebc2537a83840b56	053162.pdf	186053	OBI_LIBRARY_ROOT:Thematic/Burmese/Burma JBRS/1915/053162.pdf	OBI_LIBRARY_ROOT:Thematic/Burmese/Burma JBRS/1915/053162.pdf | OBI_LIBRARY_ROOT:Thematic/Burmese/Burma JBRS/JBRS Originals/053162.pdf	data/local/bibliography_sources/053162-9dd092ecebc0/053162.pdf	1	1915 | JBRS Originals	pdf	medium	reused_existing	2026-05-29T22:23:00.607609+00:00	
053164-faf508cfddfa	faf508cfddfa609ca1ab22af066e26beb211d1a291394a76a3a7364c7f02e251	053164.pdf	159668	OBI_LIBRARY_ROOT:Thematic/Burmese/Burma JBRS/JBRS Originals/053164.pdf	OBI_LIBRARY_ROOT:Thematic/Burmese/Burma JBRS/JBRS Originals/053164.pdf	data/local/bibliography_sources/053164-faf508cfddfa/053164.pdf	0	JBRS Originals	pdf	medium	reused_existing	2026-05-29T22:23:00.607467+00:00	
053167-0543d1ba233c	0543d1ba233c277384e3d86f5cf76cbb66695068c6a1f5fafb92c0097aae3834	053167.pdf	108951	OBI_LIBRARY_ROOT:Thematic/Burmese/Burma JBRS/1915/053167.pdf	OBI_LIBRARY_ROOT:Thematic/Burmese/Burma JBRS/1915/053167.pdf | OBI_LIBRARY_ROOT:Thematic/Burmese/Burma JBRS/JBRS Originals/053167.pdf	data/local/bibliography_sources/053167-0543d1ba233c/053167.pdf	1	1915 | JBRS Originals	pdf	medium	reused_existing	2026-05-29T22:23:00.607346+00:00	
053168-25f9e5bfd77d	25f9e5bfd77d92eae3b7fa91a613cf3a40dc15591aabe77877d97152167664eb	053168.pdf	239491	OBI_LIBRARY_ROOT:Thematic/Burmese/Burma JBRS/JBRS Originals/053168.pdf	OBI_LIBRARY_ROOT:Thematic/Burmese/Burma JBRS/JBRS Originals/053168.pdf	data/local/bibliography_sources/053168-25f9e5bfd77d/053168.pdf	0	JBRS Originals	pdf	medium	reused_existing	2026-05-29T22:23:00.607215+00:00	
053171-0c382fdb7d3e	0c382fdb7d3e980260e7ba6ad9581a0b9711a33180c742408de223bad209bf1c	053171.pdf	91365	OBI_LIBRARY_ROOT:Thematic/Burmese/Burma JBRS/JBRS Originals/053171.pdf	OBI_LIBRARY_ROOT:Thematic/Burmese/Burma JBRS/1915/Khebo-Duroiselle1915.pdf | OBI_LIBRARY_ROOT:Thematic/Burmese/Burma JBRS/JBRS Originals/053171.pdf	data/local/bibliography_sources/053171-0c382fdb7d3e/053171.pdf	1	1915 | JBRS Originals	pdf	medium	reused_existing	2026-05-29T22:23:00.607097+00:00	
053172-92bdd471e562	92bdd471e562619f781d8168522727648c00ba75bd2b18419dc65875a52152c6	053172.pdf	198579	OBI_LIBRARY_ROOT:Thematic/Burmese/Burma JBRS/JBRS Originals/053172.pdf	OBI_LIBRARY_ROOT:Thematic/Burmese/Burma JBRS/JBRS Originals/053172.pdf	data/local/bibliography_sources/053172-92bdd471e562/053172.pdf	0	JBRS Originals	pdf	medium	reused_existing	2026-05-29T22:23:00.606980+00:00	
053174-6a4620920797	6a4620920797b4ef46a3cecaf77aeef00fe440b898ea018a5515418283c9fca9	053174.pdf	65290	OBI_LIBRARY_ROOT:Thematic/Burmese/Burma JBRS/JBRS Originals/053174.pdf	OBI_LIBRARY_ROOT:Thematic/Burmese/Burma JBRS/JBRS Originals/053174.pdf	data/local/bibliography_sources/053174-6a4620920797/053174.pdf	0	JBRS Originals	pdf	medium	reused_existing	2026-05-29T22:23:00.606855+00:00	
053175-359dcc652ea6	359dcc652ea6d3465070a782885df203794af1b968f20002e27c2c87dd0ab621	053175.pdf	56034	OBI_LIBRARY_ROOT:Thematic/Burmese/Burma JBRS/1915/053175.pdf	OBI_LIBRARY_ROOT:Thematic/Burmese/Burma JBRS/1915/053175.pdf | OBI_LIBRARY_ROOT:Thematic/Burmese/Burma JBRS/JBRS Originals/053175.pdf	data/local/bibliography_sources/053175-359dcc652ea6/053175.pdf	1	1915 | JBRS Originals	pdf	medium	reused_existing	2026-05-29T22:23:00.606731+00:00	
061001-0714e045bece	0714e045bece3a619b475343b76c9a6373a8fa1cfb2e01733b775b4855416f50	061001.pdf	527627	OBI_LIBRARY_ROOT:Thematic/Burmese/Burma JBRS/1916/061001.pdf	OBI_LIBRARY_ROOT:Thematic/Burmese/Burma JBRS/1916/061001.pdf | OBI_LIBRARY_ROOT:Thematic/Burmese/Burma JBRS/JBRS Originals/061001.pdf	data/local/bibliography_sources/061001-0714e045bece/061001.pdf	1	1916 | JBRS Originals	pdf	medium	reused_existing	2026-05-29T22:23:00.606609+00:00	
061009-240867a46564	240867a465647b15488c970b7d84ac9762c6f26102e3d510165ebd9ccbc4c273	061009.pdf	192296	OBI_LIBRARY_ROOT:Thematic/Burmese/Burma JBRS/JBRS Originals/061009.pdf	OBI_LIBRARY_ROOT:Thematic/Burmese/Burma JBRS/JBRS Originals/061009.pdf	data/local/bibliography_sources/061009-240867a46564/061009.pdf	0	JBRS Originals	pdf	medium	reused_existing	2026-05-29T22:23:00.606479+00:00	
061009a-cd54213d32f2	cd54213d32f2e5d89c4b88b527431e8ce2334385548d720a5c383cedcaf029bd	061009a.pdf	43146	OBI_LIBRARY_ROOT:Thematic/Burmese/Burma JBRS/1916/061009a.pdf	OBI_LIBRARY_ROOT:Thematic/Burmese/Burma JBRS/1916/061009a.pdf | OBI_LIBRARY_ROOT:Thematic/Burmese/Burma JBRS/JBRS Originals/061009A.pdf	data/local/bibliography_sources/061009a-cd54213d32f2/061009A.pdf	1	1916 | JBRS Originals	pdf	medium	reused_existing	2026-05-29T22:23:00.606358+00:00	
061013-4ade969ac1f4	4ade969ac1f4a18d5f197dd7a72a825b18374f372134f9f4c99ae17e2555d886	061013.pdf	273660	OBI_LIBRARY_ROOT:Thematic/Burmese/Burma JBRS/JBRS Originals/061013.pdf	OBI_LIBRARY_ROOT:Thematic/Burmese/Burma JBRS/1916/LetwePoem-Luce1916.pdf | OBI_LIBRARY_ROOT:Thematic/Burmese/Burma JBRS/JBRS Originals/061013.pdf	data/local/bibliography_sources/061013-4ade969ac1f4/061013.pdf	1	1916 | JBRS Originals	pdf	medium	reused_existing	2026-05-29T22:23:00.606242+00:00	
061019-ad8459e21656	ad8459e21656dcc5074941c511b6749ddaae65a89013420b8bbd97bfdb1d211d	061019.pdf	103857	OBI_LIBRARY_ROOT:Thematic/Burmese/Burma JBRS/JBRS Originals/061019.pdf	OBI_LIBRARY_ROOT:Thematic/Burmese/Burma JBRS/1916/BronzeFigureArakanPagodaMandalay-TawSeinlKo1916.pdf | OBI_LIBRARY_ROOT:Thematic/Burmese/Burma JBRS/JBRS Originals/061019.pdf	data/local/bibliography_sources/061019-ad8459e21656/061019.pdf	1	1916 | JBRS Originals	pdf	medium	reused_existing	2026-05-29T22:23:00.606121+00:00	
061020-f833cb9ed098	f833cb9ed09856fe859e81abd5e9930dfe828fe87eb7fce8b89b5e6a8c39cf9f	061020.pdf	81217	OBI_LIBRARY_ROOT:Thematic/Burmese/Burma JBRS/1916/061020.pdf	OBI_LIBRARY_ROOT:Thematic/Burmese/Burma JBRS/1916/061020.pdf | OBI_LIBRARY_ROOT:Thematic/Burmese/Burma JBRS/JBRS Originals/061020.pdf	data/local/bibliography_sources/061020-f833cb9ed098/061020.pdf	1	1916 | JBRS Originals	pdf	medium	reused_existing	2026-05-29T22:23:00.606006+00:00	
061021-1c46079ca7b2	1c46079ca7b223263394844735b2944f8f5e5e857bd2e62c655029fbc18c5e44	061021.pdf	56036	OBI_LIBRARY_ROOT:Thematic/Burmese/Burma JBRS/JBRS Originals/061021.pdf	OBI_LIBRARY_ROOT:Thematic/Burmese/Burma JBRS/JBRS Originals/061021.pdf	data/local/bibliography_sources/061021-1c46079ca7b2/061021.pdf	0	JBRS Originals	pdf	medium	reused_existing	2026-05-29T22:23:00.605889+00:00	
061021a-4d68e92fbaf6	4d68e92fbaf6c12ca5df923808245a1fad1db380b5ca14d467c0c1eb25deee82	061021A.pdf	602659	OBI_LIBRARY_ROOT:Thematic/Burmese/Burma JBRS/JBRS Originals/061021A.pdf	OBI_LIBRARY_ROOT:Thematic/Burmese/Burma JBRS/JBRS Originals/061021A.pdf	data/local/bibliography_sources/061021a-4d68e92fbaf6/061021A.pdf	0	JBRS Originals	pdf	medium	reused_existing	2026-05-29T22:23:00.605767+00:00	
061030-9f9270039344	9f927003934461531faab7b0cda7f229751dc4fb9ae12a4cb85db6a456388558	061030.pdf	119316	OBI_LIBRARY_ROOT:Thematic/Burmese/Burma JBRS/1916/061030.pdf	OBI_LIBRARY_ROOT:Thematic/Burmese/Burma JBRS/1916/061030.pdf | OBI_LIBRARY_ROOT:Thematic/Burmese/Burma JBRS/JBRS Originals/061030.pdf	data/local/bibliography_sources/061030-9f9270039344/061030.pdf	1	1916 | JBRS Originals	pdf	medium	reused_existing	2026-05-29T22:23:00.605644+00:00	
061031-f1c7769a0333	f1c7769a0333d473f3343a7835f5d73df134d0fe655db358b6d14d5e45cd7670	061031.pdf	146307	OBI_LIBRARY_ROOT:Thematic/Burmese/Burma JBRS/JBRS Originals/061031.pdf	OBI_LIBRARY_ROOT:Thematic/Burmese/Burma JBRS/JBRS Originals/061031.pdf	data/local/bibliography_sources/061031-f1c7769a0333/061031.pdf	0	JBRS Originals	pdf	medium	reused_existing	2026-05-29T22:23:00.605524+00:00	
061033-d5d60901692e	d5d60901692e21ddb5791f6ddf73766fc19d16ad0a5b9241b0409d9affb10a97	061033.pdf	288601	OBI_LIBRARY_ROOT:Thematic/Burmese/Burma JBRS/JBRS Originals/061033.pdf	OBI_LIBRARY_ROOT:Thematic/Burmese/Burma JBRS/JBRS Originals/061033.pdf	data/local/bibliography_sources/061033-d5d60901692e/061033.pdf	0	JBRS Originals	pdf	medium	reused_existing	2026-05-29T22:23:00.605412+00:00	
061037-a77a892a06b7	a77a892a06b7922d92f2fbf18239038e330fb006a4a83501d621779c33956738	061037.pdf	103693	OBI_LIBRARY_ROOT:Thematic/Burmese/Burma JBRS/JBRS Originals/061037.pdf	OBI_LIBRARY_ROOT:Thematic/Burmese/Burma JBRS/JBRS Originals/061037.pdf	data/local/bibliography_sources/061037-a77a892a06b7/061037.pdf	0	JBRS Originals	pdf	medium	reused_existing	2026-05-29T22:23:00.605294+00:00	
062049-fad738ddf8dc	fad738ddf8dcb817fceceeeb0f6b2b524c8c89dde3f5deae1aa7ffdfe8813932	062049.pdf	565943	OBI_LIBRARY_ROOT:Thematic/Burmese/Burma JBRS/1916/062049.pdf	OBI_LIBRARY_ROOT:Thematic/Burmese/Burma JBRS/1916/062049.pdf | OBI_LIBRARY_ROOT:Thematic/Burmese/Burma JBRS/JBRS Originals/062049.pdf	data/local/bibliography_sources/062049-fad738ddf8dc/062049.pdf	1	1916 | JBRS Originals	pdf	medium	reused_existing	2026-05-29T22:23:00.605162+00:00	
062057-c62589674754	c6258967475434216c3abdc6910e491a0c1b707afbf55be5c89b352e73a7aecf	062057.pdf	1189405	OBI_LIBRARY_ROOT:Thematic/Burmese/Burma JBRS/1916/062057.pdf	OBI_LIBRARY_ROOT:Thematic/Burmese/Burma JBRS/1916/062057.pdf | OBI_LIBRARY_ROOT:Thematic/Burmese/Burma JBRS/JBRS Originals/062057.pdf	data/local/bibliography_sources/062057-c62589674754/062057.pdf	1	1916 | JBRS Originals	pdf	medium	reused_existing	2026-05-29T22:23:00.605040+00:00	
062078-0c7cb2c166fd	0c7cb2c166fd99d5b53b9d676e08bd08cfb52083d07d1fcf281b25ece4a43359	062078.pdf	126983	OBI_LIBRARY_ROOT:Thematic/Burmese/Burma JBRS/JBRS Originals/062078.pdf	OBI_LIBRARY_ROOT:Thematic/Burmese/Burma JBRS/JBRS Originals/062078.pdf	data/local/bibliography_sources/062078-0c7cb2c166fd/062078.pdf	0	JBRS Originals	pdf	medium	reused_existing	2026-05-29T22:23:00.604915+00:00	
062081-787d31fc9a88	787d31fc9a88b4a4a0a3a24ad45296a7df76e20d75fd436abdea44d08cbdf404	062081.pdf	505138	OBI_LIBRARY_ROOT:Thematic/Burmese/Burma JBRS/1916/062081.pdf	OBI_LIBRARY_ROOT:Thematic/Burmese/Burma JBRS/1916/062081.pdf | OBI_LIBRARY_ROOT:Thematic/Burmese/Burma JBRS/JBRS Originals/062081.pdf	data/local/bibliography_sources/062081-787d31fc9a88/062081.pdf	1	1916 | JBRS Originals	pdf	medium	reused_existing	2026-05-29T22:23:00.604793+00:00	
062090-6fc3e143f9e3	6fc3e143f9e379d74508409a0b45360326dccde622793519b8662e4bf7010982	062090.pdf	399767	OBI_LIBRARY_ROOT:Thematic/Burmese/Burma JBRS/1916/062090.pdf	OBI_LIBRARY_ROOT:Thematic/Burmese/Burma JBRS/1916/062090.pdf | OBI_LIBRARY_ROOT:Thematic/Burmese/Burma JBRS/JBRS Originals/062090.pdf	data/local/bibliography_sources/062090-6fc3e143f9e3/062090.pdf	1	1916 | JBRS Originals	pdf	medium	reused_existing	2026-05-29T22:23:00.604668+00:00	
062095-a74ed3dbee37	a74ed3dbee37bafb811ebb423e90fea4286843cf493d5c8bce85a033929a0e1b	062095.pdf	183051	OBI_LIBRARY_ROOT:Thematic/Burmese/Burma JBRS/1916/062095.pdf	OBI_LIBRARY_ROOT:Thematic/Burmese/Burma JBRS/1916/062095.pdf | OBI_LIBRARY_ROOT:Thematic/Burmese/Burma JBRS/JBRS Originals/062095.pdf	data/local/bibliography_sources/062095-a74ed3dbee37/062095.pdf	1	1916 | JBRS Originals	pdf	medium	reused_existing	2026-05-29T22:23:00.604542+00:00	
062098-e507c82eb379	e507c82eb379badc9f20bc1a2178bb7f1a9b9ffa28052425b4ef0147d567ba17	062098.pdf	295576	OBI_LIBRARY_ROOT:Thematic/Burmese/Burma JBRS/1916/062098.pdf	OBI_LIBRARY_ROOT:Thematic/Burmese/Burma JBRS/1916/062098.pdf | OBI_LIBRARY_ROOT:Thematic/Burmese/Burma JBRS/JBRS Originals/062098.pdf	data/local/bibliography_sources/062098-e507c82eb379/062098.pdf	1	1916 | JBRS Originals	pdf	medium	reused_existing	2026-05-29T22:23:00.604424+00:00	
062102-db54540823f2	db54540823f21400e1a0b080fa039fc2369607e33b765223bd74cda2db1f8ff1	062102.pdf	278207	OBI_LIBRARY_ROOT:Thematic/Burmese/Burma JBRS/JBRS Originals/062102.pdf	OBI_LIBRARY_ROOT:Thematic/Burmese/Burma JBRS/1916/Prome-TawSeinKo1916.pdf | OBI_LIBRARY_ROOT:Thematic/Burmese/Burma JBRS/JBRS Originals/062102.pdf	data/local/bibliography_sources/062102-db54540823f2/062102.pdf	1	1916 | JBRS Originals	pdf	medium	reused_existing	2026-05-29T22:23:00.604302+00:00	
062106-4e5803d96013	4e5803d96013cff8833fd778b6023d39d18ceed09a5f7746f3ba7f1a7a20bce0	062106.pdf	125434	OBI_LIBRARY_ROOT:Thematic/Burmese/Burma JBRS/1916/062106.pdf	OBI_LIBRARY_ROOT:Thematic/Burmese/Burma JBRS/1916/062106.pdf | OBI_LIBRARY_ROOT:Thematic/Burmese/Burma JBRS/JBRS Originals/062106.pdf	data/local/bibliography_sources/062106-4e5803d96013/062106.pdf	1	1916 | JBRS Originals	pdf	medium	reused_existing	2026-05-29T22:23:00.604173+00:00	
062108-3a5af6303de4	3a5af6303de46ea77a8259060a2f2cc55da483aae6948aba001c1124fda9caa4	062108.pdf	407444	OBI_LIBRARY_ROOT:Thematic/Burmese/Burma JBRS/JBRS Originals/062108.pdf	OBI_LIBRARY_ROOT:Thematic/Burmese/Burma JBRS/JBRS Originals/062108.pdf	data/local/bibliography_sources/062108-3a5af6303de4/062108.pdf	0	JBRS Originals	pdf	medium	reused_existing	2026-05-29T22:23:00.604057+00:00	
062108a-647e365f31f8	647e365f31f8dcb36dcd1f954c3676926777f23bc873b9dceaa72d16da00faba	062108A.pdf	48153	OBI_LIBRARY_ROOT:Thematic/Burmese/Burma JBRS/JBRS Originals/062108A.pdf	OBI_LIBRARY_ROOT:Thematic/Burmese/Burma JBRS/JBRS Originals/062108A.pdf	data/local/bibliography_sources/062108a-647e365f31f8/062108A.pdf	0	JBRS Originals	pdf	medium	reused_existing	2026-05-29T22:23:00.603935+00:00	
063121-3ae8a6c44290	3ae8a6c44290ed9b5e9fd57bac95146f2276934e7e04ec8fa4c2335483a40749	063121.pdf	695054	OBI_LIBRARY_ROOT:Thematic/Burmese/Burma JBRS/1916/063121.pdf	OBI_LIBRARY_ROOT:Thematic/Burmese/Burma JBRS/1916/063121.pdf | OBI_LIBRARY_ROOT:Thematic/Burmese/Burma JBRS/JBRS Originals/063121.pdf	data/local/bibliography_sources/063121-3ae8a6c44290/063121.pdf	1	1916 | JBRS Originals	pdf	medium	reused_existing	2026-05-29T22:23:00.603811+00:00	
063131-f2d5d8bfda88	f2d5d8bfda88d329a0bfe5ce7d58de03f8f455737e10a89b42ccf9968810eff3	063131.pdf	469381	OBI_LIBRARY_ROOT:Thematic/Burmese/Burma JBRS/1916/063131.pdf	OBI_LIBRARY_ROOT:Thematic/Burmese/Burma JBRS/1916/063131.pdf | OBI_LIBRARY_ROOT:Thematic/Burmese/Burma JBRS/JBRS Originals/063131.pdf	data/local/bibliography_sources/063131-f2d5d8bfda88/063131.pdf	1	1916 | JBRS Originals	pdf	medium	reused_existing	2026-05-29T22:23:00.603692+00:00	
063139-91fcc30377c2	91fcc30377c21411ac6f1b42f5ce2f4143d323afff5fc2dd8caae8af3f01873e	063139.pdf	314362	OBI_LIBRARY_ROOT:Thematic/Burmese/Burma JBRS/JBRS Originals/063139.pdf	OBI_LIBRARY_ROOT:Thematic/Burmese/Burma JBRS/1916/PonnyaWizaya_BaHan1916.pdf | OBI_LIBRARY_ROOT:Thematic/Burmese/Burma JBRS/JBRS Originals/063139.pdf	data/local/bibliography_sources/063139-91fcc30377c2/063139.pdf	1	1916 | JBRS Originals	pdf	medium	reused_existing	2026-05-29T22:23:00.603573+00:00	
063145-297231d470d5	297231d470d519a9a27892d5800486b20e5da1adc23c1d6e7e51ac66b6ba62fb	063145.pdf	2651730	OBI_LIBRARY_ROOT:Thematic/Burmese/Burma JBRS/1916/063145.pdf	OBI_LIBRARY_ROOT:Thematic/Burmese/Burma JBRS/1916/063145.pdf | OBI_LIBRARY_ROOT:Thematic/Burmese/Burma JBRS/JBRS Originals/063145.pdf	data/local/bibliography_sources/063145-297231d470d5/063145.pdf	1	1916 | JBRS Originals	pdf	medium	reused_existing	2026-05-29T22:23:00.603453+00:00	
063203-44aae7d4614f	44aae7d4614fbdd7b38d383b9d71630c00dd13c238dd2c2d4bf86c479d5b6b0a	063203.pdf	191044	OBI_LIBRARY_ROOT:Thematic/Burmese/Burma JBRS/1916/063203.pdf	OBI_LIBRARY_ROOT:Thematic/Burmese/Burma JBRS/1916/063203.pdf | OBI_LIBRARY_ROOT:Thematic/Burmese/Burma JBRS/JBRS Originals/063203.pdf	data/local/bibliography_sources/063203-44aae7d4614f/063203.pdf	1	1916 | JBRS Originals	pdf	medium	reused_existing	2026-05-29T22:23:00.603333+00:00	
063205-59c376834663	59c3768346635132b44b875fe62869a5b9ac3bdb85ea2d3021915c1da4396857	063205.pdf	465209	OBI_LIBRARY_ROOT:Thematic/Burmese/Burma JBRS/1916/063205.pdf	OBI_LIBRARY_ROOT:Thematic/Burmese/Burma JBRS/1916/063205.pdf | OBI_LIBRARY_ROOT:Thematic/Burmese/Burma JBRS/JBRS Originals/063205.pdf	data/local/bibliography_sources/063205-59c376834663/063205.pdf	1	1916 | JBRS Originals	pdf	medium	reused_existing	2026-05-29T22:23:00.603211+00:00	
063213-f04fbc19a3f0	f04fbc19a3f0b634d1de67e9cccd7c972beb88b862052a3d7847991c523bf82e	063213.pdf	798085	OBI_LIBRARY_ROOT:Thematic/Burmese/Burma JBRS/1916/063213.pdf	OBI_LIBRARY_ROOT:Thematic/Burmese/Burma JBRS/1916/063213.pdf | OBI_LIBRARY_ROOT:Thematic/Burmese/Burma JBRS/JBRS Originals/063213.pdf	data/local/bibliography_sources/063213-f04fbc19a3f0/063213.pdf	1	1916 | JBRS Originals	pdf	medium	reused_existing	2026-05-29T22:23:00.603090+00:00	
063223-94665256fe7e	94665256fe7e736b473c6b9fbcc91d86dc5fb58d1dc382e27214cb00f5800527	063223.pdf	188386	OBI_LIBRARY_ROOT:Thematic/Burmese/Burma JBRS/JBRS Originals/063223.pdf	OBI_LIBRARY_ROOT:Thematic/Burmese/Burma JBRS/JBRS Originals/063223.pdf	data/local/bibliography_sources/063223-94665256fe7e/063223.pdf	0	JBRS Originals	pdf	medium	reused_existing	2026-05-29T22:23:00.602971+00:00	
063225-abd84c39263c	abd84c39263c262351d471c680d16deb06428da097a895dd54c4ca1b37b886a0	063225.pdf	274756	OBI_LIBRARY_ROOT:Thematic/Burmese/Burma JBRS/JBRS Originals/063225.pdf	OBI_LIBRARY_ROOT:Thematic/Burmese/Burma JBRS/JBRS Originals/063225.pdf	data/local/bibliography_sources/063225-abd84c39263c/063225.pdf	0	JBRS Originals	pdf	medium	reused_existing	2026-05-29T22:23:00.602853+00:00	
063229-aaa336ad9cbb	aaa336ad9cbb75f540df0f1fb30a22e3fe43f02b84c96f9ff3b7ba67d1d17d89	063229.pdf	101953	OBI_LIBRARY_ROOT:Thematic/Burmese/Burma JBRS/JBRS Originals/063229.pdf	OBI_LIBRARY_ROOT:Thematic/Burmese/Burma JBRS/JBRS Originals/063229.pdf	data/local/bibliography_sources/063229-aaa336ad9cbb/063229.pdf	0	JBRS Originals	pdf	medium	reused_existing	2026-05-29T22:23:00.602738+00:00	
063230-96da048b2bd7	96da048b2bd76203ca08ec82753b9ffacba6599e9fab0665a8a2d6154f18a641	063230.pdf	107716	OBI_LIBRARY_ROOT:Thematic/Burmese/Burma JBRS/1916/063230.pdf	OBI_LIBRARY_ROOT:Thematic/Burmese/Burma JBRS/1916/063230.pdf | OBI_LIBRARY_ROOT:Thematic/Burmese/Burma JBRS/JBRS Originals/063230.pdf	data/local/bibliography_sources/063230-96da048b2bd7/063230.pdf	1	1916 | JBRS Originals	pdf	medium	reused_existing	2026-05-29T22:23:00.602613+00:00	
071001-7fa61801a1ec	7fa61801a1ecf249e51175438166e5d1b5208027ca4064438d0dd59c42d39208	071001.pdf	809144	OBI_LIBRARY_ROOT:Thematic/Burmese/Burma JBRS/1917/071001.pdf	OBI_LIBRARY_ROOT:Thematic/Burmese/Burma JBRS/1917/071001.pdf | OBI_LIBRARY_ROOT:Thematic/Burmese/Burma JBRS/JBRS Originals/071001.pdf	data/local/bibliography_sources/071001-7fa61801a1ec/071001.pdf	1	1917 | JBRS Originals	pdf	medium	reused_existing	2026-05-29T22:23:00.602498+00:00	
071013-6eea453d65d2	6eea453d65d223c9a4c6f8c4864b102fdc7d1ed09570378ca43598cb9f3dff44	071013.pdf	1337043	OBI_LIBRARY_ROOT:Thematic/Burmese/Burma JBRS/JBRS Originals/071013.pdf	OBI_LIBRARY_ROOT:Thematic/Burmese/Burma JBRS/1917/ExcavationPegu-Stewart1917.pdf | OBI_LIBRARY_ROOT:Thematic/Burmese/Burma JBRS/JBRS Originals/071013.pdf	data/local/bibliography_sources/071013-6eea453d65d2/071013.pdf	1	1917 | JBRS Originals	pdf	medium	reused_existing	2026-05-29T22:23:00.602365+00:00	
071027-332ca44661ff	332ca44661ff972ad7bb44d8a5164d4117581bdc5233e3a8499a487193a71fbb	071027.pdf	667588	OBI_LIBRARY_ROOT:Thematic/Burmese/Burma JBRS/1917/071027.pdf	OBI_LIBRARY_ROOT:Thematic/Burmese/Burma JBRS/1917/071027.pdf | OBI_LIBRARY_ROOT:Thematic/Burmese/Burma JBRS/JBRS Originals/071027.pdf	data/local/bibliography_sources/071027-332ca44661ff/071027.pdf	1	1917 | JBRS Originals	pdf	medium	reused_existing	2026-05-29T22:23:00.602236+00:00	
071037-1894e50d86e7	1894e50d86e755cd27e0b07a6ba3dee0b93940fee4f3b0f2b13a78378d7c38ad	071037.pdf	558510	OBI_LIBRARY_ROOT:Thematic/Burmese/Burma JBRS/JBRS Originals/071037.pdf	OBI_LIBRARY_ROOT:Thematic/Burmese/Burma JBRS/JBRS Originals/071037.pdf	data/local/bibliography_sources/071037-1894e50d86e7/071037.pdf	0	JBRS Originals	pdf	medium	reused_existing	2026-05-29T22:23:00.602111+00:00	
071045-b1c90bcb3fe6	b1c90bcb3fe692454dfed356c078e2d28c9bb7fbbf90330f6d9b6b58b51be8c1	071045.pdf	708276	OBI_LIBRARY_ROOT:Thematic/Burmese/Burma JBRS/JBRS Originals/071045.pdf	OBI_LIBRARY_ROOT:Thematic/Burmese/Burma JBRS/JBRS Originals/071045.pdf	data/local/bibliography_sources/071045-b1c90bcb3fe6/071045.pdf	0	JBRS Originals	pdf	medium	reused_existing	2026-05-29T22:23:00.601986+00:00	
071056-7c47c98ca73f	7c47c98ca73faaadda05a8fd8878f0a2674c36b0dbd68a6beb94dd752ca1b2f5	071056.pdf	88431	OBI_LIBRARY_ROOT:Thematic/Burmese/Burma JBRS/JBRS Originals/071056.pdf	OBI_LIBRARY_ROOT:Thematic/Burmese/Burma JBRS/JBRS Originals/071056.pdf	data/local/bibliography_sources/071056-7c47c98ca73f/071056.pdf	0	JBRS Originals	pdf	medium	reused_existing	2026-05-29T22:23:00.601866+00:00	
071057-2ee81f86b59f	2ee81f86b59fc8e643b39b85f647c894538db012a7d3e604560899e3443b30ff	071057.pdf	891610	OBI_LIBRARY_ROOT:Thematic/Burmese/Burma JBRS/JBRS Originals/071057.pdf	OBI_LIBRARY_ROOT:Thematic/Burmese/Burma JBRS/JBRS Originals/071057.pdf	data/local/bibliography_sources/071057-2ee81f86b59f/071057.pdf	0	JBRS Originals	pdf	medium	reused_existing	2026-05-29T22:23:00.601751+00:00	
071069-b62d80bbe884	b62d80bbe88475f742d0d51b5d9766bdf75bba3208ba7690f2b04e380e4294ff	071069.pdf	904349	OBI_LIBRARY_ROOT:Thematic/Burmese/Burma JBRS/1917/071069.pdf	OBI_LIBRARY_ROOT:Thematic/Burmese/Burma JBRS/1917/071069.pdf | OBI_LIBRARY_ROOT:Thematic/Burmese/Burma JBRS/JBRS Originals/071069.pdf	data/local/bibliography_sources/071069-b62d80bbe884/071069.pdf	1	1917 | JBRS Originals	pdf	medium	reused_existing	2026-05-29T22:23:00.601636+00:00	
071082-f231e3f70393	f231e3f70393d03d01e1d6ba11098ba2c7c49bfe431126a26fdf1fa9a11b930a	071082.pdf	214596	OBI_LIBRARY_ROOT:Thematic/Burmese/Burma JBRS/JBRS Originals/071082.pdf	OBI_LIBRARY_ROOT:Thematic/Burmese/Burma JBRS/JBRS Originals/071082.pdf	data/local/bibliography_sources/071082-f231e3f70393/071082.pdf	0	JBRS Originals	pdf	medium	reused_existing	2026-05-29T22:23:00.601523+00:00	
071085-c46ebb5de31d	c46ebb5de31daa75491ad2f5420fffd11d8d1a15c601a51b52967859de21a572	071085.pdf	237854	OBI_LIBRARY_ROOT:Thematic/Burmese/Burma JBRS/1917/071085.pdf	OBI_LIBRARY_ROOT:Thematic/Burmese/Burma JBRS/1917/071085.pdf | OBI_LIBRARY_ROOT:Thematic/Burmese/Burma JBRS/JBRS Originals/071085.pdf	data/local/bibliography_sources/071085-c46ebb5de31d/071085.pdf	1	1917 | JBRS Originals	pdf	medium	reused_existing	2026-05-29T22:23:00.601403+00:00	
071088-f61f8926c231	f61f8926c2312850c0a6ebddf7d6e3f76a54c59a2a81e194af73be8712b87646	071088.pdf	436345	OBI_LIBRARY_ROOT:Thematic/Burmese/Burma JBRS/1917/071088.pdf	OBI_LIBRARY_ROOT:Thematic/Burmese/Burma JBRS/1917/071088.pdf | OBI_LIBRARY_ROOT:Thematic/Burmese/Burma JBRS/JBRS Originals/071088.pdf	data/local/bibliography_sources/071088-f61f8926c231/071088.pdf	1	1917 | JBRS Originals	pdf	medium	reused_existing	2026-05-29T22:23:00.601289+00:00	
071094-34bb9d6dc9cc	34bb9d6dc9ccc749fcfba4aeb496b27e3184465a8b3bc5c75766f54689c7290c	071094.pdf	918751	OBI_LIBRARY_ROOT:Thematic/Burmese/Burma JBRS/1917/071094.pdf	OBI_LIBRARY_ROOT:Thematic/Burmese/Burma JBRS/1917/071094.pdf | OBI_LIBRARY_ROOT:Thematic/Burmese/Burma JBRS/JBRS Originals/071094.pdf	data/local/bibliography_sources/071094-34bb9d6dc9cc/071094.pdf	1	1917 | JBRS Originals	pdf	medium	reused_existing	2026-05-29T22:23:00.601175+00:00	
071110-3baa3a8f1493	3baa3a8f149357943fd035cf0c2953bed9ec0005bdf5053e32af60e1ebe568da	071110.pdf	19847	OBI_LIBRARY_ROOT:Thematic/Burmese/Burma JBRS/JBRS Originals/071110.pdf	OBI_LIBRARY_ROOT:Thematic/Burmese/Burma JBRS/JBRS Originals/071110.pdf	data/local/bibliography_sources/071110-3baa3a8f1493/071110.pdf	0	JBRS Originals	pdf	medium	reused_existing	2026-05-29T22:23:00.601060+00:00	
071111-68d1c41410ae	68d1c41410ae6c7268526cc813b0f432edb96a7b158c97ced916aeda0a7f0b4e	071111.pdf	297732	OBI_LIBRARY_ROOT:Thematic/Burmese/Burma JBRS/JBRS Originals/071111.pdf	OBI_LIBRARY_ROOT:Thematic/Burmese/Burma JBRS/JBRS Originals/071111.pdf	data/local/bibliography_sources/071111-68d1c41410ae/071111.pdf	0	JBRS Originals	pdf	medium	reused_existing	2026-05-29T22:23:00.600946+00:00	
072127-10c4b41ffa87	10c4b41ffa871cdf023f802634768d2ea95be4193b042fc762362be211e79a18	072127.pdf	572716	OBI_LIBRARY_ROOT:Thematic/Burmese/Burma JBRS/1917/072127.pdf	OBI_LIBRARY_ROOT:Thematic/Burmese/Burma JBRS/1917/072127.pdf | OBI_LIBRARY_ROOT:Thematic/Burmese/Burma JBRS/JBRS Originals/072127.pdf	data/local/bibliography_sources/072127-10c4b41ffa87/072127.pdf	1	1917 | JBRS Originals	pdf	medium	reused_existing	2026-05-29T22:23:00.600830+00:00	
072137-acc26fa32523	acc26fa32523339692e1b278377f517dbe779d815bbcf402ba03af32fe71e12b	072137.pdf	310943	OBI_LIBRARY_ROOT:Thematic/Burmese/Burma JBRS/1917/072137.pdf	OBI_LIBRARY_ROOT:Thematic/Burmese/Burma JBRS/1917/072137.pdf | OBI_LIBRARY_ROOT:Thematic/Burmese/Burma JBRS/JBRS Originals/072137.pdf	data/local/bibliography_sources/072137-acc26fa32523/072137.pdf	1	1917 | JBRS Originals	pdf	medium	reused_existing	2026-05-29T22:23:00.600714+00:00	
072143-e40922495a65	e40922495a656f907e5c7a6330e8c6c3758db9b296055a05fa377c68152654b0	072143.pdf	185568	OBI_LIBRARY_ROOT:Thematic/Burmese/Burma JBRS/1917/072143.pdf	OBI_LIBRARY_ROOT:Thematic/Burmese/Burma JBRS/1917/072143.pdf | OBI_LIBRARY_ROOT:Thematic/Burmese/Burma JBRS/JBRS Originals/072143.pdf	data/local/bibliography_sources/072143-e40922495a65/072143.pdf	1	1917 | JBRS Originals	pdf	medium	reused_existing	2026-05-29T22:23:00.600592+00:00	
072147-7ab6bc5bbd26	7ab6bc5bbd2623ec28deaaa21b81945e15c8711b6b17740b45dd5ed35b29915f	072147.pdf	818946	OBI_LIBRARY_ROOT:Thematic/Burmese/Burma JBRS/1917/072147.pdf	OBI_LIBRARY_ROOT:Thematic/Burmese/Burma JBRS/1917/072147.pdf | OBI_LIBRARY_ROOT:Thematic/Burmese/Burma JBRS/JBRS Originals/072147.pdf	data/local/bibliography_sources/072147-7ab6bc5bbd26/072147.pdf	1	1917 | JBRS Originals	pdf	medium	reused_existing	2026-05-29T22:23:00.600472+00:00	
072159-9b2bf82bcb39	9b2bf82bcb39cc52984d750f6c0049c90e0fbf65b2689e705d7aa4b245657fc6	072159.pdf	872090	OBI_LIBRARY_ROOT:Thematic/Burmese/Burma JBRS/JBRS Originals/072159.pdf	OBI_LIBRARY_ROOT:Thematic/Burmese/Burma JBRS/JBRS Originals/072159.pdf	data/local/bibliography_sources/072159-9b2bf82bcb39/072159.pdf	0	JBRS Originals	pdf	medium	reused_existing	2026-05-29T22:23:00.600355+00:00	
072175-77982ecd0396	77982ecd0396f1a1454956d7912c5c2ff16b8650e7264acbc9ae7342666a43bb	072175.pdf	418811	OBI_LIBRARY_ROOT:Thematic/Burmese/Burma JBRS/JBRS Originals/072175.pdf	OBI_LIBRARY_ROOT:Thematic/Burmese/Burma JBRS/JBRS Originals/072175.pdf	data/local/bibliography_sources/072175-77982ecd0396/072175.pdf	0	JBRS Originals	pdf	medium	reused_existing	2026-05-29T22:23:00.600233+00:00	
072181-69df44382c65	69df44382c65a0cb35a32f998832d82041790b2e0fa194575e6f9c5f686de5be	072181.pdf	248420	OBI_LIBRARY_ROOT:Thematic/Burmese/Burma JBRS/JBRS Originals/072181.pdf	OBI_LIBRARY_ROOT:Thematic/Burmese/Burma JBRS/JBRS Originals/072181.pdf	data/local/bibliography_sources/072181-69df44382c65/072181.pdf	0	JBRS Originals	pdf	medium	reused_existing	2026-05-29T22:23:00.600099+00:00	
072184-81bec2845bfb	81bec2845bfbd94a580476dde13773a58e503e8f36a175a78ff0ddeb9875abe4	072184.pdf	117321	OBI_LIBRARY_ROOT:Thematic/Burmese/Burma JBRS/1917/072184.pdf	OBI_LIBRARY_ROOT:Thematic/Burmese/Burma JBRS/1917/072184.pdf | OBI_LIBRARY_ROOT:Thematic/Burmese/Burma JBRS/JBRS Originals/072184.pdf	data/local/bibliography_sources/072184-81bec2845bfb/072184.pdf	1	1917 | JBRS Originals	pdf	medium	reused_existing	2026-05-29T22:23:00.599970+00:00	
072186-2cdee7008687	2cdee70086871c516db4f24d9b5a158606ffff26a039aee5f60614162f176a1d	072186.pdf	430936	OBI_LIBRARY_ROOT:Thematic/Burmese/Burma JBRS/JBRS Originals/072186.pdf	OBI_LIBRARY_ROOT:Thematic/Burmese/Burma JBRS/1917/TrueLove_BaHan1917.pdf | OBI_LIBRARY_ROOT:Thematic/Burmese/Burma JBRS/JBRS Originals/072186.pdf	data/local/bibliography_sources/072186-2cdee7008687/072186.pdf	1	1917 | JBRS Originals	pdf	medium	reused_existing	2026-05-29T22:23:00.599852+00:00	
072192-63a4fb50cad1	63a4fb50cad12c293f801bfe07c4a1f7af7d4064ce543660d0f806bbfed0e4b4	072192.pdf	174870	OBI_LIBRARY_ROOT:Thematic/Burmese/Burma JBRS/1917/072192.pdf	OBI_LIBRARY_ROOT:Thematic/Burmese/Burma JBRS/1917/072192.pdf | OBI_LIBRARY_ROOT:Thematic/Burmese/Burma JBRS/JBRS Originals/072192.pdf	data/local/bibliography_sources/072192-63a4fb50cad1/072192.pdf	1	1917 | JBRS Originals	pdf	medium	reused_existing	2026-05-29T22:23:00.599727+00:00	
072194-d484a5de8651	d484a5de8651caa4c5e0e04b2b881150cc376aca44024f7a2a0d253aef2b7551	072194.pdf	83110	OBI_LIBRARY_ROOT:Thematic/Burmese/Burma JBRS/1917/072194.pdf	OBI_LIBRARY_ROOT:Thematic/Burmese/Burma JBRS/1917/072194.pdf | OBI_LIBRARY_ROOT:Thematic/Burmese/Burma JBRS/JBRS Originals/072194.pdf	data/local/bibliography_sources/072194-d484a5de8651/072194.pdf	1	1917 | JBRS Originals	pdf	medium	reused_existing	2026-05-29T22:23:00.599608+00:00	
073203-d839184084a7	d839184084a7ac2af48eaaea15e26b503df7141b7a1349bdb07ce2d0f9449b95	073203.pdf	988001	OBI_LIBRARY_ROOT:Thematic/Burmese/Burma JBRS/JBRS Originals/073203.pdf	OBI_LIBRARY_ROOT:Thematic/Burmese/Burma JBRS/JBRS Originals/073203.pdf	data/local/bibliography_sources/073203-d839184084a7/073203.pdf	0	JBRS Originals	pdf	medium	reused_existing	2026-05-29T22:23:00.599489+00:00	
073221-ec8a3b430337	ec8a3b43033771277ca9874098762a846b08b12bdffb6bcdbd5df6701fce639b	073221.pdf	1424101	OBI_LIBRARY_ROOT:Thematic/Burmese/Burma JBRS/1917/073221.pdf	OBI_LIBRARY_ROOT:Thematic/Burmese/Burma JBRS/1917/073221.pdf | OBI_LIBRARY_ROOT:Thematic/Burmese/Burma JBRS/JBRS Originals/073221.pdf	data/local/bibliography_sources/073221-ec8a3b430337/073221.pdf	1	1917 | JBRS Originals	pdf	medium	reused_existing	2026-05-29T22:23:00.599365+00:00	
073241-c60480724b7f	c60480724b7f493aaf63a29e422ea014c9455f4595f056028610a97cab649dec	073241.pdf	701592	OBI_LIBRARY_ROOT:Thematic/Burmese/Burma JBRS/JBRS Originals/073241.pdf	OBI_LIBRARY_ROOT:Thematic/Burmese/Burma JBRS/1917/SamuelWhite-Furnivall1917.pdf | OBI_LIBRARY_ROOT:Thematic/Burmese/Burma JBRS/JBRS Originals/073241.pdf	data/local/bibliography_sources/073241-c60480724b7f/073241.pdf	1	1917 | JBRS Originals	pdf	medium	reused_existing	2026-05-29T22:23:00.599245+00:00	
073251-69f84cf1b267	69f84cf1b2678d108fc97020588c59904933d44a1761f2ec7bc19e2ed8b4ca5a	073251.pdf	245707	OBI_LIBRARY_ROOT:Thematic/Burmese/Burma JBRS/JBRS Originals/073251.pdf	OBI_LIBRARY_ROOT:Thematic/Burmese/Burma JBRS/JBRS Originals/073251.pdf	data/local/bibliography_sources/073251-69f84cf1b267/073251.pdf	0	JBRS Originals	pdf	medium	reused_existing	2026-05-29T22:23:00.599116+00:00	
073255-acec6f1e760e	acec6f1e760ed2f1ba2e404e062d6799d87c566bb9070d9b64f411077dac0470	073255.pdf	534917	OBI_LIBRARY_ROOT:Thematic/Burmese/Burma JBRS/1917/073255.pdf	OBI_LIBRARY_ROOT:Thematic/Burmese/Burma JBRS/1917/073255.pdf | OBI_LIBRARY_ROOT:Thematic/Burmese/Burma JBRS/JBRS Originals/073255.pdf	data/local/bibliography_sources/073255-acec6f1e760e/073255.pdf	1	1917 | JBRS Originals	pdf	medium	reused_existing	2026-05-29T22:23:00.599000+00:00	
073263-35036c21884c	35036c21884ced1a12a3852dcc5e5702d27343d38bae55ccdf67b641db5b2f52	073263.pdf	631017	OBI_LIBRARY_ROOT:Thematic/Burmese/Burma JBRS/JBRS Originals/073263.pdf	OBI_LIBRARY_ROOT:Thematic/Burmese/Burma JBRS/JBRS Originals/073263.pdf	data/local/bibliography_sources/073263-35036c21884c/073263.pdf	0	JBRS Originals	pdf	medium	reused_existing	2026-05-29T22:23:00.598876+00:00	
073274-0db49ff9d388	0db49ff9d3889fd46ac51be0c391a419b4cb3c7a3b28a16dba366f1f410d0d6f	073274.pdf	203472	OBI_LIBRARY_ROOT:Thematic/Burmese/Burma JBRS/JBRS Originals/073274.pdf	OBI_LIBRARY_ROOT:Thematic/Burmese/Burma JBRS/JBRS Originals/073274.pdf	data/local/bibliography_sources/073274-0db49ff9d388/073274.pdf	0	JBRS Originals	pdf	medium	reused_existing	2026-05-29T22:23:00.598751+00:00	
073277-07351770d820	07351770d820151b73a94a11f876faf0f9575b411c29a1074000db535d329b6b	073277.pdf	42352	OBI_LIBRARY_ROOT:Thematic/Burmese/Burma JBRS/JBRS Originals/073277.pdf	OBI_LIBRARY_ROOT:Thematic/Burmese/Burma JBRS/1917/ZambucimiPagodaShwebo-Thein1917.pdf | OBI_LIBRARY_ROOT:Thematic/Burmese/Burma JBRS/JBRS Originals/073277.pdf	data/local/bibliography_sources/073277-07351770d820/073277.pdf	1	1917 | JBRS Originals	pdf	medium	reused_existing	2026-05-29T22:23:00.598631+00:00	
073278-eadfd8868804	eadfd8868804e3bff963ffb233f6f098accaede38467598b6a92f380c9dbdc82	073278.pdf	87590	OBI_LIBRARY_ROOT:Thematic/Burmese/Burma JBRS/JBRS Originals/073278.pdf	OBI_LIBRARY_ROOT:Thematic/Burmese/Burma JBRS/JBRS Originals/073278.pdf	data/local/bibliography_sources/073278-eadfd8868804/073278.pdf	0	JBRS Originals	pdf	medium	reused_existing	2026-05-29T22:23:00.598505+00:00	
073279-7f0786dd442b	7f0786dd442b3de76666d86cc32f3ffba44bf3f2fb41f5d2ff2c4d5b68a6a0c1	073279.pdf	500464	OBI_LIBRARY_ROOT:Thematic/Burmese/Burma JBRS/JBRS Originals/073279.pdf	OBI_LIBRARY_ROOT:Thematic/Burmese/Burma JBRS/JBRS Originals/073279.pdf	data/local/bibliography_sources/073279-7f0786dd442b/073279.pdf	0	JBRS Originals	pdf	medium	reused_existing	2026-05-29T22:23:00.598388+00:00	
073284-d1fdb1e901f1	d1fdb1e901f16c6c7b7c1a76a99ba329e0f83a9eed6e5e18bd48ff811fcc1cfd	073284.pdf	72877	OBI_LIBRARY_ROOT:Thematic/Burmese/Burma JBRS/JBRS Originals/073284.pdf	OBI_LIBRARY_ROOT:Thematic/Burmese/Burma JBRS/JBRS Originals/073284.pdf	data/local/bibliography_sources/073284-d1fdb1e901f1/073284.pdf	0	JBRS Originals	pdf	medium	reused_existing	2026-05-29T22:23:00.598268+00:00	
073285-42e7903b4058	42e7903b405806147d5ac49ee1cd393fc24341c1ef8ed4b24d82c54bf1373b1e	073285.pdf	85141	OBI_LIBRARY_ROOT:Thematic/Burmese/Burma JBRS/JBRS Originals/073285.pdf	OBI_LIBRARY_ROOT:Thematic/Burmese/Burma JBRS/JBRS Originals/073285.pdf	data/local/bibliography_sources/073285-42e7903b4058/073285.pdf	0	JBRS Originals	pdf	medium	reused_existing	2026-05-29T22:23:00.598142+00:00	
081001-c3d013c150f2	c3d013c150f2ad013f232ab6ff67d6eab4cfae9122d9a95aa250841242bdc89c	081001.pdf	612512	OBI_LIBRARY_ROOT:Thematic/Burmese/Burma JBRS/1918/081001.pdf	OBI_LIBRARY_ROOT:Thematic/Burmese/Burma JBRS/1918/081001.pdf | OBI_LIBRARY_ROOT:Thematic/Burmese/Burma JBRS/JBRS Originals/081001.pdf	data/local/bibliography_sources/081001-c3d013c150f2/081001.pdf	1	1918 | JBRS Originals	pdf	medium	reused_existing	2026-05-29T22:23:00.598017+00:00	
081009-313c9daab433	313c9daab4335768c402e41f4cb22f43908d3ea363b4b353e939a66c112db9a4	081009.pdf	440805	OBI_LIBRARY_ROOT:Thematic/Burmese/Burma JBRS/1918/081009.pdf	OBI_LIBRARY_ROOT:Thematic/Burmese/Burma JBRS/1918/081009.pdf | OBI_LIBRARY_ROOT:Thematic/Burmese/Burma JBRS/JBRS Originals/081009.pdf	data/local/bibliography_sources/081009-313c9daab433/081009.pdf	1	1918 | JBRS Originals	pdf	medium	reused_existing	2026-05-29T22:23:00.597896+00:00	
081015-78c3aa63b699	78c3aa63b699ae9c78bd6706bb1f40c76ae6a8ca4d1c6658f231333081857326	081015.pdf	413784	OBI_LIBRARY_ROOT:Thematic/Burmese/Burma JBRS/JBRS Originals/081015.pdf	OBI_LIBRARY_ROOT:Thematic/Burmese/Burma JBRS/JBRS Originals/081015.pdf	data/local/bibliography_sources/081015-78c3aa63b699/081015.pdf	0	JBRS Originals	pdf	medium	reused_existing	2026-05-29T22:23:00.597776+00:00	
081021-81b457e42898	81b457e42898141b08a1e0e351a3c99fceb415088836776dd81201ca25acca9c	081021.pdf	778698	OBI_LIBRARY_ROOT:Thematic/Burmese/Burma JBRS/1918/081021.pdf	OBI_LIBRARY_ROOT:Thematic/Burmese/Burma JBRS/1918/081021.pdf | OBI_LIBRARY_ROOT:Thematic/Burmese/Burma JBRS/JBRS Originals/081021.pdf	data/local/bibliography_sources/081021-81b457e42898/081021.pdf	1	1918 | JBRS Originals	pdf	medium	reused_existing	2026-05-29T22:23:00.597653+00:00	
081033-96e2e6352feb	96e2e6352feb4e09d708804bbebea1b70b8ee7c1cecb49f1edcb0d4e283e9304	081033.pdf	392590	OBI_LIBRARY_ROOT:Thematic/Burmese/Burma JBRS/1918/081033.pdf	OBI_LIBRARY_ROOT:Thematic/Burmese/Burma JBRS/1918/081033.pdf | OBI_LIBRARY_ROOT:Thematic/Burmese/Burma JBRS/JBRS Originals/081033.pdf	data/local/bibliography_sources/081033-96e2e6352feb/081033.pdf	1	1918 | JBRS Originals	pdf	medium	reused_existing	2026-05-29T22:23:00.597527+00:00	
081039-a86394aa815a	a86394aa815afb035649968565c8dd5f39d8ef90ab1189e14be5b13e2cc4e9b2	081039.pdf	128703	OBI_LIBRARY_ROOT:Thematic/Burmese/Burma JBRS/JBRS Originals/081039.pdf	OBI_LIBRARY_ROOT:Thematic/Burmese/Burma JBRS/1918/VotiveAkyab-SanShweBu1918.pdf | OBI_LIBRARY_ROOT:Thematic/Burmese/Burma JBRS/JBRS Originals/081039.pdf	data/local/bibliography_sources/081039-a86394aa815a/081039.pdf	1	1918 | JBRS Originals	pdf	medium	reused_existing	2026-05-29T22:23:00.597401+00:00	
081040-c37292618b67	c37292618b678bf46b9d75310cc45a2d565ac33261ca7f67d792bd388d154c3a	081040.pdf	923819	OBI_LIBRARY_ROOT:Thematic/Burmese/Burma JBRS/JBRS Originals/081040.pdf	OBI_LIBRARY_ROOT:Thematic/Burmese/Burma JBRS/1918/Furnivall1918-HistoricalDocuments2.pdf | OBI_LIBRARY_ROOT:Thematic/Burmese/Burma JBRS/JBRS Originals/081040.pdf	data/local/bibliography_sources/081040-c37292618b67/081040.pdf	1	1918 | JBRS Originals	pdf	medium	reused_existing	2026-05-29T22:23:00.597273+00:00	
081052-3f8ce72898bd	3f8ce72898bd4653828332b53defe4bd8d0005e1e2c747b1ba1405498963dfca	081052.pdf	105256	OBI_LIBRARY_ROOT:Thematic/Burmese/Burma JBRS/1918/081052.pdf	OBI_LIBRARY_ROOT:Thematic/Burmese/Burma JBRS/1918/081052.pdf | OBI_LIBRARY_ROOT:Thematic/Burmese/Burma JBRS/JBRS Originals/081052.pdf	data/local/bibliography_sources/081052-3f8ce72898bd/081052.pdf	1	1918 | JBRS Originals	pdf	medium	reused_existing	2026-05-29T22:23:00.597153+00:00	
081054-534270c7ebb8	534270c7ebb83fefadc927dab923729cf87bab61bbc8e7e37e1896f41dec7af8	081054.pdf	217069	OBI_LIBRARY_ROOT:Thematic/Burmese/Burma JBRS/JBRS Originals/081054.pdf	OBI_LIBRARY_ROOT:Thematic/Burmese/Burma JBRS/JBRS Originals/081054.pdf	data/local/bibliography_sources/081054-534270c7ebb8/081054.pdf	0	JBRS Originals	pdf	medium	reused_existing	2026-05-29T22:23:00.597027+00:00	
081057-43f94b7b6186	43f94b7b6186d584b6f92bba02863981de5a7cf3d3fd47436483607e3bba2636	081057.pdf	491807	OBI_LIBRARY_ROOT:Thematic/Burmese/Burma JBRS/JBRS Originals/081057.pdf	OBI_LIBRARY_ROOT:Thematic/Burmese/Burma JBRS/JBRS Originals/081057.pdf	data/local/bibliography_sources/081057-43f94b7b6186/081057.pdf	0	JBRS Originals	pdf	medium	reused_existing	2026-05-29T22:23:00.596905+00:00	
081063-431100581f04	431100581f04cbebfb443607274cc06f0be657dfd3801f682f793149e6ff6bde	081063.pdf	109266	OBI_LIBRARY_ROOT:Thematic/Burmese/Burma JBRS/JBRS Originals/081063.pdf	OBI_LIBRARY_ROOT:Thematic/Burmese/Burma JBRS/JBRS Originals/081063.pdf	data/local/bibliography_sources/081063-431100581f04/081063.pdf	0	JBRS Originals	pdf	medium	reused_existing	2026-05-29T22:23:00.596782+00:00	
081064-e1b2509336fe	e1b2509336feaa82fe745c412678a76473206ab2c1ae9e4e5e5419b687701854	081064.pdf	242446	OBI_LIBRARY_ROOT:Thematic/Burmese/Burma JBRS/JBRS Originals/081064.pdf	OBI_LIBRARY_ROOT:Thematic/Burmese/Burma JBRS/1918/MaungHaming_BaHan1918.pdf | OBI_LIBRARY_ROOT:Thematic/Burmese/Burma JBRS/JBRS Originals/081064.pdf	data/local/bibliography_sources/081064-e1b2509336fe/081064.pdf	1	1918 | JBRS Originals	pdf	medium	reused_existing	2026-05-29T22:23:00.596652+00:00	
082081-b20ed900e378	b20ed900e3784c5d184009ff9c592321e188dc19411e2fbd3b589960de37617c	082081.pdf	1267432	OBI_LIBRARY_ROOT:Thematic/Burmese/Burma JBRS/1918/082081.pdf	OBI_LIBRARY_ROOT:Thematic/Burmese/Burma JBRS/1918/082081.pdf | OBI_LIBRARY_ROOT:Thematic/Burmese/Burma JBRS/JBRS Originals/082081.pdf	data/local/bibliography_sources/082081-b20ed900e378/082081.pdf	1	1918 | JBRS Originals	pdf	medium	reused_existing	2026-05-29T22:23:00.596525+00:00	
082099-652575bc84df	652575bc84df58c5361b7740dbb87b7596db14c02cec8ce980cb13e2c6702013	082099.pdf	568443	OBI_LIBRARY_ROOT:Thematic/Burmese/Burma JBRS/JBRS Originals/082099.pdf	OBI_LIBRARY_ROOT:Thematic/Burmese/Burma JBRS/JBRS Originals/082099.pdf	data/local/bibliography_sources/082099-652575bc84df/082099.pdf	0	JBRS Originals	pdf	medium	reused_existing	2026-05-29T22:23:00.596393+00:00	
082107-a13b951ea6ee	a13b951ea6eec71280cb9efdcc0f7b11073609668819dcae7595fa23a79567b9	082107.pdf	312012	OBI_LIBRARY_ROOT:Thematic/Burmese/Burma JBRS/JBRS Originals/082107.pdf	OBI_LIBRARY_ROOT:Thematic/Burmese/Burma JBRS/JBRS Originals/082107.pdf	data/local/bibliography_sources/082107-a13b951ea6ee/082107.pdf	0	JBRS Originals	pdf	medium	reused_existing	2026-05-29T22:23:00.596268+00:00	
082113-286532b4f67e	286532b4f67e56035d8d83367cd0150ad880d56da96f63f2a329d7437a78ddb1	082113.pdf	428881	OBI_LIBRARY_ROOT:Thematic/Burmese/Burma JBRS/1918/082113.pdf	OBI_LIBRARY_ROOT:Thematic/Burmese/Burma JBRS/1918/082113.pdf | OBI_LIBRARY_ROOT:Thematic/Burmese/Burma JBRS/JBRS Originals/082113.pdf	data/local/bibliography_sources/082113-286532b4f67e/082113.pdf	1	1918 | JBRS Originals	pdf	medium	reused_existing	2026-05-29T22:23:00.596148+00:00	
082121-b10a9409289a	b10a9409289a4a8b8e17b263488664945fcb263e57596a7bc82e9a80656dce4a	082121.pdf	1557999	OBI_LIBRARY_ROOT:Thematic/Burmese/Burma JBRS/JBRS Originals/082121.pdf	OBI_LIBRARY_ROOT:Thematic/Burmese/Burma JBRS/JBRS Originals/082121.pdf	data/local/bibliography_sources/082121-b10a9409289a/082121.pdf	0	JBRS Originals	pdf	medium	reused_existing	2026-05-29T22:23:00.596023+00:00	
082143-40846ff4e45d	40846ff4e45d445341b20a5ad7885e820c7082081ba9743e5796f45ee40192bc	082143.pdf	626298	OBI_LIBRARY_ROOT:Thematic/Burmese/Burma JBRS/1918/082143.pdf	OBI_LIBRARY_ROOT:Thematic/Burmese/Burma JBRS/1918/082143.pdf | OBI_LIBRARY_ROOT:Thematic/Burmese/Burma JBRS/JBRS Originals/082143.pdf	data/local/bibliography_sources/082143-40846ff4e45d/082143.pdf	1	1918 | JBRS Originals	pdf	medium	reused_existing	2026-05-29T22:23:00.595898+00:00	
082153-5d75719ae7c3	5d75719ae7c3d9dfa181c767dfea051c99ac5c6b374769481fa83206864af6ea	082153.pdf	450374	OBI_LIBRARY_ROOT:Thematic/Burmese/Burma JBRS/1918/082153.pdf	OBI_LIBRARY_ROOT:Thematic/Burmese/Burma JBRS/1918/082153.pdf | OBI_LIBRARY_ROOT:Thematic/Burmese/Burma JBRS/JBRS Originals/082153.pdf	data/local/bibliography_sources/082153-5d75719ae7c3/082153.pdf	1	1918 | JBRS Originals	pdf	medium	reused_existing	2026-05-29T22:23:00.595779+00:00	
082159-4c6d9c7e2759	4c6d9c7e2759b10569a43c07672b30445f9d707b649544fd8be35f001edb8cac	082159.pdf	120606	OBI_LIBRARY_ROOT:Thematic/Burmese/Burma JBRS/JBRS Originals/082159.pdf	OBI_LIBRARY_ROOT:Thematic/Burmese/Burma JBRS/JBRS Originals/082159.pdf	data/local/bibliography_sources/082159-4c6d9c7e2759/082159.pdf	0	JBRS Originals	pdf	medium	reused_existing	2026-05-29T22:23:00.595660+00:00	
082160-24d654564d73	24d654564d73d68f0860cca5e9cc93b1f12de913581d93edf26047de639691d4	082160.pdf	186767	OBI_LIBRARY_ROOT:Thematic/Burmese/Burma JBRS/JBRS Originals/082160.pdf	OBI_LIBRARY_ROOT:Thematic/Burmese/Burma JBRS/JBRS Originals/082160.pdf	data/local/bibliography_sources/082160-24d654564d73/082160.pdf	0	JBRS Originals	pdf	medium	reused_existing	2026-05-29T22:23:00.595532+00:00	
082163-58d17deea586	58d17deea5866faaa4a61b1540c874887b2dbd93b4934f73f5006560dc97c74e	082163.pdf	27132	OBI_LIBRARY_ROOT:Thematic/Burmese/Burma JBRS/1918/082163.pdf	OBI_LIBRARY_ROOT:Thematic/Burmese/Burma JBRS/1918/082163.pdf | OBI_LIBRARY_ROOT:Thematic/Burmese/Burma JBRS/JBRS Originals/082163.pdf	data/local/bibliography_sources/082163-58d17deea586/082163.pdf	1	1918 | JBRS Originals	pdf	medium	reused_existing	2026-05-29T22:23:00.595406+00:00	
082164-16588293f2a3	16588293f2a38a999a9f99f88c4ed9c171938ae3df125870438fb69bde8ecea9	082164.pdf	161430	OBI_LIBRARY_ROOT:Thematic/Burmese/Burma JBRS/JBRS Originals/082164.pdf	OBI_LIBRARY_ROOT:Thematic/Burmese/Burma JBRS/1918/AndawSandoway-SanShweBu1918.pdf | OBI_LIBRARY_ROOT:Thematic/Burmese/Burma JBRS/JBRS Originals/082164.pdf	data/local/bibliography_sources/082164-16588293f2a3/082164.pdf	1	1918 | JBRS Originals	pdf	medium	reused_existing	2026-05-29T22:23:00.595284+00:00	
082166-b63929ac4fbf	b63929ac4fbf90d4f5cd32449d4ead35833ffe0da37498cc6d541126408bfe95	082166.pdf	382034	OBI_LIBRARY_ROOT:Thematic/Burmese/Burma JBRS/1918/082166.pdf	OBI_LIBRARY_ROOT:Thematic/Burmese/Burma JBRS/1918/082166.pdf | OBI_LIBRARY_ROOT:Thematic/Burmese/Burma JBRS/JBRS Originals/082166.pdf	data/local/bibliography_sources/082166-b63929ac4fbf/082166.pdf	1	1918 | JBRS Originals	pdf	medium	reused_existing	2026-05-29T22:23:00.595160+00:00	
082171-f3ef8090599c	f3ef8090599c1bf8d7f7c1177e095f1424b2b823ed8c42532ae4d08e271f08d7	082171.pdf	94874	OBI_LIBRARY_ROOT:Thematic/Burmese/Burma JBRS/JBRS Originals/082171.pdf	OBI_LIBRARY_ROOT:Thematic/Burmese/Burma JBRS/JBRS Originals/082171.pdf	data/local/bibliography_sources/082171-f3ef8090599c/082171.pdf	0	JBRS Originals	pdf	medium	reused_existing	2026-05-29T22:23:00.595033+00:00	
082172-b54f0376a780	b54f0376a78007cb6be592fd8b9fd2214fd5816e0c4e5ff089590293594c66bd	082172.pdf	283371	OBI_LIBRARY_ROOT:Thematic/Burmese/Burma JBRS/1918/082172.pdf	OBI_LIBRARY_ROOT:Thematic/Burmese/Burma JBRS/1918/082172.pdf | OBI_LIBRARY_ROOT:Thematic/Burmese/Burma JBRS/JBRS Originals/082172.pdf	data/local/bibliography_sources/082172-b54f0376a780/082172.pdf	1	1918 | JBRS Originals	pdf	medium	reused_existing	2026-05-29T22:23:00.594905+00:00	
082176-f85b36e6bdb0	f85b36e6bdb0306a1ff87c5871e37819f9bf6b350a022aba77b73040d8d296b0	082176.pdf	207919	OBI_LIBRARY_ROOT:Thematic/Burmese/Burma JBRS/JBRS Originals/082176.pdf	OBI_LIBRARY_ROOT:Thematic/Burmese/Burma JBRS/JBRS Originals/082176.pdf	data/local/bibliography_sources/082176-f85b36e6bdb0/082176.pdf	0	JBRS Originals	pdf	medium	reused_existing	2026-05-29T22:23:00.594780+00:00	
082179-088166f4d7ec	088166f4d7ec32a5e07040da2ed295415683fe6861640eaa6d0eb7871c709558	082179.pdf	102236	OBI_LIBRARY_ROOT:Thematic/Burmese/Burma JBRS/JBRS Originals/082179.pdf	OBI_LIBRARY_ROOT:Thematic/Burmese/Burma JBRS/JBRS Originals/082179.pdf	data/local/bibliography_sources/082179-088166f4d7ec/082179.pdf	0	JBRS Originals	pdf	medium	reused_existing	2026-05-29T22:23:00.594655+00:00	
082180-95cda4cc1bde	95cda4cc1bde5541ac8ece0644c8ee41d77aa8ccf1c38eedc771360e823c9006	082180.pdf	35859	OBI_LIBRARY_ROOT:Thematic/Burmese/Burma JBRS/JBRS Originals/082180.pdf	OBI_LIBRARY_ROOT:Thematic/Burmese/Burma JBRS/JBRS Originals/082180.pdf	data/local/bibliography_sources/082180-95cda4cc1bde/082180.pdf	0	JBRS Originals	pdf	medium	reused_existing	2026-05-29T22:23:00.594525+00:00	
082181-e0541151cf82	e0541151cf82e32894775d44daa03abe25ecf601c93493073dcaf8b54c681d3d	082181.pdf	194735	OBI_LIBRARY_ROOT:Thematic/Burmese/Burma JBRS/JBRS Originals/082181.pdf	OBI_LIBRARY_ROOT:Thematic/Burmese/Burma JBRS/JBRS Originals/082181.pdf	data/local/bibliography_sources/082181-e0541151cf82/082181.pdf	0	JBRS Originals	pdf	medium	reused_existing	2026-05-29T22:23:00.594402+00:00	
083189-39dbcb3e5f02	39dbcb3e5f02544f31b85d1e022a79cdc317c7de2997a226ac2024d4c832631d	083189.pdf	1050010	OBI_LIBRARY_ROOT:Thematic/Burmese/Burma JBRS/JBRS Originals/083189.pdf	OBI_LIBRARY_ROOT:Thematic/Burmese/Burma JBRS/1918/GreaterTemplesPagan-Luce1918.pdf | OBI_LIBRARY_ROOT:Thematic/Burmese/Burma JBRS/JBRS Originals/083189.pdf	data/local/bibliography_sources/083189-39dbcb3e5f02/083189.pdf	1	1918 | JBRS Originals	pdf	medium	reused_existing	2026-05-29T22:23:00.594279+00:00	
083199-febe4428d75a	febe4428d75ab41f48e5c01627becf36ca1d5ba9769b76c8755589b20f59daef	083199.pdf	1010204	OBI_LIBRARY_ROOT:Thematic/Burmese/Burma JBRS/JBRS Originals/083199.pdf	OBI_LIBRARY_ROOT:Thematic/Burmese/Burma JBRS/1918/SunlightSoap-Furnivall1918.pdf | OBI_LIBRARY_ROOT:Thematic/Burmese/Burma JBRS/JBRS Originals/083199.pdf	data/local/bibliography_sources/083199-febe4428d75a/083199.pdf	1	1918 | JBRS Originals	pdf	medium	reused_existing	2026-05-29T22:23:00.594152+00:00	
083213-3a74624c6852	3a74624c6852a84dd6c31fb710a30109b501696197f718aecb875274ee31d361	083213.pdf	665358	OBI_LIBRARY_ROOT:Thematic/Burmese/Burma JBRS/JBRS Originals/083213.pdf	OBI_LIBRARY_ROOT:Thematic/Burmese/Burma JBRS/1918/PotteryBurma-Morris1918.pdf | OBI_LIBRARY_ROOT:Thematic/Burmese/Burma JBRS/JBRS Originals/083213.pdf	data/local/bibliography_sources/083213-3a74624c6852/083213.pdf	1	1918 | JBRS Originals	pdf	medium	reused_existing	2026-05-29T22:23:00.594035+00:00	
083223-771270f06c0d	771270f06c0d896d08b5dc459673aec10e383673a94f4000459824280ec0a2c8	083223.pdf	621791	OBI_LIBRARY_ROOT:Thematic/Burmese/Burma JBRS/JBRS Originals/083223.pdf	OBI_LIBRARY_ROOT:Thematic/Burmese/Burma JBRS/JBRS Originals/083223.pdf	data/local/bibliography_sources/083223-771270f06c0d/083223.pdf	0	JBRS Originals	pdf	medium	reused_existing	2026-05-29T22:23:00.593907+00:00	
083233-7e7fd2110d52	7e7fd2110d5239473317de86b8e59de3ecc8172661d3988087b717586c8cd872	083233.pdf	1340452	OBI_LIBRARY_ROOT:Thematic/Burmese/Burma JBRS/1918/083233.pdf	OBI_LIBRARY_ROOT:Thematic/Burmese/Burma JBRS/1918/083233.pdf | OBI_LIBRARY_ROOT:Thematic/Burmese/Burma JBRS/JBRS Originals/083233.pdf	data/local/bibliography_sources/083233-7e7fd2110d52/083233.pdf	1	1918 | JBRS Originals	pdf	medium	reused_existing	2026-05-29T22:23:00.593785+00:00	
083255-31a19239f3a0	31a19239f3a0f2d56cac1e99bd0e67792b75e8d09d9bee157f7cbad7dd562647	083255.pdf	520738	OBI_LIBRARY_ROOT:Thematic/Burmese/Burma JBRS/1918/083255.pdf	OBI_LIBRARY_ROOT:Thematic/Burmese/Burma JBRS/1918/083255.pdf | OBI_LIBRARY_ROOT:Thematic/Burmese/Burma JBRS/JBRS Originals/083255.pdf	data/local/bibliography_sources/083255-31a19239f3a0/083255.pdf	1	1918 | JBRS Originals	pdf	medium	reused_existing	2026-05-29T22:23:00.593672+00:00	
083263-0c05f7125d52	0c05f7125d523ce4ccf64e95a2af89caf835c3158b14337ac2cce710d8201812	083263.pdf	509523	OBI_LIBRARY_ROOT:Thematic/Burmese/Burma JBRS/JBRS Originals/083263.pdf	OBI_LIBRARY_ROOT:Thematic/Burmese/Burma JBRS/JBRS Originals/083263.pdf	data/local/bibliography_sources/083263-0c05f7125d52/083263.pdf	0	JBRS Originals	pdf	medium	reused_existing	2026-05-29T22:23:00.593558+00:00	
083270-14b73ca14a1a	14b73ca14a1aa6cd91bdf920241f54ff982a9c3eece2f8c022cfa79174d8b3b8	083270.pdf	266449	OBI_LIBRARY_ROOT:Thematic/Burmese/Burma JBRS/1918/083270.pdf	OBI_LIBRARY_ROOT:Thematic/Burmese/Burma JBRS/1918/083270.pdf | OBI_LIBRARY_ROOT:Thematic/Burmese/Burma JBRS/JBRS Originals/083270.pdf	data/local/bibliography_sources/083270-14b73ca14a1a/083270.pdf	1	1918 | JBRS Originals	pdf	medium	reused_existing	2026-05-29T22:23:00.593429+00:00	
083275-80515cf11687	80515cf11687fa049672528bdf28b67ff9ba85d6f4ff5fe90cf5c7fda03e1b3f	083275.pdf	601785	OBI_LIBRARY_ROOT:Thematic/Burmese/Burma JBRS/JBRS Originals/083275.pdf	OBI_LIBRARY_ROOT:Thematic/Burmese/Burma JBRS/JBRS Originals/083275.pdf	data/local/bibliography_sources/083275-80515cf11687/083275.pdf	0	JBRS Originals	pdf	medium	reused_existing	2026-05-29T22:23:00.593304+00:00	
083285-ccbafde46147	ccbafde461477bb17d93853689c1acca152852bbab3c6df026fc39c47aed466c	083285.pdf	83221	OBI_LIBRARY_ROOT:Thematic/Burmese/Burma JBRS/1918/083285.pdf	OBI_LIBRARY_ROOT:Thematic/Burmese/Burma JBRS/1918/083285.pdf | OBI_LIBRARY_ROOT:Thematic/Burmese/Burma JBRS/JBRS Originals/083285.pdf	data/local/bibliography_sources/083285-ccbafde46147/083285.pdf	1	1918 | JBRS Originals	pdf	medium	reused_existing	2026-05-29T22:23:00.593182+00:00	
083286-b30f197ec593	b30f197ec593aba9b39258cc97e17916796778717f069b35926f7b15bb2f9001	083286.pdf	12418	OBI_LIBRARY_ROOT:Thematic/Burmese/Burma JBRS/JBRS Originals/083286.pdf	OBI_LIBRARY_ROOT:Thematic/Burmese/Burma JBRS/JBRS Originals/083286.pdf	data/local/bibliography_sources/083286-b30f197ec593/083286.pdf	0	JBRS Originals	pdf	medium	reused_existing	2026-05-29T22:23:00.593055+00:00	
083286a-ad970aff069e	ad970aff069e81ef6d58b0bd52df01e73fa29793fe178a799545e4e6d0454f2f	083286A.pdf	96480	OBI_LIBRARY_ROOT:Thematic/Burmese/Burma JBRS/JBRS Originals/083286A.pdf	OBI_LIBRARY_ROOT:Thematic/Burmese/Burma JBRS/JBRS Originals/083286A.pdf	data/local/bibliography_sources/083286a-ad970aff069e/083286A.pdf	0	JBRS Originals	pdf	medium	reused_existing	2026-05-29T22:23:00.592918+00:00	
091001-8b7c4f87a226	8b7c4f87a2261c8259db162fb2bb33503712fa6a54be27132b519481e78cc302	091001.pdf	892057	OBI_LIBRARY_ROOT:Thematic/Burmese/Burma JBRS/JBRS Originals/091001.pdf	OBI_LIBRARY_ROOT:Thematic/Burmese/Burma JBRS/1919/Lacquerware-Morris1919.pdf | OBI_LIBRARY_ROOT:Thematic/Burmese/Burma JBRS/JBRS Originals/091001.pdf	data/local/bibliography_sources/091001-8b7c4f87a226/091001.pdf	1	1919 | JBRS Originals	pdf	medium	reused_existing	2026-05-29T22:23:00.592789+00:00	
091015-ae3e130fe3bd	ae3e130fe3bdd2dfc48811240fe3115eb4583ae5ae29a5c983c906d9f5dfe0b8	091015.pdf	854629	OBI_LIBRARY_ROOT:Thematic/Burmese/Burma JBRS/1919/091015.pdf	OBI_LIBRARY_ROOT:Thematic/Burmese/Burma JBRS/1919/091015.pdf | OBI_LIBRARY_ROOT:Thematic/Burmese/Burma JBRS/JBRS Originals/091015.pdf	data/local/bibliography_sources/091015-ae3e130fe3bd/091015.pdf	1	1919 | JBRS Originals	pdf	medium	reused_existing	2026-05-29T22:23:00.592666+00:00	
091027-70ec99988610	70ec9998861046a64500b58db3ad3d9ba4e0dcc143b921b68df1ab323d119cb5	091027.pdf	344764	OBI_LIBRARY_ROOT:Thematic/Burmese/Burma JBRS/JBRS Originals/091027.pdf	OBI_LIBRARY_ROOT:Thematic/Burmese/Burma JBRS/1919/Arakan80yearsago-Stuart1919.pdf | OBI_LIBRARY_ROOT:Thematic/Burmese/Burma JBRS/JBRS Originals/091027.pdf	data/local/bibliography_sources/091027-70ec99988610/091027.pdf	1	1919 | JBRS Originals	pdf	medium	reused_existing	2026-05-29T22:23:00.592538+00:00	
091033-18ba039b48d4	18ba039b48d48b2223ab031cd915d8e9c4bed4699e7ef40af389e98236c0d2b0	091033.pdf	1532176	OBI_LIBRARY_ROOT:Thematic/Burmese/Burma JBRS/JBRS Originals/091033.pdf	OBI_LIBRARY_ROOT:Thematic/Burmese/Burma JBRS/1919/Furnivall1919-HistoricalDocuments3.pdf | OBI_LIBRARY_ROOT:Thematic/Burmese/Burma JBRS/JBRS Originals/091033.pdf	data/local/bibliography_sources/091033-18ba039b48d4/091033.pdf	1	1919 | JBRS Originals	pdf	medium	reused_existing	2026-05-29T22:23:00.592399+00:00	
091052-cee9cc0ef91d	cee9cc0ef91dea4253debbcd9f855fd181118e9b55d01014b9745e3aa3e0ce89	091052.pdf	98183	OBI_LIBRARY_ROOT:Thematic/Burmese/Burma JBRS/JBRS Originals/091052.pdf	OBI_LIBRARY_ROOT:Thematic/Burmese/Burma JBRS/1919/WuntiNat-SanShweBu1919.pdf | OBI_LIBRARY_ROOT:Thematic/Burmese/Burma JBRS/JBRS Originals/091052.pdf	data/local/bibliography_sources/091052-cee9cc0ef91d/091052.pdf	1	1919 | JBRS Originals	pdf	medium	reused_existing	2026-05-29T22:23:00.592278+00:00	
091053-5acfb4f31690	5acfb4f316900961049a703073473b2c31bd3bf8e111f95089630bf08b4407f8	091053.pdf	231053	OBI_LIBRARY_ROOT:Thematic/Burmese/Burma JBRS/JBRS Originals/091053.pdf	OBI_LIBRARY_ROOT:Thematic/Burmese/Burma JBRS/1919/the-arigyi-of-burma-and-tantric-buddhism-by-gordon-luce-1919.pdf | OBI_LIBRARY_ROOT:Thematic/Burmese/Burma JBRS/JBRS Originals/091053.pdf	data/local/bibliography_sources/091053-5acfb4f31690/091053.pdf	1	1919 | JBRS Originals	pdf	medium	reused_existing	2026-05-29T22:23:00.592145+00:00	
091056-1d0466a11745	1d0466a11745918f2b1fa85f551edba1b11af74987ecd804f67a69bf5fd21ac6	091056.pdf	34874	OBI_LIBRARY_ROOT:Thematic/Burmese/Burma JBRS/JBRS Originals/091056.pdf	OBI_LIBRARY_ROOT:Thematic/Burmese/Burma JBRS/JBRS Originals/091056.pdf	data/local/bibliography_sources/091056-1d0466a11745/091056.pdf	0	JBRS Originals	pdf	medium	reused_existing	2026-05-29T22:23:00.592020+00:00	
092063-c96b46ac9386	c96b46ac9386950b59728a6cbc998e407091e458f4a8bc9e89e0f1e110a93e69	092063.pdf	1361789	OBI_LIBRARY_ROOT:Thematic/Burmese/Burma JBRS/JBRS Originals/092063.pdf	OBI_LIBRARY_ROOT:Thematic/Burmese/Burma JBRS/1919/WritingBurmeseHistory-Hall1919.pdf | OBI_LIBRARY_ROOT:Thematic/Burmese/Burma JBRS/JBRS Originals/092063.pdf	data/local/bibliography_sources/092063-c96b46ac9386/092063.pdf	1	1919 | JBRS Originals	pdf	medium	reused_existing	2026-05-29T22:23:00.591890+00:00	
092083-515729f009e7	515729f009e7ee14679078532ea3e1cfb7f4522498e5b381428e67ae5a065acd	092083.pdf	1172451	OBI_LIBRARY_ROOT:Thematic/Burmese/Burma JBRS/1919/092083.pdf	OBI_LIBRARY_ROOT:Thematic/Burmese/Burma JBRS/1919/092083.pdf | OBI_LIBRARY_ROOT:Thematic/Burmese/Burma JBRS/JBRS Originals/092083.pdf	data/local/bibliography_sources/092083-515729f009e7/092083.pdf	1	1919 | JBRS Originals	pdf	medium	reused_existing	2026-05-29T22:23:00.591759+00:00	
092097-c6d60e6c0d72	c6d60e6c0d72a9db95e796ec283d2952e19e5ad4610d0eb6effe2e899a64d875	092097.pdf	410657	OBI_LIBRARY_ROOT:Thematic/Burmese/Burma JBRS/JBRS Originals/092097.pdf	OBI_LIBRARY_ROOT:Thematic/Burmese/Burma JBRS/JBRS Originals/092097.pdf	data/local/bibliography_sources/092097-c6d60e6c0d72/092097.pdf	0	JBRS Originals	pdf	medium	reused_existing	2026-05-29T22:23:00.591632+00:00	
092103-69d825d7d9b8	69d825d7d9b82dd4a665384167e38da798cf7c2ca37a504f2fe8c57105334fec	092103.pdf	437979	OBI_LIBRARY_ROOT:Thematic/Burmese/Burma JBRS/1919/092103.pdf	OBI_LIBRARY_ROOT:Thematic/Burmese/Burma JBRS/1919/092103.pdf | OBI_LIBRARY_ROOT:Thematic/Burmese/Burma JBRS/JBRS Originals/092103.pdf	data/local/bibliography_sources/092103-69d825d7d9b8/092103.pdf	1	1919 | JBRS Originals	pdf	medium	reused_existing	2026-05-29T22:23:00.591501+00:00	
092109-669f6576a8d2	669f6576a8d2c82a6ab07c73123d62eee90e40c580cc89f4d703f7c5f1f7f1bb	092109.pdf	173837	OBI_LIBRARY_ROOT:Thematic/Burmese/Burma JBRS/JBRS Originals/092109.pdf	OBI_LIBRARY_ROOT:Thematic/Burmese/Burma JBRS/1919/Stuart1919-PrehistoricBurma.pdf | OBI_LIBRARY_ROOT:Thematic/Burmese/Burma JBRS/JBRS Originals/092109.pdf	data/local/bibliography_sources/092109-669f6576a8d2/092109.pdf	1	1919 | JBRS Originals	pdf	medium	reused_existing	2026-05-29T22:23:00.591378+00:00	
092111-2b4a82b8879a	2b4a82b8879a64f4125ff98a09d305a244243d11cc304a8b3409c11d00c5ab31	092111.pdf	85557	OBI_LIBRARY_ROOT:Thematic/Burmese/Burma JBRS/1919/092111.pdf	OBI_LIBRARY_ROOT:Thematic/Burmese/Burma JBRS/1919/092111.pdf | OBI_LIBRARY_ROOT:Thematic/Burmese/Burma JBRS/JBRS Originals/092111.pdf	data/local/bibliography_sources/092111-2b4a82b8879a/092111.pdf	1	1919 | JBRS Originals	pdf	medium	reused_existing	2026-05-29T22:23:00.591262+00:00	
092112-182feecff36d	182feecff36d17a5ebc53305cd75034618ab2405248d2cb2440ba0a1a832ce99	092112.pdf	18153	OBI_LIBRARY_ROOT:Thematic/Burmese/Burma JBRS/JBRS Originals/092112.pdf	OBI_LIBRARY_ROOT:Thematic/Burmese/Burma JBRS/1919/MaMinThein_BaHan1919.pdf | OBI_LIBRARY_ROOT:Thematic/Burmese/Burma JBRS/JBRS Originals/092112.pdf	data/local/bibliography_sources/092112-182feecff36d/092112.pdf	1	1919 | JBRS Originals	pdf	medium	reused_existing	2026-05-29T22:23:00.591143+00:00	
092112a-b863099bdb24	b863099bdb24d4d7e2094a7a9a707265c6346cf6c448b92ca1775096f4fcc9b7	092112A.pdf	19236	OBI_LIBRARY_ROOT:Thematic/Burmese/Burma JBRS/JBRS Originals/092112A.pdf	OBI_LIBRARY_ROOT:Thematic/Burmese/Burma JBRS/JBRS Originals/092112A.pdf	data/local/bibliography_sources/092112a-b863099bdb24/092112A.pdf	0	JBRS Originals	pdf	medium	reused_existing	2026-05-29T22:23:00.591010+00:00	
093117-88ed6b0e9156	88ed6b0e9156f7d99c1ecd41c142101e1381d8bfaa05f67f7be2552e9a618d54	093117.pdf	457991	OBI_LIBRARY_ROOT:Thematic/Burmese/Burma JBRS/1919/093117.pdf	OBI_LIBRARY_ROOT:Thematic/Burmese/Burma JBRS/1919/093117.pdf | OBI_LIBRARY_ROOT:Thematic/Burmese/Burma JBRS/JBRS Originals/093117.pdf	data/local/bibliography_sources/093117-88ed6b0e9156/093117.pdf	1	1919 | JBRS Originals	pdf	medium	reused_existing	2026-05-29T22:23:00.590882+00:00	
093125-1af51c958314	1af51c9583140d95f0eacf0055ec68fcabf8a3e607eca47f6684866c33bc42dc	093125.pdf	261556	OBI_LIBRARY_ROOT:Thematic/Burmese/Burma JBRS/1919/093125.pdf	OBI_LIBRARY_ROOT:Thematic/Burmese/Burma JBRS/1919/093125.pdf | OBI_LIBRARY_ROOT:Thematic/Burmese/Burma JBRS/JBRS Originals/093125.pdf	data/local/bibliography_sources/093125-1af51c958314/093125.pdf	1	1919 | JBRS Originals	pdf	medium	reused_existing	2026-05-29T22:23:00.590742+00:00	
093129-c0da47fb3193	c0da47fb3193dffb1e8c3d73f4d3b5007411332db093316f3f8e2c09182e5862	093129.pdf	849629	OBI_LIBRARY_ROOT:Thematic/Burmese/Burma JBRS/1919/093129.pdf	OBI_LIBRARY_ROOT:Thematic/Burmese/Burma JBRS/1919/093129.pdf | OBI_LIBRARY_ROOT:Thematic/Burmese/Burma JBRS/JBRS Originals/093129.pdf	data/local/bibliography_sources/093129-c0da47fb3193/093129.pdf	1	1919 | JBRS Originals	pdf	medium	reused_existing	2026-05-29T22:23:00.590610+00:00	
093145-7f45fe275a84	7f45fe275a84c2e2d369914075a52eb8b8a7b4b873ac70a435fefa166c626884	093145.pdf	411558	OBI_LIBRARY_ROOT:Thematic/Burmese/Burma JBRS/1919/093145.pdf	OBI_LIBRARY_ROOT:Thematic/Burmese/Burma JBRS/1919/093145.pdf | OBI_LIBRARY_ROOT:Thematic/Burmese/Burma JBRS/JBRS Originals/093145.pdf	data/local/bibliography_sources/093145-7f45fe275a84/093145.pdf	1	1919 | JBRS Originals	pdf	medium	reused_existing	2026-05-29T22:23:00.590479+00:00	
093151-ab14c103ce2d	ab14c103ce2d1f8dd75e991a412bd48150224d56a2258f308d3d5cdc8d9c4473	093151.pdf	162917	OBI_LIBRARY_ROOT:Thematic/Burmese/Burma JBRS/1919/093151.pdf	OBI_LIBRARY_ROOT:Thematic/Burmese/Burma JBRS/1919/093151.pdf | OBI_LIBRARY_ROOT:Thematic/Burmese/Burma JBRS/JBRS Originals/093151.pdf	data/local/bibliography_sources/093151-ab14c103ce2d/093151.pdf	1	1919 | JBRS Originals	pdf	medium	reused_existing	2026-05-29T22:23:00.590348+00:00	
093153-6ee598741133	6ee5987411330e522969e97445e22a6df9793a9026d5e5f0cf26b1b7f5a81528	093153.pdf	137347	OBI_LIBRARY_ROOT:Thematic/Burmese/Burma JBRS/JBRS Originals/093153.pdf	OBI_LIBRARY_ROOT:Thematic/Burmese/Burma JBRS/JBRS Originals/093153.pdf	data/local/bibliography_sources/093153-6ee598741133/093153.pdf	0	JBRS Originals	pdf	medium	reused_existing	2026-05-29T22:23:00.590225+00:00	
093155-d9fad16655f0	d9fad16655f093da6f34d631c23dcea103886e563433edfe279a312718be4143	093155.pdf	122579	OBI_LIBRARY_ROOT:Thematic/Burmese/Burma JBRS/JBRS Originals/093155.pdf	OBI_LIBRARY_ROOT:Thematic/Burmese/Burma JBRS/JBRS Originals/093155.pdf	data/local/bibliography_sources/093155-d9fad16655f0/093155.pdf	0	JBRS Originals	pdf	medium	reused_existing	2026-05-29T22:23:00.590106+00:00	
093157-216e6c592e8b	216e6c592e8b9d5aba0aca2083f73a67847e68b012d0bf4c2b387a666a6d10a9	093157.pdf	71821	OBI_LIBRARY_ROOT:Thematic/Burmese/Burma JBRS/1919/093157.pdf	OBI_LIBRARY_ROOT:Thematic/Burmese/Burma JBRS/1919/093157.pdf | OBI_LIBRARY_ROOT:Thematic/Burmese/Burma JBRS/JBRS Originals/093157.pdf	data/local/bibliography_sources/093157-216e6c592e8b/093157.pdf	1	1919 | JBRS Originals	pdf	medium	reused_existing	2026-05-29T22:23:00.589983+00:00	
093158-9c4a29cf3f1f	9c4a29cf3f1ff99daf8b43a9045a59014067a1425042b761cb86ae3917078277	093158.pdf	34008	OBI_LIBRARY_ROOT:Thematic/Burmese/Burma JBRS/JBRS Originals/093158.pdf	OBI_LIBRARY_ROOT:Thematic/Burmese/Burma JBRS/JBRS Originals/093158.pdf	data/local/bibliography_sources/093158-9c4a29cf3f1f/093158.pdf	0	JBRS Originals	pdf	medium	reused_existing	2026-05-29T22:23:00.589854+00:00	
093158a-20f435d13d1e	20f435d13d1ed59796452710b64b93259b814fe0965d6e07746ff665df18b893	093158A.pdf	105174	OBI_LIBRARY_ROOT:Thematic/Burmese/Burma JBRS/JBRS Originals/093158A.pdf	OBI_LIBRARY_ROOT:Thematic/Burmese/Burma JBRS/1919/Furnivall1919-ShinMaLe.pdf | OBI_LIBRARY_ROOT:Thematic/Burmese/Burma JBRS/JBRS Originals/093158A.pdf	data/local/bibliography_sources/093158a-20f435d13d1e/093158A.pdf	1	1919 | JBRS Originals	pdf	medium	reused_existing	2026-05-29T22:23:00.589731+00:00	
093159-a72d541169ea	a72d541169ea670a89e5ca0b1ef37c9446e7a446bc1dca06a00337fd70ba1389	093159.pdf	65710	OBI_LIBRARY_ROOT:Thematic/Burmese/Burma JBRS/JBRS Originals/093159.pdf	OBI_LIBRARY_ROOT:Thematic/Burmese/Burma JBRS/JBRS Originals/093159.pdf	data/local/bibliography_sources/093159-a72d541169ea/093159.pdf	0	JBRS Originals	pdf	medium	reused_existing	2026-05-29T22:23:00.589610+00:00	
093160-d2723df5d007	d2723df5d007b22ca98a15aadaa11f73e67946a119a5febe436bfeec8ab0659b	093160.pdf	9100	OBI_LIBRARY_ROOT:Thematic/Burmese/Burma JBRS/JBRS Originals/093160.pdf	OBI_LIBRARY_ROOT:Thematic/Burmese/Burma JBRS/JBRS Originals/093160.pdf	data/local/bibliography_sources/093160-d2723df5d007/093160.pdf	0	JBRS Originals	pdf	medium	reused_existing	2026-05-29T22:23:00.589487+00:00	
093160a-03b15d20bb7c	03b15d20bb7cfa288300ec81936bdb0f5b5a4370b3225fac94a9f71537958865	093160A.pdf	15869	OBI_LIBRARY_ROOT:Thematic/Burmese/Burma JBRS/JBRS Originals/093160A.pdf	OBI_LIBRARY_ROOT:Thematic/Burmese/Burma JBRS/JBRS Originals/093160A.pdf	data/local/bibliography_sources/093160a-03b15d20bb7c/093160A.pdf	0	JBRS Originals	pdf	medium	reused_existing	2026-05-29T22:23:00.589358+00:00	
101001-e4401f608c69	e4401f608c69393c9a671571dcbac8902e84a625863740dce85575f1bbadca70	101001.pdf	1202360	OBI_LIBRARY_ROOT:Thematic/Burmese/Burma JBRS/JBRS Originals/101001.pdf	OBI_LIBRARY_ROOT:Thematic/Burmese/Burma JBRS/1920/MonasteriesOfPagan1_Sinclair1920.pdf | OBI_LIBRARY_ROOT:Thematic/Burmese/Burma JBRS/JBRS Originals/101001.pdf	data/local/bibliography_sources/101001-e4401f608c69/101001.pdf	1	1920 | JBRS Originals	pdf	medium	reused_existing	2026-05-29T22:23:00.589229+00:00	
101005-5705497b7e5e	5705497b7e5e0d80d401e6fd217a6571a515db65dfe7252cbcbb7472a62ae9f8	101005.pdf	582155	OBI_LIBRARY_ROOT:Thematic/Burmese/Burma JBRS/1920/101005.pdf	OBI_LIBRARY_ROOT:Thematic/Burmese/Burma JBRS/1920/101005.pdf | OBI_LIBRARY_ROOT:Thematic/Burmese/Burma JBRS/JBRS Originals/101005.pdf	data/local/bibliography_sources/101005-5705497b7e5e/101005.pdf	1	1920 | JBRS Originals	pdf	medium	reused_existing	2026-05-29T22:23:00.589119+00:00	
101013-0a1bd97f3a1f	0a1bd97f3a1f0090502a67fbf5e121c2db07801914ebac350d45d9866f8e3eaa	101013.pdf	162859	OBI_LIBRARY_ROOT:Thematic/Burmese/Burma JBRS/1920/101013.pdf	OBI_LIBRARY_ROOT:Thematic/Burmese/Burma JBRS/1920/101013.pdf | OBI_LIBRARY_ROOT:Thematic/Burmese/Burma JBRS/JBRS Originals/101013.pdf	data/local/bibliography_sources/101013-0a1bd97f3a1f/101013.pdf	1	1920 | JBRS Originals	pdf	medium	reused_existing	2026-05-29T22:23:00.588997+00:00	
101015-4ba21055b718	4ba21055b7186f4b19274a33f6dd8261d48c809259be1d1adbf81bc1c0ca77ab	101015.pdf	401691	OBI_LIBRARY_ROOT:Thematic/Burmese/Burma JBRS/1920/101015.pdf	OBI_LIBRARY_ROOT:Thematic/Burmese/Burma JBRS/1920/101015.pdf | OBI_LIBRARY_ROOT:Thematic/Burmese/Burma JBRS/JBRS Originals/101015.pdf	data/local/bibliography_sources/101015-4ba21055b718/101015.pdf	1	1920 | JBRS Originals	pdf	medium	reused_existing	2026-05-29T22:23:00.588850+00:00	
101020-4d986f9130bc	4d986f9130bce4ebbf9640bef7a76ab06a5074c188fd8e8641e2d65003e6be9c	101020.pdf	277405	OBI_LIBRARY_ROOT:Thematic/Burmese/Burma JBRS/JBRS Originals/101020.pdf	OBI_LIBRARY_ROOT:Thematic/Burmese/Burma JBRS/JBRS Originals/101020.pdf	data/local/bibliography_sources/101020-4d986f9130bc/101020.pdf	0	JBRS Originals	pdf	medium	reused_existing	2026-05-29T22:23:00.588718+00:00	
101023-6c1a34f41875	6c1a34f418751bcf9aa156338011bb1b9553b38df176afab77166473b16dd3ba	101023.pdf	188283	OBI_LIBRARY_ROOT:Thematic/Burmese/Burma JBRS/JBRS Originals/101023.pdf	OBI_LIBRARY_ROOT:Thematic/Burmese/Burma JBRS/1920/Furnivall-1920-review-by-furnivall-of-primitive-ritual-and-belief.pdf | OBI_LIBRARY_ROOT:Thematic/Burmese/Burma JBRS/JBRS Originals/101023.pdf	data/local/bibliography_sources/101023-6c1a34f41875/101023.pdf	1	1920 | JBRS Originals	pdf	medium	reused_existing	2026-05-29T22:23:00.588589+00:00	
101025-d934584a518c	d934584a518c11dcb8c93ac32e7ba9b5ca648540b82f1a74af6c38eed67a611d	101025.pdf	15294	OBI_LIBRARY_ROOT:Thematic/Burmese/Burma JBRS/JBRS Originals/101025.pdf	OBI_LIBRARY_ROOT:Thematic/Burmese/Burma JBRS/JBRS Originals/101025.pdf	data/local/bibliography_sources/101025-d934584a518c/101025.pdf	0	JBRS Originals	pdf	medium	reused_existing	2026-05-29T22:23:00.588443+00:00	
101025a-78cecaa84cd7	78cecaa84cd7da714c657421e048c650a6450043d15dd378dab045389172704e	101025A.pdf	26541	OBI_LIBRARY_ROOT:Thematic/Burmese/Burma JBRS/JBRS Originals/101025A.pdf	OBI_LIBRARY_ROOT:Thematic/Burmese/Burma JBRS/JBRS Originals/101025A.pdf	data/local/bibliography_sources/101025a-78cecaa84cd7/101025A.pdf	0	JBRS Originals	pdf	medium	reused_existing	2026-05-29T22:23:00.588319+00:00	
101025b-6f872395552f	6f872395552fcf9fdd1d37c302069851bb05faf3a72334561b3fb4155a34bdbe	101025B.pdf	8183	OBI_LIBRARY_ROOT:Thematic/Burmese/Burma JBRS/JBRS Originals/101025B.pdf	OBI_LIBRARY_ROOT:Thematic/Burmese/Burma JBRS/JBRS Originals/101025B.pdf	data/local/bibliography_sources/101025b-6f872395552f/101025B.pdf	0	JBRS Originals	pdf	medium	reused_existing	2026-05-29T22:23:00.588195+00:00	
101025c-8b93ac6abb6c	8b93ac6abb6cdd6751f42da19313158fcd728c152ab45070833d8a0670ce6e09	101025C.pdf	33286	OBI_LIBRARY_ROOT:Thematic/Burmese/Burma JBRS/JBRS Originals/101025C.pdf	OBI_LIBRARY_ROOT:Thematic/Burmese/Burma JBRS/JBRS Originals/101025C.pdf	data/local/bibliography_sources/101025c-8b93ac6abb6c/101025C.pdf	0	JBRS Originals	pdf	medium	reused_existing	2026-05-29T22:23:00.588072+00:00	
101026-095c3482dca5	095c3482dca5cfe2b92b40f2c699a4dcdfc701617d0b0e60e8860688a3179d38	101026.pdf	21129	OBI_LIBRARY_ROOT:Thematic/Burmese/Burma JBRS/JBRS Originals/101026.pdf	OBI_LIBRARY_ROOT:Thematic/Burmese/Burma JBRS/JBRS Originals/101026.pdf	data/local/bibliography_sources/101026-095c3482dca5/101026.pdf	0	JBRS Originals	pdf	medium	reused_existing	2026-05-29T22:23:00.587948+00:00	
101026a-1f47db0ab6d1	1f47db0ab6d19d92feb482ed621a1d99bfb5e9bd84b7c84960169e8d557b7229	101026A.pdf	77400	OBI_LIBRARY_ROOT:Thematic/Burmese/Burma JBRS/JBRS Originals/101026A.pdf	OBI_LIBRARY_ROOT:Thematic/Burmese/Burma JBRS/JBRS Originals/101026A.pdf	data/local/bibliography_sources/101026a-1f47db0ab6d1/101026A.pdf	0	JBRS Originals	pdf	medium	reused_existing	2026-05-29T22:23:00.587820+00:00	
101027-0f228c77b288	0f228c77b288c27b957909d5c28bc80b991e1a57b92012f781b6826bc8d0a8ab	101027.pdf	49677	OBI_LIBRARY_ROOT:Thematic/Burmese/Burma JBRS/JBRS Originals/101027.pdf	OBI_LIBRARY_ROOT:Thematic/Burmese/Burma JBRS/JBRS Originals/101027.pdf	data/local/bibliography_sources/101027-0f228c77b288/101027.pdf	0	JBRS Originals	pdf	medium	reused_existing	2026-05-29T22:23:00.587683+00:00	
101028-2803d7130503	2803d71305039cd92b2dc2128a521a1cfa8a07e71e99f31578eaa2a2166bcd74	101028.pdf	244698	OBI_LIBRARY_ROOT:Thematic/Burmese/Burma JBRS/JBRS Originals/101028.pdf	OBI_LIBRARY_ROOT:Thematic/Burmese/Burma JBRS/JBRS Originals/101028.pdf	data/local/bibliography_sources/101028-2803d7130503/101028.pdf	0	JBRS Originals	pdf	medium	reused_existing	2026-05-29T22:23:00.587565+00:00	
102041-fbc91ac44386	fbc91ac44386408506314ef53d26313669a8ec94585575b6203f08992ce1599d	102041.pdf	641259	OBI_LIBRARY_ROOT:Thematic/Burmese/Burma JBRS/JBRS Originals/102041.pdf	OBI_LIBRARY_ROOT:Thematic/Burmese/Burma JBRS/1920/SmallerTemplesPagan-Luce1920.pdf | OBI_LIBRARY_ROOT:Thematic/Burmese/Burma JBRS/JBRS Originals/102041.pdf	data/local/bibliography_sources/102041-fbc91ac44386/102041.pdf	1	1920 | JBRS Originals	pdf	medium	reused_existing	2026-05-29T22:23:00.587443+00:00	
102049-bb70d30ebeab	bb70d30ebeabd59e15736db8c8b9ec4ef82050f1daf3c40b15e3816281557d63	102049.pdf	910482	OBI_LIBRARY_ROOT:Thematic/Burmese/Burma JBRS/JBRS Originals/102049.pdf	OBI_LIBRARY_ROOT:Thematic/Burmese/Burma JBRS/JBRS Originals/102049.pdf	data/local/bibliography_sources/102049-bb70d30ebeab/102049.pdf	0	JBRS Originals	pdf	medium	reused_existing	2026-05-29T22:23:00.587315+00:00	
102061-6f6157af27aa	6f6157af27aa88a28fa3e30bab8dc5fe831d1ac40764ebf7585bebc72ed06b26	102061.pdf	72698	OBI_LIBRARY_ROOT:Thematic/Burmese/Burma JBRS/JBRS Originals/102061.pdf	OBI_LIBRARY_ROOT:Thematic/Burmese/Burma JBRS/1920/EraOfDecay_SayaPi1920-inBurmese.pdf | OBI_LIBRARY_ROOT:Thematic/Burmese/Burma JBRS/JBRS Originals/102061.pdf	data/local/bibliography_sources/102061-6f6157af27aa/102061.pdf	1	1920 | JBRS Originals	pdf	medium	reused_existing	2026-05-29T22:23:00.587185+00:00	
102062-d9541cadfec2	d9541cadfec27cee3f3a329e0416415e66151a6225ca918bf36912d09d5610be	102062.pdf	206611	OBI_LIBRARY_ROOT:Thematic/Burmese/Burma JBRS/JBRS Originals/102062.pdf	OBI_LIBRARY_ROOT:Thematic/Burmese/Burma JBRS/1920/SayaBe-1920-burmese-apocalypse.pdf | OBI_LIBRARY_ROOT:Thematic/Burmese/Burma JBRS/JBRS Originals/102062.pdf	data/local/bibliography_sources/102062-d9541cadfec2/102062.pdf	1	1920 | JBRS Originals	pdf	medium	reused_existing	2026-05-29T22:23:00.587064+00:00	
102065-86f12dd10c1f	86f12dd10c1faa17c51d74259bcaacfcefa9cdd0851937c6eb409e0566b15300	102065.pdf	142053	OBI_LIBRARY_ROOT:Thematic/Burmese/Burma JBRS/JBRS Originals/102065.pdf	OBI_LIBRARY_ROOT:Thematic/Burmese/Burma JBRS/1920/BrassLampvesali-SanShweBu1920.pdf | OBI_LIBRARY_ROOT:Thematic/Burmese/Burma JBRS/JBRS Originals/102065.pdf	data/local/bibliography_sources/102065-86f12dd10c1f/102065.pdf	1	1920 | JBRS Originals	pdf	medium	reused_existing	2026-05-29T22:23:00.586921+00:00	
102067-d0831096fea3	d0831096fea34967b7a484ec5e4de560c2389e3ac08cf94573dc64c562bb1ef4	102067.pdf	454086	OBI_LIBRARY_ROOT:Thematic/Burmese/Burma JBRS/JBRS Originals/102067.pdf	OBI_LIBRARY_ROOT:Thematic/Burmese/Burma JBRS/1920/ShwegugyiInscription-Luce1920.pdf | OBI_LIBRARY_ROOT:Thematic/Burmese/Burma JBRS/JBRS Originals/102067.pdf	data/local/bibliography_sources/102067-d0831096fea3/102067.pdf	1	1920 | JBRS Originals	pdf	medium	reused_existing	2026-05-29T22:23:00.586790+00:00	
102075-7598b6c787c9	7598b6c787c9b4569585cd4d7ba509b97aafe7b3bc921e48fda24c4a334fed98	102075.pdf	190866	OBI_LIBRARY_ROOT:Thematic/Burmese/Burma JBRS/1920/102075.pdf	OBI_LIBRARY_ROOT:Thematic/Burmese/Burma JBRS/1920/102075.pdf | OBI_LIBRARY_ROOT:Thematic/Burmese/Burma JBRS/JBRS Originals/102075.pdf	data/local/bibliography_sources/102075-7598b6c787c9/102075.pdf	1	1920 | JBRS Originals	pdf	medium	reused_existing	2026-05-29T22:23:00.586663+00:00	
102077-d23a4b358510	d23a4b358510e03f271c0b02981b643e4236ecf3b464f9888590014b1ef336e3	102077.pdf	110449	OBI_LIBRARY_ROOT:Thematic/Burmese/Burma JBRS/JBRS Originals/102077.pdf	OBI_LIBRARY_ROOT:Thematic/Burmese/Burma JBRS/1920/Collis-1920-Myaungmya.pdf | OBI_LIBRARY_ROOT:Thematic/Burmese/Burma JBRS/JBRS Originals/102077.pdf	data/local/bibliography_sources/102077-d23a4b358510/102077.pdf	1	1920 | JBRS Originals	pdf	medium	reused_existing	2026-05-29T22:23:00.586541+00:00	
102079-054596fbd560	054596fbd560c6e1019e7395dc05cdef5b12107cbe8f6abfc4365fb6108ba3ed	102079.pdf	197197	OBI_LIBRARY_ROOT:Thematic/Burmese/Burma JBRS/JBRS Originals/102079.pdf	OBI_LIBRARY_ROOT:Thematic/Burmese/Burma JBRS/1920/AlaungsithuNarapatisithu-Duroiselle1920.pdf | OBI_LIBRARY_ROOT:Thematic/Burmese/Burma JBRS/JBRS Originals/102079.pdf	data/local/bibliography_sources/102079-054596fbd560/102079.pdf	1	1920 | JBRS Originals	pdf	medium	reused_existing	2026-05-29T22:23:00.586412+00:00	
102081-e694a37d2303	e694a37d23032e26c4272b9f7b9d7917bdd6450f1af7b7086229524a7dd428f4	102081.pdf	70730	OBI_LIBRARY_ROOT:Thematic/Burmese/Burma JBRS/JBRS Originals/102081.pdf	OBI_LIBRARY_ROOT:Thematic/Burmese/Burma JBRS/1920/VajrabuddhiPaganYazawin-Duroiselle1920.pdf | OBI_LIBRARY_ROOT:Thematic/Burmese/Burma JBRS/JBRS Originals/102081.pdf	data/local/bibliography_sources/102081-e694a37d2303/102081.pdf	1	1920 | JBRS Originals	pdf	medium	reused_existing	2026-05-29T22:23:00.586275+00:00	
102082-ffc035238642	ffc03523864207c759cabb0560a8199f997398331009b91766bf570ef9d5d2cf	102082.pdf	90782	OBI_LIBRARY_ROOT:Thematic/Burmese/Burma JBRS/JBRS Originals/102082.pdf	OBI_LIBRARY_ROOT:Thematic/Burmese/Burma JBRS/JBRS Originals/102082.pdf	data/local/bibliography_sources/102082-ffc035238642/102082.pdf	0	JBRS Originals	pdf	medium	reused_existing	2026-05-29T22:23:00.586163+00:00	
103088-b644b0c7440f	b644b0c7440f96214fc988df0d0361cad63d01d9fc1683bc098c6e6ef7f86af9	103088.pdf	372167	OBI_LIBRARY_ROOT:Thematic/Burmese/Burma JBRS/JBRS Originals/103088.pdf	OBI_LIBRARY_ROOT:Thematic/Burmese/Burma JBRS/1920/BeyondMandalay-Enriquez1920.pdf | OBI_LIBRARY_ROOT:Thematic/Burmese/Burma JBRS/JBRS Originals/103088.pdf	data/local/bibliography_sources/103088-b644b0c7440f/103088.pdf	1	1920 | JBRS Originals	pdf	medium	reused_existing	2026-05-29T22:23:00.586049+00:00	
103093-5d57c0642dcf	5d57c0642dcfad8a9b09fd155a2919692c18f9829f4ae106d2ba641a498b7052	103093.pdf	756704	OBI_LIBRARY_ROOT:Thematic/Burmese/Burma JBRS/JBRS Originals/103093.pdf	OBI_LIBRARY_ROOT:Thematic/Burmese/Burma JBRS/1920/FolkloreLegends-Taylor1920.pdf | OBI_LIBRARY_ROOT:Thematic/Burmese/Burma JBRS/JBRS Originals/103093.pdf	data/local/bibliography_sources/103093-5d57c0642dcf/103093.pdf	1	1920 | JBRS Originals	pdf	medium	reused_existing	2026-05-29T22:23:00.585918+00:00	
103104-986a130a4918	986a130a4918fe2f167e5233bf9867c36edd139167ae2542cb723beaf4fe842e	103104.pdf	240170	OBI_LIBRARY_ROOT:Thematic/Burmese/Burma JBRS/JBRS Originals/103104.pdf	OBI_LIBRARY_ROOT:Thematic/Burmese/Burma JBRS/JBRS Originals/103104.pdf	data/local/bibliography_sources/103104-986a130a4918/103104.pdf	0	JBRS Originals	pdf	medium	reused_existing	2026-05-29T22:23:00.585794+00:00	
103107-e6eb19e2484f	e6eb19e2484fa8adac5266aa280c7a719bd26e15b8ce9048278fc09827986d74	103107.pdf	365758	OBI_LIBRARY_ROOT:Thematic/Burmese/Burma JBRS/JBRS Originals/103107.pdf	OBI_LIBRARY_ROOT:Thematic/Burmese/Burma JBRS/JBRS Originals/103107.pdf	data/local/bibliography_sources/103107-e6eb19e2484f/103107.pdf	0	JBRS Originals	pdf	medium	reused_existing	2026-05-29T22:23:00.585668+00:00	
103112-9676ec52bdb4	9676ec52bdb4ec008c84720af4a7cf5a836774040a499bfa2a228d8b9ea6fc48	103112.pdf	431438	OBI_LIBRARY_ROOT:Thematic/Burmese/Burma JBRS/JBRS Originals/103112.pdf	OBI_LIBRARY_ROOT:Thematic/Burmese/Burma JBRS/JBRS Originals/103112.pdf	data/local/bibliography_sources/103112-9676ec52bdb4/103112.pdf	0	JBRS Originals	pdf	medium	reused_existing	2026-05-29T22:23:00.585541+00:00	
103116-9201efd8430d	9201efd8430d315cbfc94a2fe5876fa75335395fd4125ceef256de642079adfb	103116.pdf	173468	OBI_LIBRARY_ROOT:Thematic/Burmese/Burma JBRS/JBRS Originals/103116.pdf	OBI_LIBRARY_ROOT:Thematic/Burmese/Burma JBRS/1920/Bayinnaung_SayaLun1920-inBurmese.pdf | OBI_LIBRARY_ROOT:Thematic/Burmese/Burma JBRS/JBRS Originals/103116.pdf	data/local/bibliography_sources/103116-9201efd8430d/103116.pdf	1	1920 | JBRS Originals	pdf	medium	reused_existing	2026-05-29T22:23:00.585420+00:00	
103119-d0848adb6ca3	d0848adb6ca39c7c9958b90b8b6a658cd2774c43e588e2670915771103a72eec	103119.pdf	51654	OBI_LIBRARY_ROOT:Thematic/Burmese/Burma JBRS/JBRS Originals/103119.pdf	OBI_LIBRARY_ROOT:Thematic/Burmese/Burma JBRS/1920/ThriceNamedCity-Chan1920.pdf | OBI_LIBRARY_ROOT:Thematic/Burmese/Burma JBRS/JBRS Originals/103119.pdf	data/local/bibliography_sources/103119-d0848adb6ca3/103119.pdf	1	1920 | JBRS Originals	pdf	medium	reused_existing	2026-05-29T22:23:00.585291+00:00	
103120-c0ca33f0f591	c0ca33f0f5918c729f1f85cbc162408a4768efc3dc682d0389993051f185459c	103120.pdf	1216354	OBI_LIBRARY_ROOT:Thematic/Burmese/Burma JBRS/JBRS Originals/103120.pdf	OBI_LIBRARY_ROOT:Thematic/Burmese/Burma JBRS/JBRS Originals/103120.pdf	data/local/bibliography_sources/103120-c0ca33f0f591/103120.pdf	0	JBRS Originals	pdf	medium	reused_existing	2026-05-29T22:23:00.585164+00:00	
103137-4942df9ef891	4942df9ef891fcd33409002bdf36ba768416da1e394b7fee3beb4a27a12daf0e	103137.pdf	1072367	OBI_LIBRARY_ROOT:Thematic/Burmese/Burma JBRS/JBRS Originals/103137.pdf	OBI_LIBRARY_ROOT:Thematic/Burmese/Burma JBRS/1920/Authors_BaThein1920-inBurmese.pdf | OBI_LIBRARY_ROOT:Thematic/Burmese/Burma JBRS/JBRS Originals/103137.pdf	data/local/bibliography_sources/103137-4942df9ef891/103137.pdf	1	1920 | JBRS Originals	pdf	medium	reused_existing	2026-05-29T22:23:00.585032+00:00	
103155-2f6dc2340fc8	2f6dc2340fc839d92f2bbc2f9968504dc422655d7cce037eca700447bcc2cc2f	103155.pdf	235683	OBI_LIBRARY_ROOT:Thematic/Burmese/Burma JBRS/JBRS Originals/103155.pdf	OBI_LIBRARY_ROOT:Thematic/Burmese/Burma JBRS/1920/MonasteriesOfPagan2_U_Mya1920.pdf | OBI_LIBRARY_ROOT:Thematic/Burmese/Burma JBRS/JBRS Originals/103155.pdf	data/local/bibliography_sources/103155-2f6dc2340fc8/103155.pdf	1	1920 | JBRS Originals	pdf	medium	reused_existing	2026-05-29T22:23:00.584905+00:00	
103158-f8313cbecb92	f8313cbecb924fc0126e89d111918539e464bdbf4ca3f1f73e9813d626dbb664	103158.pdf	153018	OBI_LIBRARY_ROOT:Thematic/Burmese/Burma JBRS/JBRS Originals/103158.pdf	OBI_LIBRARY_ROOT:Thematic/Burmese/Burma JBRS/JBRS Originals/103158.pdf	data/local/bibliography_sources/103158-f8313cbecb92/103158.pdf	0	JBRS Originals	pdf	medium	reused_existing	2026-05-29T22:23:00.584774+00:00	
103160-f63f60e477a8	f63f60e477a8a7cff58cafe75d6c2aed2e2a2534d035ab0a27c0a9214712d79f	103160.pdf	39561	OBI_LIBRARY_ROOT:Thematic/Burmese/Burma JBRS/JBRS Originals/103160.pdf	OBI_LIBRARY_ROOT:Thematic/Burmese/Burma JBRS/JBRS Originals/103160.pdf	data/local/bibliography_sources/103160-f63f60e477a8/103160.pdf	0	JBRS Originals	pdf	medium	reused_existing	2026-05-29T22:23:00.584647+00:00	
103160a-7e2f799ed8c5	7e2f799ed8c5c77c27a34b895ff4cc5e04e0abccaf77dd2e9800825822b0a0d9	103160A.pdf	28791	OBI_LIBRARY_ROOT:Thematic/Burmese/Burma JBRS/JBRS Originals/103160A.pdf	OBI_LIBRARY_ROOT:Thematic/Burmese/Burma JBRS/JBRS Originals/103160A.pdf	data/local/bibliography_sources/103160a-7e2f799ed8c5/103160A.pdf	0	JBRS Originals	pdf	medium	reused_existing	2026-05-29T22:23:00.584521+00:00	
103160b-7600f81ca27c	7600f81ca27c7232ec6e08681e4fc9caf331881effad36c3ce1d90980b2a4e64	103160B.pdf	69432	OBI_LIBRARY_ROOT:Thematic/Burmese/Burma JBRS/JBRS Originals/103160B.pdf	OBI_LIBRARY_ROOT:Thematic/Burmese/Burma JBRS/JBRS Originals/103160B.pdf	data/local/bibliography_sources/103160b-7600f81ca27c/103160B.pdf	0	JBRS Originals	pdf	medium	reused_existing	2026-05-29T22:23:00.584394+00:00	
103161-3155dc182173	3155dc182173d5b8de76f4bbc4914750f1a24291e75a9715aa7be457e8768ad4	103161.pdf	127212	OBI_LIBRARY_ROOT:Thematic/Burmese/Burma JBRS/JBRS Originals/103161.pdf	OBI_LIBRARY_ROOT:Thematic/Burmese/Burma JBRS/JBRS Originals/103161.pdf	data/local/bibliography_sources/103161-3155dc182173/103161.pdf	0	JBRS Originals	pdf	medium	reused_existing	2026-05-29T22:23:00.584258+00:00	
103163-2e37ac7b2a0e	2e37ac7b2a0eb4cad7f42607797f6c2f114702c1d3b16083a99682569c4c184d	103163.pdf	26661	OBI_LIBRARY_ROOT:Thematic/Burmese/Burma JBRS/1920/103163.pdf	OBI_LIBRARY_ROOT:Thematic/Burmese/Burma JBRS/1920/103163.pdf | OBI_LIBRARY_ROOT:Thematic/Burmese/Burma JBRS/JBRS Originals/103163.pdf	data/local/bibliography_sources/103163-2e37ac7b2a0e/103163.pdf	1	1920 | JBRS Originals	pdf	medium	reused_existing	2026-05-29T22:23:00.584142+00:00	
103163a-c614e0e3cdcc	c614e0e3cdccd817b610855d75c8c1dd87e8326ed0523a68e2b66890a494bef5	103163A.pdf	29286	OBI_LIBRARY_ROOT:Thematic/Burmese/Burma JBRS/JBRS Originals/103163A.pdf	OBI_LIBRARY_ROOT:Thematic/Burmese/Burma JBRS/JBRS Originals/103163A.pdf	data/local/bibliography_sources/103163a-c614e0e3cdcc/103163A.pdf	0	JBRS Originals	pdf	medium	reused_existing	2026-05-29T22:23:00.584022+00:00	
103163b-305263c395fa	305263c395faa3b1be37deb2504721658742bad85905cf4a4fcee9fc867dd10b	103163B.pdf	38314	OBI_LIBRARY_ROOT:Thematic/Burmese/Burma JBRS/JBRS Originals/103163B.pdf	OBI_LIBRARY_ROOT:Thematic/Burmese/Burma JBRS/JBRS Originals/103163B.pdf	data/local/bibliography_sources/103163b-305263c395fa/103163B.pdf	0	JBRS Originals	pdf	medium	reused_existing	2026-05-29T22:23:00.583909+00:00	
111001-76a537aced4b	76a537aced4b8573d943ff134021df0dd2ec3f7af012ffcf2e187f5b83282eb2	111001.pdf	258084	OBI_LIBRARY_ROOT:Thematic/Burmese/Burma JBRS/JBRS Originals/111001.pdf	OBI_LIBRARY_ROOT:Thematic/Burmese/Burma JBRS/1921/KyaukseIrrigation-Stewart1921.pdf | OBI_LIBRARY_ROOT:Thematic/Burmese/Burma JBRS/JBRS Originals/111001.pdf	data/local/bibliography_sources/111001-76a537aced4b/111001.pdf	1	1921 | JBRS Originals	pdf	medium	reused_existing	2026-05-29T22:23:00.583773+00:00	
111005-0f27f2d332d4	0f27f2d332d495915e3681458adc2afa413f9efb6e82cd3581e97c514439081f	111005.pdf	348942	OBI_LIBRARY_ROOT:Thematic/Burmese/Burma JBRS/1921/111005.pdf	OBI_LIBRARY_ROOT:Thematic/Burmese/Burma JBRS/1921/111005.pdf | OBI_LIBRARY_ROOT:Thematic/Burmese/Burma JBRS/JBRS Originals/111005.pdf	data/local/bibliography_sources/111005-0f27f2d332d4/111005.pdf	1	1921 | JBRS Originals	pdf	medium	reused_existing	2026-05-29T22:23:00.583642+00:00	
111010-bec56d838d30	bec56d838d30656b37899830a8256fedaaa4ef1608d3d8ae5100d7fe959668f7	111010.pdf	341543	OBI_LIBRARY_ROOT:Thematic/Burmese/Burma JBRS/JBRS Originals/111010.pdf	OBI_LIBRARY_ROOT:Thematic/Burmese/Burma JBRS/1921/Pagan-Enriquez1921.pdf | OBI_LIBRARY_ROOT:Thematic/Burmese/Burma JBRS/JBRS Originals/111010.pdf	data/local/bibliography_sources/111010-bec56d838d30/111010.pdf	1	1921 | JBRS Originals	pdf	medium	reused_existing	2026-05-29T22:23:00.583515+00:00	
111015-3f35a4036cbf	3f35a4036cbf4ee5b122f6c0f728944091921650fd4d73307cde867da219ddf2	111015.pdf	288508	OBI_LIBRARY_ROOT:Thematic/Burmese/Burma JBRS/JBRS Originals/111015.pdf	OBI_LIBRARY_ROOT:Thematic/Burmese/Burma JBRS/1921/MaymyoGardens-Cuffe1921.pdf | OBI_LIBRARY_ROOT:Thematic/Burmese/Burma JBRS/JBRS Originals/111015.pdf	data/local/bibliography_sources/111015-3f35a4036cbf/111015.pdf	1	1921 | JBRS Originals	pdf	medium	reused_existing	2026-05-29T22:23:00.583384+00:00	
111019-e4ab09d4ab4c	e4ab09d4ab4cd46db8dfa92f145c3a97d6d35c8d7b5f742b6759f02d8972306f	111019.pdf	619019	OBI_LIBRARY_ROOT:Thematic/Burmese/Burma JBRS/1921/111019.pdf	OBI_LIBRARY_ROOT:Thematic/Burmese/Burma JBRS/1921/111019.pdf | OBI_LIBRARY_ROOT:Thematic/Burmese/Burma JBRS/JBRS Originals/111019.pdf	data/local/bibliography_sources/111019-e4ab09d4ab4c/111019.pdf	1	1921 | JBRS Originals	pdf	medium	reused_existing	2026-05-29T22:23:00.583264+00:00	
111029-f93adf2c3a6c	f93adf2c3a6cb13cb43ef71f09097a96fa01061569b3b9a6aef89bcf14a34db5	111029.pdf	1837371	OBI_LIBRARY_ROOT:Thematic/Burmese/Burma JBRS/JBRS Originals/111029.pdf	OBI_LIBRARY_ROOT:Thematic/Burmese/Burma JBRS/1921/ChroniclleTagaung_PeMaungTinLuce1921.pdf | OBI_LIBRARY_ROOT:Thematic/Burmese/Burma JBRS/JBRS Originals/111029.pdf	data/local/bibliography_sources/111029-f93adf2c3a6c/111029.pdf	1	1921 | JBRS Originals	pdf	medium	reused_existing	2026-05-29T22:23:00.583145+00:00	
111055-312245ed1803	312245ed18039d8fcec9d46b9fa4e4ad6a3f06b9f1ff9e49050faf4c1f42aa24	111055.pdf	62724	OBI_LIBRARY_ROOT:Thematic/Burmese/Burma JBRS/1921/111055.pdf	OBI_LIBRARY_ROOT:Thematic/Burmese/Burma JBRS/1921/111055.pdf | OBI_LIBRARY_ROOT:Thematic/Burmese/Burma JBRS/JBRS Originals/111055.pdf	data/local/bibliography_sources/111055-312245ed1803/111055.pdf	1	1921 | JBRS Originals	pdf	medium	reused_existing	2026-05-29T22:23:00.583024+00:00	
111057-c6b80b55a07f	c6b80b55a07fcb909e2e339cd751b2870292c87e6afde3d96b3b4362256924d4	111057.pdf	197136	OBI_LIBRARY_ROOT:Thematic/Burmese/Burma JBRS/1921/111057.pdf	OBI_LIBRARY_ROOT:Thematic/Burmese/Burma JBRS/1921/111057.pdf | OBI_LIBRARY_ROOT:Thematic/Burmese/Burma JBRS/JBRS Originals/111057.pdf	data/local/bibliography_sources/111057-c6b80b55a07f/111057.pdf	1	1921 | JBRS Originals	pdf	medium	reused_existing	2026-05-29T22:23:00.582910+00:00	
111060-0c2c79c0b2cd	0c2c79c0b2cda1229dbfe537fab88c8679fce899363ac4e391d221125b0bf83f	111060.pdf	136593	OBI_LIBRARY_ROOT:Thematic/Burmese/Burma JBRS/1921/111060.pdf	OBI_LIBRARY_ROOT:Thematic/Burmese/Burma JBRS/1921/111060.pdf | OBI_LIBRARY_ROOT:Thematic/Burmese/Burma JBRS/JBRS Originals/111060.pdf	data/local/bibliography_sources/111060-0c2c79c0b2cd/111060.pdf	1	1921 | JBRS Originals	pdf	medium	reused_existing	2026-05-29T22:23:00.582779+00:00	
112062-387dde8678f6	387dde8678f61b9cf86db163cdd5e54913d239631b5423f0add781c8c93c7dcc	112062.pdf	237314	OBI_LIBRARY_ROOT:Thematic/Burmese/Burma JBRS/JBRS Originals/112062.pdf	OBI_LIBRARY_ROOT:Thematic/Burmese/Burma JBRS/1921/ShweZetDaw-Enriquez1921.pdf | OBI_LIBRARY_ROOT:Thematic/Burmese/Burma JBRS/JBRS Originals/112062.pdf	data/local/bibliography_sources/112062-387dde8678f6/112062.pdf	1	1921 | JBRS Originals	pdf	medium	reused_existing	2026-05-29T22:23:00.582658+00:00	
112066-42fb2b202614	42fb2b202614f02bd943f3b8693173cfc1bae2e107c4571f49c3b4167c1265a8	112066.pdf	275832	OBI_LIBRARY_ROOT:Thematic/Burmese/Burma JBRS/JBRS Originals/112066.pdf	OBI_LIBRARY_ROOT:Thematic/Burmese/Burma JBRS/1921/SanShwBu1922-AryanSettlementArakan.pdf | OBI_LIBRARY_ROOT:Thematic/Burmese/Burma JBRS/JBRS Originals/112066.pdf	data/local/bibliography_sources/112066-42fb2b202614/112066.pdf	1	1921 | JBRS Originals	pdf	medium	reused_existing	2026-05-29T22:23:00.582541+00:00	
112070-f4a5fabc1d1d	f4a5fabc1d1d8d85685c58cf46c89491322336a9fbba4c167603985aaecf992f	112070.pdf	283802	OBI_LIBRARY_ROOT:Thematic/Burmese/Burma JBRS/JBRS Originals/112070.pdf	OBI_LIBRARY_ROOT:Thematic/Burmese/Burma JBRS/1921/Lisu-Enriquez1921.pdf | OBI_LIBRARY_ROOT:Thematic/Burmese/Burma JBRS/JBRS Originals/112070.pdf	data/local/bibliography_sources/112070-f4a5fabc1d1d/112070.pdf	1	1921 | JBRS Originals	pdf	medium	reused_existing	2026-05-29T22:23:00.582415+00:00	
112075-7d5cbd242813	7d5cbd2428133008edc88eb4fe036492ffe6b5677dfd9b3545e4331f3f8bb660	112075.pdf	973294	OBI_LIBRARY_ROOT:Thematic/Burmese/Burma JBRS/JBRS Originals/112075.pdf	OBI_LIBRARY_ROOT:Thematic/Burmese/Burma JBRS/1921/HistoryLowerBurma-MgMg1921.pdf | OBI_LIBRARY_ROOT:Thematic/Burmese/Burma JBRS/JBRS Originals/112075.pdf	data/local/bibliography_sources/112075-7d5cbd242813/112075.pdf	1	1921 | JBRS Originals	pdf	medium	reused_existing	2026-05-29T22:23:00.582289+00:00	
112089-723cad79b0ec	723cad79b0ec0d72448b9d424ebab7e6f45c53482e3d003a4960b3d6fab337e5	112089.pdf	586437	OBI_LIBRARY_ROOT:Thematic/Burmese/Burma JBRS/JBRS Originals/112089.pdf	OBI_LIBRARY_ROOT:Thematic/Burmese/Burma JBRS/1921/DialectsBurmese-Taylor1921.pdf | OBI_LIBRARY_ROOT:Thematic/Burmese/Burma JBRS/JBRS Originals/112089.pdf	data/local/bibliography_sources/112089-723cad79b0ec/112089.pdf	1	1921 | JBRS Originals	pdf	medium	reused_existing	2026-05-29T22:23:00.582166+00:00	
112098-5b289b1c35a2	5b289b1c35a2e0921bbc40ae5f7a75bc1f6a0e362ef591201e588e4883e0cba7	112098.pdf	531037	OBI_LIBRARY_ROOT:Thematic/Burmese/Burma JBRS/1921/112098.pdf	OBI_LIBRARY_ROOT:Thematic/Burmese/Burma JBRS/1921/112098.pdf | OBI_LIBRARY_ROOT:Thematic/Burmese/Burma JBRS/JBRS Originals/112098.pdf	data/local/bibliography_sources/112098-5b289b1c35a2/112098.pdf	1	1921 | JBRS Originals	pdf	medium	reused_existing	2026-05-29T22:23:00.582049+00:00	
113113-4682cff48cb0	4682cff48cb0911793ce9cf1af22cf36db24edfeb0571e2fd5150c0978baa050	113113.pdf	360386	OBI_LIBRARY_ROOT:Thematic/Burmese/Burma JBRS/1921/113113.pdf	OBI_LIBRARY_ROOT:Thematic/Burmese/Burma JBRS/1921/113113.pdf | OBI_LIBRARY_ROOT:Thematic/Burmese/Burma JBRS/JBRS Originals/113113.pdf	data/local/bibliography_sources/113113-4682cff48cb0/113113.pdf	1	1921 | JBRS Originals	pdf	medium	reused_existing	2026-05-29T22:23:00.581938+00:00	
113119-280ea4bc06eb	280ea4bc06eb4b5f99aa4da9dc4521b9492918a247b2c91c1891c619a8160f15	113119.pdf	233633	OBI_LIBRARY_ROOT:Thematic/Burmese/Burma JBRS/1921/113119.pdf	OBI_LIBRARY_ROOT:Thematic/Burmese/Burma JBRS/1921/113119.pdf | OBI_LIBRARY_ROOT:Thematic/Burmese/Burma JBRS/JBRS Originals/113119.pdf	data/local/bibliography_sources/113119-280ea4bc06eb/113119.pdf	1	1921 | JBRS Originals	pdf	medium	reused_existing	2026-05-29T22:23:00.581820+00:00	
113123-0208ee213780	0208ee213780407b1139f046ad4875fa006c3549d1b861dc1287a60d8838f9ef	113123.pdf	2416820	OBI_LIBRARY_ROOT:Thematic/Burmese/Burma JBRS/1921/113123.pdf	OBI_LIBRARY_ROOT:Thematic/Burmese/Burma JBRS/1921/113123.pdf | OBI_LIBRARY_ROOT:Thematic/Burmese/Burma JBRS/JBRS Originals/113123.pdf	data/local/bibliography_sources/113123-0208ee213780/113123.pdf	1	1921 | JBRS Originals	pdf	medium	reused_existing	2026-05-29T22:23:00.581702+00:00	
113153-b5563bf9d546	b5563bf9d5460d251f7b6cb3e31324e6761253b98ca71c330a77e092f0e4ae90	113153.pdf	331152	OBI_LIBRARY_ROOT:Thematic/Burmese/Burma JBRS/JBRS Originals/113153.pdf	OBI_LIBRARY_ROOT:Thematic/Burmese/Burma JBRS/1921/SanShweBu1921-FolkTalesArakan.pdf | OBI_LIBRARY_ROOT:Thematic/Burmese/Burma JBRS/JBRS Originals/113153.pdf	data/local/bibliography_sources/113153-b5563bf9d546/113153.pdf	1	1921 | JBRS Originals	pdf	medium	reused_existing	2026-05-29T22:23:00.581586+00:00	
113158-ceb624fafd12	ceb624fafd12c38028aefc8e5545fa0136dd62a82ed9f89b6c1fe24ba7726741	113158.pdf	322421	OBI_LIBRARY_ROOT:Thematic/Burmese/Burma JBRS/JBRS Originals/113158.pdf	OBI_LIBRARY_ROOT:Thematic/Burmese/Burma JBRS/1921/Enqiquez1921-Bandula.pdf | OBI_LIBRARY_ROOT:Thematic/Burmese/Burma JBRS/JBRS Originals/113158.pdf	data/local/bibliography_sources/113158-ceb624fafd12/113158.pdf	1	1921 | JBRS Originals	pdf	medium	reused_existing	2026-05-29T22:23:00.581453+00:00	
113163-e0f5ee5db6f4	e0f5ee5db6f41745b76777d579392c3a7ad3f5bca418a3ace2c622c01da17c0c	113163.pdf	438907	OBI_LIBRARY_ROOT:Thematic/Burmese/Burma JBRS/JBRS Originals/113163.pdf	OBI_LIBRARY_ROOT:Thematic/Burmese/Burma JBRS/1921/RamblesMraukU-Sanbaw1921.pdf | OBI_LIBRARY_ROOT:Thematic/Burmese/Burma JBRS/JBRS Originals/113163.pdf	data/local/bibliography_sources/113163-e0f5ee5db6f4/113163.pdf	1	1921 | JBRS Originals	pdf	medium	reused_existing	2026-05-29T22:23:00.581332+00:00	
119235954-cf3fb8c83f9b	cf3fb8c83f9b5fe408992a1f0f407f2e758d9a3c86a351f3b68cf72637211a1e	119235954-ရ_ဇက_မ_ရ_က__က_စ_.pdf	232470	OBI_LIBRARY_ROOT:Thematic/Burmese/DownloadsFromBurmeseInscriptionsFacebookGroup/119235954-ရ_ဇက_မ_ရ_က__က_စ_.pdf	OBI_LIBRARY_ROOT:Thematic/Burmese/DownloadsFromBurmeseInscriptionsFacebookGroup/119235954-ရ_ဇက_မ_ရ_က__က_စ_.pdf	data/local/bibliography_sources/119235954-cf3fb8c83f9b/119235954-ရ_ဇက_မ_ရ_က__က_စ_.pdf	0	DownloadsFromBurmeseInscriptionsFacebookGroup	pdf	medium	reused_existing	2026-05-29T22:23:00.581196+00:00	
121001-cc812ff2068d	cc812ff2068d4e09c737043e88f12f2a51af8a60c3ea7a5091805952c4156604	121001.pdf	906240	OBI_LIBRARY_ROOT:Thematic/Burmese/Burma JBRS/1922/121001.pdf	OBI_LIBRARY_ROOT:Thematic/Burmese/Burma JBRS/1922/121001.pdf | OBI_LIBRARY_ROOT:Thematic/Burmese/Burma JBRS/1922/EthnologicalResearch-Taylor1922.pdf | OBI_LIBRARY_ROOT:Thematic/Burmese/Burma JBRS/JBRS Originals/121001.pdf	data/local/bibliography_sources/121001-cc812ff2068d/121001.pdf	2	1922 | JBRS Originals	pdf	medium	reused_existing	2026-05-29T22:23:00.581069+00:00	
121014-4a903c1edd5b	4a903c1edd5b7d3e32a5ce0f066db1a96145b749dd496c27743c53a20ae6b965	121014.pdf	493544	OBI_LIBRARY_ROOT:Thematic/Burmese/Burma JBRS/1922/121014.pdf	OBI_LIBRARY_ROOT:Thematic/Burmese/Burma JBRS/1922/121014.pdf | OBI_LIBRARY_ROOT:Thematic/Burmese/Burma JBRS/JBRS Originals/121014.pdf	data/local/bibliography_sources/121014-4a903c1edd5b/121014.pdf	1	1922 | JBRS Originals	pdf	medium	reused_existing	2026-05-29T22:23:00.580949+00:00	
121021-fc22656c1127	fc22656c1127b0b4460a0e1be92ce775c2e0e8eae6a2f05f7373fe939c8ba524	121021.pdf	183385	OBI_LIBRARY_ROOT:Thematic/Burmese/Burma JBRS/1922/121021.pdf	OBI_LIBRARY_ROOT:Thematic/Burmese/Burma JBRS/1922/121021.pdf | OBI_LIBRARY_ROOT:Thematic/Burmese/Burma JBRS/JBRS Originals/121021.pdf	data/local/bibliography_sources/121021-fc22656c1127/121021.pdf	1	1922 | JBRS Originals	pdf	medium	reused_existing	2026-05-29T22:23:00.580802+00:00	
121024-e763d201cdba	e763d201cdba0b4828a71e704342d5c5032d64f8e63b8e1f49885c2d86c4603f	121024.pdf	718980	OBI_LIBRARY_ROOT:Thematic/Burmese/Burma JBRS/1922/121024.pdf	OBI_LIBRARY_ROOT:Thematic/Burmese/Burma JBRS/1922/121024.pdf | OBI_LIBRARY_ROOT:Thematic/Burmese/Burma JBRS/1922/ChroniclesMergui_Furnivall1922.pdf | OBI_LIBRARY_ROOT:Thematic/Burmese/Burma JBRS/JBRS Originals/121024.pdf	data/local/bibliography_sources/121024-e763d201cdba/121024.pdf	2	1922 | JBRS Originals	pdf	medium	reused_existing	2026-05-29T22:23:00.580677+00:00	
121034-b761cf3f22f3	b761cf3f22f375ffc902f081193560b73fa89dcb4338458648873b0890a24d56	121034.pdf	60976	OBI_LIBRARY_ROOT:Thematic/Burmese/Burma JBRS/1922/121034.pdf	OBI_LIBRARY_ROOT:Thematic/Burmese/Burma JBRS/1922/121034.pdf | OBI_LIBRARY_ROOT:Thematic/Burmese/Burma JBRS/1922/Letwethondara_BaHan1922.pdf | OBI_LIBRARY_ROOT:Thematic/Burmese/Burma JBRS/JBRS Originals/121034.pdf	data/local/bibliography_sources/121034-b761cf3f22f3/121034.pdf	2	1922 | JBRS Originals	pdf	medium	reused_existing	2026-05-29T22:23:00.580549+00:00	
121035-6b380ba80269	6b380ba80269511b98666e786c260e3e74a67c866bf6d73f7d60d63d13e45c49	121035.pdf	213806	OBI_LIBRARY_ROOT:Thematic/Burmese/Burma JBRS/1922/121035.pdf	OBI_LIBRARY_ROOT:Thematic/Burmese/Burma JBRS/1922/121035.pdf | OBI_LIBRARY_ROOT:Thematic/Burmese/Burma JBRS/JBRS Originals/121035.pdf	data/local/bibliography_sources/121035-6b380ba80269/121035.pdf	1	1922 | JBRS Originals	pdf	medium	reused_existing	2026-05-29T22:23:00.580430+00:00	
121039-21548f2d8f9e	21548f2d8f9ee8a97911cfcd372b2953c7281e2acb1ae973da8292ee69429ea7	121039.pdf	477559	OBI_LIBRARY_ROOT:Thematic/Burmese/Burma JBRS/1922/121039.pdf	OBI_LIBRARY_ROOT:Thematic/Burmese/Burma JBRS/1922/121039.pdf | OBI_LIBRARY_ROOT:Thematic/Burmese/Burma JBRS/1922/CambodianInvasion_Luce1922.pdf | OBI_LIBRARY_ROOT:Thematic/Burmese/Burma JBRS/JBRS Originals/121039.pdf	data/local/bibliography_sources/121039-21548f2d8f9e/121039.pdf	2	1922 | JBRS Originals	pdf	medium	reused_existing	2026-05-29T22:23:00.580303+00:00	
121046-05c291398533	05c291398533f6ef40969b0433661058f86194aaba2c81f6a9ff75d3e8c511cc	121046.pdf	270009	OBI_LIBRARY_ROOT:Thematic/Burmese/Burma JBRS/1922/121046.pdf	OBI_LIBRARY_ROOT:Thematic/Burmese/Burma JBRS/1922/121046.pdf | OBI_LIBRARY_ROOT:Thematic/Burmese/Burma JBRS/JBRS Originals/121046.pdf	data/local/bibliography_sources/121046-05c291398533/121046.pdf	1	1922 | JBRS Originals	pdf	medium	reused_existing	2026-05-29T22:23:00.580186+00:00	
121050-0d3dc2980898	0d3dc29808980dd62e47ee2da76c087574b9b0ca4eec9327c56539587629c277	121050.pdf	321741	OBI_LIBRARY_ROOT:Thematic/Burmese/Burma JBRS/1922/121050.pdf	OBI_LIBRARY_ROOT:Thematic/Burmese/Burma JBRS/1922/121050.pdf | OBI_LIBRARY_ROOT:Thematic/Burmese/Burma JBRS/1922/Kadus-Taylor1922.pdf | OBI_LIBRARY_ROOT:Thematic/Burmese/Burma JBRS/JBRS Originals/121050.pdf	data/local/bibliography_sources/121050-0d3dc2980898/121050.pdf	2	1922 | JBRS Originals	pdf	medium	reused_existing	2026-05-29T22:23:00.580068+00:00	
121055-3ca391fd7884	3ca391fd7884bdfc6b381aed0d9aef84a2d00254a88e5f4291a344f5a9edebd2	121055.pdf	161375	OBI_LIBRARY_ROOT:Thematic/Burmese/Burma JBRS/1922/121055.pdf	OBI_LIBRARY_ROOT:Thematic/Burmese/Burma JBRS/1922/121055.pdf | OBI_LIBRARY_ROOT:Thematic/Burmese/Burma JBRS/JBRS Originals/121055.pdf	data/local/bibliography_sources/121055-3ca391fd7884/121055.pdf	1	1922 | JBRS Originals	pdf	medium	reused_existing	2026-05-29T22:23:00.579942+00:00	
121057-73b183acf19e	73b183acf19e449954d548a64098545147feb61d577c4fdb24fb72274d3c6380	121057.pdf	62843	OBI_LIBRARY_ROOT:Thematic/Burmese/Burma JBRS/1922/121057.pdf	OBI_LIBRARY_ROOT:Thematic/Burmese/Burma JBRS/1922/121057.pdf | OBI_LIBRARY_ROOT:Thematic/Burmese/Burma JBRS/JBRS Originals/121057.pdf	data/local/bibliography_sources/121057-73b183acf19e/121057.pdf	1	1922 | JBRS Originals	pdf	medium	reused_existing	2026-05-29T22:23:00.579825+00:00	
121058-3474a974db6b	3474a974db6b5098763653b118fcd42e36c297fb0e980c65fe9f53f716f93ccf	121058.pdf	211421	OBI_LIBRARY_ROOT:Thematic/Burmese/Burma JBRS/1922/121058.pdf	OBI_LIBRARY_ROOT:Thematic/Burmese/Burma JBRS/1922/121058.pdf | OBI_LIBRARY_ROOT:Thematic/Burmese/Burma JBRS/JBRS Originals/121058.pdf	data/local/bibliography_sources/121058-3474a974db6b/121058.pdf	1	1922 | JBRS Originals	pdf	medium	reused_existing	2026-05-29T22:23:00.579684+00:00	
121061-932e6ffb8877	932e6ffb8877424b17517dcc1fcd2ba2e06d944cd8c1734c31e6056f6035c8f4	121061.pdf	68213	OBI_LIBRARY_ROOT:Thematic/Burmese/Burma JBRS/1922/121061.pdf	OBI_LIBRARY_ROOT:Thematic/Burmese/Burma JBRS/1922/121061.pdf | OBI_LIBRARY_ROOT:Thematic/Burmese/Burma JBRS/JBRS Originals/121061.pdf	data/local/bibliography_sources/121061-932e6ffb8877/121061.pdf	1	1922 | JBRS Originals	pdf	medium	reused_existing	2026-05-29T22:23:00.579570+00:00	
121062-1f746cab1507	1f746cab150771ebdd8d0c0f9e8f0ee76a61b552de3d69c72c8572e767ebfe69	121062.pdf	174939	OBI_LIBRARY_ROOT:Thematic/Burmese/Burma JBRS/1922/121062.pdf	OBI_LIBRARY_ROOT:Thematic/Burmese/Burma JBRS/1922/121062.pdf | OBI_LIBRARY_ROOT:Thematic/Burmese/Burma JBRS/JBRS Originals/121062.pdf	data/local/bibliography_sources/121062-1f746cab1507/121062.pdf	1	1922 | JBRS Originals	pdf	medium	reused_existing	2026-05-29T22:23:00.579455+00:00	
121064-7527383b661c	7527383b661c3fc260ac7f060a40a071e2578dfd1d0ab2ff6f611ccd6386a1c6	121064.pdf	49376	OBI_LIBRARY_ROOT:Thematic/Burmese/Burma JBRS/1922/121064.pdf	OBI_LIBRARY_ROOT:Thematic/Burmese/Burma JBRS/1922/121064.pdf | OBI_LIBRARY_ROOT:Thematic/Burmese/Burma JBRS/JBRS Originals/121064.pdf	data/local/bibliography_sources/121064-7527383b661c/121064.pdf	1	1922 | JBRS Originals	pdf	medium	reused_existing	2026-05-29T22:23:00.579330+00:00	
121065-64ef499e03f2	64ef499e03f296730e601dff7ebc49360755e6802d48be1035cdf245c74bd175	121065.pdf	18345	OBI_LIBRARY_ROOT:Thematic/Burmese/Burma JBRS/1922/121065.pdf	OBI_LIBRARY_ROOT:Thematic/Burmese/Burma JBRS/1922/121065.pdf | OBI_LIBRARY_ROOT:Thematic/Burmese/Burma JBRS/JBRS Originals/121065.pdf	data/local/bibliography_sources/121065-64ef499e03f2/121065.pdf	1	1922 | JBRS Originals	pdf	medium	reused_existing	2026-05-29T22:23:00.579216+00:00	
121065a-c4a59ceda97b	c4a59ceda97b12d8453890290fa28b4bb892253102cb62a882d7f2a9a62f9b51	121065A.pdf	26268	OBI_LIBRARY_ROOT:Thematic/Burmese/Burma JBRS/1922/121065A.pdf	OBI_LIBRARY_ROOT:Thematic/Burmese/Burma JBRS/1922/121065A.pdf | OBI_LIBRARY_ROOT:Thematic/Burmese/Burma JBRS/JBRS Originals/121065A.pdf	data/local/bibliography_sources/121065a-c4a59ceda97b/121065A.pdf	1	1922 | JBRS Originals	pdf	medium	reused_existing	2026-05-29T22:23:00.579103+00:00	
122069-2eb7ec8c78a1	2eb7ec8c78a104077b5cce498bd40366f8e89d4c9c137c198e3c6fa91231ec63	122069.pdf	755629	OBI_LIBRARY_ROOT:Thematic/Burmese/Burma JBRS/1922/122069.pdf	OBI_LIBRARY_ROOT:Thematic/Burmese/Burma JBRS/1922/122069.pdf | OBI_LIBRARY_ROOT:Thematic/Burmese/Burma JBRS/1922/MonsSiam-Halliday1922.pdf | OBI_LIBRARY_ROOT:Thematic/Burmese/Burma JBRS/JBRS Originals/122069.pdf	data/local/bibliography_sources/122069-2eb7ec8c78a1/122069.pdf	2	1922 | JBRS Originals	pdf	medium	reused_existing	2026-05-29T22:23:00.578985+00:00	
122080-6f415a24de22	6f415a24de22a69b58123d7403ef0d466953fce242ff41d9135a77f404389978	122080.pdf	783864	OBI_LIBRARY_ROOT:Thematic/Burmese/Burma JBRS/1922/122080.pdf	OBI_LIBRARY_ROOT:Thematic/Burmese/Burma JBRS/1922/122080.pdf | OBI_LIBRARY_ROOT:Thematic/Burmese/Burma JBRS/JBRS Originals/122080.pdf	data/local/bibliography_sources/122080-6f415a24de22/122080.pdf	1	1922 | JBRS Originals	pdf	medium	reused_existing	2026-05-29T22:23:00.578873+00:00	
122096-c592eba7834d	c592eba7834de10412b77545bc40073baf2e086b16e655513660677ba0cdbb1e	122096.pdf	390785	OBI_LIBRARY_ROOT:Thematic/Burmese/Burma JBRS/1922/122096.pdf	OBI_LIBRARY_ROOT:Thematic/Burmese/Burma JBRS/1922/122096.pdf | OBI_LIBRARY_ROOT:Thematic/Burmese/Burma JBRS/JBRS Originals/122096.pdf	data/local/bibliography_sources/122096-c592eba7834d/122096.pdf	1	1922 | JBRS Originals	pdf	medium	reused_existing	2026-05-29T22:23:00.578760+00:00	
122102-58a5e7e74ceb	58a5e7e74cebd8f5a0a2106fe06c9cdd7a44670923f75f00f98488d3e0087100	122102.pdf	346483	OBI_LIBRARY_ROOT:Thematic/Burmese/Burma JBRS/1922/122102.pdf	OBI_LIBRARY_ROOT:Thematic/Burmese/Burma JBRS/1922/122102.pdf | OBI_LIBRARY_ROOT:Thematic/Burmese/Burma JBRS/JBRS Originals/122102.pdf	data/local/bibliography_sources/122102-58a5e7e74ceb/122102.pdf	1	1922 | JBRS Originals	pdf	medium	reused_existing	2026-05-29T22:23:00.578642+00:00	
122107-75091d2174c8	75091d2174c8e5393f0d9ff2e1748d23608b3669dc3c01981b12901a624da71f	122107.pdf	720929	OBI_LIBRARY_ROOT:Thematic/Burmese/Burma JBRS/1922/122107.pdf	OBI_LIBRARY_ROOT:Thematic/Burmese/Burma JBRS/1922/122107.pdf | OBI_LIBRARY_ROOT:Thematic/Burmese/Burma JBRS/1922/ShahShuja-Harvey1922.pdf | OBI_LIBRARY_ROOT:Thematic/Burmese/Burma JBRS/JBRS Originals/122107.pdf	data/local/bibliography_sources/122107-75091d2174c8/122107.pdf	2	1922 | JBRS Originals	pdf	medium	reused_existing	2026-05-29T22:23:00.578525+00:00	
122133-c408612efdd9	c408612efdd9ee6243f0b6319cd4009eb63175e23d9e52e9892ede49de266bc8	122133.pdf	531910	OBI_LIBRARY_ROOT:Thematic/Burmese/Burma JBRS/1922/122133.pdf	OBI_LIBRARY_ROOT:Thematic/Burmese/Burma JBRS/1922/122133.pdf | OBI_LIBRARY_ROOT:Thematic/Burmese/Burma JBRS/JBRS Originals/122133.pdf	data/local/bibliography_sources/122133-c408612efdd9/122133.pdf	1	1922 | JBRS Originals	pdf	medium	reused_existing	2026-05-29T22:23:00.578403+00:00	
122140-71c980c8c267	71c980c8c2672e5ed18e1c442ca15d60d7fdeeedaca86548bb03032d57a738fb	122140.pdf	328184	OBI_LIBRARY_ROOT:Thematic/Burmese/Burma JBRS/1922/122140.pdf	OBI_LIBRARY_ROOT:Thematic/Burmese/Burma JBRS/1922/122140.pdf | OBI_LIBRARY_ROOT:Thematic/Burmese/Burma JBRS/JBRS Originals/122140.pdf	data/local/bibliography_sources/122140-71c980c8c267/122140.pdf	1	1922 | JBRS Originals	pdf	medium	reused_existing	2026-05-29T22:23:00.578280+00:00	
123145-ad2aa01214da	ad2aa01214dae243fac1456e6c2cb52dff7325973078507be875c7b21b6b09c6	123145.pdf	79423	OBI_LIBRARY_ROOT:Thematic/Burmese/Burma JBRS/1922/123145.pdf	OBI_LIBRARY_ROOT:Thematic/Burmese/Burma JBRS/1922/123145.pdf | OBI_LIBRARY_ROOT:Thematic/Burmese/Burma JBRS/JBRS Originals/123145.pdf	data/local/bibliography_sources/123145-ad2aa01214da/123145.pdf	1	1922 | JBRS Originals	pdf	medium	reused_existing	2026-05-29T22:23:00.578144+00:00	
123146-c8e109681c06	c8e109681c06110f75b9a175c357b1b8b31e27842bc2f99c321d8c265ad2f004	123146.pdf	183195	OBI_LIBRARY_ROOT:Thematic/Burmese/Burma JBRS/1922/123146.pdf	OBI_LIBRARY_ROOT:Thematic/Burmese/Burma JBRS/1922/123146.pdf | OBI_LIBRARY_ROOT:Thematic/Burmese/Burma JBRS/1922/Hanson1922-Bhamo50YearsAgo.pdf | OBI_LIBRARY_ROOT:Thematic/Burmese/Burma JBRS/JBRS Originals/123146.pdf	data/local/bibliography_sources/123146-c8e109681c06/123146.pdf	2	1922 | JBRS Originals	pdf	medium	reused_existing	2026-05-29T22:23:00.578018+00:00	
123149-e989e437a0ba	e989e437a0ba1d259ac6e2f72e08d6ed0f09fabc1dcb471951bbeb164325407d	123149.pdf	183435	OBI_LIBRARY_ROOT:Thematic/Burmese/Burma JBRS/1922/123149.pdf	OBI_LIBRARY_ROOT:Thematic/Burmese/Burma JBRS/1922/123149.pdf | OBI_LIBRARY_ROOT:Thematic/Burmese/Burma JBRS/1922/HermitSiren_AungThan.pdf | OBI_LIBRARY_ROOT:Thematic/Burmese/Burma JBRS/JBRS Originals/123149.pdf	data/local/bibliography_sources/123149-e989e437a0ba/123149.pdf	2	1922 | JBRS Originals	pdf	medium	reused_existing	2026-05-29T22:23:00.577903+00:00	
123152-c19453dbb4a0	c19453dbb4a0b924355637e65415534383b35d667a7bb8b45e26fe8f8f804b6f	123152.pdf	68463	OBI_LIBRARY_ROOT:Thematic/Burmese/Burma JBRS/1922/123152.pdf	OBI_LIBRARY_ROOT:Thematic/Burmese/Burma JBRS/1922/123152.pdf | OBI_LIBRARY_ROOT:Thematic/Burmese/Burma JBRS/JBRS Originals/123152.pdf	data/local/bibliography_sources/123152-c19453dbb4a0/123152.pdf	1	1922 | JBRS Originals	pdf	medium	reused_existing	2026-05-29T22:23:00.577784+00:00	
123153-4ad224a62139	4ad224a62139b25f659947b06816446c889ce416614b0e095678153d70d164fe	123153.pdf	129246	OBI_LIBRARY_ROOT:Thematic/Burmese/Burma JBRS/1922/123153.pdf	OBI_LIBRARY_ROOT:Thematic/Burmese/Burma JBRS/1922/123153.pdf | OBI_LIBRARY_ROOT:Thematic/Burmese/Burma JBRS/JBRS Originals/123153.pdf	data/local/bibliography_sources/123153-4ad224a62139/123153.pdf	1	1922 | JBRS Originals	pdf	medium	reused_existing	2026-05-29T22:23:00.577663+00:00	
123155-817213fff53f	817213fff53faf67466dc5224f969eb52361d128624db4beb7c75c420467ff93	123155.pdf	92657	OBI_LIBRARY_ROOT:Thematic/Burmese/Burma JBRS/1922/123155.pdf	OBI_LIBRARY_ROOT:Thematic/Burmese/Burma JBRS/1922/123155.pdf | OBI_LIBRARY_ROOT:Thematic/Burmese/Burma JBRS/JBRS Originals/123155.pdf	data/local/bibliography_sources/123155-817213fff53f/123155.pdf	1	1922 | JBRS Originals	pdf	medium	reused_existing	2026-05-29T22:23:00.577542+00:00	
123156-9e6d0da3654f	9e6d0da3654f5aa93ad50297efe552956626c475dabef3d2a11555d769527568	123156.pdf	275468	OBI_LIBRARY_ROOT:Thematic/Burmese/Burma JBRS/1922/123156.pdf	OBI_LIBRARY_ROOT:Thematic/Burmese/Burma JBRS/1922/123156.pdf | OBI_LIBRARY_ROOT:Thematic/Burmese/Burma JBRS/JBRS Originals/123156.pdf	data/local/bibliography_sources/123156-9e6d0da3654f/123156.pdf	1	1922 | JBRS Originals	pdf	medium	reused_existing	2026-05-29T22:23:00.577426+00:00	
123160-3e5cb3b81913	3e5cb3b81913768ac60fde7aba4cb6d1626a8d2c23911c8a2d4a472cde1f6ab4	123160.pdf	136120	OBI_LIBRARY_ROOT:Thematic/Burmese/Burma JBRS/1922/123160.pdf	OBI_LIBRARY_ROOT:Thematic/Burmese/Burma JBRS/1922/123160.pdf | OBI_LIBRARY_ROOT:Thematic/Burmese/Burma JBRS/JBRS Originals/123160.pdf	data/local/bibliography_sources/123160-3e5cb3b81913/123160.pdf	1	1922 | JBRS Originals	pdf	medium	reused_existing	2026-05-29T22:23:00.577308+00:00	
123162-e2e1281f5f8c	e2e1281f5f8c72bfbf1bffac0a28651c97251dc30f341719c6a45c2fc88b8581	123162.pdf	78296	OBI_LIBRARY_ROOT:Thematic/Burmese/Burma JBRS/1922/123162.pdf	OBI_LIBRARY_ROOT:Thematic/Burmese/Burma JBRS/1922/123162.pdf | OBI_LIBRARY_ROOT:Thematic/Burmese/Burma JBRS/JBRS Originals/123162.pdf	data/local/bibliography_sources/123162-e2e1281f5f8c/123162.pdf	1	1922 | JBRS Originals	pdf	medium	reused_existing	2026-05-29T22:23:00.577189+00:00	
123163-104d34015d10	104d34015d10db3684233721fa32831ac77f77360e7b19b89465c199679171a6	123163.pdf	67044	OBI_LIBRARY_ROOT:Thematic/Burmese/Burma JBRS/1922/123163.pdf	OBI_LIBRARY_ROOT:Thematic/Burmese/Burma JBRS/1922/123163.pdf | OBI_LIBRARY_ROOT:Thematic/Burmese/Burma JBRS/JBRS Originals/123163.pdf	data/local/bibliography_sources/123163-104d34015d10/123163.pdf	1	1922 | JBRS Originals	pdf	medium	reused_existing	2026-05-29T22:23:00.577073+00:00	
123164-1082816050ef	1082816050ef6301bed2bf368374c12116725b5dd7fcf729c309ec49092c0e1d	123164.pdf	26880	OBI_LIBRARY_ROOT:Thematic/Burmese/Burma JBRS/1922/123164.pdf	OBI_LIBRARY_ROOT:Thematic/Burmese/Burma JBRS/1922/123164.pdf | OBI_LIBRARY_ROOT:Thematic/Burmese/Burma JBRS/JBRS Originals/123164.pdf	data/local/bibliography_sources/123164-1082816050ef/123164.pdf	1	1922 | JBRS Originals	pdf	medium	reused_existing	2026-05-29T22:23:00.576957+00:00	
123166-51c7c87bdcf6	51c7c87bdcf69f1ade0ccc7a71f88a9cafe6b8c7295a5784c5b6a6234e3896b9	123166.pdf	48380	OBI_LIBRARY_ROOT:Thematic/Burmese/Burma JBRS/1922/123166.pdf	OBI_LIBRARY_ROOT:Thematic/Burmese/Burma JBRS/1922/123166.pdf | OBI_LIBRARY_ROOT:Thematic/Burmese/Burma JBRS/1922/Enriquez-1922-PhotosRacesBurma.pdf | OBI_LIBRARY_ROOT:Thematic/Burmese/Burma JBRS/JBRS Originals/123166.pdf	data/local/bibliography_sources/123166-51c7c87bdcf6/123166.pdf	2	1922 | JBRS Originals	pdf	medium	reused_existing	2026-05-29T22:23:00.576842+00:00	
123167-9e8ae7d066e3	9e8ae7d066e3155074dd3f5546b6b63e8addea2f9b4d9d89f4400b09c84b3a06	123167.pdf	36668	OBI_LIBRARY_ROOT:Thematic/Burmese/Burma JBRS/1922/123167.pdf	OBI_LIBRARY_ROOT:Thematic/Burmese/Burma JBRS/1922/123167.pdf | OBI_LIBRARY_ROOT:Thematic/Burmese/Burma JBRS/JBRS Originals/123167.pdf	data/local/bibliography_sources/123167-9e8ae7d066e3/123167.pdf	1	1922 | JBRS Originals	pdf	medium	reused_existing	2026-05-29T22:23:00.576725+00:00	
131009a-84b3476ab477	84b3476ab4774b310cd1d0887c841ec40520c01d48ed80334c1b108600f53d3b	131009A.pdf	1783370	OBI_LIBRARY_ROOT:Thematic/Burmese/Burma JBRS/JBRS Originals/131009A.pdf	OBI_LIBRARY_ROOT:Thematic/Burmese/Burma JBRS/1923/SlapatRajawonMonHistory1-Halliday1923.pdf | OBI_LIBRARY_ROOT:Thematic/Burmese/Burma JBRS/JBRS Originals/131009A.pdf	data/local/bibliography_sources/131009a-84b3476ab477/131009A.pdf	1	1923 | JBRS Originals	pdf	medium	reused_existing	2026-05-29T22:23:00.576604+00:00	
131009b-2e3d5c68f5a4	2e3d5c68f5a4eb0c25d071fc05fbac3f2d6ba90b0e7ab510a15519f1d9373a34	131009B.pdf	2508735	OBI_LIBRARY_ROOT:Thematic/Burmese/Burma JBRS/JBRS Originals/131009B.pdf	OBI_LIBRARY_ROOT:Thematic/Burmese/Burma JBRS/1923/SlapatRajawonMonHistory2-Halliday1923.pdf | OBI_LIBRARY_ROOT:Thematic/Burmese/Burma JBRS/JBRS Originals/131009B.pdf	data/local/bibliography_sources/131009b-2e3d5c68f5a4/131009B.pdf	1	1923 | JBRS Originals	pdf	medium	reused_existing	2026-05-29T22:23:00.576482+00:00	
132069-f0d3fa74da0a	f0d3fa74da0a9c53b47f385c7830204488fceebba751296445fd97bfb8a1c168	132069.pdf	527710	OBI_LIBRARY_ROOT:Thematic/Burmese/Burma JBRS/JBRS Originals/132069.pdf	OBI_LIBRARY_ROOT:Thematic/Burmese/Burma JBRS/1923/NotesOnHistory-Stewart1923.pdf | OBI_LIBRARY_ROOT:Thematic/Burmese/Burma JBRS/JBRS Originals/132069.pdf	data/local/bibliography_sources/132069-f0d3fa74da0a/132069.pdf	1	1923 | JBRS Originals	pdf	medium	reused_existing	2026-05-29T22:23:00.576359+00:00	
132077-2fadd1462752	2fadd1462752841661a4a7d32e229bc7227aed838881903e18c523407e45755a	132077.pdf	339869	OBI_LIBRARY_ROOT:Thematic/Burmese/Burma JBRS/JBRS Originals/132077.pdf	OBI_LIBRARY_ROOT:Thematic/Burmese/Burma JBRS/1923/Migrations-Enriquez1923.pdf | OBI_LIBRARY_ROOT:Thematic/Burmese/Burma JBRS/JBRS Originals/132077.pdf	data/local/bibliography_sources/132077-2fadd1462752/132077.pdf	1	1923 | JBRS Originals	pdf	medium	reused_existing	2026-05-29T22:23:00.576243+00:00	
132082-0ceb53b680e2	0ceb53b680e2503727672166c7edd9b4997ab8bbf9ab8ac0c9c0825b8ffc57b8	132082.pdf	493134	OBI_LIBRARY_ROOT:Thematic/Burmese/Burma JBRS/JBRS Originals/132082.pdf	OBI_LIBRARY_ROOT:Thematic/Burmese/Burma JBRS/1923/Hla-1923-ChronologicalKings.pdf | OBI_LIBRARY_ROOT:Thematic/Burmese/Burma JBRS/JBRS Originals/132082.pdf	data/local/bibliography_sources/132082-0ceb53b680e2/132082.pdf	1	1923 | JBRS Originals	pdf	medium	reused_existing	2026-05-29T22:23:00.576122+00:00	
132099-bf3426ca973d	bf3426ca973d68aee669a0200ace5ed71c5573356ab33208527084b65e0b6bb5	132099.pdf	500364	OBI_LIBRARY_ROOT:Thematic/Burmese/Burma JBRS/JBRS Originals/132099.pdf	OBI_LIBRARY_ROOT:Thematic/Burmese/Burma JBRS/1923/MraukURambles-SanBaw1923.pdf | OBI_LIBRARY_ROOT:Thematic/Burmese/Burma JBRS/JBRS Originals/132099.pdf	data/local/bibliography_sources/132099-bf3426ca973d/132099.pdf	1	1923 | JBRS Originals	pdf	medium	reused_existing	2026-05-29T22:23:00.576005+00:00	
132106-c9497fa8caed	c9497fa8caed6f3c4d2577531503c1ee44564a8e3c5908450eddf8edd621ad19	132106.pdf	222092	OBI_LIBRARY_ROOT:Thematic/Burmese/Burma JBRS/JBRS Originals/132106.pdf	OBI_LIBRARY_ROOT:Thematic/Burmese/Burma JBRS/1923/MraukU-NoteOnSanbawPaper-Harvey1923.pdf | OBI_LIBRARY_ROOT:Thematic/Burmese/Burma JBRS/JBRS Originals/132106.pdf	data/local/bibliography_sources/132106-c9497fa8caed/132106.pdf	1	1923 | JBRS Originals	pdf	medium	reused_existing	2026-05-29T22:23:00.575880+00:00	
132109-a60648fefb03	a60648fefb030eea4bce53b4a44ad06acd2373ccdfe9486767e68159d2e1e58e	132109.pdf	1347327	OBI_LIBRARY_ROOT:Thematic/Burmese/Burma JBRS/JBRS Originals/132109.pdf	OBI_LIBRARY_ROOT:Thematic/Burmese/Burma JBRS/1923/Despatches1824-Harvey1923.pdf | OBI_LIBRARY_ROOT:Thematic/Burmese/Burma JBRS/JBRS Originals/132109.pdf	data/local/bibliography_sources/132109-a60648fefb03/132109.pdf	1	1923 | JBRS Originals	pdf	medium	reused_existing	2026-05-29T22:23:00.575744+00:00	
132129-91b44dbec1e6	91b44dbec1e67e6ad7a043ad6f01a5aa534f2064e1d4209e960486f6604fb7b1	132129.pdf	457100	OBI_LIBRARY_ROOT:Thematic/Burmese/Burma JBRS/JBRS Originals/132129.pdf	OBI_LIBRARY_ROOT:Thematic/Burmese/Burma JBRS/1923/ArakanMugbattalion-SanShweBu1923.pdf | OBI_LIBRARY_ROOT:Thematic/Burmese/Burma JBRS/JBRS Originals/132129.pdf	data/local/bibliography_sources/132129-91b44dbec1e6/132129.pdf	1	1923 | JBRS Originals	pdf	medium	reused_existing	2026-05-29T22:23:00.575618+00:00	
132136-083c2c3ec432	083c2c3ec43260376e19b63cee3ad03ca565fe8c7f052ca3092d9cd57afd1b17	132136.pdf	204925	OBI_LIBRARY_ROOT:Thematic/Burmese/Burma JBRS/JBRS Originals/132136.pdf	OBI_LIBRARY_ROOT:Thematic/Burmese/Burma JBRS/JBRS Originals/132136.pdf	data/local/bibliography_sources/132136-083c2c3ec432/132136.pdf	0	JBRS Originals	pdf	medium	reused_existing	2026-05-29T22:23:00.575482+00:00	
132139-70243283a74f	70243283a74fc2d1d568d0c43c934e25eb4be8a782cc7bab6086a45c95e53e0c	132139.pdf	325964	OBI_LIBRARY_ROOT:Thematic/Burmese/Burma JBRS/1923/132139.pdf	OBI_LIBRARY_ROOT:Thematic/Burmese/Burma JBRS/1923/132139.pdf | OBI_LIBRARY_ROOT:Thematic/Burmese/Burma JBRS/JBRS Originals/132139.pdf	data/local/bibliography_sources/132139-70243283a74f/132139.pdf	1	1923 | JBRS Originals	pdf	medium	reused_existing	2026-05-29T22:23:00.575352+00:00	
132145-51ea98abb9d9	51ea98abb9d99c2f7e8931df1ab6d9992a9ecf44b43ca5d443a0532786685f36	132145.pdf	195258	OBI_LIBRARY_ROOT:Thematic/Burmese/Burma JBRS/1923/132145.pdf	OBI_LIBRARY_ROOT:Thematic/Burmese/Burma JBRS/1923/132145.pdf | OBI_LIBRARY_ROOT:Thematic/Burmese/Burma JBRS/JBRS Originals/132145.pdf	data/local/bibliography_sources/132145-51ea98abb9d9/132145.pdf	1	1923 | JBRS Originals	pdf	medium	reused_existing	2026-05-29T22:23:00.575232+00:00	
132148-792f5a510bac	792f5a510bac9a2126036644a904effbc5710d429eabcd75f7ab422c0ccb58e4	132148.pdf	243134	OBI_LIBRARY_ROOT:Thematic/Burmese/Burma JBRS/JBRS Originals/132148.pdf	OBI_LIBRARY_ROOT:Thematic/Burmese/Burma JBRS/JBRS Originals/132148.pdf	data/local/bibliography_sources/132148-792f5a510bac/132148.pdf	0	JBRS Originals	pdf	medium	reused_existing	2026-05-29T22:23:00.575097+00:00	
132151-d4310feaedc0	d4310feaedc050bdbaa13b815a96b7f5158cdb0fb6471053451a76a33922274d	132151.pdf	451073	OBI_LIBRARY_ROOT:Thematic/Burmese/Burma JBRS/1923/132151.pdf	OBI_LIBRARY_ROOT:Thematic/Burmese/Burma JBRS/1923/132151.pdf | OBI_LIBRARY_ROOT:Thematic/Burmese/Burma JBRS/JBRS Originals/132151.pdf	data/local/bibliography_sources/132151-d4310feaedc0/132151.pdf	1	1923 | JBRS Originals	pdf	medium	reused_existing	2026-05-29T22:23:00.574977+00:00	
132157-fa930cac6451	fa930cac64513b48f14071833e6c8e53a352accad02d8109659bb7b5ad8a2eb0	132157.pdf	174622	OBI_LIBRARY_ROOT:Thematic/Burmese/Burma JBRS/1923/132157.pdf	OBI_LIBRARY_ROOT:Thematic/Burmese/Burma JBRS/1923/132157.pdf	data/local/bibliography_sources/132157-fa930cac6451/132157.pdf	0	1923	pdf	medium	reused_existing	2026-05-29T22:23:00.574860+00:00	
132157-7cbf5d133922	7cbf5d1339225da28fb36c69c90edce4300bf5af4b2a06cc84f35864e54bc36a	132157.pdf	174622	OBI_LIBRARY_ROOT:Thematic/Burmese/Burma JBRS/JBRS Originals/132157.pdf	OBI_LIBRARY_ROOT:Thematic/Burmese/Burma JBRS/JBRS Originals/132157.pdf	data/local/bibliography_sources/132157-7cbf5d133922/132157.pdf	0	JBRS Originals	pdf	medium	reused_existing	2026-05-29T22:23:00.574740+00:00	
132159-f97cac957893	f97cac957893fba5026d7d0af1eab9ef15f925f166bf419ea92ea1e11a605cd7	132159.pdf	162982	OBI_LIBRARY_ROOT:Thematic/Burmese/Burma JBRS/1923/132159.pdf	OBI_LIBRARY_ROOT:Thematic/Burmese/Burma JBRS/1923/132159.pdf | OBI_LIBRARY_ROOT:Thematic/Burmese/Burma JBRS/JBRS Originals/132159.pdf	data/local/bibliography_sources/132159-f97cac957893/132159.pdf	1	1923 | JBRS Originals	pdf	medium	reused_existing	2026-05-29T22:23:00.574617+00:00	
132162-d62ced4d0162	d62ced4d01621d07be61ba868d910ddd077cb263b19356f9bded6a28d277ad43	132162.pdf	157318	OBI_LIBRARY_ROOT:Thematic/Burmese/Burma JBRS/JBRS Originals/132162.pdf	OBI_LIBRARY_ROOT:Thematic/Burmese/Burma JBRS/1923/Shinmokti-Pelly1923.pdf | OBI_LIBRARY_ROOT:Thematic/Burmese/Burma JBRS/JBRS Originals/132162.pdf	data/local/bibliography_sources/132162-d62ced4d0162/132162.pdf	1	1923 | JBRS Originals	pdf	medium	reused_existing	2026-05-29T22:23:00.574501+00:00	
132164-bd8f84ef5c01	bd8f84ef5c0111b52dc5632fdfea921d14a3ec37956b882d977608c33af1f6b5	132164.pdf	97487	OBI_LIBRARY_ROOT:Thematic/Burmese/Burma JBRS/JBRS Originals/132164.pdf	OBI_LIBRARY_ROOT:Thematic/Burmese/Burma JBRS/JBRS Originals/132164.pdf	data/local/bibliography_sources/132164-bd8f84ef5c01/132164.pdf	0	JBRS Originals	pdf	medium	reused_existing	2026-05-29T22:23:00.574380+00:00	
132166-a829af82d687	a829af82d68747c2d9d4c1b2a39bdb1ede53ad0fe6392cae869ef07351698734	132166.pdf	29501	OBI_LIBRARY_ROOT:Thematic/Burmese/Burma JBRS/JBRS Originals/132166.pdf	OBI_LIBRARY_ROOT:Thematic/Burmese/Burma JBRS/1923/BurmeseGardening-Cooper1923.pdf | OBI_LIBRARY_ROOT:Thematic/Burmese/Burma JBRS/JBRS Originals/132166.pdf	data/local/bibliography_sources/132166-a829af82d687/132166.pdf	1	1923 | JBRS Originals	pdf	medium	reused_existing	2026-05-29T22:23:00.574256+00:00	
132167-69fb75949167	69fb75949167e4b392f9b70bd1ef6e325b3e1fc36f96b57b9d1e6cb8793adb99	132167.pdf	177175	OBI_LIBRARY_ROOT:Thematic/Burmese/Burma JBRS/JBRS Originals/132167.pdf	OBI_LIBRARY_ROOT:Thematic/Burmese/Burma JBRS/JBRS Originals/132167.pdf	data/local/bibliography_sources/132167-69fb75949167/132167.pdf	0	JBRS Originals	pdf	medium	reused_existing	2026-05-29T22:23:00.574138+00:00	
132170-119b5941c31b	119b5941c31b51ded67093a7ab4383eb550608f5873da62aacedbb3a5c677202	132170.pdf	866276	OBI_LIBRARY_ROOT:Thematic/Burmese/Burma JBRS/JBRS Originals/132170.pdf	OBI_LIBRARY_ROOT:Thematic/Burmese/Burma JBRS/JBRS Originals/132170.pdf	data/local/bibliography_sources/132170-119b5941c31b/132170.pdf	0	JBRS Originals	pdf	medium	reused_existing	2026-05-29T22:23:00.574017+00:00	
132180-cf310f3ebdd5	cf310f3ebdd5af3efbd613e3a6c4ef9e5c2ad3001102bad13c7fa27097e4db55	132180.pdf	69574	OBI_LIBRARY_ROOT:Thematic/Burmese/Burma JBRS/1923/132180.pdf	OBI_LIBRARY_ROOT:Thematic/Burmese/Burma JBRS/1923/132180.pdf | OBI_LIBRARY_ROOT:Thematic/Burmese/Burma JBRS/JBRS Originals/132180.pdf	data/local/bibliography_sources/132180-cf310f3ebdd5/132180.pdf	1	1923 | JBRS Originals	pdf	medium	reused_existing	2026-05-29T22:23:00.573896+00:00	
133199-22ff606148eb	22ff606148ebbb1a361e21b5e2cc84e18af38edec7526d855f17718ac2ae3bd0	133199.pdf	1517902	OBI_LIBRARY_ROOT:Thematic/Burmese/Burma JBRS/JBRS Originals/133199.pdf	OBI_LIBRARY_ROOT:Thematic/Burmese/Burma JBRS/1923/FramanriqueArakan-Collis1923.pdf | OBI_LIBRARY_ROOT:Thematic/Burmese/Burma JBRS/JBRS Originals/133199.pdf	data/local/bibliography_sources/133199-22ff606148eb/133199.pdf	1	1923 | JBRS Originals	pdf	medium	reused_existing	2026-05-29T22:23:00.573779+00:00	
133221-507639293d2f	507639293d2f58a4892db45b22eda0f49c0162259e625ade6abb4ba65c2e97a6	133221.pdf	438193	OBI_LIBRARY_ROOT:Thematic/Burmese/Burma JBRS/JBRS Originals/133221.pdf	OBI_LIBRARY_ROOT:Thematic/Burmese/Burma JBRS/1923/ArakanesePoem16c-Collis1923.pdf | OBI_LIBRARY_ROOT:Thematic/Burmese/Burma JBRS/JBRS Originals/133221.pdf	data/local/bibliography_sources/133221-507639293d2f/133221.pdf	1	1923 | JBRS Originals	pdf	medium	reused_existing	2026-05-29T22:23:00.573658+00:00	
133229-27abd66845ce	27abd66845ce1bcbbd86c0628c3d2d5a3f4e6917c0c511f037b68c96d5f9b566	133229.pdf	198796	OBI_LIBRARY_ROOT:Thematic/Burmese/Burma JBRS/JBRS Originals/133229.pdf	OBI_LIBRARY_ROOT:Thematic/Burmese/Burma JBRS/JBRS Originals/133229.pdf	data/local/bibliography_sources/133229-27abd66845ce/133229.pdf	0	JBRS Originals	pdf	medium	reused_existing	2026-05-29T22:23:00.573527+00:00	
133232-c1b4b47e4ee2	c1b4b47e4ee247a3ebbc0af0ba6c570339af29cee97788d7b52b5eb4ab5b5ea1	133232.pdf	353207	OBI_LIBRARY_ROOT:Thematic/Burmese/Burma JBRS/JBRS Originals/133232.pdf	OBI_LIBRARY_ROOT:Thematic/Burmese/Burma JBRS/JBRS Originals/133232.pdf	data/local/bibliography_sources/133232-c1b4b47e4ee2/133232.pdf	0	JBRS Originals	pdf	medium	reused_existing	2026-05-29T22:23:00.573399+00:00	
133236-948a63d9c862	948a63d9c862aa3c51b791571ddea8e41b15fddd5cfb89f63698c4979e594b90	133236.pdf	573025	OBI_LIBRARY_ROOT:Thematic/Burmese/Burma JBRS/JBRS Originals/133236.pdf	OBI_LIBRARY_ROOT:Thematic/Burmese/Burma JBRS/1923/MurderKingThiri-Collis1923.pdf | OBI_LIBRARY_ROOT:Thematic/Burmese/Burma JBRS/JBRS Originals/133236.pdf	data/local/bibliography_sources/133236-948a63d9c862/133236.pdf	1	1923 | JBRS Originals	pdf	medium	reused_existing	2026-05-29T22:23:00.573282+00:00	
133244-5410911998e0	5410911998e0ae235d0f98d6b6669f22d96cfd58849388bf9d7fe7adb915b517	133244.pdf	938601	OBI_LIBRARY_ROOT:Thematic/Burmese/Burma JBRS/JBRS Originals/133244.pdf	OBI_LIBRARY_ROOT:Thematic/Burmese/Burma JBRS/1923/MraukU-Collis1923.pdf | OBI_LIBRARY_ROOT:Thematic/Burmese/Burma JBRS/JBRS Originals/133244.pdf	data/local/bibliography_sources/133244-5410911998e0/133244.pdf	1	1923 | JBRS Originals	pdf	medium	reused_existing	2026-05-29T22:23:00.573162+00:00	
133257-918b1c5f4967	918b1c5f49670ed6f955bedf1edffd6907bdb0a9fe48bc4e3b36313cb8932540	133257.pdf	240114	OBI_LIBRARY_ROOT:Thematic/Burmese/Burma JBRS/JBRS Originals/133257.pdf	OBI_LIBRARY_ROOT:Thematic/Burmese/Burma JBRS/1923/CampbellRobertsonInArakan-Collis1923.pdf | OBI_LIBRARY_ROOT:Thematic/Burmese/Burma JBRS/JBRS Originals/133257.pdf	data/local/bibliography_sources/133257-918b1c5f4967/133257.pdf	1	1923 | JBRS Originals	pdf	medium	reused_existing	2026-05-29T22:23:00.573042+00:00	
133261-7998ffc6d278	7998ffc6d278fcc7063c65d82d2517e1558aa2676826c284552a57c4086a4d25	133261.pdf	1334367	OBI_LIBRARY_ROOT:Thematic/Burmese/Burma JBRS/JBRS Originals/133261.pdf	OBI_LIBRARY_ROOT:Thematic/Burmese/Burma JBRS/1923/Boob-1923-FirstBurmeseWar.pdf | OBI_LIBRARY_ROOT:Thematic/Burmese/Burma JBRS/JBRS Originals/133261.pdf	data/local/bibliography_sources/133261-7998ffc6d278/133261.pdf	1	1923 | JBRS Originals	pdf	medium	reused_existing	2026-05-29T22:23:00.572906+00:00	
133280-db4cad460c0d	db4cad460c0d0f034620f7a46def3d9dc4acb4626c93aa2b4034c2c4079e22df	133280.pdf	398840	OBI_LIBRARY_ROOT:Thematic/Burmese/Burma JBRS/JBRS Originals/133280.pdf	OBI_LIBRARY_ROOT:Thematic/Burmese/Burma JBRS/1923/FolkTakesArakan-SanShweBu1923.pdf | OBI_LIBRARY_ROOT:Thematic/Burmese/Burma JBRS/JBRS Originals/133280.pdf	data/local/bibliography_sources/133280-db4cad460c0d/133280.pdf	1	1923 | JBRS Originals	pdf	medium	reused_existing	2026-05-29T22:23:00.572784+00:00	
141001-20da16406f79	20da16406f7951f36263eef1e351cd61383aabab82ead0f3bac05ac7cefe3b44	141001.pdf	1200597	OBI_LIBRARY_ROOT:Thematic/Burmese/Burma JBRS/1924/141001.pdf	OBI_LIBRARY_ROOT:Thematic/Burmese/Burma JBRS/1924/141001.pdf | OBI_LIBRARY_ROOT:Thematic/Burmese/Burma JBRS/JBRS Originals/141001.pdf	data/local/bibliography_sources/141001-20da16406f79/141001.pdf	1	1924 | JBRS Originals	pdf	medium	reused_existing	2026-05-29T22:23:00.572655+00:00	
141021-590f445421cd	590f445421cdb3ad4a6353e1279c450bd400f46bd112343ae1b9b72dbfb07c44	141021.pdf	1207108	OBI_LIBRARY_ROOT:Thematic/Burmese/Burma JBRS/1924/141021.pdf	OBI_LIBRARY_ROOT:Thematic/Burmese/Burma JBRS/1924/141021.pdf | OBI_LIBRARY_ROOT:Thematic/Burmese/Burma JBRS/JBRS Originals/141021.pdf	data/local/bibliography_sources/141021-590f445421cd/141021.pdf	1	1924 | JBRS Originals	pdf	medium	reused_existing	2026-05-29T22:23:00.572533+00:00	
141039-be29dbe23279	be29dbe23279d553c39847cf9c3b63f8e51b09f2712aaeb96eb25c43a275334b	141039.pdf	762603	OBI_LIBRARY_ROOT:Thematic/Burmese/Burma JBRS/JBRS Originals/141039.pdf	OBI_LIBRARY_ROOT:Thematic/Burmese/Burma JBRS/1924/Duncan1924-NewShwedagonHtee.pdf | OBI_LIBRARY_ROOT:Thematic/Burmese/Burma JBRS/JBRS Originals/141039.pdf	data/local/bibliography_sources/141039-be29dbe23279/141039.pdf	1	1924 | JBRS Originals	pdf	medium	reused_existing	2026-05-29T22:23:00.572412+00:00	
141051-61f6e2e7987a	61f6e2e7987a7e7b38f8f1fff2fd7082f6355e25c99eec8e2b71bc64d9b9e279	141051.pdf	104862	OBI_LIBRARY_ROOT:Thematic/Burmese/Burma JBRS/1924/141051.pdf	OBI_LIBRARY_ROOT:Thematic/Burmese/Burma JBRS/1924/141051.pdf | OBI_LIBRARY_ROOT:Thematic/Burmese/Burma JBRS/JBRS Originals/141051.pdf	data/local/bibliography_sources/141051-61f6e2e7987a/141051.pdf	1	1924 | JBRS Originals	pdf	medium	reused_existing	2026-05-29T22:23:00.572294+00:00	
141053-f8fd04e349f3	f8fd04e349f35af07000e90e7231c198e84b07920764b425ba8ee8ad6c58b768	141053.pdf	352633	OBI_LIBRARY_ROOT:Thematic/Burmese/Burma JBRS/1924/141053.pdf	OBI_LIBRARY_ROOT:Thematic/Burmese/Burma JBRS/1924/141053.pdf | OBI_LIBRARY_ROOT:Thematic/Burmese/Burma JBRS/JBRS Originals/141053.pdf	data/local/bibliography_sources/141053-f8fd04e349f3/141053.pdf	1	1924 | JBRS Originals	pdf	medium	reused_existing	2026-05-29T22:23:00.572176+00:00	
pe_maung_tin_development_of_burmese_lang-3825b88497cc	3825b88497cc59d01071b7fb695c93f7b3d4eea4c819ed1841cdc50adffbb28d	141058.pdf	138521	OBI_LIBRARY_ROOT:Thematic/Burmese/Burma JBRS/JBRS Originals/141058.pdf	OBI_LIBRARY_ROOT:Thematic/Burmese/Burma JBRS/JBRS Originals/141058.pdf | OBI_LIBRARY_ROOT:Thematic/Burmese/Burma JBRS/ToSort/pe-maung-tin-development-of-burmese-language.pdf	data/local/bibliography_sources/pe_maung_tin_development_of_burmese_lang-3825b88497cc/pe-maung-tin-development-of-burmese-language.pdf	1	JBRS Originals | ToSort	pdf	medium	reused_existing	2026-05-29T22:23:00.572043+00:00	
141060-d6abcfed0980	d6abcfed09809fd16ceccdb395490a903def4a00944c117714f012204f570619	141060.pdf	109387	OBI_LIBRARY_ROOT:Thematic/Burmese/Burma JBRS/JBRS Originals/141060.pdf	OBI_LIBRARY_ROOT:Thematic/Burmese/Burma JBRS/JBRS Originals/141060.pdf	data/local/bibliography_sources/141060-d6abcfed0980/141060.pdf	0	JBRS Originals	pdf	medium	reused_existing	2026-05-29T22:23:00.571919+00:00	
141062-dece8fd5a9a5	dece8fd5a9a515153eb60c93b582edfe0bf1bb9dc1f72f3e04edcf8849455590	141062.pdf	437266	OBI_LIBRARY_ROOT:Thematic/Burmese/Burma JBRS/1924/141062.pdf	OBI_LIBRARY_ROOT:Thematic/Burmese/Burma JBRS/1924/141062.pdf | OBI_LIBRARY_ROOT:Thematic/Burmese/Burma JBRS/JBRS Originals/141062.pdf	data/local/bibliography_sources/141062-dece8fd5a9a5/141062.pdf	1	1924 | JBRS Originals	pdf	medium	reused_existing	2026-05-29T22:23:00.571802+00:00	
141069-fd817d7a6609	fd817d7a6609616ed946b7db0a7f5b5c3b8c8dc7a640e4e855dc30e859ca273e	141069.pdf	154018	OBI_LIBRARY_ROOT:Thematic/Burmese/Burma JBRS/1924/141069.pdf	OBI_LIBRARY_ROOT:Thematic/Burmese/Burma JBRS/1924/141069.pdf | OBI_LIBRARY_ROOT:Thematic/Burmese/Burma JBRS/JBRS Originals/141069.pdf	data/local/bibliography_sources/141069-fd817d7a6609/141069.pdf	1	1924 | JBRS Originals	pdf	medium	reused_existing	2026-05-29T22:23:00.571681+00:00	
142087-3f7ca428fee5	3f7ca428fee5184ba8a56e6302cb9fba570ede39e105733c8c27522209798f88	142087.pdf	148456	OBI_LIBRARY_ROOT:Thematic/Burmese/Burma JBRS/JBRS Originals/142087.pdf	OBI_LIBRARY_ROOT:Thematic/Burmese/Burma JBRS/JBRS Originals/142087.pdf	data/local/bibliography_sources/142087-3f7ca428fee5/142087.pdf	0	JBRS Originals	pdf	medium	reused_existing	2026-05-29T22:23:00.571554+00:00	
142091-0ab55f5d0db8	0ab55f5d0db8d6e6e0a3285f8b618566fad4c4313c7a5c2c3fb2baa27dc890f2	142091.pdf	613321	OBI_LIBRARY_ROOT:Thematic/Burmese/Burma JBRS/JBRS Originals/142091.pdf	OBI_LIBRARY_ROOT:Thematic/Burmese/Burma JBRS/1924/A2-FuKanTu-HanDynasty-Luce-ref-Pelliot1924.pdf | OBI_LIBRARY_ROOT:Thematic/Burmese/Burma JBRS/JBRS Originals/142091.pdf	data/local/bibliography_sources/142091-0ab55f5d0db8/142091.pdf	1	1924 | JBRS Originals	pdf	medium	reused_existing	2026-05-29T22:23:00.571437+00:00	
142100-7144e2fe0f19	7144e2fe0f19e749946ec6b7a3ac10c6489d6a021401d40055cde9dc715aa7cc	142100.pdf	2607660	OBI_LIBRARY_ROOT:Thematic/Burmese/Burma JBRS/JBRS Originals/142100.pdf	OBI_LIBRARY_ROOT:Thematic/Burmese/Burma JBRS/1924/A3-Tan-Ngailo-Luce1924.pdf | OBI_LIBRARY_ROOT:Thematic/Burmese/Burma JBRS/JBRS Originals/142100.pdf	data/local/bibliography_sources/142100-7144e2fe0f19/142100.pdf	1	1924 | JBRS Originals	pdf	medium	reused_existing	2026-05-29T22:23:00.571314+00:00	
142138a-599fa27e8039	599fa27e803977f7d92942c031bbf2abb739ceb78d98a9f3c7fed130084c947d	142138A.pdf	2371499	OBI_LIBRARY_ROOT:Thematic/Burmese/Burma JBRS/JBRS Originals/142138A.pdf	OBI_LIBRARY_ROOT:Thematic/Burmese/Burma JBRS/1924/A4-CountriesNeighbouringBurma1-Luce-ref-Pelliot1924.pdf | OBI_LIBRARY_ROOT:Thematic/Burmese/Burma JBRS/JBRS Originals/142138A.pdf	data/local/bibliography_sources/142138a-599fa27e8039/142138A.pdf	1	1924 | JBRS Originals	pdf	medium	reused_existing	2026-05-29T22:23:00.571196+00:00	
142138b-1b65a1889663	1b65a1889663526d958e2af0a7b84527ad7c8e13e15ada29a3e593cae1b577be	142138B.pdf	2561130	OBI_LIBRARY_ROOT:Thematic/Burmese/Burma JBRS/JBRS Originals/142138B.pdf	OBI_LIBRARY_ROOT:Thematic/Burmese/Burma JBRS/JBRS Originals/142138B.pdf	data/local/bibliography_sources/142138b-1b65a1889663/142138B.pdf	0	JBRS Originals	pdf	medium	reused_existing	2026-05-29T22:23:00.571068+00:00	
143207-a396bc3590b8	a396bc3590b80a2dd3f458ba5401124af837118725441a6cf94031c63157ba86	143207.pdf	888209	OBI_LIBRARY_ROOT:Thematic/Burmese/Burma JBRS/JBRS Originals/143207.pdf	OBI_LIBRARY_ROOT:Thematic/Burmese/Burma JBRS/1924/ShanJournal-Pearn1924.pdf | OBI_LIBRARY_ROOT:Thematic/Burmese/Burma JBRS/JBRS Originals/143207.pdf	data/local/bibliography_sources/143207-a396bc3590b8/143207.pdf	1	1924 | JBRS Originals	pdf	medium	reused_existing	2026-05-29T22:23:00.570944+00:00	
143218-a8205921bf39	a8205921bf393b8162d0439a4bd2be8a9c370f0251b1690a888db01723e63dab	143218.pdf	163972	OBI_LIBRARY_ROOT:Thematic/Burmese/Burma JBRS/1924/143218.pdf	OBI_LIBRARY_ROOT:Thematic/Burmese/Burma JBRS/1924/143218.pdf | OBI_LIBRARY_ROOT:Thematic/Burmese/Burma JBRS/JBRS Originals/143218.pdf	data/local/bibliography_sources/143218-a8205921bf39/143218.pdf	1	1924 | JBRS Originals	pdf	medium	reused_existing	2026-05-29T22:23:00.570825+00:00	
143221-93af6e066a85	93af6e066a85b41927afeb98297bfe8b89af481a73d37f482ed5c3970116cff1	143221.pdf	1514366	OBI_LIBRARY_ROOT:Thematic/Burmese/Burma JBRS/JBRS Originals/143221.pdf	OBI_LIBRARY_ROOT:Thematic/Burmese/Burma JBRS/1924/BurmaManuscriptsBritishMuseum-PeMaungTin1924.pdf | OBI_LIBRARY_ROOT:Thematic/Burmese/Burma JBRS/JBRS Originals/143221.pdf	data/local/bibliography_sources/143221-93af6e066a85/143221.pdf	1	1924 | JBRS Originals	pdf	medium	reused_existing	2026-05-29T22:23:00.570710+00:00	
151001-96428277d85e	96428277d85eb6b80e66350d52b7b4b93c82391062711c2ed2c4f44ec7a19ac6	151001.pdf	2127638	OBI_LIBRARY_ROOT:Thematic/Burmese/Burma JBRS/JBRS Originals/151001.pdf	OBI_LIBRARY_ROOT:Thematic/Burmese/Burma JBRS/1925/Buddermokan-Temple1925.pdf | OBI_LIBRARY_ROOT:Thematic/Burmese/Burma JBRS/JBRS Originals/151001.pdf	data/local/bibliography_sources/151001-96428277d85e/151001.pdf	1	1925 | JBRS Originals	pdf	medium	reused_existing	2026-05-29T22:23:00.570585+00:00	
151034-0bfaec589756	0bfaec5897564ba00de9c03f91f5a932b2df897a89e4d67cffb01b393430f1cb	151034.pdf	1142742	OBI_LIBRARY_ROOT:Thematic/Burmese/Burma JBRS/JBRS Originals/151034.pdf	OBI_LIBRARY_ROOT:Thematic/Burmese/Burma JBRS/JBRS Originals/151034.pdf	data/local/bibliography_sources/151034-0bfaec589756/151034.pdf	0	JBRS Originals	pdf	medium	reused_existing	2026-05-29T22:23:00.570472+00:00	
151053-a7e6fcd7c232	a7e6fcd7c232d64187798bd5556caca8dce061a18776d4b62606b794a07397f9	151053.pdf	1401785	OBI_LIBRARY_ROOT:Thematic/Burmese/Burma JBRS/JBRS Originals/151053.pdf	OBI_LIBRARY_ROOT:Thematic/Burmese/Burma JBRS/1925/Arakan150yearsago-Seppings1925.pdf | OBI_LIBRARY_ROOT:Thematic/Burmese/Burma JBRS/JBRS Originals/151053.pdf	data/local/bibliography_sources/151053-a7e6fcd7c232/151053.pdf	1	1925 | JBRS Originals	pdf	medium	reused_existing	2026-05-29T22:23:00.570351+00:00	
151073-7e087e998b81	7e087e998b8171f8132fd8809e67e99ba64ae0ce25e2fb7d57bde82d27e4b85a	151073.pdf	116308	OBI_LIBRARY_ROOT:Thematic/Burmese/Burma JBRS/JBRS Originals/151073.pdf	OBI_LIBRARY_ROOT:Thematic/Burmese/Burma JBRS/1925/TombstoneOfMilard-Ka1925.pdf | OBI_LIBRARY_ROOT:Thematic/Burmese/Burma JBRS/JBRS Originals/151073.pdf	data/local/bibliography_sources/151073-7e087e998b81/151073.pdf	1	1925 | JBRS Originals	pdf	medium	reused_existing	2026-05-29T22:23:00.570232+00:00	
151076-09faca23b27b	09faca23b27b16ea2d02ef94e2722586cc3c0e692ed0a793acd772473a2f3031	151076.pdf	302325	OBI_LIBRARY_ROOT:Thematic/Burmese/Burma JBRS/JBRS Originals/151076.pdf	OBI_LIBRARY_ROOT:Thematic/Burmese/Burma JBRS/1925/MyatSawNiNaungPagodas-PoSaung1925.pdf | OBI_LIBRARY_ROOT:Thematic/Burmese/Burma JBRS/JBRS Originals/151076.pdf	data/local/bibliography_sources/151076-09faca23b27b/151076.pdf	1	1925 | JBRS Originals	pdf	medium	reused_existing	2026-05-29T22:23:00.570110+00:00	
151080-4ff35b5b3430	4ff35b5b34306be8fcd06e37fbd2d87eb9deec13364f37933f576f9aeddd3e8e	151080.pdf	95759	OBI_LIBRARY_ROOT:Thematic/Burmese/Burma JBRS/JBRS Originals/151080.pdf	OBI_LIBRARY_ROOT:Thematic/Burmese/Burma JBRS/1925/RamayanaBurma-Connor1925.pdf | OBI_LIBRARY_ROOT:Thematic/Burmese/Burma JBRS/JBRS Originals/151080.pdf	data/local/bibliography_sources/151080-4ff35b5b3430/151080.pdf	1	1925 | JBRS Originals	pdf	medium	reused_existing	2026-05-29T22:23:00.569971+00:00	
151081-ac95a4804eff	ac95a4804eff1eda83d78ff8dbacde9cc7dc1da24fa4b9ad331ab70188295645	151081.pdf	80439	OBI_LIBRARY_ROOT:Thematic/Burmese/Burma JBRS/1925/151081.pdf	OBI_LIBRARY_ROOT:Thematic/Burmese/Burma JBRS/1925/151081.pdf | OBI_LIBRARY_ROOT:Thematic/Burmese/Burma JBRS/JBRS Originals/151081.pdf	data/local/bibliography_sources/151081-ac95a4804eff/151081.pdf	1	1925 | JBRS Originals	pdf	medium	reused_existing	2026-05-29T22:23:00.569846+00:00	
151083-c586cf4c40f7	c586cf4c40f7d820007b9e7f9736f71d86fbc01863dc5176e30b74383389f443	151083.pdf	191710	OBI_LIBRARY_ROOT:Thematic/Burmese/Burma JBRS/1925/151083.pdf	OBI_LIBRARY_ROOT:Thematic/Burmese/Burma JBRS/1925/151083.pdf | OBI_LIBRARY_ROOT:Thematic/Burmese/Burma JBRS/JBRS Originals/151083.pdf	data/local/bibliography_sources/151083-c586cf4c40f7/151083.pdf	1	1925 | JBRS Originals	pdf	medium	reused_existing	2026-05-29T22:23:00.569720+00:00	
151086-9525f6e44ae7	9525f6e44ae73b9292bfa1b976182a237e0be4b79339238ddd89647ee8c53a2d	151086.pdf	222861	OBI_LIBRARY_ROOT:Thematic/Burmese/Burma JBRS/JBRS Originals/151086.pdf	OBI_LIBRARY_ROOT:Thematic/Burmese/Burma JBRS/JBRS Originals/151086.pdf	data/local/bibliography_sources/151086-9525f6e44ae7/151086.pdf	0	JBRS Originals	pdf	medium	reused_existing	2026-05-29T22:23:00.569588+00:00	
151089-7e1aa44c3d52	7e1aa44c3d52aad99c430bc3a110b45f0efed67bd4463533d6c9b7ba037af3fb	151089.pdf	116836	OBI_LIBRARY_ROOT:Thematic/Burmese/Burma JBRS/1925/151089.pdf	OBI_LIBRARY_ROOT:Thematic/Burmese/Burma JBRS/1925/151089.pdf | OBI_LIBRARY_ROOT:Thematic/Burmese/Burma JBRS/JBRS Originals/151089.pdf	data/local/bibliography_sources/151089-7e1aa44c3d52/151089.pdf	1	1925 | JBRS Originals	pdf	medium	reused_existing	2026-05-29T22:23:00.569459+00:00	
152115-4cf2252c3079	4cf2252c307911ab2726b30b07a632049c7aef86eae64f40077503f79b6e865f	152115.pdf	954384	OBI_LIBRARY_ROOT:Thematic/Burmese/Burma JBRS/JBRS Originals/152115.pdf	OBI_LIBRARY_ROOT:Thematic/Burmese/Burma JBRS/1925/ChineseInvasions-Luce1925.pdf | OBI_LIBRARY_ROOT:Thematic/Burmese/Burma JBRS/JBRS Originals/152115.pdf	data/local/bibliography_sources/152115-4cf2252c3079/152115.pdf	1	1925 | JBRS Originals	pdf	medium	reused_existing	2026-05-29T22:23:00.569339+00:00	
152129-f0fc8c3c53cd	f0fc8c3c53cd0fb62587a3f026a07d0214ba5b2652813c1c80ad03743b12d15d	152129.pdf	321974	OBI_LIBRARY_ROOT:Thematic/Burmese/Burma JBRS/JBRS Originals/152129.pdf	OBI_LIBRARY_ROOT:Thematic/Burmese/Burma JBRS/1925/GweKaren-Harvey1925.pdf | OBI_LIBRARY_ROOT:Thematic/Burmese/Burma JBRS/JBRS Originals/152129.pdf	data/local/bibliography_sources/152129-f0fc8c3c53cd/152129.pdf	1	1925 | JBRS Originals	pdf	medium	reused_existing	2026-05-29T22:23:00.569224+00:00	
152134-ae6f93b7992d	ae6f93b7992dc887245ee8dcdacdead9b126938ce2afdb7e39f98e946b6530d9	152134.pdf	189915	OBI_LIBRARY_ROOT:Thematic/Burmese/Burma JBRS/JBRS Originals/152134.pdf	OBI_LIBRARY_ROOT:Thematic/Burmese/Burma JBRS/JBRS Originals/152134.pdf	data/local/bibliography_sources/152134-ae6f93b7992d/152134.pdf	0	JBRS Originals	pdf	medium	reused_existing	2026-05-29T22:23:00.569089+00:00	
152137-70f7c47e116c	70f7c47e116c4192bc15901bf7faf51fef27aa6a67879b260e5fdf54ac6f37af	152137.pdf	352333	OBI_LIBRARY_ROOT:Thematic/Burmese/Burma JBRS/JBRS Originals/152137.pdf	OBI_LIBRARY_ROOT:Thematic/Burmese/Burma JBRS/1925/Putao_Barnard1925.pdf | OBI_LIBRARY_ROOT:Thematic/Burmese/Burma JBRS/JBRS Originals/152137.pdf	data/local/bibliography_sources/152137-70f7c47e116c/152137.pdf	1	1925 | JBRS Originals	pdf	medium	reused_existing	2026-05-29T22:23:00.568971+00:00	
152142-28ab851d2a8b	28ab851d2a8bc6d7f4e7d5e02cd53b24d0f8731aad0d740dc7fbfdab3778873b	152142.pdf	111909	OBI_LIBRARY_ROOT:Thematic/Burmese/Burma JBRS/1925/152142.pdf	OBI_LIBRARY_ROOT:Thematic/Burmese/Burma JBRS/1925/152142.pdf | OBI_LIBRARY_ROOT:Thematic/Burmese/Burma JBRS/JBRS Originals/152142.pdf	data/local/bibliography_sources/152142-28ab851d2a8b/152142.pdf	1	1925 | JBRS Originals	pdf	medium	reused_existing	2026-05-29T22:23:00.568839+00:00	
152144-43e6315a2f2e	43e6315a2f2ed4c1d0fae55a04b722e5568227dff81dcd91a2f82f58fb8f706e	152144.pdf	50081	OBI_LIBRARY_ROOT:Thematic/Burmese/Burma JBRS/1925/152144.pdf	OBI_LIBRARY_ROOT:Thematic/Burmese/Burma JBRS/1925/152144.pdf | OBI_LIBRARY_ROOT:Thematic/Burmese/Burma JBRS/JBRS Originals/152144.pdf	data/local/bibliography_sources/152144-43e6315a2f2e/152144.pdf	1	1925 | JBRS Originals	pdf	medium	reused_existing	2026-05-29T22:23:00.568707+00:00	
152145-cc4567025f38	cc4567025f38d6130705c159719e5b6fcab9eb0c1c890c417490d3e516130b3c	152145.pdf	184700	OBI_LIBRARY_ROOT:Thematic/Burmese/Burma JBRS/1925/152145.pdf	OBI_LIBRARY_ROOT:Thematic/Burmese/Burma JBRS/1925/152145.pdf | OBI_LIBRARY_ROOT:Thematic/Burmese/Burma JBRS/JBRS Originals/152145.pdf	data/local/bibliography_sources/152145-cc4567025f38/152145.pdf	1	1925 | JBRS Originals	pdf	medium	reused_existing	2026-05-29T22:23:00.568582+00:00	
152148-c715f8667914	c715f8667914dd8e18fd2f9ef1aff38c75928846c9bdd0082120b384c78ad31e	152148.pdf	156052	OBI_LIBRARY_ROOT:Thematic/Burmese/Burma JBRS/JBRS Originals/152148.pdf	OBI_LIBRARY_ROOT:Thematic/Burmese/Burma JBRS/JBRS Originals/152148.pdf	data/local/bibliography_sources/152148-c715f8667914/152148.pdf	0	JBRS Originals	pdf	medium	reused_existing	2026-05-29T22:23:00.568464+00:00	
152149-faf61f15afdf	faf61f15afdfd125d34994fe6a5b1af5a522129026645b68c2a78ab160f786a0	152149.pdf	50772	OBI_LIBRARY_ROOT:Thematic/Burmese/Burma JBRS/JBRS Originals/152149.pdf	OBI_LIBRARY_ROOT:Thematic/Burmese/Burma JBRS/JBRS Originals/152149.pdf	data/local/bibliography_sources/152149-faf61f15afdf/152149.pdf	0	JBRS Originals	pdf	medium	reused_existing	2026-05-29T22:23:00.568340+00:00	
152150-83025e9c2575	83025e9c25753867a59c82f47ba4c9d810182a56637f29fa1f47e3bbb0d26756	152150.pdf	21807	OBI_LIBRARY_ROOT:Thematic/Burmese/Burma JBRS/JBRS Originals/152150.pdf	OBI_LIBRARY_ROOT:Thematic/Burmese/Burma JBRS/JBRS Originals/152150.pdf	data/local/bibliography_sources/152150-83025e9c2575/152150.pdf	0	JBRS Originals	pdf	medium	reused_existing	2026-05-29T22:23:00.568213+00:00	
152150a-2cc67d394d60	2cc67d394d6015c6c34c24fa6a080f970f39f7e2edf03f6f0964a64e22521797	152150A.pdf	66953	OBI_LIBRARY_ROOT:Thematic/Burmese/Burma JBRS/JBRS Originals/152150A.pdf	OBI_LIBRARY_ROOT:Thematic/Burmese/Burma JBRS/JBRS Originals/152150A.pdf	data/local/bibliography_sources/152150a-2cc67d394d60/152150A.pdf	0	JBRS Originals	pdf	medium	reused_existing	2026-05-29T22:23:00.568091+00:00	
152151-8a41a2a4b863	8a41a2a4b863c0d01dcbd2fe6e784ee98678d50a66314c133fb814c659f03eae	152151.pdf	26044	OBI_LIBRARY_ROOT:Thematic/Burmese/Burma JBRS/JBRS Originals/152151.pdf	OBI_LIBRARY_ROOT:Thematic/Burmese/Burma JBRS/JBRS Originals/152151.pdf	data/local/bibliography_sources/152151-8a41a2a4b863/152151.pdf	0	JBRS Originals	pdf	medium	reused_existing	2026-05-29T22:23:00.567974+00:00	
152151a-51d86292f097	51d86292f097b627ad697e6cdc933e7ff67bb6ec647092dc4dd531ae29296cf2	152151A.pdf	24654	OBI_LIBRARY_ROOT:Thematic/Burmese/Burma JBRS/JBRS Originals/152151A.pdf	OBI_LIBRARY_ROOT:Thematic/Burmese/Burma JBRS/JBRS Originals/152151A.pdf	data/local/bibliography_sources/152151a-51d86292f097/152151A.pdf	0	JBRS Originals	pdf	medium	reused_existing	2026-05-29T22:23:00.567855+00:00	
152152-a92f8d829e89	a92f8d829e89c20d9cf057d7ee3c16512b012a856927d5e9c4ac1adc33a27881	152152.pdf	46416	OBI_LIBRARY_ROOT:Thematic/Burmese/Burma JBRS/JBRS Originals/152152.pdf	OBI_LIBRARY_ROOT:Thematic/Burmese/Burma JBRS/JBRS Originals/152152.pdf	data/local/bibliography_sources/152152-a92f8d829e89/152152.pdf	0	JBRS Originals	pdf	medium	reused_existing	2026-05-29T22:23:00.567735+00:00	
152152a-285f6382111c	285f6382111c6885e8328ef74970c459ded9d4f1f8ddf0c967d383f150518972	152152A.pdf	26776	OBI_LIBRARY_ROOT:Thematic/Burmese/Burma JBRS/JBRS Originals/152152A.pdf	OBI_LIBRARY_ROOT:Thematic/Burmese/Burma JBRS/JBRS Originals/152152A.pdf	data/local/bibliography_sources/152152a-285f6382111c/152152A.pdf	0	JBRS Originals	pdf	medium	reused_existing	2026-05-29T22:23:00.567613+00:00	
152152b-1bc11c9dc132	1bc11c9dc132c2b509598994ee6cdba5a7baf9f0415ef9db0f4c634aff2bc1f6	152152B.pdf	27375	OBI_LIBRARY_ROOT:Thematic/Burmese/Burma JBRS/JBRS Originals/152152B.pdf	OBI_LIBRARY_ROOT:Thematic/Burmese/Burma JBRS/JBRS Originals/152152B.pdf	data/local/bibliography_sources/152152b-1bc11c9dc132/152152B.pdf	0	JBRS Originals	pdf	medium	reused_existing	2026-05-29T22:23:00.567495+00:00	
152153-9fa7e1dd0297	9fa7e1dd029714b410d624c5e797a763734c83a2a5bc95907a06376d994c6e7a	152153.pdf	489229	OBI_LIBRARY_ROOT:Thematic/Burmese/Burma JBRS/JBRS Originals/152153.pdf	OBI_LIBRARY_ROOT:Thematic/Burmese/Burma JBRS/JBRS Originals/152153.pdf	data/local/bibliography_sources/152153-9fa7e1dd0297/152153.pdf	0	JBRS Originals	pdf	medium	reused_existing	2026-05-29T22:23:00.567365+00:00	
152162-701768dd6791	701768dd6791085f7dae4ffe0c81b07229046ec5669086598ff9e44cd5bd9da1	152162.pdf	150305	OBI_LIBRARY_ROOT:Thematic/Burmese/Burma JBRS/1925/152162.pdf	OBI_LIBRARY_ROOT:Thematic/Burmese/Burma JBRS/1925/152162.pdf | OBI_LIBRARY_ROOT:Thematic/Burmese/Burma JBRS/JBRS Originals/152162.pdf	data/local/bibliography_sources/152162-701768dd6791/152162.pdf	1	1925 | JBRS Originals	pdf	medium	reused_existing	2026-05-29T22:23:00.567244+00:00	
152164-d00d834b9063	d00d834b9063c40287dbec513cf05954c098f2bfb0437d085d940c730c7cd2af	152164.pdf	33924	OBI_LIBRARY_ROOT:Thematic/Burmese/Burma JBRS/JBRS Originals/152164.pdf	OBI_LIBRARY_ROOT:Thematic/Burmese/Burma JBRS/JBRS Originals/152164.pdf	data/local/bibliography_sources/152164-d00d834b9063/152164.pdf	0	JBRS Originals	pdf	medium	reused_existing	2026-05-29T22:23:00.567110+00:00	
152166-d2cd815258f2	d2cd815258f2786f320c74141e3c1e2acd6d67b37a8e2c57ee01bc7bebf2c1a5	152166.pdf	132220	OBI_LIBRARY_ROOT:Thematic/Burmese/Burma JBRS/1925/152166.pdf	OBI_LIBRARY_ROOT:Thematic/Burmese/Burma JBRS/1925/152166.pdf | OBI_LIBRARY_ROOT:Thematic/Burmese/Burma JBRS/JBRS Originals/152166.pdf	data/local/bibliography_sources/152166-d2cd815258f2/152166.pdf	1	1925 | JBRS Originals	pdf	medium	reused_existing	2026-05-29T22:23:00.566985+00:00	
153171-dd8a528147e6	dd8a528147e6f23baa901e095ae0551ea8bcb77bd497c7127c21b08b0613ab95	153171.pdf	472640	OBI_LIBRARY_ROOT:Thematic/Burmese/Burma JBRS/JBRS Originals/153171.pdf	OBI_LIBRARY_ROOT:Thematic/Burmese/Burma JBRS/JBRS Originals/153171.pdf	data/local/bibliography_sources/153171-dd8a528147e6/153171.pdf	0	JBRS Originals	pdf	medium	reused_existing	2026-05-29T22:23:00.566856+00:00	
153181-d20e40b35106	d20e40b3510642466e4bffd47800a3e1e4ede2f8223f0562a3658282a532bd1c	153181.pdf	896000	OBI_LIBRARY_ROOT:Thematic/Burmese/Burma JBRS/1925/153181.pdf	OBI_LIBRARY_ROOT:Thematic/Burmese/Burma JBRS/1925/153181.pdf | OBI_LIBRARY_ROOT:Thematic/Burmese/Burma JBRS/JBRS Originals/153181.pdf	data/local/bibliography_sources/153181-d20e40b35106/153181.pdf	1	1925 | JBRS Originals	pdf	medium	reused_existing	2026-05-29T22:23:00.566734+00:00	
153196-6dfe64d80772	6dfe64d807729b6864a6394f6c5ca6964e3197773bd0b024ac59123e8f647b71	153196.pdf	1636555	OBI_LIBRARY_ROOT:Thematic/Burmese/Burma JBRS/1925/153196.pdf	OBI_LIBRARY_ROOT:Thematic/Burmese/Burma JBRS/1925/153196.pdf | OBI_LIBRARY_ROOT:Thematic/Burmese/Burma JBRS/JBRS Originals/153196.pdf	data/local/bibliography_sources/153196-6dfe64d80772/153196.pdf	1	1925 | JBRS Originals	pdf	medium	reused_existing	2026-05-29T22:23:00.566607+00:00	
153222-8c68a8fba69d	8c68a8fba69d4baa5ca4cb8cab3e9ccc7cf17eba78cf1f4c1da883367c6cd95d	153222.pdf	1503060	OBI_LIBRARY_ROOT:Thematic/Burmese/Burma JBRS/1925/153222.pdf	OBI_LIBRARY_ROOT:Thematic/Burmese/Burma JBRS/1925/153222.pdf | OBI_LIBRARY_ROOT:Thematic/Burmese/Burma JBRS/JBRS Originals/153222.pdf	data/local/bibliography_sources/153222-8c68a8fba69d/153222.pdf	1	1925 | JBRS Originals	pdf	medium	reused_existing	2026-05-29T22:23:00.566479+00:00	
153244-515f34442fa2	515f34442fa2553e9f3d9effd76ab14080f1649f3bd5e42b259f1a05e595ee52	153244.pdf	466811	OBI_LIBRARY_ROOT:Thematic/Burmese/Burma JBRS/1925/153244.pdf	OBI_LIBRARY_ROOT:Thematic/Burmese/Burma JBRS/1925/153244.pdf | OBI_LIBRARY_ROOT:Thematic/Burmese/Burma JBRS/JBRS Originals/153244.pdf	data/local/bibliography_sources/153244-515f34442fa2/153244.pdf	1	1925 | JBRS Originals	pdf	medium	reused_existing	2026-05-29T22:23:00.566351+00:00	
153254-e32b6a7943bc	e32b6a7943bc6da690d69c5e33354ce91f1db762b2fecb159564649e9df137a6	153254.pdf	908317	OBI_LIBRARY_ROOT:Thematic/Burmese/Burma JBRS/JBRS Originals/153254.pdf	OBI_LIBRARY_ROOT:Thematic/Burmese/Burma JBRS/JBRS Originals/153254.pdf	data/local/bibliography_sources/153254-e32b6a7943bc/153254.pdf	0	JBRS Originals	pdf	medium	reused_existing	2026-05-29T22:23:00.566219+00:00	
161001-450bd98c8531	450bd98c8531fdcdd47867e4d39df442ccad67a9febb017c36f5a6047178d5a8	161001.pdf	612884	OBI_LIBRARY_ROOT:Thematic/Burmese/Burma JBRS/JBRS Originals/161001.pdf	OBI_LIBRARY_ROOT:Thematic/Burmese/Burma JBRS/1926/WordMaking-Furnivall1926.pdf | OBI_LIBRARY_ROOT:Thematic/Burmese/Burma JBRS/JBRS Originals/161001.pdf	data/local/bibliography_sources/161001-450bd98c8531/161001.pdf	1	1926 | JBRS Originals	pdf	medium	reused_existing	2026-05-29T22:23:00.566097+00:00	
161011-1f3df346e666	1f3df346e6664cfbfdd8fcd244a535b319b99b2affc55ebb41a8fc62975a5059	161011.pdf	906574	OBI_LIBRARY_ROOT:Thematic/Burmese/Burma JBRS/JBRS Originals/161011.pdf	OBI_LIBRARY_ROOT:Thematic/Burmese/Burma JBRS/1926/DomMartin-Collis1926.pdf | OBI_LIBRARY_ROOT:Thematic/Burmese/Burma JBRS/JBRS Originals/161011.pdf	data/local/bibliography_sources/161011-1f3df346e666/161011.pdf	1	1926 | JBRS Originals	pdf	medium	reused_existing	2026-05-29T22:23:00.565969+00:00	
161024-14ad33e05980	14ad33e05980930086b0afd5ee53b8b459e4bd8c8f692f6826be7034b304f377	161024.pdf	831903	OBI_LIBRARY_ROOT:Thematic/Burmese/Burma JBRS/1926/161024.pdf	OBI_LIBRARY_ROOT:Thematic/Burmese/Burma JBRS/1926/161024.pdf | OBI_LIBRARY_ROOT:Thematic/Burmese/Burma JBRS/JBRS Originals/161024.pdf	data/local/bibliography_sources/161024-14ad33e05980/161024.pdf	1	1926 | JBRS Originals	pdf	medium	reused_existing	2026-05-29T22:23:00.565849+00:00	
161036-96753ad4fbfe	96753ad4fbfebdc1b25ca24a31aec63db39f19a4aaa47216ea5dceeaf2817b17	161036.pdf	463963	OBI_LIBRARY_ROOT:Thematic/Burmese/Burma JBRS/JBRS Originals/161036.pdf	OBI_LIBRARY_ROOT:Thematic/Burmese/Burma JBRS/1926/MyRamblesMraukU-6-7-Sanbaw1926.pdf | OBI_LIBRARY_ROOT:Thematic/Burmese/Burma JBRS/JBRS Originals/161036.pdf	data/local/bibliography_sources/161036-96753ad4fbfe/161036.pdf	1	1926 | JBRS Originals	pdf	medium	reused_existing	2026-05-29T22:23:00.565722+00:00	
161043-3079a396b45a	3079a396b45a52b2f6a6f257ada51000270290d1b68f624e7d99c4c7b8714947	161043.pdf	190162	OBI_LIBRARY_ROOT:Thematic/Burmese/Burma JBRS/JBRS Originals/161043.pdf	OBI_LIBRARY_ROOT:Thematic/Burmese/Burma JBRS/1926/MarriageCustom_Bate1926.pdf | OBI_LIBRARY_ROOT:Thematic/Burmese/Burma JBRS/JBRS Originals/161043.pdf	data/local/bibliography_sources/161043-3079a396b45a/161043.pdf	1	1926 | JBRS Originals	pdf	medium	reused_existing	2026-05-29T22:23:00.565576+00:00	
161046-98d33c1d89b7	98d33c1d89b762c63ceb0bd8913d8387f190a809345b8606a34a010c675f05f3	161046.pdf	756489	OBI_LIBRARY_ROOT:Thematic/Burmese/Burma JBRS/1926/161046.pdf	OBI_LIBRARY_ROOT:Thematic/Burmese/Burma JBRS/1926/161046.pdf | OBI_LIBRARY_ROOT:Thematic/Burmese/Burma JBRS/JBRS Originals/161046.pdf	data/local/bibliography_sources/161046-98d33c1d89b7/161046.pdf	1	1926 | JBRS Originals	pdf	medium	reused_existing	2026-05-29T22:23:00.565443+00:00	
161058-ba3519089170	ba3519089170f9a100433919a096c222331b8725109728099ccae7fd59e0de83	161058.pdf	680869	OBI_LIBRARY_ROOT:Thematic/Burmese/Burma JBRS/JBRS Originals/161058.pdf	OBI_LIBRARY_ROOT:Thematic/Burmese/Burma JBRS/1926/Furnivall-1926-MorePhaulkon.pdf | OBI_LIBRARY_ROOT:Thematic/Burmese/Burma JBRS/JBRS Originals/161058.pdf	data/local/bibliography_sources/161058-ba3519089170/161058.pdf	1	1926 | JBRS Originals	pdf	medium	reused_existing	2026-05-29T22:23:00.565299+00:00	
161068-24807e29e50e	24807e29e50ecb2330bbdcde3e12404950fcde5383a1310efd7b702e65ae1b01	161068.pdf	210732	OBI_LIBRARY_ROOT:Thematic/Burmese/Burma JBRS/JBRS Originals/161068.pdf	OBI_LIBRARY_ROOT:Thematic/Burmese/Burma JBRS/1926/Furnivall-1926-ArtAndMysticism.pdf | OBI_LIBRARY_ROOT:Thematic/Burmese/Burma JBRS/JBRS Originals/161068.pdf	data/local/bibliography_sources/161068-24807e29e50e/161068.pdf	1	1926 | JBRS Originals	pdf	medium	reused_existing	2026-05-29T22:23:00.565156+00:00	
162101-97bfbd67bba1	97bfbd67bba1e74459fad616d7f0b33f6ada962ad220c4e27db77e38d9be9597	162101.pdf	2607879	OBI_LIBRARY_ROOT:Thematic/Burmese/Burma JBRS/JBRS Originals/162101.pdf	OBI_LIBRARY_ROOT:Thematic/Burmese/Burma JBRS/JBRS Originals/162101.pdf	data/local/bibliography_sources/162101-97bfbd67bba1/162101.pdf	0	JBRS Originals	pdf	medium	reused_existing	2026-05-29T22:23:00.565018+00:00	
162139-d634ce27da2b	d634ce27da2b369f2e914a80c2efc09edef34eaaa62db3463dce3d5e85a6248c	162139.pdf	931584	OBI_LIBRARY_ROOT:Thematic/Burmese/Burma JBRS/JBRS Originals/162139.pdf	OBI_LIBRARY_ROOT:Thematic/Burmese/Burma JBRS/JBRS Originals/162139.pdf	data/local/bibliography_sources/162139-d634ce27da2b/162139.pdf	0	JBRS Originals	pdf	medium	reused_existing	2026-05-29T22:23:00.564890+00:00	
162150-dfdc3ba658c6	dfdc3ba658c653b8ae5092101e7f91039b07139cd52e8f46d7288dde0a218afc	162150.pdf	656705	OBI_LIBRARY_ROOT:Thematic/Burmese/Burma JBRS/JBRS Originals/162150.pdf	OBI_LIBRARY_ROOT:Thematic/Burmese/Burma JBRS/JBRS Originals/162150.pdf	data/local/bibliography_sources/162150-dfdc3ba658c6/162150.pdf	0	JBRS Originals	pdf	medium	reused_existing	2026-05-29T22:23:00.564728+00:00	
162158-5f937673c2aa	5f937673c2aaf4b9be7a8549d30ddaaf32212444444e4475f0a627696111a921	162158.pdf	66221	OBI_LIBRARY_ROOT:Thematic/Burmese/Burma JBRS/1926/162158.pdf	OBI_LIBRARY_ROOT:Thematic/Burmese/Burma JBRS/1926/162158.pdf | OBI_LIBRARY_ROOT:Thematic/Burmese/Burma JBRS/JBRS Originals/162158.pdf	data/local/bibliography_sources/162158-5f937673c2aa/162158.pdf	1	1926 | JBRS Originals	pdf	medium	reused_existing	2026-05-29T22:23:00.564578+00:00	
163166-6790ffef95b5	6790ffef95b5bf724e1efb8cb96ebecdff8685d7601cde19b1d9275b0d0f84cb	163166.pdf	760310	OBI_LIBRARY_ROOT:Thematic/Burmese/Burma JBRS/1928/163166.pdf	OBI_LIBRARY_ROOT:Thematic/Burmese/Burma JBRS/1928/163166.pdf | OBI_LIBRARY_ROOT:Thematic/Burmese/Burma JBRS/JBRS Originals/163166.pdf	data/local/bibliography_sources/163166-6790ffef95b5/163166.pdf	1	1928 | JBRS Originals	pdf	medium	reused_existing	2026-05-29T22:23:00.564460+00:00	
163176-fcce90bb44bf	fcce90bb44bfb4b7ec6c74795bd058c31a52803db8caeec110ba79ec74919d7f	163176.pdf	1783529	OBI_LIBRARY_ROOT:Thematic/Burmese/Burma JBRS/1928/163176.pdf	OBI_LIBRARY_ROOT:Thematic/Burmese/Burma JBRS/1928/163176.pdf | OBI_LIBRARY_ROOT:Thematic/Burmese/Burma JBRS/JBRS Originals/163176.pdf	data/local/bibliography_sources/163176-fcce90bb44bf/163176.pdf	1	1928 | JBRS Originals	pdf	medium	reused_existing	2026-05-29T22:23:00.564340+00:00	
163200-8794da1791a6	8794da1791a6625058ae73f25b689855cf81d49bc630bc26989bfdab917b3b0c	163200.pdf	399059	OBI_LIBRARY_ROOT:Thematic/Burmese/Burma JBRS/1926/163200.pdf	OBI_LIBRARY_ROOT:Thematic/Burmese/Burma JBRS/1926/163200.pdf | OBI_LIBRARY_ROOT:Thematic/Burmese/Burma JBRS/JBRS Originals/163200.pdf	data/local/bibliography_sources/163200-8794da1791a6/163200.pdf	1	1926 | JBRS Originals	pdf	medium	reused_existing	2026-05-29T22:23:00.564226+00:00	
163211-1aadfb635d11	1aadfb635d11b53086defd072f06cb7a6b9281afbd3de8252fe478e3391ba75d	163211.pdf	98730	OBI_LIBRARY_ROOT:Thematic/Burmese/Burma JBRS/1926/163211.pdf	OBI_LIBRARY_ROOT:Thematic/Burmese/Burma JBRS/1926/163211.pdf | OBI_LIBRARY_ROOT:Thematic/Burmese/Burma JBRS/JBRS Originals/163211.pdf	data/local/bibliography_sources/163211-1aadfb635d11/163211.pdf	1	1926 | JBRS Originals	pdf	medium	reused_existing	2026-05-29T22:23:00.564101+00:00	
163213-47f181958d75	47f181958d7543e053060d0f6bd760ca139cc8c91559e97dcdef52177ff014e9	163213.pdf	40188	OBI_LIBRARY_ROOT:Thematic/Burmese/Burma JBRS/JBRS Originals/163213.pdf	OBI_LIBRARY_ROOT:Thematic/Burmese/Burma JBRS/JBRS Originals/163213.pdf	data/local/bibliography_sources/163213-47f181958d75/163213.pdf	0	JBRS Originals	pdf	medium	reused_existing	2026-05-29T22:23:00.563993+00:00	
163214-d0a936daba98	d0a936daba980906562def0e4c7345ad1b06fad9e48346f0b6e25f51d0e35121	163214.pdf	420434	OBI_LIBRARY_ROOT:Thematic/Burmese/Burma JBRS/1926/163214.pdf	OBI_LIBRARY_ROOT:Thematic/Burmese/Burma JBRS/1926/163214.pdf | OBI_LIBRARY_ROOT:Thematic/Burmese/Burma JBRS/JBRS Originals/163214.pdf	data/local/bibliography_sources/163214-d0a936daba98/163214.pdf	1	1926 | JBRS Originals	pdf	medium	reused_existing	2026-05-29T22:23:00.563876+00:00	
163220-3d6b54c91196	3d6b54c911966cbfa70054df0a94dbee231aca783375a811a88c6fc92b85c0bb	163220.pdf	401521	OBI_LIBRARY_ROOT:Thematic/Burmese/Burma JBRS/1926/163220.pdf	OBI_LIBRARY_ROOT:Thematic/Burmese/Burma JBRS/1926/163220.pdf	data/local/bibliography_sources/163220-3d6b54c91196/163220.pdf	0	1926	pdf	medium	reused_existing	2026-05-29T22:23:00.563652+00:00	
163220-e662541eca85	e662541eca85f6cecd0cc53213dee2d61740a735a9cf6cc35df15842cce14ebd	163220.pdf	401521	OBI_LIBRARY_ROOT:Thematic/Burmese/Burma JBRS/JBRS Originals/163220.pdf	OBI_LIBRARY_ROOT:Thematic/Burmese/Burma JBRS/JBRS Originals/163220.pdf	data/local/bibliography_sources/163220-e662541eca85/163220.pdf	0	JBRS Originals	pdf	medium	reused_existing	2026-05-29T22:23:00.563762+00:00	
163227-85434c42c221	85434c42c22114ce137f6168981108578e3022592a18054037e958924572cb49	163227.pdf	190200	OBI_LIBRARY_ROOT:Thematic/Burmese/Burma JBRS/1926/163227.pdf	OBI_LIBRARY_ROOT:Thematic/Burmese/Burma JBRS/1926/163227.pdf | OBI_LIBRARY_ROOT:Thematic/Burmese/Burma JBRS/JBRS Originals/163227.pdf	data/local/bibliography_sources/163227-85434c42c221/163227.pdf	1	1926 | JBRS Originals	pdf	medium	reused_existing	2026-05-29T22:23:00.563538+00:00	
163230-f6e29a083fd9	f6e29a083fd9a747bd0977bf45aa456fad0bc85b70b100712842234369fa70b9	163230.pdf	817686	OBI_LIBRARY_ROOT:Thematic/Burmese/Burma JBRS/1926/163230.pdf	OBI_LIBRARY_ROOT:Thematic/Burmese/Burma JBRS/1926/163230.pdf | OBI_LIBRARY_ROOT:Thematic/Burmese/Burma JBRS/JBRS Originals/163230.pdf	data/local/bibliography_sources/163230-f6e29a083fd9/163230.pdf	1	1926 | JBRS Originals	pdf	medium	reused_existing	2026-05-29T22:23:00.563416+00:00	
171001-84052427e09b	84052427e09b9d38ff3a73fc2d1a32e38aea1588817ee0c02fd1ba4e99e6fd0c	171001.pdf	220060	OBI_LIBRARY_ROOT:Thematic/Burmese/Burma JBRS/JBRS Originals/171001.pdf	OBI_LIBRARY_ROOT:Thematic/Burmese/Burma JBRS/1927/EnglishRelationsBurma-Hall1927.pdf | OBI_LIBRARY_ROOT:Thematic/Burmese/Burma JBRS/JBRS Originals/171001.pdf	data/local/bibliography_sources/171001-84052427e09b/171001.pdf	1	1927 | JBRS Originals	pdf	medium	reused_existing	2026-05-29T22:23:00.563282+00:00	
172105-7def855daf0e	7def855daf0ed9809957b10c10e18e0573e8c80c63440c9d9ff88e3f1fa5801b	172105.pdf	692193	OBI_LIBRARY_ROOT:Thematic/Burmese/Burma JBRS/1927/172105.pdf	OBI_LIBRARY_ROOT:Thematic/Burmese/Burma JBRS/1927/172105.pdf | OBI_LIBRARY_ROOT:Thematic/Burmese/Burma JBRS/JBRS Originals/172105.pdf	data/local/bibliography_sources/172105-7def855daf0e/172105.pdf	1	1927 | JBRS Originals	pdf	medium	reused_existing	2026-05-29T22:23:00.563165+00:00	
172119-63915e425265	63915e425265cb1ed2a34a60f6a9f378a7c4dc8057633d115c218623ea200b88	172119.pdf	519372	OBI_LIBRARY_ROOT:Thematic/Burmese/Burma JBRS/JBRS Originals/172119.pdf	OBI_LIBRARY_ROOT:Thematic/Burmese/Burma JBRS/1927/NotesPhonetics_Armstrong.pdf | OBI_LIBRARY_ROOT:Thematic/Burmese/Burma JBRS/JBRS Originals/172119.pdf	data/local/bibliography_sources/172119-63915e425265/172119.pdf	1	1927 | JBRS Originals	pdf	medium	reused_existing	2026-05-29T22:23:00.563044+00:00	
172127-1cc5174fb172	1cc5174fb172597d1c2b436a8d07d0ab06e8cd6383891e484aa8128b8e5f0bc5	172127.pdf	2278146	OBI_LIBRARY_ROOT:Thematic/Burmese/Burma JBRS/JBRS Originals/172127.pdf	OBI_LIBRARY_ROOT:Thematic/Burmese/Burma JBRS/1927/GeographyTenasserim-Chhibber1927.pdf | OBI_LIBRARY_ROOT:Thematic/Burmese/Burma JBRS/JBRS Originals/172127.pdf	data/local/bibliography_sources/172127-1cc5174fb172/172127.pdf	1	1927 | JBRS Originals	pdf	medium	reused_existing	2026-05-29T22:23:00.562920+00:00	
172157-6e2d43365b64	6e2d43365b642a4846bf9495a871f19636e8c2e91b27d2d602d49207656137aa	172157.pdf	491171	OBI_LIBRARY_ROOT:Thematic/Burmese/Burma JBRS/1927/172157.pdf	OBI_LIBRARY_ROOT:Thematic/Burmese/Burma JBRS/1927/172157.pdf | OBI_LIBRARY_ROOT:Thematic/Burmese/Burma JBRS/JBRS Originals/172157.pdf	data/local/bibliography_sources/172157-6e2d43365b64/172157.pdf	1	1927 | JBRS Originals	pdf	medium	reused_existing	2026-05-29T22:23:00.562800+00:00	
172165-43733b36bc41	43733b36bc419e059c28a0cd132112edd2fed6b06a73f3cfbc0914916df6fbca	172165.pdf	148184	OBI_LIBRARY_ROOT:Thematic/Burmese/Burma JBRS/JBRS Originals/172165.pdf	OBI_LIBRARY_ROOT:Thematic/Burmese/Burma JBRS/1927/KalaLanguage-Harding1927.pdf | OBI_LIBRARY_ROOT:Thematic/Burmese/Burma JBRS/JBRS Originals/172165.pdf	data/local/bibliography_sources/172165-43733b36bc41/172165.pdf	1	1927 | JBRS Originals	pdf	medium	reused_existing	2026-05-29T22:23:00.562679+00:00	
173169-556a95aa00c4	556a95aa00c4fb5e9041416a675b75d4baba5edc1aad4b7ec645f6dcd8c32516	173169.pdf	338573	OBI_LIBRARY_ROOT:Thematic/Burmese/Burma JBRS/JBRS Originals/173169.pdf	OBI_LIBRARY_ROOT:Thematic/Burmese/Burma JBRS/1927/AncientVolcanoes-Chhibber1927.pdf | OBI_LIBRARY_ROOT:Thematic/Burmese/Burma JBRS/JBRS Originals/173169.pdf	data/local/bibliography_sources/173169-556a95aa00c4/173169.pdf	1	1927 | JBRS Originals	pdf	medium	reused_existing	2026-05-29T22:23:00.562558+00:00	
173174-6058a5bc8892	6058a5bc88922792d1b6f02c0f64d182cd82fea32eac322abd4f9269da154959	173174.pdf	128837	OBI_LIBRARY_ROOT:Thematic/Burmese/Burma JBRS/JBRS Originals/173174.pdf	OBI_LIBRARY_ROOT:Thematic/Burmese/Burma JBRS/1927/MountPopa_Chhibber1927.pdf | OBI_LIBRARY_ROOT:Thematic/Burmese/Burma JBRS/JBRS Originals/173174.pdf	data/local/bibliography_sources/173174-6058a5bc8892/173174.pdf	1	1927 | JBRS Originals	pdf	medium	reused_existing	2026-05-29T22:23:00.562432+00:00	
173176-cf8642affb2a	cf8642affb2acb2b8eccd933c5a7070401028f150c59505299dfe3ad950f1ddf	173176.pdf	77850	OBI_LIBRARY_ROOT:Thematic/Burmese/Burma JBRS/JBRS Originals/173176.pdf	OBI_LIBRARY_ROOT:Thematic/Burmese/Burma JBRS/1927/MudVolcanoesMinbu-Connor1927.pdf | OBI_LIBRARY_ROOT:Thematic/Burmese/Burma JBRS/JBRS Originals/173176.pdf	data/local/bibliography_sources/173176-cf8642affb2a/173176.pdf	1	1927 | JBRS Originals	pdf	medium	reused_existing	2026-05-29T22:23:00.562308+00:00	
173177-03021e2137b7	03021e2137b725d60d88871170f5e1a1baf3b786cfc8122ab430cceef6632c13	173177.pdf	802168	OBI_LIBRARY_ROOT:Thematic/Burmese/Burma JBRS/JBRS Originals/173177.pdf	OBI_LIBRARY_ROOT:Thematic/Burmese/Burma JBRS/1927/FossilRocksPegu-Stamp1927.pdf | OBI_LIBRARY_ROOT:Thematic/Burmese/Burma JBRS/JBRS Originals/173177.pdf	data/local/bibliography_sources/173177-03021e2137b7/173177.pdf	1	1927 | JBRS Originals	pdf	medium	reused_existing	2026-05-29T22:23:00.562177+00:00	
173190-4a6e1b9c5700	4a6e1b9c57003cbe3a8b29cf9289e29118a72c4fbfa36726d07ed91227445921	173190.pdf	2376999	OBI_LIBRARY_ROOT:Thematic/Burmese/Burma JBRS/1927/173190.pdf	OBI_LIBRARY_ROOT:Thematic/Burmese/Burma JBRS/1927/173190.pdf | OBI_LIBRARY_ROOT:Thematic/Burmese/Burma JBRS/JBRS Originals/173190.pdf	data/local/bibliography_sources/173190-4a6e1b9c5700/173190.pdf	1	1927 | JBRS Originals	pdf	medium	reused_existing	2026-05-29T22:23:00.562009+00:00	
173238-cbcb07b75cb7	cbcb07b75cb7a432b5233d8e82694dfb61493c272c17253647ca09d249ecffce	173238.pdf	372618	OBI_LIBRARY_ROOT:Thematic/Burmese/Burma JBRS/1927/173238.pdf	OBI_LIBRARY_ROOT:Thematic/Burmese/Burma JBRS/1927/173238.pdf | OBI_LIBRARY_ROOT:Thematic/Burmese/Burma JBRS/JBRS Originals/173238.pdf	data/local/bibliography_sources/173238-cbcb07b75cb7/173238.pdf	1	1927 | JBRS Originals	pdf	medium	reused_existing	2026-05-29T22:23:00.561888+00:00	
173244-793180541919	7931805419193e3ada76b348d53d55a62fd5c5f6e28c7f17944696d9ef7ac386	173244.pdf	501142	OBI_LIBRARY_ROOT:Thematic/Burmese/Burma JBRS/1927/173244.pdf	OBI_LIBRARY_ROOT:Thematic/Burmese/Burma JBRS/1927/173244.pdf | OBI_LIBRARY_ROOT:Thematic/Burmese/Burma JBRS/JBRS Originals/173244.pdf	data/local/bibliography_sources/173244-793180541919/173244.pdf	1	1927 | JBRS Originals	pdf	medium	reused_existing	2026-05-29T22:23:00.561768+00:00	
173252-8d1501849396	8d15018493962d00a0a824b65ca1735d32be962c763d40e2913836069ff5cc3a	173252.pdf	290588	OBI_LIBRARY_ROOT:Thematic/Burmese/Burma JBRS/1927/173252.pdf	OBI_LIBRARY_ROOT:Thematic/Burmese/Burma JBRS/1927/173252.pdf | OBI_LIBRARY_ROOT:Thematic/Burmese/Burma JBRS/JBRS Originals/173252.pdf	data/local/bibliography_sources/173252-8d1501849396/173252.pdf	1	1927 | JBRS Originals	pdf	medium	reused_existing	2026-05-29T22:23:00.561645+00:00	
173257-37007a05bfa0	37007a05bfa0b3b79e99be637eefb7578665d82e82af9d0d697a7e602e835617	173257.pdf	123814	OBI_LIBRARY_ROOT:Thematic/Burmese/Burma JBRS/1927/173257.pdf	OBI_LIBRARY_ROOT:Thematic/Burmese/Burma JBRS/1927/173257.pdf | OBI_LIBRARY_ROOT:Thematic/Burmese/Burma JBRS/JBRS Originals/173257.pdf	data/local/bibliography_sources/173257-37007a05bfa0/173257.pdf	1	1927 | JBRS Originals	pdf	medium	reused_existing	2026-05-29T22:23:00.561528+00:00	
173259-dcd317851ed1	dcd317851ed138cc06fda715d36457e87e234bff184d8907cf41a6d0a075d752	173259.pdf	661757	OBI_LIBRARY_ROOT:Thematic/Burmese/Burma JBRS/1927/173259.pdf	OBI_LIBRARY_ROOT:Thematic/Burmese/Burma JBRS/1927/173259.pdf | OBI_LIBRARY_ROOT:Thematic/Burmese/Burma JBRS/JBRS Originals/173259.pdf	data/local/bibliography_sources/173259-dcd317851ed1/173259.pdf	1	1927 | JBRS Originals	pdf	medium	reused_existing	2026-05-29T22:23:00.561400+00:00	
173270-d6ef2d83dc98	d6ef2d83dc98755b3caf6b10f112673fadf36fdadaa2181d6c46a4f09372174c	173270.pdf	961265	OBI_LIBRARY_ROOT:Thematic/Burmese/Burma JBRS/1927/173270.pdf	OBI_LIBRARY_ROOT:Thematic/Burmese/Burma JBRS/1927/173270.pdf | OBI_LIBRARY_ROOT:Thematic/Burmese/Burma JBRS/JBRS Originals/173270.pdf	data/local/bibliography_sources/173270-d6ef2d83dc98/173270.pdf	1	1927 | JBRS Originals	pdf	medium	reused_existing	2026-05-29T22:23:00.561278+00:00	
181001-962e62798285	962e627982851d092adb3b33cb1a7c341fa5d18384c4fbc469ef970de4f157a1	181001.pdf	885922	OBI_LIBRARY_ROOT:Thematic/Burmese/Burma JBRS/1928/181001.pdf	OBI_LIBRARY_ROOT:Thematic/Burmese/Burma JBRS/1928/181001.pdf | OBI_LIBRARY_ROOT:Thematic/Burmese/Burma JBRS/JBRS Originals/181001.pdf	data/local/bibliography_sources/181001-962e62798285/181001.pdf	1	1928 | JBRS Originals	pdf	medium	reused_existing	2026-05-29T22:23:00.561156+00:00	
181012-33cb3fb8a6d8	33cb3fb8a6d8d70dbb90c3a6c882663d3cbf60c35b74c86ecb2a2769332b65d2	181012.pdf	199645	OBI_LIBRARY_ROOT:Thematic/Burmese/Burma JBRS/JBRS Originals/181012.pdf	OBI_LIBRARY_ROOT:Thematic/Burmese/Burma JBRS/1928/GreekAnthology-Stewart1928.pdf | OBI_LIBRARY_ROOT:Thematic/Burmese/Burma JBRS/JBRS Originals/181012.pdf	data/local/bibliography_sources/181012-33cb3fb8a6d8/181012.pdf	1	1928 | JBRS Originals	pdf	medium	reused_existing	2026-05-29T22:23:00.561036+00:00	
181016-005a85035d1a	005a85035d1abbedb603097ff5273335414c1685903b0b54d358d1b6c6c7b506	181016.pdf	398020	OBI_LIBRARY_ROOT:Thematic/Burmese/Burma JBRS/JBRS Originals/181016.pdf	OBI_LIBRARY_ROOT:Thematic/Burmese/Burma JBRS/JBRS Originals/181016.pdf	data/local/bibliography_sources/181016-005a85035d1a/181016.pdf	0	JBRS Originals	pdf	medium	reused_existing	2026-05-29T22:23:00.560903+00:00	
181021-e1ec970f5c06	e1ec970f5c069522807895df3fbfb40415c26f251b0a02626632bb8848be7892	181021.pdf	775711	OBI_LIBRARY_ROOT:Thematic/Burmese/Burma JBRS/JBRS Originals/181021.pdf	OBI_LIBRARY_ROOT:Thematic/Burmese/Burma JBRS/1928/TalaingInscription-Blagden1928.pdf | OBI_LIBRARY_ROOT:Thematic/Burmese/Burma JBRS/JBRS Originals/181021.pdf	data/local/bibliography_sources/181021-e1ec970f5c06/181021.pdf	1	1928 | JBRS Originals	pdf	medium	reused_existing	2026-05-29T22:23:00.560786+00:00	
181035-c6123f3db422	c6123f3db4221e931c1270068fe13c53e74d0767c710fdb48100c79d0f410c76	181035.pdf	651850	OBI_LIBRARY_ROOT:Thematic/Burmese/Burma JBRS/1928/181035.pdf	OBI_LIBRARY_ROOT:Thematic/Burmese/Burma JBRS/1928/181035.pdf | OBI_LIBRARY_ROOT:Thematic/Burmese/Burma JBRS/JBRS Originals/181035.pdf	data/local/bibliography_sources/181035-c6123f3db422/181035.pdf	1	1928 | JBRS Originals	pdf	medium	reused_existing	2026-05-29T22:23:00.560680+00:00	
181044-21aa5be6e926	21aa5be6e926a24d8fcee3d28f8f45792041420e9c6c0fb0aecdd2855909284a	181044.pdf	504079	OBI_LIBRARY_ROOT:Thematic/Burmese/Burma JBRS/JBRS Originals/181044.pdf	OBI_LIBRARY_ROOT:Thematic/Burmese/Burma JBRS/1928/Ka-1928-ArakaneseRomance.pdf | OBI_LIBRARY_ROOT:Thematic/Burmese/Burma JBRS/JBRS Originals/181044.pdf	data/local/bibliography_sources/181044-21aa5be6e926/181044.pdf	1	1928 | JBRS Originals	pdf	medium	reused_existing	2026-05-29T22:23:00.560578+00:00	
182051-915f34b1d8a8	915f34b1d8a822ca13854b4ccb3729956089a9e9b9bb29cb8244fcbac1977273	182051.pdf	892429	OBI_LIBRARY_ROOT:Thematic/Burmese/Burma JBRS/JBRS Originals/182051.pdf	OBI_LIBRARY_ROOT:Thematic/Burmese/Burma JBRS/JBRS Originals/182051.pdf	data/local/bibliography_sources/182051-915f34b1d8a8/182051.pdf	0	JBRS Originals	pdf	medium	reused_existing	2026-05-29T22:23:00.560474+00:00	
182062-6501ea80f0f4	6501ea80f0f45e8fdb0609b21eac048884991922132d80f79d83b90bc64f9d52	182062.pdf	462497	OBI_LIBRARY_ROOT:Thematic/Burmese/Burma JBRS/JBRS Originals/182062.pdf	OBI_LIBRARY_ROOT:Thematic/Burmese/Burma JBRS/1928/MerchantPioneer-Symns1928.pdf | OBI_LIBRARY_ROOT:Thematic/Burmese/Burma JBRS/JBRS Originals/182062.pdf	data/local/bibliography_sources/182062-6501ea80f0f4/182062.pdf	1	1928 | JBRS Originals	pdf	medium	reused_existing	2026-05-29T22:23:00.560366+00:00	
182069-a2ca06a74fba	a2ca06a74fbac035c3769c3e83ed121e0a81d490814ecdfffe0f728a58ac0a3f	182069.pdf	191520	OBI_LIBRARY_ROOT:Thematic/Burmese/Burma JBRS/JBRS Originals/182069.pdf	OBI_LIBRARY_ROOT:Thematic/Burmese/Burma JBRS/1928/Templatelawksuk-Luce1928.pdf | OBI_LIBRARY_ROOT:Thematic/Burmese/Burma JBRS/JBRS Originals/182069.pdf	data/local/bibliography_sources/182069-a2ca06a74fba/182069.pdf	1	1928 | JBRS Originals	pdf	medium	reused_existing	2026-05-29T22:23:00.560257+00:00	
182071-651517c09d1d	651517c09d1dc2a8e339b136ee7bc48ae7c96f27bf2d15690a4369e280083eae	182071.pdf	31945	OBI_LIBRARY_ROOT:Thematic/Burmese/Burma JBRS/1928/182071.pdf	OBI_LIBRARY_ROOT:Thematic/Burmese/Burma JBRS/1928/182071.pdf | OBI_LIBRARY_ROOT:Thematic/Burmese/Burma JBRS/JBRS Originals/182071.pdf	data/local/bibliography_sources/182071-651517c09d1d/182071.pdf	1	1928 | JBRS Originals	pdf	medium	reused_existing	2026-05-29T22:23:00.560149+00:00	
182072-0ea88e417bcf	0ea88e417bcfc6225da4f986154bb9dc33435a638741781778a38b3a86a9199f	182072.pdf	88812	OBI_LIBRARY_ROOT:Thematic/Burmese/Burma JBRS/1928/182072.pdf	OBI_LIBRARY_ROOT:Thematic/Burmese/Burma JBRS/1928/182072.pdf | OBI_LIBRARY_ROOT:Thematic/Burmese/Burma JBRS/JBRS Originals/182072.pdf	data/local/bibliography_sources/182072-0ea88e417bcf/182072.pdf	1	1928 | JBRS Originals	pdf	medium	reused_existing	2026-05-29T22:23:00.560046+00:00	
183075-1816e00dbb07	1816e00dbb0784906f0488ca0ecc9d70acbacef79171f4272679019a8245cfec	183075.pdf	147340	OBI_LIBRARY_ROOT:Thematic/Burmese/Burma JBRS/1928/183075.pdf	OBI_LIBRARY_ROOT:Thematic/Burmese/Burma JBRS/1928/183075.pdf | OBI_LIBRARY_ROOT:Thematic/Burmese/Burma JBRS/JBRS Originals/183075.pdf	data/local/bibliography_sources/183075-1816e00dbb07/183075.pdf	1	1928 | JBRS Originals	pdf	medium	reused_existing	2026-05-29T22:23:00.559935+00:00	
183078-fdac84208dbe	fdac84208dbe78250e4a89e66883c1fa1040eb61fff408a9e6b0209737760341	183078.pdf	122913	OBI_LIBRARY_ROOT:Thematic/Burmese/Burma JBRS/1928/183078.pdf	OBI_LIBRARY_ROOT:Thematic/Burmese/Burma JBRS/1928/183078.pdf | OBI_LIBRARY_ROOT:Thematic/Burmese/Burma JBRS/JBRS Originals/183078.pdf	data/local/bibliography_sources/183078-fdac84208dbe/183078.pdf	1	1928 | JBRS Originals	pdf	medium	reused_existing	2026-05-29T22:23:00.559792+00:00	
183080-3d891f28edef	3d891f28edefb33e0527d6fdcd9ef76d6a6a492bb183990f10498a9316ec5cc3	183080.pdf	787616	OBI_LIBRARY_ROOT:Thematic/Burmese/Burma JBRS/1928/183080.pdf	OBI_LIBRARY_ROOT:Thematic/Burmese/Burma JBRS/1928/183080.pdf | OBI_LIBRARY_ROOT:Thematic/Burmese/Burma JBRS/JBRS Originals/183080.pdf	data/local/bibliography_sources/183080-3d891f28edef/183080.pdf	1	1928 | JBRS Originals	pdf	medium	reused_existing	2026-05-29T22:23:00.559632+00:00	
183098-db13706dabbc	db13706dabbc646d7c841a529e149d83719080c68bd1138dbaafb6b48a951817	183098.pdf	114797	OBI_LIBRARY_ROOT:Thematic/Burmese/Burma JBRS/JBRS Originals/183098.pdf	OBI_LIBRARY_ROOT:Thematic/Burmese/Burma JBRS/JBRS Originals/183098.pdf	data/local/bibliography_sources/183098-db13706dabbc/183098.pdf	0	JBRS Originals	pdf	medium	reused_existing	2026-05-29T22:23:00.559526+00:00	
183102-2ac79d8d2fdc	2ac79d8d2fdc8ac2197d1cf83aeb8bb598603abc2f0c9cb5e63c5c211c3d9536	183102.pdf	502697	OBI_LIBRARY_ROOT:Thematic/Burmese/Burma JBRS/1928/183102.pdf	OBI_LIBRARY_ROOT:Thematic/Burmese/Burma JBRS/1928/183102.pdf | OBI_LIBRARY_ROOT:Thematic/Burmese/Burma JBRS/JBRS Originals/183102.pdf	data/local/bibliography_sources/183102-2ac79d8d2fdc/183102.pdf	1	1928 | JBRS Originals	pdf	medium	reused_existing	2026-05-29T22:23:00.559406+00:00	
183110-730ce045039d	730ce045039d5742dc08874d8be316da3e014f74935fff42308ccd84ac1ec5ac	183110.pdf	126366	OBI_LIBRARY_ROOT:Thematic/Burmese/Burma JBRS/1928/183110.pdf	OBI_LIBRARY_ROOT:Thematic/Burmese/Burma JBRS/1928/183110.pdf | OBI_LIBRARY_ROOT:Thematic/Burmese/Burma JBRS/JBRS Originals/183110.pdf	data/local/bibliography_sources/183110-730ce045039d/183110.pdf	1	1928 | JBRS Originals	pdf	medium	reused_existing	2026-05-29T22:23:00.559295+00:00	
183112-11e7d3df44c3	11e7d3df44c3e6a220afb64a4a25daa1d7998167e0a2081382c04671a48275e5	183112.pdf	226106	OBI_LIBRARY_ROOT:Thematic/Burmese/Burma JBRS/1928/183112.pdf	OBI_LIBRARY_ROOT:Thematic/Burmese/Burma JBRS/1928/183112.pdf | OBI_LIBRARY_ROOT:Thematic/Burmese/Burma JBRS/JBRS Originals/183112.pdf	data/local/bibliography_sources/183112-11e7d3df44c3/183112.pdf	1	1928 | JBRS Originals	pdf	medium	reused_existing	2026-05-29T22:23:00.559185+00:00	
183116-903defc7fdf1	903defc7fdf156c1461d981acca945d8551ef4cbd5e451882d506e209e18ec99	183116.pdf	436993	OBI_LIBRARY_ROOT:Thematic/Burmese/Burma JBRS/1928/183116.pdf	OBI_LIBRARY_ROOT:Thematic/Burmese/Burma JBRS/1928/183116.pdf | OBI_LIBRARY_ROOT:Thematic/Burmese/Burma JBRS/JBRS Originals/183116.pdf	data/local/bibliography_sources/183116-903defc7fdf1/183116.pdf	1	1928 | JBRS Originals	pdf	medium	reused_existing	2026-05-29T22:23:00.559079+00:00	
183120-1b7fb9bdf189	1b7fb9bdf1895078a110e968b28df45b997f8a22c427ec06d5c639a52cc4bc56	183120.pdf	250277	OBI_LIBRARY_ROOT:Thematic/Burmese/Burma JBRS/1928/183120.pdf	OBI_LIBRARY_ROOT:Thematic/Burmese/Burma JBRS/1928/183120.pdf | OBI_LIBRARY_ROOT:Thematic/Burmese/Burma JBRS/JBRS Originals/183120.pdf	data/local/bibliography_sources/183120-1b7fb9bdf189/183120.pdf	1	1928 | JBRS Originals	pdf	medium	reused_existing	2026-05-29T22:23:00.558971+00:00	
183124-1c440ec9a32d	1c440ec9a32d10a17598d295906113a6889665453472954baf1da9ab8e32e270	183124.pdf	694304	OBI_LIBRARY_ROOT:Thematic/Burmese/Burma JBRS/JBRS Originals/183124.pdf	OBI_LIBRARY_ROOT:Thematic/Burmese/Burma JBRS/1928/LimestoneCaves_Chhibber1928.pdf | OBI_LIBRARY_ROOT:Thematic/Burmese/Burma JBRS/JBRS Originals/183124.pdf	data/local/bibliography_sources/183124-1c440ec9a32d/183124.pdf	1	1928 | JBRS Originals	pdf	medium	reused_existing	2026-05-29T22:23:00.558864+00:00	
183132-e83bdb66544b	e83bdb66544b17204f1ceaafcc818aea245910c32dd9cd8e22049b13745683c2	183132.pdf	804925	OBI_LIBRARY_ROOT:Thematic/Burmese/Burma JBRS/JBRS Originals/183132.pdf	OBI_LIBRARY_ROOT:Thematic/Burmese/Burma JBRS/JBRS Originals/183132.pdf	data/local/bibliography_sources/183132-e83bdb66544b/183132.pdf	0	JBRS Originals	pdf	medium	reused_existing	2026-05-29T22:23:00.558753+00:00	
191001-0f934914c35c	0f934914c35c17fec963ac25dfecf10d38f9e4f63294acaa52dfc39a1edf9db3	191001.pdf	1135629	OBI_LIBRARY_ROOT:Thematic/Burmese/Burma JBRS/JBRS Originals/191001.pdf	OBI_LIBRARY_ROOT:Thematic/Burmese/Burma JBRS/1929/KarwenDrums-Marshall1929.pdf | OBI_LIBRARY_ROOT:Thematic/Burmese/Burma JBRS/JBRS Originals/191001.pdf	data/local/bibliography_sources/191001-0f934914c35c/191001.pdf	1	1929 | JBRS Originals	pdf	medium	reused_existing	2026-05-29T22:23:00.558645+00:00	
191015-c05a3e1df08b	c05a3e1df08bdba9fee60aac10ed75007d319c51ea06bd748a7162635d431cb6	191015.pdf	737726	OBI_LIBRARY_ROOT:Thematic/Burmese/Burma JBRS/1929/191015.pdf	OBI_LIBRARY_ROOT:Thematic/Burmese/Burma JBRS/1929/191015.pdf | OBI_LIBRARY_ROOT:Thematic/Burmese/Burma JBRS/JBRS Originals/191015.pdf	data/local/bibliography_sources/191015-c05a3e1df08b/191015.pdf	1	1929 | JBRS Originals	pdf	medium	reused_existing	2026-05-29T22:23:00.558539+00:00	
191025-5f312423bfce	5f312423bfce550a8cca7173717ec89446a6b7466feb3d4872208806fb5f2e9c	191025.pdf	172486	OBI_LIBRARY_ROOT:Thematic/Burmese/Burma JBRS/1929/191025.pdf	OBI_LIBRARY_ROOT:Thematic/Burmese/Burma JBRS/1929/191025.pdf | OBI_LIBRARY_ROOT:Thematic/Burmese/Burma JBRS/JBRS Originals/191025.pdf	data/local/bibliography_sources/191025-5f312423bfce/191025.pdf	1	1929 | JBRS Originals	pdf	medium	reused_existing	2026-05-29T22:23:00.558433+00:00	
191028-0b9ed64bdd6b	0b9ed64bdd6b6285884352142f41715be0535a77bad9fdb1fb302a70e338064d	191028.pdf	125785	OBI_LIBRARY_ROOT:Thematic/Burmese/Burma JBRS/1929/191028.pdf	OBI_LIBRARY_ROOT:Thematic/Burmese/Burma JBRS/1929/191028.pdf | OBI_LIBRARY_ROOT:Thematic/Burmese/Burma JBRS/JBRS Originals/191028.pdf	data/local/bibliography_sources/191028-0b9ed64bdd6b/191028.pdf	1	1929 | JBRS Originals	pdf	medium	reused_existing	2026-05-29T22:23:00.558327+00:00	
192031-6ec1941589dc	6ec1941589dc082dd5c4b2f9f9f5dc82f19b0ac20a10d8ec3a5b462999438b71	192031.pdf	445845	OBI_LIBRARY_ROOT:Thematic/Burmese/Burma JBRS/JBRS Originals/192031.pdf	OBI_LIBRARY_ROOT:Thematic/Burmese/Burma JBRS/JBRS Originals/192031.pdf	data/local/bibliography_sources/192031-6ec1941589dc/192031.pdf	0	JBRS Originals	pdf	medium	reused_existing	2026-05-29T22:23:00.558223+00:00	
192036-e203c6694577	e203c6694577c175bacd9c5f26f234f292b6a9f0beb06240e06330643342787b	192036.pdf	557408	OBI_LIBRARY_ROOT:Thematic/Burmese/Burma JBRS/1929/192036.pdf	OBI_LIBRARY_ROOT:Thematic/Burmese/Burma JBRS/1929/192036.pdf | OBI_LIBRARY_ROOT:Thematic/Burmese/Burma JBRS/JBRS Originals/192036.pdf	data/local/bibliography_sources/192036-e203c6694577/192036.pdf	1	1929 | JBRS Originals	pdf	medium	reused_existing	2026-05-29T22:23:00.558102+00:00	
192043-301f1e5c4f12	301f1e5c4f12d9260757a096f387714be15d88863943d66dd455c780126fe0a2	192043.pdf	73698	OBI_LIBRARY_ROOT:Thematic/Burmese/Burma JBRS/1929/192043.pdf	OBI_LIBRARY_ROOT:Thematic/Burmese/Burma JBRS/1929/192043.pdf | OBI_LIBRARY_ROOT:Thematic/Burmese/Burma JBRS/JBRS Originals/192043.pdf	data/local/bibliography_sources/192043-301f1e5c4f12/192043.pdf	1	1929 | JBRS Originals	pdf	medium	reused_existing	2026-05-29T22:23:00.557995+00:00	
192045-a88f57dc7c00	a88f57dc7c008965c73cc828c16a78acac615d31e81bbedbce1a0801a577610b	192045.pdf	67620	OBI_LIBRARY_ROOT:Thematic/Burmese/Burma JBRS/JBRS Originals/192045.pdf	OBI_LIBRARY_ROOT:Thematic/Burmese/Burma JBRS/1929/SixFingerBuddha-Ka1929.pdf | OBI_LIBRARY_ROOT:Thematic/Burmese/Burma JBRS/JBRS Originals/192045.pdf	data/local/bibliography_sources/192045-a88f57dc7c00/192045.pdf	1	1929 | JBRS Originals	pdf	medium	reused_existing	2026-05-29T22:23:00.557890+00:00	
192047-daf4b8229721	daf4b8229721feab42135cb0abf8e1a12924f89497ef2555fc9221e1d2a5f5ff	192047.pdf	623527	OBI_LIBRARY_ROOT:Thematic/Burmese/Burma JBRS/JBRS Originals/192047.pdf	OBI_LIBRARY_ROOT:Thematic/Burmese/Burma JBRS/1929/SaltAmherst_Chhibber1929.pdf | OBI_LIBRARY_ROOT:Thematic/Burmese/Burma JBRS/JBRS Originals/192047.pdf	data/local/bibliography_sources/192047-daf4b8229721/192047.pdf	1	1929 | JBRS Originals	pdf	medium	reused_existing	2026-05-29T22:23:00.557788+00:00	
193057-0717fbed4a03	0717fbed4a033bd719856cc7b1b1ca270b49b5da56513ced9bae47dbf97bf59d	193057.pdf	631984	OBI_LIBRARY_ROOT:Thematic/Burmese/Burma JBRS/1929/193057.pdf	OBI_LIBRARY_ROOT:Thematic/Burmese/Burma JBRS/1929/193057.pdf | OBI_LIBRARY_ROOT:Thematic/Burmese/Burma JBRS/JBRS Originals/193057.pdf	data/local/bibliography_sources/193057-0717fbed4a03/193057.pdf	1	1929 | JBRS Originals	pdf	medium	reused_existing	2026-05-29T22:23:00.557683+00:00	
193067-ae4aa92881d5	ae4aa92881d52f0a7e711f3ddfdf3ff28c7a1217d7d5dc178030ca1750a0e99f	193067.pdf	126119	OBI_LIBRARY_ROOT:Thematic/Burmese/Burma JBRS/1929/193067.pdf	OBI_LIBRARY_ROOT:Thematic/Burmese/Burma JBRS/1929/193067.pdf | OBI_LIBRARY_ROOT:Thematic/Burmese/Burma JBRS/JBRS Originals/193067.pdf	data/local/bibliography_sources/193067-ae4aa92881d5/193067.pdf	1	1929 | JBRS Originals	pdf	medium	reused_existing	2026-05-29T22:23:00.557578+00:00	
193069-47fb5e4167f6	47fb5e4167f6e1f6c8143c758ccb73ea09c02d395b12a5d74b06d4f2ba05dc6c	193069.pdf	140731	OBI_LIBRARY_ROOT:Thematic/Burmese/Burma JBRS/1929/193069.pdf	OBI_LIBRARY_ROOT:Thematic/Burmese/Burma JBRS/1929/193069.pdf | OBI_LIBRARY_ROOT:Thematic/Burmese/Burma JBRS/JBRS Originals/193069.pdf	data/local/bibliography_sources/193069-47fb5e4167f6/193069.pdf	1	1929 | JBRS Originals	pdf	medium	reused_existing	2026-05-29T22:23:00.557468+00:00	
193071-fb03fbfb7bf5	fb03fbfb7bf57841dcdc265a6de2c7800f752ef77b2bd3944874a080b4fd1261	193071.pdf	131545	OBI_LIBRARY_ROOT:Thematic/Burmese/Burma JBRS/1929/193071.pdf	OBI_LIBRARY_ROOT:Thematic/Burmese/Burma JBRS/1929/193071.pdf | OBI_LIBRARY_ROOT:Thematic/Burmese/Burma JBRS/JBRS Originals/193071.pdf	data/local/bibliography_sources/193071-fb03fbfb7bf5/193071.pdf	1	1929 | JBRS Originals	pdf	medium	reused_existing	2026-05-29T22:23:00.557364+00:00	
193073-a9547e5fc107	a9547e5fc107560da166d4294f06adbfccf41be4d903fe77213bb371dba4e58e	193073.pdf	132865	OBI_LIBRARY_ROOT:Thematic/Burmese/Burma JBRS/1929/193073.pdf	OBI_LIBRARY_ROOT:Thematic/Burmese/Burma JBRS/1929/193073.pdf | OBI_LIBRARY_ROOT:Thematic/Burmese/Burma JBRS/JBRS Originals/193073.pdf	data/local/bibliography_sources/193073-a9547e5fc107/193073.pdf	1	1929 | JBRS Originals	pdf	medium	reused_existing	2026-05-29T22:23:00.557256+00:00	
193076-fc423f599ef9	fc423f599ef905034aa19a1111130300ca861261767991c5f47ec392907d34bf	193076.pdf	111605	OBI_LIBRARY_ROOT:Thematic/Burmese/Burma JBRS/1929/193076.pdf	OBI_LIBRARY_ROOT:Thematic/Burmese/Burma JBRS/1929/193076.pdf | OBI_LIBRARY_ROOT:Thematic/Burmese/Burma JBRS/JBRS Originals/193076.pdf	data/local/bibliography_sources/193076-fc423f599ef9/193076.pdf	1	1929 | JBRS Originals	pdf	medium	reused_existing	2026-05-29T22:23:00.557151+00:00	
193080-a012af413891	a012af4138919f6ef213c4415b963211eafb60c1a76e62a7e48c52388b4926f5	193080.pdf	261245	OBI_LIBRARY_ROOT:Thematic/Burmese/Burma JBRS/1929/193080.pdf	OBI_LIBRARY_ROOT:Thematic/Burmese/Burma JBRS/1929/193080.pdf | OBI_LIBRARY_ROOT:Thematic/Burmese/Burma JBRS/JBRS Originals/193080.pdf	data/local/bibliography_sources/193080-a012af413891/193080.pdf	1	1929 | JBRS Originals	pdf	medium	reused_existing	2026-05-29T22:23:00.557024+00:00	
193083-0a91111a45d3	0a91111a45d327cb7df057d8ee7398f4187f1f457770bede83378414253d6a63	193083.pdf	842801	OBI_LIBRARY_ROOT:Thematic/Burmese/Burma JBRS/JBRS Originals/193083.pdf	OBI_LIBRARY_ROOT:Thematic/Burmese/Burma JBRS/1929/Tenasserim-Furnivall1929.pdf | OBI_LIBRARY_ROOT:Thematic/Burmese/Burma JBRS/JBRS Originals/193083.pdf	data/local/bibliography_sources/193083-0a91111a45d3/193083.pdf	1	1929 | JBRS Originals	pdf	medium	reused_existing	2026-05-29T22:23:00.556911+00:00	
193094-16e74c299627	16e74c2996272a9d5592fa6056817c9326e734b4598e92f9998623291c40adde	193094.pdf	95180	OBI_LIBRARY_ROOT:Thematic/Burmese/Burma JBRS/JBRS Originals/193094.pdf	OBI_LIBRARY_ROOT:Thematic/Burmese/Burma JBRS/1929/CurrencyCoinage-Temple1929.pdf | OBI_LIBRARY_ROOT:Thematic/Burmese/Burma JBRS/JBRS Originals/193094.pdf	data/local/bibliography_sources/193094-16e74c299627/193094.pdf	1	1929 | JBRS Originals	pdf	medium	reused_existing	2026-05-29T22:23:00.556783+00:00	
2007_dunhuang_prayers-98c7a60b10a5	98c7a60b10a526b268e25b21fdfb3b7040ee212265813c804b80aa7fcd363ace	2007 Dunhuang prayers.pdf	759338	OBI_LIBRARY_ROOT:2007 Dunhuang prayers.pdf	OBI_LIBRARY_ROOT:2007 Dunhuang prayers.pdf	data/local/bibliography_sources/2007_dunhuang_prayers-98c7a60b10a5/2007 Dunhuang prayers.pdf	0	Library	pdf	medium	copied	2026-05-29T20:59:17.429700+00:00	
201001-7d27981a7f7b	7d27981a7f7b9cd8055a11dc81e642a342e52616f56b6341a321080ee1c7641c	201001.pdf	1293000	OBI_LIBRARY_ROOT:Thematic/Burmese/Burma JBRS/JBRS Originals/201001.pdf	OBI_LIBRARY_ROOT:Thematic/Burmese/Burma JBRS/1930/SpinningMagic-Stewart1930.pdf | OBI_LIBRARY_ROOT:Thematic/Burmese/Burma JBRS/JBRS Originals/201001.pdf	data/local/bibliography_sources/201001-7d27981a7f7b/201001.pdf	1	1930 | JBRS Originals	pdf	medium	reused_existing	2026-05-29T22:23:00.556655+00:00	
201019-c4561e81b8fb	c4561e81b8fbb4bd3c4de0705c09fbdeb0868c63474ec887b6fd8632a8961247	201019.pdf	97155	OBI_LIBRARY_ROOT:Thematic/Burmese/Burma JBRS/1930/201019.pdf	OBI_LIBRARY_ROOT:Thematic/Burmese/Burma JBRS/1930/201019.pdf | OBI_LIBRARY_ROOT:Thematic/Burmese/Burma JBRS/JBRS Originals/201019.pdf	data/local/bibliography_sources/201019-c4561e81b8fb/201019.pdf	1	1930 | JBRS Originals	pdf	medium	reused_existing	2026-05-29T22:23:00.556518+00:00	
201022-acbfc8f0b30c	acbfc8f0b30cfc1d58014d7160cb9fb6953863da670c5d9ce21ec43d6d207111	201022.pdf	156192	OBI_LIBRARY_ROOT:Thematic/Burmese/Burma JBRS/1930/201022.pdf	OBI_LIBRARY_ROOT:Thematic/Burmese/Burma JBRS/1930/201022.pdf | OBI_LIBRARY_ROOT:Thematic/Burmese/Burma JBRS/JBRS Originals/201022.pdf	data/local/bibliography_sources/201022-acbfc8f0b30c/201022.pdf	1	1930 | JBRS Originals	pdf	medium	reused_existing	2026-05-29T22:23:00.556389+00:00	
201024-6f28f64a669b	6f28f64a669bfa79e4c5d9af32676dc4830603617a0205ffb19d6fb13c409ad7	201024.pdf	51977	OBI_LIBRARY_ROOT:Thematic/Burmese/Burma JBRS/1930/201024.pdf	OBI_LIBRARY_ROOT:Thematic/Burmese/Burma JBRS/1930/201024.pdf | OBI_LIBRARY_ROOT:Thematic/Burmese/Burma JBRS/JBRS Originals/201024.pdf	data/local/bibliography_sources/201024-6f28f64a669b/201024.pdf	1	1930 | JBRS Originals	pdf	medium	reused_existing	2026-05-29T22:23:00.556266+00:00	
201024a-7e8bd421ef9d	7e8bd421ef9d42f5977330da1ecc5bf5013afe522d163cc715759c7c0e4d2079	201024a.pdf	37467	OBI_LIBRARY_ROOT:Thematic/Burmese/Burma JBRS/1930/201024a.pdf	OBI_LIBRARY_ROOT:Thematic/Burmese/Burma JBRS/1930/201024a.pdf | OBI_LIBRARY_ROOT:Thematic/Burmese/Burma JBRS/JBRS Originals/201024A.pdf	data/local/bibliography_sources/201024a-7e8bd421ef9d/201024A.pdf	1	1930 | JBRS Originals	pdf	medium	reused_existing	2026-05-29T22:23:00.556140+00:00	
201027-85dadcec2700	85dadcec270012623e89e92e9730676b76dc733b328424e475e21dba06711155	201027.pdf	117484	OBI_LIBRARY_ROOT:Thematic/Burmese/Burma JBRS/1930/201027.pdf	OBI_LIBRARY_ROOT:Thematic/Burmese/Burma JBRS/1930/201027.pdf | OBI_LIBRARY_ROOT:Thematic/Burmese/Burma JBRS/JBRS Originals/201027.pdf	data/local/bibliography_sources/201027-85dadcec2700/201027.pdf	1	1930 | JBRS Originals	pdf	medium	reused_existing	2026-05-29T22:23:00.555794+00:00	
201028-059baa3da221	059baa3da221a077688fd5938c403ea5c469e18117de02716330c8af2be10755	201028.pdf	19989	OBI_LIBRARY_ROOT:Thematic/Burmese/Burma JBRS/1930/201028.pdf	OBI_LIBRARY_ROOT:Thematic/Burmese/Burma JBRS/1930/201028.pdf | OBI_LIBRARY_ROOT:Thematic/Burmese/Burma JBRS/JBRS Originals/201028.pdf	data/local/bibliography_sources/201028-059baa3da221/201028.pdf	1	1930 | JBRS Originals	pdf	medium	reused_existing	2026-05-29T22:23:00.555674+00:00	
201029-03c618bfb53c	03c618bfb53cf60582c3441782adde3487c6b68b87f44c485752217cfb6ff96a	201029.pdf	96456	OBI_LIBRARY_ROOT:Thematic/Burmese/Burma JBRS/1930/201029.pdf	OBI_LIBRARY_ROOT:Thematic/Burmese/Burma JBRS/1930/201029.pdf | OBI_LIBRARY_ROOT:Thematic/Burmese/Burma JBRS/JBRS Originals/201029.pdf	data/local/bibliography_sources/201029-03c618bfb53c/201029.pdf	1	1930 | JBRS Originals	pdf	medium	reused_existing	2026-05-29T22:23:00.555556+00:00	
201031-8b9acefbb270	8b9acefbb2704dfd01009e76688627b0091616412a67f1f70128dd1af8e32f97	201031.pdf	151680	OBI_LIBRARY_ROOT:Thematic/Burmese/Burma JBRS/1930/201031.pdf	OBI_LIBRARY_ROOT:Thematic/Burmese/Burma JBRS/1930/201031.pdf | OBI_LIBRARY_ROOT:Thematic/Burmese/Burma JBRS/JBRS Originals/201031.pdf	data/local/bibliography_sources/201031-8b9acefbb270/201031.pdf	1	1930 | JBRS Originals	pdf	medium	reused_existing	2026-05-29T22:23:00.555430+00:00	
201033-5a49239473a4	5a49239473a48fe6abe766bb22b24e1e1a021cab0708a2f96d2bc6a67aed0b0c	201033.pdf	168600	OBI_LIBRARY_ROOT:Thematic/Burmese/Burma JBRS/JBRS Originals/201033.pdf	OBI_LIBRARY_ROOT:Thematic/Burmese/Burma JBRS/1930/PeMaungTin-1930-OldWordsinInscriptions.pdf | OBI_LIBRARY_ROOT:Thematic/Burmese/Burma JBRS/JBRS Originals/201033.pdf	data/local/bibliography_sources/201033-5a49239473a4/201033.pdf	1	1930 | JBRS Originals	pdf	medium	reused_existing	2026-05-29T22:23:00.555309+00:00	
201035-9d080b71764b	9d080b71764bcd84e968df56ac6dc9701c7b2f94f360261431c06a8afe438e91	201035.pdf	182429	OBI_LIBRARY_ROOT:Thematic/Burmese/Burma JBRS/JBRS Originals/201035.pdf	OBI_LIBRARY_ROOT:Thematic/Burmese/Burma JBRS/JBRS Originals/201035.pdf	data/local/bibliography_sources/201035-9d080b71764b/201035.pdf	0	JBRS Originals	pdf	medium	reused_existing	2026-05-29T22:23:00.555176+00:00	
201038-af5118f1c9a6	af5118f1c9a6930fe6dbb358d8374b23f3d6de660f8109c2afde3057c6d09777	201038.pdf	70182	OBI_LIBRARY_ROOT:Thematic/Burmese/Burma JBRS/JBRS Originals/201038.pdf	OBI_LIBRARY_ROOT:Thematic/Burmese/Burma JBRS/JBRS Originals/201038.pdf	data/local/bibliography_sources/201038-af5118f1c9a6/201038.pdf	0	JBRS Originals	pdf	medium	reused_existing	2026-05-29T22:23:00.555043+00:00	
201039-02306daaecf2	02306daaecf265b5d30799415b09946d1df7ad6debd8e40e80857ec367c13287	201039.pdf	42977	OBI_LIBRARY_ROOT:Thematic/Burmese/Burma JBRS/JBRS Originals/201039.pdf	OBI_LIBRARY_ROOT:Thematic/Burmese/Burma JBRS/JBRS Originals/201039.pdf	data/local/bibliography_sources/201039-02306daaecf2/201039.pdf	0	JBRS Originals	pdf	medium	reused_existing	2026-05-29T22:23:00.554918+00:00	
201039a-edc0ecc716da	edc0ecc716dadaf6f3dcb2c7246b02f9e2eedf82577d643d9fd407ce53992b2f	201039A.pdf	24611	OBI_LIBRARY_ROOT:Thematic/Burmese/Burma JBRS/1930/201039A.pdf	OBI_LIBRARY_ROOT:Thematic/Burmese/Burma JBRS/1930/201039A.pdf | OBI_LIBRARY_ROOT:Thematic/Burmese/Burma JBRS/JBRS Originals/201039A.pdf	data/local/bibliography_sources/201039a-edc0ecc716da/201039A.pdf	1	1930 | JBRS Originals	pdf	medium	reused_existing	2026-05-29T22:23:00.554799+00:00	
201042-6821b255b6d1	6821b255b6d185caf8cb1bca306627ca017322c987eb4c9249e84efe729c68cf	201042.pdf	77973	OBI_LIBRARY_ROOT:Thematic/Burmese/Burma JBRS/JBRS Originals/201042.pdf	OBI_LIBRARY_ROOT:Thematic/Burmese/Burma JBRS/JBRS Originals/201042.pdf	data/local/bibliography_sources/201042-6821b255b6d1/201042.pdf	0	JBRS Originals	pdf	medium	reused_existing	2026-05-29T22:23:00.554675+00:00	
201043-9401deb2be73	9401deb2be73a0f192e9500bcb45d55b1a7255975d87b649d7d2778d03874fff	201043.pdf	80666	OBI_LIBRARY_ROOT:Thematic/Burmese/Burma JBRS/JBRS Originals/201043.pdf	OBI_LIBRARY_ROOT:Thematic/Burmese/Burma JBRS/JBRS Originals/201043.pdf	data/local/bibliography_sources/201043-9401deb2be73/201043.pdf	0	JBRS Originals	pdf	medium	reused_existing	2026-05-29T22:23:00.554557+00:00	
201044-15d61a42f3d4	15d61a42f3d4d5bf68eab67ab5e80550fa39dd6f78df4f9e04f8d31029c589d2	201044.pdf	193697	OBI_LIBRARY_ROOT:Thematic/Burmese/Burma JBRS/JBRS Originals/201044.pdf	OBI_LIBRARY_ROOT:Thematic/Burmese/Burma JBRS/JBRS Originals/201044.pdf	data/local/bibliography_sources/201044-15d61a42f3d4/201044.pdf	0	JBRS Originals	pdf	medium	reused_existing	2026-05-29T22:23:00.554444+00:00	
201047-e82dd22dc298	e82dd22dc2989f6387e1c2f8624d3c6a5c641b7ab7ca4ca6b713c54475644f7a	201047.pdf	95322	OBI_LIBRARY_ROOT:Thematic/Burmese/Burma JBRS/1930/201047.pdf	OBI_LIBRARY_ROOT:Thematic/Burmese/Burma JBRS/1930/201047.pdf | OBI_LIBRARY_ROOT:Thematic/Burmese/Burma JBRS/JBRS Originals/201047.pdf	data/local/bibliography_sources/201047-e82dd22dc298/201047.pdf	1	1930 | JBRS Originals	pdf	medium	reused_existing	2026-05-29T22:23:00.554321+00:00	
201049-3958ab6a4949	3958ab6a494913b5c524d0dc52bad67dc566a3e08a816b84235f88fef942ef7c	201049.pdf	200811	OBI_LIBRARY_ROOT:Thematic/Burmese/Burma JBRS/1930/201049.pdf	OBI_LIBRARY_ROOT:Thematic/Burmese/Burma JBRS/1930/201049.pdf | OBI_LIBRARY_ROOT:Thematic/Burmese/Burma JBRS/JBRS Originals/201049.pdf	data/local/bibliography_sources/201049-3958ab6a4949/201049.pdf	1	1930 | JBRS Originals	pdf	medium	reused_existing	2026-05-29T22:23:00.554200+00:00	
2019-39a9d2b47a1e	39a9d2b47a1e370906afaecfacbb13bce669598706ed568d285100f218fefc54	2019미얀마불교미술도록.pdf	24995744	OBI_LIBRARY_ROOT:Thematic/Burmese/Bagan inscriptions Korea/2019미얀마불교미술도록.pdf	OBI_LIBRARY_ROOT:Thematic/Burmese/Bagan inscriptions Korea/2019미얀마불교미술도록.pdf	data/local/bibliography_sources/2019-39a9d2b47a1e/2019미얀마불교미술도록.pdf	0	Bagan inscriptions Korea	pdf	medium	reused_existing	2026-05-29T22:23:00.554082+00:00	
202053-dd77bc2c931a	dd77bc2c931abbb8322cb3902422cc0648e4020c6d987e49219d7e5cdeb2c4a7	202053.pdf	414367	OBI_LIBRARY_ROOT:Thematic/Burmese/Burma JBRS/JBRS Originals/202053.pdf	OBI_LIBRARY_ROOT:Thematic/Burmese/Burma JBRS/JBRS Originals/202053.pdf	data/local/bibliography_sources/202053-dd77bc2c931a/202053.pdf	0	JBRS Originals	pdf	medium	reused_existing	2026-05-29T22:23:00.553953+00:00	
202059-caea6518afb1	caea6518afb1a5ff3f5dc7908685671ce2a96819410d5a09677711b146a18d9f	202059.pdf	1166609	OBI_LIBRARY_ROOT:Thematic/Burmese/Burma JBRS/1930/202059.pdf	OBI_LIBRARY_ROOT:Thematic/Burmese/Burma JBRS/1930/202059.pdf | OBI_LIBRARY_ROOT:Thematic/Burmese/Burma JBRS/JBRS Originals/202059.pdf	data/local/bibliography_sources/202059-caea6518afb1/202059.pdf	1	1930 | JBRS Originals	pdf	medium	reused_existing	2026-05-29T22:23:00.553821+00:00	
202076-dc6c6f99c2fd	dc6c6f99c2fd4dd52f01d5ee1744f073f9bccd48eb465b7dd96951aef9d2e1ba	202076.pdf	327113	OBI_LIBRARY_ROOT:Thematic/Burmese/Burma JBRS/JBRS Originals/202076.pdf	OBI_LIBRARY_ROOT:Thematic/Burmese/Burma JBRS/JBRS Originals/202076.pdf	data/local/bibliography_sources/202076-dc6c6f99c2fd/202076.pdf	0	JBRS Originals	pdf	medium	reused_existing	2026-05-29T22:23:00.553703+00:00	
202081-1a7db2b48306	1a7db2b483060b297e99fb235feee574bca09fc8505f6bd620800ee3842ec20d	202081.pdf	166937	OBI_LIBRARY_ROOT:Thematic/Burmese/Burma JBRS/JBRS Originals/202081.pdf	OBI_LIBRARY_ROOT:Thematic/Burmese/Burma JBRS/1930/Tagaung-Furnivall1939.pdf | OBI_LIBRARY_ROOT:Thematic/Burmese/Burma JBRS/JBRS Originals/202081.pdf	data/local/bibliography_sources/202081-1a7db2b48306/202081.pdf	1	1930 | JBRS Originals	pdf	medium	reused_existing	2026-05-29T22:23:00.553584+00:00	
202083-50026b75a434	50026b75a434ac40e4d9b14c516cdb3c6261cd2685be0699bc565e8a23e073c9	202083.pdf	46953	OBI_LIBRARY_ROOT:Thematic/Burmese/Burma JBRS/JBRS Originals/202083.pdf	OBI_LIBRARY_ROOT:Thematic/Burmese/Burma JBRS/1930/OldProme_Furnivall1930.pdf | OBI_LIBRARY_ROOT:Thematic/Burmese/Burma JBRS/JBRS Originals/202083.pdf	data/local/bibliography_sources/202083-50026b75a434/202083.pdf	1	1930 | JBRS Originals	pdf	medium	reused_existing	2026-05-29T22:23:00.553461+00:00	
202084-b1a6f571bbe1	b1a6f571bbe18010770e55a7a9888e971c999e5bb2143ca173e6faf3794424d2	202084.pdf	122146	OBI_LIBRARY_ROOT:Thematic/Burmese/Burma JBRS/1930/202084.pdf	OBI_LIBRARY_ROOT:Thematic/Burmese/Burma JBRS/1930/202084.pdf | OBI_LIBRARY_ROOT:Thematic/Burmese/Burma JBRS/JBRS Originals/202084.pdf	data/local/bibliography_sources/202084-b1a6f571bbe1/202084.pdf	1	1930 | JBRS Originals	pdf	medium	reused_existing	2026-05-29T22:23:00.553343+00:00	
202086-803e4661ffb5	803e4661ffb5ed88138aa959bf5a204ea16cac063cde46e17a4d5462014fde6e	202086.pdf	95471	OBI_LIBRARY_ROOT:Thematic/Burmese/Burma JBRS/1930/202086.pdf	OBI_LIBRARY_ROOT:Thematic/Burmese/Burma JBRS/1930/202086.pdf | OBI_LIBRARY_ROOT:Thematic/Burmese/Burma JBRS/JBRS Originals/202086.pdf	data/local/bibliography_sources/202086-803e4661ffb5/202086.pdf	1	1930 | JBRS Originals	pdf	medium	reused_existing	2026-05-29T22:23:00.553215+00:00	
202087-27bf953182e9	27bf953182e98f1a3e52508eefde48321c0c06d4b211ec1576647229104317da	202087.pdf	154122	OBI_LIBRARY_ROOT:Thematic/Burmese/Burma JBRS/JBRS Originals/202087.pdf	OBI_LIBRARY_ROOT:Thematic/Burmese/Burma JBRS/JBRS Originals/202087.pdf	data/local/bibliography_sources/202087-27bf953182e9/202087.pdf	0	JBRS Originals	pdf	medium	reused_existing	2026-05-29T22:23:00.553084+00:00	
202089-5c38e5ddca24	5c38e5ddca2458ecee3171bb45724115d215b26000857ae79fb875242ab4f031	202089.pdf	190107	OBI_LIBRARY_ROOT:Thematic/Burmese/Burma JBRS/JBRS Originals/202089.pdf	OBI_LIBRARY_ROOT:Thematic/Burmese/Burma JBRS/JBRS Originals/202089.pdf	data/local/bibliography_sources/202089-5c38e5ddca24/202089.pdf	0	JBRS Originals	pdf	medium	reused_existing	2026-05-29T22:23:00.552961+00:00	
202092-41cc33d668f5	41cc33d668f59fa8cbbc7480690d72b48feba6d98f1209cd0667571308162ef2	202092.pdf	834111	OBI_LIBRARY_ROOT:Thematic/Burmese/Burma JBRS/JBRS Originals/202092.pdf	OBI_LIBRARY_ROOT:Thematic/Burmese/Burma JBRS/JBRS Originals/202092.pdf	data/local/bibliography_sources/202092-41cc33d668f5/202092.pdf	0	JBRS Originals	pdf	medium	reused_existing	2026-05-29T22:23:00.552840+00:00	
202094-38814c0dcb36	38814c0dcb36bba79300537f75c1c60f5d810035553e58cac25d1064b023cd91	202094.pdf	218932	OBI_LIBRARY_ROOT:Thematic/Burmese/Burma JBRS/JBRS Originals/202094.pdf	OBI_LIBRARY_ROOT:Thematic/Burmese/Burma JBRS/JBRS Originals/202094.pdf	data/local/bibliography_sources/202094-38814c0dcb36/202094.pdf	0	JBRS Originals	pdf	medium	reused_existing	2026-05-29T22:23:00.552721+00:00	
202096-592b156cba8a	592b156cba8a436ac00c12bd84daefbafdcdecf5088d9febe4b1d165444434b3	202096.pdf	159113	OBI_LIBRARY_ROOT:Thematic/Burmese/Burma JBRS/JBRS Originals/202096.pdf	OBI_LIBRARY_ROOT:Thematic/Burmese/Burma JBRS/JBRS Originals/202096.pdf	data/local/bibliography_sources/202096-592b156cba8a/202096.pdf	0	JBRS Originals	pdf	medium	reused_existing	2026-05-29T22:23:00.552606+00:00	
202100-77b81d969689	77b81d969689757549d5c4bff9a1e2eaadcc3be4e0e7b4adf338cf3a02049e15	202100.pdf	97508	OBI_LIBRARY_ROOT:Thematic/Burmese/Burma JBRS/JBRS Originals/202100.pdf	OBI_LIBRARY_ROOT:Thematic/Burmese/Burma JBRS/JBRS Originals/202100.pdf	data/local/bibliography_sources/202100-77b81d969689/202100.pdf	0	JBRS Originals	pdf	medium	reused_existing	2026-05-29T22:23:00.552488+00:00	
202102-57413e1c2094	57413e1c20942342a47de9c0308a47b3b3a5c71623e85196c348fa63f8bb9702	202102.pdf	88912	OBI_LIBRARY_ROOT:Thematic/Burmese/Burma JBRS/JBRS Originals/202102.pdf	OBI_LIBRARY_ROOT:Thematic/Burmese/Burma JBRS/JBRS Originals/202102.pdf	data/local/bibliography_sources/202102-57413e1c2094/202102.pdf	0	JBRS Originals	pdf	medium	reused_existing	2026-05-29T22:23:00.552355+00:00	
211001-f0dbbd8f9a42	f0dbbd8f9a422cbdabda6816bc473009e5b0b3836633ecff318d88ac5b760468	211001.pdf	902156	OBI_LIBRARY_ROOT:Thematic/Burmese/Burma JBRS/1931/211001.pdf	OBI_LIBRARY_ROOT:Thematic/Burmese/Burma JBRS/1931/211001.pdf | OBI_LIBRARY_ROOT:Thematic/Burmese/Burma JBRS/JBRS Originals/211001.pdf	data/local/bibliography_sources/211001-f0dbbd8f9a42/211001.pdf	1	1931 | JBRS Originals	pdf	medium	reused_existing	2026-05-29T22:23:00.552227+00:00	
211013-7809c6f93ef2	7809c6f93ef2e9698a1e351226e0fc4762e808f8556941cb7f0089b1776d9b2a	211013.pdf	86715	OBI_LIBRARY_ROOT:Thematic/Burmese/Burma JBRS/1931/211013.pdf	OBI_LIBRARY_ROOT:Thematic/Burmese/Burma JBRS/1931/211013.pdf | OBI_LIBRARY_ROOT:Thematic/Burmese/Burma JBRS/JBRS Originals/211013.pdf	data/local/bibliography_sources/211013-7809c6f93ef2/211013.pdf	1	1931 | JBRS Originals	pdf	medium	reused_existing	2026-05-29T22:23:00.552110+00:00	
211015-10078df413f6	10078df413f6ddf7c36138326e350f18166a13cd29590ad78c8115bec801af12	211015.pdf	497586	OBI_LIBRARY_ROOT:Thematic/Burmese/Burma JBRS/1931/211015.pdf	OBI_LIBRARY_ROOT:Thematic/Burmese/Burma JBRS/1931/211015.pdf | OBI_LIBRARY_ROOT:Thematic/Burmese/Burma JBRS/JBRS Originals/211015.pdf	data/local/bibliography_sources/211015-10078df413f6/211015.pdf	1	1931 | JBRS Originals	pdf	medium	reused_existing	2026-05-29T22:23:00.551990+00:00	
211026-29d9bb334a99	29d9bb334a997aefed90824382573eb1df8e11713d93b70cbc4746e2c83946d1	211026.pdf	327133	OBI_LIBRARY_ROOT:Thematic/Burmese/Burma JBRS/1931/211026.pdf	OBI_LIBRARY_ROOT:Thematic/Burmese/Burma JBRS/1931/211026.pdf | OBI_LIBRARY_ROOT:Thematic/Burmese/Burma JBRS/JBRS Originals/211026.pdf	data/local/bibliography_sources/211026-29d9bb334a99/211026.pdf	1	1931 | JBRS Originals	pdf	medium	reused_existing	2026-05-29T22:23:00.551865+00:00	
211030-75a892b25868	75a892b25868c34cae6c77c324c2c666c4765e5bbc1f4a4421e42341a6b09e43	211030.pdf	30886	OBI_LIBRARY_ROOT:Thematic/Burmese/Burma JBRS/1931/211030.pdf	OBI_LIBRARY_ROOT:Thematic/Burmese/Burma JBRS/1931/211030.pdf | OBI_LIBRARY_ROOT:Thematic/Burmese/Burma JBRS/JBRS Originals/211030.pdf	data/local/bibliography_sources/211030-75a892b25868/211030.pdf	1	1931 | JBRS Originals	pdf	medium	reused_existing	2026-05-29T22:23:00.551740+00:00	
211031-6364cc5f1d73	6364cc5f1d737a72a666bfb9b1d3f122a80f258fa5a6d6df74994c8bab08324e	211031.pdf	66105	OBI_LIBRARY_ROOT:Thematic/Burmese/Burma JBRS/1932/211031.pdf	OBI_LIBRARY_ROOT:Thematic/Burmese/Burma JBRS/1932/211031.pdf | OBI_LIBRARY_ROOT:Thematic/Burmese/Burma JBRS/JBRS Originals/211031.pdf	data/local/bibliography_sources/211031-6364cc5f1d73/211031.pdf	1	1932 | JBRS Originals	pdf	medium	reused_existing	2026-05-29T22:23:00.551600+00:00	
212033-e0abe2313182	e0abe231318295b453689f81e66060682e267b99a248e333186f4359623f83d1	212033.pdf	689895	OBI_LIBRARY_ROOT:Thematic/Burmese/Burma JBRS/JBRS Originals/212033.pdf	OBI_LIBRARY_ROOT:Thematic/Burmese/Burma JBRS/1931/RelicsStoneAge-CogginBrown1931.pdf | OBI_LIBRARY_ROOT:Thematic/Burmese/Burma JBRS/JBRS Originals/212033.pdf	data/local/bibliography_sources/212033-e0abe2313182/212033.pdf	1	1931 | JBRS Originals	pdf	medium	reused_existing	2026-05-29T22:23:00.551480+00:00	
212045-1f2732c2f1d5	1f2732c2f1d56265933e1869a4b90f9bdf68e4fb80e0141d0c9f1041d2921152	212045.pdf	657403	OBI_LIBRARY_ROOT:Thematic/Burmese/Burma JBRS/JBRS Originals/212045.pdf	OBI_LIBRARY_ROOT:Thematic/Burmese/Burma JBRS/1931/PalaeolithicManBurma-Lack1931.pdf | OBI_LIBRARY_ROOT:Thematic/Burmese/Burma JBRS/JBRS Originals/212045.pdf	data/local/bibliography_sources/212045-1f2732c2f1d5/212045.pdf	1	1931 | JBRS Originals	pdf	medium	reused_existing	2026-05-29T22:23:00.551352+00:00	
212052-80adc11cec4b	80adc11cec4b158c4c16b85e0c8a3544c8e14ca0186113ca6f3ed339f0eb4778	212052.pdf	343621	OBI_LIBRARY_ROOT:Thematic/Burmese/Burma JBRS/JBRS Originals/212052.pdf	OBI_LIBRARY_ROOT:Thematic/Burmese/Burma JBRS/1931/BirthCustoms-Smarts1931.pdf | OBI_LIBRARY_ROOT:Thematic/Burmese/Burma JBRS/JBRS Originals/212052.pdf	data/local/bibliography_sources/212052-80adc11cec4b/212052.pdf	1	1931 | JBRS Originals	pdf	medium	reused_existing	2026-05-29T22:23:00.551233+00:00	
212057-aed7f95efe7d	aed7f95efe7d8d100e03b514a30e04d98e5b002e5cf93bdbb84ef26108e49e5a	212057.pdf	72252	OBI_LIBRARY_ROOT:Thematic/Burmese/Burma JBRS/JBRS Originals/212057.pdf	OBI_LIBRARY_ROOT:Thematic/Burmese/Burma JBRS/1931/NatsNyaunghla-Furnivall1931.pdf | OBI_LIBRARY_ROOT:Thematic/Burmese/Burma JBRS/JBRS Originals/212057.pdf	data/local/bibliography_sources/212057-aed7f95efe7d/212057.pdf	1	1931 | JBRS Originals	pdf	medium	reused_existing	2026-05-29T22:23:00.551099+00:00	
213059-198720759b45	198720759b45d8dc0bbbc6b2df96ff3e442167b3e9b7b2da4044897c51419cd3	213059.pdf	808906	OBI_LIBRARY_ROOT:Thematic/Burmese/Burma JBRS/JBRS Originals/213059.pdf	OBI_LIBRARY_ROOT:Thematic/Burmese/Burma JBRS/1931/Negrais-Hall1931.pdf | OBI_LIBRARY_ROOT:Thematic/Burmese/Burma JBRS/JBRS Originals/213059.pdf	data/local/bibliography_sources/213059-198720759b45/213059.pdf	1	1931 | JBRS Originals	pdf	medium	reused_existing	2026-05-29T22:23:00.550985+00:00	
221001-2d76904af4a6	2d76904af4a661c6ecd1cb4a704a873a6b2b3c1b19bff1a8bcd7d7e31ca8d74a	221001.pdf	699053	OBI_LIBRARY_ROOT:Thematic/Burmese/Burma JBRS/JBRS Originals/221001.pdf	OBI_LIBRARY_ROOT:Thematic/Burmese/Burma JBRS/JBRS Originals/221001.pdf	data/local/bibliography_sources/221001-2d76904af4a6/221001.pdf	0	JBRS Originals	pdf	medium	reused_existing	2026-05-29T22:23:00.550860+00:00	
221019-2312a3d2b1a7	2312a3d2b1a7156ca9432f82f1b81f65691dbf1beb986878801ed22be043b273	221019.pdf	145918	OBI_LIBRARY_ROOT:Thematic/Burmese/Burma JBRS/JBRS Originals/221019.pdf	OBI_LIBRARY_ROOT:Thematic/Burmese/Burma JBRS/1932/PalaeolithUpperBurma-Morris1932.pdf | OBI_LIBRARY_ROOT:Thematic/Burmese/Burma JBRS/JBRS Originals/221019.pdf	data/local/bibliography_sources/221019-2312a3d2b1a7/221019.pdf	1	1932 | JBRS Originals	pdf	medium	reused_existing	2026-05-29T22:23:00.550732+00:00	
221021-75cba121a12f	75cba121a12f73b011bf22b58a174f68d765e1368d7bbf7657617424f84ca538	221021.pdf	135926	OBI_LIBRARY_ROOT:Thematic/Burmese/Burma JBRS/JBRS Originals/221021.pdf	OBI_LIBRARY_ROOT:Thematic/Burmese/Burma JBRS/1932/BronzeDrumSiam-Marshall1932.pdf | OBI_LIBRARY_ROOT:Thematic/Burmese/Burma JBRS/JBRS Originals/221021.pdf	data/local/bibliography_sources/221021-75cba121a12f/221021.pdf	1	1932 | JBRS Originals	pdf	medium	reused_existing	2026-05-29T22:23:00.550606+00:00	
221023-2242f13a355d	2242f13a355d646e6fe1ac1ba79cc64c5170583f7c08bc8ac76c93dc62882fc9	221023.pdf	874813	OBI_LIBRARY_ROOT:Thematic/Burmese/Burma JBRS/JBRS Originals/221023.pdf	OBI_LIBRARY_ROOT:Thematic/Burmese/Burma JBRS/1932/Pearn1932-ThreeShanLegends.pdf | OBI_LIBRARY_ROOT:Thematic/Burmese/Burma JBRS/JBRS Originals/221023.pdf	data/local/bibliography_sources/221023-2242f13a355d/221023.pdf	1	1932 | JBRS Originals	pdf	medium	reused_existing	2026-05-29T22:23:00.550463+00:00	
221035-5ee0963057ca	5ee0963057caa706aed68a539f8407b85bba6af5f48082542fc76f879b0e0209	221035.pdf	242968	OBI_LIBRARY_ROOT:Thematic/Burmese/Burma JBRS/JBRS Originals/221035.pdf	OBI_LIBRARY_ROOT:Thematic/Burmese/Burma JBRS/JBRS Originals/221035.pdf	data/local/bibliography_sources/221035-5ee0963057ca/221035.pdf	0	JBRS Originals	pdf	medium	reused_existing	2026-05-29T22:23:00.550346+00:00	
221039-4c1144a594c0	4c1144a594c0eaa99b69e6c4d63e0240f0dcfc69c5ce9f276944f68cf79708ae	221039.pdf	136989	OBI_LIBRARY_ROOT:Thematic/Burmese/Burma JBRS/1932/221039.pdf	OBI_LIBRARY_ROOT:Thematic/Burmese/Burma JBRS/1932/221039.pdf | OBI_LIBRARY_ROOT:Thematic/Burmese/Burma JBRS/JBRS Originals/221039.pdf	data/local/bibliography_sources/221039-4c1144a594c0/221039.pdf	1	1932 | JBRS Originals	pdf	medium	reused_existing	2026-05-29T22:23:00.550229+00:00	
221039a-5dbced5298a8	5dbced5298a8c52dcbc793c85a2aadc603ba4acf144206008461c125da76ddf9	221039A.pdf	32790	OBI_LIBRARY_ROOT:Thematic/Burmese/Burma JBRS/JBRS Originals/221039A.pdf	OBI_LIBRARY_ROOT:Thematic/Burmese/Burma JBRS/JBRS Originals/221039A.pdf	data/local/bibliography_sources/221039a-5dbced5298a8/221039A.pdf	0	JBRS Originals	pdf	medium	reused_existing	2026-05-29T22:23:00.550110+00:00	
221041-20c2b1fc6429	20c2b1fc6429d9b05ac397f8fc21efa50daadb6cea500ce7ee075701d3989042	221041.pdf	128425	OBI_LIBRARY_ROOT:Thematic/Burmese/Burma JBRS/JBRS Originals/221041.pdf	OBI_LIBRARY_ROOT:Thematic/Burmese/Burma JBRS/1932/PrimitiveMind_Ali1932.pdf | OBI_LIBRARY_ROOT:Thematic/Burmese/Burma JBRS/JBRS Originals/221041.pdf	data/local/bibliography_sources/221041-20c2b1fc6429/221041.pdf	1	1932 | JBRS Originals	pdf	medium	reused_existing	2026-05-29T22:23:00.549990+00:00	
221042-07aadddb970e	07aadddb970e87cbdc5b527966a63e6e7a4be2cf349f995be25dc513602e74a5	221042.pdf	30180	OBI_LIBRARY_ROOT:Thematic/Burmese/Burma JBRS/JBRS Originals/221042.pdf	OBI_LIBRARY_ROOT:Thematic/Burmese/Burma JBRS/JBRS Originals/221042.pdf	data/local/bibliography_sources/221042-07aadddb970e/221042.pdf	0	JBRS Originals	pdf	medium	reused_existing	2026-05-29T22:23:00.549860+00:00	
221043-165913b87af1	165913b87af1a35c20e8d678f71696d55802503774918a1c1491f4caa4314bfb	221043.pdf	163333	OBI_LIBRARY_ROOT:Thematic/Burmese/Burma JBRS/1932/221043.pdf	OBI_LIBRARY_ROOT:Thematic/Burmese/Burma JBRS/1932/221043.pdf | OBI_LIBRARY_ROOT:Thematic/Burmese/Burma JBRS/JBRS Originals/221043.pdf	data/local/bibliography_sources/221043-165913b87af1/221043.pdf	1	1932 | JBRS Originals	pdf	medium	reused_existing	2026-05-29T22:23:00.549732+00:00	
222047-57d4b4886f5f	57d4b4886f5fdfd6c5afd1143f1a6153e915e479e45a9b988d14f069e57fb6fe	222047.pdf	1565503	OBI_LIBRARY_ROOT:Thematic/Burmese/Burma JBRS/JBRS Originals/222047.pdf	OBI_LIBRARY_ROOT:Thematic/Burmese/Burma JBRS/1932/NegraisAndAfter-Sarkar1932.pdf | OBI_LIBRARY_ROOT:Thematic/Burmese/Burma JBRS/JBRS Originals/222047.pdf	data/local/bibliography_sources/222047-57d4b4886f5f/222047.pdf	1	1932 | JBRS Originals	pdf	medium	reused_existing	2026-05-29T22:23:00.549615+00:00	
222068-03f0fa50e147	03f0fa50e147a98f856f4012f0cafbe3c011ec3415abe900eec3ded419578b0c	222068.pdf	1751619	OBI_LIBRARY_ROOT:Thematic/Burmese/Burma JBRS/JBRS Originals/222068.pdf	OBI_LIBRARY_ROOT:Thematic/Burmese/Burma JBRS/1932/PhayreAvaJournal-Hall1932.pdf | OBI_LIBRARY_ROOT:Thematic/Burmese/Burma JBRS/JBRS Originals/222068.pdf	data/local/bibliography_sources/222068-03f0fa50e147/222068.pdf	1	1932 | JBRS Originals	pdf	medium	reused_existing	2026-05-29T22:23:00.549493+00:00	
222091-e6ac98592cf7	e6ac98592cf7d5513b0c67e432ae947955bda2557c28f7f3057160c4c939d557	222091.pdf	304274	OBI_LIBRARY_ROOT:Thematic/Burmese/Burma JBRS/1932/222091.pdf	OBI_LIBRARY_ROOT:Thematic/Burmese/Burma JBRS/1932/222091.pdf | OBI_LIBRARY_ROOT:Thematic/Burmese/Burma JBRS/JBRS Originals/222091.pdf	data/local/bibliography_sources/222091-e6ac98592cf7/222091.pdf	1	1932 | JBRS Originals	pdf	medium	reused_existing	2026-05-29T22:23:00.549371+00:00	
222095-b5faf2da4422	b5faf2da44221266dc8752f57515f22e76d6a98693c3e810947b555d16d2c434	222095.pdf	273354	OBI_LIBRARY_ROOT:Thematic/Burmese/Burma JBRS/JBRS Originals/222095.pdf	OBI_LIBRARY_ROOT:Thematic/Burmese/Burma JBRS/1932/KalasaPot-MaMyaMu1932.pdf | OBI_LIBRARY_ROOT:Thematic/Burmese/Burma JBRS/JBRS Originals/222095.pdf	data/local/bibliography_sources/222095-b5faf2da4422/222095.pdf	1	1932 | JBRS Originals	pdf	medium	reused_existing	2026-05-29T22:23:00.549242+00:00	
222098-3b093bd8d262	3b093bd8d2626477526b3dc15acb9b6d93938cbe6cb60f00e61ece835ae2efd0	222098.pdf	338172	OBI_LIBRARY_ROOT:Thematic/Burmese/Burma JBRS/JBRS Originals/222098.pdf	OBI_LIBRARY_ROOT:Thematic/Burmese/Burma JBRS/1932/EarlierPaganKings-mamyaThan1932.pdf | OBI_LIBRARY_ROOT:Thematic/Burmese/Burma JBRS/JBRS Originals/222098.pdf	data/local/bibliography_sources/222098-3b093bd8d262/222098.pdf	1	1932 | JBRS Originals	pdf	medium	reused_existing	2026-05-29T22:23:00.549112+00:00	
222102-65bf5ab5916c	65bf5ab5916c413ba682f0a7a865c383856ddb6651842ed52f649871227c3836	222102.pdf	64584	OBI_LIBRARY_ROOT:Thematic/Burmese/Burma JBRS/1932/222102.pdf	OBI_LIBRARY_ROOT:Thematic/Burmese/Burma JBRS/1932/222102.pdf | OBI_LIBRARY_ROOT:Thematic/Burmese/Burma JBRS/JBRS Originals/222102.pdf	data/local/bibliography_sources/222102-65bf5ab5916c/222102.pdf	1	1932 | JBRS Originals	pdf	medium	reused_existing	2026-05-29T22:23:00.548981+00:00	
222103-b8411eaf05de	b8411eaf05de3d5e469449123012f523e747098967ff699b979bba833cc2f075	222103.pdf	105388	OBI_LIBRARY_ROOT:Thematic/Burmese/Burma JBRS/1932/222103.pdf	OBI_LIBRARY_ROOT:Thematic/Burmese/Burma JBRS/1932/222103.pdf | OBI_LIBRARY_ROOT:Thematic/Burmese/Burma JBRS/JBRS Originals/222103.pdf	data/local/bibliography_sources/222103-b8411eaf05de/222103.pdf	1	1932 | JBRS Originals	pdf	medium	reused_existing	2026-05-29T22:23:00.548854+00:00	
223107-aeea72ef833f	aeea72ef833fec225ad3d0ce739494e370c538f1ad940f5332d54f0d22b54dcd	223107.pdf	983520	OBI_LIBRARY_ROOT:Thematic/Burmese/Burma JBRS/JBRS Originals/223107.pdf	OBI_LIBRARY_ROOT:Thematic/Burmese/Burma JBRS/1932/MonInscriptionsSiam-Halliday1932.pdf | OBI_LIBRARY_ROOT:Thematic/Burmese/Burma JBRS/JBRS Originals/223107.pdf	data/local/bibliography_sources/223107-aeea72ef833f/223107.pdf	1	1932 | JBRS Originals	pdf	medium	reused_existing	2026-05-29T22:23:00.548733+00:00	
223120-ea8eae6c00f8	ea8eae6c00f838508f1528b3d141f60191b13e5b70659e35a0c2bd6cd6f79ca6	223120.pdf	595661	OBI_LIBRARY_ROOT:Thematic/Burmese/Burma JBRS/JBRS Originals/223120.pdf	OBI_LIBRARY_ROOT:Thematic/Burmese/Burma JBRS/1932/BurmaDebtToPagan-Luce1932.pdf | OBI_LIBRARY_ROOT:Thematic/Burmese/Burma JBRS/JBRS Originals/223120.pdf	data/local/bibliography_sources/223120-ea8eae6c00f8/223120.pdf	1	1932 | JBRS Originals	pdf	medium	reused_existing	2026-05-29T22:23:00.548616+00:00	
223128-853033841d5e	853033841d5e66862c85d61dcad64b2966516d69302529e842d7aaae3fb1de03	223128.pdf	324489	OBI_LIBRARY_ROOT:Thematic/Burmese/Burma JBRS/1932/223128.pdf	OBI_LIBRARY_ROOT:Thematic/Burmese/Burma JBRS/1932/223128.pdf | OBI_LIBRARY_ROOT:Thematic/Burmese/Burma JBRS/JBRS Originals/223128.pdf	data/local/bibliography_sources/223128-853033841d5e/223128.pdf	1	1932 | JBRS Originals	pdf	medium	reused_existing	2026-05-29T22:23:00.548500+00:00	
223132-c2eb5f84feea	c2eb5f84feea721e11078da85d52424a6da0688280476cce888ac1c4a3b004bd	223132.pdf	42421	OBI_LIBRARY_ROOT:Thematic/Burmese/Burma JBRS/1932/223132.pdf	OBI_LIBRARY_ROOT:Thematic/Burmese/Burma JBRS/1932/223132.pdf | OBI_LIBRARY_ROOT:Thematic/Burmese/Burma JBRS/JBRS Originals/223132.pdf	data/local/bibliography_sources/223132-c2eb5f84feea/223132.pdf	1	1932 | JBRS Originals	pdf	medium	reused_existing	2026-05-29T22:23:00.548380+00:00	
223133-930776b2bd56	930776b2bd56acd1488145e419a52b1ddf06292c082f0f4bc389af3b280cd983	223133.pdf	1030859	OBI_LIBRARY_ROOT:Thematic/Burmese/Burma JBRS/1932/223133.pdf	OBI_LIBRARY_ROOT:Thematic/Burmese/Burma JBRS/1932/223133.pdf | OBI_LIBRARY_ROOT:Thematic/Burmese/Burma JBRS/JBRS Originals/223133.pdf	data/local/bibliography_sources/223133-930776b2bd56/223133.pdf	1	1932 | JBRS Originals	pdf	medium	reused_existing	2026-05-29T22:23:00.548249+00:00	
223150-34d2ae68581b	34d2ae68581beeca4ad465556014bcfe2a3d25281a10ef5cda14e9f6023486bb	223150.pdf	31589	OBI_LIBRARY_ROOT:Thematic/Burmese/Burma JBRS/JBRS Originals/223150.pdf	OBI_LIBRARY_ROOT:Thematic/Burmese/Burma JBRS/JBRS Originals/223150.pdf	data/local/bibliography_sources/223150-34d2ae68581b/223150.pdf	0	JBRS Originals	pdf	medium	reused_existing	2026-05-29T22:23:00.548119+00:00	
223151-c159fe6459f2	c159fe6459f2370a2119b0e9eb432768fc5054ec3357d99040e4df634be8136d	223151.pdf	69376	OBI_LIBRARY_ROOT:Thematic/Burmese/Burma JBRS/JBRS Originals/223151.pdf	OBI_LIBRARY_ROOT:Thematic/Burmese/Burma JBRS/1932/SakaEraPagan-PeMaungTin1932.pdf | OBI_LIBRARY_ROOT:Thematic/Burmese/Burma JBRS/JBRS Originals/223151.pdf	data/local/bibliography_sources/223151-c159fe6459f2/223151.pdf	1	1932 | JBRS Originals	pdf	medium	reused_existing	2026-05-29T22:23:00.547998+00:00	
231001-85f547d1a2dd	85f547d1a2dd16e02de68674269f2ca01e53404261ec4858937c723e009f3242	231001.pdf	910691	OBI_LIBRARY_ROOT:Thematic/Burmese/Burma JBRS/JBRS Originals/231001.pdf	OBI_LIBRARY_ROOT:Thematic/Burmese/Burma JBRS/1933/AlompraShwebo-LanghamCarter1933.pdf | OBI_LIBRARY_ROOT:Thematic/Burmese/Burma JBRS/JBRS Originals/231001.pdf	data/local/bibliography_sources/231001-85f547d1a2dd/231001.pdf	1	1933 | JBRS Originals	pdf	medium	reused_existing	2026-05-29T22:23:00.547878+00:00	
231013-ecf517a3d557	ecf517a3d5578b7c90fa6fe9af6c3a3e4d97d1578af87e9cc21b22c615847c59	231013.pdf	528976	OBI_LIBRARY_ROOT:Thematic/Burmese/Burma JBRS/JBRS Originals/231013.pdf	OBI_LIBRARY_ROOT:Thematic/Burmese/Burma JBRS/1933/RamblesAmongRuyinsMraukU-Sanbaw1933.pdf | OBI_LIBRARY_ROOT:Thematic/Burmese/Burma JBRS/JBRS Originals/231013.pdf	data/local/bibliography_sources/231013-ecf517a3d557/231013.pdf	1	1933 | JBRS Originals	pdf	medium	reused_existing	2026-05-29T22:23:00.547755+00:00	
231020-289c23b08e35	289c23b08e358fa83f5b842caebbfbd5a7ae867a9765e1299613820742307d12	231020.pdf	576923	OBI_LIBRARY_ROOT:Thematic/Burmese/Burma JBRS/JBRS Originals/231020.pdf	OBI_LIBRARY_ROOT:Thematic/Burmese/Burma JBRS/JBRS Originals/231020.pdf	data/local/bibliography_sources/231020-289c23b08e35/231020.pdf	0	JBRS Originals	pdf	medium	reused_existing	2026-05-29T22:23:00.547635+00:00	
231026-49ca1b81590f	49ca1b81590f821b54125839b71c39b88e6c83573781c8e2c20d6323a722f05a	231026.pdf	106988	OBI_LIBRARY_ROOT:Thematic/Burmese/Burma JBRS/1933/231026.pdf	OBI_LIBRARY_ROOT:Thematic/Burmese/Burma JBRS/1933/231026.pdf | OBI_LIBRARY_ROOT:Thematic/Burmese/Burma JBRS/JBRS Originals/231026.pdf	data/local/bibliography_sources/231026-49ca1b81590f/231026.pdf	1	1933 | JBRS Originals	pdf	medium	reused_existing	2026-05-29T22:23:00.547513+00:00	
231026a-d6eb2f9b216c	d6eb2f9b216cff2f363ba15aa2278dd734a17260e0e2f433b765745abe45812c	231026A.pdf	43298	OBI_LIBRARY_ROOT:Thematic/Burmese/Burma JBRS/1933/231026A.pdf	OBI_LIBRARY_ROOT:Thematic/Burmese/Burma JBRS/1933/231026A.pdf | OBI_LIBRARY_ROOT:Thematic/Burmese/Burma JBRS/JBRS Originals/231026A.pdf	data/local/bibliography_sources/231026a-d6eb2f9b216c/231026A.pdf	1	1933 | JBRS Originals	pdf	medium	reused_existing	2026-05-29T22:23:00.547390+00:00	
231026b-a18153713848	a18153713848a78ae9e04854c2eb567cd68f7942e7f7980520a01f190c37829e	231026b.pdf	65248	OBI_LIBRARY_ROOT:Thematic/Burmese/Burma JBRS/1933/231026b.pdf	OBI_LIBRARY_ROOT:Thematic/Burmese/Burma JBRS/1933/231026b.pdf | OBI_LIBRARY_ROOT:Thematic/Burmese/Burma JBRS/JBRS Originals/231026B.pdf	data/local/bibliography_sources/231026b-a18153713848/231026B.pdf	1	1933 | JBRS Originals	pdf	medium	reused_existing	2026-05-29T22:23:00.547266+00:00	
231027-54a2c9803cb9	54a2c9803cb939e6842fb3a37a1505d3014946d854cc1726b94096cd681b28b0	231027.pdf	12067	OBI_LIBRARY_ROOT:Thematic/Burmese/Burma JBRS/1933/231027.pdf	OBI_LIBRARY_ROOT:Thematic/Burmese/Burma JBRS/1933/231027.pdf | OBI_LIBRARY_ROOT:Thematic/Burmese/Burma JBRS/JBRS Originals/231027.pdf	data/local/bibliography_sources/231027-54a2c9803cb9/231027.pdf	1	1933 | JBRS Originals	pdf	medium	reused_existing	2026-05-29T22:23:00.547144+00:00	
231028-25ec730e5448	25ec730e54483ecb7e39aa0acb50c35673a7d22d35f7f0cbaf9109ae03c287a0	231028.pdf	144657	OBI_LIBRARY_ROOT:Thematic/Burmese/Burma JBRS/1933/231028.pdf	OBI_LIBRARY_ROOT:Thematic/Burmese/Burma JBRS/1933/231028.pdf | OBI_LIBRARY_ROOT:Thematic/Burmese/Burma JBRS/JBRS Originals/231028.pdf	data/local/bibliography_sources/231028-25ec730e5448/231028.pdf	1	1933 | JBRS Originals	pdf	medium	reused_existing	2026-05-29T22:23:00.547025+00:00	
231047-c8e3f88bb01d	c8e3f88bb01dc92d454b1c5f94de216044fda19a2ecc6b0e58e476dc7439a366	231047.pdf	452871	OBI_LIBRARY_ROOT:Thematic/Burmese/Burma JBRS/1933/231047.pdf	OBI_LIBRARY_ROOT:Thematic/Burmese/Burma JBRS/1933/231047.pdf | OBI_LIBRARY_ROOT:Thematic/Burmese/Burma JBRS/JBRS Originals/231047.pdf	data/local/bibliography_sources/231047-c8e3f88bb01d/231047.pdf	1	1933 | JBRS Originals	pdf	medium	reused_existing	2026-05-29T22:23:00.546900+00:00	
232055-8fb793b0bf83	8fb793b0bf839a3c8169a064687740bf8a67fe91cd5e6a08ab2eb47354aef9c8	232055.pdf	2416977	OBI_LIBRARY_ROOT:Thematic/Burmese/Burma JBRS/JBRS Originals/232055.pdf	OBI_LIBRARY_ROOT:Thematic/Burmese/Burma JBRS/1933/KingBearing-Pearn1933.pdf | OBI_LIBRARY_ROOT:Thematic/Burmese/Burma JBRS/JBRS Originals/232055.pdf	data/local/bibliography_sources/232055-8fb793b0bf83/232055.pdf	1	1933 | JBRS Originals	pdf	medium	reused_existing	2026-05-29T22:23:00.546769+00:00	
232086-f3829ab0e3e2	f3829ab0e3e254f9e23df8a2c4526a1aab3f013fd7f71636c89e7c070296dc26	232086.pdf	866738	OBI_LIBRARY_ROOT:Thematic/Burmese/Burma JBRS/JBRS Originals/232086.pdf	OBI_LIBRARY_ROOT:Thematic/Burmese/Burma JBRS/JBRS Originals/232086.pdf	data/local/bibliography_sources/232086-f3829ab0e3e2/232086.pdf	0	JBRS Originals	pdf	medium	reused_existing	2026-05-29T22:23:00.546640+00:00	
232094-d10b1a355e7a	d10b1a355e7a5ee81de8edec32ad36e269bbd76178a935ef9c4976defbeab412	232094.pdf	183972	OBI_LIBRARY_ROOT:Thematic/Burmese/Burma JBRS/1933/232094.pdf	OBI_LIBRARY_ROOT:Thematic/Burmese/Burma JBRS/1933/232094.pdf | OBI_LIBRARY_ROOT:Thematic/Burmese/Burma JBRS/JBRS Originals/232094.pdf	data/local/bibliography_sources/232094-d10b1a355e7a/232094.pdf	1	1933 | JBRS Originals	pdf	medium	reused_existing	2026-05-29T22:23:00.546521+00:00	
232094a-a80a57895b18	a80a57895b187453bdfc3d5d61ffb6b444edb7b5f6692d1e487be8949fe25033	232094a.pdf	105985	OBI_LIBRARY_ROOT:Thematic/Burmese/Burma JBRS/1933/232094a.pdf	OBI_LIBRARY_ROOT:Thematic/Burmese/Burma JBRS/1933/232094a.pdf | OBI_LIBRARY_ROOT:Thematic/Burmese/Burma JBRS/JBRS Originals/232094A.pdf	data/local/bibliography_sources/232094a-a80a57895b18/232094A.pdf	1	1933 | JBRS Originals	pdf	medium	reused_existing	2026-05-29T22:23:00.546387+00:00	
232095-3547ce11c0c8	3547ce11c0c8fa0a4eb57f8d2b42337aff05afeaffcfb3f600af5192d85cc5a8	232095.pdf	47566	OBI_LIBRARY_ROOT:Thematic/Burmese/Burma JBRS/1933/232095.pdf	OBI_LIBRARY_ROOT:Thematic/Burmese/Burma JBRS/1933/232095.pdf | OBI_LIBRARY_ROOT:Thematic/Burmese/Burma JBRS/JBRS Originals/232095.pdf	data/local/bibliography_sources/232095-3547ce11c0c8/232095.pdf	1	1933 | JBRS Originals	pdf	medium	reused_existing	2026-05-29T22:23:00.546267+00:00	
232096-a7fa341eeae1	a7fa341eeae11caad4fe1ee33f67f858953c294e53a4e18228d1bc8e337557c7	232096.pdf	34067	OBI_LIBRARY_ROOT:Thematic/Burmese/Burma JBRS/1933/232096.pdf	OBI_LIBRARY_ROOT:Thematic/Burmese/Burma JBRS/1933/232096.pdf | OBI_LIBRARY_ROOT:Thematic/Burmese/Burma JBRS/JBRS Originals/232096.pdf	data/local/bibliography_sources/232096-a7fa341eeae1/232096.pdf	1	1933 | JBRS Originals	pdf	medium	reused_existing	2026-05-29T22:23:00.546134+00:00	
233097-2198b53d3ae7	2198b53d3ae7c828190ec17884f8ef320d64f74ba9e006058bb9f64257108b5d	233097.pdf	710155	OBI_LIBRARY_ROOT:Thematic/Burmese/Burma JBRS/JBRS Originals/233097.pdf	OBI_LIBRARY_ROOT:Thematic/Burmese/Burma JBRS/1933/LowerChindwinNats-1-2-LanghamCarter1933.pdf | OBI_LIBRARY_ROOT:Thematic/Burmese/Burma JBRS/JBRS Originals/233097.pdf	data/local/bibliography_sources/233097-2198b53d3ae7/233097.pdf	1	1933 | JBRS Originals	pdf	medium	reused_existing	2026-05-29T22:23:00.546009+00:00	
233106-f09d54847f41	f09d54847f41e2ac91b76ebe0c734c7217ada9fe9e3bd556bd99f9aa6e38d7bb	233106.pdf	616939	OBI_LIBRARY_ROOT:Thematic/Burmese/Burma JBRS/1933/233106.pdf	OBI_LIBRARY_ROOT:Thematic/Burmese/Burma JBRS/1933/233106.pdf | OBI_LIBRARY_ROOT:Thematic/Burmese/Burma JBRS/JBRS Originals/233106.pdf	data/local/bibliography_sources/233106-f09d54847f41/233106.pdf	1	1933 | JBRS Originals	pdf	medium	reused_existing	2026-05-29T22:23:00.545892+00:00	
233123-0af766867729	0af76686772937543db75c888ef13065a0db153d8664ec7d93620789f7bc2e91	233123.pdf	247408	OBI_LIBRARY_ROOT:Thematic/Burmese/Burma JBRS/JBRS Originals/233123.pdf	OBI_LIBRARY_ROOT:Thematic/Burmese/Burma JBRS/1933/JournalofFelixCarey-Hall1933.pdf | OBI_LIBRARY_ROOT:Thematic/Burmese/Burma JBRS/JBRS Originals/233123.pdf	data/local/bibliography_sources/233123-0af766867729/233123.pdf	1	1933 | JBRS Originals	pdf	medium	reused_existing	2026-05-29T22:23:00.545768+00:00	
233125-2bd1aefd06c1	2bd1aefd06c15c4e1e93d8a069bc047ca5247969c80123a02b0a00cd5215e3d0	233125.pdf	264175	OBI_LIBRARY_ROOT:Thematic/Burmese/Burma JBRS/JBRS Originals/233125.pdf	OBI_LIBRARY_ROOT:Thematic/Burmese/Burma JBRS/JBRS Originals/233125.pdf	data/local/bibliography_sources/233125-2bd1aefd06c1/233125.pdf	0	JBRS Originals	pdf	medium	reused_existing	2026-05-29T22:23:00.545638+00:00	
233129-09614960bd5d	09614960bd5df94122bc4f51ac8726b28bff7a5c783c00c1e0e8290cfa8aeceb	233129.pdf	78053	OBI_LIBRARY_ROOT:Thematic/Burmese/Burma JBRS/JBRS Originals/233129.pdf	OBI_LIBRARY_ROOT:Thematic/Burmese/Burma JBRS/JBRS Originals/233129.pdf	data/local/bibliography_sources/233129-09614960bd5d/233129.pdf	0	JBRS Originals	pdf	medium	reused_existing	2026-05-29T22:23:00.545512+00:00	
233130-d5752b724e87	d5752b724e87136bf98040f9ea43ee2d365005130d99ca8520b6a73d30c4a53e	233130.pdf	47165	OBI_LIBRARY_ROOT:Thematic/Burmese/Burma JBRS/JBRS Originals/233130.pdf	OBI_LIBRARY_ROOT:Thematic/Burmese/Burma JBRS/JBRS Originals/233130.pdf	data/local/bibliography_sources/233130-d5752b724e87/233130.pdf	0	JBRS Originals	pdf	medium	reused_existing	2026-05-29T22:23:00.545390+00:00	
241001a-21f020fb358f	21f020fb358f539ee5dd9db0f3fa7c10e4311d104a34e92468d9ef208f459586	241001A.pdf	1824750	OBI_LIBRARY_ROOT:Thematic/Burmese/Burma JBRS/JBRS Originals/241001A.pdf	OBI_LIBRARY_ROOT:Thematic/Burmese/Burma JBRS/1934/Shwedagon1-PeMaungTin1934.pdf | OBI_LIBRARY_ROOT:Thematic/Burmese/Burma JBRS/JBRS Originals/241001A.pdf	data/local/bibliography_sources/241001a-21f020fb358f/241001A.pdf	1	1934 | JBRS Originals	pdf	medium	reused_existing	2026-05-29T22:23:00.545265+00:00	
241001b-bd566036df7c	bd566036df7cc890091fdb47a73ab307963695c7376d5e96d242bf7b4e515c86	241001B.pdf	2443024	OBI_LIBRARY_ROOT:Thematic/Burmese/Burma JBRS/JBRS Originals/241001B.pdf	OBI_LIBRARY_ROOT:Thematic/Burmese/Burma JBRS/1934/Shwedagon2-PeMaungTin1934.pdf | OBI_LIBRARY_ROOT:Thematic/Burmese/Burma JBRS/JBRS Originals/241001B.pdf	data/local/bibliography_sources/241001b-bd566036df7c/241001B.pdf	1	1934 | JBRS Originals	pdf	medium	reused_existing	2026-05-29T22:23:00.545136+00:00	
241001c-dc7b5b9bb656	dc7b5b9bb656a19cb6813bafc387ee48141bc3ddcd739092d65e23c09b9857b2	241001C.pdf	2016486	OBI_LIBRARY_ROOT:Thematic/Burmese/Burma JBRS/JBRS Originals/241001C.pdf	OBI_LIBRARY_ROOT:Thematic/Burmese/Burma JBRS/1934/Shwedagon3-PeMaungTin1934.pdf | OBI_LIBRARY_ROOT:Thematic/Burmese/Burma JBRS/JBRS Originals/241001C.pdf	data/local/bibliography_sources/241001c-dc7b5b9bb656/241001C.pdf	1	1934 | JBRS Originals	pdf	medium	reused_existing	2026-05-29T22:23:00.545011+00:00	
242093-8aa960e261d8	8aa960e261d86cf168de22de26e9976eb4428ada292f74070c8167ce5163687e	242093.pdf	1000777	OBI_LIBRARY_ROOT:Thematic/Burmese/Burma JBRS/JBRS Originals/242093.pdf	OBI_LIBRARY_ROOT:Thematic/Burmese/Burma JBRS/1934/MalayArchipeligo-Furnivall1934.pdf | OBI_LIBRARY_ROOT:Thematic/Burmese/Burma JBRS/JBRS Originals/242093.pdf	data/local/bibliography_sources/242093-8aa960e261d8/242093.pdf	1	1934 | JBRS Originals	pdf	medium	reused_existing	2026-05-29T22:23:00.544887+00:00	
242105-05acb32b6631	05acb32b66318f8983061633feb520f88fb48702cabf51cdba1cf24b45fd2881	242105.pdf	556174	OBI_LIBRARY_ROOT:Thematic/Burmese/Burma JBRS/JBRS Originals/242105.pdf	OBI_LIBRARY_ROOT:Thematic/Burmese/Burma JBRS/1934/LowerChindwinNats3-4-LanghamCarter1934.pdf | OBI_LIBRARY_ROOT:Thematic/Burmese/Burma JBRS/JBRS Originals/242105.pdf	data/local/bibliography_sources/242105-05acb32b6631/242105.pdf	1	1934 | JBRS Originals	pdf	medium	reused_existing	2026-05-29T22:23:00.544757+00:00	
242112-9d819eab1dd9	9d819eab1dd9fb6e2e33c697a05cc57f0981abcfa2f36c702e25794d83b46157	242112.pdf	199644	OBI_LIBRARY_ROOT:Thematic/Burmese/Burma JBRS/1934/242112.pdf	OBI_LIBRARY_ROOT:Thematic/Burmese/Burma JBRS/1934/242112.pdf | OBI_LIBRARY_ROOT:Thematic/Burmese/Burma JBRS/JBRS Originals/242112.pdf	data/local/bibliography_sources/242112-9d819eab1dd9/242112.pdf	1	1934 | JBRS Originals	pdf	medium	reused_existing	2026-05-29T22:23:00.544632+00:00	
242114-57df6cbc912b	57df6cbc912b884658bd15c7015ee1528e2b4c5070037ca504f3c192f8b98a9b	242114.pdf	176532	OBI_LIBRARY_ROOT:Thematic/Burmese/Burma JBRS/JBRS Originals/242114.pdf	OBI_LIBRARY_ROOT:Thematic/Burmese/Burma JBRS/1934/Hlesatun-Furnivall1934.pdf | OBI_LIBRARY_ROOT:Thematic/Burmese/Burma JBRS/JBRS Originals/242114.pdf	data/local/bibliography_sources/242114-57df6cbc912b/242114.pdf	1	1934 | JBRS Originals	pdf	medium	reused_existing	2026-05-29T22:23:00.544500+00:00	
242117-0ed960e759b2	0ed960e759b278dcef858e25d3215506000b919f13471c88d881fb132dc3db56	242117.pdf	199247	OBI_LIBRARY_ROOT:Thematic/Burmese/Burma JBRS/JBRS Originals/242117.pdf	OBI_LIBRARY_ROOT:Thematic/Burmese/Burma JBRS/1934/BaSein-1934-elementary-burmese-astrology.pdf | OBI_LIBRARY_ROOT:Thematic/Burmese/Burma JBRS/JBRS Originals/242117.pdf	data/local/bibliography_sources/242117-0ed960e759b2/242117.pdf	1	1934 | JBRS Originals	pdf	medium	reused_existing	2026-05-29T22:23:00.544382+00:00	
242120-ab7002796f38	ab7002796f384cb1937725caf61ec60b9b71e5e14cc7d367802af4c5a583b25c	242120.pdf	409340	OBI_LIBRARY_ROOT:Thematic/Burmese/Burma JBRS/1934/242120.pdf	OBI_LIBRARY_ROOT:Thematic/Burmese/Burma JBRS/1934/242120.pdf | OBI_LIBRARY_ROOT:Thematic/Burmese/Burma JBRS/JBRS Originals/242120.pdf	data/local/bibliography_sources/242120-ab7002796f38/242120.pdf	1	1934 | JBRS Originals	pdf	medium	reused_existing	2026-05-29T22:23:00.544253+00:00	
243127-24e6a4201182	24e6a420118274e18709cdc54cbecf6627e6646a5738e5e1a3c28b9a83f93fcc	243127.pdf	1451506	OBI_LIBRARY_ROOT:Thematic/Burmese/Burma JBRS/JBRS Originals/243127.pdf	OBI_LIBRARY_ROOT:Thematic/Burmese/Burma JBRS/1934/Ponnagyun_BaMyaing1934.pdf | OBI_LIBRARY_ROOT:Thematic/Burmese/Burma JBRS/JBRS Originals/243127.pdf	data/local/bibliography_sources/243127-24e6a4201182/243127.pdf	1	1934 | JBRS Originals	pdf	medium	reused_existing	2026-05-29T22:23:00.544134+00:00	
243149-0e171c46718f	0e171c46718fac5be05e4c8f3e0ed3a23b3b3c259dabf9e6964251f9732f770b	243149.pdf	846254	OBI_LIBRARY_ROOT:Thematic/Burmese/Burma JBRS/1934/243149.pdf	OBI_LIBRARY_ROOT:Thematic/Burmese/Burma JBRS/1934/243149.pdf | OBI_LIBRARY_ROOT:Thematic/Burmese/Burma JBRS/JBRS Originals/243149.pdf	data/local/bibliography_sources/243149-0e171c46718f/243149.pdf	1	1934 | JBRS Originals	pdf	medium	reused_existing	2026-05-29T22:23:00.544018+00:00	
243159-14a845dc7a69	14a845dc7a690a94c24d426069a83adfbddbefd4f5155d78aa62b4adfa43f715	243159.pdf	45662	OBI_LIBRARY_ROOT:Thematic/Burmese/Burma JBRS/JBRS Originals/243159.pdf	OBI_LIBRARY_ROOT:Thematic/Burmese/Burma JBRS/1934/George-1934-a-note-on-elementary-burmese-astrology.pdf | OBI_LIBRARY_ROOT:Thematic/Burmese/Burma JBRS/JBRS Originals/243159.pdf	data/local/bibliography_sources/243159-14a845dc7a69/243159.pdf	1	1934 | JBRS Originals	pdf	medium	reused_existing	2026-05-29T22:23:00.543890+00:00	
243160-c4656597a73f	c4656597a73f06ef4c9635da5e8c257662a3fef010f9e3cc0ea9c560d56e4811	243160.pdf	435859	OBI_LIBRARY_ROOT:Thematic/Burmese/Burma JBRS/JBRS Originals/243160.pdf	OBI_LIBRARY_ROOT:Thematic/Burmese/Burma JBRS/1934/MinbyaChinHillsAkyab-ThaTunPru1934.pdf | OBI_LIBRARY_ROOT:Thematic/Burmese/Burma JBRS/JBRS Originals/243160.pdf	data/local/bibliography_sources/243160-c4656597a73f/243160.pdf	1	1934 | JBRS Originals	pdf	medium	reused_existing	2026-05-29T22:23:00.543770+00:00	
251001-ad2cf9694d87	ad2cf9694d878ab537d8da7af13e99269172e28f9029ce49d4d273e24995b18a	251001.pdf	1616198	OBI_LIBRARY_ROOT:Thematic/Burmese/Burma JBRS/JBRS Originals/251001.pdf	OBI_LIBRARY_ROOT:Thematic/Burmese/Burma JBRS/1935/PrehistoricStoneImplements-Morris1935.pdf | OBI_LIBRARY_ROOT:Thematic/Burmese/Burma JBRS/JBRS Originals/251001.pdf	data/local/bibliography_sources/251001-ad2cf9694d87/251001.pdf	1	1935 | JBRS Originals	pdf	medium	reused_existing	2026-05-29T22:23:00.543634+00:00	
251040-dca9905d5069	dca9905d5069ba504ffca228985e85746d00643952fcba4773a71c0f7aa6fa07	251040.pdf	641731	OBI_LIBRARY_ROOT:Thematic/Burmese/Burma JBRS/JBRS Originals/251040.pdf	OBI_LIBRARY_ROOT:Thematic/Burmese/Burma JBRS/1935/TwentyFiveyears-Furnivall1935.pdf | OBI_LIBRARY_ROOT:Thematic/Burmese/Burma JBRS/JBRS Originals/251040.pdf	data/local/bibliography_sources/251040-dca9905d5069/251040.pdf	1	1935 | JBRS Originals	pdf	medium	reused_existing	2026-05-29T22:23:00.543510+00:00	
252049-b632e7b1e80c	b632e7b1e80cc3b716688b2200b9fd0629b91e91f7b2fbbdb3d92e2f39cde68b	252049.pdf	167349	OBI_LIBRARY_ROOT:Thematic/Burmese/Burma JBRS/JBRS Originals/252049.pdf	OBI_LIBRARY_ROOT:Thematic/Burmese/Burma JBRS/1935/SiamBurma-AungThein1935.pdf | OBI_LIBRARY_ROOT:Thematic/Burmese/Burma JBRS/JBRS Originals/252049.pdf	data/local/bibliography_sources/252049-b632e7b1e80c/252049.pdf	1	1935 | JBRS Originals	pdf	medium	reused_existing	2026-05-29T22:23:00.543393+00:00	
253109-adcc22071a9c	adcc22071a9c5763e754f90970275691d246b39af2fae65f8597c1d215c386a9	253109.pdf	950090	OBI_LIBRARY_ROOT:Thematic/Burmese/Burma JBRS/1935/253109.pdf	OBI_LIBRARY_ROOT:Thematic/Burmese/Burma JBRS/1935/253109.pdf | OBI_LIBRARY_ROOT:Thematic/Burmese/Burma JBRS/JBRS Originals/253109.pdf	data/local/bibliography_sources/253109-adcc22071a9c/253109.pdf	1	1935 | JBRS Originals	pdf	medium	reused_existing	2026-05-29T22:23:00.543270+00:00	
253121-af9ff5a00974	af9ff5a009745275ccc2c3272523f3b4f3633bec8550f074f757df81032cf5d7	253121.pdf	369324	OBI_LIBRARY_ROOT:Thematic/Burmese/Burma JBRS/1935/253121.pdf	OBI_LIBRARY_ROOT:Thematic/Burmese/Burma JBRS/1935/253121.pdf | OBI_LIBRARY_ROOT:Thematic/Burmese/Burma JBRS/JBRS Originals/253121.pdf	data/local/bibliography_sources/253121-af9ff5a00974/253121.pdf	1	1935 | JBRS Originals	pdf	medium	reused_existing	2026-05-29T22:23:00.543146+00:00	
253129-acf5c2e71a2b	acf5c2e71a2b5873de662769b11ebde644358df2d0d5845baae23b27733213a3	253129.pdf	519471	OBI_LIBRARY_ROOT:Thematic/Burmese/Burma JBRS/JBRS Originals/253129.pdf	OBI_LIBRARY_ROOT:Thematic/Burmese/Burma JBRS/1935/LetweThondara-KhinZaw1935.pdf | OBI_LIBRARY_ROOT:Thematic/Burmese/Burma JBRS/JBRS Originals/253129.pdf	data/local/bibliography_sources/253129-acf5c2e71a2b/253129.pdf	1	1935 | JBRS Originals	pdf	medium	reused_existing	2026-05-29T22:23:00.543018+00:00	
253137-1f80b7d7e596	1f80b7d7e5966f2d5f656e83da16abb19377a4305ee1b8a1b82f416397e6921b	253137.pdf	228339	OBI_LIBRARY_ROOT:Thematic/Burmese/Burma JBRS/1935/253137.pdf	OBI_LIBRARY_ROOT:Thematic/Burmese/Burma JBRS/1935/253137.pdf | OBI_LIBRARY_ROOT:Thematic/Burmese/Burma JBRS/JBRS Originals/253137.pdf	data/local/bibliography_sources/253137-1f80b7d7e596/253137.pdf	1	1935 | JBRS Originals	pdf	medium	reused_existing	2026-05-29T22:23:00.542887+00:00	
253145-f345bbc8cd4b	f345bbc8cd4b73e9e1eeb152ddae831922249b1b36dff7eb9fd6575a38264ed8	253145.pdf	148089	OBI_LIBRARY_ROOT:Thematic/Burmese/Burma JBRS/1935/253145.pdf	OBI_LIBRARY_ROOT:Thematic/Burmese/Burma JBRS/1935/253145.pdf | OBI_LIBRARY_ROOT:Thematic/Burmese/Burma JBRS/JBRS Originals/253145.pdf	data/local/bibliography_sources/253145-f345bbc8cd4b/253145.pdf	1	1935 | JBRS Originals	pdf	medium	reused_existing	2026-05-29T22:23:00.542767+00:00	
253160-6f1fbe1d53ba	6f1fbe1d53ba94e9b5b019bcaad1ac9702ec88d297fe005765b1837ec8eea24e	253160.pdf	98743	OBI_LIBRARY_ROOT:Thematic/Burmese/Burma JBRS/1935/253160.pdf	OBI_LIBRARY_ROOT:Thematic/Burmese/Burma JBRS/1935/253160.pdf | OBI_LIBRARY_ROOT:Thematic/Burmese/Burma JBRS/JBRS Originals/253160.pdf	data/local/bibliography_sources/253160-6f1fbe1d53ba/253160.pdf	1	1935 | JBRS Originals	pdf	medium	reused_existing	2026-05-29T22:23:00.542653+00:00	
253161-2f9b3f38ebe8	2f9b3f38ebe839282ddc4c4dfa8c2e86fd4a6d1273c56f1210bf72ac07cf795d	253161.pdf	41387	OBI_LIBRARY_ROOT:Thematic/Burmese/Burma JBRS/JBRS Originals/253161.pdf	OBI_LIBRARY_ROOT:Thematic/Burmese/Burma JBRS/1935/PhayreLetter1852-1935.pdf | OBI_LIBRARY_ROOT:Thematic/Burmese/Burma JBRS/JBRS Originals/253161.pdf	data/local/bibliography_sources/253161-2f9b3f38ebe8/253161.pdf	1	1935 | JBRS Originals	pdf	medium	reused_existing	2026-05-29T22:23:00.542536+00:00	
253162-59327c1d4171	59327c1d4171e32850137f4d66bd8bc84101496bdc324e09f7e270131cb47d6c	253162.pdf	51733	OBI_LIBRARY_ROOT:Thematic/Burmese/Burma JBRS/JBRS Originals/253162.pdf	OBI_LIBRARY_ROOT:Thematic/Burmese/Burma JBRS/1935/BurialMoundLawas-eds1935.pdf | OBI_LIBRARY_ROOT:Thematic/Burmese/Burma JBRS/JBRS Originals/253162.pdf	data/local/bibliography_sources/253162-59327c1d4171/253162.pdf	1	1935 | JBRS Originals	pdf	medium	reused_existing	2026-05-29T22:23:00.542415+00:00	
261001-23882d2b0bf8	23882d2b0bf8a479edfdc20a8a59d86a63bc2a3c1b64acf199cf681adcb2494e	261001.pdf	2562062	OBI_LIBRARY_ROOT:Thematic/Burmese/Burma JBRS/JBRS Originals/261001.pdf	OBI_LIBRARY_ROOT:Thematic/Burmese/Burma JBRS/1936/DutchArakan-Hall1936.pdf | OBI_LIBRARY_ROOT:Thematic/Burmese/Burma JBRS/JBRS Originals/261001.pdf	data/local/bibliography_sources/261001-23882d2b0bf8/261001.pdf	1	1936 | JBRS Originals	pdf	medium	reused_existing	2026-05-29T22:23:00.542294+00:00	
261033-f6f8e1c2177e	f6f8e1c2177e4dc964af83950a5814a1e942715b6cac99ad4d557152edd87edd	261033.pdf	155545	OBI_LIBRARY_ROOT:Thematic/Burmese/Burma JBRS/JBRS Originals/261033.pdf	OBI_LIBRARY_ROOT:Thematic/Burmese/Burma JBRS/1936/U-HtaungBo-LanghamCarter1936.pdf | OBI_LIBRARY_ROOT:Thematic/Burmese/Burma JBRS/JBRS Originals/261033.pdf	data/local/bibliography_sources/261033-f6f8e1c2177e/261033.pdf	1	1936 | JBRS Originals	pdf	medium	reused_existing	2026-05-29T22:23:00.542180+00:00	
261035-efd44a3e2d9f	efd44a3e2d9f1ba8d7410f3de81f3f4d1aa5810fa9ea9631264893e15364df4a	261035.pdf	950191	OBI_LIBRARY_ROOT:Thematic/Burmese/Burma JBRS/JBRS Originals/261035.pdf	OBI_LIBRARY_ROOT:Thematic/Burmese/Burma JBRS/1936/ShweboCanals_BaShin.pdf | OBI_LIBRARY_ROOT:Thematic/Burmese/Burma JBRS/JBRS Originals/261035.pdf	data/local/bibliography_sources/261035-efd44a3e2d9f/261035.pdf	1	1936 | JBRS Originals	pdf	medium	reused_existing	2026-05-29T22:23:00.542059+00:00	
262071-013bbde34dc9	013bbde34dc93cebaa35d9b3f367931f489b03940edaeb069d56600c3ec3e502	262071.pdf	3131521	OBI_LIBRARY_ROOT:Thematic/Burmese/Burma JBRS/1936/262071.pdf	OBI_LIBRARY_ROOT:Thematic/Burmese/Burma JBRS/1936/262071.pdf | OBI_LIBRARY_ROOT:Thematic/Burmese/Burma JBRS/JBRS Originals/262071.pdf	data/local/bibliography_sources/262071-013bbde34dc9/262071.pdf	1	1936 | JBRS Originals	pdf	medium	reused_existing	2026-05-29T22:23:00.541942+00:00	
262110-41a7efb55a79	41a7efb55a79554cf99db7633fbe425faac3cf0630dcc019a696f550554e8b0f	262110.pdf	348325	OBI_LIBRARY_ROOT:Thematic/Burmese/Burma JBRS/1936/262110.pdf	OBI_LIBRARY_ROOT:Thematic/Burmese/Burma JBRS/1936/262110.pdf | OBI_LIBRARY_ROOT:Thematic/Burmese/Burma JBRS/JBRS Originals/262110.pdf	data/local/bibliography_sources/262110-41a7efb55a79/262110.pdf	1	1936 | JBRS Originals	pdf	medium	reused_existing	2026-05-29T22:23:00.541822+00:00	
262116-7150ad99fba3	7150ad99fba3322d974316d24dd061d0c04a8d0e8726bff43a429038f5e6d51e	262116.pdf	165938	OBI_LIBRARY_ROOT:Thematic/Burmese/Burma JBRS/1936/262116.pdf	OBI_LIBRARY_ROOT:Thematic/Burmese/Burma JBRS/1936/262116.pdf | OBI_LIBRARY_ROOT:Thematic/Burmese/Burma JBRS/JBRS Originals/262116.pdf	data/local/bibliography_sources/262116-7150ad99fba3/262116.pdf	1	1936 | JBRS Originals	pdf	medium	reused_existing	2026-05-29T22:23:00.541708+00:00	
262119-aa2bc12e3738	aa2bc12e3738df39423f75445c26d868c017904c7207ded212ebcf8f1cb85f83	262119.pdf	94437	OBI_LIBRARY_ROOT:Thematic/Burmese/Burma JBRS/JBRS Originals/262119.pdf	OBI_LIBRARY_ROOT:Thematic/Burmese/Burma JBRS/1936/PalaeolithYenangaung-Morris1936.pdf | OBI_LIBRARY_ROOT:Thematic/Burmese/Burma JBRS/JBRS Originals/262119.pdf	data/local/bibliography_sources/262119-aa2bc12e3738/262119.pdf	1	1936 | JBRS Originals	pdf	medium	reused_existing	2026-05-29T22:23:00.541583+00:00	
262122-8b943efcf25c	8b943efcf25c74a4a0209e7781d8260cc460fd360063032d69ab376113466086	262122.pdf	485728	OBI_LIBRARY_ROOT:Thematic/Burmese/Burma JBRS/1936/262122.pdf	OBI_LIBRARY_ROOT:Thematic/Burmese/Burma JBRS/1936/262122.pdf | OBI_LIBRARY_ROOT:Thematic/Burmese/Burma JBRS/JBRS Originals/262122.pdf	data/local/bibliography_sources/262122-8b943efcf25c/262122.pdf	1	1936 | JBRS Originals	pdf	medium	reused_existing	2026-05-29T22:23:00.541459+00:00	
263131-82440c497d98	82440c497d9892c6570d6de066b87b4772f2d1202a4ae3dd7d5281e83b65483c	263131.pdf	538125	OBI_LIBRARY_ROOT:Thematic/Burmese/Burma JBRS/JBRS Originals/263131.pdf	OBI_LIBRARY_ROOT:Thematic/Burmese/Burma JBRS/1936/PrayersBurma-Luce1936.pdf | OBI_LIBRARY_ROOT:Thematic/Burmese/Burma JBRS/JBRS Originals/263131.pdf	data/local/bibliography_sources/263131-82440c497d98/263131.pdf	1	1936 | JBRS Originals	pdf	medium	reused_existing	2026-05-29T22:23:00.541343+00:00	
263139-bba6fa22e2a4	bba6fa22e2a409967a35a2f317177645c0ca166648a6e2fd3bda88cd997d4062	263139.pdf	515041	OBI_LIBRARY_ROOT:Thematic/Burmese/Burma JBRS/1936/263139.pdf	OBI_LIBRARY_ROOT:Thematic/Burmese/Burma JBRS/1936/263139.pdf | OBI_LIBRARY_ROOT:Thematic/Burmese/Burma JBRS/JBRS Originals/263139.pdf	data/local/bibliography_sources/263139-bba6fa22e2a4/263139.pdf	1	1936 | JBRS Originals	pdf	medium	reused_existing	2026-05-29T22:23:00.541226+00:00	
263147-8c40373811dd	8c40373811dd2b68353dcd2423d1a35d6c15750c46de2c415afb8b0057c605bb	263147.pdf	363551	OBI_LIBRARY_ROOT:Thematic/Burmese/Burma JBRS/JBRS Originals/263147.pdf	OBI_LIBRARY_ROOT:Thematic/Burmese/Burma JBRS/1936/MapBySlave-Desai1936.pdf | OBI_LIBRARY_ROOT:Thematic/Burmese/Burma JBRS/JBRS Originals/263147.pdf	data/local/bibliography_sources/263147-8c40373811dd/263147.pdf	1	1936 | JBRS Originals	pdf	medium	reused_existing	2026-05-29T22:23:00.541109+00:00	
263153-085d413ba955	085d413ba955d72be1cdb21e0e96d07db2e131d314dc807fb2654aad161d5f32	263153.pdf	381303	OBI_LIBRARY_ROOT:Thematic/Burmese/Burma JBRS/1936/263153.pdf	OBI_LIBRARY_ROOT:Thematic/Burmese/Burma JBRS/1936/263153.pdf | OBI_LIBRARY_ROOT:Thematic/Burmese/Burma JBRS/JBRS Originals/263153.pdf	data/local/bibliography_sources/263153-085d413ba955/263153.pdf	1	1936 | JBRS Originals	pdf	medium	reused_existing	2026-05-29T22:23:00.540977+00:00	
263157-4b11ac6d0804	4b11ac6d080435e5e4dafa8a4a6776b63d5649f7acdf6bc7822d60a17e3f16eb	263157.pdf	301154	OBI_LIBRARY_ROOT:Thematic/Burmese/Burma JBRS/1936/263157.pdf	OBI_LIBRARY_ROOT:Thematic/Burmese/Burma JBRS/1936/263157.pdf | OBI_LIBRARY_ROOT:Thematic/Burmese/Burma JBRS/JBRS Originals/263157.pdf	data/local/bibliography_sources/263157-4b11ac6d0804/263157.pdf	1	1936 | JBRS Originals	pdf	medium	reused_existing	2026-05-29T22:23:00.540869+00:00	
263163-467c7fd501bf	467c7fd501bfc1258a3c5ad2788d27373e7aed6e092897f3cc63bea393bb7764	263163.pdf	499448	OBI_LIBRARY_ROOT:Thematic/Burmese/Burma JBRS/JBRS Originals/263163.pdf	OBI_LIBRARY_ROOT:Thematic/Burmese/Burma JBRS/1936/KonbyinTerrace-Morris1936.pdf | OBI_LIBRARY_ROOT:Thematic/Burmese/Burma JBRS/JBRS Originals/263163.pdf	data/local/bibliography_sources/263163-467c7fd501bf/263163.pdf	1	1936 | JBRS Originals	pdf	medium	reused_existing	2026-05-29T22:23:00.540760+00:00	
263171-da1960b86d45	da1960b86d45383ec2cb6a1030e14c693ae14dea558e9bf204e0b0322b9dfc8b	263171.pdf	347176	OBI_LIBRARY_ROOT:Thematic/Burmese/Burma JBRS/JBRS Originals/263171.pdf	OBI_LIBRARY_ROOT:Thematic/Burmese/Burma JBRS/1936/SocietysExhibition_Eds.pdf | OBI_LIBRARY_ROOT:Thematic/Burmese/Burma JBRS/JBRS Originals/263171.pdf	data/local/bibliography_sources/263171-da1960b86d45/263171.pdf	1	1936 | JBRS Originals	pdf	medium	reused_existing	2026-05-29T22:23:00.540655+00:00	
271001-be28ce1583a5	be28ce1583a5f9e5ec9003ca83b894f48ba981ce06eec8c6ebe58a9ce4d8ead8	271001.pdf	915097	OBI_LIBRARY_ROOT:Thematic/Burmese/Burma JBRS/1937/271001.pdf	OBI_LIBRARY_ROOT:Thematic/Burmese/Burma JBRS/1937/271001.pdf | OBI_LIBRARY_ROOT:Thematic/Burmese/Burma JBRS/JBRS Originals/271001.pdf	data/local/bibliography_sources/271001-be28ce1583a5/271001.pdf	1	1937 | JBRS Originals	pdf	medium	reused_existing	2026-05-29T22:23:00.540546+00:00	
271015-9779b019a3bf	9779b019a3bf9ac69e0734a3935e9ea57812bde555e3c8e5c8c7c7370edcd782	271015.pdf	1111482	OBI_LIBRARY_ROOT:Thematic/Burmese/Burma JBRS/JBRS Originals/271015.pdf	OBI_LIBRARY_ROOT:Thematic/Burmese/Burma JBRS/1937/BurmeseRule-at-Toungoo-LanghamCarter1937.pdf | OBI_LIBRARY_ROOT:Thematic/Burmese/Burma JBRS/JBRS Originals/271015.pdf	data/local/bibliography_sources/271015-9779b019a3bf/271015.pdf	1	1937 | JBRS Originals	pdf	medium	reused_existing	2026-05-29T22:23:00.540442+00:00	
271033-e9a11aa8cdd5	e9a11aa8cdd5d1a456068e9ae737b0881f1f2feab63493f4d80df5c13201cc94	271033.pdf	1342078	OBI_LIBRARY_ROOT:Thematic/Burmese/Burma JBRS/1937/271033.pdf	OBI_LIBRARY_ROOT:Thematic/Burmese/Burma JBRS/1937/271033.pdf | OBI_LIBRARY_ROOT:Thematic/Burmese/Burma JBRS/JBRS Originals/271033.pdf	data/local/bibliography_sources/271033-e9a11aa8cdd5/271033.pdf	1	1937 | JBRS Originals	pdf	medium	reused_existing	2026-05-29T22:23:00.540334+00:00	
271053-894534de567c	894534de567c4a3eca74a5b5c2dcb76c8e74b43e031693c4e499ac3042dff0fa	271053.pdf	293766	OBI_LIBRARY_ROOT:Thematic/Burmese/Burma JBRS/1937/271053.pdf	OBI_LIBRARY_ROOT:Thematic/Burmese/Burma JBRS/1937/271053.pdf | OBI_LIBRARY_ROOT:Thematic/Burmese/Burma JBRS/JBRS Originals/271053.pdf	data/local/bibliography_sources/271053-894534de567c/271053.pdf	1	1937 | JBRS Originals	pdf	medium	reused_existing	2026-05-29T22:23:00.540232+00:00	
271061-dca2a3af11ad	dca2a3af11ad07e2c76f75a6d8a7124f5f46254927f4ff62f8bcca15a712fa82	271061.pdf	859864	OBI_LIBRARY_ROOT:Thematic/Burmese/Burma JBRS/1937/271061.pdf	OBI_LIBRARY_ROOT:Thematic/Burmese/Burma JBRS/1937/271061.pdf | OBI_LIBRARY_ROOT:Thematic/Burmese/Burma JBRS/JBRS Originals/271061.pdf	data/local/bibliography_sources/271061-dca2a3af11ad/271061.pdf	1	1937 | JBRS Originals	pdf	medium	reused_existing	2026-05-29T22:23:00.540129+00:00	
271074-e876dd7c50c6	e876dd7c50c6574824b6acf2d22edd873d1a6e2de07524a0f3915e562b15d012	271074.pdf	39024	OBI_LIBRARY_ROOT:Thematic/Burmese/Burma JBRS/JBRS Originals/271074.pdf	OBI_LIBRARY_ROOT:Thematic/Burmese/Burma JBRS/1937/PrehistoricStone-Morris1937.pdf | OBI_LIBRARY_ROOT:Thematic/Burmese/Burma JBRS/JBRS Originals/271074.pdf	data/local/bibliography_sources/271074-e876dd7c50c6/271074.pdf	1	1937 | JBRS Originals	pdf	medium	reused_existing	2026-05-29T22:23:00.540026+00:00	
271075-2a9589a6ebd5	2a9589a6ebd54be0cabe76a6994fc8050bc93fd7c509f7e898cac0417e001d03	271075.pdf	311327	OBI_LIBRARY_ROOT:Thematic/Burmese/Burma JBRS/1937/271075.pdf	OBI_LIBRARY_ROOT:Thematic/Burmese/Burma JBRS/1937/271075.pdf | OBI_LIBRARY_ROOT:Thematic/Burmese/Burma JBRS/JBRS Originals/271075.pdf	data/local/bibliography_sources/271075-2a9589a6ebd5/271075.pdf	1	1937 | JBRS Originals	pdf	medium	reused_existing	2026-05-29T22:23:00.539905+00:00	
272087-389533199214	389533199214c820df42b5f4bbeaacac8aaa536f580336ef37a15f89f7213596	272087.pdf	839025	OBI_LIBRARY_ROOT:Thematic/Burmese/Burma JBRS/JBRS Originals/272087.pdf	OBI_LIBRARY_ROOT:Thematic/Burmese/Burma JBRS/1937/Telford-1937-animism-in-kengtung-state.pdf | OBI_LIBRARY_ROOT:Thematic/Burmese/Burma JBRS/JBRS Originals/272087.pdf	data/local/bibliography_sources/272087-389533199214/272087.pdf	1	1937 | JBRS Originals	pdf	medium	reused_existing	2026-05-29T22:23:00.539802+00:00	
273254-c73168dc7d34	c73168dc7d349314eabaaae383ec766b13b77268a1a102326974ab4aa17d0720	273254.pdf	1597085	OBI_LIBRARY_ROOT:Thematic/Burmese/Burma JBRS/1937/273254.pdf	OBI_LIBRARY_ROOT:Thematic/Burmese/Burma JBRS/1937/273254.pdf | OBI_LIBRARY_ROOT:Thematic/Burmese/Burma JBRS/JBRS Originals/273254.pdf	data/local/bibliography_sources/273254-c73168dc7d34/273254.pdf	1	1937 | JBRS Originals	pdf	medium	reused_existing	2026-05-29T22:23:00.539697+00:00	
273277-19e16d7bf241	19e16d7bf2412a0d4e00f58f5a1f4963b0033f7acf153ccd3b626ae28ca77e1c	273277.pdf	403543	OBI_LIBRARY_ROOT:Thematic/Burmese/Burma JBRS/1937/273277.pdf	OBI_LIBRARY_ROOT:Thematic/Burmese/Burma JBRS/1937/273277.pdf | OBI_LIBRARY_ROOT:Thematic/Burmese/Burma JBRS/JBRS Originals/273277.pdf	data/local/bibliography_sources/273277-19e16d7bf241/273277.pdf	1	1937 | JBRS Originals	pdf	medium	reused_existing	2026-05-29T22:23:00.539592+00:00	
273283-1f4f3f3d3c9a	1f4f3f3d3c9af2744ad7b045ae92c90ee441fbd406b185782d928f96354374ce	273283.pdf	1522112	OBI_LIBRARY_ROOT:Thematic/Burmese/Burma JBRS/1937/273283.pdf	OBI_LIBRARY_ROOT:Thematic/Burmese/Burma JBRS/1937/273283.pdf | OBI_LIBRARY_ROOT:Thematic/Burmese/Burma JBRS/JBRS Originals/273283.pdf	data/local/bibliography_sources/273283-1f4f3f3d3c9a/273283.pdf	1	1937 | JBRS Originals	pdf	medium	reused_existing	2026-05-29T22:23:00.539481+00:00	
273308-d3e69c251ca0	d3e69c251ca0d59b511cff89b3bf6e3a58d721fb0f39323a9c682dba65a89011	273308.pdf	41994	OBI_LIBRARY_ROOT:Thematic/Burmese/Burma JBRS/1937/273308.pdf	OBI_LIBRARY_ROOT:Thematic/Burmese/Burma JBRS/1937/273308.pdf | OBI_LIBRARY_ROOT:Thematic/Burmese/Burma JBRS/JBRS Originals/273308.pdf	data/local/bibliography_sources/273308-d3e69c251ca0/273308.pdf	1	1937 | JBRS Originals	pdf	medium	reused_existing	2026-05-29T22:23:00.539371+00:00	
273310-6429684e1894	6429684e18942664c4f1acafc35d4d73a17ca5b142b8bbadab56d02133476edb	273310.pdf	30929	OBI_LIBRARY_ROOT:Thematic/Burmese/Burma JBRS/1937/273310.pdf	OBI_LIBRARY_ROOT:Thematic/Burmese/Burma JBRS/1937/273310.pdf | OBI_LIBRARY_ROOT:Thematic/Burmese/Burma JBRS/JBRS Originals/273310.pdf	data/local/bibliography_sources/273310-6429684e1894/273310.pdf	1	1937 | JBRS Originals	pdf	medium	reused_existing	2026-05-29T22:23:00.539258+00:00	
273310a-902bf3a6443f	902bf3a6443f5606370d86d2c714e8ef204aa40ed9a5aa8e32fce2167067ab47	273310A.pdf	137561	OBI_LIBRARY_ROOT:Thematic/Burmese/Burma JBRS/1937/273310A.pdf	OBI_LIBRARY_ROOT:Thematic/Burmese/Burma JBRS/1937/273310A.pdf | OBI_LIBRARY_ROOT:Thematic/Burmese/Burma JBRS/JBRS Originals/273310A.pdf	data/local/bibliography_sources/273310a-902bf3a6443f/273310A.pdf	1	1937 | JBRS Originals	pdf	medium	reused_existing	2026-05-29T22:23:00.539146+00:00	
273312-7463dd0e16ec	7463dd0e16ec2b6055e7dfe3dc3e82dda8086dac660aac621127bc4a4a142ec1	273312.pdf	221834	OBI_LIBRARY_ROOT:Thematic/Burmese/Burma JBRS/1937/273312.pdf	OBI_LIBRARY_ROOT:Thematic/Burmese/Burma JBRS/1937/273312.pdf | OBI_LIBRARY_ROOT:Thematic/Burmese/Burma JBRS/JBRS Originals/273312.pdf	data/local/bibliography_sources/273312-7463dd0e16ec/273312.pdf	1	1937 | JBRS Originals	pdf	medium	reused_existing	2026-05-29T22:23:00.539033+00:00	
281001-fadc60a4137a	fadc60a4137af97f52b0d0b632c94de4fbbc493ec1e5233cab171f5b3e56db8a	281001.pdf	514991	OBI_LIBRARY_ROOT:Thematic/Burmese/Burma JBRS/1938/281001.pdf	OBI_LIBRARY_ROOT:Thematic/Burmese/Burma JBRS/1938/281001.pdf | OBI_LIBRARY_ROOT:Thematic/Burmese/Burma JBRS/JBRS Originals/281001.pdf	data/local/bibliography_sources/281001-fadc60a4137a/281001.pdf	1	1938 | JBRS Originals	pdf	medium	reused_existing	2026-05-29T22:23:00.538922+00:00	
281092-c67237413f44	c67237413f44c7aea58018579701c22435758fc4dce958d21c7f43925a919a3a	281092.pdf	187177	OBI_LIBRARY_ROOT:Thematic/Burmese/Burma JBRS/JBRS Originals/281092.pdf	OBI_LIBRARY_ROOT:Thematic/Burmese/Burma JBRS/1938/MonInscriptionAyethema-PeMaungTin1938.pdf | OBI_LIBRARY_ROOT:Thematic/Burmese/Burma JBRS/JBRS Originals/281092.pdf	data/local/bibliography_sources/281092-c67237413f44/281092.pdf	1	1938 | JBRS Originals	pdf	medium	reused_existing	2026-05-29T22:23:00.538813+00:00	
282095-3c9999a3a1e3	3c9999a3a1e33ab819e806075a362e43607553268a6da4673b513b1216034975	282095.pdf	287916	OBI_LIBRARY_ROOT:Thematic/Burmese/Burma JBRS/JBRS Originals/282095.pdf	OBI_LIBRARY_ROOT:Thematic/Burmese/Burma JBRS/1938/CopperBronze-Morris1938.pdf | OBI_LIBRARY_ROOT:Thematic/Burmese/Burma JBRS/JBRS Originals/282095.pdf	data/local/bibliography_sources/282095-3c9999a3a1e3/282095.pdf	1	1938 | JBRS Originals	pdf	medium	reused_existing	2026-05-29T22:23:00.538698+00:00	
282100-c2e173cc005e	c2e173cc005ef9a57a150032ea0875d6bd9851ce021c4c33ab977d09b1d8be85	282100.pdf	362138	OBI_LIBRARY_ROOT:Thematic/Burmese/Burma JBRS/JBRS Originals/282100.pdf	OBI_LIBRARY_ROOT:Thematic/Burmese/Burma JBRS/1938/ArakanArchives-LanghamCarter1938.pdf | OBI_LIBRARY_ROOT:Thematic/Burmese/Burma JBRS/JBRS Originals/282100.pdf	data/local/bibliography_sources/282100-c2e173cc005e/282100.pdf	1	1938 | JBRS Originals	pdf	medium	reused_existing	2026-05-29T22:23:00.538584+00:00	
282109-dadda21920c9	dadda21920c9ec1d655471d5c314ec4ac7a65fc2859aa66c4a9fd521a324621d	282109.pdf	171879	OBI_LIBRARY_ROOT:Thematic/Burmese/Burma JBRS/JBRS Originals/282109.pdf	OBI_LIBRARY_ROOT:Thematic/Burmese/Burma JBRS/1938/SiamBurma_inBurmese1938.pdf | OBI_LIBRARY_ROOT:Thematic/Burmese/Burma JBRS/JBRS Originals/282109.pdf	data/local/bibliography_sources/282109-dadda21920c9/282109.pdf	1	1938 | JBRS Originals	pdf	medium	reused_existing	2026-05-29T22:23:00.538469+00:00	
282177-86a23b01eace	86a23b01eaceef62f7faddc9608decd6bca80d7fdc587b5139505c423662cfec	282177.pdf	1007876	OBI_LIBRARY_ROOT:Thematic/Burmese/Burma JBRS/JBRS Originals/282177.pdf	OBI_LIBRARY_ROOT:Thematic/Burmese/Burma JBRS/1938/social-effects-of-some-chin-rituals-by-hnc-stevenson-1938.pdf | OBI_LIBRARY_ROOT:Thematic/Burmese/Burma JBRS/JBRS Originals/282177.pdf	data/local/bibliography_sources/282177-86a23b01eace/282177.pdf	1	1938 | JBRS Originals	pdf	medium	reused_existing	2026-05-29T22:23:00.538348+00:00	
282193-dbfd5ebb7516	dbfd5ebb7516b3f063ac346c88079dd76372f45f3f773a5127bd33aba0ba4793	282193.pdf	1585953	OBI_LIBRARY_ROOT:Thematic/Burmese/Burma JBRS/1938/282193.pdf	OBI_LIBRARY_ROOT:Thematic/Burmese/Burma JBRS/1938/282193.pdf | OBI_LIBRARY_ROOT:Thematic/Burmese/Burma JBRS/JBRS Originals/282193.pdf	data/local/bibliography_sources/282193-dbfd5ebb7516/282193.pdf	1	1938 | JBRS Originals	pdf	medium	reused_existing	2026-05-29T22:23:00.538206+00:00	
282232-18ca1f9ed091	18ca1f9ed09169f15f4c33506cd7ac49b7355ca0053e1e86ca84de314e8d152e	282232.pdf	48527	OBI_LIBRARY_ROOT:Thematic/Burmese/Burma JBRS/JBRS Originals/282232.pdf	OBI_LIBRARY_ROOT:Thematic/Burmese/Burma JBRS/1938/SiamBurma_inBurmese1938B.pdf | OBI_LIBRARY_ROOT:Thematic/Burmese/Burma JBRS/JBRS Originals/282232.pdf	data/local/bibliography_sources/282232-18ca1f9ed091/282232.pdf	1	1938 | JBRS Originals	pdf	medium	reused_existing	2026-05-29T22:23:00.538089+00:00	
282233-d8668741efba	d8668741efbab992a851b04472569640d0a824f4430f62810f86e1b61f908c98	282233.pdf	769854	OBI_LIBRARY_ROOT:Thematic/Burmese/Burma JBRS/1938/282233.pdf	OBI_LIBRARY_ROOT:Thematic/Burmese/Burma JBRS/1938/282233.pdf | OBI_LIBRARY_ROOT:Thematic/Burmese/Burma JBRS/JBRS Originals/282233.pdf	data/local/bibliography_sources/282233-d8668741efba/282233.pdf	1	1938 | JBRS Originals	pdf	medium	reused_existing	2026-05-29T22:23:00.537979+00:00	
291001-cad6568614c2	cad6568614c2670ea9ef41567869f71ca9398fb19639e21db59a98932744826e	291001.pdf	438894	OBI_LIBRARY_ROOT:Thematic/Burmese/Burma JBRS/JBRS Originals/291001.pdf	OBI_LIBRARY_ROOT:Thematic/Burmese/Burma JBRS/1939/BritishRule-Furnivall1939.pdf | OBI_LIBRARY_ROOT:Thematic/Burmese/Burma JBRS/JBRS Originals/291001.pdf	data/local/bibliography_sources/291001-cad6568614c2/291001.pdf	1	1939 | JBRS Originals	pdf	medium	reused_existing	2026-05-29T22:23:00.537859+00:00	
292139-e4dff1f83397	e4dff1f83397fbdedb14149954bbd3e5a72a8608e3f48cd000491c9043bec222	292139.pdf	1271786	OBI_LIBRARY_ROOT:Thematic/Burmese/Burma JBRS/JBRS Originals/292139.pdf	OBI_LIBRARY_ROOT:Thematic/Burmese/Burma JBRS/JBRS Originals/292139.pdf	data/local/bibliography_sources/292139-e4dff1f83397/292139.pdf	0	JBRS Originals	pdf	medium	reused_existing	2026-05-29T22:23:00.537752+00:00	
292157-56aa15461e87	56aa15461e8738d19ff8ebe7ba522607c7609bb1bc8b5aeff91749c0863f0a8a	292157.pdf	640699	OBI_LIBRARY_ROOT:Thematic/Burmese/Burma JBRS/1939/292157.pdf	OBI_LIBRARY_ROOT:Thematic/Burmese/Burma JBRS/1939/292157.pdf | OBI_LIBRARY_ROOT:Thematic/Burmese/Burma JBRS/JBRS Originals/292157.pdf	data/local/bibliography_sources/292157-56aa15461e87/292157.pdf	1	1939 | JBRS Originals	pdf	medium	reused_existing	2026-05-29T22:23:00.537636+00:00	
292166-b0b5a7c99d5e	b0b5a7c99d5e4ee2202513519ecd2248e1fdf17f146b6583b7da3a42c059ec85	292166.pdf	1582322	OBI_LIBRARY_ROOT:Thematic/Burmese/Burma JBRS/JBRS Originals/292166.pdf	OBI_LIBRARY_ROOT:Thematic/Burmese/Burma JBRS/1939/Danbyu-Tanner1939.pdf | OBI_LIBRARY_ROOT:Thematic/Burmese/Burma JBRS/JBRS Originals/292166.pdf	data/local/bibliography_sources/292166-b0b5a7c99d5e/292166.pdf	1	1939 | JBRS Originals	pdf	medium	reused_existing	2026-05-29T22:23:00.537527+00:00	
292187-54cbd71592a6	54cbd71592a6790a09afec985031c49eb0786b788e684ea2435e657c9738091a	292187.pdf	423137	OBI_LIBRARY_ROOT:Thematic/Burmese/Burma JBRS/JBRS Originals/292187.pdf	OBI_LIBRARY_ROOT:Thematic/Burmese/Burma JBRS/JBRS Originals/292187.pdf	data/local/bibliography_sources/292187-54cbd71592a6/292187.pdf	0	JBRS Originals	pdf	medium	reused_existing	2026-05-29T22:23:00.537416+00:00	
292193-a6f085122f7b	a6f085122f7b062fff542c9463529c629009a6f4c0af60b3339b47c688192a77	292193.pdf	263764	OBI_LIBRARY_ROOT:Thematic/Burmese/Burma JBRS/JBRS Originals/292193.pdf	OBI_LIBRARY_ROOT:Thematic/Burmese/Burma JBRS/1939/FurtherArakanArchives-LanghamCarter1939.pdf | OBI_LIBRARY_ROOT:Thematic/Burmese/Burma JBRS/JBRS Originals/292193.pdf	data/local/bibliography_sources/292193-a6f085122f7b/292193.pdf	1	1939 | JBRS Originals	pdf	medium	reused_existing	2026-05-29T22:23:00.537307+00:00	
292198-f0d2b2d0a78a	f0d2b2d0a78a47c7097b7f765fb2f7a80a60227e527585a90916f5f52a7f56f1	292198.pdf	730993	OBI_LIBRARY_ROOT:Thematic/Burmese/Burma JBRS/1939/292198.pdf	OBI_LIBRARY_ROOT:Thematic/Burmese/Burma JBRS/1939/292198.pdf | OBI_LIBRARY_ROOT:Thematic/Burmese/Burma JBRS/JBRS Originals/292198.pdf	data/local/bibliography_sources/292198-f0d2b2d0a78a/292198.pdf	1	1939 | JBRS Originals	pdf	medium	reused_existing	2026-05-29T22:23:00.537197+00:00	
292208-68fe8d54ce87	68fe8d54ce87e2e01e398c666400ed39be1f6d4aef790589c3f8496f8e119fad	292208.pdf	347040	OBI_LIBRARY_ROOT:Thematic/Burmese/Burma JBRS/1939/292208.pdf	OBI_LIBRARY_ROOT:Thematic/Burmese/Burma JBRS/1939/292208.pdf | OBI_LIBRARY_ROOT:Thematic/Burmese/Burma JBRS/JBRS Originals/292208.pdf	data/local/bibliography_sources/292208-68fe8d54ce87/292208.pdf	1	1939 | JBRS Originals	pdf	medium	reused_existing	2026-05-29T22:23:00.537085+00:00	
292212-d979f75ae0fa	d979f75ae0fa5fd601ea83b665766280854e2a78238b7f1562b353c3a57e05c1	292212.pdf	69766	OBI_LIBRARY_ROOT:Thematic/Burmese/Burma JBRS/1939/292212.pdf	OBI_LIBRARY_ROOT:Thematic/Burmese/Burma JBRS/1939/292212.pdf | OBI_LIBRARY_ROOT:Thematic/Burmese/Burma JBRS/JBRS Originals/292212.pdf	data/local/bibliography_sources/292212-d979f75ae0fa/292212.pdf	1	1939 | JBRS Originals	pdf	medium	reused_existing	2026-05-29T22:23:00.536975+00:00	
293215-3f3534af1590	3f3534af159051eeacffcf6455fb5171204f583f42d104193bcd15fad575ec9a	293215.pdf	1342491	OBI_LIBRARY_ROOT:Thematic/Burmese/Burma JBRS/1939/293215.pdf	OBI_LIBRARY_ROOT:Thematic/Burmese/Burma JBRS/1939/293215.pdf | OBI_LIBRARY_ROOT:Thematic/Burmese/Burma JBRS/JBRS Originals/293215.pdf	data/local/bibliography_sources/293215-3f3534af1590/293215.pdf	1	1939 | JBRS Originals	pdf	medium	reused_existing	2026-05-29T22:23:00.536867+00:00	
293233-eb48372c65e3	eb48372c65e32d3dc2c0772977fdc6a12a6418a7b2f18ec35d8bc7f2f0f5b201	293233.pdf	228847	OBI_LIBRARY_ROOT:Thematic/Burmese/Burma JBRS/1939/293233.pdf	OBI_LIBRARY_ROOT:Thematic/Burmese/Burma JBRS/1939/293233.pdf | OBI_LIBRARY_ROOT:Thematic/Burmese/Burma JBRS/JBRS Originals/293233.pdf	data/local/bibliography_sources/293233-eb48372c65e3/293233.pdf	1	1939 | JBRS Originals	pdf	medium	reused_existing	2026-05-29T22:23:00.536759+00:00	
293236-39a8ce4974e0	39a8ce4974e0c95ffed2e0f7036850e821602e064f1cc385baa0b2559f7e217b	293236.pdf	970819	OBI_LIBRARY_ROOT:Thematic/Burmese/Burma JBRS/1939/293236.pdf	OBI_LIBRARY_ROOT:Thematic/Burmese/Burma JBRS/1939/293236.pdf | OBI_LIBRARY_ROOT:Thematic/Burmese/Burma JBRS/JBRS Originals/293236.pdf	data/local/bibliography_sources/293236-39a8ce4974e0/293236.pdf	1	1939 | JBRS Originals	pdf	medium	reused_existing	2026-05-29T22:23:00.536648+00:00	
293250-d2524020816e	d2524020816e3142d744126e77588ede4b7086adf4e433851274af75462356cd	293250.pdf	489715	OBI_LIBRARY_ROOT:Thematic/Burmese/Burma JBRS/1939/293250.pdf	OBI_LIBRARY_ROOT:Thematic/Burmese/Burma JBRS/1939/293250.pdf | OBI_LIBRARY_ROOT:Thematic/Burmese/Burma JBRS/JBRS Originals/293250.pdf	data/local/bibliography_sources/293250-d2524020816e/293250.pdf	1	1939 | JBRS Originals	pdf	medium	reused_existing	2026-05-29T22:23:00.536530+00:00	
293257-7754d3d6c1d4	7754d3d6c1d4c36f456a0149d90fea3de6749bd04414aefda4e7b8d1ef837e6f	293257.pdf	425159	OBI_LIBRARY_ROOT:Thematic/Burmese/Burma JBRS/JBRS Originals/293257.pdf	OBI_LIBRARY_ROOT:Thematic/Burmese/Burma JBRS/1939/Burma1790-Pearn1939.pdf | OBI_LIBRARY_ROOT:Thematic/Burmese/Burma JBRS/JBRS Originals/293257.pdf	data/local/bibliography_sources/293257-7754d3d6c1d4/293257.pdf	1	1939 | JBRS Originals	pdf	medium	reused_existing	2026-05-29T22:23:00.536416+00:00	
301283-02e08d098958	02e08d09895889ee73cb9ec3dd62ac491b35dd217006dc8fcd3845908afce2fa	301283.pdf	260666	OBI_LIBRARY_ROOT:Thematic/Burmese/Burma JBRS/JBRS Originals/301283.pdf	OBI_LIBRARY_ROOT:Thematic/Burmese/Burma JBRS/JBRS Originals/301283.pdf	data/local/bibliography_sources/301283-02e08d098958/301283.pdf	0	JBRS Originals	pdf	medium	reused_existing	2026-05-29T22:23:00.536297+00:00	
301336-31dabf53eac3	31dabf53eac35a39a17f90208a65bbd51da61284aed02975846eb6ef1f362d2c	301336.pdf	478535	OBI_LIBRARY_ROOT:Thematic/Burmese/Burma JBRS/JBRS Originals/301336.pdf	OBI_LIBRARY_ROOT:Thematic/Burmese/Burma JBRS/1940/NotablesLowerChindwin-LanghamCarter1940.pdf | OBI_LIBRARY_ROOT:Thematic/Burmese/Burma JBRS/JBRS Originals/301336.pdf	data/local/bibliography_sources/301336-31dabf53eac3/301336.pdf	1	1940 | JBRS Originals	pdf	medium	reused_existing	2026-05-29T22:23:00.536185+00:00	
301343-6cf86c2df2d2	6cf86c2df2d2c4c6ad49419753b81cfd8b3948ae31d8365a8c63abcf785105f0	301343.pdf	118654	OBI_LIBRARY_ROOT:Thematic/Burmese/Burma JBRS/JBRS Originals/301343.pdf	OBI_LIBRARY_ROOT:Thematic/Burmese/Burma JBRS/1940/EmbroyologyConcrete-Barrett1940.pdf | OBI_LIBRARY_ROOT:Thematic/Burmese/Burma JBRS/JBRS Originals/301343.pdf	data/local/bibliography_sources/301343-6cf86c2df2d2/301343.pdf	1	1940 | JBRS Originals	pdf	medium	reused_existing	2026-05-29T22:23:00.536069+00:00	
301345-5ef8a98b83c8	5ef8a98b83c8094540dc411e76eebab9f56a95920689abaa0c768d5378b863b4	301345.pdf	46355	OBI_LIBRARY_ROOT:Thematic/Burmese/Burma JBRS/JBRS Originals/301345.pdf	OBI_LIBRARY_ROOT:Thematic/Burmese/Burma JBRS/1940/Powundaung-pearn1940.pdf | OBI_LIBRARY_ROOT:Thematic/Burmese/Burma JBRS/JBRS Originals/301345.pdf	data/local/bibliography_sources/301345-5ef8a98b83c8/301345.pdf	1	1940 | JBRS Originals	pdf	medium	reused_existing	2026-05-29T22:23:00.535950+00:00	
301345a-bbb481995f76	bbb481995f76bfae53d13e0fd8ab40742fdc19aa8d80bb348c8d6b085a5ba781	301345A.pdf	66402	OBI_LIBRARY_ROOT:Thematic/Burmese/Burma JBRS/1940/301345A.pdf	OBI_LIBRARY_ROOT:Thematic/Burmese/Burma JBRS/1940/301345A.pdf | OBI_LIBRARY_ROOT:Thematic/Burmese/Burma JBRS/JBRS Originals/301345A.pdf	data/local/bibliography_sources/301345a-bbb481995f76/301345A.pdf	1	1940 | JBRS Originals	pdf	medium	reused_existing	2026-05-29T22:23:00.535837+00:00	
301346-dce0f44d77a5	dce0f44d77a508be93c0023311e97140db2f59c485a9fc41d1640c18fb9f74a9	301346.pdf	43522	OBI_LIBRARY_ROOT:Thematic/Burmese/Burma JBRS/1940/301346.pdf	OBI_LIBRARY_ROOT:Thematic/Burmese/Burma JBRS/1940/301346.pdf | OBI_LIBRARY_ROOT:Thematic/Burmese/Burma JBRS/JBRS Originals/301346.pdf	data/local/bibliography_sources/301346-dce0f44d77a5/301346.pdf	1	1940 | JBRS Originals	pdf	medium	reused_existing	2026-05-29T22:23:00.535724+00:00	
301347-8fd126704fce	8fd126704fcec414cd330fd49f0995f174dbd6211a07b60e7d56dc19fbe002d6	301347.pdf	101143	OBI_LIBRARY_ROOT:Thematic/Burmese/Burma JBRS/JBRS Originals/301347.pdf	OBI_LIBRARY_ROOT:Thematic/Burmese/Burma JBRS/1940/ChristianMissionsNicobars_Appleton.pdf | OBI_LIBRARY_ROOT:Thematic/Burmese/Burma JBRS/JBRS Originals/301347.pdf	data/local/bibliography_sources/301347-8fd126704fce/301347.pdf	1	1940 | JBRS Originals	pdf	medium	reused_existing	2026-05-29T22:23:00.535594+00:00	
301348-510ea60d60c3	510ea60d60c319a2024053ff40e4a5606057eaf81c491bec52408b1277bb1f1b	301348.pdf	87490	OBI_LIBRARY_ROOT:Thematic/Burmese/Burma JBRS/JBRS Originals/301348.pdf	OBI_LIBRARY_ROOT:Thematic/Burmese/Burma JBRS/1940/ForMaungKhway_Appleton.pdf | OBI_LIBRARY_ROOT:Thematic/Burmese/Burma JBRS/JBRS Originals/301348.pdf	data/local/bibliography_sources/301348-510ea60d60c3/301348.pdf	1	1940 | JBRS Originals	pdf	medium	reused_existing	2026-05-29T22:23:00.535473+00:00	
301349-aad002ed364d	aad002ed364d41bd1c3cc21fa9a3ffc11a4f103dd6cf00e327185005c96bf5ed	301349.pdf	31864	OBI_LIBRARY_ROOT:Thematic/Burmese/Burma JBRS/1940/301349.pdf	OBI_LIBRARY_ROOT:Thematic/Burmese/Burma JBRS/1940/301349.pdf | OBI_LIBRARY_ROOT:Thematic/Burmese/Burma JBRS/JBRS Originals/301349.pdf	data/local/bibliography_sources/301349-aad002ed364d/301349.pdf	1	1940 | JBRS Originals	pdf	medium	reused_existing	2026-05-29T22:23:00.535362+00:00	
301351-ed8da7b41f63	ed8da7b41f6305e722196b3a4e9f25b303c1a33cc16703cfa4fbfc928f53d0c1	301351.pdf	1277496	OBI_LIBRARY_ROOT:Thematic/Burmese/Burma JBRS/1940/301351.pdf	OBI_LIBRARY_ROOT:Thematic/Burmese/Burma JBRS/1940/301351.pdf | OBI_LIBRARY_ROOT:Thematic/Burmese/Burma JBRS/JBRS Originals/301351.pdf	data/local/bibliography_sources/301351-ed8da7b41f63/301351.pdf	1	1940 | JBRS Originals	pdf	medium	reused_existing	2026-05-29T22:23:00.535250+00:00	
301371-20ef9d3fe130	20ef9d3fe13056c3f3ddcb841cdbf4d4e38b6b92f838aaa2c58debda94cea1b6	301371.pdf	199946	OBI_LIBRARY_ROOT:Thematic/Burmese/Burma JBRS/1940/301371.pdf	OBI_LIBRARY_ROOT:Thematic/Burmese/Burma JBRS/1940/301371.pdf | OBI_LIBRARY_ROOT:Thematic/Burmese/Burma JBRS/JBRS Originals/301371.pdf	data/local/bibliography_sources/301371-20ef9d3fe130/301371.pdf	1	1940 | JBRS Originals	pdf	medium	reused_existing	2026-05-29T22:23:00.535138+00:00	
301376-de0b5082af8a	de0b5082af8ae7c126b30b566af5427c00a8edfc6481eb4896f9770007a629ec	301376.pdf	432579	OBI_LIBRARY_ROOT:Thematic/Burmese/Burma JBRS/1940/301376.pdf	OBI_LIBRARY_ROOT:Thematic/Burmese/Burma JBRS/1940/301376.pdf | OBI_LIBRARY_ROOT:Thematic/Burmese/Burma JBRS/JBRS Originals/301376.pdf	data/local/bibliography_sources/301376-de0b5082af8a/301376.pdf	1	1940 | JBRS Originals	pdf	medium	reused_existing	2026-05-29T22:23:00.535025+00:00	
301384-884a7b619638	884a7b619638bfca967d65adc15b0e4bde216977652811632c79c5b60873e6e6	301384.pdf	155012	OBI_LIBRARY_ROOT:Thematic/Burmese/Burma JBRS/1940/301384.pdf	OBI_LIBRARY_ROOT:Thematic/Burmese/Burma JBRS/1940/301384.pdf | OBI_LIBRARY_ROOT:Thematic/Burmese/Burma JBRS/JBRS Originals/301384.pdf	data/local/bibliography_sources/301384-884a7b619638/301384.pdf	1	1940 | JBRS Originals	pdf	medium	reused_existing	2026-05-29T22:23:00.534906+00:00	
301386-aeb4f9fb70ec	aeb4f9fb70ecaabdad24a8213773dd1e32d4aeb759bc0b167947792e93430af1	301386.pdf	67641	OBI_LIBRARY_ROOT:Thematic/Burmese/Burma JBRS/1940/301386.pdf	OBI_LIBRARY_ROOT:Thematic/Burmese/Burma JBRS/1940/301386.pdf | OBI_LIBRARY_ROOT:Thematic/Burmese/Burma JBRS/JBRS Originals/301386.pdf	data/local/bibliography_sources/301386-aeb4f9fb70ec/301386.pdf	1	1940 | JBRS Originals	pdf	medium	reused_existing	2026-05-29T22:23:00.534797+00:00	
301387-ee5c670ed841	ee5c670ed84116854c844e9fa8b0cd09d83d5442f99ad2a0407d5690c9a71d93	301387.pdf	2656389	OBI_LIBRARY_ROOT:Thematic/Burmese/Burma JBRS/1940/301387.pdf	OBI_LIBRARY_ROOT:Thematic/Burmese/Burma JBRS/1940/301387.pdf | OBI_LIBRARY_ROOT:Thematic/Burmese/Burma JBRS/JBRS Originals/301387.pdf	data/local/bibliography_sources/301387-ee5c670ed841/301387.pdf	1	1940 | JBRS Originals	pdf	medium	reused_existing	2026-05-29T22:23:00.534686+00:00	
311001-03e7c3f90427	03e7c3f90427b99fd988d25fc00ce28f71de956b5a5e56bc83db8987a948d81f	311001.pdf	1011738	OBI_LIBRARY_ROOT:Thematic/Burmese/Burma JBRS/JBRS Originals/311001.pdf	OBI_LIBRARY_ROOT:Thematic/Burmese/Burma JBRS/JBRS Originals/311001.pdf	data/local/bibliography_sources/311001-03e7c3f90427/311001.pdf	0	JBRS Originals	pdf	medium	reused_existing	2026-05-29T22:23:00.534572+00:00	
311019-19500a8a6989	19500a8a6989927a5c5b9a590160a4500510c5fc977a5c724f548ee4d6ed029e	311019.pdf	746710	OBI_LIBRARY_ROOT:Thematic/Burmese/Burma JBRS/JBRS Originals/311019.pdf	OBI_LIBRARY_ROOT:Thematic/Burmese/Burma JBRS/1941/Population-Burney-Harvey1941.pdf | OBI_LIBRARY_ROOT:Thematic/Burmese/Burma JBRS/JBRS Originals/311019.pdf	data/local/bibliography_sources/311019-19500a8a6989/311019.pdf	1	1941 | JBRS Originals	pdf	medium	reused_existing	2026-05-29T22:23:00.534454+00:00	
311035-22b4895b8234	22b4895b82344addc044ed05c3863d108b76ea1bff01f1775d5c6919da12c079	311035.pdf	428820	OBI_LIBRARY_ROOT:Thematic/Burmese/Burma JBRS/JBRS Originals/311035.pdf	OBI_LIBRARY_ROOT:Thematic/Burmese/Burma JBRS/1941/EarlyPortugese-Furnivall1941.pdf | OBI_LIBRARY_ROOT:Thematic/Burmese/Burma JBRS/JBRS Originals/311035.pdf	data/local/bibliography_sources/311035-22b4895b8234/311035.pdf	1	1941 | JBRS Originals	pdf	medium	reused_existing	2026-05-29T22:23:00.534324+00:00	
311041-a589c32fe404	a589c32fe404f0c96126a828d0714404f76ba8f6c49abbcb4755e8e439109f59	311041.pdf	414930	OBI_LIBRARY_ROOT:Thematic/Burmese/Burma JBRS/JBRS Originals/311041.pdf	OBI_LIBRARY_ROOT:Thematic/Burmese/Burma JBRS/1941/TaungthasTilin-HlaMaung1941.pdf | OBI_LIBRARY_ROOT:Thematic/Burmese/Burma JBRS/JBRS Originals/311041.pdf	data/local/bibliography_sources/311041-a589c32fe404/311041.pdf	1	1941 | JBRS Originals	pdf	medium	reused_existing	2026-05-29T22:23:00.534200+00:00	
311047-d909e46e6b56	d909e46e6b56b8b03446bdb95e9912ac17e3da94434be7bd83affe5437830de3	311047.pdf	212605	OBI_LIBRARY_ROOT:Thematic/Burmese/Burma JBRS/1941/311047.pdf	OBI_LIBRARY_ROOT:Thematic/Burmese/Burma JBRS/1941/311047.pdf | OBI_LIBRARY_ROOT:Thematic/Burmese/Burma JBRS/JBRS Originals/311047.pdf	data/local/bibliography_sources/311047-d909e46e6b56/311047.pdf	1	1941 | JBRS Originals	pdf	medium	reused_existing	2026-05-29T22:23:00.534084+00:00	
311050-90cc9eb27752	90cc9eb27752e7d16a8eea60f84263c11b34415f15921f1d821cc77065acf82e	311050.pdf	100534	OBI_LIBRARY_ROOT:Thematic/Burmese/Burma JBRS/1941/311050.pdf	OBI_LIBRARY_ROOT:Thematic/Burmese/Burma JBRS/1941/311050.pdf | OBI_LIBRARY_ROOT:Thematic/Burmese/Burma JBRS/JBRS Originals/311050.pdf	data/local/bibliography_sources/311050-90cc9eb27752/311050.pdf	1	1941 | JBRS Originals	pdf	medium	reused_existing	2026-05-29T22:23:00.533962+00:00	
311052-cd69bb9b6a58	cd69bb9b6a582b41aeff79f184c7beaf65722d8a11c8aeb2dbebd2d8d9dd947d	311052.pdf	24426	OBI_LIBRARY_ROOT:Thematic/Burmese/Burma JBRS/1941/311052.pdf	OBI_LIBRARY_ROOT:Thematic/Burmese/Burma JBRS/1941/311052.pdf | OBI_LIBRARY_ROOT:Thematic/Burmese/Burma JBRS/JBRS Originals/311052.pdf	data/local/bibliography_sources/311052-cd69bb9b6a58/311052.pdf	1	1941 | JBRS Originals	pdf	medium	reused_existing	2026-05-29T22:23:00.533847+00:00	
311052a-fa9225c9f679	fa9225c9f67925f721373d9ebcde2361532bba64e733550941560c6f629d86dd	311052a.pdf	25668	OBI_LIBRARY_ROOT:Thematic/Burmese/Burma JBRS/1941/311052a.pdf	OBI_LIBRARY_ROOT:Thematic/Burmese/Burma JBRS/1941/311052a.pdf | OBI_LIBRARY_ROOT:Thematic/Burmese/Burma JBRS/JBRS Originals/311052A.pdf	data/local/bibliography_sources/311052a-fa9225c9f679/311052A.pdf	1	1941 | JBRS Originals	pdf	medium	reused_existing	2026-05-29T22:23:00.533724+00:00	
312053-e071b4316cf7	e071b4316cf76b9bfe24a6e732750c218901549b4ec7ab9df8f2369904d057ea	312053.pdf	242896	OBI_LIBRARY_ROOT:Thematic/Burmese/Burma JBRS/JBRS Originals/312053.pdf	OBI_LIBRARY_ROOT:Thematic/Burmese/Burma JBRS/1941/StoneAndBronze-Leyden1941.pdf | OBI_LIBRARY_ROOT:Thematic/Burmese/Burma JBRS/JBRS Originals/312053.pdf	data/local/bibliography_sources/312053-e071b4316cf7/312053.pdf	1	1941 | JBRS Originals	pdf	medium	reused_existing	2026-05-29T22:23:00.533372+00:00	
312080-2961d384f5be	2961d384f5bec2d757e5e9a742f49765f3c8e15e5908f6f46f43ca2ee2988eb8	312080.pdf	3836465	OBI_LIBRARY_ROOT:Thematic/Burmese/Burma JBRS/1941/312080.pdf	OBI_LIBRARY_ROOT:Thematic/Burmese/Burma JBRS/1941/312080.pdf | OBI_LIBRARY_ROOT:Thematic/Burmese/Burma JBRS/JBRS Originals/312080.pdf	data/local/bibliography_sources/312080-2961d384f5be/312080.pdf	1	1941 | JBRS Originals	pdf	medium	reused_existing	2026-05-29T22:23:00.533258+00:00	
312137-a6bd0ac693c1	a6bd0ac693c117b1b1b01f26ca43de58882c576ebe3bee980b1c0f376a030367	312137.pdf	368488	OBI_LIBRARY_ROOT:Thematic/Burmese/Burma JBRS/1941/312137.pdf	OBI_LIBRARY_ROOT:Thematic/Burmese/Burma JBRS/1941/312137.pdf | OBI_LIBRARY_ROOT:Thematic/Burmese/Burma JBRS/JBRS Originals/312137.pdf	data/local/bibliography_sources/312137-a6bd0ac693c1/312137.pdf	1	1941 | JBRS Originals	pdf	medium	reused_existing	2026-05-29T22:23:00.533131+00:00	
321001-a4fadee328a6	a4fadee328a62f02a3219344f17c289b59b0b73b993e5a7198b00ee692917d8f	321001.pdf	633860	OBI_LIBRARY_ROOT:Thematic/Burmese/Burma JBRS/1948/321001.pdf	OBI_LIBRARY_ROOT:Thematic/Burmese/Burma JBRS/1948/321001.pdf | OBI_LIBRARY_ROOT:Thematic/Burmese/Burma JBRS/JBRS Originals/321001.pdf	data/local/bibliography_sources/321001-a4fadee328a6/321001.pdf	1	1948 | JBRS Originals	pdf	medium	reused_existing	2026-05-29T22:23:00.533013+00:00	
321010-82d42e4676c5	82d42e4676c5d963751a5970b99d1019316bcc79d740a727fcb4b81c369eea58	321010.pdf	1998942	OBI_LIBRARY_ROOT:Thematic/Burmese/Burma JBRS/1948/321010.pdf	OBI_LIBRARY_ROOT:Thematic/Burmese/Burma JBRS/1948/321010.pdf | OBI_LIBRARY_ROOT:Thematic/Burmese/Burma JBRS/JBRS Originals/321010.pdf	data/local/bibliography_sources/321010-82d42e4676c5/321010.pdf	1	1948 | JBRS Originals	pdf	medium	reused_existing	2026-05-29T22:23:00.532888+00:00	
321041-28599b73662a	28599b73662a6797b07eb032ce3cc5380eb21da837d618614f3836a1f936743d	321041.pdf	684154	OBI_LIBRARY_ROOT:Thematic/Burmese/Burma JBRS/1948/321041.pdf	OBI_LIBRARY_ROOT:Thematic/Burmese/Burma JBRS/1948/321041.pdf | OBI_LIBRARY_ROOT:Thematic/Burmese/Burma JBRS/JBRS Originals/321041.pdf	data/local/bibliography_sources/321041-28599b73662a/321041.pdf	1	1948 | JBRS Originals	pdf	medium	reused_existing	2026-05-29T22:23:00.532772+00:00	
321052-00fca360f449	00fca360f44996ae702bd57e344a20833d4f5d3cba3cd99ed498f67326792003	321052.pdf	619892	OBI_LIBRARY_ROOT:Thematic/Burmese/Burma JBRS/JBRS Originals/321052.pdf	OBI_LIBRARY_ROOT:Thematic/Burmese/Burma JBRS/1948/PaganSittan1(in Burmese)-Furnivall1948.pdf | OBI_LIBRARY_ROOT:Thematic/Burmese/Burma JBRS/JBRS Originals/321052.pdf	data/local/bibliography_sources/321052-00fca360f449/321052.pdf	1	1948 | JBRS Originals	pdf	medium	reused_existing	2026-05-29T22:23:00.532651+00:00	
321062-d4863629104f	d4863629104f1733bdf1723eb4359ceee6c1b8a30f4e91c0b57b91a62705845d	321062.pdf	617214	OBI_LIBRARY_ROOT:Thematic/Burmese/Burma JBRS/1948/321062.pdf	OBI_LIBRARY_ROOT:Thematic/Burmese/Burma JBRS/1948/321062.pdf | OBI_LIBRARY_ROOT:Thematic/Burmese/Burma JBRS/JBRS Originals/321062.pdf	data/local/bibliography_sources/321062-d4863629104f/321062.pdf	1	1948 | JBRS Originals	pdf	medium	reused_existing	2026-05-29T22:23:00.532507+00:00	
321073-24e98869573f	24e98869573fee1466c28f6d5d5a246b8b8cf1210299517358bc8545b6aa433c	321073.pdf	257086	OBI_LIBRARY_ROOT:Thematic/Burmese/Burma JBRS/1948/321073.pdf	OBI_LIBRARY_ROOT:Thematic/Burmese/Burma JBRS/1948/321073.pdf | OBI_LIBRARY_ROOT:Thematic/Burmese/Burma JBRS/JBRS Originals/321073.pdf	data/local/bibliography_sources/321073-24e98869573f/321073.pdf	1	1948 | JBRS Originals	pdf	medium	reused_existing	2026-05-29T22:23:00.532388+00:00	
321077-cb55ddf65f4d	cb55ddf65f4db2217e8880e9e02c824d59175d825ad82dc993f182f23ab590b9	321077.pdf	105462	OBI_LIBRARY_ROOT:Thematic/Burmese/Burma JBRS/1948/321077.pdf	OBI_LIBRARY_ROOT:Thematic/Burmese/Burma JBRS/1948/321077.pdf | OBI_LIBRARY_ROOT:Thematic/Burmese/Burma JBRS/JBRS Originals/321077.pdf	data/local/bibliography_sources/321077-cb55ddf65f4d/321077.pdf	1	1948 | JBRS Originals	pdf	medium	reused_existing	2026-05-29T22:23:00.532272+00:00	
321079-886d98b46919	886d98b46919c5c2d65944c8add63e0fe73dfde6f41b9845e3b388cfc8a8f217	321079.pdf	1117245	OBI_LIBRARY_ROOT:Thematic/Burmese/Burma JBRS/JBRS Originals/321079.pdf	OBI_LIBRARY_ROOT:Thematic/Burmese/Burma JBRS/JBRS Originals/321079.pdf	data/local/bibliography_sources/321079-886d98b46919/321079.pdf	0	JBRS Originals	pdf	medium	reused_existing	2026-05-29T22:23:00.532157+00:00	
321095-501d494b3723	501d494b3723225f40610ecf7be0090666e08766ecc6c156cf416a291e39806e	321095.pdf	441977	OBI_LIBRARY_ROOT:Thematic/Burmese/Burma JBRS/1948/321095.pdf	OBI_LIBRARY_ROOT:Thematic/Burmese/Burma JBRS/1948/321095.pdf | OBI_LIBRARY_ROOT:Thematic/Burmese/Burma JBRS/JBRS Originals/321095.pdf	data/local/bibliography_sources/321095-501d494b3723/321095.pdf	1	1948 | JBRS Originals	pdf	medium	reused_existing	2026-05-29T22:23:00.532024+00:00	
331001-ecb9511e6d50	ecb9511e6d5040b1309fdb23411ea4efb1f09c782057d69fe2ef47f7e3be5e78	331001.pdf	510928	OBI_LIBRARY_ROOT:Thematic/Burmese/Burma JBRS/JBRS Originals/331001.pdf	OBI_LIBRARY_ROOT:Thematic/Burmese/Burma JBRS/1950/DawnOfNationalism-Furnivall1950.pdf | OBI_LIBRARY_ROOT:Thematic/Burmese/Burma JBRS/JBRS Originals/331001.pdf	data/local/bibliography_sources/331001-ecb9511e6d50/331001.pdf	1	1950 | JBRS Originals	pdf	medium	reused_existing	2026-05-29T22:23:00.531905+00:00	
331008-95e52f4c637f	95e52f4c637f78a0d753af7749ee922e2db8aba955fd3cfa3821ebd13eaebe9e	331008.pdf	1311838	OBI_LIBRARY_ROOT:Thematic/Burmese/Burma JBRS/JBRS Originals/331008.pdf	OBI_LIBRARY_ROOT:Thematic/Burmese/Burma JBRS/1950/DiceInJataka-Dunn1950.pdf | OBI_LIBRARY_ROOT:Thematic/Burmese/Burma JBRS/JBRS Originals/331008.pdf	data/local/bibliography_sources/331008-95e52f4c637f/331008.pdf	1	1950 | JBRS Originals	pdf	medium	reused_existing	2026-05-29T22:23:00.531789+00:00	
331027-49eaa1562e01	49eaa1562e017210412eb15660771e6a9b409f127ea8d16ee5f2fc7e60d8a693	331027.pdf	752258	OBI_LIBRARY_ROOT:Thematic/Burmese/Burma JBRS/1950/331027.pdf	OBI_LIBRARY_ROOT:Thematic/Burmese/Burma JBRS/1950/331027.pdf | OBI_LIBRARY_ROOT:Thematic/Burmese/Burma JBRS/JBRS Originals/331027.pdf	data/local/bibliography_sources/331027-49eaa1562e01/331027.pdf	1	1950 | JBRS Originals	pdf	medium	reused_existing	2026-05-29T22:23:00.531667+00:00	
331039-f3773f1521d9	f3773f1521d9fdba2edde619bf97f4e41a3d9ade8a6fb437a03c54d19bf9c2e3	331039.pdf	1495146	OBI_LIBRARY_ROOT:Thematic/Burmese/Burma JBRS/JBRS Originals/331039.pdf	OBI_LIBRARY_ROOT:Thematic/Burmese/Burma JBRS/1950/PaganSittan1(in Burmese)-Furnivall1950.pdf | OBI_LIBRARY_ROOT:Thematic/Burmese/Burma JBRS/JBRS Originals/331039.pdf	data/local/bibliography_sources/331039-f3773f1521d9/331039.pdf	1	1950 | JBRS Originals	pdf	medium	reused_existing	2026-05-29T22:23:00.531551+00:00	
331059-adfbcf4a06da	adfbcf4a06dacae445e39860e8955a0308255b4a1f9ef820f24257e9fc92843c	331059.pdf	98304	OBI_LIBRARY_ROOT:Thematic/Burmese/Burma JBRS/1950/331059.pdf	OBI_LIBRARY_ROOT:Thematic/Burmese/Burma JBRS/1950/331059.pdf	data/local/bibliography_sources/331059-adfbcf4a06da/331059.pdf	0	1950	pdf	medium	reused_existing	2026-05-29T22:23:00.531311+00:00	
331059-e67f16a2e05f	e67f16a2e05f802b7d4e5662a6ea240ab7b7036cfe984c6274eddcf5c5020a32	331059.pdf	2013338	OBI_LIBRARY_ROOT:Thematic/Burmese/Burma JBRS/JBRS Originals/331059.pdf	OBI_LIBRARY_ROOT:Thematic/Burmese/Burma JBRS/JBRS Originals/331059.pdf	data/local/bibliography_sources/331059-e67f16a2e05f/331059.pdf	0	JBRS Originals	pdf	medium	reused_existing	2026-05-29T22:23:00.531428+00:00	
331089-f19d232f1c29	f19d232f1c294dcbe8565eb5ef18393b458728a61b40fb334022311060d6c2ef	331089.pdf	422579	OBI_LIBRARY_ROOT:Thematic/Burmese/Burma JBRS/1950/331089.pdf	OBI_LIBRARY_ROOT:Thematic/Burmese/Burma JBRS/1950/331089.pdf | OBI_LIBRARY_ROOT:Thematic/Burmese/Burma JBRS/JBRS Originals/331089.pdf	data/local/bibliography_sources/331089-f19d232f1c29/331089.pdf	1	1950 | JBRS Originals	pdf	medium	reused_existing	2026-05-29T22:23:00.531190+00:00	
331095-7f752c3a8359	7f752c3a8359de50e0e972f1b13756783708fc18ba205b5913400813680b0773	331095.pdf	45106	OBI_LIBRARY_ROOT:Thematic/Burmese/Burma JBRS/1950/331095.pdf	OBI_LIBRARY_ROOT:Thematic/Burmese/Burma JBRS/1950/331095.pdf | OBI_LIBRARY_ROOT:Thematic/Burmese/Burma JBRS/JBRS Originals/331095.pdf	data/local/bibliography_sources/331095-7f752c3a8359/331095.pdf	1	1950 | JBRS Originals	pdf	medium	reused_existing	2026-05-29T22:23:00.531070+00:00	
332099-cda4f66f6999	cda4f66f6999fed234739b6013f5727195939908a1372f19917e9f9435d4aa05	332099.pdf	1889303	OBI_LIBRARY_ROOT:Thematic/Burmese/Burma JBRS/JBRS Originals/332099.pdf	OBI_LIBRARY_ROOT:Thematic/Burmese/Burma JBRS/1950/BurmaMuseum-Luce1950.pdf | OBI_LIBRARY_ROOT:Thematic/Burmese/Burma JBRS/JBRS Originals/332099.pdf	data/local/bibliography_sources/332099-cda4f66f6999/332099.pdf	1	1950 | JBRS Originals	pdf	medium	reused_existing	2026-05-29T22:23:00.530947+00:00	
332131-15ea7f920879	15ea7f92087913df255e833ff4d2dd2c344220b31ad6e1e678fe4f6d71915951	332131.pdf	1942961	OBI_LIBRARY_ROOT:Thematic/Burmese/Burma JBRS/1950/332131.pdf	OBI_LIBRARY_ROOT:Thematic/Burmese/Burma JBRS/1950/332131.pdf | OBI_LIBRARY_ROOT:Thematic/Burmese/Burma JBRS/JBRS Originals/332131.pdf	data/local/bibliography_sources/332131-15ea7f920879/332131.pdf	1	1950 | JBRS Originals	pdf	medium	reused_existing	2026-05-29T22:23:00.530828+00:00	
332169-4a3408eb0235	4a3408eb0235d64f96c18da1a27b5f9c817f17e0cd4b80d6d3c0b0f0343b4ed3	332169.pdf	3692816	OBI_LIBRARY_ROOT:Thematic/Burmese/Burma JBRS/1950/332169.pdf	OBI_LIBRARY_ROOT:Thematic/Burmese/Burma JBRS/1950/332169.pdf | OBI_LIBRARY_ROOT:Thematic/Burmese/Burma JBRS/JBRS Originals/332169.pdf	data/local/bibliography_sources/332169-4a3408eb0235/332169.pdf	1	1950 | JBRS Originals	pdf	medium	reused_existing	2026-05-29T22:23:00.530709+00:00	
332224-6c9c5f540ee5	6c9c5f540ee53bead65299ba3f3474dc7c91dd0b6bb726b4c60ee117dc9f55e6	332224.pdf	393522	OBI_LIBRARY_ROOT:Thematic/Burmese/Burma JBRS/1950/332224.pdf	OBI_LIBRARY_ROOT:Thematic/Burmese/Burma JBRS/1950/332224.pdf | OBI_LIBRARY_ROOT:Thematic/Burmese/Burma JBRS/JBRS Originals/332224.pdf	data/local/bibliography_sources/332224-6c9c5f540ee5/332224.pdf	1	1950 | JBRS Originals	pdf	medium	reused_existing	2026-05-29T22:23:00.530577+00:00	
332230-7ac3ea2a8e71	7ac3ea2a8e71f509db2085956174588c8a2afaa6577fcb8eb4c7f3b20e6abf4a	332230.pdf	2102649	OBI_LIBRARY_ROOT:Thematic/Burmese/Burma JBRS/JBRS Originals/332230.pdf	OBI_LIBRARY_ROOT:Thematic/Burmese/Burma JBRS/1950/PaganSittan2(in Burmese)-Furnivall1950.pdf | OBI_LIBRARY_ROOT:Thematic/Burmese/Burma JBRS/JBRS Originals/332230.pdf	data/local/bibliography_sources/332230-7ac3ea2a8e71/332230.pdf	1	1950 | JBRS Originals	pdf	medium	reused_existing	2026-05-29T22:23:00.530442+00:00	
332260-64a0400cabd4	64a0400cabd414e20654dd8614cb3d652965d528b22a49368829bd18852812ff	332260.pdf	214206	OBI_LIBRARY_ROOT:Thematic/Burmese/Burma JBRS/JBRS Originals/332260.pdf	OBI_LIBRARY_ROOT:Thematic/Burmese/Burma JBRS/1950/Furnivall-1950-TaungthaRace.pdf | OBI_LIBRARY_ROOT:Thematic/Burmese/Burma JBRS/JBRS Originals/332260.pdf	data/local/bibliography_sources/332260-64a0400cabd4/332260.pdf	1	1950 | JBRS Originals	pdf	medium	reused_existing	2026-05-29T22:23:00.530292+00:00	
332263-2072f8dbbcad	2072f8dbbcad84acf4ac2168aaad43cfa732af0acfb8043532470597f7750762	332263.pdf	169201	OBI_LIBRARY_ROOT:Thematic/Burmese/Burma JBRS/1950/332263.pdf	OBI_LIBRARY_ROOT:Thematic/Burmese/Burma JBRS/1950/332263.pdf | OBI_LIBRARY_ROOT:Thematic/Burmese/Burma JBRS/JBRS Originals/332263.pdf	data/local/bibliography_sources/332263-2072f8dbbcad/332263.pdf	1	1950 | JBRS Originals	pdf	medium	reused_existing	2026-05-29T22:23:00.530173+00:00	
341001-e4f66b0df799	e4f66b0df799990fd1c5c8cd14d2ac96590f440ce0186607892c5c885175d498	341001.pdf	444064	OBI_LIBRARY_ROOT:Thematic/Burmese/Burma JBRS/1951/341001.pdf	OBI_LIBRARY_ROOT:Thematic/Burmese/Burma JBRS/1951/341001.pdf | OBI_LIBRARY_ROOT:Thematic/Burmese/Burma JBRS/JBRS Originals/341001.pdf	data/local/bibliography_sources/341001-e4f66b0df799/341001.pdf	1	1951 | JBRS Originals	pdf	medium	reused_existing	2026-05-29T22:23:00.530032+00:00	
341007-b2b1b5272469	b2b1b5272469cb220e2e84e34978b49131e04b341a904fb8c906b1d3ddbd0cbd	341007.pdf	2152265	OBI_LIBRARY_ROOT:Thematic/Burmese/Burma JBRS/1951/341007.pdf	OBI_LIBRARY_ROOT:Thematic/Burmese/Burma JBRS/1951/341007.pdf | OBI_LIBRARY_ROOT:Thematic/Burmese/Burma JBRS/JBRS Originals/341007.pdf	data/local/bibliography_sources/341007-b2b1b5272469/341007.pdf	1	1951 | JBRS Originals	pdf	medium	reused_existing	2026-05-29T22:23:00.529910+00:00	
341040-eb0600afb24a	eb0600afb24a1de951ff47c121af914742e5866c1bda6706641a541beeed381d	341040.pdf	110698	OBI_LIBRARY_ROOT:Thematic/Burmese/Burma JBRS/1951/341040.pdf	OBI_LIBRARY_ROOT:Thematic/Burmese/Burma JBRS/1951/341040.pdf | OBI_LIBRARY_ROOT:Thematic/Burmese/Burma JBRS/JBRS Originals/341040.pdf	data/local/bibliography_sources/341040-eb0600afb24a/341040.pdf	1	1951 | JBRS Originals	pdf	medium	reused_existing	2026-05-29T22:23:00.529779+00:00	
341042-ad87a6395ccf	ad87a6395ccf00d6cefddc0192973e3aaf2816a1f72df16caa9c1cc45ba764bb	341042.pdf	151428	OBI_LIBRARY_ROOT:Thematic/Burmese/Burma JBRS/JBRS Originals/341042.pdf	OBI_LIBRARY_ROOT:Thematic/Burmese/Burma JBRS/1951/UniversityDictionary_Bahan1941.pdf | OBI_LIBRARY_ROOT:Thematic/Burmese/Burma JBRS/JBRS Originals/341042.pdf	data/local/bibliography_sources/341042-ad87a6395ccf/341042.pdf	1	1951 | JBRS Originals	pdf	medium	reused_existing	2026-05-29T22:23:00.529662+00:00	
341047-47650cdbca6b	47650cdbca6b1a41b9e8ffd5f05aa7d45378852f9a3684852d200214361d7bb8	341047.pdf	103162	OBI_LIBRARY_ROOT:Thematic/Burmese/Burma JBRS/1951/341047.pdf	OBI_LIBRARY_ROOT:Thematic/Burmese/Burma JBRS/1951/341047.pdf | OBI_LIBRARY_ROOT:Thematic/Burmese/Burma JBRS/JBRS Originals/341047.pdf	data/local/bibliography_sources/341047-47650cdbca6b/341047.pdf	1	1951 | JBRS Originals	pdf	medium	reused_existing	2026-05-29T22:23:00.529531+00:00	
351001-47a8eb4f50da	47a8eb4f50daab222d1788ff599bd27ad82d6105d1f2658aa1833ef05a1fd4ea	351001.pdf	1498705	OBI_LIBRARY_ROOT:Thematic/Burmese/Burma JBRS/JBRS Originals/351001.pdf	OBI_LIBRARY_ROOT:Thematic/Burmese/Burma JBRS/1952/Games-Dennis1952.pdf | OBI_LIBRARY_ROOT:Thematic/Burmese/Burma JBRS/JBRS Originals/351001.pdf	data/local/bibliography_sources/351001-47a8eb4f50da/351001.pdf	1	1952 | JBRS Originals	pdf	medium	reused_existing	2026-05-29T22:23:00.529407+00:00	
361001-3f757fcf383b	3f757fcf383bb6572967a7426ef94ce993a4d0e00c2435b6178ac7ea5217bd88	361001.pdf	1274837	OBI_LIBRARY_ROOT:Thematic/Burmese/Burma JBRS/JBRS Originals/361001.pdf	OBI_LIBRARY_ROOT:Thematic/Burmese/Burma JBRS/1953/MonsOfPagan-Luce1953.pdf | OBI_LIBRARY_ROOT:Thematic/Burmese/Burma JBRS/JBRS Originals/361001.pdf	data/local/bibliography_sources/361001-3f757fcf383b/361001.pdf	1	1953 | JBRS Originals	pdf	medium	reused_existing	2026-05-29T22:23:00.529267+00:00	
361021-7307e338e8e2	7307e338e8e23129b39e550587491a700b6fb7f5fc8bd058774bd694dfaecc45	361021.pdf	2240757	OBI_LIBRARY_ROOT:Thematic/Burmese/Burma JBRS/1953/361021.pdf	OBI_LIBRARY_ROOT:Thematic/Burmese/Burma JBRS/1953/361021.pdf	data/local/bibliography_sources/361021-7307e338e8e2/361021.pdf	0	1953	pdf	medium	reused_existing	2026-05-29T22:23:00.529147+00:00	
361021-54644d3a17b0	54644d3a17b011b9a96390d517d3b0a7b8b961ff9d24939c0d7a7927f03a08da	361021.pdf	2240757	OBI_LIBRARY_ROOT:Thematic/Burmese/Burma JBRS/JBRS Originals/361021.pdf	OBI_LIBRARY_ROOT:Thematic/Burmese/Burma JBRS/JBRS Originals/361021.pdf	data/local/bibliography_sources/361021-54644d3a17b0/361021.pdf	0	JBRS Originals	pdf	medium	reused_existing	2026-05-29T22:23:00.529022+00:00	
361060-b95d896aea97	b95d896aea97770636d94171781bca81d39e26b7b8bf70f23bb6aceaf83a1677	361060.pdf	1202779	OBI_LIBRARY_ROOT:Thematic/Burmese/Burma JBRS/1953/361060.pdf	OBI_LIBRARY_ROOT:Thematic/Burmese/Burma JBRS/1953/361060.pdf | OBI_LIBRARY_ROOT:Thematic/Burmese/Burma JBRS/JBRS Originals/361060.pdf	data/local/bibliography_sources/361060-b95d896aea97/361060.pdf	1	1953 | JBRS Originals	pdf	medium	reused_existing	2026-05-29T22:23:00.528906+00:00	
361077-f1d3d06ec5f6	f1d3d06ec5f6fee208e8733793c39cb3b3cff5496e732594213a2d8377e922c6	361077.pdf	712343	OBI_LIBRARY_ROOT:Thematic/Burmese/Burma JBRS/JBRS Originals/361077.pdf	OBI_LIBRARY_ROOT:Thematic/Burmese/Burma JBRS/1953/InitiationCeremonies-MaungHtinAung1953.pdf | OBI_LIBRARY_ROOT:Thematic/Burmese/Burma JBRS/JBRS Originals/361077.pdf	data/local/bibliography_sources/361077-f1d3d06ec5f6/361077.pdf	1	1953 | JBRS Originals	pdf	medium	reused_existing	2026-05-29T22:23:00.528781+00:00	
361088-554636491ab5	554636491ab58290551a800aafd26ccef3ed43881b6397a486a485b84cf15a4a	361088.pdf	42398	OBI_LIBRARY_ROOT:Thematic/Burmese/Burma JBRS/1953/361088.pdf	OBI_LIBRARY_ROOT:Thematic/Burmese/Burma JBRS/1953/361088.pdf | OBI_LIBRARY_ROOT:Thematic/Burmese/Burma JBRS/JBRS Originals/361088.pdf	data/local/bibliography_sources/361088-554636491ab5/361088.pdf	1	1953 | JBRS Originals	pdf	medium	reused_existing	2026-05-29T22:23:00.528666+00:00	
361089-9d355999c3e7	9d355999c3e7a96c7a49d9da3ed9039ab933cfbc42ff700730582f6044b4d004	361089.pdf	1024076	OBI_LIBRARY_ROOT:Thematic/Burmese/Burma JBRS/1953/361089.pdf	OBI_LIBRARY_ROOT:Thematic/Burmese/Burma JBRS/1953/361089.pdf | OBI_LIBRARY_ROOT:Thematic/Burmese/Burma JBRS/JBRS Originals/361089.pdf	data/local/bibliography_sources/361089-9d355999c3e7/361089.pdf	1	1953 | JBRS Originals	pdf	medium	reused_existing	2026-05-29T22:23:00.528552+00:00	
361105-7c3ae62c63cf	7c3ae62c63cff6d6ae5034b197abe28c6b70d8deb4c12379d4fe72b4c972acce	361105.pdf	180378	OBI_LIBRARY_ROOT:Thematic/Burmese/Burma JBRS/1953/361105.pdf	OBI_LIBRARY_ROOT:Thematic/Burmese/Burma JBRS/1953/361105.pdf | OBI_LIBRARY_ROOT:Thematic/Burmese/Burma JBRS/JBRS Originals/361105.pdf	data/local/bibliography_sources/361105-7c3ae62c63cf/361105.pdf	1	1953 | JBRS Originals	pdf	medium	reused_existing	2026-05-29T22:23:00.528441+00:00	
362001-0a153e545a4a	0a153e545a4a34ae372b84af3aa53a96290aaafcfbe7e256ae67770fb0d6f30d	362001.pdf	1466389	OBI_LIBRARY_ROOT:Thematic/Burmese/Burma JBRS/1953/362001.pdf	OBI_LIBRARY_ROOT:Thematic/Burmese/Burma JBRS/1953/362001.pdf | OBI_LIBRARY_ROOT:Thematic/Burmese/Burma JBRS/JBRS Originals/362001.pdf	data/local/bibliography_sources/362001-0a153e545a4a/362001.pdf	1	1953 | JBRS Originals	pdf	medium	reused_existing	2026-05-29T22:23:00.528325+00:00	
362071-c7c653a0c4bd	c7c653a0c4bd24f6873971a0fa8b49a52039d03af27cc26497e69e08b8c522ca	362071.pdf	873752	OBI_LIBRARY_ROOT:Thematic/Burmese/Burma JBRS/1953/362071.pdf	OBI_LIBRARY_ROOT:Thematic/Burmese/Burma JBRS/1953/362071.pdf	data/local/bibliography_sources/362071-c7c653a0c4bd/362071.pdf	0	1953	pdf	medium	reused_existing	2026-05-29T22:23:00.528211+00:00	
362071-d4bf7e7fb62b	d4bf7e7fb62b705b07175b713658b12d6d4e869cd9d65906b3ce171c8e30cb38	362071.pdf	873752	OBI_LIBRARY_ROOT:Thematic/Burmese/Burma JBRS/JBRS Originals/362071.pdf	OBI_LIBRARY_ROOT:Thematic/Burmese/Burma JBRS/JBRS Originals/362071.pdf	data/local/bibliography_sources/362071-d4bf7e7fb62b/362071.pdf	0	JBRS Originals	pdf	medium	reused_existing	2026-05-29T22:23:00.528085+00:00	
362083-50fdb17371ee	50fdb17371eed9c5e978ff7c7a0376e9698195f7ab8cf690db427ef8a89c4181	362083.pdf	606841	OBI_LIBRARY_ROOT:Thematic/Burmese/Burma JBRS/JBRS Originals/362083.pdf	OBI_LIBRARY_ROOT:Thematic/Burmese/Burma JBRS/1953/Alchemy-MaungHtinAung1953.pdf | OBI_LIBRARY_ROOT:Thematic/Burmese/Burma JBRS/JBRS Originals/362083.pdf	data/local/bibliography_sources/362083-50fdb17371ee/362083.pdf	1	1953 | JBRS Originals	pdf	medium	reused_existing	2026-05-29T22:23:00.527971+00:00	
371001-23c0ebc8f542	23c0ebc8f54243336bedc5d4f496c4f666b7371df16d2d76a0a5676037603764	371001.pdf	1065720	OBI_LIBRARY_ROOT:Thematic/Burmese/Burma JBRS/1954/371001.pdf	OBI_LIBRARY_ROOT:Thematic/Burmese/Burma JBRS/1954/371001.pdf | OBI_LIBRARY_ROOT:Thematic/Burmese/Burma JBRS/JBRS Originals/371001.pdf	data/local/bibliography_sources/371001-23c0ebc8f542/371001.pdf	1	1954 | JBRS Originals	pdf	medium	reused_existing	2026-05-29T22:23:00.527841+00:00	
371021-9855d837d910	9855d837d910c2e1c66a78820e7f7b7fb05c4ff36710d4f0d78f22527b4a7d23	371021.pdf	684831	OBI_LIBRARY_ROOT:Thematic/Burmese/Burma JBRS/1954/371021.pdf	OBI_LIBRARY_ROOT:Thematic/Burmese/Burma JBRS/1954/371021.pdf | OBI_LIBRARY_ROOT:Thematic/Burmese/Burma JBRS/JBRS Originals/371021.pdf	data/local/bibliography_sources/371021-9855d837d910/371021.pdf	1	1954 | JBRS Originals	pdf	medium	reused_existing	2026-05-29T22:23:00.527735+00:00	
371035-f457476fe193	f457476fe193e7614a1aa5f7a308d8499a1c63ca4bac72727a5922f9d8d3c6a5	371035.pdf	680276	OBI_LIBRARY_ROOT:Thematic/Burmese/Burma JBRS/1954/371035.pdf	OBI_LIBRARY_ROOT:Thematic/Burmese/Burma JBRS/1954/371035.pdf | OBI_LIBRARY_ROOT:Thematic/Burmese/Burma JBRS/JBRS Originals/371035.pdf	data/local/bibliography_sources/371035-f457476fe193/371035.pdf	1	1954 | JBRS Originals	pdf	medium	reused_existing	2026-05-29T22:23:00.527617+00:00	
371046-6b139e985ccd	6b139e985ccd487f74814773704964edcaf8742a4d7d0298f1bf989cbca64dbb	371046.pdf	343842	OBI_LIBRARY_ROOT:Thematic/Burmese/Burma JBRS/1954/371046.pdf	OBI_LIBRARY_ROOT:Thematic/Burmese/Burma JBRS/1954/371046.pdf | OBI_LIBRARY_ROOT:Thematic/Burmese/Burma JBRS/JBRS Originals/371046.pdf	data/local/bibliography_sources/371046-6b139e985ccd/371046.pdf	1	1954 | JBRS Originals	pdf	medium	reused_existing	2026-05-29T22:23:00.527494+00:00	
371052-1539615cfcaf	1539615cfcaf36f9c6c3187ee596259eada256f8094457158d983163aebf3178	371052.pdf	390581	OBI_LIBRARY_ROOT:Thematic/Burmese/Burma JBRS/JBRS Originals/371052.pdf	OBI_LIBRARY_ROOT:Thematic/Burmese/Burma JBRS/1954/ResearchDeltaKanazo-Hman1954.pdf | OBI_LIBRARY_ROOT:Thematic/Burmese/Burma JBRS/JBRS Originals/371052.pdf	data/local/bibliography_sources/371052-1539615cfcaf/371052.pdf	1	1954 | JBRS Originals	pdf	medium	reused_existing	2026-05-29T22:23:00.527382+00:00	
371059-cf5554e6a6eb	cf5554e6a6ebe3076c9fe32e52a1b7373a8243f0edf9c20a661bdd530721b5a8	371059.pdf	1174150	OBI_LIBRARY_ROOT:Thematic/Burmese/Burma JBRS/1954/371059.pdf	OBI_LIBRARY_ROOT:Thematic/Burmese/Burma JBRS/1954/371059.pdf | OBI_LIBRARY_ROOT:Thematic/Burmese/Burma JBRS/JBRS Originals/371059.pdf	data/local/bibliography_sources/371059-cf5554e6a6eb/371059.pdf	1	1954 | JBRS Originals	pdf	medium	reused_existing	2026-05-29T22:23:00.527261+00:00	
371077-3baba3725cd4	3baba3725cd4b7ad3dc8d037c503c2cf7cba52c2d3341d941716129d8306f23b	371077.pdf	303602	OBI_LIBRARY_ROOT:Thematic/Burmese/Burma JBRS/JBRS Originals/371077.pdf	OBI_LIBRARY_ROOT:Thematic/Burmese/Burma JBRS/1954/RadioResearch_BaHli1954.pdf | OBI_LIBRARY_ROOT:Thematic/Burmese/Burma JBRS/JBRS Originals/371077.pdf	data/local/bibliography_sources/371077-3baba3725cd4/371077.pdf	1	1954 | JBRS Originals	pdf	medium	reused_existing	2026-05-29T22:23:00.527138+00:00	
371082-c055e03037b8	c055e03037b82d18400eb3711f0b37d8d3bd39aaa7a15742baa47d9140c86948	371082.pdf	499599	OBI_LIBRARY_ROOT:Thematic/Burmese/Burma JBRS/1954/371082.pdf	OBI_LIBRARY_ROOT:Thematic/Burmese/Burma JBRS/1954/371082.pdf	data/local/bibliography_sources/371082-c055e03037b8/371082.pdf	0	1954	pdf	medium	reused_existing	2026-05-29T22:23:00.527010+00:00	
371082-7a1c7ddce722	7a1c7ddce7227ecfe9c127c17e2f883851eda8a3ce6df1af5d41e77318e7b007	371082.pdf	499599	OBI_LIBRARY_ROOT:Thematic/Burmese/Burma JBRS/JBRS Originals/371082.pdf	OBI_LIBRARY_ROOT:Thematic/Burmese/Burma JBRS/JBRS Originals/371082.pdf	data/local/bibliography_sources/371082-7a1c7ddce722/371082.pdf	0	JBRS Originals	pdf	medium	reused_existing	2026-05-29T22:23:00.526896+00:00	
372001-6c092e5ef34b	6c092e5ef34be3cbd54f443f8ca52702c3bbec2a60d60b8955a85db354f1e369	372001.pdf	564451	OBI_LIBRARY_ROOT:Thematic/Burmese/Burma JBRS/JBRS Originals/372001.pdf	OBI_LIBRARY_ROOT:Thematic/Burmese/Burma JBRS/1954/TheNineLords-HtinAung1954.pdf | OBI_LIBRARY_ROOT:Thematic/Burmese/Burma JBRS/JBRS Originals/372001.pdf	data/local/bibliography_sources/372001-6c092e5ef34b/372001.pdf	1	1954 | JBRS Originals	pdf	medium	reused_existing	2026-05-29T22:23:00.526783+00:00	
372010-5fa5510c7396	5fa5510c7396af2add52247086c4c5deb66d9bafc946193fc4935a24cb199a01	372010.pdf	513462	OBI_LIBRARY_ROOT:Thematic/Burmese/Burma JBRS/1954/372010.pdf	OBI_LIBRARY_ROOT:Thematic/Burmese/Burma JBRS/1954/372010.pdf | OBI_LIBRARY_ROOT:Thematic/Burmese/Burma JBRS/JBRS Originals/372010.pdf	data/local/bibliography_sources/372010-5fa5510c7396/372010.pdf	1	1954 | JBRS Originals	pdf	medium	reused_existing	2026-05-29T22:23:00.526670+00:00	
372017-30f88627481e	30f88627481e29ba2009ab2d47cc9f7cf5c81bf91814ab663b26442db1b075bf	372017.pdf	481561	OBI_LIBRARY_ROOT:Thematic/Burmese/Burma JBRS/1954/372017.pdf	OBI_LIBRARY_ROOT:Thematic/Burmese/Burma JBRS/1954/372017.pdf | OBI_LIBRARY_ROOT:Thematic/Burmese/Burma JBRS/JBRS Originals/372017.pdf	data/local/bibliography_sources/372017-30f88627481e/372017.pdf	1	1954 | JBRS Originals	pdf	medium	reused_existing	2026-05-29T22:23:00.526556+00:00	
372024-abd7fa351131	abd7fa3511319c76a4240d9a274dc6f28af9fb82c4180df07fb0b06f0475099d	372024.pdf	736226	OBI_LIBRARY_ROOT:Thematic/Burmese/Burma JBRS/1954/372024.pdf	OBI_LIBRARY_ROOT:Thematic/Burmese/Burma JBRS/1954/372024.pdf | OBI_LIBRARY_ROOT:Thematic/Burmese/Burma JBRS/JBRS Originals/372024.pdf	data/local/bibliography_sources/372024-abd7fa351131/372024.pdf	1	1954 | JBRS Originals	pdf	medium	reused_existing	2026-05-29T22:23:00.526441+00:00	
372035-27aedd6f7119	27aedd6f711913afbc86765524147e4d9572e37d9b694ab3541c2f9ccb6a0fa4	372035.pdf	400005	OBI_LIBRARY_ROOT:Thematic/Burmese/Burma JBRS/1954/372035.pdf	OBI_LIBRARY_ROOT:Thematic/Burmese/Burma JBRS/1954/372035.pdf | OBI_LIBRARY_ROOT:Thematic/Burmese/Burma JBRS/JBRS Originals/372035.pdf	data/local/bibliography_sources/372035-27aedd6f7119/372035.pdf	1	1954 | JBRS Originals	pdf	medium	reused_existing	2026-05-29T22:23:00.526318+00:00	
372041-8b43eae1f6d1	8b43eae1f6d1f4adb4f468a931e1d97432f3610f841e43bb379fae4c79ac9d10	372041.pdf	531016	OBI_LIBRARY_ROOT:Thematic/Burmese/Burma JBRS/1954/372041.pdf	OBI_LIBRARY_ROOT:Thematic/Burmese/Burma JBRS/1954/372041.pdf | OBI_LIBRARY_ROOT:Thematic/Burmese/Burma JBRS/JBRS Originals/372041.pdf	data/local/bibliography_sources/372041-8b43eae1f6d1/372041.pdf	1	1954 | JBRS Originals	pdf	medium	reused_existing	2026-05-29T22:23:00.526204+00:00	
372050-a9d3e366ac79	a9d3e366ac79a0e4019134aca760536275087f29c23a95f8492e06eb6fd7534e	372050.pdf	594456	OBI_LIBRARY_ROOT:Thematic/Burmese/Burma JBRS/1954/372050.pdf	OBI_LIBRARY_ROOT:Thematic/Burmese/Burma JBRS/1954/372050.pdf | OBI_LIBRARY_ROOT:Thematic/Burmese/Burma JBRS/JBRS Originals/372050.pdf	data/local/bibliography_sources/372050-a9d3e366ac79/372050.pdf	1	1954 | JBRS Originals	pdf	medium	reused_existing	2026-05-29T22:23:00.526087+00:00	
372063-7caa24857672	7caa2485767274c8b90653990f13cef46a686c7615d0ab5bfab82d804ccd2054	372063.pdf	271740	OBI_LIBRARY_ROOT:Thematic/Burmese/Burma JBRS/1954/372063.pdf	OBI_LIBRARY_ROOT:Thematic/Burmese/Burma JBRS/1954/372063.pdf | OBI_LIBRARY_ROOT:Thematic/Burmese/Burma JBRS/JBRS Originals/372063.pdf	data/local/bibliography_sources/372063-7caa24857672/372063.pdf	1	1954 | JBRS Originals	pdf	medium	reused_existing	2026-05-29T22:23:00.525966+00:00	
381001-981308ccd57d	981308ccd57dd2de96518d65af8c3c23eb44736f6b2ab4abd80374f503fc9057	381001.pdf	729592	OBI_LIBRARY_ROOT:Thematic/Burmese/Burma JBRS/1955/381001.pdf	OBI_LIBRARY_ROOT:Thematic/Burmese/Burma JBRS/1955/381001.pdf | OBI_LIBRARY_ROOT:Thematic/Burmese/Burma JBRS/JBRS Originals/381001.pdf	data/local/bibliography_sources/381001-981308ccd57d/381001.pdf	1	1955 | JBRS Originals	pdf	medium	reused_existing	2026-05-29T22:23:00.525851+00:00	
381013-2d12cce319ad	2d12cce319ad0bd7335043a23d2d9582c986c1ad0a4590f62c258237ea91a8fe	381013.pdf	547028	OBI_LIBRARY_ROOT:Thematic/Burmese/Burma JBRS/1955/381013.pdf	OBI_LIBRARY_ROOT:Thematic/Burmese/Burma JBRS/1955/381013.pdf | OBI_LIBRARY_ROOT:Thematic/Burmese/Burma JBRS/JBRS Originals/381013.pdf	data/local/bibliography_sources/381013-2d12cce319ad/381013.pdf	1	1955 | JBRS Originals	pdf	medium	reused_existing	2026-05-29T22:23:00.525734+00:00	
381023-97e6eaeac58d	97e6eaeac58d23ae13008ba5382a5c3e52a4694369f41deebf4124203c296487	381023.pdf	289630	OBI_LIBRARY_ROOT:Thematic/Burmese/Burma JBRS/1955/381023.pdf	OBI_LIBRARY_ROOT:Thematic/Burmese/Burma JBRS/1955/381023.pdf | OBI_LIBRARY_ROOT:Thematic/Burmese/Burma JBRS/JBRS Originals/381023.pdf	data/local/bibliography_sources/381023-97e6eaeac58d/381023.pdf	1	1955 | JBRS Originals	pdf	medium	reused_existing	2026-05-29T22:23:00.525617+00:00	
381029-af341846ee86	af341846ee86366e3f30653eb11e185fda34fc45618257e7e8bace9c767dc9c4	381029.pdf	1322809	OBI_LIBRARY_ROOT:Thematic/Burmese/Burma JBRS/1955/381029.pdf	OBI_LIBRARY_ROOT:Thematic/Burmese/Burma JBRS/1955/381029.pdf | OBI_LIBRARY_ROOT:Thematic/Burmese/Burma JBRS/JBRS Originals/381029.pdf	data/local/bibliography_sources/381029-af341846ee86/381029.pdf	1	1955 | JBRS Originals	pdf	medium	reused_existing	2026-05-29T22:23:00.525497+00:00	
381052-43be81752beb	43be81752beb4aefbe6658a20c2879834677a59965ceca9979316602af42df51	381052.pdf	618750	OBI_LIBRARY_ROOT:Thematic/Burmese/Burma JBRS/1955/381052.pdf	OBI_LIBRARY_ROOT:Thematic/Burmese/Burma JBRS/1955/381052.pdf | OBI_LIBRARY_ROOT:Thematic/Burmese/Burma JBRS/JBRS Originals/381052.pdf	data/local/bibliography_sources/381052-43be81752beb/381052.pdf	1	1955 | JBRS Originals	pdf	medium	reused_existing	2026-05-29T22:23:00.525322+00:00	
381066-13a837c2022b	13a837c2022ba89b36dad910e42c0eb8efe8d4dbea53dc842b16218c5b4f9038	381066.pdf	397887	OBI_LIBRARY_ROOT:Thematic/Burmese/Burma JBRS/1955/381066.pdf	OBI_LIBRARY_ROOT:Thematic/Burmese/Burma JBRS/1955/381066.pdf | OBI_LIBRARY_ROOT:Thematic/Burmese/Burma JBRS/JBRS Originals/381066.pdf	data/local/bibliography_sources/381066-13a837c2022b/381066.pdf	1	1955 | JBRS Originals	pdf	medium	reused_existing	2026-05-29T22:23:00.525202+00:00	
381075-4bcbf758db86	4bcbf758db865b77b150f114056d70db19a080aa11e220044f876d8500a60e27	381075.pdf	507480	OBI_LIBRARY_ROOT:Thematic/Burmese/Burma JBRS/JBRS Originals/381075.pdf	OBI_LIBRARY_ROOT:Thematic/Burmese/Burma JBRS/1955/LordOfTheGreatMountain-HtinAung1955.pdf | OBI_LIBRARY_ROOT:Thematic/Burmese/Burma JBRS/JBRS Originals/381075.pdf	data/local/bibliography_sources/381075-4bcbf758db86/381075.pdf	1	1955 | JBRS Originals	pdf	medium	reused_existing	2026-05-29T22:23:00.525087+00:00	
381083-9f43bd117da9	9f43bd117da95216d1918e665947f9db778bdf4193cb95edb93056ade408c88f	381083.pdf	1166672	OBI_LIBRARY_ROOT:Thematic/Burmese/Burma JBRS/1955/381083.pdf	OBI_LIBRARY_ROOT:Thematic/Burmese/Burma JBRS/1955/381083.pdf	data/local/bibliography_sources/381083-9f43bd117da9/381083.pdf	0	1955	pdf	medium	reused_existing	2026-05-29T22:23:00.524970+00:00	
381083-12d7f0794499	12d7f07944994a0281ce1822a152add37d0fd7240ba72ac85144377b193717c0	381083.pdf	1166672	OBI_LIBRARY_ROOT:Thematic/Burmese/Burma JBRS/JBRS Originals/381083.pdf	OBI_LIBRARY_ROOT:Thematic/Burmese/Burma JBRS/JBRS Originals/381083.pdf	data/local/bibliography_sources/381083-12d7f0794499/381083.pdf	0	JBRS Originals	pdf	medium	reused_existing	2026-05-29T22:23:00.524833+00:00	
381107-74d2f1eb7684	74d2f1eb76848609ac52b3663463b895218d0a022263386ac7d0325d87e130cf	381107.pdf	271127	OBI_LIBRARY_ROOT:Thematic/Burmese/Burma JBRS/JBRS Originals/381107.pdf	OBI_LIBRARY_ROOT:Thematic/Burmese/Burma JBRS/1955/SolarCooker_BaHli1955.pdf | OBI_LIBRARY_ROOT:Thematic/Burmese/Burma JBRS/JBRS Originals/381107.pdf	data/local/bibliography_sources/381107-74d2f1eb7684/381107.pdf	1	1955 | JBRS Originals	pdf	medium	reused_existing	2026-05-29T22:23:00.524702+00:00	
382121-d7da783545d1	d7da783545d1de46e3fffeb8481d6a72abaf7731e1020cba212f9bb49cd65af9	382121.pdf	156298	OBI_LIBRARY_ROOT:Thematic/Burmese/Burma JBRS/JBRS Originals/382121.pdf	OBI_LIBRARY_ROOT:Thematic/Burmese/Burma JBRS/1955/WarsWithBurmese1-Damrong1956.pdf | OBI_LIBRARY_ROOT:Thematic/Burmese/Burma JBRS/JBRS Originals/382121.pdf	data/local/bibliography_sources/382121-d7da783545d1/382121.pdf	1	1955 | JBRS Originals	pdf	medium	reused_existing	2026-05-29T22:23:00.524570+00:00	
391001-dd3694550859	dd369455085913ee93910e1481ff0befd80f69dde3a0c4c757fe6036a2d0ab03	391001.pdf	1009571	OBI_LIBRARY_ROOT:Thematic/Burmese/Burma JBRS/1956/391001.pdf	OBI_LIBRARY_ROOT:Thematic/Burmese/Burma JBRS/1956/391001.pdf | OBI_LIBRARY_ROOT:Thematic/Burmese/Burma JBRS/JBRS Originals/391001.pdf	data/local/bibliography_sources/391001-dd3694550859/391001.pdf	1	1956 | JBRS Originals	pdf	medium	reused_existing	2026-05-29T22:23:00.524441+00:00	
391018-e64dd8213ed7	e64dd8213ed7dadff27156dfac7c3f5979e24dbc60c497792202ed8fa471ddfb	391018.pdf	915620	OBI_LIBRARY_ROOT:Thematic/Burmese/Burma JBRS/1956/391018.pdf	OBI_LIBRARY_ROOT:Thematic/Burmese/Burma JBRS/1956/391018.pdf | OBI_LIBRARY_ROOT:Thematic/Burmese/Burma JBRS/JBRS Originals/391018.pdf	data/local/bibliography_sources/391018-e64dd8213ed7/391018.pdf	1	1956 | JBRS Originals	pdf	medium	reused_existing	2026-05-29T22:23:00.524309+00:00	
391033-1a470627fc3f	1a470627fc3f5afb6ea0c25220d7037d2d2ee4ff21b4c8b1b1293e9f426b6407	391033.pdf	434859	OBI_LIBRARY_ROOT:Thematic/Burmese/Burma JBRS/1956/391033.pdf	OBI_LIBRARY_ROOT:Thematic/Burmese/Burma JBRS/1956/391033.pdf | OBI_LIBRARY_ROOT:Thematic/Burmese/Burma JBRS/JBRS Originals/391033.pdf	data/local/bibliography_sources/391033-1a470627fc3f/391033.pdf	1	1956 | JBRS Originals	pdf	medium	reused_existing	2026-05-29T22:23:00.524196+00:00	
391041-ba78a32dee64	ba78a32dee64650952cc1642b2ed6947cdc26df856924be07d0d66bcfbeb4e22	391041.pdf	925868	OBI_LIBRARY_ROOT:Thematic/Burmese/Burma JBRS/1956/391041.pdf	OBI_LIBRARY_ROOT:Thematic/Burmese/Burma JBRS/1956/391041.pdf | OBI_LIBRARY_ROOT:Thematic/Burmese/Burma JBRS/JBRS Originals/391041.pdf	data/local/bibliography_sources/391041-ba78a32dee64/391041.pdf	1	1956 | JBRS Originals	pdf	medium	reused_existing	2026-05-29T22:23:00.524076+00:00	
391058-4ab23dde16bd	4ab23dde16bd00d00ee7a31434250d0727edf271b9e2b0deee39f1ed52621d34	391058.pdf	730131	OBI_LIBRARY_ROOT:Thematic/Burmese/Burma JBRS/JBRS Originals/391058.pdf	OBI_LIBRARY_ROOT:Thematic/Burmese/Burma JBRS/1956/ManufactureUmbrellas_Agrawal.pdf | OBI_LIBRARY_ROOT:Thematic/Burmese/Burma JBRS/JBRS Originals/391058.pdf	data/local/bibliography_sources/391058-4ab23dde16bd/391058.pdf	1	1956 | JBRS Originals	pdf	medium	reused_existing	2026-05-29T22:23:00.523961+00:00	
391071-8a79070b5eb6	8a79070b5eb61f0ef490e87d9d525f97ecae4f287249a69b15e3b3fd1fd79240	391071.pdf	386300	OBI_LIBRARY_ROOT:Thematic/Burmese/Burma JBRS/JBRS Originals/391071.pdf	OBI_LIBRARY_ROOT:Thematic/Burmese/Burma JBRS/1956/Radioactivity_BaHli1956.pdf | OBI_LIBRARY_ROOT:Thematic/Burmese/Burma JBRS/JBRS Originals/391071.pdf	data/local/bibliography_sources/391071-8a79070b5eb6/391071.pdf	1	1956 | JBRS Originals	pdf	medium	reused_existing	2026-05-29T22:23:00.523837+00:00	
391081-de79c473186c	de79c473186cdd0d4d505d3af7497312a913b9cd39e62df98bc13adb920ffcd6	391081.pdf	1218209	OBI_LIBRARY_ROOT:Thematic/Burmese/Burma JBRS/JBRS Originals/391081.pdf	OBI_LIBRARY_ROOT:Thematic/Burmese/Burma JBRS/1956/The37Kords-HtinAung1956.pdf | OBI_LIBRARY_ROOT:Thematic/Burmese/Burma JBRS/JBRS Originals/391081.pdf	data/local/bibliography_sources/391081-de79c473186c/391081.pdf	1	1956 | JBRS Originals	pdf	medium	reused_existing	2026-05-29T22:23:00.523720+00:00	
391101-194f388844aa	194f388844aa0047069369c1d1169b80a5ed755f43eddd89dc371b262e50e646	391101.pdf	1061404	OBI_LIBRARY_ROOT:Thematic/Burmese/Burma JBRS/1956/391101.pdf	OBI_LIBRARY_ROOT:Thematic/Burmese/Burma JBRS/1956/391101.pdf | OBI_LIBRARY_ROOT:Thematic/Burmese/Burma JBRS/JBRS Originals/391101.pdf	data/local/bibliography_sources/391101-194f388844aa/391101.pdf	1	1956 | JBRS Originals	pdf	medium	reused_existing	2026-05-29T22:23:00.523597+00:00	
392127-59ce2a1b8ccc	59ce2a1b8ccc6aa25bd1e71832a41af1554797825c201f7c947e789948a04245	392127.pdf	1901928	OBI_LIBRARY_ROOT:Thematic/Burmese/Burma JBRS/1956/392127.pdf	OBI_LIBRARY_ROOT:Thematic/Burmese/Burma JBRS/1956/392127.pdf | OBI_LIBRARY_ROOT:Thematic/Burmese/Burma JBRS/JBRS Originals/392127.pdf	data/local/bibliography_sources/392127-59ce2a1b8ccc/392127.pdf	1	1956 | JBRS Originals	pdf	medium	reused_existing	2026-05-29T22:23:00.523480+00:00	
392159-e73aadff7c58	e73aadff7c58d1a810c09f397709cadb621635b2865156c6d0dfbf69f8134ff9	392159.pdf	976214	OBI_LIBRARY_ROOT:Thematic/Burmese/Burma JBRS/JBRS Originals/392159.pdf	OBI_LIBRARY_ROOT:Thematic/Burmese/Burma JBRS/JBRS Originals/392159.pdf	data/local/bibliography_sources/392159-e73aadff7c58/392159.pdf	0	JBRS Originals	pdf	medium	reused_existing	2026-05-29T22:23:00.523360+00:00	
392176-e94a8ecfbe9a	e94a8ecfbe9ad95d3586e9f399c8d8e24a6744d7499e459f938dfd464d588ac5	392176.pdf	378652	OBI_LIBRARY_ROOT:Thematic/Burmese/Burma JBRS/1956/392176.pdf	OBI_LIBRARY_ROOT:Thematic/Burmese/Burma JBRS/1956/392176.pdf | OBI_LIBRARY_ROOT:Thematic/Burmese/Burma JBRS/JBRS Originals/392176.pdf	data/local/bibliography_sources/392176-e94a8ecfbe9a/392176.pdf	1	1956 | JBRS Originals	pdf	medium	reused_existing	2026-05-29T22:23:00.523232+00:00	
392182-6b2d83b08dfa	6b2d83b08dfa78ad648b3a206e08a4970c42ab7671e86db94f61e6f8acbfb2c5	392182.pdf	562534	OBI_LIBRARY_ROOT:Thematic/Burmese/Burma JBRS/JBRS Originals/392182.pdf	OBI_LIBRARY_ROOT:Thematic/Burmese/Burma JBRS/1956/SomePlaceNames-Maung1956.pdf | OBI_LIBRARY_ROOT:Thematic/Burmese/Burma JBRS/JBRS Originals/392182.pdf	data/local/bibliography_sources/392182-6b2d83b08dfa/392182.pdf	1	1956 | JBRS Originals	pdf	medium	reused_existing	2026-05-29T22:23:00.523113+00:00	
392193-fe1500cb4f19	fe1500cb4f19f7b09ef0cfc97150d32afc3a9bc8dcdc9afcc800287d88fa1f64	392193.pdf	534146	OBI_LIBRARY_ROOT:Thematic/Burmese/Burma JBRS/1956/392193.pdf	OBI_LIBRARY_ROOT:Thematic/Burmese/Burma JBRS/1956/392193.pdf | OBI_LIBRARY_ROOT:Thematic/Burmese/Burma JBRS/JBRS Originals/392193.pdf	data/local/bibliography_sources/392193-fe1500cb4f19/392193.pdf	1	1956 | JBRS Originals	pdf	medium	reused_existing	2026-05-29T22:23:00.522960+00:00	
392203-39148e0d70e7	39148e0d70e75cd0692e1c67ead2daba44ad03f42dccd2e468c2ec9c8e409fcf	392203.pdf	232825	OBI_LIBRARY_ROOT:Thematic/Burmese/Burma JBRS/1956/392203.pdf	OBI_LIBRARY_ROOT:Thematic/Burmese/Burma JBRS/1956/392203.pdf | OBI_LIBRARY_ROOT:Thematic/Burmese/Burma JBRS/JBRS Originals/392203.pdf	data/local/bibliography_sources/392203-39148e0d70e7/392203.pdf	1	1956 | JBRS Originals	pdf	medium	reused_existing	2026-05-29T22:23:00.522843+00:00	
392206-3aebf9e12621	3aebf9e126213081b9241f27dbfcb54756abf8912a2b042de0a6f1f5cedee6e7	392206.pdf	76634	OBI_LIBRARY_ROOT:Thematic/Burmese/Burma JBRS/1956/392206.pdf	OBI_LIBRARY_ROOT:Thematic/Burmese/Burma JBRS/1956/392206.pdf | OBI_LIBRARY_ROOT:Thematic/Burmese/Burma JBRS/JBRS Originals/392206.pdf	data/local/bibliography_sources/392206-3aebf9e12621/392206.pdf	1	1956 | JBRS Originals	pdf	medium	reused_existing	2026-05-29T22:23:00.522721+00:00	
392208-f7754516de0b	f7754516de0b646bee09021fa49793bce77291dbb6446ca07c65fd203ef6101d	392208.pdf	352639	OBI_LIBRARY_ROOT:Thematic/Burmese/Burma JBRS/1956/392208.pdf	OBI_LIBRARY_ROOT:Thematic/Burmese/Burma JBRS/1956/392208.pdf | OBI_LIBRARY_ROOT:Thematic/Burmese/Burma JBRS/JBRS Originals/392208.pdf	data/local/bibliography_sources/392208-f7754516de0b/392208.pdf	1	1956 | JBRS Originals	pdf	medium	reused_existing	2026-05-29T22:23:00.522599+00:00	
392213-4fb885219b29	4fb885219b29650906fc62f6d07cd28181ab118430c0c3b6bea7f5de1e6b8c4a	392213.pdf	247435	OBI_LIBRARY_ROOT:Thematic/Burmese/Burma JBRS/1956/392213.pdf	OBI_LIBRARY_ROOT:Thematic/Burmese/Burma JBRS/1956/392213.pdf | OBI_LIBRARY_ROOT:Thematic/Burmese/Burma JBRS/JBRS Originals/392213.pdf	data/local/bibliography_sources/392213-4fb885219b29/392213.pdf	1	1956 | JBRS Originals	pdf	medium	reused_existing	2026-05-29T22:23:00.522337+00:00	
401001-97d63da221a0	97d63da221a07fe7c0e8382f2e93e80ca195d38a326ad1aa7094239300815f0f	401001.pdf	555033	OBI_LIBRARY_ROOT:Thematic/Burmese/Burma JBRS/1957/401001.pdf	OBI_LIBRARY_ROOT:Thematic/Burmese/Burma JBRS/1957/401001.pdf | OBI_LIBRARY_ROOT:Thematic/Burmese/Burma JBRS/JBRS Originals/401001.pdf	data/local/bibliography_sources/401001-97d63da221a0/401001.pdf	1	1957 | JBRS Originals	pdf	medium	reused_existing	2026-05-29T22:23:00.522208+00:00	
401014-4899d1b881e7	4899d1b881e72e68cc69a5207921b83258a441df58873f0bb4cc7ca04b1f08db	401014.pdf	570543	OBI_LIBRARY_ROOT:Thematic/Burmese/Burma JBRS/JBRS Originals/401014.pdf	OBI_LIBRARY_ROOT:Thematic/Burmese/Burma JBRS/1957/AgriculturalLoans_AyeHlaing.pdf | OBI_LIBRARY_ROOT:Thematic/Burmese/Burma JBRS/JBRS Originals/401014.pdf	data/local/bibliography_sources/401014-4899d1b881e7/401014.pdf	1	1957 | JBRS Originals	pdf	medium	reused_existing	2026-05-29T22:23:00.522072+00:00	
401024-94ef9a6f5644	94ef9a6f56445ae747dfcc53d35b18b28de37f2ca67df471301b58481e09f9c6	401024.pdf	961888	OBI_LIBRARY_ROOT:Thematic/Burmese/Burma JBRS/1957/401024.pdf	OBI_LIBRARY_ROOT:Thematic/Burmese/Burma JBRS/1957/401024.pdf | OBI_LIBRARY_ROOT:Thematic/Burmese/Burma JBRS/JBRS Originals/401024.pdf	data/local/bibliography_sources/401024-94ef9a6f5644/401024.pdf	1	1957 | JBRS Originals	pdf	medium	reused_existing	2026-05-29T22:23:00.521908+00:00	
401039-163de86eab59	163de86eab59fd6e19a9627242b21d16b2ac057c3d74c42532f7f56d1805d668	401039.pdf	2522934	OBI_LIBRARY_ROOT:Thematic/Burmese/Burma JBRS/1957/401039.pdf	OBI_LIBRARY_ROOT:Thematic/Burmese/Burma JBRS/1957/401039.pdf | OBI_LIBRARY_ROOT:Thematic/Burmese/Burma JBRS/JBRS Originals/401039.pdf	data/local/bibliography_sources/401039-163de86eab59/401039.pdf	1	1957 | JBRS Originals	pdf	medium	reused_existing	2026-05-29T22:23:00.521653+00:00	
401087-3987448c26d4	3987448c26d4c14e2e91804ed7e9b2ee9c301a1733d0a4acbf20c8bd695dbf98	401087.pdf	905093	OBI_LIBRARY_ROOT:Thematic/Burmese/Burma JBRS/1957/401087.pdf	OBI_LIBRARY_ROOT:Thematic/Burmese/Burma JBRS/1957/401087.pdf | OBI_LIBRARY_ROOT:Thematic/Burmese/Burma JBRS/JBRS Originals/401087.pdf	data/local/bibliography_sources/401087-3987448c26d4/401087.pdf	1	1957 | JBRS Originals	pdf	medium	reused_existing	2026-05-29T22:23:00.521538+00:00	
401105-1639c31d57d9	1639c31d57d99346f1afa85f4596e620cdb902d17c5a6efb3160afba9a19d02e	401105.pdf	1171377	OBI_LIBRARY_ROOT:Thematic/Burmese/Burma JBRS/1957/401105.pdf	OBI_LIBRARY_ROOT:Thematic/Burmese/Burma JBRS/1957/401105.pdf | OBI_LIBRARY_ROOT:Thematic/Burmese/Burma JBRS/JBRS Originals/401105.pdf	data/local/bibliography_sources/401105-1639c31d57d9/401105.pdf	1	1957 | JBRS Originals	pdf	medium	reused_existing	2026-05-29T22:23:00.521422+00:00	
401128-b6d235c8e623	b6d235c8e6237f8763f5d971d3e049210d9a635017b2fefc61abbcb1f0ceb36e	401128.pdf	56622	OBI_LIBRARY_ROOT:Thematic/Burmese/Burma JBRS/1957/401128.pdf	OBI_LIBRARY_ROOT:Thematic/Burmese/Burma JBRS/1957/401128.pdf | OBI_LIBRARY_ROOT:Thematic/Burmese/Burma JBRS/JBRS Originals/401128.pdf	data/local/bibliography_sources/401128-b6d235c8e623/401128.pdf	1	1957 | JBRS Originals	pdf	medium	reused_existing	2026-05-29T22:23:00.521303+00:00	
402135-3557b905bba7	3557b905bba72dfb3527d678032fa2daa1b742bdb9180bcd0d5c3eb8529c32af	402135.pdf	291019	OBI_LIBRARY_ROOT:Thematic/Burmese/Burma JBRS/JBRS Originals/402135.pdf	OBI_LIBRARY_ROOT:Thematic/Burmese/Burma JBRS/1957/WarsWithBurmese2-Damrong1957.pdf | OBI_LIBRARY_ROOT:Thematic/Burmese/Burma JBRS/JBRS Originals/402135.pdf	data/local/bibliography_sources/402135-3557b905bba7/402135.pdf	1	1957 | JBRS Originals	pdf	medium	reused_existing	2026-05-29T22:23:00.521186+00:00	
402241-1c32b60c9221	1c32b60c9221467c5435ef842ff75221c91e26bb5f1631f5950bba831e97d5f4	402241.pdf	304490	OBI_LIBRARY_ROOT:Thematic/Burmese/Burma JBRS/JBRS Originals/402241.pdf	OBI_LIBRARY_ROOT:Thematic/Burmese/Burma JBRS/1957/WarsWithBurmese3-Damrong1957.pdf | OBI_LIBRARY_ROOT:Thematic/Burmese/Burma JBRS/JBRS Originals/402241.pdf	data/local/bibliography_sources/402241-1c32b60c9221/402241.pdf	1	1957 | JBRS Originals	pdf	medium	reused_existing	2026-05-29T22:23:00.521070+00:00	
402348-44a560a99ccb	44a560a99ccb3e1e09cbf67a98848fec58a290d65d4df9931168979e0555e22d	402348.pdf	345231	OBI_LIBRARY_ROOT:Thematic/Burmese/Burma JBRS/1957/402348.pdf	OBI_LIBRARY_ROOT:Thematic/Burmese/Burma JBRS/1957/402348.pdf | OBI_LIBRARY_ROOT:Thematic/Burmese/Burma JBRS/JBRS Originals/402348.pdf	data/local/bibliography_sources/402348-44a560a99ccb/402348.pdf	1	1957 | JBRS Originals	pdf	medium	reused_existing	2026-05-29T22:23:00.520952+00:00	
402354-62373c6eb602	62373c6eb602bd7b7d8e3e1359dfae2bce7bb950c8d6cc1b99b02054f002f8ea	402354.pdf	118291	OBI_LIBRARY_ROOT:Thematic/Burmese/Burma JBRS/1957/402354.pdf	OBI_LIBRARY_ROOT:Thematic/Burmese/Burma JBRS/1957/402354.pdf | OBI_LIBRARY_ROOT:Thematic/Burmese/Burma JBRS/JBRS Originals/402354.pdf	data/local/bibliography_sources/402354-62373c6eb602/402354.pdf	1	1957 | JBRS Originals	pdf	medium	reused_existing	2026-05-29T22:23:00.520832+00:00	
402356-ab4470d51d91	ab4470d51d91d735373ef1869a314d88a56f3de24f78510e2d79eaaf69e211e9	402356.pdf	109260	OBI_LIBRARY_ROOT:Thematic/Burmese/Burma JBRS/1957/402356.pdf	OBI_LIBRARY_ROOT:Thematic/Burmese/Burma JBRS/1957/402356.pdf | OBI_LIBRARY_ROOT:Thematic/Burmese/Burma JBRS/JBRS Originals/402356.pdf	data/local/bibliography_sources/402356-ab4470d51d91/402356.pdf	1	1957 | JBRS Originals	pdf	medium	reused_existing	2026-05-29T22:23:00.520713+00:00	
402358-cf422e80e4ca	cf422e80e4ca8e307a7c8a4895ccd3a256630235f8b465e4c82d43f79413028b	402358.pdf	84530	OBI_LIBRARY_ROOT:Thematic/Burmese/Burma JBRS/1957/402358.pdf	OBI_LIBRARY_ROOT:Thematic/Burmese/Burma JBRS/1957/402358.pdf | OBI_LIBRARY_ROOT:Thematic/Burmese/Burma JBRS/JBRS Originals/402358.pdf	data/local/bibliography_sources/402358-cf422e80e4ca/402358.pdf	1	1957 | JBRS Originals	pdf	medium	reused_existing	2026-05-29T22:23:00.520595+00:00	
402360-11e48d6e2d6e	11e48d6e2d6e79ef81c61bc1ff780b60cfbd4fd63e45dc5fcd2d37566628ce8b	402360.pdf	52873	OBI_LIBRARY_ROOT:Thematic/Burmese/Burma JBRS/1957/402360.pdf	OBI_LIBRARY_ROOT:Thematic/Burmese/Burma JBRS/1957/402360.pdf | OBI_LIBRARY_ROOT:Thematic/Burmese/Burma JBRS/JBRS Originals/402360.pdf	data/local/bibliography_sources/402360-11e48d6e2d6e/402360.pdf	1	1957 | JBRS Originals	pdf	medium	reused_existing	2026-05-29T22:23:00.520467+00:00	
411001-eb9aa85e15ee	eb9aa85e15ee2f7274e6e83645aabd33ba4382deeaa201d34b18cfcdcfbc9eca	411001.pdf	239733	OBI_LIBRARY_ROOT:Thematic/Burmese/Burma JBRS/1958/411001.pdf	OBI_LIBRARY_ROOT:Thematic/Burmese/Burma JBRS/1958/411001.pdf | OBI_LIBRARY_ROOT:Thematic/Burmese/Burma JBRS/JBRS Originals/411001.pdf	data/local/bibliography_sources/411001-eb9aa85e15ee/411001.pdf	1	1958 | JBRS Originals	pdf	medium	reused_existing	2026-05-29T22:23:00.520348+00:00	
411005-d773da635185	d773da635185ad795ad8fbff6a713e443e5f8861d63647893ff0abefb4e2277a	411005.pdf	795806	OBI_LIBRARY_ROOT:Thematic/Burmese/Burma JBRS/JBRS Originals/411005.pdf	OBI_LIBRARY_ROOT:Thematic/Burmese/Burma JBRS/1958/CultivatorContributionLanguage-MaungTinHla1958.pdf | OBI_LIBRARY_ROOT:Thematic/Burmese/Burma JBRS/JBRS Originals/411005.pdf	data/local/bibliography_sources/411005-d773da635185/411005.pdf	1	1958 | JBRS Originals	pdf	medium	reused_existing	2026-05-29T22:23:00.520225+00:00	
411019-551955e7ff53	551955e7ff5343c3abc5e5e1b531f4e323c1dc32097c25e28780580843cb6d09	411019.pdf	1142338	OBI_LIBRARY_ROOT:Thematic/Burmese/Burma JBRS/JBRS Originals/411019.pdf	OBI_LIBRARY_ROOT:Thematic/Burmese/Burma JBRS/JBRS Originals/411019.pdf	data/local/bibliography_sources/411019-551955e7ff53/411019.pdf	0	JBRS Originals	pdf	medium	reused_existing	2026-05-29T22:23:00.519975+00:00	
411037-3f71aba3b9b4	3f71aba3b9b474a426885618b4f4aceefc377e67cb78c21cef2e9b70149ba623	411037.pdf	665208	OBI_LIBRARY_ROOT:Thematic/Burmese/Burma JBRS/JBRS Originals/411037.pdf	OBI_LIBRARY_ROOT:Thematic/Burmese/Burma JBRS/1958/SocialLife-ThanTun1958.pdf | OBI_LIBRARY_ROOT:Thematic/Burmese/Burma JBRS/JBRS Originals/411037.pdf	data/local/bibliography_sources/411037-3f71aba3b9b4/411037.pdf	1	1958 | JBRS Originals	pdf	medium	reused_existing	2026-05-29T22:23:00.519851+00:00	
411048-bbc7bf106580	bbc7bf106580bbdb0a9a4fc4246da0232eee246a9da88f538fa77dc3ffe26d6d	411048.pdf	244871	OBI_LIBRARY_ROOT:Thematic/Burmese/Burma JBRS/JBRS Originals/411048.pdf	OBI_LIBRARY_ROOT:Thematic/Burmese/Burma JBRS/1958/Uranium_BaShein1958.pdf | OBI_LIBRARY_ROOT:Thematic/Burmese/Burma JBRS/JBRS Originals/411048.pdf	data/local/bibliography_sources/411048-bbc7bf106580/411048.pdf	1	1958 | JBRS Originals	pdf	medium	reused_existing	2026-05-29T22:23:00.519729+00:00	
411053-f1b89afebba3	f1b89afebba3604f79c4469853ac5e0a3f13644ceafc4068665d3f2abffbdc24	411053.pdf	594209	OBI_LIBRARY_ROOT:Thematic/Burmese/Burma JBRS/1958/411053.pdf	OBI_LIBRARY_ROOT:Thematic/Burmese/Burma JBRS/1958/411053.pdf | OBI_LIBRARY_ROOT:Thematic/Burmese/Burma JBRS/JBRS Originals/411053.pdf	data/local/bibliography_sources/411053-f1b89afebba3/411053.pdf	1	1958 | JBRS Originals	pdf	medium	reused_existing	2026-05-29T22:23:00.519598+00:00	
411065-98c2d854333e	98c2d854333e56979ff5acdda9819614f727510f31fd48a415b53d8d41a7cf9e	411065.pdf	610006	OBI_LIBRARY_ROOT:Thematic/Burmese/Burma JBRS/1958/411065.pdf	OBI_LIBRARY_ROOT:Thematic/Burmese/Burma JBRS/1958/411065.pdf | OBI_LIBRARY_ROOT:Thematic/Burmese/Burma JBRS/JBRS Originals/411065.pdf	data/local/bibliography_sources/411065-98c2d854333e/411065.pdf	1	1958 | JBRS Originals	pdf	medium	reused_existing	2026-05-29T22:23:00.519476+00:00	
411076-6d84457ee38b	6d84457ee38b37c2d8c3b2730a4b6715b8f0875095e81c3f2802a4743629f922	411076.pdf	409242	OBI_LIBRARY_ROOT:Thematic/Burmese/Burma JBRS/1958/411076.pdf	OBI_LIBRARY_ROOT:Thematic/Burmese/Burma JBRS/1958/411076.pdf | OBI_LIBRARY_ROOT:Thematic/Burmese/Burma JBRS/JBRS Originals/411076.pdf	data/local/bibliography_sources/411076-6d84457ee38b/411076.pdf	1	1958 | JBRS Originals	pdf	medium	reused_existing	2026-05-29T22:23:00.519333+00:00	
411083-a01be7abc60d	a01be7abc60df5c868e5a929ccdd4d7ff353b8cc1150e00c2e28029c9c817492	411083.pdf	779542	OBI_LIBRARY_ROOT:Thematic/Burmese/Burma JBRS/JBRS Originals/411083.pdf	OBI_LIBRARY_ROOT:Thematic/Burmese/Burma JBRS/1958/ReportFieldworkHmawza-NyiNyi-et-al1958.pdf | OBI_LIBRARY_ROOT:Thematic/Burmese/Burma JBRS/JBRS Originals/411083.pdf	data/local/bibliography_sources/411083-a01be7abc60d/411083.pdf	1	1958 | JBRS Originals	pdf	medium	reused_existing	2026-05-29T22:23:00.519216+00:00	
411100-08d64097dd3b	08d64097dd3bdda78d4f798f775b772050cfb4b437dc7ae58c6ce12436fc7ac5	411100.pdf	330358	OBI_LIBRARY_ROOT:Thematic/Burmese/Burma JBRS/1958/411100.pdf	OBI_LIBRARY_ROOT:Thematic/Burmese/Burma JBRS/1958/411100.pdf | OBI_LIBRARY_ROOT:Thematic/Burmese/Burma JBRS/JBRS Originals/411100.pdf	data/local/bibliography_sources/411100-08d64097dd3b/411100.pdf	1	1958 | JBRS Originals	pdf	medium	reused_existing	2026-05-29T22:23:00.519067+00:00	
421001-78634f673824	78634f67382458be129146315c2c3888d7311291ab4c0ab9deb43fdd588b4c74	421001.pdf	814826	OBI_LIBRARY_ROOT:Thematic/Burmese/Burma JBRS/JBRS Originals/421001.pdf	OBI_LIBRARY_ROOT:Thematic/Burmese/Burma JBRS/JBRS Originals/421001.pdf	data/local/bibliography_sources/421001-78634f673824/421001.pdf	0	JBRS Originals	pdf	medium	reused_existing	2026-05-29T22:23:00.518897+00:00	
421019-b6f75c553e35	b6f75c553e354ca05394eb74fa0e029ba28a81dc1799029f78259709b0940aa6	421019.pdf	793305	OBI_LIBRARY_ROOT:Thematic/Burmese/Burma JBRS/JBRS Originals/421019.pdf	OBI_LIBRARY_ROOT:Thematic/Burmese/Burma JBRS/1959/ChinHillsLinguisticTour-Luce1959.pdf | OBI_LIBRARY_ROOT:Thematic/Burmese/Burma JBRS/JBRS Originals/421019.pdf	data/local/bibliography_sources/421019-b6f75c553e35/421019.pdf	1	1959 | JBRS Originals	pdf	medium	reused_existing	2026-05-29T22:23:00.518734+00:00	
421032-8e176e037797	8e176e0377972156354a1d1bdeb8456ffac313b5ab0ecb540ddf29514cfadfc1	421032.pdf	1278128	OBI_LIBRARY_ROOT:Thematic/Burmese/Burma JBRS/JBRS Originals/421032.pdf	OBI_LIBRARY_ROOT:Thematic/Burmese/Burma JBRS/JBRS Originals/421032.pdf	data/local/bibliography_sources/421032-8e176e037797/421032.pdf	0	JBRS Originals	pdf	medium	reused_existing	2026-05-29T22:23:00.518582+00:00	
421052-c0135bc973cb	c0135bc973cb9a22a76947527ee7200e92c919dd1b8c63e2bdbe284f128ee3d7	421052.pdf	1291885	OBI_LIBRARY_ROOT:Thematic/Burmese/Burma JBRS/JBRS Originals/421052.pdf	OBI_LIBRARY_ROOT:Thematic/Burmese/Burma JBRS/1959/NotesPeopleBurma-Luce1959.pdf | OBI_LIBRARY_ROOT:Thematic/Burmese/Burma JBRS/JBRS Originals/421052.pdf	data/local/bibliography_sources/421052-c0135bc973cb/421052.pdf	1	1959 | JBRS Originals	pdf	medium	reused_existing	2026-05-29T22:23:00.518253+00:00	
421075-bc9ae929dc52	bc9ae929dc52b0b01dd8940f8b1879c8d217dc2212981b281a192d3bc2621996	421075.pdf	2131426	OBI_LIBRARY_ROOT:Thematic/Burmese/Burma JBRS/JBRS Originals/421075.pdf	OBI_LIBRARY_ROOT:Thematic/Burmese/Burma JBRS/JBRS Originals/421075.pdf	data/local/bibliography_sources/421075-bc9ae929dc52/421075.pdf	0	JBRS Originals	pdf	medium	reused_existing	2026-05-29T22:23:00.518056+00:00	
421113-ad983c94133a	ad983c94133a4361408e8f28a68bc0eb5db80555d7254808338cda7a0ddac34f	421113.pdf	311568	OBI_LIBRARY_ROOT:Thematic/Burmese/Burma JBRS/1959/421113.pdf	OBI_LIBRARY_ROOT:Thematic/Burmese/Burma JBRS/1959/421113.pdf | OBI_LIBRARY_ROOT:Thematic/Burmese/Burma JBRS/JBRS Originals/421113.pdf	data/local/bibliography_sources/421113-ad983c94133a/421113.pdf	1	1959 | JBRS Originals	pdf	medium	reused_existing	2026-05-29T22:23:00.517937+00:00	
421119-cf259f48e2cf	cf259f48e2cf967763734831f5484d0c9b5bbd5b04f83ec8142876d92d79f902	421119.pdf	59817	OBI_LIBRARY_ROOT:Thematic/Burmese/Burma JBRS/1959/421119.pdf	OBI_LIBRARY_ROOT:Thematic/Burmese/Burma JBRS/1959/421119.pdf | OBI_LIBRARY_ROOT:Thematic/Burmese/Burma JBRS/JBRS Originals/421119.pdf	data/local/bibliography_sources/421119-cf259f48e2cf/421119.pdf	1	1959 | JBRS Originals	pdf	medium	reused_existing	2026-05-29T22:23:00.517816+00:00	
422001-5e810cab8296	5e810cab8296f6f8e2e9414668b936a4d4c89cd2e3344ca3aa2364a4a608a949	422001.pdf	362816	OBI_LIBRARY_ROOT:Thematic/Burmese/Burma JBRS/1959/422001.pdf	OBI_LIBRARY_ROOT:Thematic/Burmese/Burma JBRS/1959/422001.pdf | OBI_LIBRARY_ROOT:Thematic/Burmese/Burma JBRS/JBRS Originals/422001.pdf	data/local/bibliography_sources/422001-5e810cab8296/422001.pdf	1	1959 | JBRS Originals	pdf	medium	reused_existing	2026-05-29T22:23:00.517690+00:00	
422009-7de21769fb48	7de21769fb489b8bdf1d8ec14b8cbead879ee80077624d0abc20610b2733abc7	422009.pdf	226714	OBI_LIBRARY_ROOT:Thematic/Burmese/Burma JBRS/JBRS Originals/422009.pdf	OBI_LIBRARY_ROOT:Thematic/Burmese/Burma JBRS/1959/Ricebran_BaHli1959.pdf | OBI_LIBRARY_ROOT:Thematic/Burmese/Burma JBRS/JBRS Originals/422009.pdf	data/local/bibliography_sources/422009-7de21769fb48/422009.pdf	1	1959 | JBRS Originals	pdf	medium	reused_existing	2026-05-29T22:23:00.517566+00:00	
422015-2a74aef63ebf	2a74aef63ebf95b9666acc2025e32c65b59549abe6a482886c5bf07201e9c4da	422015.pdf	589684	OBI_LIBRARY_ROOT:Thematic/Burmese/Burma JBRS/JBRS Originals/422015.pdf	OBI_LIBRARY_ROOT:Thematic/Burmese/Burma JBRS/1959/MauriceCollis-Novakova1959.pdf | OBI_LIBRARY_ROOT:Thematic/Burmese/Burma JBRS/JBRS Originals/422015.pdf	data/local/bibliography_sources/422015-2a74aef63ebf/422015.pdf	1	1959 | JBRS Originals	pdf	medium	reused_existing	2026-05-29T22:23:00.517401+00:00	
422025-fc33f21c9bb7	fc33f21c9bb7172ffcb2e7b6cfb7caf46df5f0c639cffc43616900fdfd5fb5c1	422025.pdf	131694	OBI_LIBRARY_ROOT:Thematic/Burmese/Burma JBRS/1959/422025.pdf	OBI_LIBRARY_ROOT:Thematic/Burmese/Burma JBRS/1959/422025.pdf | OBI_LIBRARY_ROOT:Thematic/Burmese/Burma JBRS/JBRS Originals/422025.pdf	data/local/bibliography_sources/422025-fc33f21c9bb7/422025.pdf	1	1959 | JBRS Originals	pdf	medium	reused_existing	2026-05-29T22:23:00.517269+00:00	
422029-a2bdb6cadccc	a2bdb6cadcccb2305a4064d40e5db094e76a05bb3b859286dc8a0593b63b9c31	422029.pdf	107162	OBI_LIBRARY_ROOT:Thematic/Burmese/Burma JBRS/1959/422029.pdf	OBI_LIBRARY_ROOT:Thematic/Burmese/Burma JBRS/1959/422029.pdf | OBI_LIBRARY_ROOT:Thematic/Burmese/Burma JBRS/JBRS Originals/422029.pdf	data/local/bibliography_sources/422029-a2bdb6cadccc/422029.pdf	1	1959 | JBRS Originals	pdf	medium	reused_existing	2026-05-29T22:23:00.517150+00:00	
422031-f5a35f4d6a68	f5a35f4d6a68a35727329b9fa20552aae0ccd843e1821247ec1456c7a828758c	422031.pdf	714479	OBI_LIBRARY_ROOT:Thematic/Burmese/Burma JBRS/1959/422031.pdf	OBI_LIBRARY_ROOT:Thematic/Burmese/Burma JBRS/1959/422031.pdf | OBI_LIBRARY_ROOT:Thematic/Burmese/Burma JBRS/JBRS Originals/422031.pdf	data/local/bibliography_sources/422031-f5a35f4d6a68/422031.pdf	1	1959 | JBRS Originals	pdf	medium	reused_existing	2026-05-29T22:23:00.517025+00:00	
422041-4570ce56de9f	4570ce56de9fac9bdf104f7e01634d1c3c0cce30eaeab5af531af2fc63f13b48	422041.pdf	367808	OBI_LIBRARY_ROOT:Thematic/Burmese/Burma JBRS/JBRS Originals/422041.pdf	OBI_LIBRARY_ROOT:Thematic/Burmese/Burma JBRS/JBRS Originals/422041.pdf	data/local/bibliography_sources/422041-4570ce56de9f/422041.pdf	0	JBRS Originals	pdf	medium	reused_existing	2026-05-29T22:23:00.516897+00:00	
422047-621eac2106f0	621eac2106f01e7cc59cf99f983c2f4ecdd93295429f89a233ece646dddda66b	422047.pdf	1452559	OBI_LIBRARY_ROOT:Thematic/Burmese/Burma JBRS/JBRS Originals/422047.pdf	OBI_LIBRARY_ROOT:Thematic/Burmese/Burma JBRS/1959/ReligionBurma-ThanTun1959.pdf | OBI_LIBRARY_ROOT:Thematic/Burmese/Burma JBRS/JBRS Originals/422047.pdf	data/local/bibliography_sources/422047-621eac2106f0/422047.pdf	1	1959 | JBRS Originals	pdf	medium	reused_existing	2026-05-29T22:23:00.516598+00:00	
422071-541d6fcebe8b	541d6fcebe8b7565eb42a0b4323e692392f4994c0ef9ffe095ee1d115f5eaa59	422071.pdf	629244	OBI_LIBRARY_ROOT:Thematic/Burmese/Burma JBRS/JBRS Originals/422071.pdf	OBI_LIBRARY_ROOT:Thematic/Burmese/Burma JBRS/1959/ReligiousBuildings-ThanTun1959.pdf | OBI_LIBRARY_ROOT:Thematic/Burmese/Burma JBRS/JBRS Originals/422071.pdf	data/local/bibliography_sources/422071-541d6fcebe8b/422071.pdf	1	1959 | JBRS Originals	pdf	medium	reused_existing	2026-05-29T22:23:00.516211+00:00	
422081-2a7b8e2e826b	2a7b8e2e826b20c6291b0c2bcdc298e52fbcf16708942702337a2c7ea11068e2	422081.pdf	1212446	OBI_LIBRARY_ROOT:Thematic/Burmese/Burma JBRS/JBRS Originals/422081.pdf	OBI_LIBRARY_ROOT:Thematic/Burmese/Burma JBRS/1959/Mahakassapa-ThanTun1959.pdf | OBI_LIBRARY_ROOT:Thematic/Burmese/Burma JBRS/JBRS Originals/422081.pdf	data/local/bibliography_sources/422081-2a7b8e2e826b/422081.pdf	1	1959 | JBRS Originals	pdf	medium	reused_existing	2026-05-29T22:23:00.515783+00:00	
422099-f8f7b0f9ae8e	f8f7b0f9ae8e928a5aad2f28f49357352a4615a517364849cc1cd41653ae04d4	422099.pdf	1317043	OBI_LIBRARY_ROOT:Thematic/Burmese/Burma JBRS/JBRS Originals/422099.pdf	OBI_LIBRARY_ROOT:Thematic/Burmese/Burma JBRS/1959/Mahakassapa2-ThanTun1959.pdf | OBI_LIBRARY_ROOT:Thematic/Burmese/Burma JBRS/JBRS Originals/422099.pdf	data/local/bibliography_sources/422099-f8f7b0f9ae8e/422099.pdf	1	1959 | JBRS Originals	pdf	medium	reused_existing	2026-05-29T22:23:00.515525+00:00	
422119-7ad68f50e98e	7ad68f50e98e8b999e11fdcc8e6bfe81ccb8443913a72619f64576f80ae5360a	422119.pdf	932562	OBI_LIBRARY_ROOT:Thematic/Burmese/Burma JBRS/JBRS Originals/422119.pdf	OBI_LIBRARY_ROOT:Thematic/Burmese/Burma JBRS/1959/HistoryBurma-ThanTun1959.pdf | OBI_LIBRARY_ROOT:Thematic/Burmese/Burma JBRS/JBRS Originals/422119.pdf	data/local/bibliography_sources/422119-7ad68f50e98e/422119.pdf	1	1959 | JBRS Originals	pdf	medium	reused_existing	2026-05-29T22:23:00.515048+00:00	
422135-a8d2fafc8601	a8d2fafc860189f5ce9b4ce4e2a5dce77e9471ed9431f0998005c4cc6d99d1cf	422135.pdf	859082	OBI_LIBRARY_ROOT:Thematic/Burmese/Burma JBRS/JBRS Originals/422135.pdf	OBI_LIBRARY_ROOT:Thematic/Burmese/Burma JBRS/1959/HistoryBurma-2TinHlaThaw1959.pdf | OBI_LIBRARY_ROOT:Thematic/Burmese/Burma JBRS/JBRS Originals/422135.pdf	data/local/bibliography_sources/422135-a8d2fafc8601/422135.pdf	1	1959 | JBRS Originals	pdf	medium	reused_existing	2026-05-29T22:23:00.514328+00:00	
422153-83e8c8cc2395	83e8c8cc2395e54a6d80ea04c39846d3e94155c00e29f2cd494f46ef7844e5d9	422153.pdf	1324618	OBI_LIBRARY_ROOT:Thematic/Burmese/Burma JBRS/JBRS Originals/422153.pdf	OBI_LIBRARY_ROOT:Thematic/Burmese/Burma JBRS/JBRS Originals/422153.pdf	data/local/bibliography_sources/422153-83e8c8cc2395/422153.pdf	0	JBRS Originals	pdf	medium	reused_existing	2026-05-29T22:23:00.514118+00:00	
422171-edf2b4b41b24	edf2b4b41b24a374cc70f5bca85cb31ae969a4b84f5ec2b0e3e9d124aa37aecb	422171.pdf	975757	OBI_LIBRARY_ROOT:Thematic/Burmese/Burma JBRS/JBRS Originals/422171.pdf	OBI_LIBRARY_ROOT:Thematic/Burmese/Burma JBRS/1959/BurmeseKingshipMindon-Thaung1959.pdf | OBI_LIBRARY_ROOT:Thematic/Burmese/Burma JBRS/JBRS Originals/422171.pdf	data/local/bibliography_sources/422171-edf2b4b41b24/422171.pdf	1	1959 | JBRS Originals	pdf	medium	reused_existing	2026-05-29T22:23:00.513949+00:00	
431001-7a92ffb725a4	7a92ffb725a487d03eb7a6d99827f958280ef3042dd801cf249a964d1ada59a9	431001.pdf	628805	OBI_LIBRARY_ROOT:Thematic/Burmese/Burma JBRS/JBRS Originals/431001.pdf	OBI_LIBRARY_ROOT:Thematic/Burmese/Burma JBRS/1960/the-question-of-the-original-language-of-buddhism-jbrs.pdf | OBI_LIBRARY_ROOT:Thematic/Burmese/Burma JBRS/JBRS Originals/431001.pdf	data/local/bibliography_sources/431001-7a92ffb725a4/431001.pdf	1	1960 | JBRS Originals	pdf	medium	reused_existing	2026-05-29T22:23:00.513808+00:00	
431009-5fbe7ec1e1bc	5fbe7ec1e1bccc1b43e351dbbebf6e7edb869fe24c76d1bf76c6a27b8dd8a230	431009.pdf	516450	OBI_LIBRARY_ROOT:Thematic/Burmese/Burma JBRS/1960/431009.pdf	OBI_LIBRARY_ROOT:Thematic/Burmese/Burma JBRS/1960/431009.pdf | OBI_LIBRARY_ROOT:Thematic/Burmese/Burma JBRS/JBRS Originals/431009.pdf	data/local/bibliography_sources/431009-5fbe7ec1e1bc/431009.pdf	1	1960 | JBRS Originals	pdf	medium	reused_existing	2026-05-29T22:23:00.513656+00:00	
431017-53213468757c	53213468757c9a4492ae0d5a30f544c22bcc27c7997871c85f87bff6a95f160f	431017.pdf	360218	OBI_LIBRARY_ROOT:Thematic/Burmese/Burma JBRS/1960/431017.pdf	OBI_LIBRARY_ROOT:Thematic/Burmese/Burma JBRS/1960/431017.pdf | OBI_LIBRARY_ROOT:Thematic/Burmese/Burma JBRS/JBRS Originals/431017.pdf	data/local/bibliography_sources/431017-53213468757c/431017.pdf	1	1960 | JBRS Originals	pdf	medium	reused_existing	2026-05-29T22:23:00.513523+00:00	
431025-aa4c5e099860	aa4c5e0998605ec57bced31969dbacc2b01e600f2a712759ccf74bcf05ecea7d	431025.pdf	456004	OBI_LIBRARY_ROOT:Thematic/Burmese/Burma JBRS/1960/431025.pdf	OBI_LIBRARY_ROOT:Thematic/Burmese/Burma JBRS/1960/431025.pdf | OBI_LIBRARY_ROOT:Thematic/Burmese/Burma JBRS/JBRS Originals/431025.pdf	data/local/bibliography_sources/431025-aa4c5e099860/431025.pdf	1	1960 | JBRS Originals	pdf	medium	reused_existing	2026-05-29T22:23:00.513397+00:00	
431033-7adf80a37253	7adf80a37253d505b509b4276afe99ae700c755ea5d66047256d2a9c6d7ac700	431033.pdf	295992	OBI_LIBRARY_ROOT:Thematic/Burmese/Burma JBRS/1960/431033.pdf	OBI_LIBRARY_ROOT:Thematic/Burmese/Burma JBRS/1960/431033.pdf | OBI_LIBRARY_ROOT:Thematic/Burmese/Burma JBRS/JBRS Originals/431033.pdf	data/local/bibliography_sources/431033-7adf80a37253/431033.pdf	1	1960 | JBRS Originals	pdf	medium	reused_existing	2026-05-29T22:23:00.513274+00:00	
431037-79baa579e9e2	79baa579e9e2457bf8451657caba30bcb7e7c94c2904dd5f42f37fac29e8b248	431037.pdf	257535	OBI_LIBRARY_ROOT:Thematic/Burmese/Burma JBRS/JBRS Originals/431037.pdf	OBI_LIBRARY_ROOT:Thematic/Burmese/Burma JBRS/1960/RoleOfMasses_AngDvanNgu.pdf | OBI_LIBRARY_ROOT:Thematic/Burmese/Burma JBRS/JBRS Originals/431037.pdf	data/local/bibliography_sources/431037-79baa579e9e2/431037.pdf	1	1960 | JBRS Originals	pdf	medium	reused_existing	2026-05-29T22:23:00.513153+00:00	
431041-6fb537d44ba5	6fb537d44ba5937bd1f511ea284fea65beb5c9699c867a07c83d6661d4024a13	431041.pdf	786287	OBI_LIBRARY_ROOT:Thematic/Burmese/Burma JBRS/1960/431041.pdf	OBI_LIBRARY_ROOT:Thematic/Burmese/Burma JBRS/1960/431041.pdf | OBI_LIBRARY_ROOT:Thematic/Burmese/Burma JBRS/JBRS Originals/431041.pdf	data/local/bibliography_sources/431041-6fb537d44ba5/431041.pdf	1	1960 | JBRS Originals	pdf	medium	reused_existing	2026-05-29T22:23:00.513036+00:00	
431051-18165066370d	18165066370df97b29c35d00fd3e43091a9974f1514e522ea948690063c97384	431051.pdf	325557	OBI_LIBRARY_ROOT:Thematic/Burmese/Burma JBRS/JBRS Originals/431051.pdf	OBI_LIBRARY_ROOT:Thematic/Burmese/Burma JBRS/JBRS Originals/431051.pdf	data/local/bibliography_sources/431051-18165066370d/431051.pdf	0	JBRS Originals	pdf	medium	reused_existing	2026-05-29T22:23:00.512913+00:00	
431057-8f9f2a31cbac	8f9f2a31cbac4956ab2b50700be0c98767329cb19cebd84277e0fa42b77cdcef	431057.pdf	311437	OBI_LIBRARY_ROOT:Thematic/Burmese/Burma JBRS/1960/431057.pdf	OBI_LIBRARY_ROOT:Thematic/Burmese/Burma JBRS/1960/431057.pdf | OBI_LIBRARY_ROOT:Thematic/Burmese/Burma JBRS/JBRS Originals/431057.pdf	data/local/bibliography_sources/431057-8f9f2a31cbac/431057.pdf	1	1960 | JBRS Originals	pdf	medium	reused_existing	2026-05-29T22:23:00.512776+00:00	
431063-fdfd52e2bdbe	fdfd52e2bdbec6f0a00637ab210f0cb195131e03ae3da63cad00c8d2de6db42b	431063.pdf	264379	OBI_LIBRARY_ROOT:Thematic/Burmese/Burma JBRS/JBRS Originals/431063.pdf	OBI_LIBRARY_ROOT:Thematic/Burmese/Burma JBRS/1960/ChiangmaiImage-Kraisri1960.pdf | OBI_LIBRARY_ROOT:Thematic/Burmese/Burma JBRS/JBRS Originals/431063.pdf	data/local/bibliography_sources/431063-fdfd52e2bdbe/431063.pdf	1	1960 | JBRS Originals	pdf	medium	reused_existing	2026-05-29T22:23:00.512647+00:00	
431067-a56e0ed7db80	a56e0ed7db800cce4e1cf2f99e9067895a32a8273577f7486d234598db9f4e5d	431067.pdf	193780	OBI_LIBRARY_ROOT:Thematic/Burmese/Burma JBRS/1960/431067.pdf	OBI_LIBRARY_ROOT:Thematic/Burmese/Burma JBRS/1960/431067.pdf | OBI_LIBRARY_ROOT:Thematic/Burmese/Burma JBRS/JBRS Originals/431067.pdf	data/local/bibliography_sources/431067-a56e0ed7db80/431067.pdf	1	1960 | JBRS Originals	pdf	medium	reused_existing	2026-05-29T22:23:00.512508+00:00	
431073-343ef2f180d9	343ef2f180d92952dd92dbf96bcfd37b1867bf735c66baea8bcd1b4d2ed7f5a3	431073.pdf	596378	OBI_LIBRARY_ROOT:Thematic/Burmese/Burma JBRS/1960/431073.pdf	OBI_LIBRARY_ROOT:Thematic/Burmese/Burma JBRS/1960/431073.pdf | OBI_LIBRARY_ROOT:Thematic/Burmese/Burma JBRS/JBRS Originals/431073.pdf	data/local/bibliography_sources/431073-343ef2f180d9/431073.pdf	1	1960 | JBRS Originals	pdf	medium	reused_existing	2026-05-29T22:23:00.512382+00:00	
431083-5967f58badde	5967f58badde7522b74bcafa3ec1cc8f4d3d5e47d86514089008a01e758e207f	431083.pdf	453292	OBI_LIBRARY_ROOT:Thematic/Burmese/Burma JBRS/JBRS Originals/431083.pdf	OBI_LIBRARY_ROOT:Thematic/Burmese/Burma JBRS/1960/ShanFolktales-Saimong1960.pdf | OBI_LIBRARY_ROOT:Thematic/Burmese/Burma JBRS/JBRS Originals/431083.pdf	data/local/bibliography_sources/431083-5967f58badde/431083.pdf	1	1960 | JBRS Originals	pdf	medium	reused_existing	2026-05-29T22:23:00.512264+00:00	
431091-3d36d6ccf5b8	3d36d6ccf5b8806984894ebdde3f83f4441adfd0f7a9c1bc0b2f914de0a928a4	431091.pdf	153987	OBI_LIBRARY_ROOT:Thematic/Burmese/Burma JBRS/1960/431091.pdf	OBI_LIBRARY_ROOT:Thematic/Burmese/Burma JBRS/1960/431091.pdf | OBI_LIBRARY_ROOT:Thematic/Burmese/Burma JBRS/JBRS Originals/431091.pdf	data/local/bibliography_sources/431091-3d36d6ccf5b8/431091.pdf	1	1960 | JBRS Originals	pdf	medium	reused_existing	2026-05-29T22:23:00.512139+00:00	
432001-f6a30b5c99c0	f6a30b5c99c0baac0163823c27361e0d343800063d6ff6eb623acb660757e4da	432001.pdf	558705	OBI_LIBRARY_ROOT:Thematic/Burmese/Burma JBRS/JBRS Originals/432001.pdf	OBI_LIBRARY_ROOT:Thematic/Burmese/Burma JBRS/1960/Pemberton1839Journey-Hall1960.pdf | OBI_LIBRARY_ROOT:Thematic/Burmese/Burma JBRS/JBRS Originals/432001.pdf	data/local/bibliography_sources/432001-f6a30b5c99c0/432001.pdf	1	1960 | JBRS Originals	pdf	medium	reused_existing	2026-05-29T22:23:00.511993+00:00	
441001-e77854107ba4	e77854107ba416378f987cd2fb4eeea5844e5c8b023ee64f1abf27f2fb54f362	441001.pdf	732933	OBI_LIBRARY_ROOT:Thematic/Burmese/Burma JBRS/JBRS Originals/441001.pdf	OBI_LIBRARY_ROOT:Thematic/Burmese/Burma JBRS/1961/NatrualSoda_inBurmese.pdf | OBI_LIBRARY_ROOT:Thematic/Burmese/Burma JBRS/JBRS Originals/441001.pdf	data/local/bibliography_sources/441001-e77854107ba4/441001.pdf	1	1961 | JBRS Originals	pdf	medium	reused_existing	2026-05-29T22:23:00.511870+00:00	
441013-73e5fab1fe07	73e5fab1fe07cd73a5258a8c979d563b704e231e633ae43066a0a125e0151510	441013.pdf	1008098	OBI_LIBRARY_ROOT:Thematic/Burmese/Burma JBRS/1961/441013.pdf	OBI_LIBRARY_ROOT:Thematic/Burmese/Burma JBRS/1961/441013.pdf | OBI_LIBRARY_ROOT:Thematic/Burmese/Burma JBRS/JBRS Originals/441013.pdf	data/local/bibliography_sources/441013-73e5fab1fe07/441013.pdf	1	1961 | JBRS Originals	pdf	medium	reused_existing	2026-05-29T22:23:00.511742+00:00	
441025-49da8fd77e36	49da8fd77e361ae98405e87648d62f136a84d4c5d244717beec3e4e3b44ae044	441025.pdf	991452	OBI_LIBRARY_ROOT:Thematic/Burmese/Burma JBRS/1961/441025.pdf	OBI_LIBRARY_ROOT:Thematic/Burmese/Burma JBRS/1961/441025.pdf | OBI_LIBRARY_ROOT:Thematic/Burmese/Burma JBRS/JBRS Originals/441025.pdf	data/local/bibliography_sources/441025-49da8fd77e36/441025.pdf	1	1961 | JBRS Originals	pdf	medium	reused_existing	2026-05-29T22:23:00.511614+00:00	
441035-414bda68ceea	414bda68ceea83115d3835a916d798d876e9f68e7e3f78918ae3e84da7150cfd	441035.pdf	530701	OBI_LIBRARY_ROOT:Thematic/Burmese/Burma JBRS/1961/441035.pdf	OBI_LIBRARY_ROOT:Thematic/Burmese/Burma JBRS/1961/441035.pdf | OBI_LIBRARY_ROOT:Thematic/Burmese/Burma JBRS/JBRS Originals/441035.pdf	data/local/bibliography_sources/441035-414bda68ceea/441035.pdf	1	1961 | JBRS Originals	pdf	medium	reused_existing	2026-05-29T22:23:00.511485+00:00	
441043-04396fc0d3de	04396fc0d3de6e7dfb284eb8d2851277129fc2f1c368f11ef2a14c4bd558b111	441043.pdf	1281983	OBI_LIBRARY_ROOT:Thematic/Burmese/Burma JBRS/1961/441043.pdf	OBI_LIBRARY_ROOT:Thematic/Burmese/Burma JBRS/1961/441043.pdf | OBI_LIBRARY_ROOT:Thematic/Burmese/Burma JBRS/JBRS Originals/441043.pdf	data/local/bibliography_sources/441043-04396fc0d3de/441043.pdf	1	1961 | JBRS Originals	pdf	medium	reused_existing	2026-05-29T22:23:00.511353+00:00	
441061-b50010eec7e9	b50010eec7e90c4ae887af73e7eefc0ba36038bc7184783f5069c1c83668f6a8	441061.pdf	1615447	OBI_LIBRARY_ROOT:Thematic/Burmese/Burma JBRS/1961/441061.pdf	OBI_LIBRARY_ROOT:Thematic/Burmese/Burma JBRS/1961/441061.pdf | OBI_LIBRARY_ROOT:Thematic/Burmese/Burma JBRS/JBRS Originals/441061.pdf	data/local/bibliography_sources/441061-b50010eec7e9/441061.pdf	1	1961 | JBRS Originals	pdf	medium	reused_existing	2026-05-29T22:23:00.511223+00:00	
441081-7324d4a0404b	7324d4a0404b36266f8a0d01775bc8018c30fb1cc50ed40afb098a696ef562c1	441081.pdf	246243	OBI_LIBRARY_ROOT:Thematic/Burmese/Burma JBRS/1961/441081.pdf	OBI_LIBRARY_ROOT:Thematic/Burmese/Burma JBRS/1961/441081.pdf | OBI_LIBRARY_ROOT:Thematic/Burmese/Burma JBRS/JBRS Originals/441081.pdf	data/local/bibliography_sources/441081-7324d4a0404b/441081.pdf	1	1961 | JBRS Originals	pdf	medium	reused_existing	2026-05-29T22:23:00.511099+00:00	
441085-39e427a48df4	39e427a48df44f579e850aad7315e9c6848b76a59344a9a6cb8d6d3c8b9558dc	441085.pdf	3619080	OBI_LIBRARY_ROOT:Thematic/Burmese/Burma JBRS/1961/441085.pdf	OBI_LIBRARY_ROOT:Thematic/Burmese/Burma JBRS/1961/441085.pdf | OBI_LIBRARY_ROOT:Thematic/Burmese/Burma JBRS/JBRS Originals/441085.pdf	data/local/bibliography_sources/441085-39e427a48df4/441085.pdf	1	1961 | JBRS Originals	pdf	medium	reused_existing	2026-05-29T22:23:00.510975+00:00	
442141-fb0badfa4996	fb0badfa499645b252515170c411a528da56af03a06641e2db15746845c90e5c	442141.pdf	1829269	OBI_LIBRARY_ROOT:Thematic/Burmese/Burma JBRS/1961/442141.pdf	OBI_LIBRARY_ROOT:Thematic/Burmese/Burma JBRS/1961/442141.pdf | OBI_LIBRARY_ROOT:Thematic/Burmese/Burma JBRS/JBRS Originals/442141.pdf	data/local/bibliography_sources/442141-fb0badfa4996/442141.pdf	1	1961 | JBRS Originals	pdf	medium	reused_existing	2026-05-29T22:23:00.510846+00:00	
442165-eca728e8af14	eca728e8af141628c1fa6dacbfbed1ddd02b081dfe3fece852785fbd00b0fcc5	442165.pdf	1191976	OBI_LIBRARY_ROOT:Thematic/Burmese/Burma JBRS/1961/442165.pdf	OBI_LIBRARY_ROOT:Thematic/Burmese/Burma JBRS/1961/442165.pdf | OBI_LIBRARY_ROOT:Thematic/Burmese/Burma JBRS/JBRS Originals/442165.pdf	data/local/bibliography_sources/442165-eca728e8af14/442165.pdf	1	1961 | JBRS Originals	pdf	medium	reused_existing	2026-05-29T22:23:00.510726+00:00	
442183-cee44d27f9df	cee44d27f9dfb2f42939b75cbc16c0f12307730c34ffdc46a7fba49bf2f6d24f	442183.pdf	875426	OBI_LIBRARY_ROOT:Thematic/Burmese/Burma JBRS/1961/442183.pdf	OBI_LIBRARY_ROOT:Thematic/Burmese/Burma JBRS/1961/442183.pdf | OBI_LIBRARY_ROOT:Thematic/Burmese/Burma JBRS/JBRS Originals/442183.pdf	data/local/bibliography_sources/442183-cee44d27f9df/442183.pdf	1	1961 | JBRS Originals	pdf	medium	reused_existing	2026-05-29T22:23:00.510603+00:00	
442197-a73553293f2b	a73553293f2b8ee5c619891b2faac7b437a4c3dd763883244aeee644d9e3806f	442197.pdf	1565279	OBI_LIBRARY_ROOT:Thematic/Burmese/Burma JBRS/1961/442197.pdf	OBI_LIBRARY_ROOT:Thematic/Burmese/Burma JBRS/1961/442197.pdf | OBI_LIBRARY_ROOT:Thematic/Burmese/Burma JBRS/JBRS Originals/442197.pdf	data/local/bibliography_sources/442197-a73553293f2b/442197.pdf	1	1961 | JBRS Originals	pdf	medium	reused_existing	2026-05-29T22:23:00.510481+00:00	
442225-b3944aa9ea09	b3944aa9ea091948338c902d915822ed548c665b41ad5eb790fe57ab87a25c89	442225.pdf	537695	OBI_LIBRARY_ROOT:Thematic/Burmese/Burma JBRS/1961/442225.pdf	OBI_LIBRARY_ROOT:Thematic/Burmese/Burma JBRS/1961/442225.pdf | OBI_LIBRARY_ROOT:Thematic/Burmese/Burma JBRS/JBRS Originals/442225.pdf	data/local/bibliography_sources/442225-b3944aa9ea09/442225.pdf	1	1961 | JBRS Originals	pdf	medium	reused_existing	2026-05-29T22:23:00.510357+00:00	
442237-70b3bf49579b	70b3bf49579b96f5e8001a9fa6a9f8857a7419c8f7751866fbaf94def2eca239	442237.pdf	580529	OBI_LIBRARY_ROOT:Thematic/Burmese/Burma JBRS/1961/442237.pdf	OBI_LIBRARY_ROOT:Thematic/Burmese/Burma JBRS/1961/442237.pdf | OBI_LIBRARY_ROOT:Thematic/Burmese/Burma JBRS/JBRS Originals/442237.pdf	data/local/bibliography_sources/442237-70b3bf49579b/442237.pdf	1	1961 | JBRS Originals	pdf	medium	reused_existing	2026-05-29T22:23:00.510223+00:00	
442247-2be89e8d2863	2be89e8d2863ad189bf52a453b3eb70bb9aee3786aace3493e78de4bde792574	442247.pdf	3711393	OBI_LIBRARY_ROOT:Thematic/Burmese/Burma JBRS/1961/442247.pdf	OBI_LIBRARY_ROOT:Thematic/Burmese/Burma JBRS/1961/442247.pdf | OBI_LIBRARY_ROOT:Thematic/Burmese/Burma JBRS/JBRS Originals/442247.pdf	data/local/bibliography_sources/442247-2be89e8d2863/442247.pdf	1	1961 | JBRS Originals	pdf	medium	reused_existing	2026-05-29T22:23:00.510098+00:00	
442297-266453b9071f	266453b9071f69013516799d6d7a8fbaf9b4d26eff1c7f41697e2112ebed2e8c	442297.pdf	84172	OBI_LIBRARY_ROOT:Thematic/Burmese/Burma JBRS/1961/442297.pdf	OBI_LIBRARY_ROOT:Thematic/Burmese/Burma JBRS/1961/442297.pdf | OBI_LIBRARY_ROOT:Thematic/Burmese/Burma JBRS/JBRS Originals/442297.pdf	data/local/bibliography_sources/442297-266453b9071f/442297.pdf	1	1961 | JBRS Originals	pdf	medium	reused_existing	2026-05-29T22:23:00.509972+00:00	
442299-63b1e8ce706e	63b1e8ce706ec97e72a1716798543c5e9290826b0787c8ff96ceeba9a754be26	442299.pdf	97056	OBI_LIBRARY_ROOT:Thematic/Burmese/Burma JBRS/1961/442299.pdf	OBI_LIBRARY_ROOT:Thematic/Burmese/Burma JBRS/1961/442299.pdf | OBI_LIBRARY_ROOT:Thematic/Burmese/Burma JBRS/JBRS Originals/442299.pdf	data/local/bibliography_sources/442299-63b1e8ce706e/442299.pdf	1	1961 | JBRS Originals	pdf	medium	reused_existing	2026-05-29T22:23:00.509848+00:00	
442301-06d636206b45	06d636206b45b29dfb24acfb4a5b1441c97f94e42b9d34cffe2f4306194c71e9	442301.pdf	61429	OBI_LIBRARY_ROOT:Thematic/Burmese/Burma JBRS/JBRS Originals/442301.pdf	OBI_LIBRARY_ROOT:Thematic/Burmese/Burma JBRS/JBRS Originals/442301.pdf	data/local/bibliography_sources/442301-06d636206b45/442301.pdf	0	JBRS Originals	pdf	medium	reused_existing	2026-05-29T22:23:00.509713+00:00	
451001-dd76978a0c1a	dd76978a0c1aafa842d49b9601c13a00ad0f1d08806c32a3b0ce236fb947eec9	451001.pdf	309821	OBI_LIBRARY_ROOT:Thematic/Burmese/Burma JBRS/JBRS Originals/451001.pdf	OBI_LIBRARY_ROOT:Thematic/Burmese/Burma JBRS/1962/ProblemsLexicographer_BaHan1962.pdf | OBI_LIBRARY_ROOT:Thematic/Burmese/Burma JBRS/JBRS Originals/451001.pdf	data/local/bibliography_sources/451001-dd76978a0c1a/451001.pdf	1	1962 | JBRS Originals	pdf	medium	reused_existing	2026-05-29T22:23:00.509563+00:00	
451007-cc1e3f0605e9	cc1e3f0605e918d1797b866e133e0778ab5daf7f658baaff9be7f398dac102ec	451007.pdf	1180704	OBI_LIBRARY_ROOT:Thematic/Burmese/Burma JBRS/JBRS Originals/451007.pdf	OBI_LIBRARY_ROOT:Thematic/Burmese/Burma JBRS/JBRS Originals/451007.pdf	data/local/bibliography_sources/451007-cc1e3f0605e9/451007.pdf	0	JBRS Originals	pdf	medium	reused_existing	2026-05-29T22:23:00.509436+00:00	
451029-7467b232a54a	7467b232a54a6e9f0c52edff3df68e741df155544cc710534b1d7c1fb03cc798	451029.pdf	666320	OBI_LIBRARY_ROOT:Thematic/Burmese/Burma JBRS/1962/451029.pdf	OBI_LIBRARY_ROOT:Thematic/Burmese/Burma JBRS/1962/451029.pdf | OBI_LIBRARY_ROOT:Thematic/Burmese/Burma JBRS/JBRS Originals/451029.pdf	data/local/bibliography_sources/451029-7467b232a54a/451029.pdf	1	1962 | JBRS Originals	pdf	medium	reused_existing	2026-05-29T22:23:00.509308+00:00	
451041-4a9aa2fe898b	4a9aa2fe898b00338ee76e6a8656a3ccfc9a0cd2bf072312b0fc0a8a8ea66bd2	451041.pdf	316925	OBI_LIBRARY_ROOT:Thematic/Burmese/Burma JBRS/1962/451041.pdf	OBI_LIBRARY_ROOT:Thematic/Burmese/Burma JBRS/1962/451041.pdf | OBI_LIBRARY_ROOT:Thematic/Burmese/Burma JBRS/JBRS Originals/451041.pdf	data/local/bibliography_sources/451041-4a9aa2fe898b/451041.pdf	1	1962 | JBRS Originals	pdf	medium	reused_existing	2026-05-29T22:23:00.509184+00:00	
451049-4477549ee36b	4477549ee36b22cb1bcf30f9759c36f6547549a8334a99665b21fbb7c47607d5	451049.pdf	1700575	OBI_LIBRARY_ROOT:Thematic/Burmese/Burma JBRS/1962/451049.pdf	OBI_LIBRARY_ROOT:Thematic/Burmese/Burma JBRS/1962/451049.pdf | OBI_LIBRARY_ROOT:Thematic/Burmese/Burma JBRS/JBRS Originals/451049.pdf	data/local/bibliography_sources/451049-4477549ee36b/451049.pdf	1	1962 | JBRS Originals	pdf	medium	reused_existing	2026-05-29T22:23:00.509052+00:00	
451079-492ba7c3e673	492ba7c3e673d743d00c3b3b2fe40ca4681928211145e5ebd54074e571d2a13a	451079.pdf	679596	OBI_LIBRARY_ROOT:Thematic/Burmese/Burma JBRS/1962/451079.pdf	OBI_LIBRARY_ROOT:Thematic/Burmese/Burma JBRS/1962/451079.pdf | OBI_LIBRARY_ROOT:Thematic/Burmese/Burma JBRS/JBRS Originals/451079.pdf	data/local/bibliography_sources/451079-492ba7c3e673/451079.pdf	1	1962 | JBRS Originals	pdf	medium	reused_existing	2026-05-29T22:23:00.508919+00:00	
451091-60f0fa4586e9	60f0fa4586e9f4d93485f39009cbe385e05ececed59168cdbfa653df2c7cd6be	451091.pdf	1263549	OBI_LIBRARY_ROOT:Thematic/Burmese/Burma JBRS/1962/451091.pdf	OBI_LIBRARY_ROOT:Thematic/Burmese/Burma JBRS/1962/451091.pdf | OBI_LIBRARY_ROOT:Thematic/Burmese/Burma JBRS/JBRS Originals/451091.pdf	data/local/bibliography_sources/451091-60f0fa4586e9/451091.pdf	1	1962 | JBRS Originals	pdf	medium	reused_existing	2026-05-29T22:23:00.508792+00:00	
451109-14a5f41640a7	14a5f41640a724c8db4c6c5a0de2f925944f114717aa2f77bfddff0995732e26	451109.pdf	457484	OBI_LIBRARY_ROOT:Thematic/Burmese/Burma JBRS/1962/451109.pdf	OBI_LIBRARY_ROOT:Thematic/Burmese/Burma JBRS/1962/451109.pdf | OBI_LIBRARY_ROOT:Thematic/Burmese/Burma JBRS/JBRS Originals/451109.pdf	data/local/bibliography_sources/451109-14a5f41640a7/451109.pdf	1	1962 | JBRS Originals	pdf	medium	reused_existing	2026-05-29T22:23:00.508656+00:00	
452129-3e40dc0c5769	3e40dc0c5769b3b3eaedca0d0c1471657f46d759960459c8c532d7f5d46d1c22	452129.pdf	547033	OBI_LIBRARY_ROOT:Thematic/Burmese/Burma JBRS/1962/452129.pdf	OBI_LIBRARY_ROOT:Thematic/Burmese/Burma JBRS/1962/452129.pdf | OBI_LIBRARY_ROOT:Thematic/Burmese/Burma JBRS/JBRS Originals/452129.pdf	data/local/bibliography_sources/452129-3e40dc0c5769/452129.pdf	1	1962 | JBRS Originals	pdf	medium	reused_existing	2026-05-29T22:23:00.508533+00:00	
452137-c94f87ea513f	c94f87ea513f02326bb573248a854262202b3368020bfa25568d9e2e6f6e6e4a	452137.pdf	1642237	OBI_LIBRARY_ROOT:Thematic/Burmese/Burma JBRS/JBRS Originals/452137.pdf	OBI_LIBRARY_ROOT:Thematic/Burmese/Burma JBRS/JBRS Originals/452137.pdf	data/local/bibliography_sources/452137-c94f87ea513f/452137.pdf	0	JBRS Originals	pdf	medium	reused_existing	2026-05-29T22:23:00.508406+00:00	
452163-0f2d7695222c	0f2d7695222c477c38a9d8c513d3dcb925afef7b372d9e4293f4d070e647d3ef	452163.pdf	1288735	OBI_LIBRARY_ROOT:Thematic/Burmese/Burma JBRS/JBRS Originals/452163.pdf	OBI_LIBRARY_ROOT:Thematic/Burmese/Burma JBRS/1962/SittangValley-KhinMalay1962.pdf | OBI_LIBRARY_ROOT:Thematic/Burmese/Burma JBRS/JBRS Originals/452163.pdf	data/local/bibliography_sources/452163-0f2d7695222c/452163.pdf	1	1962 | JBRS Originals	pdf	medium	reused_existing	2026-05-29T22:23:00.508270+00:00	
452181-61f682f61b18	61f682f61b188efceab2d7e6985d89513e3c148d98654f839169f637a29fa3b2	452181.pdf	1012721	OBI_LIBRARY_ROOT:Thematic/Burmese/Burma JBRS/1962/452181.pdf	OBI_LIBRARY_ROOT:Thematic/Burmese/Burma JBRS/1962/452181.pdf | OBI_LIBRARY_ROOT:Thematic/Burmese/Burma JBRS/JBRS Originals/452181.pdf	data/local/bibliography_sources/452181-61f682f61b18/452181.pdf	1	1962 | JBRS Originals	pdf	medium	reused_existing	2026-05-29T22:23:00.508137+00:00	
452193-fc71a2164190	fc71a2164190b4f172e2afcef6d10da188db0bec1fb681fe76a3d9832d97fcf7	452193.pdf	741325	OBI_LIBRARY_ROOT:Thematic/Burmese/Burma JBRS/JBRS Originals/452193.pdf	OBI_LIBRARY_ROOT:Thematic/Burmese/Burma JBRS/1962/Huke-1962-changing-land-use-in-two-villages-in-kachin-state.pdf | OBI_LIBRARY_ROOT:Thematic/Burmese/Burma JBRS/JBRS Originals/452193.pdf	data/local/bibliography_sources/452193-fc71a2164190/452193.pdf	1	1962 | JBRS Originals	pdf	medium	reused_existing	2026-05-29T22:23:00.508004+00:00	
452205-b44cecfd7a83	b44cecfd7a83840990274537310e85ef307db2993ed9098c4ca89229fd24f52f	452205.pdf	283566	OBI_LIBRARY_ROOT:Thematic/Burmese/Burma JBRS/1962/452205.pdf	OBI_LIBRARY_ROOT:Thematic/Burmese/Burma JBRS/1962/452205.pdf | OBI_LIBRARY_ROOT:Thematic/Burmese/Burma JBRS/JBRS Originals/452205.pdf	data/local/bibliography_sources/452205-b44cecfd7a83/452205.pdf	1	1962 | JBRS Originals	pdf	medium	reused_existing	2026-05-29T22:23:00.507865+00:00	
452209-946ecb59ab89	946ecb59ab89708564756ed026be7d5d72e7189403870695f52e2fb218ff359f	452209.pdf	420704	OBI_LIBRARY_ROOT:Thematic/Burmese/Burma JBRS/JBRS Originals/452209.pdf	OBI_LIBRARY_ROOT:Thematic/Burmese/Burma JBRS/1962/OdysseyBurmeseType_Ba.pdf | OBI_LIBRARY_ROOT:Thematic/Burmese/Burma JBRS/JBRS Originals/452209.pdf	data/local/bibliography_sources/452209-946ecb59ab89/452209.pdf	1	1962 | JBRS Originals	pdf	medium	reused_existing	2026-05-29T22:23:00.507730+00:00	
461001-595b35f5e1c5	595b35f5e1c5089d0e2f8666286b88999373da8271e35d19142e1ddd834e42cd	461001.pdf	621113	OBI_LIBRARY_ROOT:Thematic/Burmese/Burma JBRS/JBRS Originals/461001.pdf	OBI_LIBRARY_ROOT:Thematic/Burmese/Burma JBRS/JBRS Originals/461001.pdf	data/local/bibliography_sources/461001-595b35f5e1c5/461001.pdf	0	JBRS Originals	pdf	medium	reused_existing	2026-05-29T22:23:00.507596+00:00	
461011-1b100ecd9943	1b100ecd99435b27af6d5034673e7e15378610bc7d4dfceccda84070dd49d0c5	461011.pdf	747111	OBI_LIBRARY_ROOT:Thematic/Burmese/Burma JBRS/JBRS Originals/461011.pdf	OBI_LIBRARY_ROOT:Thematic/Burmese/Burma JBRS/JBRS Originals/461011.pdf	data/local/bibliography_sources/461011-1b100ecd9943/461011.pdf	0	JBRS Originals	pdf	medium	reused_existing	2026-05-29T22:23:00.507463+00:00	
461027-87bba07f427d	87bba07f427daffd45ce10a26c73e87e6e17897d97158ef5b89fb681fc7e9647	461027.pdf	554664	OBI_LIBRARY_ROOT:Thematic/Burmese/Burma JBRS/1963/461027.pdf	OBI_LIBRARY_ROOT:Thematic/Burmese/Burma JBRS/1963/461027.pdf | OBI_LIBRARY_ROOT:Thematic/Burmese/Burma JBRS/JBRS Originals/461027.pdf	data/local/bibliography_sources/461027-87bba07f427d/461027.pdf	1	1963 | JBRS Originals	pdf	medium	reused_existing	2026-05-29T22:23:00.507337+00:00	
461035-b40362bf7b9f	b40362bf7b9fbcd4f868f4716027dfca71b85c4d6f132008abdbcecbc3ad94a8	461035.pdf	380839	OBI_LIBRARY_ROOT:Thematic/Burmese/Burma JBRS/JBRS Originals/461035.pdf	OBI_LIBRARY_ROOT:Thematic/Burmese/Burma JBRS/1963/AcidRice_BaHli1963.pdf | OBI_LIBRARY_ROOT:Thematic/Burmese/Burma JBRS/JBRS Originals/461035.pdf	data/local/bibliography_sources/461035-b40362bf7b9f/461035.pdf	1	1963 | JBRS Originals	pdf	medium	reused_existing	2026-05-29T22:23:00.507221+00:00	
461043-93e8161ba906	93e8161ba906f3eebb900b6df0eac0974c6bf9bf0d560363f5b1b9dbcfd51f0c	461043.pdf	536046	OBI_LIBRARY_ROOT:Thematic/Burmese/Burma JBRS/JBRS Originals/461043.pdf	OBI_LIBRARY_ROOT:Thematic/Burmese/Burma JBRS/1963/PaliBurmeseNissaya-TinLwin1963.pdf | OBI_LIBRARY_ROOT:Thematic/Burmese/Burma JBRS/JBRS Originals/461043.pdf	data/local/bibliography_sources/461043-93e8161ba906/461043.pdf	1	1963 | JBRS Originals	pdf	medium	reused_existing	2026-05-29T22:23:00.507098+00:00	
461053-e53f8eb6505d	e53f8eb6505d0d3fa2495e51e08b3771580084e87749abd92b545bfdc28d0b2a	461053.pdf	692606	OBI_LIBRARY_ROOT:Thematic/Burmese/Burma JBRS/1963/461053.pdf	OBI_LIBRARY_ROOT:Thematic/Burmese/Burma JBRS/1963/461053.pdf | OBI_LIBRARY_ROOT:Thematic/Burmese/Burma JBRS/JBRS Originals/461053.pdf	data/local/bibliography_sources/461053-e53f8eb6505d/461053.pdf	1	1963 | JBRS Originals	pdf	medium	reused_existing	2026-05-29T22:23:00.506974+00:00	
461065-e40976239b95	e40976239b95d1352e1a233a041940a1e5fdc7a5573bc0dcb17b3b06b02fe49c	461065.pdf	2374605	OBI_LIBRARY_ROOT:Thematic/Burmese/Burma JBRS/JBRS Originals/461065.pdf	OBI_LIBRARY_ROOT:Thematic/Burmese/Burma JBRS/1963/CentenaryRecall_Ba.pdf | OBI_LIBRARY_ROOT:Thematic/Burmese/Burma JBRS/JBRS Originals/461065.pdf	data/local/bibliography_sources/461065-e40976239b95/461065.pdf	1	1963 | JBRS Originals	pdf	medium	reused_existing	2026-05-29T22:23:00.506842+00:00	
461081-194d0ea9ee25	194d0ea9ee25766dd0cd1d0f1937f8ffa879d78aaa57b2131500f2cfeb556536	461081.pdf	1191637	OBI_LIBRARY_ROOT:Thematic/Burmese/Burma JBRS/1963/461081.pdf	OBI_LIBRARY_ROOT:Thematic/Burmese/Burma JBRS/1963/461081.pdf | OBI_LIBRARY_ROOT:Thematic/Burmese/Burma JBRS/JBRS Originals/461081.pdf	data/local/bibliography_sources/461081-194d0ea9ee25/461081.pdf	1	1963 | JBRS Originals	pdf	medium	reused_existing	2026-05-29T22:23:00.506712+00:00	
462001a-b74428bb5ebe	b74428bb5ebef6990790eaa26769c64f4e9aaba20a3e21191a753ae730d78191	462001A.pdf	2506783	OBI_LIBRARY_ROOT:Thematic/Burmese/Burma JBRS/JBRS Originals/462001A.pdf	OBI_LIBRARY_ROOT:Thematic/Burmese/Burma JBRS/1963/Education1-Kaung1963.pdf | OBI_LIBRARY_ROOT:Thematic/Burmese/Burma JBRS/JBRS Originals/462001A.pdf	data/local/bibliography_sources/462001a-b74428bb5ebe/462001A.pdf	1	1963 | JBRS Originals	pdf	medium	reused_existing	2026-05-29T22:23:00.506585+00:00	
462001b-95b416c36248	95b416c3624894b7717a2d2016adca83257ad562797ae9d0741891769fd209a4	462001B.pdf	2515784	OBI_LIBRARY_ROOT:Thematic/Burmese/Burma JBRS/JBRS Originals/462001B.pdf	OBI_LIBRARY_ROOT:Thematic/Burmese/Burma JBRS/1963/Education2-Kaung1963.pdf | OBI_LIBRARY_ROOT:Thematic/Burmese/Burma JBRS/JBRS Originals/462001B.pdf	data/local/bibliography_sources/462001b-95b416c36248/462001B.pdf	1	1963 | JBRS Originals	pdf	medium	reused_existing	2026-05-29T22:23:00.506461+00:00	
462001c-80146cae6b49	80146cae6b49f1dc993ac1d6e2e998df80a0167ed8148a7a80ba139c43499b9f	462001C.pdf	2254700	OBI_LIBRARY_ROOT:Thematic/Burmese/Burma JBRS/JBRS Originals/462001C.pdf	OBI_LIBRARY_ROOT:Thematic/Burmese/Burma JBRS/1963/Education3-Kaung1963.pdf | OBI_LIBRARY_ROOT:Thematic/Burmese/Burma JBRS/JBRS Originals/462001C.pdf	data/local/bibliography_sources/462001c-80146cae6b49/462001C.pdf	1	1963 | JBRS Originals	pdf	medium	reused_existing	2026-05-29T22:23:00.506317+00:00	
471001-ee68575fa6e0	ee68575fa6e00ccba5e12ca717f2540cd9687c2fa8cb2cfc4184a2108ef278dc	471001.pdf	145602	OBI_LIBRARY_ROOT:Thematic/Burmese/Burma JBRS/1964/471001.pdf	OBI_LIBRARY_ROOT:Thematic/Burmese/Burma JBRS/1964/471001.pdf | OBI_LIBRARY_ROOT:Thematic/Burmese/Burma JBRS/JBRS Originals/471001.pdf	data/local/bibliography_sources/471001-ee68575fa6e0/471001.pdf	1	1964 | JBRS Originals	pdf	medium	reused_existing	2026-05-29T22:23:00.506169+00:00	
471003-c00f27cb1283	c00f27cb12833fd2321465abdfff77eff59eea4e55e6a66976079f15059b62d1	471003.pdf	231736	OBI_LIBRARY_ROOT:Thematic/Burmese/Burma JBRS/JBRS Originals/471003.pdf	OBI_LIBRARY_ROOT:Thematic/Burmese/Burma JBRS/1964/SpiritismBurma_BaHan1964.pdf | OBI_LIBRARY_ROOT:Thematic/Burmese/Burma JBRS/JBRS Originals/471003.pdf	data/local/bibliography_sources/471003-c00f27cb1283/471003.pdf	1	1964 | JBRS Originals	pdf	medium	reused_existing	2026-05-29T22:23:00.506042+00:00	
471011-df6fe6f6901a	df6fe6f6901a7603fb6de11e676d144e68939fc1dbeff74c2bfec46d0ab16abc	471011.pdf	3704664	OBI_LIBRARY_ROOT:Thematic/Burmese/Burma JBRS/1964/471011.pdf	OBI_LIBRARY_ROOT:Thematic/Burmese/Burma JBRS/1964/471011.pdf	data/local/bibliography_sources/471011-df6fe6f6901a/471011.pdf	0	1964	pdf	medium	reused_existing	2026-05-29T22:23:00.505889+00:00	
471011-1c661ca9d2a1	1c661ca9d2a1d00cfd31c9daafb65f95d88a17fc6175ac7191b78abf3dd60331	471011.pdf	3704664	OBI_LIBRARY_ROOT:Thematic/Burmese/Burma JBRS/JBRS Originals/471011.pdf	OBI_LIBRARY_ROOT:Thematic/Burmese/Burma JBRS/JBRS Originals/471011.pdf	data/local/bibliography_sources/471011-1c661ca9d2a1/471011.pdf	0	JBRS Originals	pdf	medium	reused_existing	2026-05-29T22:23:00.505737+00:00	
471077-bd2e04154a28	bd2e04154a28f70b0fd1b3bb206508607fd2c098b23f9700ff9b30acb98045a0	471077.pdf	545536	OBI_LIBRARY_ROOT:Thematic/Burmese/Burma JBRS/1964/471077.pdf	OBI_LIBRARY_ROOT:Thematic/Burmese/Burma JBRS/1964/471077.pdf | OBI_LIBRARY_ROOT:Thematic/Burmese/Burma JBRS/JBRS Originals/471077.pdf	data/local/bibliography_sources/471077-bd2e04154a28/471077.pdf	1	1964 | JBRS Originals	pdf	medium	reused_existing	2026-05-29T22:23:00.505599+00:00	
471089-b6ae8799bdff	b6ae8799bdff40ac76260dc85cde320c925574f6fa18d8374a7d64449fb5014e	471089.pdf	3713445	OBI_LIBRARY_ROOT:Thematic/Burmese/Burma JBRS/JBRS Originals/471089.pdf	OBI_LIBRARY_ROOT:Thematic/Burmese/Burma JBRS/1964/TrendsEconomic_AyeHlaing.pdf | OBI_LIBRARY_ROOT:Thematic/Burmese/Burma JBRS/JBRS Originals/471089.pdf	data/local/bibliography_sources/471089-b6ae8799bdff/471089.pdf	1	1964 | JBRS Originals	pdf	medium	reused_existing	2026-05-29T22:23:00.505477+00:00	
471149-02f68367f7cd	02f68367f7cddc45066e1d03fa2ec5e06b097bfd494cc8dbc23377cc5d13eecf	471149.pdf	1659417	OBI_LIBRARY_ROOT:Thematic/Burmese/Burma JBRS/1964/471149.pdf	OBI_LIBRARY_ROOT:Thematic/Burmese/Burma JBRS/1964/471149.pdf | OBI_LIBRARY_ROOT:Thematic/Burmese/Burma JBRS/JBRS Originals/471149.pdf	data/local/bibliography_sources/471149-02f68367f7cd/471149.pdf	1	1964 | JBRS Originals	pdf	medium	reused_existing	2026-05-29T22:23:00.505326+00:00	
471173-0ca3bdd886b2	0ca3bdd886b2c759bf8772da4d7e60613ce78e929be0a3148d6a3efa8c73b72d	471173.pdf	667540	OBI_LIBRARY_ROOT:Thematic/Burmese/Burma JBRS/1964/471173.pdf	OBI_LIBRARY_ROOT:Thematic/Burmese/Burma JBRS/1964/471173.pdf | OBI_LIBRARY_ROOT:Thematic/Burmese/Burma JBRS/JBRS Originals/471173.pdf	data/local/bibliography_sources/471173-0ca3bdd886b2/471173.pdf	1	1964 | JBRS Originals	pdf	medium	reused_existing	2026-05-29T22:23:00.505195+00:00	
471183-61f9e91ba7d7	61f9e91ba7d79f24d9beb717412bd6c88caf18f2d0796a5c1b2213fde3fd4b81	471183.pdf	1370832	OBI_LIBRARY_ROOT:Thematic/Burmese/Burma JBRS/1964/471183.pdf	OBI_LIBRARY_ROOT:Thematic/Burmese/Burma JBRS/1964/471183.pdf | OBI_LIBRARY_ROOT:Thematic/Burmese/Burma JBRS/JBRS Originals/471183.pdf	data/local/bibliography_sources/471183-61f9e91ba7d7/471183.pdf	1	1964 | JBRS Originals	pdf	medium	reused_existing	2026-05-29T22:23:00.505069+00:00	
471205-572068b5d6b0	572068b5d6b009ce90fc0cc61a1dbc2d878e0ea359db15e39057e7aecfa308cc	471205.pdf	1336090	OBI_LIBRARY_ROOT:Thematic/Burmese/Burma JBRS/1964/471205.pdf	OBI_LIBRARY_ROOT:Thematic/Burmese/Burma JBRS/1964/471205.pdf | OBI_LIBRARY_ROOT:Thematic/Burmese/Burma JBRS/JBRS Originals/471205.pdf	data/local/bibliography_sources/471205-572068b5d6b0/471205.pdf	1	1964 | JBRS Originals	pdf	medium	reused_existing	2026-05-29T22:23:00.504949+00:00	
471225-d04763ef473c	d04763ef473ccedc5cd33891647d86f426ddeeb6cdda47e520a68c8e5f4b36ff	471225.pdf	1684034	OBI_LIBRARY_ROOT:Thematic/Burmese/Burma JBRS/1964/471225.pdf	OBI_LIBRARY_ROOT:Thematic/Burmese/Burma JBRS/1964/471225.pdf | OBI_LIBRARY_ROOT:Thematic/Burmese/Burma JBRS/JBRS Originals/471225.pdf	data/local/bibliography_sources/471225-d04763ef473c/471225.pdf	1	1964 | JBRS Originals	pdf	medium	reused_existing	2026-05-29T22:23:00.504829+00:00	
472263-de10db115b4a	de10db115b4add4bb07d8d9b2b5d0e81f5e2de5adf7cba51096435634e273221	472263.pdf	1668175	OBI_LIBRARY_ROOT:Thematic/Burmese/Burma JBRS/1964/472263.pdf	OBI_LIBRARY_ROOT:Thematic/Burmese/Burma JBRS/1964/472263.pdf | OBI_LIBRARY_ROOT:Thematic/Burmese/Burma JBRS/JBRS Originals/472263.pdf	data/local/bibliography_sources/472263-de10db115b4a/472263.pdf	1	1964 | JBRS Originals	pdf	medium	reused_existing	2026-05-29T22:23:00.504703+00:00	
472287-1a94d3e6ce11	1a94d3e6ce11a165da42a3d71881ccc4dbc9bb819448ebee0f15a660d0d871fc	472287.pdf	2665476	OBI_LIBRARY_ROOT:Thematic/Burmese/Burma JBRS/1964/472287.pdf	OBI_LIBRARY_ROOT:Thematic/Burmese/Burma JBRS/1964/472287.pdf | OBI_LIBRARY_ROOT:Thematic/Burmese/Burma JBRS/JBRS Originals/472287.pdf	data/local/bibliography_sources/472287-1a94d3e6ce11/472287.pdf	1	1964 | JBRS Originals	pdf	medium	reused_existing	2026-05-29T22:23:00.504577+00:00	
472325-666e2ce45c9b	666e2ce45c9ba79424faaf2b268d4ad31f02344c890112ab03239f5a6509c05b	472325.pdf	2451036	OBI_LIBRARY_ROOT:Thematic/Burmese/Burma JBRS/JBRS Originals/472325.pdf	OBI_LIBRARY_ROOT:Thematic/Burmese/Burma JBRS/1964/ChindwinSediments-Sarin1964.pdf | OBI_LIBRARY_ROOT:Thematic/Burmese/Burma JBRS/JBRS Originals/472325.pdf	data/local/bibliography_sources/472325-666e2ce45c9b/472325.pdf	1	1964 | JBRS Originals	pdf	medium	reused_existing	2026-05-29T22:23:00.504450+00:00	
472367-b3c75621b3e7	b3c75621b3e7e3d8e3e301f611c2fbf757ac8e674a46ce376187f88ae51afbf3	472367.pdf	838113	OBI_LIBRARY_ROOT:Thematic/Burmese/Burma JBRS/1964/472367.pdf	OBI_LIBRARY_ROOT:Thematic/Burmese/Burma JBRS/1964/472367.pdf | OBI_LIBRARY_ROOT:Thematic/Burmese/Burma JBRS/JBRS Originals/472367.pdf	data/local/bibliography_sources/472367-b3c75621b3e7/472367.pdf	1	1964 | JBRS Originals	pdf	medium	reused_existing	2026-05-29T22:23:00.504310+00:00	
472379-4a6c957cb0a2	4a6c957cb0a21838588885b03c9b6fc67c7a2ac32c04d702c5639b7990c5d8fd	472379.pdf	326497	OBI_LIBRARY_ROOT:Thematic/Burmese/Burma JBRS/1964/472379.pdf	OBI_LIBRARY_ROOT:Thematic/Burmese/Burma JBRS/1964/472379.pdf | OBI_LIBRARY_ROOT:Thematic/Burmese/Burma JBRS/JBRS Originals/472379.pdf	data/local/bibliography_sources/472379-4a6c957cb0a2/472379.pdf	1	1964 | JBRS Originals	pdf	medium	reused_existing	2026-05-29T22:23:00.504185+00:00	
472385-ecc63d584b8d	ecc63d584b8d5098d6af8f0818713109f479880cf3dbcc59fd89a5a578487ac4	472385.pdf	789798	OBI_LIBRARY_ROOT:Thematic/Burmese/Burma JBRS/1964/472385.pdf	OBI_LIBRARY_ROOT:Thematic/Burmese/Burma JBRS/1964/472385.pdf | OBI_LIBRARY_ROOT:Thematic/Burmese/Burma JBRS/JBRS Originals/472385.pdf	data/local/bibliography_sources/472385-ecc63d584b8d/472385.pdf	1	1964 | JBRS Originals	pdf	medium	reused_existing	2026-05-29T22:23:00.504049+00:00	
472397-73b58ced4eda	73b58ced4edabfac5f9beeaa654ce5e2eeaf985da0dbe5b986390269fc97ee2c	472397.pdf	992756	OBI_LIBRARY_ROOT:Thematic/Burmese/Burma JBRS/JBRS Originals/472397.pdf	OBI_LIBRARY_ROOT:Thematic/Burmese/Burma JBRS/1964/AndamanGeography-TinHtoo1964.pdf | OBI_LIBRARY_ROOT:Thematic/Burmese/Burma JBRS/JBRS Originals/472397.pdf	data/local/bibliography_sources/472397-73b58ced4eda/472397.pdf	1	1964 | JBRS Originals	pdf	medium	reused_existing	2026-05-29T22:23:00.503908+00:00	
472415-5469e253e549	5469e253e54958f59df45b51764ae0668f03152639bfef1642ab59d9bb45695a	472415.pdf	1630535	OBI_LIBRARY_ROOT:Thematic/Burmese/Burma JBRS/1964/472415.pdf	OBI_LIBRARY_ROOT:Thematic/Burmese/Burma JBRS/1964/472415.pdf | OBI_LIBRARY_ROOT:Thematic/Burmese/Burma JBRS/JBRS Originals/472415.pdf	data/local/bibliography_sources/472415-5469e253e549/472415.pdf	1	1964 | JBRS Originals	pdf	medium	reused_existing	2026-05-29T22:23:00.503781+00:00	
472441-f021b27f9644	f021b27f9644748951965d3537c9295f3fb8867ff3c5592b7b12c61dae354058	472441.pdf	1314066	OBI_LIBRARY_ROOT:Thematic/Burmese/Burma JBRS/1964/472441.pdf	OBI_LIBRARY_ROOT:Thematic/Burmese/Burma JBRS/1964/472441.pdf | OBI_LIBRARY_ROOT:Thematic/Burmese/Burma JBRS/JBRS Originals/472441.pdf	data/local/bibliography_sources/472441-f021b27f9644/472441.pdf	1	1964 | JBRS Originals	pdf	medium	reused_existing	2026-05-29T22:23:00.503652+00:00	
4736-eba9fda65955	eba9fda65955c5b59ebf12c3b4cef5c36a8323fe087ab3740906fad578c84dae	4736.pdf	4199686	OBI_LIBRARY_ROOT:Thematic/Burmese/DownloadsFromBurmeseInscriptionsFacebookGroup/4736.pdf	OBI_LIBRARY_ROOT:Thematic/Burmese/DownloadsFromBurmeseInscriptionsFacebookGroup/4736.pdf	data/local/bibliography_sources/4736-eba9fda65955/4736.pdf	0	DownloadsFromBurmeseInscriptionsFacebookGroup	pdf	medium	reused_existing	2026-05-29T22:23:00.503511+00:00	
481001-a6b0e8c42fdc	a6b0e8c42fdc1598e126403aeff9046d5ad648a87b54ffd9b7b83ef54ba90384	481001.pdf	458406	OBI_LIBRARY_ROOT:Thematic/Burmese/Burma JBRS/JBRS Originals/481001.pdf	OBI_LIBRARY_ROOT:Thematic/Burmese/Burma JBRS/1965/SanghaState_AungThan.pdf | OBI_LIBRARY_ROOT:Thematic/Burmese/Burma JBRS/JBRS Originals/481001.pdf	data/local/bibliography_sources/481001-a6b0e8c42fdc/481001.pdf	1	1965 | JBRS Originals	pdf	medium	reused_existing	2026-05-29T22:23:00.503365+00:00	
481009-52763bc04231	52763bc04231ca71ed4675846a552fa63797a17fb3dc24891ae1b6041741e962	481009.pdf	556020	OBI_LIBRARY_ROOT:Thematic/Burmese/Burma JBRS/JBRS Originals/481009.pdf	OBI_LIBRARY_ROOT:Thematic/Burmese/Burma JBRS/1965/BurmeseColmology_BaHan1965.pdf | OBI_LIBRARY_ROOT:Thematic/Burmese/Burma JBRS/JBRS Originals/481009.pdf	data/local/bibliography_sources/481009-52763bc04231/481009.pdf	1	1965 | JBRS Originals	pdf	medium	reused_existing	2026-05-29T22:23:00.503236+00:00	
481017-5a878c82bb89	5a878c82bb893f24ad74c8b3d524de113064e69e3606831c6a0cd8bf13310ca6	481017.pdf	1689374	OBI_LIBRARY_ROOT:Thematic/Burmese/Burma JBRS/1965/481017.pdf	OBI_LIBRARY_ROOT:Thematic/Burmese/Burma JBRS/1965/481017.pdf | OBI_LIBRARY_ROOT:Thematic/Burmese/Burma JBRS/JBRS Originals/481017.pdf	data/local/bibliography_sources/481017-5a878c82bb89/481017.pdf	1	1965 | JBRS Originals	pdf	medium	reused_existing	2026-05-29T22:23:00.503103+00:00	
481043-3f84f5c285c2	3f84f5c285c26cf0bc47171898f70fbc199d38b0c4fad5ca73484bcc042fd807	481043.pdf	838897	OBI_LIBRARY_ROOT:Thematic/Burmese/Burma JBRS/1965/481043.pdf	OBI_LIBRARY_ROOT:Thematic/Burmese/Burma JBRS/1965/481043.pdf | OBI_LIBRARY_ROOT:Thematic/Burmese/Burma JBRS/JBRS Originals/481043.pdf	data/local/bibliography_sources/481043-3f84f5c285c2/481043.pdf	1	1965 | JBRS Originals	pdf	medium	reused_existing	2026-05-29T22:23:00.502982+00:00	
481057-e78cc302511d	e78cc302511d99890fbb93158100a4682d4b5bd68e044a413ac300398ea748ea	481057.pdf	925096	OBI_LIBRARY_ROOT:Thematic/Burmese/Burma JBRS/1965/481057.pdf	OBI_LIBRARY_ROOT:Thematic/Burmese/Burma JBRS/1965/481057.pdf | OBI_LIBRARY_ROOT:Thematic/Burmese/Burma JBRS/JBRS Originals/481057.pdf	data/local/bibliography_sources/481057-e78cc302511d/481057.pdf	1	1965 | JBRS Originals	pdf	medium	reused_existing	2026-05-29T22:23:00.502854+00:00	
481077-aaf5d3aded8e	aaf5d3aded8ef1b48138b1202ed09611347d49d3a99177343c7bc8d0cf6dfbef	481077.pdf	465925	OBI_LIBRARY_ROOT:Thematic/Burmese/Burma JBRS/1965/481077.pdf	OBI_LIBRARY_ROOT:Thematic/Burmese/Burma JBRS/1965/481077.pdf | OBI_LIBRARY_ROOT:Thematic/Burmese/Burma JBRS/JBRS Originals/481077.pdf	data/local/bibliography_sources/481077-aaf5d3aded8e/481077.pdf	1	1965 | JBRS Originals	pdf	medium	reused_existing	2026-05-29T22:23:00.502723+00:00	
481085-ef622cd3f289	ef622cd3f2891cc9ec31357cdf41e4f90c5ac912b8007ce018dfdafdd0b27b5b	481085.pdf	702135	OBI_LIBRARY_ROOT:Thematic/Burmese/Burma JBRS/1966/481085.pdf	OBI_LIBRARY_ROOT:Thematic/Burmese/Burma JBRS/1965/481085.pdf | OBI_LIBRARY_ROOT:Thematic/Burmese/Burma JBRS/1966/481085.pdf | OBI_LIBRARY_ROOT:Thematic/Burmese/Burma JBRS/JBRS Originals/481085.pdf	data/local/bibliography_sources/481085-ef622cd3f289/481085.pdf	2	1965 | 1966 | JBRS Originals	pdf	medium	reused_existing	2026-05-29T22:23:00.502605+00:00	
481099-de856021ac69	de856021ac694ae24df4ef46138bce88bb732066a0f793cfa967872e549a7b74	481099.pdf	695148	OBI_LIBRARY_ROOT:Thematic/Burmese/Burma JBRS/1965/481099.pdf	OBI_LIBRARY_ROOT:Thematic/Burmese/Burma JBRS/1965/481099.pdf | OBI_LIBRARY_ROOT:Thematic/Burmese/Burma JBRS/JBRS Originals/481099.pdf	data/local/bibliography_sources/481099-de856021ac69/481099.pdf	1	1965 | JBRS Originals	pdf	medium	reused_existing	2026-05-29T22:23:00.502482+00:00	
482001-0293ed61f5dc	0293ed61f5dc1d9b3c2494f1d7cddb1cf85988f432295a1df4925af207b02b81	482001.pdf	1029246	OBI_LIBRARY_ROOT:Thematic/Burmese/Burma JBRS/1965/482001.pdf	OBI_LIBRARY_ROOT:Thematic/Burmese/Burma JBRS/1965/482001.pdf | OBI_LIBRARY_ROOT:Thematic/Burmese/Burma JBRS/JBRS Originals/482001.pdf	data/local/bibliography_sources/482001-0293ed61f5dc/482001.pdf	1	1965 | JBRS Originals	pdf	medium	reused_existing	2026-05-29T22:23:00.502353+00:00	
482017-50d23a5f956e	50d23a5f956e5d13cc8b9a88e9a6507697015bb573621b5175315ce5872559ea	482017.pdf	456395	OBI_LIBRARY_ROOT:Thematic/Burmese/Burma JBRS/JBRS Originals/482017.pdf	OBI_LIBRARY_ROOT:Thematic/Burmese/Burma JBRS/1965/MindonWorldFair1867_Ba.pdf | OBI_LIBRARY_ROOT:Thematic/Burmese/Burma JBRS/JBRS Originals/482017.pdf	data/local/bibliography_sources/482017-50d23a5f956e/482017.pdf	1	1965 | JBRS Originals	pdf	medium	reused_existing	2026-05-29T22:23:00.502226+00:00	
482025-bd7332f1120a	bd7332f1120a7e339cacb91845249af7c162b9bb991e45692fbd2e5b7f7a17cc	482025.pdf	900346	OBI_LIBRARY_ROOT:Thematic/Burmese/Burma JBRS/JBRS Originals/482025.pdf	OBI_LIBRARY_ROOT:Thematic/Burmese/Burma JBRS/1965/EmegenceBurmeseNation_BaHan1965.pdf | OBI_LIBRARY_ROOT:Thematic/Burmese/Burma JBRS/JBRS Originals/482025.pdf	data/local/bibliography_sources/482025-bd7332f1120a/482025.pdf	1	1965 | JBRS Originals	pdf	medium	reused_existing	2026-05-29T22:23:00.502085+00:00	
482039-7d6eee62a9bd	7d6eee62a9bd176295da59eaf328ddb932314e4575a15515d4af70265513b583	482039.pdf	1717839	OBI_LIBRARY_ROOT:Thematic/Burmese/Burma JBRS/JBRS Originals/482039.pdf	OBI_LIBRARY_ROOT:Thematic/Burmese/Burma JBRS/1965/NetherlandseastIndies-Furnivall1965.pdf | OBI_LIBRARY_ROOT:Thematic/Burmese/Burma JBRS/JBRS Originals/482039.pdf	data/local/bibliography_sources/482039-7d6eee62a9bd/482039.pdf	1	1965 | JBRS Originals	pdf	medium	reused_existing	2026-05-29T22:23:00.501961+00:00	
482065-87d9c38544cb	87d9c38544cbb91b391b4b9854fa770dd61bc76db46b2bd8e6bba6caf57bdd64	482065.pdf	624241	OBI_LIBRARY_ROOT:Thematic/Burmese/Burma JBRS/JBRS Originals/482065.pdf	OBI_LIBRARY_ROOT:Thematic/Burmese/Burma JBRS/JBRS Originals/482065.pdf	data/local/bibliography_sources/482065-87d9c38544cb/482065.pdf	0	JBRS Originals	pdf	medium	reused_existing	2026-05-29T22:23:00.501843+00:00	
482079-8296aad3f021	8296aad3f021857456f1d80c8699d7151a5ed670d408216b1dd00657a7f9f56c	482079.pdf	271638	OBI_LIBRARY_ROOT:Thematic/Burmese/Burma JBRS/1965/482079.pdf	OBI_LIBRARY_ROOT:Thematic/Burmese/Burma JBRS/1965/482079.pdf | OBI_LIBRARY_ROOT:Thematic/Burmese/Burma JBRS/JBRS Originals/482079.pdf	data/local/bibliography_sources/482079-8296aad3f021/482079.pdf	1	1965 | JBRS Originals	pdf	medium	reused_existing	2026-05-29T22:23:00.501714+00:00	
482083-9b536cc4fd94	9b536cc4fd94388b5b058393d34666cf65da1967624f79c42bc40e36bbba4d28	482083.pdf	1145329	OBI_LIBRARY_ROOT:Thematic/Burmese/Burma JBRS/1965/482083.pdf	OBI_LIBRARY_ROOT:Thematic/Burmese/Burma JBRS/1965/482083.pdf | OBI_LIBRARY_ROOT:Thematic/Burmese/Burma JBRS/JBRS Originals/482083.pdf	data/local/bibliography_sources/482083-9b536cc4fd94/482083.pdf	1	1965 | JBRS Originals	pdf	medium	reused_existing	2026-05-29T22:23:00.501583+00:00	
482099-e8b1474ff020	e8b1474ff0200cecd0d07ac1ae36d4d6aec7b442da91e21dd6c435f864e40527	482099.pdf	872366	OBI_LIBRARY_ROOT:Thematic/Burmese/Burma JBRS/1965/482099.pdf	OBI_LIBRARY_ROOT:Thematic/Burmese/Burma JBRS/1965/482099.pdf | OBI_LIBRARY_ROOT:Thematic/Burmese/Burma JBRS/JBRS Originals/482099.pdf	data/local/bibliography_sources/482099-e8b1474ff020/482099.pdf	1	1965 | JBRS Originals	pdf	medium	reused_existing	2026-05-29T22:23:00.501453+00:00	
491001-05ead68078f2	05ead68078f287873de24358152d1126f0fabbbb5c3bfa125998159de4e4a2cc	491001.pdf	1398355	OBI_LIBRARY_ROOT:Thematic/Burmese/Burma JBRS/1966/491001.pdf	OBI_LIBRARY_ROOT:Thematic/Burmese/Burma JBRS/1966/491001.pdf | OBI_LIBRARY_ROOT:Thematic/Burmese/Burma JBRS/JBRS Originals/491001.pdf	data/local/bibliography_sources/491001-05ead68078f2/491001.pdf	1	1966 | JBRS Originals	pdf	medium	reused_existing	2026-05-29T22:23:00.501320+00:00	
491019-f90bbe22251e	f90bbe22251e9b8359cac412d815f2c21f3936c964851138b235868a926a67c0	491019.pdf	612062	OBI_LIBRARY_ROOT:Thematic/Burmese/Burma JBRS/1966/491019.pdf	OBI_LIBRARY_ROOT:Thematic/Burmese/Burma JBRS/1966/491019.pdf | OBI_LIBRARY_ROOT:Thematic/Burmese/Burma JBRS/JBRS Originals/491019.pdf	data/local/bibliography_sources/491019-f90bbe22251e/491019.pdf	1	1966 | JBRS Originals	pdf	medium	reused_existing	2026-05-29T22:23:00.501198+00:00	
491029-28f8ec24e8b7	28f8ec24e8b7049f281cfa53c63ee827f1258c8b9f87b8580bd88ed961eaf97a	491029.pdf	582352	OBI_LIBRARY_ROOT:Thematic/Burmese/Burma JBRS/1966/491029.pdf	OBI_LIBRARY_ROOT:Thematic/Burmese/Burma JBRS/1966/491029.pdf | OBI_LIBRARY_ROOT:Thematic/Burmese/Burma JBRS/JBRS Originals/491029.pdf	data/local/bibliography_sources/491029-28f8ec24e8b7/491029.pdf	1	1966 | JBRS Originals	pdf	medium	reused_existing	2026-05-29T22:23:00.501073+00:00	
491050-6d56c0f47e2b	6d56c0f47e2b086824084f492bdbbd43d4778682477312c7489e24f95bc8085f	491050.pdf	1276052	OBI_LIBRARY_ROOT:Thematic/Burmese/Burma JBRS/JBRS Originals/491050.pdf	OBI_LIBRARY_ROOT:Thematic/Burmese/Burma JBRS/1968/KingThalun1-ThanTun1966.pdf | OBI_LIBRARY_ROOT:Thematic/Burmese/Burma JBRS/JBRS Originals/491050.pdf	data/local/bibliography_sources/491050-6d56c0f47e2b/491050.pdf	1	1968 | JBRS Originals	pdf	medium	reused_existing	2026-05-29T22:23:00.500944+00:00	
491071-78314926c661	78314926c6615b8f0f203b57891bfa86ef7f47f453edcf870fba7eb6046f5886	491071.pdf	3838761	OBI_LIBRARY_ROOT:Thematic/Burmese/Burma JBRS/1966/491071.pdf	OBI_LIBRARY_ROOT:Thematic/Burmese/Burma JBRS/1966/491071.pdf | OBI_LIBRARY_ROOT:Thematic/Burmese/Burma JBRS/JBRS Originals/491071.pdf	data/local/bibliography_sources/491071-78314926c661/491071.pdf	1	1966 | JBRS Originals	pdf	medium	reused_existing	2026-05-29T22:23:00.500805+00:00	
492145-c59ff42645f1	c59ff42645f15e2462c4d93e17c04cb869dd7faa8099b69cb8f1e14fc20ed3e8	492145.pdf	1226624	OBI_LIBRARY_ROOT:Thematic/Burmese/Burma JBRS/JBRS Originals/492145.pdf	OBI_LIBRARY_ROOT:Thematic/Burmese/Burma JBRS/1966/Burmaceylon-Godakumbura1966.pdf | OBI_LIBRARY_ROOT:Thematic/Burmese/Burma JBRS/JBRS Originals/492145.pdf	data/local/bibliography_sources/492145-c59ff42645f1/492145.pdf	1	1966 | JBRS Originals	pdf	medium	reused_existing	2026-05-29T22:23:00.500664+00:00	
492163-6ae8a734172f	6ae8a734172f002d453d004b99464cfe1f5c681d1e193436fb0eec5f82a9b646	492163.pdf	668375	OBI_LIBRARY_ROOT:Thematic/Burmese/Burma JBRS/1966/492163.pdf	OBI_LIBRARY_ROOT:Thematic/Burmese/Burma JBRS/1966/492163.pdf | OBI_LIBRARY_ROOT:Thematic/Burmese/Burma JBRS/JBRS Originals/492163.pdf	data/local/bibliography_sources/492163-6ae8a734172f/492163.pdf	1	1966 | JBRS Originals	pdf	medium	reused_existing	2026-05-29T22:23:00.500516+00:00	
492173-5a43ce2b6fcf	5a43ce2b6fcf5a19fcd620123dd44a303a2325bbbafaa121317fed0944daa273	492173.pdf	2273563	OBI_LIBRARY_ROOT:Thematic/Burmese/Burma JBRS/1966/492173.pdf	OBI_LIBRARY_ROOT:Thematic/Burmese/Burma JBRS/1966/492173.pdf | OBI_LIBRARY_ROOT:Thematic/Burmese/Burma JBRS/JBRS Originals/492173.pdf	data/local/bibliography_sources/492173-5a43ce2b6fcf/492173.pdf	1	1966 | JBRS Originals	pdf	medium	reused_existing	2026-05-29T22:23:00.500380+00:00	
492207-8de972966cb4	8de972966cb489b810c3a59516f83d17804f150e7056d36961669428ee87d8dd	492207.pdf	945084	OBI_LIBRARY_ROOT:Thematic/Burmese/Burma JBRS/1966/492207.pdf	OBI_LIBRARY_ROOT:Thematic/Burmese/Burma JBRS/1966/492207.pdf | OBI_LIBRARY_ROOT:Thematic/Burmese/Burma JBRS/JBRS Originals/492207.pdf	data/local/bibliography_sources/492207-8de972966cb4/492207.pdf	1	1966 | JBRS Originals	pdf	medium	reused_existing	2026-05-29T22:23:00.500254+00:00	
492219-f8b8032df969	f8b8032df9692485f2f79960eb8ce8d7190aa2e12f3761c7088b8f0a528030b0	492219.pdf	215191	OBI_LIBRARY_ROOT:Thematic/Burmese/Burma JBRS/1966/492219.pdf	OBI_LIBRARY_ROOT:Thematic/Burmese/Burma JBRS/1966/492219.pdf | OBI_LIBRARY_ROOT:Thematic/Burmese/Burma JBRS/JBRS Originals/492219.pdf	data/local/bibliography_sources/492219-f8b8032df969/492219.pdf	1	1966 | JBRS Originals	pdf	medium	reused_existing	2026-05-29T22:23:00.500127+00:00	
492223-c3e13f97a9c9	c3e13f97a9c931cbac0601ab381eba414e6a19835a7da836b5247e35f0317e8a	492223.pdf	105379	OBI_LIBRARY_ROOT:Thematic/Burmese/Burma JBRS/1966/492223.pdf	OBI_LIBRARY_ROOT:Thematic/Burmese/Burma JBRS/1966/492223.pdf | OBI_LIBRARY_ROOT:Thematic/Burmese/Burma JBRS/JBRS Originals/492223.pdf	data/local/bibliography_sources/492223-c3e13f97a9c9/492223.pdf	1	1966 | JBRS Originals	pdf	medium	reused_existing	2026-05-29T22:23:00.499999+00:00	
492225-22f6d60f8026	22f6d60f8026c8d41edb1647c49b0707ea1a4e1a775056b54090f24a62f023bb	492225.pdf	1459461	OBI_LIBRARY_ROOT:Thematic/Burmese/Burma JBRS/1966/492225.pdf	OBI_LIBRARY_ROOT:Thematic/Burmese/Burma JBRS/1966/492225.pdf | OBI_LIBRARY_ROOT:Thematic/Burmese/Burma JBRS/JBRS Originals/492225.pdf	data/local/bibliography_sources/492225-22f6d60f8026/492225.pdf	1	1966 | JBRS Originals	pdf	medium	reused_existing	2026-05-29T22:23:00.499863+00:00	
501001-e9409c452f47	e9409c452f47d7755f21cf62118af2055c80cfafa0a42359e0c49d6a06c74ab6	501001.pdf	586241	OBI_LIBRARY_ROOT:Thematic/Burmese/Burma JBRS/1967/501001.pdf	OBI_LIBRARY_ROOT:Thematic/Burmese/Burma JBRS/1967/501001.pdf | OBI_LIBRARY_ROOT:Thematic/Burmese/Burma JBRS/JBRS Originals/501001.pdf	data/local/bibliography_sources/501001-e9409c452f47/501001.pdf	1	1967 | JBRS Originals	pdf	medium	reused_existing	2026-05-29T22:23:00.499696+00:00	
501011-adef3405a586	adef3405a586714f6a8f956dd6ac12af7bed0d3e9f34585c06a80ba33d1bd862	501011.pdf	703291	OBI_LIBRARY_ROOT:Thematic/Burmese/Burma JBRS/JBRS Originals/501011.pdf	OBI_LIBRARY_ROOT:Thematic/Burmese/Burma JBRS/1967/PapalCorrespondence_Ba.pdf | OBI_LIBRARY_ROOT:Thematic/Burmese/Burma JBRS/JBRS Originals/501011.pdf	data/local/bibliography_sources/501011-adef3405a586/501011.pdf	1	1967 | JBRS Originals	pdf	medium	reused_existing	2026-05-29T22:23:00.499553+00:00	
501021-054d64f3ec44	054d64f3ec44da5fcdd7bcca584bf8b0cfbeb04e6d7ac7930ce7e180e3fd3b54	501021.pdf	688265	OBI_LIBRARY_ROOT:Thematic/Burmese/Burma JBRS/JBRS Originals/501021.pdf	OBI_LIBRARY_ROOT:Thematic/Burmese/Burma JBRS/JBRS Originals/501021.pdf	data/local/bibliography_sources/501021-054d64f3ec44/501021.pdf	0	JBRS Originals	pdf	medium	reused_existing	2026-05-29T22:23:00.499423+00:00	
501033-54afe0f6e308	54afe0f6e30853259b08d40a9c321c4bc9d2412490f890a0c24f959aa0376938	501033.pdf	890205	OBI_LIBRARY_ROOT:Thematic/Burmese/Burma JBRS/1967/501033.pdf	OBI_LIBRARY_ROOT:Thematic/Burmese/Burma JBRS/1967/501033.pdf | OBI_LIBRARY_ROOT:Thematic/Burmese/Burma JBRS/JBRS Originals/501033.pdf	data/local/bibliography_sources/501033-54afe0f6e308/501033.pdf	1	1967 | JBRS Originals	pdf	medium	reused_existing	2026-05-29T22:23:00.499268+00:00	
501047-58b1b8ae2cea	58b1b8ae2ceab112eb8696a74f50ef60e2a0b037fa63214e348de93757f4dcfd	501047.pdf	1582140	OBI_LIBRARY_ROOT:Thematic/Burmese/Burma JBRS/1967/501047.pdf	OBI_LIBRARY_ROOT:Thematic/Burmese/Burma JBRS/1967/501047.pdf | OBI_LIBRARY_ROOT:Thematic/Burmese/Burma JBRS/JBRS Originals/501047.pdf	data/local/bibliography_sources/501047-58b1b8ae2cea/501047.pdf	1	1967 | JBRS Originals	pdf	medium	reused_existing	2026-05-29T22:23:00.499135+00:00	
501071-33ad42532a5b	33ad42532a5b9f8e48761026fe2b84a11ae38cd8b038e888a9b27fb1e05c86ad	501071.pdf	1229838	OBI_LIBRARY_ROOT:Thematic/Burmese/Burma JBRS/1967/501071.pdf	OBI_LIBRARY_ROOT:Thematic/Burmese/Burma JBRS/1967/501071.pdf | OBI_LIBRARY_ROOT:Thematic/Burmese/Burma JBRS/JBRS Originals/501071.pdf	data/local/bibliography_sources/501071-33ad42532a5b/501071.pdf	1	1967 | JBRS Originals	pdf	medium	reused_existing	2026-05-29T22:23:00.499005+00:00	
501095-5959f008b473	5959f008b4739267e9b7ba23d20bedad0da4266666f1e08d14f8aa2964370275	501095.PDF	1418336	OBI_LIBRARY_ROOT:Thematic/Burmese/Burma JBRS/JBRS Originals/501095.PDF	OBI_LIBRARY_ROOT:Thematic/Burmese/Burma JBRS/JBRS Originals/501095.PDF	data/local/bibliography_sources/501095-5959f008b473/501095.PDF	0	JBRS Originals	pdf	medium	reused_existing	2026-05-29T22:23:00.498866+00:00	
501125-91755ef7b530	91755ef7b530de49e44d5703de2fa48009aae7d42a532cb07aced61cfc0877e5	501125.pdf	1811793	OBI_LIBRARY_ROOT:Thematic/Burmese/Burma JBRS/1967/501125.pdf	OBI_LIBRARY_ROOT:Thematic/Burmese/Burma JBRS/1967/501125.pdf | OBI_LIBRARY_ROOT:Thematic/Burmese/Burma JBRS/JBRS Originals/501125.pdf	data/local/bibliography_sources/501125-91755ef7b530/501125.pdf	1	1967 | JBRS Originals	pdf	medium	reused_existing	2026-05-29T22:23:00.498733+00:00	
502177-9b894ba0f8dd	9b894ba0f8dd2dfcdc8eb5c640398a61cec97178a05f1d3e3d7710e80ac0a70e	502177.pdf	999785	OBI_LIBRARY_ROOT:Thematic/Burmese/Burma JBRS/1967/502177.pdf	OBI_LIBRARY_ROOT:Thematic/Burmese/Burma JBRS/1967/502177.pdf | OBI_LIBRARY_ROOT:Thematic/Burmese/Burma JBRS/JBRS Originals/502177.pdf	data/local/bibliography_sources/502177-9b894ba0f8dd/502177.pdf	1	1967 | JBRS Originals	pdf	medium	reused_existing	2026-05-29T22:23:00.498598+00:00	
502195-f6e6811cfe79	f6e6811cfe79cae1288d6a4aa62c02ad71bc3959534a733047bf1a691279732c	502195.pdf	1904726	OBI_LIBRARY_ROOT:Thematic/Burmese/Burma JBRS/1967/502195.pdf	OBI_LIBRARY_ROOT:Thematic/Burmese/Burma JBRS/1967/502195.pdf | OBI_LIBRARY_ROOT:Thematic/Burmese/Burma JBRS/JBRS Originals/502195.pdf	data/local/bibliography_sources/502195-f6e6811cfe79/502195.pdf	1	1967 | JBRS Originals	pdf	medium	reused_existing	2026-05-29T22:23:00.498465+00:00	
502223-e24054f60a82	e24054f60a82576ecdd9648a43ae8c94ff0c9cfe962ff34efa439baf1c2b7183	502223.pdf	1527938	OBI_LIBRARY_ROOT:Thematic/Burmese/Burma JBRS/JBRS Originals/502223.pdf	OBI_LIBRARY_ROOT:Thematic/Burmese/Burma JBRS/1967/BurmeseCalendar-LuPeWin1967.pdf | OBI_LIBRARY_ROOT:Thematic/Burmese/Burma JBRS/JBRS Originals/502223.pdf	data/local/bibliography_sources/502223-e24054f60a82/502223.pdf	1	1967 | JBRS Originals	pdf	medium	reused_existing	2026-05-29T22:23:00.498330+00:00	
502245-9798d74ff8a5	9798d74ff8a5f169f0a41496bd41ea8c4da8f48b7a17c67337be1637f10b37f5	502245.pdf	1202918	OBI_LIBRARY_ROOT:Thematic/Burmese/Burma JBRS/1967/502245.pdf	OBI_LIBRARY_ROOT:Thematic/Burmese/Burma JBRS/1967/502245.pdf | OBI_LIBRARY_ROOT:Thematic/Burmese/Burma JBRS/JBRS Originals/502245.pdf	data/local/bibliography_sources/502245-9798d74ff8a5/502245.pdf	1	1967 | JBRS Originals	pdf	medium	reused_existing	2026-05-29T22:23:00.498168+00:00	
502263-711176a1a7d5	711176a1a7d5f225ad31f68f95514c8321ded643dc6ce7732f11eff65bcf5210	502263.pdf	1404048	OBI_LIBRARY_ROOT:Thematic/Burmese/Burma JBRS/1967/502263.pdf	OBI_LIBRARY_ROOT:Thematic/Burmese/Burma JBRS/1967/502263.pdf | OBI_LIBRARY_ROOT:Thematic/Burmese/Burma JBRS/JBRS Originals/502263.pdf	data/local/bibliography_sources/502263-711176a1a7d5/502263.pdf	1	1967 | JBRS Originals	pdf	medium	reused_existing	2026-05-29T22:23:00.498035+00:00	
502285-a2e4d0ca5eb0	a2e4d0ca5eb0bab6714f3849572b0bc30ecec806a4d9149686ca8a22b0879e64	502285.pdf	2471420	OBI_LIBRARY_ROOT:Thematic/Burmese/Burma JBRS/1967/502285.pdf	OBI_LIBRARY_ROOT:Thematic/Burmese/Burma JBRS/1967/502285.pdf | OBI_LIBRARY_ROOT:Thematic/Burmese/Burma JBRS/JBRS Originals/502285.pdf	data/local/bibliography_sources/502285-a2e4d0ca5eb0/502285.pdf	1	1967 | JBRS Originals	pdf	medium	reused_existing	2026-05-29T22:23:00.497894+00:00	
511001-dbefb05f2ab9	dbefb05f2ab9959dda30798a3bd8ac807b9f6f11ecf6617c0ed5b080d9653961	511001.pdf	479055	OBI_LIBRARY_ROOT:Thematic/Burmese/Burma JBRS/JBRS Originals/511001.pdf	OBI_LIBRARY_ROOT:Thematic/Burmese/Burma JBRS/JBRS Originals/511001.pdf	data/local/bibliography_sources/511001-dbefb05f2ab9/511001.pdf	0	JBRS Originals	pdf	medium	reused_existing	2026-05-29T22:23:00.497748+00:00	
511009-750aff54672f	750aff54672fa3a484ce45347f5b3a9522e1f3b48697363e73eb10f28210d921	511009.pdf	503730	OBI_LIBRARY_ROOT:Thematic/Burmese/Burma JBRS/JBRS Originals/511009.pdf	OBI_LIBRARY_ROOT:Thematic/Burmese/Burma JBRS/1968/AspectsRural_BaHan.pdf | OBI_LIBRARY_ROOT:Thematic/Burmese/Burma JBRS/JBRS Originals/511009.pdf	data/local/bibliography_sources/511009-750aff54672f/511009.pdf	1	1968 | JBRS Originals	pdf	medium	reused_existing	2026-05-29T22:23:00.497599+00:00	
511017-c0462c88e09f	c0462c88e09f14c71a9ed7ac5efd59f09ecce29fd81807efd06f8da2dba03243	511017.pdf	332337	OBI_LIBRARY_ROOT:Thematic/Burmese/Burma JBRS/1968/511017.pdf	OBI_LIBRARY_ROOT:Thematic/Burmese/Burma JBRS/1968/511017.pdf | OBI_LIBRARY_ROOT:Thematic/Burmese/Burma JBRS/JBRS Originals/511017.pdf	data/local/bibliography_sources/511017-c0462c88e09f/511017.pdf	1	1968 | JBRS Originals	pdf	medium	reused_existing	2026-05-29T22:23:00.497444+00:00	
511023-7763e9d5dd2e	7763e9d5dd2ed828cff10d482cf3b8bbd73873d780643cd06e71f51928786266	511023.pdf	401313	OBI_LIBRARY_ROOT:Thematic/Burmese/Burma JBRS/1968/511023.pdf	OBI_LIBRARY_ROOT:Thematic/Burmese/Burma JBRS/1968/511023.pdf | OBI_LIBRARY_ROOT:Thematic/Burmese/Burma JBRS/JBRS Originals/511023.pdf	data/local/bibliography_sources/511023-7763e9d5dd2e/511023.pdf	1	1968 | JBRS Originals	pdf	medium	reused_existing	2026-05-29T22:23:00.497295+00:00	
511029-d2a02a219c75	d2a02a219c75b1d11aaa71f3d3339fb76ee9b0e780b7cc94451f87636d1c49a0	511029.pdf	365500	OBI_LIBRARY_ROOT:Thematic/Burmese/Burma JBRS/JBRS Originals/511029.pdf	OBI_LIBRARY_ROOT:Thematic/Burmese/Burma JBRS/1968/BurmeseLanguages-Luce1968.pdf | OBI_LIBRARY_ROOT:Thematic/Burmese/Burma JBRS/JBRS Originals/511029.pdf	data/local/bibliography_sources/511029-d2a02a219c75/511029.pdf	1	1968 | JBRS Originals	pdf	medium	reused_existing	2026-05-29T22:23:00.497145+00:00	
512097-bb6772843f6f	bb6772843f6f28252f61eb7acea6e0091a10e7e199433b6bbd798443015b1e05	512097.pdf	1674977	OBI_LIBRARY_ROOT:Thematic/Burmese/Burma JBRS/JBRS Originals/512097.pdf	OBI_LIBRARY_ROOT:Thematic/Burmese/Burma JBRS/1968/AssamOceania-Hutton1968.pdf | OBI_LIBRARY_ROOT:Thematic/Burmese/Burma JBRS/JBRS Originals/512097.pdf	data/local/bibliography_sources/512097-bb6772843f6f/512097.pdf	1	1968 | JBRS Originals	pdf	medium	reused_existing	2026-05-29T22:23:00.496994+00:00	
512125-83c8c6ce8ff5	83c8c6ce8ff562b8b4efdc8eb609362a8d20a409348c77a38cbedddb857c7285	512125.pdf	1384948	OBI_LIBRARY_ROOT:Thematic/Burmese/Burma JBRS/1968/512125.pdf	OBI_LIBRARY_ROOT:Thematic/Burmese/Burma JBRS/1968/512125.pdf | OBI_LIBRARY_ROOT:Thematic/Burmese/Burma JBRS/JBRS Originals/512125.pdf	data/local/bibliography_sources/512125-83c8c6ce8ff5/512125.pdf	1	1968 | JBRS Originals	pdf	medium	reused_existing	2026-05-29T22:23:00.496816+00:00	
512145-88494fda7a12	88494fda7a120f366a9b9c243198d78124e83d9db8f3e70e22291d599dfe5464	512145.pdf	1262100	OBI_LIBRARY_ROOT:Thematic/Burmese/Burma JBRS/1968/512145.pdf	OBI_LIBRARY_ROOT:Thematic/Burmese/Burma JBRS/1968/512145.pdf | OBI_LIBRARY_ROOT:Thematic/Burmese/Burma JBRS/JBRS Originals/512145.pdf	data/local/bibliography_sources/512145-88494fda7a12/512145.pdf	1	1968 | JBRS Originals	pdf	medium	reused_existing	2026-05-29T22:23:00.496670+00:00	
512173-a3516d020bab	a3516d020bab4f72e4d2e58b026240431a4a73c814c500b53f049e865c700ae7	512173.pdf	905190	OBI_LIBRARY_ROOT:Thematic/Burmese/Burma JBRS/JBRS Originals/512173.pdf	OBI_LIBRARY_ROOT:Thematic/Burmese/Burma JBRS/1968/AdminThalun-ThanTun1968.pdf | OBI_LIBRARY_ROOT:Thematic/Burmese/Burma JBRS/JBRS Originals/512173.pdf	data/local/bibliography_sources/512173-a3516d020bab/512173.pdf	1	1968 | JBRS Originals	pdf	medium	reused_existing	2026-05-29T22:23:00.496525+00:00	
512189-a68f668e4e8a	a68f668e4e8afacb2c638e44103c27573882b0d0b61f11bdbbc5e37605963832	512189.pdf	55747	OBI_LIBRARY_ROOT:Thematic/Burmese/Burma JBRS/1968/512189.pdf	OBI_LIBRARY_ROOT:Thematic/Burmese/Burma JBRS/1968/512189.pdf | OBI_LIBRARY_ROOT:Thematic/Burmese/Burma JBRS/JBRS Originals/512189.pdf	data/local/bibliography_sources/512189-a68f668e4e8a/512189.pdf	1	1968 | JBRS Originals	pdf	medium	reused_existing	2026-05-29T22:23:00.496360+00:00	
512191-bffc528053e7	bffc528053e7c3b919878d90a07d3c3f44723d1de0a7b3838a9d18f825edb43a	512191.pdf	1985837	OBI_LIBRARY_ROOT:Thematic/Burmese/Burma JBRS/1968/512191.pdf	OBI_LIBRARY_ROOT:Thematic/Burmese/Burma JBRS/1968/512191.pdf | OBI_LIBRARY_ROOT:Thematic/Burmese/Burma JBRS/JBRS Originals/512191.pdf	data/local/bibliography_sources/512191-bffc528053e7/512191.pdf	1	1968 | JBRS Originals	pdf	medium	reused_existing	2026-05-29T22:23:00.496192+00:00	
521001-a16f5f693959	a16f5f693959cd4669e08b073e130dd78d5bd7d00c659af11e8b865baeb1b278	521001.pdf	389634	OBI_LIBRARY_ROOT:Thematic/Burmese/Burma JBRS/1969/521001.pdf	OBI_LIBRARY_ROOT:Thematic/Burmese/Burma JBRS/1969/521001.pdf | OBI_LIBRARY_ROOT:Thematic/Burmese/Burma JBRS/JBRS Originals/521001.pdf	data/local/bibliography_sources/521001-a16f5f693959/521001.pdf	1	1969 | JBRS Originals	pdf	medium	reused_existing	2026-05-29T22:23:00.496019+00:00	
521009-96d64d4a1227	96d64d4a12279378ba8eb3ffee363749287c4619409c47137b31837af3df3679	521009.pdf	1985277	OBI_LIBRARY_ROOT:Thematic/Burmese/Burma JBRS/JBRS Originals/521009.pdf	OBI_LIBRARY_ROOT:Thematic/Burmese/Burma JBRS/1969/NeolithicPadahLin_AungThaw1969.pdf | OBI_LIBRARY_ROOT:Thematic/Burmese/Burma JBRS/JBRS Originals/521009.pdf	data/local/bibliography_sources/521009-96d64d4a1227/521009.pdf	1	1969 | JBRS Originals	pdf	medium	reused_existing	2026-05-29T22:23:00.495874+00:00	
521025-c2d6a342dd74	c2d6a342dd74d3d33e07eb685288ba4bfe85e4a3107ceaa5bf37fd590d89f9dd	521025.pdf	102405	OBI_LIBRARY_ROOT:Thematic/Burmese/Burma JBRS/1969/521025.pdf	OBI_LIBRARY_ROOT:Thematic/Burmese/Burma JBRS/1969/521025.pdf | OBI_LIBRARY_ROOT:Thematic/Burmese/Burma JBRS/JBRS Originals/521025.pdf	data/local/bibliography_sources/521025-c2d6a342dd74/521025.pdf	1	1969 | JBRS Originals	pdf	medium	reused_existing	2026-05-29T22:23:00.495715+00:00	
521027-79b9ed779984	79b9ed779984741c7d9a6d2f7eff82fd7b1afb0863d2c675abc476d0a5f76a24	521027.pdf	3360273	OBI_LIBRARY_ROOT:Thematic/Burmese/Burma JBRS/1969/521027.pdf	OBI_LIBRARY_ROOT:Thematic/Burmese/Burma JBRS/1969/521027.pdf | OBI_LIBRARY_ROOT:Thematic/Burmese/Burma JBRS/JBRS Originals/521027.pdf	data/local/bibliography_sources/521027-79b9ed779984/521027.pdf	1	1969 | JBRS Originals	pdf	medium	reused_existing	2026-05-29T22:23:00.495540+00:00	
521082-f377a63c4476	f377a63c44765585737ff6fdc088f5d6357701b8743f29e82e99c5fabb3a974c	521082.pdf	2240064	OBI_LIBRARY_ROOT:Thematic/Burmese/Burma JBRS/JBRS Originals/521082.pdf	OBI_LIBRARY_ROOT:Thematic/Burmese/Burma JBRS/JBRS Originals/521082.pdf	data/local/bibliography_sources/521082-f377a63c4476/521082.pdf	0	JBRS Originals	pdf	medium	reused_existing	2026-05-29T22:23:00.495347+00:00	
522001-2a3415f67469	2a3415f67469a7a34497c5256dec071677882750618b5675b1a49245257b9f41	522001.pdf	1610359	OBI_LIBRARY_ROOT:Thematic/Burmese/Burma JBRS/1969/522001.pdf	OBI_LIBRARY_ROOT:Thematic/Burmese/Burma JBRS/1969/522001.pdf | OBI_LIBRARY_ROOT:Thematic/Burmese/Burma JBRS/JBRS Originals/522001.pdf	data/local/bibliography_sources/522001-2a3415f67469/522001.pdf	1	1969 | JBRS Originals	pdf	medium	reused_existing	2026-05-29T22:23:00.495166+00:00	
522027-5a0fb4e70541	5a0fb4e70541d894ba561adbc8dd6d689326b84b67eabe625389c6f9562840a9	522027.pdf	1139607	OBI_LIBRARY_ROOT:Thematic/Burmese/Burma JBRS/1969/522027.pdf	OBI_LIBRARY_ROOT:Thematic/Burmese/Burma JBRS/1969/522027.pdf | OBI_LIBRARY_ROOT:Thematic/Burmese/Burma JBRS/JBRS Originals/522027.pdf	data/local/bibliography_sources/522027-5a0fb4e70541/522027.pdf	1	1969 | JBRS Originals	pdf	medium	reused_existing	2026-05-29T22:23:00.495010+00:00	
522043-44fee62cc61a	44fee62cc61a68cfc893bdad1adb47a0c277c5c5a8a386f7b317c8e5f4566235	522043.pdf	1745646	OBI_LIBRARY_ROOT:Thematic/Burmese/Burma JBRS/1969/522043.pdf	OBI_LIBRARY_ROOT:Thematic/Burmese/Burma JBRS/1969/522043.pdf | OBI_LIBRARY_ROOT:Thematic/Burmese/Burma JBRS/JBRS Originals/522043.pdf	data/local/bibliography_sources/522043-44fee62cc61a/522043.pdf	1	1969 | JBRS Originals	pdf	medium	reused_existing	2026-05-29T22:23:00.494843+00:00	
522067-3e938b822ba7	3e938b822ba7695654957d3f7db0adaa9c65291813eb3d2fafdca0344835b2f4	522067.pdf	1132378	OBI_LIBRARY_ROOT:Thematic/Burmese/Burma JBRS/1969/522067.pdf	OBI_LIBRARY_ROOT:Thematic/Burmese/Burma JBRS/1969/522067.pdf | OBI_LIBRARY_ROOT:Thematic/Burmese/Burma JBRS/JBRS Originals/522067.pdf	data/local/bibliography_sources/522067-3e938b822ba7/522067.pdf	1	1969 | JBRS Originals	pdf	medium	reused_existing	2026-05-29T22:23:00.494655+00:00	
522081-804ebeadbaaa	804ebeadbaaa37df18a6f13a1ba64edeeb72e788e97cf29e5d15ff6d3e0bc0f0	522081.pdf	1759890	OBI_LIBRARY_ROOT:Thematic/Burmese/Burma JBRS/1969/522081.pdf	OBI_LIBRARY_ROOT:Thematic/Burmese/Burma JBRS/1969/522081.pdf	data/local/bibliography_sources/522081-804ebeadbaaa/522081.pdf	0	1969	pdf	medium	reused_existing	2026-05-29T22:23:00.494137+00:00	
522081-52bfbf6bac34	52bfbf6bac3479e3572c2a303a9a3cc840b88dde1456373bb619e37c0d586b1b	522081.pdf	1759890	OBI_LIBRARY_ROOT:Thematic/Burmese/Burma JBRS/JBRS Originals/522081.pdf	OBI_LIBRARY_ROOT:Thematic/Burmese/Burma JBRS/JBRS Originals/522081.pdf	data/local/bibliography_sources/522081-52bfbf6bac34/522081.pdf	0	JBRS Originals	pdf	medium	reused_existing	2026-05-29T22:23:00.494472+00:00	
531001-12d68eece0a6	12d68eece0a6ad597e3c485a8db67184cb877483062d0e8a436194fafafd608e	531001.pdf	804154	OBI_LIBRARY_ROOT:Thematic/Burmese/Burma JBRS/1969/531001.pdf	OBI_LIBRARY_ROOT:Thematic/Burmese/Burma JBRS/1969/531001.pdf | OBI_LIBRARY_ROOT:Thematic/Burmese/Burma JBRS/JBRS Originals/531001.pdf	data/local/bibliography_sources/531001-12d68eece0a6/531001.pdf	1	1969 | JBRS Originals	pdf	medium	reused_existing	2026-05-29T22:23:00.493913+00:00	
531025-5721e89a1fce	5721e89a1fcebfd4a72fc6822d44b360c8bd083987ef07d8782616eb7e200bb0	531025.pdf	1684598	OBI_LIBRARY_ROOT:Thematic/Burmese/Burma JBRS/1970/531025.pdf	OBI_LIBRARY_ROOT:Thematic/Burmese/Burma JBRS/1970/531025.pdf | OBI_LIBRARY_ROOT:Thematic/Burmese/Burma JBRS/JBRS Originals/531025.pdf	data/local/bibliography_sources/531025-5721e89a1fce/531025.pdf	1	1970 | JBRS Originals	pdf	medium	reused_existing	2026-05-29T22:23:00.493691+00:00	
531053-277c49f9765c	277c49f9765c6e263fb95b5bf6bed2eba67a4b351850152e9d383ea7665593be	531053.pdf	918196	OBI_LIBRARY_ROOT:Thematic/Burmese/Burma JBRS/JBRS Originals/531053.pdf	OBI_LIBRARY_ROOT:Thematic/Burmese/Burma JBRS/1970/BurmeseHistoryArticles-ThanTun1970.pdf | OBI_LIBRARY_ROOT:Thematic/Burmese/Burma JBRS/JBRS Originals/531053.pdf	data/local/bibliography_sources/531053-277c49f9765c/531053.pdf	1	1970 | JBRS Originals	pdf	medium	reused_existing	2026-05-29T22:23:00.493472+00:00	
531067-5ad28de9cedd	5ad28de9cedd7fc1d2001043ea39d003d260b8cbcb9eb587451b03af8fa87f16	531067.pdf	1026116	OBI_LIBRARY_ROOT:Thematic/Burmese/Burma JBRS/1970/531067.pdf	OBI_LIBRARY_ROOT:Thematic/Burmese/Burma JBRS/1970/531067.pdf | OBI_LIBRARY_ROOT:Thematic/Burmese/Burma JBRS/JBRS Originals/531067.pdf	data/local/bibliography_sources/531067-5ad28de9cedd/531067.pdf	1	1970 | JBRS Originals	pdf	medium	reused_existing	2026-05-29T22:23:00.493244+00:00	
531084-ac0c3bc6097d	ac0c3bc6097df69ea0c3a52c89d7cabd7904713ac32e66e1c062a00c1e7321f1	531084.pdf	2400615	OBI_LIBRARY_ROOT:Thematic/Burmese/Burma JBRS/1970/531084.pdf	OBI_LIBRARY_ROOT:Thematic/Burmese/Burma JBRS/1970/531084.pdf | OBI_LIBRARY_ROOT:Thematic/Burmese/Burma JBRS/JBRS Originals/531084.pdf	data/local/bibliography_sources/531084-ac0c3bc6097d/531084.pdf	1	1970 | JBRS Originals	pdf	medium	reused_existing	2026-05-29T22:23:00.493020+00:00	
532001-54ea9d686222	54ea9d686222e9a6a2e40c490d785c020adf175ed2553f4194fe9b46db719294	532001.pdf	1242441	OBI_LIBRARY_ROOT:Thematic/Burmese/Burma JBRS/JBRS Originals/532001.pdf	OBI_LIBRARY_ROOT:Thematic/Burmese/Burma JBRS/1970/ArakaneseCapitals_ThinKyi1970.pdf | OBI_LIBRARY_ROOT:Thematic/Burmese/Burma JBRS/JBRS Originals/532001.pdf	data/local/bibliography_sources/532001-54ea9d686222/532001.pdf	1	1970 | JBRS Originals	pdf	medium	reused_existing	2026-05-29T22:23:00.492760+00:00	
532015-bf55dc76c0f6	bf55dc76c0f6b8fdb39998c5c61831187ca04601150bcba9bd22a5a0633b65c3	532015.pdf	166259	OBI_LIBRARY_ROOT:Thematic/Burmese/Burma JBRS/1970/532015.pdf	OBI_LIBRARY_ROOT:Thematic/Burmese/Burma JBRS/1970/532015.pdf | OBI_LIBRARY_ROOT:Thematic/Burmese/Burma JBRS/JBRS Originals/532015.pdf	data/local/bibliography_sources/532015-bf55dc76c0f6/532015.pdf	1	1970 | JBRS Originals	pdf	medium	reused_existing	2026-05-29T22:23:00.492499+00:00	
532055-b29c344316ea	b29c344316ea99194fde254d815a9500fbfe647c975da5cca7177de931d47602	532055.pdf	709593	OBI_LIBRARY_ROOT:Thematic/Burmese/Burma JBRS/JBRS Originals/532055.pdf	OBI_LIBRARY_ROOT:Thematic/Burmese/Burma JBRS/JBRS Originals/532055.pdf	data/local/bibliography_sources/532055-b29c344316ea/532055.pdf	0	JBRS Originals	pdf	medium	reused_existing	2026-05-29T22:23:00.492302+00:00	
532065-ae5d457db89a	ae5d457db89a1658d53120aeaea901038aaf732ab6540dd350016d747e370650	532065.pdf	1867223	OBI_LIBRARY_ROOT:Thematic/Burmese/Burma JBRS/JBRS Originals/532065.pdf	OBI_LIBRARY_ROOT:Thematic/Burmese/Burma JBRS/1970/BurmeseEmbassy1872_Ba.pdf | OBI_LIBRARY_ROOT:Thematic/Burmese/Burma JBRS/JBRS Originals/532065.pdf	data/local/bibliography_sources/532065-ae5d457db89a/532065.pdf	1	1970 | JBRS Originals	pdf	medium	reused_existing	2026-05-29T22:23:00.492029+00:00	
541001-5d390a5034ab	5d390a5034ab3a13d8d6d1df6c8c97d3aef2cc5ecf7c9dc36012f1d13cf498a4	541001.pdf	2888272	OBI_LIBRARY_ROOT:Thematic/Burmese/Burma JBRS/JBRS Originals/541001.pdf	OBI_LIBRARY_ROOT:Thematic/Burmese/Burma JBRS/1971/OBEP-review-LuPeWin1971.pdf | OBI_LIBRARY_ROOT:Thematic/Burmese/Burma JBRS/JBRS Originals/541001.pdf	data/local/bibliography_sources/541001-5d390a5034ab/541001.pdf	1	1971 | JBRS Originals	pdf	medium	reused_existing	2026-05-29T22:23:00.491768+00:00	
541031-f0ff252c754e	f0ff252c754e2af611ab02b327b3745a228974152d327bb6914734ae050bfc6e	541031.pdf	1749546	OBI_LIBRARY_ROOT:Thematic/Burmese/Burma JBRS/JBRS Originals/541031.pdf	OBI_LIBRARY_ROOT:Thematic/Burmese/Burma JBRS/1971/PrinceMyingoon_Ba.pdf | OBI_LIBRARY_ROOT:Thematic/Burmese/Burma JBRS/JBRS Originals/541031.pdf	data/local/bibliography_sources/541031-f0ff252c754e/541031.pdf	1	1971 | JBRS Originals	pdf	medium	reused_existing	2026-05-29T22:23:00.491517+00:00	
541059-193dbfebe909	193dbfebe90905d7e5aa3aeb0d33474d550f26c104803a89701a02662c3c520c	541059.pdf	2651520	OBI_LIBRARY_ROOT:Thematic/Burmese/Burma JBRS/1971/541059.pdf	OBI_LIBRARY_ROOT:Thematic/Burmese/Burma JBRS/1971/541059.pdf	data/local/bibliography_sources/541059-193dbfebe909/541059.pdf	0	1971	pdf	medium	reused_existing	2026-05-29T22:23:00.491276+00:00	
541059-b5548d957006	b5548d9570060ea562226534c6f35e1b9916d2f92ba413f0dd4d07545cfff4e1	541059.pdf	2651520	OBI_LIBRARY_ROOT:Thematic/Burmese/Burma JBRS/JBRS Originals/541059.pdf	OBI_LIBRARY_ROOT:Thematic/Burmese/Burma JBRS/JBRS Originals/541059.pdf	data/local/bibliography_sources/541059-b5548d957006/541059.pdf	0	JBRS Originals	pdf	medium	reused_existing	2026-05-29T22:23:00.491040+00:00	
541115-aea7863f5b7e	aea7863f5b7e7436ad0679bcebb0754560094e6461cc69babcf9e74d06122f5f	541115.pdf	451329	OBI_LIBRARY_ROOT:Thematic/Burmese/Burma JBRS/JBRS Originals/541115.pdf	OBI_LIBRARY_ROOT:Thematic/Burmese/Burma JBRS/1971/Ba1971-GalloManuscript.pdf | OBI_LIBRARY_ROOT:Thematic/Burmese/Burma JBRS/JBRS Originals/541115.pdf	data/local/bibliography_sources/541115-aea7863f5b7e/541115.pdf	1	1971 | JBRS Originals	pdf	medium	reused_existing	2026-05-29T22:23:00.490772+00:00	
551001-288f1cafacb0	288f1cafacb05e246d94367fd06ec90f3172572cc96d3e71c523029cfec381cc	551001.pdf	594117	OBI_LIBRARY_ROOT:Thematic/Burmese/Burma JBRS/JBRS Originals/551001.pdf	OBI_LIBRARY_ROOT:Thematic/Burmese/Burma JBRS/1972/ScientificResearch_BaHli1972.pdf | OBI_LIBRARY_ROOT:Thematic/Burmese/Burma JBRS/JBRS Originals/551001.pdf	data/local/bibliography_sources/551001-288f1cafacb0/551001.pdf	1	1972 | JBRS Originals	pdf	medium	reused_existing	2026-05-29T22:23:00.490499+00:00	
551009-a1da1a27ffb0	a1da1a27ffb04d54b4c09a562814d11f2d81457b995910dbc1ee17c7f9170894	551009.pdf	508206	OBI_LIBRARY_ROOT:Thematic/Burmese/Burma JBRS/JBRS Originals/551009.pdf	OBI_LIBRARY_ROOT:Thematic/Burmese/Burma JBRS/1972/MonPlate-NaiPanHla-Guillon1972.pdf | OBI_LIBRARY_ROOT:Thematic/Burmese/Burma JBRS/JBRS Originals/551009.pdf	data/local/bibliography_sources/551009-a1da1a27ffb0/551009.pdf	1	1972 | JBRS Originals	pdf	medium	reused_existing	2026-05-29T22:23:00.490211+00:00	
551019-34dba7e5ac25	34dba7e5ac258d8983419ad6ecc02d9525c44640f127acd39b153fefd08a7c27	551019.pdf	1680521	OBI_LIBRARY_ROOT:Thematic/Burmese/Burma JBRS/1972/551019.pdf	OBI_LIBRARY_ROOT:Thematic/Burmese/Burma JBRS/1972/551019.pdf | OBI_LIBRARY_ROOT:Thematic/Burmese/Burma JBRS/JBRS Originals/551019.pdf	data/local/bibliography_sources/551019-34dba7e5ac25/551019.pdf	1	1972 | JBRS Originals	pdf	medium	reused_existing	2026-05-29T22:23:00.489932+00:00	
551047-4319c4d8dfb4	4319c4d8dfb43dc4be599afc35641b86e1211bc23b2c1a000f7b96359855943f	551047.pdf	2202784	OBI_LIBRARY_ROOT:Thematic/Burmese/Burma JBRS/1972/551047.pdf	OBI_LIBRARY_ROOT:Thematic/Burmese/Burma JBRS/1972/551047.pdf | OBI_LIBRARY_ROOT:Thematic/Burmese/Burma JBRS/JBRS Originals/551047.pdf	data/local/bibliography_sources/551047-4319c4d8dfb4/551047.pdf	1	1972 | JBRS Originals	pdf	medium	reused_existing	2026-05-29T22:23:00.489681+00:00	
551101-1a7b211be44e	1a7b211be44e46fccc96eef72e85d1574d73eaa3d5bdca29bb02147788bbd0ed	551101.pdf	192284	OBI_LIBRARY_ROOT:Thematic/Burmese/Burma JBRS/JBRS Originals/551101.pdf	OBI_LIBRARY_ROOT:Thematic/Burmese/Burma JBRS/1972/BaShinObit-NaiPanHla1972.pdf | OBI_LIBRARY_ROOT:Thematic/Burmese/Burma JBRS/JBRS Originals/551101.pdf	data/local/bibliography_sources/551101-1a7b211be44e/551101.pdf	1	1972 | JBRS Originals	pdf	medium	reused_existing	2026-05-29T22:23:00.489433+00:00	
561001-20676fae98a7	20676fae98a73e4692684168122c3e6981a6f555eaeee0e1c74ee2cd885db187	561001.pdf	2070350	OBI_LIBRARY_ROOT:Thematic/Burmese/Burma JBRS/1973/561001.pdf	OBI_LIBRARY_ROOT:Thematic/Burmese/Burma JBRS/1973/561001.pdf | OBI_LIBRARY_ROOT:Thematic/Burmese/Burma JBRS/JBRS Originals/561001.pdf	data/local/bibliography_sources/561001-20676fae98a7/561001.pdf	1	1973 | JBRS Originals	pdf	medium	reused_existing	2026-05-29T22:23:00.489176+00:00	
561031-abba8fd405a5	abba8fd405a581f999cad8a7365b55748376864fd688cdd696952ed6630c2d51	561031.pdf	1111909	OBI_LIBRARY_ROOT:Thematic/Burmese/Burma JBRS/JBRS Originals/561031.pdf	OBI_LIBRARY_ROOT:Thematic/Burmese/Burma JBRS/JBRS Originals/561031.pdf	data/local/bibliography_sources/561031-abba8fd405a5/561031.pdf	0	JBRS Originals	pdf	medium	reused_existing	2026-05-29T22:23:00.488931+00:00	
561047-a08dfe2df947	a08dfe2df9479aae5e71d33b370c899c6d88180f61f39f249241a040e716bc70	561047.pdf	898325	OBI_LIBRARY_ROOT:Thematic/Burmese/Burma JBRS/1973/561047.pdf	OBI_LIBRARY_ROOT:Thematic/Burmese/Burma JBRS/1973/561047.pdf | OBI_LIBRARY_ROOT:Thematic/Burmese/Burma JBRS/JBRS Originals/561047.pdf	data/local/bibliography_sources/561047-a08dfe2df947/561047.pdf	1	1973 | JBRS Originals	pdf	medium	reused_existing	2026-05-29T22:23:00.488660+00:00	
561059-6e510ea34a40	6e510ea34a408f8c36c26e4690ee13e28930332456c45ea6206bbf55c66d6d31	561059.pdf	107167	OBI_LIBRARY_ROOT:Thematic/Burmese/Burma JBRS/JBRS Originals/561059.pdf	OBI_LIBRARY_ROOT:Thematic/Burmese/Burma JBRS/1973/ThiripyanchiUMyaObit_AungThaw.pdf | OBI_LIBRARY_ROOT:Thematic/Burmese/Burma JBRS/JBRS Originals/561059.pdf	data/local/bibliography_sources/561059-6e510ea34a40/561059.pdf	1	1973 | JBRS Originals	pdf	medium	reused_existing	2026-05-29T22:23:00.488414+00:00	
561061-932ad0baa12f	932ad0baa12ffd79e2ee21f334017bf454fbd9fadd07396ef5e9840132d1dd4c	561061.pdf	490819	OBI_LIBRARY_ROOT:Thematic/Burmese/Burma JBRS/1973/561061.pdf	OBI_LIBRARY_ROOT:Thematic/Burmese/Burma JBRS/1973/561061.pdf | OBI_LIBRARY_ROOT:Thematic/Burmese/Burma JBRS/JBRS Originals/561061.pdf	data/local/bibliography_sources/561061-932ad0baa12f/561061.pdf	1	1973 | JBRS Originals	pdf	medium	reused_existing	2026-05-29T22:23:00.488160+00:00	
561069-dedf4ac8d983	dedf4ac8d983cb2a66d481f762850126a214fe675707c933a3c98b26495919d3	561069.pdf	2066314	OBI_LIBRARY_ROOT:Thematic/Burmese/Burma JBRS/1973/561069.pdf	OBI_LIBRARY_ROOT:Thematic/Burmese/Burma JBRS/1973/561069.pdf | OBI_LIBRARY_ROOT:Thematic/Burmese/Burma JBRS/JBRS Originals/561069.pdf	data/local/bibliography_sources/561069-dedf4ac8d983/561069.pdf	1	1973 | JBRS Originals	pdf	medium	reused_existing	2026-05-29T22:23:00.487902+00:00	
561098-a075d9393958	a075d939395803870a92748742dc439f3b40478aa05aa601e83e8d50e1c88004	561098.pdf	1510650	OBI_LIBRARY_ROOT:Thematic/Burmese/Burma JBRS/1973/561098.pdf	OBI_LIBRARY_ROOT:Thematic/Burmese/Burma JBRS/1973/561098.pdf | OBI_LIBRARY_ROOT:Thematic/Burmese/Burma JBRS/JBRS Originals/561098.pdf	data/local/bibliography_sources/561098-a075d9393958/561098.pdf	1	1973 | JBRS Originals	pdf	medium	reused_existing	2026-05-29T22:23:00.487646+00:00	
571001-da9c84549c18	da9c84549c18ab32a1400d7fea0020e512d217f385efa7977e314be7a8250571	571001.pdf	823085	OBI_LIBRARY_ROOT:Thematic/Burmese/Burma JBRS/JBRS Originals/571001.pdf	OBI_LIBRARY_ROOT:Thematic/Burmese/Burma JBRS/JBRS Originals/571001.pdf	data/local/bibliography_sources/571001-da9c84549c18/571001.pdf	0	JBRS Originals	pdf	medium	reused_existing	2026-05-29T22:23:00.487356+00:00	
581001-be5a2bce5392	be5a2bce5392c1037926247b6ddd69d006afebad667314e2edf0ec1090db35e9	581001.pdf	608882	OBI_LIBRARY_ROOT:Thematic/Burmese/Burma JBRS/JBRS Originals/581001.pdf	OBI_LIBRARY_ROOT:Thematic/Burmese/Burma JBRS/1975/HtinAung1975-HarveyPapers.pdf | OBI_LIBRARY_ROOT:Thematic/Burmese/Burma JBRS/JBRS Originals/581001.pdf	data/local/bibliography_sources/581001-be5a2bce5392/581001.pdf	1	1975 | JBRS Originals	pdf	medium	reused_existing	2026-05-29T22:23:00.487068+00:00	
581053-41496a2a01b9	41496a2a01b969a52b23c9a3d0f972a1be15fb63e86d7564f2739f8ec741a561	581053_1975 ComparativeOldModernBurmese.pdf	1011561	OBI_AUTHOR_ALPHA_ROOT:Pe Maung Tin/581053_1975 ComparativeOldModernBurmese.pdf	OBI_AUTHOR_ALPHA_ROOT:Pe Maung Tin/581053_1975 ComparativeOldModernBurmese.pdf | OBI_LIBRARY_ROOT:Authors alphabetical/Pe Maung Tin/581053_1975 ComparativeOldModernBurmese.pdf | OBI_LIBRARY_ROOT:Thematic/Burmese/Burma JBRS/1975/NaiPanHla1975-OldModernBurmese.pdf | OBI_LIBRARY_ROOT:Thematic/Burmese/Burma JBRS/JBRS Originals/581053.pdf	data/local/bibliography_sources/581053-41496a2a01b9/581053.pdf	3	JBRS Originals | Pe Maung Tin	pdf	medium	reused_existing	2026-05-29T22:23:00.486737+00:00	
581079-7dd15c7303fe	7dd15c7303fe77ebe574f88d9108874ce64e95b4515922bd148336f3fb5c7d9e	581079.pdf	754832	OBI_LIBRARY_ROOT:Thematic/Burmese/Burma JBRS/1975/581079.pdf	OBI_LIBRARY_ROOT:Thematic/Burmese/Burma JBRS/1975/581079.pdf | OBI_LIBRARY_ROOT:Thematic/Burmese/Burma JBRS/JBRS Originals/581079.pdf	data/local/bibliography_sources/581079-7dd15c7303fe/581079.pdf	1	1975 | JBRS Originals	pdf	medium	reused_existing	2026-05-29T22:23:00.486677+00:00	
581093-bbd8cadb5e11	bbd8cadb5e11e35a1a8ff1a5cb26ee0073eef6612f64ece8b4f63e9ff78951d0	581093.pdf	584920	OBI_LIBRARY_ROOT:Thematic/Burmese/Burma JBRS/JBRS Originals/581093.pdf	OBI_LIBRARY_ROOT:Thematic/Burmese/Burma JBRS/1975/Buddhaghosa-LuPeWin1975.pdf | OBI_LIBRARY_ROOT:Thematic/Burmese/Burma JBRS/JBRS Originals/581093.pdf	data/local/bibliography_sources/581093-bbd8cadb5e11/581093.pdf	1	1975 | JBRS Originals	pdf	medium	reused_existing	2026-05-29T22:23:00.486386+00:00	
582118-feabd8f61689	feabd8f616894c9ffa21bb22f04a8180e3d5d4cd1c8a4abacec1044508c40165	582118.pdf	499506	OBI_LIBRARY_ROOT:Thematic/Burmese/Burma JBRS/1976/582118.pdf	OBI_LIBRARY_ROOT:Thematic/Burmese/Burma JBRS/1976/582118.pdf | OBI_LIBRARY_ROOT:Thematic/Burmese/Burma JBRS/JBRS Originals/582118.pdf	data/local/bibliography_sources/582118-feabd8f61689/582118.pdf	1	1976 | JBRS Originals	pdf	medium	reused_existing	2026-05-29T22:23:00.485990+00:00	
582119a-9e42a3188743	9e42a3188743fef2d9d82804cb71894fc603828739e6c4824622ac103cb29c2b	582119A.pdf	3119940	OBI_LIBRARY_ROOT:Thematic/Burmese/Burma JBRS/JBRS Originals/582119A.pdf	OBI_LIBRARY_ROOT:Thematic/Burmese/Burma JBRS/1975/PaliMonPagan1-Luce1975.pdf | OBI_LIBRARY_ROOT:Thematic/Burmese/Burma JBRS/1976/PaliMonPagan1-Luce1976.pdf | OBI_LIBRARY_ROOT:Thematic/Burmese/Burma JBRS/JBRS Originals/582119A.pdf	data/local/bibliography_sources/582119a-9e42a3188743/582119A.pdf	2	1976 | JBRS Originals	pdf	medium	reused_existing	2026-05-29T22:23:00.485687+00:00	
582119b-a8029eab19f6	a8029eab19f6f90be5a9dc86982004d9a2418a0281755bf119c9d05f71a97929	582119B.pdf	2061774	OBI_LIBRARY_ROOT:Thematic/Burmese/Burma JBRS/JBRS Originals/582119B.pdf	OBI_LIBRARY_ROOT:Thematic/Burmese/Burma JBRS/1975/PaliMonPagan2-Luce1975.pdf | OBI_LIBRARY_ROOT:Thematic/Burmese/Burma JBRS/1976/PaliMonPagan2-Luce1976.pdf | OBI_LIBRARY_ROOT:Thematic/Burmese/Burma JBRS/JBRS Originals/582119B.pdf	data/local/bibliography_sources/582119b-a8029eab19f6/582119B.pdf	2	1976 | JBRS Originals	pdf	medium	reused_existing	2026-05-29T22:23:00.485350+00:00	
591001-2983541dd14c	2983541dd14cff0d1c482f23de73945c56e04866bd0c783da0df81fd9dc4d12f	591001.pdf	1522379	OBI_LIBRARY_ROOT:Thematic/Burmese/Burma JBRS/1977/591001.pdf	OBI_LIBRARY_ROOT:Thematic/Burmese/Burma JBRS/1977/591001.pdf | OBI_LIBRARY_ROOT:Thematic/Burmese/Burma JBRS/JBRS Originals/591001.pdf	data/local/bibliography_sources/591001-2983541dd14c/591001.pdf	1	1977 | JBRS Originals	pdf	medium	reused_existing	2026-05-29T22:23:00.484903+00:00	
591049-2e72a165080c	2e72a165080cbaca283bcd8473fd1df91db49ff91a9b6ee4470d4dc249b1caff	591049.pdf	3067935	OBI_LIBRARY_ROOT:Thematic/Burmese/Burma JBRS/1977/591049.pdf	OBI_LIBRARY_ROOT:Thematic/Burmese/Burma JBRS/1977/591049.pdf | OBI_LIBRARY_ROOT:Thematic/Burmese/Burma JBRS/JBRS Originals/591049.pdf	data/local/bibliography_sources/591049-2e72a165080c/591049.pdf	1	1977 | JBRS Originals	pdf	medium	reused_existing	2026-05-29T22:23:00.484586+00:00	
591097-50b0df275d48	50b0df275d48106086ac02397b0e67ce4b8b707c94f229c6e96f23d8600b2b6b	591097.pdf	90629	OBI_LIBRARY_ROOT:Thematic/Burmese/Burma JBRS/1977/591097.pdf	OBI_LIBRARY_ROOT:Thematic/Burmese/Burma JBRS/1976/ChronologyEarthquakes-Thawbita1976.pdf | OBI_LIBRARY_ROOT:Thematic/Burmese/Burma JBRS/1977/591097.pdf | OBI_LIBRARY_ROOT:Thematic/Burmese/Burma JBRS/JBRS Originals/591097.pdf	data/local/bibliography_sources/591097-50b0df275d48/591097.pdf	2	1977 | JBRS Originals	pdf	medium	reused_existing	2026-05-29T22:23:00.484284+00:00	
591101-97bd9fc2605c	97bd9fc2605c8bddab5c93b5bf0591bbc9b2dde94d0f02dff35d57f94afc5259	591101.pdf	1289489	OBI_LIBRARY_ROOT:Thematic/Burmese/Burma JBRS/1977/591101.pdf	OBI_LIBRARY_ROOT:Thematic/Burmese/Burma JBRS/1976/AnandaInscriptions-Tinlwin1976.pdf | OBI_LIBRARY_ROOT:Thematic/Burmese/Burma JBRS/1977/591101.pdf | OBI_LIBRARY_ROOT:Thematic/Burmese/Burma JBRS/JBRS Originals/591101.pdf	data/local/bibliography_sources/591101-97bd9fc2605c/591101.pdf	2	1977 | JBRS Originals	pdf	medium	reused_existing	2026-05-29T22:23:00.483998+00:00	
591121-22be2115b3bb	22be2115b3bb19a64113933c6532d68dcfea6da9b54ca9e92d9e5fbae9df9824	591121.pdf	190346	OBI_LIBRARY_ROOT:Thematic/Burmese/Burma JBRS/1977/591121.pdf	OBI_LIBRARY_ROOT:Thematic/Burmese/Burma JBRS/1976/Kamram-Luce1976.pdf | OBI_LIBRARY_ROOT:Thematic/Burmese/Burma JBRS/1977/591121.pdf | OBI_LIBRARY_ROOT:Thematic/Burmese/Burma JBRS/JBRS Originals/591121.pdf	data/local/bibliography_sources/591121-22be2115b3bb/591121.pdf	2	1976 | 1977 | JBRS Originals	pdf	medium	reused_existing	2026-05-29T22:23:00.483680+00:00	
591125-908f4cfa5504	908f4cfa5504c27442ea6cf8671c2bdc7b7240a5632e4a51bd454c443766ec3c	591125.pdf	566759	OBI_LIBRARY_ROOT:Thematic/Burmese/Burma JBRS/1977/591125.pdf	OBI_LIBRARY_ROOT:Thematic/Burmese/Burma JBRS/1976/DipavamsaMahavamsa_Godakambura1976.pdf | OBI_LIBRARY_ROOT:Thematic/Burmese/Burma JBRS/1977/591125.pdf | OBI_LIBRARY_ROOT:Thematic/Burmese/Burma JBRS/JBRS Originals/591125.pdf	data/local/bibliography_sources/591125-908f4cfa5504/591125.pdf	2	1977 | JBRS Originals	pdf	medium	reused_existing	2026-05-29T22:23:00.483374+00:00	
591137-ff80fd1fdaca	ff80fd1fdacaf36e9dcadfca0b838b68825309e3dabc6785bbaa9602b67fd7fa	591137.pdf	896091	OBI_LIBRARY_ROOT:Thematic/Burmese/Burma JBRS/1977/591137.pdf	OBI_LIBRARY_ROOT:Thematic/Burmese/Burma JBRS/1977/591137.pdf | OBI_LIBRARY_ROOT:Thematic/Burmese/Burma JBRS/JBRS Originals/591137.pdf	data/local/bibliography_sources/591137-ff80fd1fdaca/591137.pdf	1	1977 | JBRS Originals	pdf	medium	reused_existing	2026-05-29T22:23:00.483091+00:00	
591155-15cf4fdd97ba	15cf4fdd97baa8fae14d3a374dea3985b2a2ab9083413a71f80b25304a98c405	591155.pdf	423253	OBI_LIBRARY_ROOT:Thematic/Burmese/Burma JBRS/1977/591155.pdf	OBI_LIBRARY_ROOT:Thematic/Burmese/Burma JBRS/1977/591155.pdf	data/local/bibliography_sources/591155-15cf4fdd97ba/591155.pdf	0	1977	pdf	medium	reused_existing	2026-05-29T22:23:00.482804+00:00	
591155-55e4e110d08a	55e4e110d08a0b505ef1c423f8529d64604a876a2a9bb0edb21cea2091fd37ad	591155.pdf	500751	OBI_LIBRARY_ROOT:Thematic/Burmese/Burma JBRS/JBRS Originals/591155.pdf	OBI_LIBRARY_ROOT:Thematic/Burmese/Burma JBRS/1976/SonaUttara-Saimong1976.pdf | OBI_LIBRARY_ROOT:Thematic/Burmese/Burma JBRS/JBRS Originals/591155.pdf	data/local/bibliography_sources/591155-55e4e110d08a/591155.pdf	1	1976 | JBRS Originals	pdf	medium	reused_existing	2026-05-29T22:23:00.482517+00:00	
591165-2e8ef52605fa	2e8ef52605fac55eda69d650be208cf7bf6fe15a5623e5b00fccbd095d949081	591165.pdf	81573	OBI_LIBRARY_ROOT:Thematic/Burmese/Burma JBRS/1977/591165.pdf	OBI_LIBRARY_ROOT:Thematic/Burmese/Burma JBRS/1976/ThatonExcavation-NaiPanHla1976.pdf | OBI_LIBRARY_ROOT:Thematic/Burmese/Burma JBRS/1977/591165.pdf | OBI_LIBRARY_ROOT:Thematic/Burmese/Burma JBRS/JBRS Originals/591165.pdf	data/local/bibliography_sources/591165-2e8ef52605fa/591165.pdf	2	1977 | JBRS Originals	pdf	medium	reused_existing	2026-05-29T22:23:00.482126+00:00	
591167-905f16d06500	905f16d065008ea472792b1365b2c3a19ece57e0d4b50bf2e70ada931154314a	591167.pdf	339616	OBI_LIBRARY_ROOT:Thematic/Burmese/Burma JBRS/1977/591167.pdf	OBI_LIBRARY_ROOT:Thematic/Burmese/Burma JBRS/1977/591167.pdf | OBI_LIBRARY_ROOT:Thematic/Burmese/Burma JBRS/JBRS Originals/591167.pdf	data/local/bibliography_sources/591167-905f16d06500/591167.pdf	1	1977 | JBRS Originals	pdf	medium	reused_existing	2026-05-29T22:23:00.481813+00:00	
5_hlaingwinswe_myanmarbell-474fed907f4c	474fed907f4cde24affe45b14353ef32c46fcffc4948d91950963e4b6870c27e	5_HlaingWinSwe_MyanmarBell.pdf	5737196	OBI_LIBRARY_ROOT:Thematic/Burmese/DownloadsFromBurmeseInscriptionsFacebookGroup/5_HlaingWinSwe_MyanmarBell.pdf	OBI_LIBRARY_ROOT:Thematic/Burmese/DownloadsFromBurmeseInscriptionsFacebookGroup/5_HlaingWinSwe_MyanmarBell.pdf	data/local/bibliography_sources/5_hlaingwinswe_myanmarbell-474fed907f4c/5_HlaingWinSwe_MyanmarBell.pdf	0	DownloadsFromBurmeseInscriptionsFacebookGroup	pdf	medium	reused_existing	2026-05-29T22:23:00.481521+00:00	
83_luhtudawamar_worldbiggestbook-66c77079fe10	66c77079fe10fade0f24d820173e2a81b651dbb8cae7e8289328c55dfe9bd828	83_LuHtuDawAMar_WorldBiggestBook.pdf	1876497	OBI_LIBRARY_ROOT:Thematic/Burmese/DownloadsFromBurmeseInscriptionsFacebookGroup/83_LuHtuDawAMar_WorldBiggestBook.pdf	OBI_LIBRARY_ROOT:Thematic/Burmese/DownloadsFromBurmeseInscriptionsFacebookGroup/83_LuHtuDawAMar_WorldBiggestBook.pdf	data/local/bibliography_sources/83_luhtudawamar_worldbiggestbook-66c77079fe10/83_LuHtuDawAMar_WorldBiggestBook.pdf	0	DownloadsFromBurmeseInscriptionsFacebookGroup	pdf	medium	reused_existing	2026-05-29T22:23:00.481234+00:00	
9940692_bhattacharayya_benoytosh_the_ind-2457690f4b1e	2457690f4b1ece46e25c4ebba984fc6b9414bafafd7e78b4c99b65e7185062a3	9940692-Bhattacharayya-Benoytosh-The-Indian-Buddhist-Iconography[1].pdf	71426205	OBI_LIBRARY_ROOT:Thematic/from Gergoe/9940692-Bhattacharayya-Benoytosh-The-Indian-Buddhist-Iconography[1].pdf	OBI_LIBRARY_ROOT:Thematic/from Gergoe/9940692-Bhattacharayya-Benoytosh-The-Indian-Buddhist-Iconography[1].pdf	data/local/bibliography_sources/9940692_bhattacharayya_benoytosh_the_ind-2457690f4b1e/9940692-Bhattacharayya-Benoytosh-The-Indian-Buddhist-Iconography[1].pdf	0	from Gergoe	pdf	medium	copied	2026-05-29T20:58:59.818300+00:00	
a_brief_survey_of_the_controversy_in_ver-1fe5baeaffee	1fe5baeaffee09999371fdc23d648e4e134182b59ed54ec762ef464af504962c	A Brief Survey of the Controversy in Verb Pronominalization in Tibeto-Burman.pdf	1131590	OBI_AUTHOR_ALPHA_ROOT:Nishi/A Brief Survey of the Controversy in Verb Pronominalization in Tibeto-Burman.pdf	OBI_AUTHOR_ALPHA_ROOT:Nishi/A Brief Survey of the Controversy in Verb Pronominalization in Tibeto-Burman.pdf | OBI_LIBRARY_ROOT:Authors alphabetical/Nishi/A Brief Survey of the Controversy in Verb Pronominalization in Tibeto-Burman.pdf	data/local/bibliography_sources/a_brief_survey_of_the_controversy_in_ver-1fe5baeaffee/A Brief Survey of the Controversy in Verb Pronominalization in Tibeto-Burman.pdf	1	Nishi	pdf	medium	reused_existing	2026-05-29T22:23:00.480950+00:00	
a_catalgoue_of_tibetan_inscriptions-e5feba9c67d0	e5feba9c67d09d7e042a8db781c907997f09b6c5d276ccdecc02bbfafe86e2bf	A Catalgoue of Tibetan Inscriptions.doc	89600	OBI_LIBRARY_ROOT:Thematic/Tibetan/Tib texts/inscriptions/Catalog Inscriptions Bibliography/A Catalgoue of Tibetan Inscriptions.doc	OBI_LIBRARY_ROOT:Thematic/Tibetan/Tib texts/inscriptions/Catalog Inscriptions Bibliography/A Catalgoue of Tibetan Inscriptions.doc	data/local/bibliography_sources/a_catalgoue_of_tibetan_inscriptions-e5feba9c67d0/A Catalgoue of Tibetan Inscriptions.doc	0	Catalog Inscriptions Bibliography	doc	medium	copied	2026-05-29T20:58:58.269304+00:00	
a1_editorial_luce1924-099d53582376	099d53582376f5e1effb14c2687da9ddd13187a5791ea010c3d2647a207a753d	A1-Editorial-Luce1924.pdf	210040	OBI_LIBRARY_ROOT:Thematic/Burmese/Burma JBRS/1924/A1-Editorial-Luce1924.pdf	OBI_LIBRARY_ROOT:Thematic/Burmese/Burma JBRS/1924/A1-Editorial-Luce1924.pdf	data/local/bibliography_sources/a1_editorial_luce1924-099d53582376/A1-Editorial-Luce1924.pdf	0	1924	pdf	medium	reused_existing	2026-05-29T22:23:00.480887+00:00	
a5_countriesneighbouringburma2_luce_ref_-c1353abdc155	c1353abdc155af2222a80016be7c6f41bf112f54b8a95444d158f07d5a045e97	A5-CountriesNeighbouringBurma2-Luce-ref-Pelliot1924.pdf	2561130	OBI_LIBRARY_ROOT:Thematic/Burmese/Burma JBRS/1924/A5-CountriesNeighbouringBurma2-Luce-ref-Pelliot1924.pdf	OBI_LIBRARY_ROOT:Thematic/Burmese/Burma JBRS/1924/A5-CountriesNeighbouringBurma2-Luce-ref-Pelliot1924.pdf	data/local/bibliography_sources/a5_countriesneighbouringburma2_luce_ref_-c1353abdc155/A5-CountriesNeighbouringBurma2-Luce-ref-Pelliot1924.pdf	0	1924	pdf	medium	reused_existing	2026-05-29T22:23:00.480602+00:00	
altmyanmar_kommentare_fernuniversita_t_y-1b0ca9d8d9a4	1b0ca9d8d9a49df11fa29835614d00a69d6a580e921dc2b7a09f0bf21cc9e436	ALTMYANMAR, Kommentare,  Fernuniversität Yangon.pdf	15197264	OBI_LIBRARY_ROOT:Thematic/Burmese/OBur/from Uta Gärtner/ALTMYANMAR, Kommentare,  Fernuniversität Yangon.pdf	OBI_LIBRARY_ROOT:Thematic/Burmese/OBur/from Uta Gärtner/ALTMYANMAR, Kommentare,  Fernuniversität Yangon.pdf	data/local/bibliography_sources/altmyanmar_kommentare_fernuniversita_t_y-1b0ca9d8d9a4/ALTMYANMAR, Kommentare,  Fernuniversität Yangon.pdf	0	from Uta Gärtner	pdf	medium	copied	2026-05-29T21:20:18.441135+00:00	
aikhenvald_and_lapolla_2007_new_perspect-5627a6e2e13f	5627a6e2e13fb96a02d831a9b3a9859eccbfbcb11bd8a86adbe7846c4d5464ee	Aikhenvald_and_LaPolla_2007_New_perspectives_on_evidentials_-_a_view_from_Tibeto-Burman.pdf	170349	OBI_AUTHOR_ALPHA_ROOT:LaPolla/Aikhenvald_and_LaPolla_2007_New_perspectives_on_evidentials_-_a_view_from_Tibeto-Burman.pdf	OBI_AUTHOR_ALPHA_ROOT:Aikhenvald/Aikhenvald_and_LaPolla_2007_New_perspectives_on_evidentials_-_a_view_from_Tibeto-Burman.pdf | OBI_AUTHOR_ALPHA_ROOT:LaPolla/Aikhenvald_and_LaPolla_2007_New_perspectives_on_evidentials_-_a_view_from_Tibeto-Burman.pdf | OBI_LIBRARY_ROOT:Authors alphabetical/Aikhenvald/Aikhenvald_and_LaPolla_2007_New_perspectives_on_evidentials_-_a_view_from_Tibeto-Burman.pdf | OBI_LIBRARY_ROOT:Authors alphabetical/LaPolla/Aikhenvald_and_LaPolla_2007_New_perspectives_on_evidentials_-_a_view_from_Tibeto-Burman.pdf	data/local/bibliography_sources/aikhenvald_and_lapolla_2007_new_perspect-5627a6e2e13f/Aikhenvald_and_LaPolla_2007_New_perspectives_on_evidentials_-_a_view_from_Tibeto-Burman.pdf	3	Aikhenvald | LaPolla	pdf	medium	reused_existing	2026-05-29T22:23:00.480282+00:00	
ananda_plaques_intro-3baf48cc75cf	3baf48cc75cf75ac48f10423081441ffe6d88a9692843223b8f2b74b3d0632ef	Ananda-plaques+intro.pdf	9896857	OBI_LIBRARY_ROOT:Thematic/Burmese/DownloadsFromBurmeseInscriptionsFacebookGroup/Ananda-plaques+intro.pdf	OBI_LIBRARY_ROOT:Thematic/Burmese/DownloadsFromBurmeseInscriptionsFacebookGroup/Ananda-plaques+intro.pdf	data/local/bibliography_sources/ananda_plaques_intro-3baf48cc75cf/Ananda-plaques+intro.pdf	0	DownloadsFromBurmeseInscriptionsFacebookGroup	pdf	medium	reused_existing	2026-05-29T22:23:00.480219+00:00	
ancientpyu_luce1937-c7fe9ee6157d	c7fe9ee6157d5a3d961156ba84d96105018aba9d4ac2c87ac5503ee7ba14fde1	AncientPyu-Luce1937.pdf	868945	OBI_LIBRARY_ROOT:Thematic/Burmese/Burma JBRS/1937/AncientPyu-Luce1937.pdf	OBI_LIBRARY_ROOT:Thematic/Burmese/Burma JBRS/1937/AncientPyu-Luce1937.pdf	data/local/bibliography_sources/ancientpyu_luce1937-c7fe9ee6157d/AncientPyu-Luce1937.pdf	0	1937	pdf	medium	reused_existing	2026-05-29T22:23:00.479924+00:00	
arakansplacecivilisationbay_collis1925-bb9dcdeb2834	bb9dcdeb2834981184ab0e00d3560e9f5448daefdf48255236cb7174e248f811	ArakansPlaceCivilisationBay-Collis1925.pdf	1142742	OBI_LIBRARY_ROOT:Thematic/Burmese/Burma JBRS/1925/ArakansPlaceCivilisationBay-Collis1925.pdf	OBI_LIBRARY_ROOT:Thematic/Burmese/Burma JBRS/1925/ArakansPlaceCivilisationBay-Collis1925.pdf	data/local/bibliography_sources/arakansplacecivilisationbay_collis1925-bb9dcdeb2834/ArakansPlaceCivilisationBay-Collis1925.pdf	0	1925	pdf	medium	reused_existing	2026-05-29T22:23:00.479567+00:00	
aspectsburmeseculture_lupewin1958_41-9f5d97f08316	9f5d97f08316272bb42a9d0be4a164159b717bfad0c4c78004c41b8de91d4620	AspectsBurmeseCulture_LuPeWin1958-41.pdf	1141722	OBI_LIBRARY_ROOT:Thematic/Burmese/Burma JBRS/1958/AspectsBurmeseCulture_LuPeWin1958-41.pdf	OBI_LIBRARY_ROOT:Thematic/Burmese/Burma JBRS/1958/AspectsBurmeseCulture_LuPeWin1958-41.pdf	data/local/bibliography_sources/aspectsburmeseculture_lupewin1958_41-9f5d97f08316/AspectsBurmeseCulture_LuPeWin1958-41.pdf	0	1958	pdf	medium	reused_existing	2026-05-29T22:23:00.479206+00:00	
aung_thaw_et_al_1993_ancient_myanmar_cit-ad32cb538703	ad32cb538703c7573d9001a96f0c9d73e6bc95980939eaa9088aa6ec55e31d20	Aung Thaw et al. 1993 Ancient Myanmar Cities.pdf	17503668	OBI_LIBRARY_ROOT:Thematic/Pyu/Aung Thaw et al. 1993 Ancient Myanmar Cities.pdf	OBI_LIBRARY_ROOT:Thematic/Pyu/Aung Thaw et al. 1993 Ancient Myanmar Cities.pdf	data/local/bibliography_sources/aung_thaw_et_al_1993_ancient_myanmar_cit-ad32cb538703/Aung Thaw et al. 1993 Ancient Myanmar Cities.pdf	0	Pyu	pdf	medium	copied	2026-05-29T21:20:36.086222+00:00	
aung_thwin_1985_pagan-7e4273394ad6	7e4273394ad663c79b9bf93444705a5d584c1ed3c2c19daa95bad7171f71a7f5	Aung Thwin-1985-Pagan.pdf	15648967	OBI_AUTHOR_ALPHA_ROOT:Aung-Thwin, Michael/Aung Thwin-1985-Pagan.pdf	OBI_AUTHOR_ALPHA_ROOT:Aung-Thwin, Michael/Aung Thwin-1985-Pagan.pdf | OBI_LIBRARY_ROOT:Authors alphabetical/Aung-Thwin, Michael/Aung Thwin-1985-Pagan.pdf	data/local/bibliography_sources/aung_thwin_1985_pagan-7e4273394ad6/Aung Thwin-1985-Pagan.pdf	1	Aung-Thwin, Michael	pdf	medium	reused_existing	2026-05-29T22:23:00.478897+00:00	
aye_hla_1995_pyu_and_pagan_era_buddha_im-d61abd2d9cf6	d61abd2d9cf697c6fb86d8ad5c926017b8d661c8db38250a04fe1ebc5b32eba3	Aye Hla 1995 Pyu and Pagan Era Buddha Images2.pdf	6949080	OBI_LIBRARY_ROOT:Thematic/Pyu/Aye Hla 1995 Pyu and Pagan Era Buddha Images2.pdf	OBI_LIBRARY_ROOT:Thematic/Pyu/Aye Hla 1995 Pyu and Pagan Era Buddha Images2.pdf	data/local/bibliography_sources/aye_hla_1995_pyu_and_pagan_era_buddha_im-d61abd2d9cf6/Aye Hla 1995 Pyu and Pagan Era Buddha Images2.pdf	0	Pyu	pdf	medium	copied	2026-05-29T21:20:36.205779+00:00	
bennertheancienthebrewlanguageandalphabe-e4387acc893e	e4387acc893ed11282f719b36b06679408feae2688be0bc38a3cf7b0ec3fa886	BENNERTheAncientHebrewLanguageAndAlphabet.pdf	1313511	OBI_LIBRARY_ROOT:Thematic/Burmese/DownloadsFromBurmeseInscriptionsFacebookGroup/BENNERTheAncientHebrewLanguageAndAlphabet.pdf	OBI_LIBRARY_ROOT:Thematic/Burmese/DownloadsFromBurmeseInscriptionsFacebookGroup/BENNERTheAncientHebrewLanguageAndAlphabet.pdf	data/local/bibliography_sources/bennertheancienthebrewlanguageandalphabe-e4387acc893e/BENNERTheAncientHebrewLanguageAndAlphabet.pdf	0	DownloadsFromBurmeseInscriptionsFacebookGroup	pdf	medium	reused_existing	2026-05-29T22:23:00.478834+00:00	
ba_shin_works_of_luce-f8ee1b07681a	f8ee1b07681af529b3f3411f58c91f47d30351b416e205310760f7637f8935c8	Ba Shin Works of Luce.pdf	756941	OBI_AUTHOR_ALPHA_ROOT:Luce/Ba Shin Works of Luce.pdf	OBI_AUTHOR_ALPHA_ROOT:Luce/Ba Shin Works of Luce.pdf | OBI_LIBRARY_ROOT:Authors alphabetical/Luce/Ba Shin Works of Luce.pdf	data/local/bibliography_sources/ba_shin_works_of_luce-f8ee1b07681a/Ba Shin Works of Luce.pdf	1	Luce	pdf	medium	reused_existing	2026-05-29T22:23:00.478525+00:00	
bagan_epig_database-c4cfc990741f	c4cfc990741f133430be72befe492e0dfff950a0eb72e3fd641420fa48cb0187	Bagan Epig Database.doc	3609527	OBI_AUTHOR_ALPHA_ROOT:Frasch, Tilmans/Bagan Epig Database.doc	OBI_AUTHOR_ALPHA_ROOT:Frasch, Tilmans/Bagan Epig Database.doc | OBI_LIBRARY_ROOT:Authors alphabetical/Frasch, Tilmans/Bagan Epig Database.doc	data/local/bibliography_sources/bagan_epig_database-c4cfc990741f/Bagan Epig Database.doc	1	Frasch, Tilmans	doc	high	reused_existing	2026-05-29T22:23:00.436826+00:00	
bagan_minnanthu_01-593ec95b708f	593ec95b708fe54194c076e1defdb943c3cedcb9860167d17004d4734d40e6a5	Bagan Minnanthu 01.pdf	53552310	OBI_LIBRARY_ROOT:Thematic/Burmese/Bagan inscriptions Korea/Bagan Minnanthu 01.pdf	OBI_LIBRARY_ROOT:Thematic/Burmese/Bagan inscriptions Korea/Bagan Minnanthu 01.pdf	data/local/bibliography_sources/bagan_minnanthu_01-593ec95b708f/Bagan Minnanthu 01.pdf	0	Bagan inscriptions Korea	pdf	medium	reused_existing	2026-05-29T22:23:00.478461+00:00	
bagan_minnanthu_02-5ac5281af88a	5ac5281af88a17d4faf0fb55893419ac55e4c255ebd9ab898473d16425a336fa	Bagan Minnanthu 02.pdf	107131178	OBI_LIBRARY_ROOT:Thematic/Burmese/Bagan inscriptions Korea/Bagan Minnanthu 02.pdf	OBI_LIBRARY_ROOT:Thematic/Burmese/Bagan inscriptions Korea/Bagan Minnanthu 02.pdf	data/local/bibliography_sources/bagan_minnanthu_02-5ac5281af88a/Bagan Minnanthu 02.pdf	0	Bagan inscriptions Korea	pdf	medium	reused_existing	2026-05-29T22:23:00.478191+00:00	
bagan_minnanthu_03-9a0daee5bc2c	9a0daee5bc2cf915b7a24e7a53bdca24246a94d0e8ac4416a0a5e18d9bf6c7c7	Bagan Minnanthu 03.pdf	105607930	OBI_LIBRARY_ROOT:Thematic/Burmese/Bagan inscriptions Korea/Bagan Minnanthu 03.pdf	OBI_LIBRARY_ROOT:Thematic/Burmese/Bagan inscriptions Korea/Bagan Minnanthu 03.pdf	data/local/bibliography_sources/bagan_minnanthu_03-9a0daee5bc2c/Bagan Minnanthu 03.pdf	0	Bagan inscriptions Korea	pdf	medium	reused_existing	2026-05-29T22:23:00.477950+00:00	
bailey_vajrayaana_in_gostana_desha-60c8cfd5f83f	60c8cfd5f83fe5d831c5f83415430dddf2056d73afa4e6df53c0800e222fbadd	Bailey_Vajrayaana in Gostana-desha.pdf	299878	OBI_LIBRARY_ROOT:Authors alphabetical/Bailey, H. W. /Bailey_Vajrayaana in Gostana-desha.pdf	OBI_LIBRARY_ROOT:Authors alphabetical/Bailey, H. W. /Bailey_Vajrayaana in Gostana-desha.pdf	data/local/bibliography_sources/bailey_vajrayaana_in_gostana_desha-60c8cfd5f83f/Bailey_Vajrayaana in Gostana-desha.pdf	0	Bailey, H. W. 	pdf	medium	copied	2026-05-29T20:59:10.261919+00:00	
bauer_1993_sukhothai_inscriptions_2-e7fc1c100313	e7fc1c100313b3f06fb1662e914f89a990a2d55f34a68cea300fc064dfb3943c	Bauer 1993 - Sukhothai Inscriptions 2.pdf	3444150	OBI_LIBRARY_ROOT:Authors alphabetical/Bauer, Christian/Bauer 1993 - Sukhothai Inscriptions 2.pdf	OBI_LIBRARY_ROOT:Authors alphabetical/Bauer, Christian/Bauer 1993 - Sukhothai Inscriptions 2.pdf	data/local/bibliography_sources/bauer_1993_sukhothai_inscriptions_2-e7fc1c100313/Bauer 1993 - Sukhothai Inscriptions 2.pdf	0	Bauer, Christian	pdf	medium	copied	2026-05-29T20:59:08.011609+00:00	
baxter_1985_tibeto_burman_cognates_of_ol-aeba31d908e3	aeba31d908e33975618a748f1a4319ba13e14fa8b97f4d4fcaf4da1433ddbc69	Baxter 1985 - Tibeto-Burman Cognates of Old Chinese ij and ij.pdf	1378646	OBI_AUTHOR_ALPHA_ROOT:Baxter/Baxter 1985 - Tibeto-Burman Cognates of Old Chinese ij and ij.pdf	OBI_AUTHOR_ALPHA_ROOT:Baxter/Baxter 1985 - Tibeto-Burman Cognates of Old Chinese ij and ij.pdf | OBI_LIBRARY_ROOT:Authors alphabetical/Baxter/Baxter 1985 - Tibeto-Burman Cognates of Old Chinese ij and ij.pdf	data/local/bibliography_sources/baxter_1985_tibeto_burman_cognates_of_ol-aeba31d908e3/Baxter 1985 - Tibeto-Burman Cognates of Old Chinese ij and ij.pdf	1	Baxter	pdf	medium	reused_existing	2026-05-29T22:23:00.477714+00:00	
beckwith_and_walter_2010_inscriptions-790355f869c1	790355f869c11dbf4dba3868c7c51b0f828b212f40507c7b841e4054255192d0	Beckwith and Walter 2010 inscriptions.pdf	298319	OBI_LIBRARY_ROOT:Authors alphabetical/Beckwith, Christopher/Beckwith and Walter 2010 inscriptions.pdf	OBI_LIBRARY_ROOT:Authors alphabetical/Beckwith, Christopher/Beckwith and Walter 2010 inscriptions.pdf	data/local/bibliography_sources/beckwith_and_walter_2010_inscriptions-790355f869c1/Beckwith and Walter 2010 inscriptions.pdf	0	Beckwith, Christopher	pdf	medium	copied	2026-05-29T20:59:08.095742+00:00	
medieval_tibeto_burman_languages_piats_2-244b7f086dfa	244b7f086dfa2060de3825047c0a96378a3112fc08b46f4932ea2419a406f3b3	Beckwith_ed_2002_MedievalTibetoBurman.pdf	25878389	OBI_AUTHOR_ALPHA_ROOT:Beckwith, Christopher/Beckwith_ed_2002_MedievalTibetoBurman.pdf	OBI_AUTHOR_ALPHA_ROOT:Beckwith, Christopher/Beckwith_ed_2002_MedievalTibetoBurman.pdf | OBI_LIBRARY_ROOT:Authors alphabetical/Beckwith, Christopher/Beckwith_ed_2002_MedievalTibetoBurman.pdf | OBI_LIBRARY_ROOT:Brill/TibLib/Medieval Tibeto-Burman languages. PIATS 2000.(Brill,2002).pdf | OBI_LIBRARY_ROOT:Thematic/Tibetan/TibetanStudiesBooks/Brill TibLib/Medieval Tibeto-Burman languages. PIATS 2000.(Brill,2002).pdf | OBI_LIBRARY_ROOT:Thematic/Tibetan/TibetanStudiesBooks/TibetanCongresses/PIATS/PIATS IX/Medieval Tibeto-Burman languages. PIATS 2000.(Brill,2002).pdf	data/local/bibliography_sources/medieval_tibeto_burman_languages_piats_2-244b7f086dfa/Medieval Tibeto-Burman languages. PIATS 2000.(Brill,2002).pdf	4	Beckwith, Christopher | PIATS IX | TibLib	pdf	medium	reused_existing	2026-05-29T22:23:00.477654+00:00	
bengali_introduction_to_the_dacca_dialec-f9fa75796b50	f9fa75796b5081af410f71aa09419e0f3920ac388a9bb566ce8b54e9de7b6bd8	Bengali, Introduction to the Dacca Dialect of (Ray, Jahan _ Ahmad).pdf	17748423	OBI_LIBRARY_ROOT:Thematic/lg families/Indo European/Indo-Aryan/Bengali, Introduction to the Dacca Dialect of (Ray, Jahan _ Ahmad).pdf	OBI_LIBRARY_ROOT:Thematic/lg families/Indo European/Indo-Aryan/Bengali, Introduction to the Dacca Dialect of (Ray, Jahan _ Ahmad).pdf	data/local/bibliography_sources/bengali_introduction_to_the_dacca_dialec-f9fa75796b50/Bengali, Introduction to the Dacca Dialect of (Ray, Jahan _ Ahmad).pdf	0	Indo-Aryan	pdf	medium	copied	2026-05-29T20:59:04.378825+00:00	
bibliographic_information_for_the_burmes-105861edb8fa	105861edb8faf0f6c2466e32f3cd3060567d5d7eb1b69f05ca760df8aee4fe82	Bibliographic Information for the Burmese Inscription Volumes.docx	82813	OBI_LIBRARY_ROOT:Thematic/Burmese/OBur/Old Burmese Inscriptions/Bibliography/Bibliographic Information for the Burmese Inscription Volumes.docx	OBI_LIBRARY_ROOT:Thematic/Burmese/OBur/Old Burmese Inscriptions/Bibliography/Bibliographic Information for the Burmese Inscription Volumes.docx	data/local/bibliography_sources/bibliographic_information_for_the_burmes-105861edb8fa/Bibliographic Information for the Burmese Inscription Volumes.docx	0	Bibliography	docx	high	reused_existing	2026-05-29T22:23:00.436763+00:00	
bibliographic_information_for_the_burmes-09bb906687e3	09bb906687e3fdddbe7a543ebe36bf5c9d8174e9b7a623f4217846f197105c6a	Bibliographic Information for the Burmese Inscription Volumes.pdf	73078	OBI_LIBRARY_ROOT:Thematic/Burmese/OBur/Old Burmese Inscriptions/Bibliography/Bibliographic Information for the Burmese Inscription Volumes.pdf	OBI_LIBRARY_ROOT:Thematic/Burmese/OBur/Old Burmese Inscriptions/Bibliography/Bibliographic Information for the Burmese Inscription Volumes.pdf	data/local/bibliography_sources/bibliographic_information_for_the_burmes-09bb906687e3/Bibliographic Information for the Burmese Inscription Volumes.pdf	0	Bibliography	pdf	medium	reused_existing	2026-05-29T22:23:00.477588+00:00	
bibliographic_information_vol_1_2-a8236fd175a0	a8236fd175a05db66c8d6dfaedc145d0fa62db0725377cae68b4419ca7f96ca4	Bibliographic information vol 1 & 2.docx	43402	OBI_LIBRARY_ROOT:Thematic/Burmese/OBur/Old Burmese Inscriptions/Bibliography/Bibliographic information vol 1 & 2.docx	OBI_LIBRARY_ROOT:Thematic/Burmese/OBur/Old Burmese Inscriptions/Bibliography/Bibliographic information vol 1 & 2.docx	data/local/bibliography_sources/bibliographic_information_vol_1_2-a8236fd175a0/Bibliographic information vol 1 & 2.docx	0	Bibliography	docx	high	reused_existing	2026-05-29T22:23:00.436153+00:00	
bibliographies_of_burma_china_and_lingui-eed88da24220	eed88da2422072c3d7cd8299400dd5c23828794d087876a438adc50979fef55b	Bibliographies of Burma, China, and linguistics.docx	7592	OBI_LIBRARY_ROOT:Thematic/Bibliographies/Bibliographies of Burma, China, and linguistics.docx	OBI_LIBRARY_ROOT:Thematic/Bibliographies/Bibliographies of Burma, China, and linguistics.docx	data/local/bibliography_sources/bibliographies_of_burma_china_and_lingui-eed88da24220/Bibliographies of Burma, China, and linguistics.docx	0	Bibliographies	docx	medium	reused_existing	2026-05-29T22:23:00.477345+00:00	
bibliography_of_tibetan_inscriptions_and-8473c31dd2df	8473c31dd2dfa22c1ca4337e9d61e6ea90a05f201787ab0e70bafdcecccb81a3	Bibliography of Tibetan Inscriptions and Imperial Edicts.doc	150016	OBI_LIBRARY_ROOT:Authors alphabetical/bibliographies/Bibliography of Tibetan Inscriptions and Imperial Edicts.doc	OBI_LIBRARY_ROOT:Authors alphabetical/bibliographies/Bibliography of Tibetan Inscriptions and Imperial Edicts.doc	data/local/bibliography_sources/bibliography_of_tibetan_inscriptions_and-8473c31dd2df/Bibliography of Tibetan Inscriptions and Imperial Edicts.doc	0	bibliographies	doc	medium	copied	2026-05-29T20:59:10.415769+00:00	
bibliography_of_tibetan_inscriptions_and-ffe8cd4192c0	ffe8cd4192c0d53699b4718490253bf6d5135c2530bceda2943641f676d6c600	Bibliography of Tibetan Inscriptions and Imperial Edicts.doc	155648	OBI_LIBRARY_ROOT:Thematic/Tibetan/Tib texts/inscriptions/Author Inscriptions Bibliography/Bibliography of Tibetan Inscriptions and Imperial Edicts.doc	OBI_LIBRARY_ROOT:Thematic/Tibetan/Tib texts/inscriptions/Author Inscriptions Bibliography/Bibliography of Tibetan Inscriptions and Imperial Edicts.doc	data/local/bibliography_sources/bibliography_of_tibetan_inscriptions_and-ffe8cd4192c0/Bibliography of Tibetan Inscriptions and Imperial Edicts.doc	0	Author Inscriptions Bibliography	doc	medium	copied	2026-05-29T20:58:58.274662+00:00	
bibliographyofburmastudies-6a2af2cb72ed	6a2af2cb72ed580a91dcfa906710966efe6aa9fc36f6a31869cb4eebc8f059b4	BibliographyOfBurmaStudies.pdf	823366	OBI_LIBRARY_ROOT:Thematic/lg families/Trans-Himalyan/Burmese/BibliographyOfBurmaStudies.pdf	OBI_LIBRARY_ROOT:Thematic/lg families/Trans-Himalyan/Burmese/BibliographyOfBurmaStudies.pdf	data/local/bibliography_sources/bibliographyofburmastudies-6a2af2cb72ed/BibliographyOfBurmaStudies.pdf	0	Burmese	pdf	medium	reused_existing	2026-05-29T22:23:00.477115+00:00	
bkra_shis_zla_ba_2004a_remarks_on_rkongp-ddf29d585248	ddf29d5852489492c551352c4dd4eefd3b84796a257e0a129ec6581577871ec7	Bkra shis zla ba 2004a Remarks on Rkongpo and environs.pdf	1278900	OBI_LIBRARY_ROOT:Authors alphabetical/inscription articles/Bkra shis zla ba 2004a Remarks on Rkongpo and environs.pdf	OBI_LIBRARY_ROOT:Authors alphabetical/inscription articles/Bkra shis zla ba 2004a Remarks on Rkongpo and environs.pdf	data/local/bibliography_sources/bkra_shis_zla_ba_2004a_remarks_on_rkongp-ddf29d585248/Bkra shis zla ba 2004a Remarks on Rkongpo and environs.pdf	0	inscription articles	pdf	medium	copied	2026-05-29T20:59:16.087509+00:00	
bkra_shis_zla_ba_2004b_comparison_of_rko-5a584c691a3e	5a584c691a3ec31abcbf894d4640d08db8b67bfdc4593bbc9ceae934e5d52a7a	Bkra shis zla ba 2004b comparison of Rkongpo.pdf	1095262	OBI_LIBRARY_ROOT:Authors alphabetical/inscription articles/Bkra shis zla ba 2004b comparison of Rkongpo.pdf	OBI_LIBRARY_ROOT:Authors alphabetical/inscription articles/Bkra shis zla ba 2004b comparison of Rkongpo.pdf	data/local/bibliography_sources/bkra_shis_zla_ba_2004b_comparison_of_rko-5a584c691a3e/Bkra shis zla ba 2004b comparison of Rkongpo.pdf	0	inscription articles	pdf	medium	copied	2026-05-29T20:59:15.960286+00:00	
bkra_shis_zla_ba_2006_archaic_terms_in_r-039b059530bd	039b059530bdc045dda1640017974541c902e99a8fde68264867f944c5ec15ea	Bkra shis zla ba 2006 archaic terms in Rkongpo.pdf	2187508	OBI_LIBRARY_ROOT:Authors alphabetical/inscription articles/Bkra shis zla ba 2006 archaic terms in Rkongpo.pdf	OBI_LIBRARY_ROOT:Authors alphabetical/inscription articles/Bkra shis zla ba 2006 archaic terms in Rkongpo.pdf	data/local/bibliography_sources/bkra_shis_zla_ba_2006_archaic_terms_in_r-039b059530bd/Bkra shis zla ba 2006 archaic terms in Rkongpo.pdf	0	inscription articles	pdf	medium	copied	2026-05-29T20:59:15.840919+00:00	
blagden_1911_preliminary_study_of_the_fo-89c731c3f2b4	89c731c3f2b4d799b7a675987e82bb5c58a46d0770f20ad92c1ee60f5d6e99f1	Blagden 1911 Preliminary Study of the Fourth Text of the Myazedi.pdf	1014946	OBI_LIBRARY_ROOT:Thematic/Pyu/Blagden 1911 Preliminary Study of the Fourth Text of the Myazedi.pdf	OBI_LIBRARY_ROOT:Thematic/Pyu/Blagden 1911 Preliminary Study of the Fourth Text of the Myazedi.pdf	data/local/bibliography_sources/blagden_1911_preliminary_study_of_the_fo-89c731c3f2b4/Blagden 1911 Preliminary Study of the Fourth Text of the Myazedi.pdf	0	Pyu	pdf	medium	copied	2026-05-29T21:20:36.098547+00:00	
blagden_1911_pyu_myazedi_preliminary-a55e64e1a597	a55e64e1a597ed9e2b0f0e89629a896751eecdb035e85bd8a0fae5a0d359234e	Blagden 1911 Pyu Myazedi Preliminary.pdf	2373415	OBI_LIBRARY_ROOT:Thematic/Pyu/Blagden 1911 Pyu Myazedi Preliminary.pdf	OBI_LIBRARY_ROOT:Thematic/Pyu/Blagden 1911 Pyu Myazedi Preliminary.pdf	data/local/bibliography_sources/blagden_1911_pyu_myazedi_preliminary-a55e64e1a597/Blagden 1911 Pyu Myazedi Preliminary.pdf	0	Pyu	pdf	medium	copied	2026-05-29T21:20:36.534512+00:00	
blagden_1913_14_pyu_inscriptions_ei_12-fd45575f36d0	fd45575f36d010028b06f34a2971a8aac800f7c20eae8ddbe810efc390527a25	Blagden 1913-14 Pyu inscriptions [EI 12].pdf	1866255	OBI_LIBRARY_ROOT:Thematic/Pyu/Blagden 1913-14 Pyu inscriptions [EI 12].pdf	OBI_LIBRARY_ROOT:Thematic/Pyu/Blagden 1913-14 Pyu inscriptions [EI 12].pdf	data/local/bibliography_sources/blagden_1913_14_pyu_inscriptions_ei_12-fd45575f36d0/Blagden 1913-14 Pyu inscriptions [EI 12].pdf	0	Pyu	pdf	medium	reused_existing	2026-05-29T22:23:00.477057+00:00	
bokay_1974_archaeologicalguidetopagan-049ff2eb1f2b	049ff2eb1f2b1d798b3893fc2611cd073cc79a050da53bc328b7a3d40adb56a1	BoKay-1974-ArchaeologicalGuideToPagan.pdf	15680237	OBI_LIBRARY_ROOT:Thematic/SEA history/BoKay-1974-ArchaeologicalGuideToPagan.pdf	OBI_LIBRARY_ROOT:Thematic/SEA history/BoKay-1974-ArchaeologicalGuideToPagan.pdf	data/local/bibliography_sources/bokay_1974_archaeologicalguidetopagan-049ff2eb1f2b/BoKay-1974-ArchaeologicalGuideToPagan.pdf	0	SEA history	pdf	medium	copied	2026-05-29T21:20:33.981822+00:00	
bradley_1996_tibetoburman_lao_pdr-f143d2d1da23	f143d2d1da231356a545ea0dc6cff28acb4f2248d4d6308bbd6a3aa12f07babc	Bradley 1996 tibetoburman Lao PDR.pdf	3702355	OBI_AUTHOR_ALPHA_ROOT:Bradley, David/Bradley 1996 tibetoburman Lao PDR.pdf	OBI_AUTHOR_ALPHA_ROOT:Bradley, David/Bradley 1996 tibetoburman Lao PDR.pdf | OBI_LIBRARY_ROOT:Authors alphabetical/Bradley, David/Bradley 1996 tibetoburman Lao PDR.pdf	data/local/bibliography_sources/bradley_1996_tibetoburman_lao_pdr-f143d2d1da23/Bradley 1996 tibetoburman Lao PDR.pdf	1	Bradley, David	pdf	medium	reused_existing	2026-05-29T22:23:00.476997+00:00	
bradley_1997_tibeto_burman-135683e02b58	135683e02b58457c6f4bec19a794aec2fb431e975899204e9d965b05c8cb0989	Bradley 1997 tibeto-burman.pdf	2701947	OBI_AUTHOR_ALPHA_ROOT:Bradley, David/Bradley 1997 tibeto-burman.pdf	OBI_AUTHOR_ALPHA_ROOT:Bradley, David/Bradley 1997 tibeto-burman.pdf | OBI_LIBRARY_ROOT:Authors alphabetical/Bradley, David/Bradley 1997 tibeto-burman.pdf	data/local/bibliography_sources/bradley_1997_tibeto_burman-135683e02b58/Bradley 1997 tibeto-burman.pdf	1	Bradley, David	pdf	medium	reused_existing	2026-05-29T22:23:00.476939+00:00	
bradley_2002_tibeto_burman-aa983664d7d4	aa983664d7d4cbd036c19683bc691346b12ceffdcf52609064809321622aad55	Bradley 2002 tibeto-burman.pdf	1429537	OBI_AUTHOR_ALPHA_ROOT:Bradley, David/Bradley 2002 tibeto-burman.pdf	OBI_AUTHOR_ALPHA_ROOT:Bradley, David/Bradley 2002 tibeto-burman.pdf | OBI_LIBRARY_ROOT:Authors alphabetical/Bradley, David/Bradley 2002 tibeto-burman.pdf	data/local/bibliography_sources/bradley_2002_tibeto_burman-aa983664d7d4/Bradley 2002 tibeto-burman.pdf	1	Bradley, David	pdf	medium	reused_existing	2026-05-29T22:23:00.476881+00:00	
bray_1999_bible_translation-e963969e3a7c	e963969e3a7c98ea4772de16d9394dff17eaa77d7f6ad533bee9bd860b155f81	Bray 1999 bible translation.pdf	2049523	OBI_LIBRARY_ROOT:Authors alphabetical/Bray, John/Bray 1999 bible translation.pdf	OBI_LIBRARY_ROOT:Authors alphabetical/Bray, John/Bray 1999 bible translation.pdf	data/local/bibliography_sources/bray_1999_bible_translation-e963969e3a7c/Bray 1999 bible translation.pdf	0	Bray, John	pdf	medium	copied	2026-05-29T20:59:07.147897+00:00	
bray_2009_krishnakanta_basu-29844f949b73	29844f949b730a8fed0d198904c03181ea7bcfa898752a6ee9e6920a661778f0	Bray 2009 Krishnakanta Basu.pdf	84697	OBI_LIBRARY_ROOT:Authors alphabetical/Bray, John/Bray 2009 Krishnakanta Basu.pdf	OBI_LIBRARY_ROOT:Authors alphabetical/Bray, John/Bray 2009 Krishnakanta Basu.pdf	data/local/bibliography_sources/bray_2009_krishnakanta_basu-29844f949b73/Bray 2009 Krishnakanta Basu.pdf	0	Bray, John	pdf	medium	copied	2026-05-29T20:59:07.138174+00:00	
bray_2011_trader_middleman_or_spy-be495d8dd7b6	be495d8dd7b613ee65a1358f204b48582107ed4a12512d6b1e696de29d4c0c66	Bray 2011 Trader, Middleman or Spy.pdf	440523	OBI_LIBRARY_ROOT:Authors alphabetical/Bray, John/Bray 2011 Trader, Middleman or Spy.pdf	OBI_LIBRARY_ROOT:Authors alphabetical/Bray, John/Bray 2011 Trader, Middleman or Spy.pdf	data/local/bibliography_sources/bray_2011_trader_middleman_or_spy-be495d8dd7b6/Bray 2011 Trader, Middleman or Spy.pdf	0	Bray, John	pdf	medium	copied	2026-05-29T20:59:07.151882+00:00	
bsod_nams_skyid_and_wang_yao_2003_bod_ky-e5de966e9326	e5de966e9326cc8975c18bf7f7ef0102b7e86410498e85a7b0108364466ea48e	Bsod nams skyid and Wang Yao 2003 Bod kyi gna Rabs yig.pdf	14443270	OBI_LIBRARY_ROOT:Authors alphabetical/inscription articles/Bsod nams skyid and Wang Yao 2003 Bod kyi gna Rabs yig.pdf	OBI_LIBRARY_ROOT:Authors alphabetical/inscription articles/Bsod nams skyid and Wang Yao 2003 Bod kyi gna Rabs yig.pdf	data/local/bibliography_sources/bsod_nams_skyid_and_wang_yao_2003_bod_ky-e5de966e9326/Bsod nams skyid and Wang Yao 2003 Bod kyi gna Rabs yig.pdf	0	inscription articles	pdf	medium	copied	2026-05-29T20:59:16.567953+00:00	
bsod_nams_chos_rgyal_1991_bod_kyi_guav_b-6dd30449667c	6dd30449667c729d2daa6bf5561cfcea8f3af6e0f49021135c4df3008a5c0b89	Bsod-nams-chos-rgyal 1991 Bod Kyi Guav Bovi Rdo.pdf	1365695	OBI_LIBRARY_ROOT:Authors alphabetical/inscription articles/Bsod-nams-chos-rgyal 1991 Bod Kyi Guav Bovi Rdo.pdf	OBI_LIBRARY_ROOT:Authors alphabetical/inscription articles/Bsod-nams-chos-rgyal 1991 Bod Kyi Guav Bovi Rdo.pdf	data/local/bibliography_sources/bsod_nams_chos_rgyal_1991_bod_kyi_guav_b-6dd30449667c/Bsod-nams-chos-rgyal 1991 Bod Kyi Guav Bovi Rdo.pdf	0	inscription articles	pdf	medium	copied	2026-05-29T20:59:16.114498+00:00	
bsod_nams_skyid_1984_bod_kyi_rdo_optimiz-b804717af272	b804717af272b2a3c6d261657b9f1fda0215595d95a94e45ecfad45ef18f4d4b	Bsod-nams-skyid 1984 Bod kyi rdo (OPTIMIZED).pdf	6892291	OBI_LIBRARY_ROOT:Authors alphabetical/inscription articles/Bsod-nams-skyid 1984 Bod kyi rdo (OPTIMIZED).pdf	OBI_LIBRARY_ROOT:Authors alphabetical/inscription articles/Bsod-nams-skyid 1984 Bod kyi rdo (OPTIMIZED).pdf	data/local/bibliography_sources/bsod_nams_skyid_1984_bod_kyi_rdo_optimiz-b804717af272/Bsod-nams-skyid 1984 Bod kyi rdo (OPTIMIZED).pdf	0	inscription articles	pdf	medium	copied	2026-05-29T20:59:16.489099+00:00	
bue_2000_on_some_inscriptions_in_the_tem-ad2248797f19	ad2248797f196baea364a3cded3cc2fb82474ef52043634b085df74c699768fb	Bue 2000 On Some Inscriptions in the Temples of the bum-pa.pdf	4200797	OBI_LIBRARY_ROOT:Authors alphabetical/inscription articles/Bue 2000 On Some Inscriptions in the Temples of the bum-pa.pdf	OBI_LIBRARY_ROOT:Authors alphabetical/inscription articles/Bue 2000 On Some Inscriptions in the Temples of the bum-pa.pdf	data/local/bibliography_sources/bue_2000_on_some_inscriptions_in_the_tem-ad2248797f19/Bue 2000 On Some Inscriptions in the Temples of the bum-pa.pdf	0	inscription articles	pdf	medium	copied	2026-05-29T20:59:17.245280+00:00	
burmarecordfs_ali1930-f993e6eeaef0	f993e6eeaef0c06ec116b3607224f5f2c45e58354bb900d432b4e6831fbf15cc	BurmaRecordfs_Ali1930.pdf	414367	OBI_LIBRARY_ROOT:Thematic/Burmese/Burma JBRS/1930/BurmaRecordfs_Ali1930.pdf	OBI_LIBRARY_ROOT:Thematic/Burmese/Burma JBRS/1930/BurmaRecordfs_Ali1930.pdf	data/local/bibliography_sources/burmarecordfs_ali1930-f993e6eeaef0/BurmaRecordfs_Ali1930.pdf	0	1930	pdf	medium	reused_existing	2026-05-29T22:23:00.476815+00:00	
burmatofallofpagan_luce1939-b89e7b3d7dc1	b89e7b3d7dc10bd8f253f0801a33a901ed53f8099751ac0725f6ea61c8578b5c	BurmaToFallOfPagan-Luce1939.pdf	785081	OBI_LIBRARY_ROOT:Thematic/Burmese/Burma JBRS/1939/BurmaToFallOfPagan-Luce1939.pdf	OBI_LIBRARY_ROOT:Thematic/Burmese/Burma JBRS/1939/BurmaToFallOfPagan-Luce1939.pdf	data/local/bibliography_sources/burmatofallofpagan_luce1939-b89e7b3d7dc1/BurmaToFallOfPagan-Luce1939.pdf	0	1939	pdf	medium	reused_existing	2026-05-29T22:23:00.476517+00:00	
burmese_inscriptions_volume_1_scan-ab1786c8cb0d	ab1786c8cb0d6ee7c8bcd30cff82f26d1404f740be90f1f39f8e71ad66c2b7e6	Burmese Inscriptions Volume 1 (Scan).pdf	184952084	OBI_LIBRARY_ROOT:Thematic/Burmese/OBur/Old Burmese Inscriptions/Burmese Inscriptions Volume 1 (Scan).pdf	OBI_LIBRARY_ROOT:Thematic/Burmese/OBur/OBICorpus_ver2/OBI_Volume1/Burmese Inscriptions Volume 1 (Scan).pdf | OBI_LIBRARY_ROOT:Thematic/Burmese/OBur/Old Burmese Inscriptions/Burmese Inscriptions Volume 1 (Scan).pdf	data/local/bibliography_sources/burmese_inscriptions_volume_1_scan-ab1786c8cb0d/Burmese Inscriptions Volume 1 (Scan).pdf	1	OBI_Volume1 | Old Burmese Inscriptions	pdf	medium	reused_existing	2026-05-29T22:23:00.476311+00:00	
burmese_inscriptions_volume_1_typed-9153a7800dd9	9153a7800dd9726f4b1a0b11cb7905c3004b55ea81f14f59ee732c5c5e681e61	Burmese Inscriptions Volume 1 (Typed).txt	1006665	OBI_LIBRARY_ROOT:Thematic/Burmese/OBur/Old Burmese Inscriptions/Burmese Inscriptions Volume 1 (Typed).txt	OBI_LIBRARY_ROOT:Thematic/Burmese/OBur/Old Burmese Inscriptions/Burmese Inscriptions Volume 1 (Typed).txt	data/local/bibliography_sources/burmese_inscriptions_volume_1_typed-9153a7800dd9/Burmese Inscriptions Volume 1 (Typed).txt	0	Old Burmese Inscriptions	txt	medium	reused_existing	2026-05-29T22:23:00.476089+00:00	
burmese_inscriptions_volume_2_scan-ded09f2bac4b	ded09f2bac4b42990ce2a388333c9e035d62112bdbefffc63d1437ed18dcc512	Burmese Inscriptions Volume 2 (Scan).pdf	109494929	OBI_LIBRARY_ROOT:Thematic/Burmese/OBur/Old Burmese Inscriptions/Burmese Inscriptions Volume 2 (Scan).pdf	OBI_LIBRARY_ROOT:Thematic/Burmese/OBur/OBICorpus_ver2/OBI_Volume2/Burmese Inscriptions Volume 2 (Scan).pdf | OBI_LIBRARY_ROOT:Thematic/Burmese/OBur/Old Burmese Inscriptions/Burmese Inscriptions Volume 2 (Scan).pdf	data/local/bibliography_sources/burmese_inscriptions_volume_2_scan-ded09f2bac4b/Burmese Inscriptions Volume 2 (Scan).pdf	1	OBI_Volume2 | Old Burmese Inscriptions	pdf	medium	reused_existing	2026-05-29T22:23:00.475867+00:00	
burmese_inscriptions_volume_2_typed-dac81f1d77ac	dac81f1d77ac6948619c0d468f132d2f79cd191f1913b060f9d521f3b61917f7	Burmese Inscriptions Volume 2 (Typed).txt	688323	OBI_LIBRARY_ROOT:Thematic/Burmese/OBur/Old Burmese Inscriptions/Burmese Inscriptions Volume 2 (Typed).txt	OBI_LIBRARY_ROOT:Thematic/Burmese/OBur/Old Burmese Inscriptions/Burmese Inscriptions Volume 2 (Typed).txt	data/local/bibliography_sources/burmese_inscriptions_volume_2_typed-dac81f1d77ac/Burmese Inscriptions Volume 2 (Typed).txt	0	Old Burmese Inscriptions	txt	medium	reused_existing	2026-05-29T22:23:00.475644+00:00	
burmese_inscriptions_volume_3_scan-06927a8df8c7	06927a8df8c7f74455c771955e3f449d6c262cb9700b99ff179d0aa0cddde5fd	Burmese Inscriptions Volume 3 (Scan).pdf	204319389	OBI_LIBRARY_ROOT:Thematic/Burmese/OBur/Old Burmese Inscriptions/Burmese Inscriptions Volume 3 (Scan).pdf	OBI_LIBRARY_ROOT:Thematic/Burmese/OBur/OBICorpus_ver2/OBI_Volume3/Burmese Inscriptions Volume 3 (Scan).pdf | OBI_LIBRARY_ROOT:Thematic/Burmese/OBur/Old Burmese Inscriptions/Burmese Inscriptions Volume 3 (Scan).pdf	data/local/bibliography_sources/burmese_inscriptions_volume_3_scan-06927a8df8c7/Burmese Inscriptions Volume 3 (Scan).pdf	1	OBI_Volume3 | Old Burmese Inscriptions	pdf	medium	reused_existing	2026-05-29T22:23:00.475412+00:00	
burmese_inscriptions_volume_3_typed-68a4bab797ee	68a4bab797ee422f8ab1274c7c88f5266c18c014a5771ba0896e6b81fbaea366	Burmese Inscriptions Volume 3 (Typed).txt	1078403	OBI_LIBRARY_ROOT:Thematic/Burmese/OBur/Old Burmese Inscriptions/Burmese Inscriptions Volume 3 (Typed).txt	OBI_LIBRARY_ROOT:Thematic/Burmese/OBur/Old Burmese Inscriptions/Burmese Inscriptions Volume 3 (Typed).txt	data/local/bibliography_sources/burmese_inscriptions_volume_3_typed-68a4bab797ee/Burmese Inscriptions Volume 3 (Typed).txt	0	Old Burmese Inscriptions	txt	medium	reused_existing	2026-05-29T22:23:00.475176+00:00	
burmese_inscriptions_volume_4_scan-3b76667664e5	3b76667664e5854cd3d0652dce2447377326a40d85561c91ea69e73f368798cc	Burmese Inscriptions Volume 4 (Scan).pdf	126772252	OBI_LIBRARY_ROOT:Thematic/Burmese/OBur/Old Burmese Inscriptions/Burmese Inscriptions Volume 4 (Scan).pdf	OBI_LIBRARY_ROOT:Thematic/Burmese/OBur/OBICorpus_ver2/OBI_Volume4/Burmese Inscriptions Volume 4 (Scan).pdf | OBI_LIBRARY_ROOT:Thematic/Burmese/OBur/Old Burmese Inscriptions/Burmese Inscriptions Volume 4 (Scan).pdf	data/local/bibliography_sources/burmese_inscriptions_volume_4_scan-3b76667664e5/Burmese Inscriptions Volume 4 (Scan).pdf	1	OBI_Volume4 | Old Burmese Inscriptions	pdf	medium	reused_existing	2026-05-29T22:23:00.474950+00:00	
burmese_inscriptions_volume_4_typed-31841ad54818	31841ad5481836c0078a3cde2df99330471d833865a53876f68a727a1fc2a063	Burmese Inscriptions Volume 4 (Typed).txt	942700	OBI_LIBRARY_ROOT:Thematic/Burmese/OBur/Old Burmese Inscriptions/Burmese Inscriptions Volume 4 (Typed).txt	OBI_LIBRARY_ROOT:Thematic/Burmese/OBur/Old Burmese Inscriptions/Burmese Inscriptions Volume 4 (Typed).txt	data/local/bibliography_sources/burmese_inscriptions_volume_4_typed-31841ad54818/Burmese Inscriptions Volume 4 (Typed).txt	0	Old Burmese Inscriptions	txt	medium	reused_existing	2026-05-29T22:23:00.474715+00:00	
burmese_inscriptions_volume_5_scan-60de70c67fcf	60de70c67fcf7b23fed3fe65839c171ed811229ba8c7296c6f5ca55fce70b744	Burmese Inscriptions Volume 5 (Scan).pdf	131308489	OBI_LIBRARY_ROOT:Thematic/Burmese/OBur/Old Burmese Inscriptions/Burmese Inscriptions Volume 5 (Scan).pdf	OBI_LIBRARY_ROOT:Thematic/Burmese/OBur/OBICorpus_ver2/OBI_Volume5/Burmese Inscriptions Volume 5 (Scan).pdf | OBI_LIBRARY_ROOT:Thematic/Burmese/OBur/Old Burmese Inscriptions/Burmese Inscriptions Volume 5 (Scan).pdf	data/local/bibliography_sources/burmese_inscriptions_volume_5_scan-60de70c67fcf/Burmese Inscriptions Volume 5 (Scan).pdf	1	OBI_Volume5 | Old Burmese Inscriptions	pdf	medium	reused_existing	2026-05-29T22:23:00.474481+00:00	
burmese_inscriptions_volume_5_typed-deb2b83fd67c	deb2b83fd67c1307388592e114449e59bb69dd6381432cd6e54ea381b5fc51eb	Burmese Inscriptions Volume 5 (Typed).txt	713813	OBI_LIBRARY_ROOT:Thematic/Burmese/OBur/Old Burmese Inscriptions/Burmese Inscriptions Volume 5 (Typed).txt	OBI_LIBRARY_ROOT:Thematic/Burmese/OBur/Old Burmese Inscriptions/Burmese Inscriptions Volume 5 (Typed).txt	data/local/bibliography_sources/burmese_inscriptions_volume_5_typed-deb2b83fd67c/Burmese Inscriptions Volume 5 (Typed).txt	0	Old Burmese Inscriptions	txt	medium	reused_existing	2026-05-29T22:23:00.474202+00:00	
burmese_inscriptions_volume_5_supplement-eae88fc533de	eae88fc533de876f72e36a85002becad6a5121a9405ab77a39bf3b7a0940d33b	Burmese Inscriptions Volume 5 supplement.pdf	6165875	OBI_LIBRARY_ROOT:Thematic/Burmese/OBur/Old Burmese Inscriptions/Burmese Inscriptions Volume 5 supplement.pdf	OBI_LIBRARY_ROOT:Thematic/Burmese/OBur/Old Burmese Inscriptions/Burmese Inscriptions Volume 5 supplement.pdf	data/local/bibliography_sources/burmese_inscriptions_volume_5_supplement-eae88fc533de/Burmese Inscriptions Volume 5 supplement.pdf	0	Old Burmese Inscriptions	pdf	medium	reused_existing	2026-05-29T22:23:00.473964+00:00	
burmese_inscriptions_volume_6_scan-6b9774690470	6b977469047074a5595ec80905da4ea11324dbc074e2121c302b45eaac07e4a3	Burmese Inscriptions Volume 6 (Scan).pdf	72291924	OBI_LIBRARY_ROOT:Thematic/Burmese/OBur/Old Burmese Inscriptions/Burmese Inscriptions Volume 6 (Scan).pdf	OBI_LIBRARY_ROOT:Thematic/Burmese/OBur/OBICorpus_ver2/OBI_Volume6/Burmese Inscriptions Volume 6 (Scan).pdf | OBI_LIBRARY_ROOT:Thematic/Burmese/OBur/Old Burmese Inscriptions/Burmese Inscriptions Volume 6 (Scan).pdf	data/local/bibliography_sources/burmese_inscriptions_volume_6_scan-6b9774690470/Burmese Inscriptions Volume 6 (Scan).pdf	1	OBI_Volume6 | Old Burmese Inscriptions	pdf	medium	reused_existing	2026-05-29T22:23:00.473733+00:00	
burmese_inscriptions_volume_6_typed-8597c6ec1dae	8597c6ec1dae1b7cbbb59ded50c14c8219d0544d093d776634a0fd98ca89b055	Burmese Inscriptions Volume 6 (Typed).txt	595864	OBI_LIBRARY_ROOT:Thematic/Burmese/OBur/Old Burmese Inscriptions/Burmese Inscriptions Volume 6 (Typed).txt	OBI_LIBRARY_ROOT:Thematic/Burmese/OBur/Old Burmese Inscriptions/Burmese Inscriptions Volume 6 (Typed).txt	data/local/bibliography_sources/burmese_inscriptions_volume_6_typed-8597c6ec1dae/Burmese Inscriptions Volume 6 (Typed).txt	0	Old Burmese Inscriptions	txt	medium	reused_existing	2026-05-29T22:23:00.473499+00:00	
bushell_partial_pp_435_449-6b2a20e38744	6b2a20e38744a1afe17151a39e62f17fb055ef4a6906e3f955d030a3d9e50deb	Bushell partial, pp. 435-449.txt	34395	OBI_LIBRARY_ROOT:Thematic/Tibetan/Tib texts/inscriptions/Author Inscriptions/Bushell 1880/Bushell partial, pp. 435-449.txt	OBI_LIBRARY_ROOT:Thematic/Tibetan/Tib texts/inscriptions/Author Inscriptions/Bushell 1880/Bushell partial, pp. 435-449.txt	data/local/bibliography_sources/bushell_partial_pp_435_449-6b2a20e38744/Bushell partial, pp. 435-449.txt	0	Bushell 1880	txt	medium	copied	2026-05-29T20:58:58.332470+00:00	
022245-d96384af909d	d96384af909d5c88ef10708ce8050c9fde57e917b8b126a767dcef11313104f3	CD-ASI-1909.pdf	97113	OBI_LIBRARY_ROOT:Thematic/Burmese/Burma JBRS/1912/CD-ASI-1909.pdf	OBI_LIBRARY_ROOT:Thematic/Burmese/Burma JBRS/1912/CD-ASI-1909.pdf | OBI_LIBRARY_ROOT:Thematic/Burmese/Burma JBRS/JBRS Originals/022245.pdf	data/local/bibliography_sources/022245-d96384af909d/022245.pdf	1	1912 | JBRS Originals	pdf	medium	reused_existing	2026-05-29T22:23:00.473215+00:00	
021123-bc781df6a868	bc781df6a868f129982a1a9f6bdd59fff6c45c47238aac77bf0168d1fbda9481	CD-JRI.pdf	26973	OBI_LIBRARY_ROOT:Thematic/Burmese/Burma JBRS/1912/CD-JRI.pdf	OBI_LIBRARY_ROOT:Thematic/Burmese/Burma JBRS/1912/CD-JRI.pdf | OBI_LIBRARY_ROOT:Thematic/Burmese/Burma JBRS/JBRS Originals/021123.pdf	data/local/bibliography_sources/021123-bc781df6a868/021123.pdf	1	1912 | JBRS Originals	pdf	medium	reused_existing	2026-05-29T22:23:00.472935+00:00	
022256-6028da47d653	6028da47d6539e5e15d54c53e2d6339fabb5962476f7535e00157df8fc8facb9	CD-OldBallads.pdf	402045	OBI_LIBRARY_ROOT:Thematic/Burmese/Burma JBRS/1912/CD-OldBallads.pdf	OBI_LIBRARY_ROOT:Thematic/Burmese/Burma JBRS/1912/CD-OldBallads.pdf | OBI_LIBRARY_ROOT:Thematic/Burmese/Burma JBRS/JBRS Originals/022256.pdf	data/local/bibliography_sources/022256-6028da47d653/022256.pdf	1	1912 | JBRS Originals	pdf	medium	reused_existing	2026-05-29T22:23:00.472651+00:00	
centuryofprogress_luce1948-f1e3355883ba	f1e3355883baa709ca145d30f51c089403dab17054060fdf7ab3a669856e1a29	CenturyOfProgress_Luce1948.pdf	1117245	OBI_LIBRARY_ROOT:Thematic/Burmese/Burma JBRS/1948/CenturyOfProgress_Luce1948.pdf	OBI_LIBRARY_ROOT:Thematic/Burmese/Burma JBRS/1948/CenturyOfProgress_Luce1948.pdf	data/local/bibliography_sources/centuryofprogress_luce1948-f1e3355883ba/CenturyOfProgress_Luce1948.pdf	0	1948	pdf	medium	reused_existing	2026-05-29T22:23:00.472330+00:00	
chab_spel_tshe_1985_kong_po_de_mo_i_rdo_-eadf4b734d76	eadf4b734d76b26b0b9aa76f7d56584030c893dba6ba9689b4b6edf3a5a90f46	Chab Spel Tshe 1985 Kong po de mo'i rdo brkos yi.pdf	3676292	OBI_LIBRARY_ROOT:Authors alphabetical/inscription articles/Chab Spel Tshe 1985 Kong po de mo'i rdo brkos yi.pdf	OBI_LIBRARY_ROOT:Authors alphabetical/inscription articles/Chab Spel Tshe 1985 Kong po de mo'i rdo brkos yi.pdf	data/local/bibliography_sources/chab_spel_tshe_1985_kong_po_de_mo_i_rdo_-eadf4b734d76/Chab Spel Tshe 1985 Kong po de mo'i rdo brkos yi.pdf	0	inscription articles	pdf	medium	copied	2026-05-29T20:59:16.526609+00:00	
chab_spel_tshe_1988_btsan_povi_dus_kyi_b-5dc150739cc5	5dc150739cc58a54b3a7e69815177447fd64376f45f504a0f9de2f48430f7497	Chab Spel Tshe 1988 Btsan povi dus kyi brag bikos.pdf	5835317	OBI_LIBRARY_ROOT:Authors alphabetical/inscription articles/Chab Spel Tshe 1988 Btsan povi dus kyi brag bikos.pdf	OBI_LIBRARY_ROOT:Authors alphabetical/inscription articles/Chab Spel Tshe 1988 Btsan povi dus kyi brag bikos.pdf	data/local/bibliography_sources/chab_spel_tshe_1988_btsan_povi_dus_kyi_b-5dc150739cc5/Chab Spel Tshe 1988 Btsan povi dus kyi brag bikos.pdf	0	inscription articles	pdf	medium	copied	2026-05-29T20:59:15.916005+00:00	
chen_yi_sein_1960_chinese_pyu_inscriptio-562ed0de38cb	562ed0de38cb5cc35b89befe1f503675aac76ed62c8666561ff50b4031c6d54d	Chen Yi-Sein 1960 Chinese-Pyu inscription Pagan.pdf	416106	OBI_LIBRARY_ROOT:Thematic/lg families/Trans-Himalyan/Pyu/Chen Yi-Sein 1960 Chinese-Pyu inscription Pagan.pdf	OBI_LIBRARY_ROOT:Thematic/lg families/Trans-Himalyan/Pyu/Chen Yi-Sein 1960 Chinese-Pyu inscription Pagan.pdf	data/local/bibliography_sources/chen_yi_sein_1960_chinese_pyu_inscriptio-562ed0de38cb/Chen Yi-Sein 1960 Chinese-Pyu inscription Pagan.pdf	0	Pyu	pdf	medium	reused_existing	2026-05-29T22:23:00.472037+00:00	
coblin_2018_waifs_and_strays_brought_hom-1c40724bf2f0	1c40724bf2f07da81e22a05ea4cb22a6fb3975dbcd30cfeb9159fa406c52bb1b	Coblin 2018 Waifs_and_Strays_Brought_Home_Edward_H..pdf	8813007	OBI_LIBRARY_ROOT:Authors alphabetical/Coblin W.S/Coblin 2018 Waifs_and_Strays_Brought_Home_Edward_H..pdf	OBI_LIBRARY_ROOT:Authors alphabetical/Coblin W.S/Coblin 2018 Waifs_and_Strays_Brought_Home_Edward_H..pdf	data/local/bibliography_sources/coblin_2018_waifs_and_strays_brought_hom-1c40724bf2f0/Coblin 2018 Waifs_and_Strays_Brought_Home_Edward_H..pdf	0	Coblin W.S	pdf	medium	copied	2026-05-29T20:59:09.063525+00:00	
conference_burma_manipur_relations-2ed4c419d6b2	2ed4c419d6b294c49185860efa77405ce03cfb0015c3233732b01bf8f93fa362	Conference Burma Manipur relations.doc	26112	OBI_LIBRARY_ROOT:Thematic/SEA history/Conference Burma Manipur relations.doc	OBI_LIBRARY_ROOT:Thematic/SEA history/Conference Burma Manipur relations.doc	data/local/bibliography_sources/conference_burma_manipur_relations-2ed4c419d6b2/Conference Burma Manipur relations.doc	0	SEA history	doc	medium	reused_existing	2026-05-29T22:23:00.471973+00:00	
282223-a944a3436cab	a944a3436cabcacd7936d2cf45770e6922fccc36b6eddf8838c53e51893df81d	Dalet-Hall1938.pdf	589647	OBI_LIBRARY_ROOT:Thematic/Burmese/Burma JBRS/1938/Dalet-Hall1938.pdf	OBI_LIBRARY_ROOT:Thematic/Burmese/Burma JBRS/1938/Dalet-Hall1938.pdf | OBI_LIBRARY_ROOT:Thematic/Burmese/Burma JBRS/JBRS Originals/282223.pdf	data/local/bibliography_sources/282223-a944a3436cab/282223.pdf	1	1938 | JBRS Originals	pdf	medium	reused_existing	2026-05-29T22:23:00.471648+00:00	
dbyangs_1984_bsam_yas_kyi_rdo_ring_dung-9bfa6a493c4e	9bfa6a493c4e75672f68bda657d04c237d3b84ad81430196584a6d259f126da4	Dbyangs 1984 Bsam Yas Kyi Rdo Ring Dung.pdf	1155597	OBI_LIBRARY_ROOT:Authors alphabetical/inscription articles/Dbyangs 1984 Bsam Yas Kyi Rdo Ring Dung.pdf	OBI_LIBRARY_ROOT:Authors alphabetical/inscription articles/Dbyangs 1984 Bsam Yas Kyi Rdo Ring Dung.pdf	data/local/bibliography_sources/dbyangs_1984_bsam_yas_kyi_rdo_ring_dung-9bfa6a493c4e/Dbyangs 1984 Bsam Yas Kyi Rdo Ring Dung.pdf	0	inscription articles	pdf	medium	copied	2026-05-29T20:59:15.921648+00:00	
delancey_1989_verbal_agreement_in_proto_-4832856e3ad7	4832856e3ad79e7cda125d7638b58aa07303279c620f2b9acb945ed5ae1de3e1	DeLancey 1989 verbal agreement in proto-Tibeto-Burman.pdf	469719	OBI_AUTHOR_ALPHA_ROOT:Delancey, Scott/DeLancey 1989 verbal agreement in proto-Tibeto-Burman.pdf	OBI_AUTHOR_ALPHA_ROOT:Delancey, Scott/DeLancey 1989 verbal agreement in proto-Tibeto-Burman.pdf | OBI_LIBRARY_ROOT:Authors alphabetical/Delancey, Scott/DeLancey 1989 verbal agreement in proto-Tibeto-Burman.pdf	data/local/bibliography_sources/delancey_1989_verbal_agreement_in_proto_-4832856e3ad7/DeLancey 1989 verbal agreement in proto-Tibeto-Burman.pdf	1	Delancey, Scott	pdf	medium	reused_existing	2026-05-29T22:23:00.471306+00:00	
del_mar_1906_romantic_east_burma_and_ass-5adbad975269	5adbad9752697fbaa0bd734b5d80806b0661a24dfa3bd14ec572912b92766c42	Del Mar 1906- romantic east burma and assam.pdf	62054274	OBI_LIBRARY_ROOT:Thematic/SEA history/Del Mar 1906- romantic east burma and assam.pdf	OBI_LIBRARY_ROOT:Thematic/SEA history/Del Mar 1906- romantic east burma and assam.pdf	data/local/bibliography_sources/del_mar_1906_romantic_east_burma_and_ass-5adbad975269/Del Mar 1906- romantic east burma and assam.pdf	0	SEA history	pdf	medium	copied	2026-05-29T21:20:33.911490+00:00	
delancey_1983_tangut_and_tibeto_burman-fea1294c2dc5	fea1294c2dc5de12b8c7854b23d16b37d6ae72dd8a506bb05ef7a78e5c3529fb	Delancey 1983 Tangut and Tibeto-Burman.pdf	663563	OBI_LIBRARY_ROOT:Thematic/Tangut texts/Tangut misc/Delancey 1983 Tangut and Tibeto-Burman.pdf	OBI_LIBRARY_ROOT:Thematic/Tangut texts/Tangut misc/Delancey 1983 Tangut and Tibeto-Burman.pdf	data/local/bibliography_sources/delancey_1983_tangut_and_tibeto_burman-fea1294c2dc5/Delancey 1983 Tangut and Tibeto-Burman.pdf	0	Tangut misc	pdf	medium	copied	2026-05-29T21:20:32.368741+00:00	
demieville_and_de_jong_1978_forte_propag-f3edfe192490	f3edfe1924902fc6e57d3602821a84c777746b1184f7e4af5cfc5bf576bc31a2	Demieville and de Jong 1978 Forte Propaganda  reviews.pdf	616779	OBI_AUTHOR_ALPHA_ROOT:Demieville/Demieville and de Jong 1978 Forte Propaganda  reviews.pdf	OBI_AUTHOR_ALPHA_ROOT:Demieville/Demieville and de Jong 1978 Forte Propaganda  reviews.pdf | OBI_AUTHOR_ALPHA_ROOT:Jong J. W. de/Demieville and de Jong 1978 Forte Propaganda  reviews.pdf | OBI_LIBRARY_ROOT:Authors alphabetical/Demieville/Demieville and de Jong 1978 Forte Propaganda  reviews.pdf | OBI_LIBRARY_ROOT:Authors alphabetical/Jong J. W. de/Demieville and de Jong 1978 Forte Propaganda  reviews.pdf	data/local/bibliography_sources/demieville_and_de_jong_1978_forte_propag-f3edfe192490/Demieville and de Jong 1978 Forte Propaganda  reviews.pdf	3	Demieville | Jong J. W. de	pdf	medium	reused_existing	2026-05-29T22:23:00.471246+00:00	
denwood_1990_inscriptions_at_balukhar_an-141eb5e719ed	141eb5e719ed9bff4890a03f60617992f9a3cf976206223f861cc300406c8d6c	Denwood 1990 Inscriptions at Balukhar and Char Zampa.pdf	3244316	OBI_LIBRARY_ROOT:Authors alphabetical/inscription articles/Denwood 1990 Inscriptions at Balukhar and Char Zampa.pdf	OBI_LIBRARY_ROOT:Authors alphabetical/inscription articles/Denwood 1990 Inscriptions at Balukhar and Char Zampa.pdf	data/local/bibliography_sources/denwood_1990_inscriptions_at_balukhar_an-141eb5e719ed/Denwood 1990 Inscriptions at Balukhar and Char Zampa.pdf	0	inscription articles	pdf	medium	copied	2026-05-29T20:59:17.260710+00:00	
dictionary_of_rakhine-85d3b83e4fa4	85d3b83e4fa49a06c75408806c2664add4041f049f2be464c1861a777e94ed5d	Dictionary-of-Rakhine.pdf	7871336	OBI_LIBRARY_ROOT:Thematic/Burmese/DownloadsFromBurmeseInscriptionsFacebookGroup/Dictionary-of-Rakhine.pdf	OBI_LIBRARY_ROOT:Thematic/Burmese/DownloadsFromBurmeseInscriptionsFacebookGroup/Dictionary-of-Rakhine.pdf	data/local/bibliography_sources/dictionary_of_rakhine-85d3b83e4fa4/Dictionary-of-Rakhine.pdf	0	DownloadsFromBurmeseInscriptionsFacebookGroup	pdf	medium	reused_existing	2026-05-29T22:23:00.471166+00:00	
193075-610d1158c03e	610d1158c03ecd9baa829a1f0daf00bb24f74748e311fa4999e9c8237055c32a	Dictionary_1931.pdf	98630	OBI_LIBRARY_ROOT:Thematic/Burmese/Burma JBRS/1929/Dictionary_1931.pdf	OBI_LIBRARY_ROOT:Thematic/Burmese/Burma JBRS/1929/Dictionary_1931.pdf | OBI_LIBRARY_ROOT:Thematic/Burmese/Burma JBRS/JBRS Originals/193075.pdf	data/local/bibliography_sources/193075-610d1158c03e/193075.pdf	1	1929 | JBRS Originals	pdf	medium	reused_existing	2026-05-29T22:23:00.470880+00:00	
diplomaticmission_christian-442f8f625c66	442f8f625c66c84974581eabab20744dc8289732c3a353acc1dc8a68fafd3054	DiplomaticMission_Christian.pdf	423616	OBI_LIBRARY_ROOT:Thematic/Burmese/Burma JBRS/1939/DiplomaticMission_Christian.pdf	OBI_LIBRARY_ROOT:Thematic/Burmese/Burma JBRS/1939/DiplomaticMission_Christian.pdf	data/local/bibliography_sources/diplomaticmission_christian-442f8f625c66/DiplomaticMission_Christian.pdf	0	1939	pdf	medium	reused_existing	2026-05-29T22:23:00.470564+00:00	
direct_communication_between_upper_assam-c722461541c5	c722461541c547f99f73db20c92f9a835f411e67cd23cc049168e4d35f5eab7f	Direct Communication between Upper Assam and Northern Burma.pdf	1351381	OBI_LIBRARY_ROOT:Thematic/SEA history/Direct Communication between Upper Assam and Northern Burma.pdf	OBI_LIBRARY_ROOT:Thematic/SEA history/Direct Communication between Upper Assam and Northern Burma.pdf	data/local/bibliography_sources/direct_communication_between_upper_assam-c722461541c5/Direct Communication between Upper Assam and Northern Burma.pdf	0	SEA history	pdf	medium	copied	2026-05-29T21:20:33.934699+00:00	
dpal_brtsegs_bod_yig_dpe_rnying_zhib_jug-f09fd0edfeb6	f09fd0edfeb6326163b18321f86a43ab6a4f9d61646d721045f2467271e457e2	Dpal brtsegs bod yig dpe rnying zhib 'jug khang (ed.) 2011 - Bod kyi lo rgyus rnam thar phyogs bsgrigs - vol. chi (36) - chapter 4 - Bka' gtsigs kyi rdo ring gi yi ge-1.pdf	2119388	OBI_LIBRARY_ROOT:Authors alphabetical/inscription articles/Dpal brtsegs bod yig dpe rnying zhib 'jug khang (ed.) 2011 - Bod kyi lo rgyus rnam thar phyogs bsgrigs - vol. chi (36) - chapter 4 - Bka' gtsigs kyi rdo ring gi yi ge-1.pdf	OBI_LIBRARY_ROOT:Authors alphabetical/inscription articles/Dpal brtsegs bod yig dpe rnying zhib 'jug khang (ed.) 2011 - Bod kyi lo rgyus rnam thar phyogs bsgrigs - vol. chi (36) - chapter 4 - Bka' gtsigs kyi rdo ring gi yi ge-1.pdf	data/local/bibliography_sources/dpal_brtsegs_bod_yig_dpe_rnying_zhib_jug-f09fd0edfeb6/Dpal brtsegs bod yig dpe rnying zhib 'jug khang (ed.) 2011 - Bod kyi lo rgyus rnam thar phyogs bsgrigs - vol. chi (36) - chapter 4 - Bka' gtsigs kyi rdo ring gi yi ge-1.pdf	0	inscription articles	pdf	medium	copied	2026-05-29T20:59:16.467777+00:00	
dr_myo_min-545073da9ec5	545073da9ec5419c9e633d7c39473558a921e8c4db192cab05722177121c84bd	Dr Myo Min.pdf	11879878	OBI_LIBRARY_ROOT:Thematic/Burmese/DownloadsFromBurmeseInscriptionsFacebookGroup/Dr Myo Min.pdf	OBI_LIBRARY_ROOT:Thematic/Burmese/DownloadsFromBurmeseInscriptionsFacebookGroup/Dr Myo Min.pdf	data/local/bibliography_sources/dr_myo_min-545073da9ec5/Dr Myo Min.pdf	0	DownloadsFromBurmeseInscriptionsFacebookGroup	pdf	medium	reused_existing	2026-05-29T22:23:00.470170+00:00	
drawings_by_cheng_from_coblin-52004b1feb59	52004b1feb591f1b7e16a15ce0fc7426c722322ee762c4e1d944487aa5b09ca0	Drawings by Cheng from Coblin.pdf	137092	OBI_LIBRARY_ROOT:Authors alphabetical/inscription articles/Drawings by Cheng from Coblin.pdf	OBI_LIBRARY_ROOT:Authors alphabetical/inscription articles/Drawings by Cheng from Coblin.pdf	data/local/bibliography_sources/drawings_by_cheng_from_coblin-52004b1feb59/Drawings by Cheng from Coblin.pdf	0	inscription articles	pdf	medium	copied	2026-05-29T20:59:16.151123+00:00	
duroiselle_epigraphica_birmanica_talaing-f1d0d08d7032	f1d0d08d70325c5d52f252754183ca98865af903ddba3771a8fc29bdf15d2da5	Duroiselle - Epigraphica Birmanica Talaing Plaques on Ananda Plates.pdf	71422954	OBI_AUTHOR_ALPHA_ROOT:Duroiselle/Duroiselle - Epigraphica Birmanica Talaing Plaques on Ananda Plates.pdf	OBI_AUTHOR_ALPHA_ROOT:Duroiselle/Duroiselle - Epigraphica Birmanica Talaing Plaques on Ananda Plates.pdf | OBI_LIBRARY_ROOT:Authors alphabetical/Duroiselle/Duroiselle - Epigraphica Birmanica Talaing Plaques on Ananda Plates.pdf	data/local/bibliography_sources/duroiselle_epigraphica_birmanica_talaing-f1d0d08d7032/Duroiselle - Epigraphica Birmanica Talaing Plaques on Ananda Plates.pdf	1	Duroiselle	pdf	high	reused_existing	2026-05-29T22:23:00.435738+00:00	
duroiselle_epigraphica_birmanica1-5a7f1c4004e1	5a7f1c4004e1746727305ba38ea68e45ce2f4f082279671f67b955b533862c2f	Duroiselle - Epigraphica Birmanica1.pdf	40674007	OBI_AUTHOR_ALPHA_ROOT:Duroiselle/Duroiselle - Epigraphica Birmanica1.pdf	OBI_AUTHOR_ALPHA_ROOT:Duroiselle/Duroiselle - Epigraphica Birmanica1.pdf | OBI_LIBRARY_ROOT:Authors alphabetical/Duroiselle/Duroiselle - Epigraphica Birmanica1.pdf	data/local/bibliography_sources/duroiselle_epigraphica_birmanica1-5a7f1c4004e1/Duroiselle - Epigraphica Birmanica1.pdf	1	Duroiselle	pdf	high	reused_existing	2026-05-29T22:23:00.435677+00:00	
duroiselle_epigraphica_birmanica3-44c26d710c75	44c26d710c752e33061310973fc008175c42ca12fa729168f9c6185304b91f8a	Duroiselle - Epigraphica Birmanica3.pdf	30895625	OBI_AUTHOR_ALPHA_ROOT:Duroiselle/Duroiselle - Epigraphica Birmanica3.pdf	OBI_AUTHOR_ALPHA_ROOT:Duroiselle/Duroiselle - Epigraphica Birmanica3.pdf | OBI_LIBRARY_ROOT:Authors alphabetical/Duroiselle/Duroiselle - Epigraphica Birmanica3.pdf	data/local/bibliography_sources/duroiselle_epigraphica_birmanica3-44c26d710c75/Duroiselle - Epigraphica Birmanica3.pdf	1	Duroiselle	pdf	high	reused_existing	2026-05-29T22:23:00.435620+00:00	
duroiselle_1912_inventaire_inscriptions_-fab28e605395	fab28e60539556ab67af0f0e51fd5d0327bab05b4faefa846f5471ed7f6baca8	Duroiselle 1912 Inventaire Inscriptions Birmanie.pdf	10544851	OBI_AUTHOR_ALPHA_ROOT:Duroiselle/Duroiselle 1912 Inventaire Inscriptions Birmanie.pdf	OBI_AUTHOR_ALPHA_ROOT:Duroiselle/Duroiselle 1912 Inventaire Inscriptions Birmanie.pdf | OBI_LIBRARY_ROOT:Authors alphabetical/Duroiselle/Duroiselle 1912 Inventaire Inscriptions Birmanie.pdf	data/local/bibliography_sources/duroiselle_1912_inventaire_inscriptions_-fab28e605395/Duroiselle 1912 Inventaire Inscriptions Birmanie.pdf	1	Duroiselle	pdf	high	reused_existing	2026-05-29T22:23:00.435563+00:00	
duroiselle_1921_list_of_inscriptions-fd372f9141d6	fd372f9141d696c16cea811e871f377ff5fa217428eac33b747b3015c24fe498	Duroiselle 1921 List of Inscriptions.pdf	17888034	OBI_AUTHOR_ALPHA_ROOT:Duroiselle/Duroiselle 1921 List of Inscriptions.pdf	OBI_AUTHOR_ALPHA_ROOT:Duroiselle/Duroiselle 1921 List of Inscriptions.pdf | OBI_LIBRARY_ROOT:Authors alphabetical/Duroiselle/Duroiselle 1921 List of Inscriptions.pdf	data/local/bibliography_sources/duroiselle_1921_list_of_inscriptions-fd372f9141d6/Duroiselle 1921 List of Inscriptions.pdf	1	Duroiselle	pdf	high	reused_existing	2026-05-29T22:23:00.435504+00:00	
duroiselle_myazedi-168c36b5ba61	168c36b5ba610f5665b592c93e391e9d7489119347c78f097af3b26869040658	Duroiselle Myazedi.pdf	22785622	OBI_AUTHOR_ALPHA_ROOT:Duroiselle/Duroiselle Myazedi.pdf	OBI_AUTHOR_ALPHA_ROOT:Duroiselle/Duroiselle Myazedi.pdf | OBI_LIBRARY_ROOT:Authors alphabetical/Duroiselle/Duroiselle Myazedi.pdf	data/local/bibliography_sources/duroiselle_myazedi-168c36b5ba61/Duroiselle Myazedi.pdf	1	Duroiselle	pdf	medium	reused_existing	2026-05-29T22:23:00.469810+00:00	
dutchtrade_hall_1939-eb8259b9ae05	eb8259b9ae05823a662496b15df72988b4fae770eb849a7cf21eba6c921a2e5d	DutchTrade-Hall-1939.pdf	1271786	OBI_LIBRARY_ROOT:Thematic/Burmese/Burma JBRS/1939/DutchTrade-Hall-1939.pdf	OBI_LIBRARY_ROOT:Thematic/Burmese/Burma JBRS/1939/DutchTrade-Hall-1939.pdf	data/local/bibliography_sources/dutchtrade_hall_1939-eb8259b9ae05/DutchTrade-Hall-1939.pdf	0	1939	pdf	medium	reused_existing	2026-05-29T22:23:00.469751+00:00	
dyen_comment_on_the_frontiers_of_burma-27fdf7c43f88	27fdf7c43f8851de83eaf657a2c7db3f15d32668fc0d172215c3d2f82ba368fc	Dyen - Comment on The Frontiers of Burma.pdf	554910	OBI_LIBRARY_ROOT:Thematic/SEA history/Dyen - Comment on The Frontiers of Burma.pdf	OBI_LIBRARY_ROOT:Thematic/SEA history/Dyen - Comment on The Frontiers of Burma.pdf	data/local/bibliography_sources/dyen_comment_on_the_frontiers_of_burma-27fdf7c43f88/Dyen - Comment on The Frontiers of Burma.pdf	0	SEA history	pdf	medium	copied	2026-05-29T21:20:33.997664+00:00	
eade_1994_astronomicalinscriptionsatpaga-2e595da59372	2e595da59372950fb587ba81340e02caa9589a5e122c4aaf58bfe5a9e890b409	Eade-1994-AstronomicalInscriptionsAtPagan.pdf	15501677	OBI_LIBRARY_ROOT:Thematic/SEA history/Eade-1994-AstronomicalInscriptionsAtPagan.pdf	OBI_LIBRARY_ROOT:Thematic/SEA history/Eade-1994-AstronomicalInscriptionsAtPagan.pdf	data/local/bibliography_sources/eade_1994_astronomicalinscriptionsatpaga-2e595da59372/Eade-1994-AstronomicalInscriptionsAtPagan.pdf	0	SEA history	pdf	medium	reused_existing	2026-05-29T22:23:00.469361+00:00	
economiclife_luce1940-44b203401c13	44b203401c13d71cce7880938287906a4be1f27366e6b6f452e64a48cfb568d1	EconomicLife-Luce1940.pdf	290743	OBI_LIBRARY_ROOT:Thematic/Burmese/Burma JBRS/1940/EconomicLife-Luce1940.pdf	OBI_LIBRARY_ROOT:Thematic/Burmese/Burma JBRS/1940/EconomicLife-Luce1940.pdf	data/local/bibliography_sources/economiclife_luce1940-44b203401c13/EconomicLife-Luce1940.pdf	0	1940	pdf	medium	reused_existing	2026-05-29T22:23:00.468919+00:00	
enga_1929_t_ban_kaimei_hibun-fa18ee894007	fa18ee8940079b5c2fe2c9c8bc13b51e80c3bca6451458921d00f2f6e0a8caba	Enga 1929 T.-Ban kaimei hibun.pdf	2459266	OBI_LIBRARY_ROOT:Authors alphabetical/inscription articles/Enga 1929 T.-Ban kaimei hibun.pdf	OBI_LIBRARY_ROOT:Authors alphabetical/inscription articles/Enga 1929 T.-Ban kaimei hibun.pdf	data/local/bibliography_sources/enga_1929_t_ban_kaimei_hibun-fa18ee894007/Enga 1929 T.-Ban kaimei hibun.pdf	0	inscription articles	pdf	medium	copied	2026-05-29T20:59:16.240034+00:00	
english_elizabeth_2002_vajrayogini-c0260f7e0475	c0260f7e0475b6a874274596ee483f43f4a2c4c8d28b8b12d4e567711c4e6b55	English, Elizabeth 2002 Vajrayoginī.pdf	113156159	OBI_LIBRARY_ROOT:Thematic/from Gergoe/English, Elizabeth 2002 Vajrayoginī.pdf	OBI_LIBRARY_ROOT:Thematic/from Gergoe/English, Elizabeth 2002 Vajrayoginī.pdf	data/local/bibliography_sources/english_elizabeth_2002_vajrayogini-c0260f7e0475/English, Elizabeth 2002 Vajrayoginī.pdf	0	from Gergoe	pdf	medium	copied	2026-05-29T20:59:00.443763+00:00	
enriquez_1914_pagan-3539c851883c	3539c851883ce4a5d499fac048631638f702bb7fd9d45d6ca7c9df2c83e20cf5	Enriquez-1914-Pagan.pdf	4104210	OBI_LIBRARY_ROOT:Thematic/SEA history/Enriquez-1914-Pagan.pdf	OBI_LIBRARY_ROOT:Thematic/SEA history/Enriquez-1914-Pagan.pdf	data/local/bibliography_sources/enriquez_1914_pagan-3539c851883c/Enriquez-1914-Pagan.pdf	0	SEA history	pdf	medium	copied	2026-05-29T21:20:33.700230+00:00	
ethnographiclinguisticsurvey_taylor1956-b1fad00a1f88	b1fad00a1f885c333b1571811b95eb0faf2f54916be4c9e8b74b8e84d56e82ea	EthnographicLinguisticSurvey-Taylor1956.pdf	976214	OBI_LIBRARY_ROOT:Thematic/Burmese/Burma JBRS/1956/EthnographicLinguisticSurvey-Taylor1956.pdf	OBI_LIBRARY_ROOT:Thematic/Burmese/Burma JBRS/1956/EthnographicLinguisticSurvey-Taylor1956.pdf	data/local/bibliography_sources/ethnographiclinguisticsurvey_taylor1956-b1fad00a1f88/EthnographicLinguisticSurvey-Taylor1956.pdf	0	1956	pdf	medium	reused_existing	2026-05-29T22:23:00.468454+00:00	
eugene_sl_chan_tibeto_burman_numeral_que-8a9330c40467	8a9330c4046740194d2a7e70e032c5f38edbf4345463276e26b78110baee6925	Eugene SL Chan_Tibeto-Burman numeral questionnaire-2018_KL Dvru.doc	73728	OBI_LIBRARY_ROOT:Thematic/Nungish/Dvru/Eugene SL Chan_Tibeto-Burman numeral questionnaire-2018_KL Dvru.doc	OBI_LIBRARY_ROOT:Thematic/Nungish/Dvru/Eugene SL Chan_Tibeto-Burman numeral questionnaire-2018_KL Dvru.doc	data/local/bibliography_sources/eugene_sl_chan_tibeto_burman_numeral_que-8a9330c40467/Eugene SL Chan_Tibeto-Burman numeral questionnaire-2018_KL Dvru.doc	0	Dvru	doc	medium	reused_existing	2026-05-29T22:23:00.468058+00:00	
eugene_sl_chan_tibeto_burman_numeral_que-802c5adfb60c	802c5adfb60c636ee873978e7770c3f45a99083530a326836d9eded18344a420	Eugene SL Chan_Tibeto-Burman numeral questionnaire-2018_Krvngku Lungmi.doc	73728	OBI_LIBRARY_ROOT:Thematic/Nungish/Lungmi Krvngku/Eugene SL Chan_Tibeto-Burman numeral questionnaire-2018_Krvngku Lungmi.doc	OBI_LIBRARY_ROOT:Thematic/Nungish/Lungmi Krvngku/Eugene SL Chan_Tibeto-Burman numeral questionnaire-2018_Krvngku Lungmi.doc	data/local/bibliography_sources/eugene_sl_chan_tibeto_burman_numeral_que-802c5adfb60c/Eugene SL Chan_Tibeto-Burman numeral questionnaire-2018_Krvngku Lungmi.doc	0	Lungmi Krvngku	doc	medium	reused_existing	2026-05-29T22:23:00.467722+00:00	
eugene_sl_chan_tibeto_burman_numeral_que-17389c6b8ef2	17389c6b8ef2f49ff89a946dd629e40caf1501cc7e9edcb93b826eb7f9c5544a	Eugene SL Chan_Tibeto-Burman numeral questionnaire-2018_Mvpang Dvngsar.doc	73216	OBI_LIBRARY_ROOT:Thematic/Nungish/Tangsar/Eugene SL Chan_Tibeto-Burman numeral questionnaire-2018_Mvpang Dvngsar.doc	OBI_LIBRARY_ROOT:Thematic/Nungish/Tangsar/Eugene SL Chan_Tibeto-Burman numeral questionnaire-2018_Mvpang Dvngsar.doc	data/local/bibliography_sources/eugene_sl_chan_tibeto_burman_numeral_que-17389c6b8ef2/Eugene SL Chan_Tibeto-Burman numeral questionnaire-2018_Mvpang Dvngsar.doc	0	Tangsar	doc	medium	reused_existing	2026-05-29T22:23:00.467321+00:00	
eugene_sl_chan_tibeto_burman_numeral_que-bfce8bbae0cc	bfce8bbae0cc770cbf6d26fbd55b476ff10f38cfd1fad7c87dbe2a26868c7c85	Eugene SL Chan_Tibeto-Burman numeral questionnaire-2018_Rvmeul.doc	73216	OBI_LIBRARY_ROOT:Thematic/Nungish/Rvmøl/Eugene SL Chan_Tibeto-Burman numeral questionnaire-2018_Rvmeul.doc	OBI_LIBRARY_ROOT:Thematic/Nungish/Rvmøl/Eugene SL Chan_Tibeto-Burman numeral questionnaire-2018_Rvmeul.doc	data/local/bibliography_sources/eugene_sl_chan_tibeto_burman_numeral_que-bfce8bbae0cc/Eugene SL Chan_Tibeto-Burman numeral questionnaire-2018_Rvmeul.doc	0	Rvmøl	doc	medium	reused_existing	2026-05-29T22:23:00.466943+00:00	
excavationhalin_myintaung1970-f15be817b96f	f15be817b96fd6244a8ba81401607b656fb0fb2f81bc5e560b8a1d51627b37a0	ExcavationHalin-MyintAung1970.pdf	809745	OBI_LIBRARY_ROOT:Thematic/Burmese/Burma JBRS/1970/ExcavationHalin-MyintAung1970.pdf	OBI_LIBRARY_ROOT:Thematic/Burmese/Burma JBRS/1970/ExcavationHalin-MyintAung1970.pdf	data/local/bibliography_sources/excavationhalin_myintaung1970-f15be817b96f/ExcavationHalin-MyintAung1970.pdf	0	1970	pdf	medium	reused_existing	2026-05-29T22:23:00.466536+00:00	
feng_zhi_1994a_faxian-cc90c8abca52	cc90c8abca524b7cb310b1505184d307bd742cbd70698d500fe1dc8ae74d03da	Feng Zhi 1994a Faxian.pdf	783579	OBI_LIBRARY_ROOT:Authors alphabetical/inscription articles/Feng Zhi 1994a Faxian.pdf	OBI_LIBRARY_ROOT:Authors alphabetical/inscription articles/Feng Zhi 1994a Faxian.pdf	data/local/bibliography_sources/feng_zhi_1994a_faxian-cc90c8abca52/Feng Zhi 1994a Faxian.pdf	0	inscription articles	pdf	medium	copied	2026-05-29T20:59:16.245019+00:00	
feng_zhi_1994b_dianxibei-ae4ea4a2e0e1	ae4ea4a2e0e162d1ae7917d2efe0b7d1821cd4f082d42cb4fee85bb560389025	Feng Zhi 1994b Dianxibei.pdf	836137	OBI_LIBRARY_ROOT:Authors alphabetical/inscription articles/Feng Zhi 1994b Dianxibei.pdf	OBI_LIBRARY_ROOT:Authors alphabetical/inscription articles/Feng Zhi 1994b Dianxibei.pdf	data/local/bibliography_sources/feng_zhi_1994b_dianxibei-ae4ea4a2e0e1/Feng Zhi 1994b Dianxibei.pdf	0	inscription articles	pdf	medium	copied	2026-05-29T20:59:16.409260+00:00	
forbes_1882_legendaryhistoryburmaarakan-8e1eb95b2cd9	8e1eb95b2cd97683263d51217da9edab28dc503559f4ec1d8e09e7a906e6ca78	Forbes-1882-LegendaryHistoryBurmaArakan.pdf	1367491	OBI_LIBRARY_ROOT:Thematic/SEA history/Forbes-1882-LegendaryHistoryBurmaArakan.pdf	OBI_LIBRARY_ROOT:Thematic/SEA history/Forbes-1882-LegendaryHistoryBurmaArakan.pdf	data/local/bibliography_sources/forbes_1882_legendaryhistoryburmaarakan-8e1eb95b2cd9/Forbes-1882-LegendaryHistoryBurmaArakan.pdf	0	SEA history	pdf	medium	copied	2026-05-29T21:20:33.364872+00:00	
forchhammer_1891_pagankyaukku-fcbce17c059b	fcbce17c059bee523e92570fbcebcebb59c24bc530b046331c4063318b1ff925	Forchhammer-1891-PaganKyaukku.pdf	70335710	OBI_LIBRARY_ROOT:Thematic/SEA history/Forchhammer/Forchhammer-1891-PaganKyaukku.pdf	OBI_LIBRARY_ROOT:Thematic/SEA history/Forchhammer/Forchhammer-1891-PaganKyaukku.pdf	data/local/bibliography_sources/forchhammer_1891_pagankyaukku-fcbce17c059b/Forchhammer-1891-PaganKyaukku.pdf	0	Forchhammer	pdf	medium	copied	2026-05-29T21:20:33.684967+00:00	
francke_dritte_sammlung_von_felsreichnun-c65b816b9fe5	c65b816b9fe5b0ee00d0028ae53e1d5e38adcd09d67cdf70a757494b2152023a	Francke Dritte Sammlung von Felsreichnungen.pdf	940097	OBI_LIBRARY_ROOT:Authors alphabetical/inscription articles/Francke Dritte Sammlung von Felsreichnungen.pdf	OBI_LIBRARY_ROOT:Authors alphabetical/inscription articles/Francke Dritte Sammlung von Felsreichnungen.pdf	data/local/bibliography_sources/francke_dritte_sammlung_von_felsreichnun-c65b816b9fe5/Francke Dritte Sammlung von Felsreichnungen.pdf	0	inscription articles	pdf	medium	copied	2026-05-29T20:59:16.454091+00:00	
franke_1906_first_collection_of_tibetan_-e1c632356816	e1c632356816026401a47dfd5e3cf9470859937ad8540b9040e255c23783752c	Franke 1906 First Collection of Tibetan Historical Inscriptions.pdf	8190627	OBI_LIBRARY_ROOT:Authors alphabetical/inscription articles/Franke 1906 First Collection of Tibetan Historical Inscriptions.pdf	OBI_LIBRARY_ROOT:Authors alphabetical/inscription articles/Franke 1906 First Collection of Tibetan Historical Inscriptions.pdf	data/local/bibliography_sources/franke_1906_first_collection_of_tibetan_-e1c632356816/Franke 1906 First Collection of Tibetan Historical Inscriptions.pdf	0	inscription articles	pdf	medium	copied	2026-05-29T20:59:16.315529+00:00	
franke_1911_tibetische_geschichtsforschu-f142dd8fcb3f	f142dd8fcb3ff9aa700931e2b7d8e6a0b743e50cf01b09131f2ad4ac5abd20d1	Franke 1911 Tibetische Geschichtsforschung.pdf	3304185	OBI_LIBRARY_ROOT:Authors alphabetical/inscription articles/Franke 1911 Tibetische Geschichtsforschung.pdf	OBI_LIBRARY_ROOT:Authors alphabetical/inscription articles/Franke 1911 Tibetische Geschichtsforschung.pdf	data/local/bibliography_sources/franke_1911_tibetische_geschichtsforschu-f142dd8fcb3f/Franke 1911 Tibetische Geschichtsforschung.pdf	0	inscription articles	pdf	medium	copied	2026-05-29T20:59:16.441832+00:00	
frasch_1994_dhammasats-3b10d0daddfc	3b10d0daddfcb361dd1484ab5e10ba5be57701566031d1c1095cce97f37af530	Frasch 1994 dhammasats.pdf	887067	OBI_AUTHOR_ALPHA_ROOT:Frasch, Tilmans/Frasch 1994 dhammasats.pdf	OBI_AUTHOR_ALPHA_ROOT:Frasch, Tilmans/Frasch 1994 dhammasats.pdf | OBI_LIBRARY_ROOT:Authors alphabetical/Frasch, Tilmans/Frasch 1994 dhammasats.pdf	data/local/bibliography_sources/frasch_1994_dhammasats-3b10d0daddfc/Frasch 1994 dhammasats.pdf	1	Frasch, Tilmans	pdf	medium	reused_existing	2026-05-29T22:23:00.466081+00:00	
frasch_2004_measuring_burmese_soil-5c898fbdb590	5c898fbdb59041009b41ba78795866c4473de45dd7c37a30c37dd747f5cc6774	Frasch 2004 Measuring Burmese Soil.pdf	1065155	OBI_AUTHOR_ALPHA_ROOT:Frasch, Tilmans/Frasch 2004 Measuring Burmese Soil.pdf	OBI_AUTHOR_ALPHA_ROOT:Frasch, Tilmans/Frasch 2004 Measuring Burmese Soil.pdf | OBI_LIBRARY_ROOT:Authors alphabetical/Frasch, Tilmans/Frasch 2004 Measuring Burmese Soil.pdf	data/local/bibliography_sources/frasch_2004_measuring_burmese_soil-5c898fbdb590/Frasch 2004 Measuring Burmese Soil.pdf	1	Frasch, Tilmans	pdf	medium	reused_existing	2026-05-29T22:23:00.466024+00:00	
frasch_2005_inscriptions_of_bagan-03a3dbf37607	03a3dbf37607735ac266711b8375fa6558f1777135be1cabe3190d853740da0d	Frasch 2005 Inscriptions of Bagan.pdf	850098	OBI_AUTHOR_ALPHA_ROOT:Frasch, Tilmans/Frasch 2005 Inscriptions of Bagan.pdf	OBI_AUTHOR_ALPHA_ROOT:Frasch, Tilmans/Frasch 2005 Inscriptions of Bagan.pdf | OBI_LIBRARY_ROOT:Authors alphabetical/Frasch, Tilmans/Frasch 2005 Inscriptions of Bagan.pdf	data/local/bibliography_sources/frasch_2005_inscriptions_of_bagan-03a3dbf37607/Frasch 2005 Inscriptions of Bagan.pdf	1	Frasch, Tilmans	pdf	high	reused_existing	2026-05-29T22:23:00.435445+00:00	
frasch_2013_buddha_image-9c76c261c5fe	9c76c261c5fec3a332b2c1187b114d8116fd660dab218557a1e87b8d1dac554e	Frasch 2013 Buddha image.pdf	2782032	OBI_AUTHOR_ALPHA_ROOT:Frasch, Tilmans/Frasch 2013 Buddha image.pdf	OBI_AUTHOR_ALPHA_ROOT:Frasch, Tilmans/Frasch 2013 Buddha image.pdf | OBI_LIBRARY_ROOT:Authors alphabetical/Frasch, Tilmans/Frasch 2013 Buddha image.pdf	data/local/bibliography_sources/frasch_2013_buddha_image-9c76c261c5fe/Frasch 2013 Buddha image.pdf	1	Frasch, Tilmans	pdf	medium	reused_existing	2026-05-29T22:23:00.465964+00:00	
frasch_2018_myanmar_epigraphy-f41478fe018f	f41478fe018faad0b6128477a37cf55f6b6d9f8c8eb119ee20dad57527c8814b	Frasch 2018 Myanmar Epigraphy.pdf	8251415	OBI_AUTHOR_ALPHA_ROOT:Frasch, Tilmans/Frasch 2018 Myanmar Epigraphy.pdf	OBI_AUTHOR_ALPHA_ROOT:Frasch, Tilmans/Frasch 2018 Myanmar Epigraphy.pdf | OBI_LIBRARY_ROOT:Authors alphabetical/Frasch, Tilmans/Frasch 2018 Myanmar Epigraphy.pdf	data/local/bibliography_sources/frasch_2018_myanmar_epigraphy-f41478fe018f/Frasch 2018 Myanmar Epigraphy.pdf	1	Frasch, Tilmans	pdf	high	reused_existing	2026-05-29T22:23:00.435373+00:00	
frasch_pyu_handlist-6b71d0f8bfb8	6b71d0f8bfb87ce78511be44cd46a84a23e1f2fe1ffb7f97784bc276f88eb6dc	Frasch Pyu handlist.pdf	6763149	OBI_LIBRARY_ROOT:Thematic/lg families/Trans-Himalyan/Pyu/Frasch Pyu handlist.pdf	OBI_LIBRARY_ROOT:Thematic/lg families/Trans-Himalyan/Pyu/Frasch Pyu handlist.pdf	data/local/bibliography_sources/frasch_pyu_handlist-6b71d0f8bfb8/Frasch Pyu handlist.pdf	0	Pyu	pdf	medium	copied	2026-05-29T21:20:38.030732+00:00	
frasch_three_pagan_inscriptions-81f9fa6e9407	81f9fa6e940725d6b1ec7b041fa8a3eabe3954a5b6b50e3cec18cc6f6174ff7e	Frasch Three pagan inscriptions.pdf	5247132	OBI_AUTHOR_ALPHA_ROOT:Frasch, Tilmans/Frasch Three pagan inscriptions.pdf	OBI_AUTHOR_ALPHA_ROOT:Frasch, Tilmans/Frasch Three pagan inscriptions.pdf | OBI_LIBRARY_ROOT:Authors alphabetical/Frasch, Tilmans/Frasch Three pagan inscriptions.pdf	data/local/bibliography_sources/frasch_three_pagan_inscriptions-81f9fa6e9407/Frasch Three pagan inscriptions.pdf	1	Frasch, Tilmans	pdf	high	reused_existing	2026-05-29T22:23:00.435293+00:00	
frasch_1996_pagan_city_and_state_english-88efaacedea6	88efaacedea63e6de9fe244c00eb9df11092f08784c866aff4429ff0d95a203d	Frasch-1996-Pagan-City and State-English-30MB.pdf	32201587	OBI_AUTHOR_ALPHA_ROOT:Frasch, Tilmans/Frasch 1996/Frasch-1996-Pagan-City and State-English-30MB.pdf	OBI_AUTHOR_ALPHA_ROOT:Frasch, Tilmans/Frasch 1996/Frasch-1996-Pagan-City and State-English-30MB.pdf | OBI_LIBRARY_ROOT:Authors alphabetical/Frasch, Tilmans/Frasch 1996/Frasch-1996-Pagan-City and State-English-30MB.pdf	data/local/bibliography_sources/frasch_1996_pagan_city_and_state_english-88efaacedea6/Frasch-1996-Pagan-City and State-English-30MB.pdf	1	Frasch 1996	pdf	medium	reused_existing	2026-05-29T22:23:00.465906+00:00	
frasch_1996_pagan_machineenglishtranslat-6f1791859aa4	6f1791859aa47dbf74463e3c58ef48a6b8369bbb741297214cd3f9ed7b764cb4	Frasch-1996-Pagan-MachineEnglishTranslation-OLD-VERSION.pdf	1420125	OBI_AUTHOR_ALPHA_ROOT:Frasch, Tilmans/Frasch 1996/Frasch-1996-Pagan-MachineEnglishTranslation-OLD-VERSION.pdf	OBI_AUTHOR_ALPHA_ROOT:Frasch, Tilmans/Frasch 1996/Frasch-1996-Pagan-MachineEnglishTranslation-OLD-VERSION.pdf | OBI_LIBRARY_ROOT:Authors alphabetical/Frasch, Tilmans/Frasch 1996/Frasch-1996-Pagan-MachineEnglishTranslation-OLD-VERSION.pdf	data/local/bibliography_sources/frasch_1996_pagan_machineenglishtranslat-6f1791859aa4/Frasch-1996-Pagan-MachineEnglishTranslation-OLD-VERSION.pdf	1	Frasch 1996	pdf	medium	reused_existing	2026-05-29T22:23:00.465847+00:00	
frasch_1996_pagan_stadt_und_staat_englis-6343bb0d00bb	6343bb0d00bb3d5f07b0aa65575c1a80f89f43d1e03200dd028d045012bbb6b0	Frasch-1996-Pagan-Stadt-und-Staat-(EnglishTransalation).pdf	330250266	OBI_AUTHOR_ALPHA_ROOT:Frasch, Tilmans/Frasch 1996/Frasch-1996-Pagan-Stadt-und-Staat-(EnglishTransalation).pdf	OBI_AUTHOR_ALPHA_ROOT:Frasch, Tilmans/Frasch 1996/Frasch-1996-Pagan-Stadt-und-Staat-(EnglishTransalation).pdf | OBI_LIBRARY_ROOT:Authors alphabetical/Frasch, Tilmans/Frasch 1996/Frasch-1996-Pagan-Stadt-und-Staat-(EnglishTransalation).pdf	data/local/bibliography_sources/frasch_1996_pagan_stadt_und_staat_englis-6343bb0d00bb/Frasch-1996-Pagan-Stadt-und-Staat-(EnglishTransalation).pdf	1	Frasch 1996	pdf	medium	reused_existing	2026-05-29T22:23:00.465788+00:00	
gayden_2009_tibeto_burman_genetics-c58cd06a8b94	c58cd06a8b943c6fdfd137a1f8d9e38b3854243223d6f11d74dfa0d43386476a	Gayden (2009) Tibeto-Burman genetics.pdf	210818	OBI_AUTHOR_ALPHA_ROOT:Tibetan genetics/Gayden (2009) Tibeto-Burman genetics.pdf	OBI_AUTHOR_ALPHA_ROOT:Tibetan genetics/Gayden (2009) Tibeto-Burman genetics.pdf | OBI_LIBRARY_ROOT:Authors alphabetical/Tibetan genetics/Gayden (2009) Tibeto-Burman genetics.pdf	data/local/bibliography_sources/gayden_2009_tibeto_burman_genetics-c58cd06a8b94/Gayden (2009) Tibeto-Burman genetics.pdf	1	Tibetan genetics	pdf	medium	reused_existing	2026-05-29T22:23:00.465725+00:00	
geographic_society_1888_exploration_of_r-a61d9a221cf7	a61d9a221cf7c9f74b2e3453e1e14bc35c5d759d138fbcfa9d5899eb861d730f	Geographic Society- 1888- Exploration of Route between Assam and Upper Burma.pdf	250921	OBI_LIBRARY_ROOT:Thematic/SEA history/Geographic Society- 1888- Exploration of Route between Assam and Upper Burma.pdf	OBI_LIBRARY_ROOT:Thematic/SEA history/Geographic Society- 1888- Exploration of Route between Assam and Upper Burma.pdf	data/local/bibliography_sources/geographic_society_1888_exploration_of_r-a61d9a221cf7/Geographic Society- 1888- Exploration of Route between Assam and Upper Burma.pdf	0	SEA history	pdf	medium	copied	2026-05-29T21:20:33.915571+00:00	
geographic_society_1926_from_burma_to_as-8ab7ebd2e587	8ab7ebd2e5871f78442b2f594ca062e829e57c4cdda7e632d210a0180e7060bc	Geographic Society- 1926- From Burma to Assam by the Kronjong Pass.pdf	270586	OBI_LIBRARY_ROOT:Thematic/SEA history/Geographic Society- 1926- From Burma to Assam by the Kronjong Pass.pdf	OBI_LIBRARY_ROOT:Thematic/SEA history/Geographic Society- 1926- From Burma to Assam by the Kronjong Pass.pdf	data/local/bibliography_sources/geographic_society_1926_from_burma_to_as-8ab7ebd2e587/Geographic Society- 1926- From Burma to Assam by the Kronjong Pass.pdf	0	SEA history	pdf	medium	copied	2026-05-29T21:20:33.737707+00:00	
geographyburmaunderpagan_luce1959-dd5b8c70a170	dd5b8c70a1705c5fea1186e0ad4cd5614fe82d40039a0bf912898e89d04ef751	GeographyBurmaUnderPagan-Luce1959.pdf	1155320	OBI_LIBRARY_ROOT:Thematic/Burmese/Burma JBRS/1959/GeographyBurmaUnderPagan-Luce1959.pdf	OBI_LIBRARY_ROOT:Thematic/Burmese/Burma JBRS/1959/GeographyBurmaUnderPagan-Luce1959.pdf	data/local/bibliography_sources/geographyburmaunderpagan_luce1959-dd5b8c70a170/GeographyBurmaUnderPagan-Luce1959.pdf	0	1959	pdf	medium	reused_existing	2026-05-29T22:23:00.465659+00:00	
giacomella_1990_a_note_on_some_tibetan_p-f4f72fbde648	f4f72fbde64873c5e44cff8124f390476235b329b0463d74199da0ad5189fa78	Giacomella 1990 A Note on Some Tibetan Petroglyphs.pdf	5176891	OBI_LIBRARY_ROOT:Authors alphabetical/inscription articles/Giacomella 1990 A Note on Some Tibetan Petroglyphs.pdf	OBI_LIBRARY_ROOT:Authors alphabetical/inscription articles/Giacomella 1990 A Note on Some Tibetan Petroglyphs.pdf	data/local/bibliography_sources/giacomella_1990_a_note_on_some_tibetan_p-f4f72fbde648/Giacomella 1990 A Note on Some Tibetan Petroglyphs.pdf	0	inscription articles	pdf	medium	copied	2026-05-29T20:59:15.872112+00:00	
giebel_vajras_ekhara-b0808f820e80	b0808f820e803b2aad9c26cdca71bb2df7cc6b0431a468a0499e40ad26cdf776	Giebel_Vajraśekhara.pdf	6110435	OBI_LIBRARY_ROOT:Thematic/from Gergoe/Giebel_Vajraśekhara.pdf	OBI_LIBRARY_ROOT:Thematic/from Gergoe/Giebel_Vajraśekhara.pdf	data/local/bibliography_sources/giebel_vajras_ekhara-b0808f820e80/Giebel_Vajraśekhara.pdf	0	from Gergoe	pdf	medium	reused_existing	2026-05-29T22:23:00.465245+00:00	
gnya_gon_1988_some_stone_inscription_tex-c85d5a54bf23	c85d5a54bf236cf9ec5d1fed1cced7356a1aef1b2aefaa40a9fb4a4c214cfd58	Gnya gon 1988 Some Stone Inscription Texts.pdf	2535712	OBI_LIBRARY_ROOT:Authors alphabetical/inscription articles/Gnya gon 1988 Some Stone Inscription Texts.pdf	OBI_LIBRARY_ROOT:Authors alphabetical/inscription articles/Gnya gon 1988 Some Stone Inscription Texts.pdf	data/local/bibliography_sources/gnya_gon_1988_some_stone_inscription_tex-c85d5a54bf23/Gnya gon 1988 Some Stone Inscription Texts.pdf	0	inscription articles	pdf	medium	copied	2026-05-29T20:59:16.327785+00:00	
goldin_the_legacy_of_bronzes_and_bronze_-3c0ba37eb51c	3c0ba37eb51cc58b70da387e83b4334a2161f8ed4352699d71c2d1496ad6c9d9	Goldin The Legacy of Bronzes and Bronze Inscriptions in Early Chinese Literature.pdf	845951	OBI_LIBRARY_ROOT:Authors alphabetical/Goldin/Goldin The Legacy of Bronzes and Bronze Inscriptions in Early Chinese Literature.pdf	OBI_LIBRARY_ROOT:Authors alphabetical/Goldin/Goldin The Legacy of Bronzes and Bronze Inscriptions in Early Chinese Literature.pdf	data/local/bibliography_sources/goldin_the_legacy_of_bronzes_and_bronze_-3c0ba37eb51c/Goldin The Legacy of Bronzes and Bronze Inscriptions in Early Chinese Literature.pdf	0	Goldin	pdf	medium	copied	2026-05-29T20:59:17.345447+00:00	
gray_david_compassionate_violence_on_the-2b6294d47ccf	2b6294d47ccf0420242eaa5fa05f1d80e4c19053317c8903532c8a363d865a7f	Gray, David - Compassionate Violence_ On the Ethical Implications of Tantric Buddhist Ritual.pdf	112233	OBI_LIBRARY_ROOT:Authors alphabetical/Gray, David/Gray, David - Compassionate Violence_ On the Ethical Implications of Tantric Buddhist Ritual.pdf	OBI_LIBRARY_ROOT:Authors alphabetical/Gray, David/Gray, David - Compassionate Violence_ On the Ethical Implications of Tantric Buddhist Ritual.pdf	data/local/bibliography_sources/gray_david_compassionate_violence_on_the-2b6294d47ccf/Gray, David - Compassionate Violence_ On the Ethical Implications of Tantric Buddhist Ritual.pdf	0	Gray, David	pdf	medium	copied	2026-05-29T20:59:10.125281+00:00	
gray_david_eating_the_heart_of_the_brahm-c6b00befff43	c6b00befff43a47e8bad1826e3e5c2cc78744ffd257200f4d8806167cb2d0d21	Gray, David - Eating the Heart of the Brahmin - Representations of Alterity and the Formation of Identity in Tantric Buddhist Discourse.pdf	197710	OBI_LIBRARY_ROOT:Authors alphabetical/Gray, David/Gray, David - Eating the Heart of the Brahmin - Representations of Alterity and the Formation of Identity in Tantric Buddhist Discourse.pdf	OBI_LIBRARY_ROOT:Authors alphabetical/Gray, David/Gray, David - Eating the Heart of the Brahmin - Representations of Alterity and the Formation of Identity in Tantric Buddhist Discourse.pdf	data/local/bibliography_sources/gray_david_eating_the_heart_of_the_brahm-c6b00befff43/Gray, David - Eating the Heart of the Brahmin - Representations of Alterity and the Formation of Identity in Tantric Buddhist Discourse.pdf	0	Gray, David	pdf	medium	copied	2026-05-29T20:59:10.256326+00:00	
gray_david_on_supreme_bliss_a_study_of_t-fa551182af71	fa551182af71295cae55c78fdd513a428133f0d45f578d0365fd5a07a891bc19	Gray, David - On Supreme Bliss - A Study of the History and Interpretation of the Chakrasamvara Tantra.pdf	44036096	OBI_LIBRARY_ROOT:Authors alphabetical/Gray, David/Gray, David - On Supreme Bliss - A Study of the History and Interpretation of the Chakrasamvara Tantra.pdf	OBI_LIBRARY_ROOT:Authors alphabetical/Gray, David/Gray, David - On Supreme Bliss - A Study of the History and Interpretation of the Chakrasamvara Tantra.pdf	data/local/bibliography_sources/gray_david_on_supreme_bliss_a_study_of_t-fa551182af71/Gray, David - On Supreme Bliss - A Study of the History and Interpretation of the Chakrasamvara Tantra.pdf	0	Gray, David	pdf	medium	copied	2026-05-29T20:59:10.250431+00:00	
gray_david_the_cakrasamvara_tantra_its_h-28421198b59d	28421198b59dc8ca301089d68f92c09e130333bb331e16fe6b5f0efa18d77d58	Gray, David - The Cakrasamvara-Tantra - Its History, Interpretation, and Practice in India and Tibet.pdf	180654	OBI_LIBRARY_ROOT:Authors alphabetical/Gray, David/Gray, David - The Cakrasamvara-Tantra - Its History, Interpretation, and Practice in India and Tibet.pdf	OBI_LIBRARY_ROOT:Authors alphabetical/Gray, David/Gray, David - The Cakrasamvara-Tantra - Its History, Interpretation, and Practice in India and Tibet.pdf	data/local/bibliography_sources/gray_david_the_cakrasamvara_tantra_its_h-28421198b59d/Gray, David - The Cakrasamvara-Tantra - Its History, Interpretation, and Practice in India and Tibet.pdf	0	Gray, David	pdf	medium	copied	2026-05-29T20:59:10.259426+00:00	
gugon_2006_from_harvard-8219c78ad6d0	8219c78ad6d02133b988b73d1c6f28dfbfe84bacb0960aea3e19cbc1e92d113b	Gugon 2006 from Harvard.pdf	1353381	OBI_LIBRARY_ROOT:Authors alphabetical/inscription articles/Gugon 2006 from Harvard.pdf	OBI_LIBRARY_ROOT:Authors alphabetical/inscription articles/Gugon 2006 from Harvard.pdf	data/local/bibliography_sources/gugon_2006_from_harvard-8219c78ad6d0/Gugon 2006 from Harvard.pdf	0	inscription articles	pdf	medium	copied	2026-05-29T20:59:16.340811+00:00	
gugon_2006_from_heller-aa538defc38d	aa538defc38de0504db8c91571c5e72b9807d57eecf093aad463ed6fe9d3c7b6	Gugon 2006 from Heller.pdf	4543598	OBI_LIBRARY_ROOT:Authors alphabetical/inscription articles/Gugon 2006 from Heller.pdf	OBI_LIBRARY_ROOT:Authors alphabetical/inscription articles/Gugon 2006 from Heller.pdf	data/local/bibliography_sources/gugon_2006_from_heller-aa538defc38d/Gugon 2006 from Heller.pdf	0	inscription articles	pdf	medium	copied	2026-05-29T20:59:17.213428+00:00	
gvn_ng_rvwang_kristu_pung_1968_gvn_ng_rv-3edb08fa0c3e	3edb08fa0c3ef994f37a2e36ae88ad72b1a4571e64424d517883d631b269db16	Gvnøng Rvwang Kristu Pung 1968_Gvnøng Rvwang lega nvmlat bok Gvray Gvsvng mvshøl.pdf	33699306	OBI_LIBRARY_ROOT:Thematic/Nungish/Rvwang-Mvtwang/Gvnøng Rvwang Kristu Pung 1968_Gvnøng Rvwang lega nvmlat bok Gvray Gvsvng mvshøl.pdf	OBI_LIBRARY_ROOT:Thematic/Nungish/Rvwang-Mvtwang/Gvnøng Rvwang Kristu Pung 1968_Gvnøng Rvwang lega nvmlat bok Gvray Gvsvng mvshøl.pdf	data/local/bibliography_sources/gvn_ng_rvwang_kristu_pung_1968_gvn_ng_rv-3edb08fa0c3e/Gvnøng Rvwang Kristu Pung 1968_Gvnøng Rvwang lega nvmlat bok Gvray Gvsvng mvshøl.pdf	0	Rvwang-Mvtwang	pdf	medium	copied	2026-05-29T20:58:59.512067+00:00	
haimendorf_1938_mountains_of_the_assam_b-8e21d13c4eba	8e21d13c4eba230669749647cf3ec18fe87a9246621248e6cc2b484d2bdb7278	Haimendorf- 1938- Mountains of the Assam-Burma Border.pdf	10991820	OBI_LIBRARY_ROOT:Thematic/SEA history/Haimendorf- 1938- Mountains of the Assam-Burma Border.pdf	OBI_LIBRARY_ROOT:Thematic/SEA history/Haimendorf- 1938- Mountains of the Assam-Burma Border.pdf	data/local/bibliography_sources/haimendorf_1938_mountains_of_the_assam_b-8e21d13c4eba/Haimendorf- 1938- Mountains of the Assam-Burma Border.pdf	0	SEA history	pdf	medium	copied	2026-05-29T21:20:33.734130+00:00	
hans_penth_phra_lamphun_inscriptions-a721406ead28	a721406ead28db32482f987145c328e11852ce7a1c786ff164312363887c9e36	Hans Penth Phra Lamphun Inscriptions.pdf	4561464	OBI_LIBRARY_ROOT:Thematic/SEA history/Hans Penth Phra Lamphun Inscriptions.pdf	OBI_LIBRARY_ROOT:Thematic/SEA history/Hans Penth Phra Lamphun Inscriptions.pdf	data/local/bibliography_sources/hans_penth_phra_lamphun_inscriptions-a721406ead28/Hans Penth Phra Lamphun Inscriptions.pdf	0	SEA history	pdf	medium	copied	2026-05-29T20:59:00.809240+00:00	
harrison_paul_schopen_gregory_eds_suryac-368dacb80163	368dacb80163c047d020bbf0ab4b5b4fa3dcbd5488ee51346d6eb12af0178830	Harrison-Paul-Schopen-Gregory-Eds-Suryacandraya.pdf	728642	OBI_LIBRARY_ROOT:Authors alphabetical/Harrison, Paul/Harrison-Paul-Schopen-Gregory-Eds-Suryacandraya.pdf	OBI_LIBRARY_ROOT:Authors alphabetical/Harrison, Paul/Harrison-Paul-Schopen-Gregory-Eds-Suryacandraya.pdf	data/local/bibliography_sources/harrison_paul_schopen_gregory_eds_suryac-368dacb80163/Harrison-Paul-Schopen-Gregory-Eds-Suryacandraya.pdf	0	Harrison, Paul	pdf	medium	copied	2026-05-29T20:59:10.313523+00:00	
heller_1994_ninth_century_buddhist_image-d0cb25df2752	d0cb25df2752124c94c3ff296ff3b036b341dbab2412d29e6de0d9a1eda56d85	Heller 1994 Ninth Century Buddhist Images.pdf	3663060	OBI_LIBRARY_ROOT:Authors alphabetical/inscription articles/Heller 1994 Ninth Century Buddhist Images.pdf	OBI_LIBRARY_ROOT:Authors alphabetical/inscription articles/Heller 1994 Ninth Century Buddhist Images.pdf	data/local/bibliography_sources/heller_1994_ninth_century_buddhist_image-d0cb25df2752/Heller 1994 Ninth Century Buddhist Images.pdf	0	inscription articles	pdf	medium	copied	2026-05-29T20:59:16.356105+00:00	
heller_1997_buddhist_images_and_rock_ins-f29e6df3c9ed	f29e6df3c9ede3f3cd43bca84661d97c4bbda061b10a59edc2643fe1c6977991	Heller 1997 Buddhist Images and Rock Inscriptions.pdf	3341824	OBI_LIBRARY_ROOT:Authors alphabetical/inscription articles/Heller 1997 Buddhist Images and Rock Inscriptions.pdf	OBI_LIBRARY_ROOT:Authors alphabetical/inscription articles/Heller 1997 Buddhist Images and Rock Inscriptions.pdf	data/local/bibliography_sources/heller_1997_buddhist_images_and_rock_ins-f29e6df3c9ed/Heller 1997 Buddhist Images and Rock Inscriptions.pdf	0	inscription articles	pdf	medium	copied	2026-05-29T20:59:16.273327+00:00	
herbert_2004_u_pe_maung_tin_bibliography-06159d9e4002	06159d9e400290d68cd6d515b3d8a5555fc4117563a696c045608157c871573e	Herbert - 2004 - U Pe Maung Tin bibliography.pdf	733660	OBI_LIBRARY_ROOT:Thematic/Bibliographies/Herbert - 2004 - U Pe Maung Tin bibliography.pdf	OBI_LIBRARY_ROOT:Thematic/Bibliographies/Herbert - 2004 - U Pe Maung Tin bibliography.pdf	data/local/bibliography_sources/herbert_2004_u_pe_maung_tin_bibliography-06159d9e4002/Herbert - 2004 - U Pe Maung Tin bibliography.pdf	0	Bibliographies	pdf	medium	reused_existing	2026-05-29T22:23:00.464864+00:00	
herbert_burma_world_bibliographical_seri-025de99a73e7	025de99a73e7f0f34a2cb45e7821570e2760a2ccab16a884606ea454afc7fe79	Herbert_Burma (World Bibliographical Series).pdf	26679266	OBI_LIBRARY_ROOT:Thematic/Bibliographies/Herbert_Burma (World Bibliographical Series).pdf	OBI_LIBRARY_ROOT:Thematic/Bibliographies/Herbert_Burma (World Bibliographical Series).pdf	data/local/bibliography_sources/herbert_burma_world_bibliographical_seri-025de99a73e7/Herbert_Burma (World Bibliographical Series).pdf	0	Bibliographies	pdf	medium	copied	2026-05-29T21:20:34.124470+00:00	
hill_ar_2006_tibetan_vwa_fox_the_sound_c-621c8246252f	621c8246252f3d5a2d937d1ee395b7ff9c943e64b87e0e2e1652fd7f534f8187	Hill ar 2006 Tibetan vwa 'fox' & the sound change Tibeto-Burman wa - Old Tibetan o.pdf	627445	OBI_AUTHOR_ALPHA_ROOT:Hill, Nathan/Hill ar 2006 Tibetan vwa 'fox' & the sound change Tibeto-Burman wa - Old Tibetan o.pdf	OBI_AUTHOR_ALPHA_ROOT:Hill, Nathan/Hill ar 2006 Tibetan vwa 'fox' & the sound change Tibeto-Burman wa - Old Tibetan o.pdf | OBI_LIBRARY_ROOT:Authors alphabetical/Hill, Nathan/Hill ar 2006 Tibetan vwa 'fox' & the sound change Tibeto-Burman wa - Old Tibetan o.pdf	data/local/bibliography_sources/hill_ar_2006_tibetan_vwa_fox_the_sound_c-621c8246252f/Hill ar 2006 Tibetan vwa 'fox' & the sound change Tibeto-Burman wa - Old Tibetan o.pdf	1	Hill, Nathan	pdf	medium	reused_existing	2026-05-29T22:23:00.464503+00:00	
hill_rv_2009_review_of_matisoff_2003_han-2a59601df810	2a59601df810e10a6075d97a9a0683d0e2e87c2376d2d4e10530992b5c175e32	Hill rv 2009 Review of Matisoff 2003, Handbook of Proto-Tibeto-Burman.pdf	454218	OBI_AUTHOR_ALPHA_ROOT:Hill, Nathan/Hill rv 2009 Review of Matisoff 2003, Handbook of Proto-Tibeto-Burman.pdf	OBI_AUTHOR_ALPHA_ROOT:Hill, Nathan/Hill rv 2009 Review of Matisoff 2003, Handbook of Proto-Tibeto-Burman.pdf | OBI_LIBRARY_ROOT:Authors alphabetical/Hill, Nathan/Hill rv 2009 Review of Matisoff 2003, Handbook of Proto-Tibeto-Burman.pdf	data/local/bibliography_sources/hill_rv_2009_review_of_matisoff_2003_han-2a59601df810/Hill rv 2009 Review of Matisoff 2003, Handbook of Proto-Tibeto-Burman.pdf	1	Hill, Nathan	pdf	medium	reused_existing	2026-05-29T22:23:00.464441+00:00	
himanshu_ray_archaeology_as_history_in_e-5f0c00be9b6b	5f0c00be9b6b8f716a1a296150ae3a1ab0e10f3bab9f044ec765de306bce9e99	Himanshu Ray Archaeology as History in Early South Asia.pdf	22094690	OBI_LIBRARY_ROOT:Thematic/SEA history/Himanshu Ray Archaeology as History in Early South Asia.pdf	OBI_LIBRARY_ROOT:Thematic/SEA history/Himanshu Ray Archaeology as History in Early South Asia.pdf	data/local/bibliography_sources/himanshu_ray_archaeology_as_history_in_e-5f0c00be9b6b/Himanshu Ray Archaeology as History in Early South Asia.pdf	0	SEA history	pdf	medium	copied	2026-05-29T20:59:01.460390+00:00	
historians_of_sea_tin_ohn_historians_mod-b10376b7e44c	b10376b7e44c15e033122510865d09e24791b4da0b665dfe336db2a33ee60d1c	Historians of SEA Tin Ohn Historians Modern BUrma.pdf	2789122	OBI_LIBRARY_ROOT:Thematic/SEA history/Historians of SEA Tin Ohn Historians Modern BUrma.pdf	OBI_LIBRARY_ROOT:Thematic/SEA history/Historians of SEA Tin Ohn Historians Modern BUrma.pdf	data/local/bibliography_sources/historians_of_sea_tin_ohn_historians_mod-b10376b7e44c/Historians of SEA Tin Ohn Historians Modern BUrma.pdf	0	SEA history	pdf	medium	copied	2026-05-29T21:20:33.927273+00:00	
hogarth_1926_the_assam_burma_frontier_di-29479e89fab3	29479e89fab3a41a006e1e76f5121701cb8225046ccaedb173be3564e24d8d66	Hogarth- 1926- The Assam-Burma Frontier- Discussion.pdf	979470	OBI_LIBRARY_ROOT:Thematic/SEA history/Hogarth- 1926- The Assam-Burma Frontier- Discussion.pdf	OBI_LIBRARY_ROOT:Thematic/SEA history/Hogarth- 1926- The Assam-Burma Frontier- Discussion.pdf	data/local/bibliography_sources/hogarth_1926_the_assam_burma_frontier_di-29479e89fab3/Hogarth- 1926- The Assam-Burma Frontier- Discussion.pdf	0	SEA history	pdf	medium	copied	2026-05-29T21:20:33.357480+00:00	
houghton_1898_outlines_of_tibeto_burman-bdb008a52b7d	bdb008a52b7d4b5038038b14042b1e94aad09f4a9c9a381f3f026fea5f44919d	Houghton 1898 Outlines of Tibeto-Burman.pdf	1914622	OBI_AUTHOR_ALPHA_ROOT:Houghton/Houghton 1898 Outlines of Tibeto-Burman.pdf	OBI_AUTHOR_ALPHA_ROOT:Houghton/Houghton 1898 Outlines of Tibeto-Burman.pdf | OBI_LIBRARY_ROOT:Authors alphabetical/Houghton/Houghton 1898 Outlines of Tibeto-Burman.pdf	data/local/bibliography_sources/houghton_1898_outlines_of_tibeto_burman-bdb008a52b7d/Houghton 1898 Outlines of Tibeto-Burman.pdf	1	Houghton	pdf	medium	reused_existing	2026-05-29T22:23:00.464378+00:00	
huber_1909_bagan-6dc2bcde3f5d	6dc2bcde3f5d072fe980e4eda9676446a2a15f5f61e2398db5bb7cbfe2f7f319	Huber-1909-Bagan.pdf	26862501	OBI_LIBRARY_ROOT:Thematic/SEA history/Huber-1909-Bagan.pdf	OBI_LIBRARY_ROOT:Thematic/SEA history/Huber-1909-Bagan.pdf	data/local/bibliography_sources/huber_1909_bagan-6dc2bcde3f5d/Huber-1909-Bagan.pdf	0	SEA history	pdf	medium	copied	2026-05-29T21:20:33.444456+00:00	
huth_1894-0b7726ccd0eb	0b7726ccd0eb2fbf354df1b5a055e0e6860153e63af0c2d461df86f7c9c4f156	Huth 1894.pdf	6116245	OBI_LIBRARY_ROOT:Thematic/Tibetan/Tib texts/inscriptions/Author Inscriptions/Huth 1894/Huth 1894.pdf	OBI_LIBRARY_ROOT:Thematic/Tibetan/Tib texts/inscriptions/Author Inscriptions/Huth 1894/Huth 1894.pdf	data/local/bibliography_sources/huth_1894-0b7726ccd0eb/Huth 1894.pdf	0	Huth 1894	pdf	medium	copied	2026-05-29T20:58:58.351717+00:00	
ib_ccclxiii_myazedi_pyu-60d8aa311c18	60d8aa311c18c907b3f02fcde0d933fe49069b90c1d5ed402e01cb518e48b782	IB_CCCLXIII_Myazedi-Pyu.pdf	3523347	OBI_LIBRARY_ROOT:Thematic/Pyu/Burma_2016 copy/Griffiths photos/images/007-008 Myazedi/IB/IB_CCCLXIII_Myazedi-Pyu.pdf	OBI_LIBRARY_ROOT:Thematic/Pyu/Burma_2016 copy/Griffiths photos/images/007-008 Myazedi/IB/IB_CCCLXIII_Myazedi-Pyu.pdf	data/local/bibliography_sources/ib_ccclxiii_myazedi_pyu-60d8aa311c18/IB_CCCLXIII_Myazedi-Pyu.pdf	0	IB	pdf	medium	copied	2026-05-29T21:20:35.821072+00:00	
ib_ccclxii_myazedi_mon-68c8bd7a4dcd	68c8bd7a4dcdc4c700a1baf32d8cc3f846452544f98645f506cfd964bb75debb	IB_CCCLXII_Myazedi-Mon.pdf	2388732	OBI_LIBRARY_ROOT:Thematic/Pyu/Burma_2016 copy/Griffiths photos/images/007-008 Myazedi/IB/IB_CCCLXII_Myazedi-Mon.pdf	OBI_LIBRARY_ROOT:Thematic/Pyu/Burma_2016 copy/Griffiths photos/images/007-008 Myazedi/IB/IB_CCCLXII_Myazedi-Mon.pdf	data/local/bibliography_sources/ib_ccclxii_myazedi_mon-68c8bd7a4dcd/IB_CCCLXII_Myazedi-Mon.pdf	0	IB	pdf	medium	copied	2026-05-29T21:20:35.831407+00:00	
ib_ccclxiv_myazedi_burmese-f5af78416711	f5af784167112aa25f8417787591f45763842f6ce33e833ad73cffaa60819f51	IB_CCCLXIV_Myazedi-Burmese.pdf	3749003	OBI_LIBRARY_ROOT:Thematic/Pyu/Burma_2016 copy/Griffiths photos/images/007-008 Myazedi/IB/IB_CCCLXIV_Myazedi-Burmese.pdf	OBI_LIBRARY_ROOT:Thematic/Pyu/Burma_2016 copy/Griffiths photos/images/007-008 Myazedi/IB/IB_CCCLXIV_Myazedi-Burmese.pdf	data/local/bibliography_sources/ib_ccclxiv_myazedi_burmese-f5af78416711/IB_CCCLXIV_Myazedi-Burmese.pdf	0	IB	pdf	medium	copied	2026-05-29T21:20:35.792353+00:00	
ib_ccclxi_myazedi_pali-b16e2d2e1d06	b16e2d2e1d06bee66ff30a7955d5046f77b717239ebd03be2b579b25c85c31fa	IB_CCCLXI_Myazedi-Pali.pdf	3758816	OBI_LIBRARY_ROOT:Thematic/Pyu/Burma_2016 copy/Griffiths photos/images/007-008 Myazedi/IB/IB_CCCLXI_Myazedi-Pali.pdf	OBI_LIBRARY_ROOT:Thematic/Pyu/Burma_2016 copy/Griffiths photos/images/007-008 Myazedi/IB/IB_CCCLXI_Myazedi-Pali.pdf	data/local/bibliography_sources/ib_ccclxi_myazedi_pali-b16e2d2e1d06/IB_CCCLXI_Myazedi-Pali.pdf	0	IB	pdf	medium	copied	2026-05-29T21:20:35.807053+00:00	
ior_neg_7204x500jp2-39ac17b337b5	39ac17b337b5adcdd28ac37ad13de95d373aa5814d7a1f8494881bcd0311894f	IOR_NEG_7204x500jp2.pdf	83318309	OBI_AUTHOR_ALPHA_ROOT:Luce/Notebooks/IOR_NEG_7204x500jp2.pdf	OBI_AUTHOR_ALPHA_ROOT:Luce/Notebooks/IOR_NEG_7204x500jp2.pdf | OBI_LIBRARY_ROOT:Authors alphabetical/Luce/Notebooks/IOR_NEG_7204x500jp2.pdf | OBI_LIBRARY_ROOT:Thematic/Burmese/OBur/Luce notebooks/PDF/IOR_NEG_7204x500jp2.pdf	data/local/bibliography_sources/ior_neg_7204x500jp2-39ac17b337b5/IOR_NEG_7204x500jp2.pdf	2	Notebooks | PDF	pdf	medium	reused_existing	2026-05-29T22:23:00.464315+00:00	
ior_neg_7205x500jp2-7dfa3bcf02e4	7dfa3bcf02e4202a1cc2f80250bb22639dd9b85635e9c9fadac1803067263a6c	IOR_NEG_7205x500jp2.pdf	88041871	OBI_AUTHOR_ALPHA_ROOT:Luce/Notebooks/IOR_NEG_7205x500jp2.pdf	OBI_AUTHOR_ALPHA_ROOT:Luce/Notebooks/IOR_NEG_7205x500jp2.pdf | OBI_LIBRARY_ROOT:Authors alphabetical/Luce/Notebooks/IOR_NEG_7205x500jp2.pdf | OBI_LIBRARY_ROOT:Thematic/Burmese/OBur/Luce notebooks/PDF/IOR_NEG_7205x500jp2.pdf	data/local/bibliography_sources/ior_neg_7205x500jp2-7dfa3bcf02e4/IOR_NEG_7205x500jp2.pdf	2	Notebooks | PDF	pdf	medium	reused_existing	2026-05-29T22:23:00.464256+00:00	
ior_neg_7206x500jp2-cf74b3c4ce0f	cf74b3c4ce0faefa6394b87990276da3ba3d2b3ece5e028478327178e54293c3	IOR_NEG_7206x500jp2.pdf	67677206	OBI_AUTHOR_ALPHA_ROOT:Luce/Notebooks/IOR_NEG_7206x500jp2.pdf	OBI_AUTHOR_ALPHA_ROOT:Luce/Notebooks/IOR_NEG_7206x500jp2.pdf | OBI_LIBRARY_ROOT:Authors alphabetical/Luce/Notebooks/IOR_NEG_7206x500jp2.pdf | OBI_LIBRARY_ROOT:Thematic/Burmese/OBur/Luce notebooks/PDF/IOR_NEG_7206x500jp2.pdf	data/local/bibliography_sources/ior_neg_7206x500jp2-cf74b3c4ce0f/IOR_NEG_7206x500jp2.pdf	2	Notebooks | PDF	pdf	medium	reused_existing	2026-05-29T22:23:00.464197+00:00	
ior_neg_7207x500jp2-c48e2e76ff8c	c48e2e76ff8cdd320318c8ae6ceecf1daa10af0f6e9d0b787110b6bb48032ade	IOR_NEG_7207x500jp2.pdf	91641975	OBI_AUTHOR_ALPHA_ROOT:Luce/Notebooks/IOR_NEG_7207x500jp2.pdf	OBI_AUTHOR_ALPHA_ROOT:Luce/Notebooks/IOR_NEG_7207x500jp2.pdf | OBI_LIBRARY_ROOT:Authors alphabetical/Luce/Notebooks/IOR_NEG_7207x500jp2.pdf | OBI_LIBRARY_ROOT:Thematic/Burmese/OBur/Luce notebooks/PDF/IOR_NEG_7207x500jp2.pdf	data/local/bibliography_sources/ior_neg_7207x500jp2-c48e2e76ff8c/IOR_NEG_7207x500jp2.pdf	2	Notebooks | PDF	pdf	medium	reused_existing	2026-05-29T22:23:00.464138+00:00	
ior_neg_7208x500jp2-b21005f80d8e	b21005f80d8e5e430e56e9f5733ac525f9d764cefa32d1077c06006291a13c60	IOR_NEG_7208x500jp2.pdf	85435855	OBI_AUTHOR_ALPHA_ROOT:Luce/Notebooks/IOR_NEG_7208x500jp2.pdf	OBI_AUTHOR_ALPHA_ROOT:Luce/Notebooks/IOR_NEG_7208x500jp2.pdf | OBI_LIBRARY_ROOT:Authors alphabetical/Luce/Notebooks/IOR_NEG_7208x500jp2.pdf | OBI_LIBRARY_ROOT:Thematic/Burmese/OBur/Luce notebooks/PDF/IOR_NEG_7208x500jp2.pdf	data/local/bibliography_sources/ior_neg_7208x500jp2-b21005f80d8e/IOR_NEG_7208x500jp2.pdf	2	Notebooks | PDF	pdf	medium	reused_existing	2026-05-29T22:23:00.464076+00:00	
ior_neg_7763x500jp2-e4d8dd864e62	e4d8dd864e62446cdd03e8ad3d6ecf8fe09c241eca21a70a42b175cdd7830899	IOR_NEG_7763x500jp2.pdf	100800206	OBI_AUTHOR_ALPHA_ROOT:Luce/Notebooks/IOR_NEG_7763x500jp2.pdf	OBI_AUTHOR_ALPHA_ROOT:Luce/Notebooks/IOR_NEG_7763x500jp2.pdf | OBI_LIBRARY_ROOT:Authors alphabetical/Luce/Notebooks/IOR_NEG_7763x500jp2.pdf | OBI_LIBRARY_ROOT:Thematic/Burmese/OBur/Luce notebooks/PDF/IOR_NEG_7763x500jp2.pdf	data/local/bibliography_sources/ior_neg_7763x500jp2-e4d8dd864e62/IOR_NEG_7763x500jp2.pdf	2	Notebooks | PDF	pdf	medium	reused_existing	2026-05-29T22:23:00.464016+00:00	
ior_neg_7764x500jp2-00c870bac9be	00c870bac9bea5f7f80796d6e9ad279dfac0d6db669c69813b43485daf6006a4	IOR_NEG_7764x500jp2.pdf	49463901	OBI_AUTHOR_ALPHA_ROOT:Luce/Notebooks/IOR_NEG_7764x500jp2.pdf	OBI_AUTHOR_ALPHA_ROOT:Luce/Notebooks/IOR_NEG_7764x500jp2.pdf | OBI_LIBRARY_ROOT:Authors alphabetical/Luce/Notebooks/IOR_NEG_7764x500jp2.pdf | OBI_LIBRARY_ROOT:Thematic/Burmese/OBur/Luce notebooks/PDF/IOR_NEG_7764x500jp2.pdf	data/local/bibliography_sources/ior_neg_7764x500jp2-00c870bac9be/IOR_NEG_7764x500jp2.pdf	2	Notebooks | PDF	pdf	medium	reused_existing	2026-05-29T22:23:00.463951+00:00	
imaeda_2007_t_shaped_inscription-1a55dbcccf40	1a55dbcccf402e8a3e6004e4533d7177280d35f72c41f909f5ad5d41236864a4	Imaeda 2007 T Shaped Inscription.pdf	2284969	OBI_LIBRARY_ROOT:Authors alphabetical/Imaeda/Imaeda 2007 T Shaped Inscription.pdf	OBI_LIBRARY_ROOT:Authors alphabetical/Imaeda/Imaeda 2007 T Shaped Inscription.pdf	data/local/bibliography_sources/imaeda_2007_t_shaped_inscription-1a55dbcccf40/Imaeda 2007 T Shaped Inscription.pdf	0	Imaeda	pdf	medium	copied	2026-05-29T20:59:07.926652+00:00	
imaeda_2007_the_inscriptions_at_bis_rnam-c0a2bf0588af	c0a2bf0588af8d9179b6c59785882ccef2efe5c64d57a78b6d077a936363cdd6	Imaeda 2007 The Inscriptions at Bis Rnam.pdf	230335	OBI_LIBRARY_ROOT:Authors alphabetical/Imaeda/Imaeda 2007 The Inscriptions at Bis Rnam.pdf	OBI_LIBRARY_ROOT:Authors alphabetical/Imaeda/Imaeda 2007 The Inscriptions at Bis Rnam.pdf	data/local/bibliography_sources/imaeda_2007_the_inscriptions_at_bis_rnam-c0a2bf0588af/Imaeda 2007 The Inscriptions at Bis Rnam.pdf	0	Imaeda	pdf	medium	copied	2026-05-29T20:59:07.915164+00:00	
inscriptionsonart_copy-1bd46d6fe142	1bd46d6fe14212b3af38dc415efa82163f7f65225afea925b2d0aae168a46fe6	InscriptionsOnArt copy.doc	804352	OBI_LIBRARY_ROOT:Authors alphabetical/Martin, Dan/Dan Martin folder/InscriptionsOnArt copy.doc	OBI_LIBRARY_ROOT:Authors alphabetical/Martin, Dan/Dan Martin folder/InscriptionsOnArt copy.doc	data/local/bibliography_sources/inscriptionsonart_copy-1bd46d6fe142/InscriptionsOnArt copy.doc	0	Dan Martin folder	doc	medium	copied	2026-05-29T20:59:07.258577+00:00	
inscriptions_1_1_1_2-8bce8d48a47c	8bce8d48a47c38b93ab5cf014dff8cda1713977c4a8eb5d1228ddd8d6b3b4a60	Inscriptions_1-1_1-2.docx	25574	OBI_LIBRARY_ROOT:Thematic/Burmese/Bagan inscriptions Korea/Inscriptions_1_2_3/Inscriptions_1-1_1-2.docx	OBI_LIBRARY_ROOT:Thematic/Burmese/Bagan inscriptions Korea/Inscriptions_1_2_3/Inscriptions_1-1_1-2.docx	data/local/bibliography_sources/inscriptions_1_1_1_2-8bce8d48a47c/Inscriptions_1-1_1-2.docx	0	Inscriptions_1_2_3	docx	high	reused_existing	2026-05-29T22:23:00.435223+00:00	
inscriptions_2-18931619ef5f	18931619ef5f8f3ad54b630f34832dfe0d32e5d425668e0b9d59de9f595b530e	Inscriptions_2.docx	19964	OBI_LIBRARY_ROOT:Thematic/Burmese/Bagan inscriptions Korea/Inscriptions_1_2_3/Inscriptions_2.docx	OBI_LIBRARY_ROOT:Thematic/Burmese/Bagan inscriptions Korea/Inscriptions_1_2_3/Inscriptions_2.docx	data/local/bibliography_sources/inscriptions_2-18931619ef5f/Inscriptions_2.docx	0	Inscriptions_1_2_3	docx	high	reused_existing	2026-05-29T22:23:00.434883+00:00	
inscriptions_3-341aaa38a1f0	341aaa38a1f0f7d578e78f8957a8755198dca6cb1c418191a5b0a299de88827b	Inscriptions_3.docx	21785	OBI_LIBRARY_ROOT:Thematic/Burmese/Bagan inscriptions Korea/Inscriptions_1_2_3/Inscriptions_3.docx	OBI_LIBRARY_ROOT:Thematic/Burmese/Bagan inscriptions Korea/Inscriptions_1_2_3/Inscriptions_3.docx	data/local/bibliography_sources/inscriptions_3-341aaa38a1f0/Inscriptions_3.docx	0	Inscriptions_1_2_3	docx	high	reused_existing	2026-05-29T22:23:00.434543+00:00	
iwao_et_al_2009_old_tibetan_inscriptions-2c1cdebfea9f	2c1cdebfea9ff13729cbe138cc3f5ae2f986d3aa0b603f2d58b9e66662cb9529	Iwao et al 2009 Old Tibetan Inscriptions.pdf	12960307	OBI_LIBRARY_ROOT:Authors alphabetical/Iwao Kazushi/Iwao et al 2009 Old Tibetan Inscriptions.pdf	OBI_LIBRARY_ROOT:Authors alphabetical/Iwao Kazushi/Iwao et al 2009 Old Tibetan Inscriptions.pdf	data/local/bibliography_sources/iwao_et_al_2009_old_tibetan_inscriptions-2c1cdebfea9f/Iwao et al 2009 Old Tibetan Inscriptions.pdf	0	Iwao Kazushi	pdf	medium	copied	2026-05-29T20:59:08.959239+00:00	
jss_079_2h_bauer_monepigraphyii-7fec35e5ee33	7fec35e5ee334421ae827825cb60fc3b8b343d0ec8c099b948c8045378b7eeae	JSS_079_2h_Bauer_MonEpigraphyII.pdf	1466903	OBI_LIBRARY_ROOT:Thematic/Burmese/DownloadsFromBurmeseInscriptionsFacebookGroup/JSS_079_2h_Bauer_MonEpigraphyII.pdf	OBI_LIBRARY_ROOT:Thematic/Burmese/DownloadsFromBurmeseInscriptionsFacebookGroup/JSS_079_2h_Bauer_MonEpigraphyII.pdf	data/local/bibliography_sources/jss_079_2h_bauer_monepigraphyii-7fec35e5ee33/JSS_079_2h_Bauer_MonEpigraphyII.pdf	0	DownloadsFromBurmeseInscriptionsFacebookGroup	pdf	medium	reused_existing	2026-05-29T22:23:00.463871+00:00	
janice_161020_report-f6bda17833fe	f6bda17833fe57e3626a0f7b9279ff735f57bf722734aa972765a6c24df9f159	Janice 161020 report.doc	572416	OBI_LIBRARY_ROOT:Thematic/Pyu/Burma_2016 copy/Janice unknown/Janice 161020 report.doc	OBI_LIBRARY_ROOT:Thematic/Pyu/Burma_2016 copy/Janice unknown/Janice 161020 report.doc	data/local/bibliography_sources/janice_161020_report-f6bda17833fe/Janice 161020 report.doc	0	Janice unknown	doc	medium	reused_existing	2026-05-29T22:23:00.463490+00:00	
janice_161020_report-923916aadfbd	923916aadfbdb03aa175e8942b0f8cb5da4d793549240facaf98941393bc1172	Janice 161020 report.pdf	226743	OBI_LIBRARY_ROOT:Thematic/Pyu/Burma_2016 copy/Janice unknown/Janice 161020 report.pdf	OBI_LIBRARY_ROOT:Thematic/Pyu/Burma_2016 copy/Janice unknown/Janice 161020 report.pdf	data/local/bibliography_sources/janice_161020_report-923916aadfbd/Janice 161020 report.pdf	0	Janice unknown	pdf	medium	copied	2026-05-29T21:20:35.563877+00:00	
jetmar_and_sagaster_1993_tibetisches_hei-f84f41579c7d	f84f41579c7d36a14a920ffae0ef7abbfb86547dae4676793b72cdcf8d99cacb	Jetmar and Sagaster 1993 tibetisches heiligtum.pdf	824105	OBI_LIBRARY_ROOT:Authors alphabetical/inscription articles/Jetmar and Sagaster 1993 tibetisches heiligtum.pdf	OBI_LIBRARY_ROOT:Authors alphabetical/inscription articles/Jetmar and Sagaster 1993 tibetisches heiligtum.pdf	data/local/bibliography_sources/jetmar_and_sagaster_1993_tibetisches_hei-f84f41579c7d/Jetmar and Sagaster 1993 tibetisches heiligtum.pdf	0	inscription articles	pdf	medium	copied	2026-05-29T20:59:16.173698+00:00	
keightley_1994_executive_qi_in_shang_ora-803690a21577	803690a2157795b7d7059434584806525c76c6d63c2f7d5f8c43721a1440e7e6	Keightley 1994 Executive Qi in Shang oracle-bone inscriptions.pdf	12668067	OBI_LIBRARY_ROOT:Authors alphabetical/Keightley, David/Keightley 1994 Executive Qi in Shang oracle-bone inscriptions.pdf	OBI_LIBRARY_ROOT:Authors alphabetical/Keightley, David/Keightley 1994 Executive Qi in Shang oracle-bone inscriptions.pdf	data/local/bibliography_sources/keightley_1994_executive_qi_in_shang_ora-803690a21577/Keightley 1994 Executive Qi in Shang oracle-bone inscriptions.pdf	0	Keightley, David	pdf	medium	copied	2026-05-29T20:59:10.372363+00:00	
khopang_1991_makeuramc_meusiunc_burma_st-f328825f9237	f328825f9237a4506f677eec3ad2c2c496fd48dc8106da84f2b6762039caa06e	Khopang - 1991 - Makeuramc meusiunc [Burma stories].pdf	3306780	OBI_LIBRARY_ROOT:Thematic/Nungish/Anung/Anung orthography literature/Khopang - 1991 - Makeuramc meusiunc [Burma stories].pdf	OBI_LIBRARY_ROOT:Thematic/Nungish/Anung/Anung orthography literature/Khopang - 1991 - Makeuramc meusiunc [Burma stories].pdf	data/local/bibliography_sources/khopang_1991_makeuramc_meusiunc_burma_st-f328825f9237/Khopang - 1991 - Makeuramc meusiunc [Burma stories].pdf	0	Anung orthography literature	pdf	medium	copied	2026-05-29T21:20:33.136930+00:00	
khopang_1992_mimax_marac_nang_angchen_me-fa62789f6da1	fa62789f6da108d3d8f606fe821addf65b473deaa007a159bfd66e79ed58f71c	Khopang - 1992 - Mimax marac nang angchen meux meusiunc [Burma stor.pdf	2846583	OBI_LIBRARY_ROOT:Thematic/Nungish/Anung/Anung orthography literature/Khopang - 1992 - Mimax marac nang angchen meux meusiunc [Burma stor.pdf	OBI_LIBRARY_ROOT:Thematic/Nungish/Anung/Anung orthography literature/Khopang - 1992 - Mimax marac nang angchen meux meusiunc [Burma stor.pdf	data/local/bibliography_sources/khopang_1992_mimax_marac_nang_angchen_me-fa62789f6da1/Khopang - 1992 - Mimax marac nang angchen meux meusiunc [Burma stor.pdf	0	Anung orthography literature	pdf	medium	copied	2026-05-29T21:20:33.121419+00:00	
khu_byug_1996_zhol_rdo_ring_gi_yi_ge_i_k-17a9f945e57d	17a9f945e57ddbd4e0723e875e7d62195c13e2b8d313e7138137b886792f3db3	Khu Byug 1996 Zhol Rdo Ring Gi Yi Ge'i Khyad.pdf	2236279	OBI_LIBRARY_ROOT:Authors alphabetical/inscription articles/Khu Byug 1996 Zhol Rdo Ring Gi Yi Ge'i Khyad.pdf	OBI_LIBRARY_ROOT:Authors alphabetical/inscription articles/Khu Byug 1996 Zhol Rdo Ring Gi Yi Ge'i Khyad.pdf	data/local/bibliography_sources/khu_byug_1996_zhol_rdo_ring_gi_yi_ge_i_k-17a9f945e57d/Khu Byug 1996 Zhol Rdo Ring Gi Yi Ge'i Khyad.pdf	0	inscription articles	pdf	medium	copied	2026-05-29T20:59:16.185343+00:00	
klu_zbum_rgyal_1997_dbu_stod_zhwa_iha_kh-3b3719a1a428	3b3719a1a4286ea95a8657f46a9d772d20aabcb89ece0fce29ba751097c2764e	Klu Zbum Rgyal 1997 Dbu stod zhwa Iha khang.pdf	1314194	OBI_LIBRARY_ROOT:Authors alphabetical/inscription articles/Klu Zbum Rgyal 1997 Dbu stod zhwa Iha khang.pdf	OBI_LIBRARY_ROOT:Authors alphabetical/inscription articles/Klu Zbum Rgyal 1997 Dbu stod zhwa Iha khang.pdf	data/local/bibliography_sources/klu_zbum_rgyal_1997_dbu_stod_zhwa_iha_kh-3b3719a1a428/Klu Zbum Rgyal 1997 Dbu stod zhwa Iha khang.pdf	0	inscription articles	pdf	medium	copied	2026-05-29T20:59:16.419167+00:00	
koine_greek_a_grammar_of_the_old_testame-c471e27073e1	c471e27073e1c00f43562b3ffa626d46a998813e09daae7a9c1525bb95cc0e72	Koine Greek_ A Grammar of the Old Testament in Greek - Vol 1 (Thackeray) (1909).pdf	17297738	OBI_LIBRARY_ROOT:Thematic/lg families/Indo European/Hellenic/Koine Greek_ A Grammar of the Old Testament in Greek - Vol 1 (Thackeray) (1909).pdf	OBI_LIBRARY_ROOT:Thematic/lg families/Indo European/Hellenic/Koine Greek_ A Grammar of the Old Testament in Greek - Vol 1 (Thackeray) (1909).pdf	data/local/bibliography_sources/koine_greek_a_grammar_of_the_old_testame-c471e27073e1/Koine Greek_ A Grammar of the Old Testament in Greek - Vol 1 (Thackeray) (1909).pdf	0	Hellenic	pdf	medium	copied	2026-05-29T20:59:04.291961+00:00	
kvaerne_sperling_1993_preliminary_study_-3cfdbc0d23c5	3cfdbc0d23c5ac2bf0aec1de41950675ec9b1e4ede936904258516a50b262ce3	Kvaerne Sperling 1993 Preliminary Study of an Inscription f.pdf	1125115	OBI_LIBRARY_ROOT:Authors alphabetical/inscription articles/Kvaerne Sperling 1993 Preliminary Study of an Inscription f.pdf	OBI_LIBRARY_ROOT:Authors alphabetical/inscription articles/Kvaerne Sperling 1993 Preliminary Study of an Inscription f.pdf	data/local/bibliography_sources/kvaerne_sperling_1993_preliminary_study_-3cfdbc0d23c5/Kvaerne Sperling 1993 Preliminary Study of an Inscription f.pdf	0	inscription articles	pdf	medium	copied	2026-05-29T20:59:17.269179+00:00	
lapolla_1987_dulong_and_proto_tibeto_bur-77b8e0ab607e	77b8e0ab607e5a01abfc23c1cc0e007d75b44608643e86ade1ce0ce9766eb5ad	LaPolla - 1987 - Dulong and Proto-Tibeto-Burman.pdf	18350032	OBI_LIBRARY_ROOT:Thematic/Nungish/Tvrung-Dulong (central, with some Gongshan Anu comparison)/LaPolla - 1987 - Dulong and Proto-Tibeto-Burman.pdf	OBI_LIBRARY_ROOT:Thematic/Nungish/Tvrung-Dulong (central, with some Gongshan Anu comparison)/LaPolla - 1987 - Dulong and Proto-Tibeto-Burman.pdf	data/local/bibliography_sources/lapolla_1987_dulong_and_proto_tibeto_bur-77b8e0ab607e/LaPolla - 1987 - Dulong and Proto-Tibeto-Burman.pdf	0	Tvrung-Dulong (central, with some Gongshan Anu comparison)	pdf	medium	copied	2026-05-29T21:20:32.961063+00:00	
lapolla_2013_subgrouping_in_tibeto_burma-13a2ab00f267	13a2ab00f267be97305ca81360a5a473d79d81fae8a21915ec4bfb1ca56915fa	LaPolla - 2013 - Subgrouping in Tibeto-Burman Can an individual-id.pdf	194153	OBI_LIBRARY_ROOT:Thematic/Nungish/.general, comparative linguistics related to Rvwang and Tvrung/LaPolla - 2013 - Subgrouping in Tibeto-Burman Can an individual-id.pdf	OBI_LIBRARY_ROOT:Thematic/Nungish/.general, comparative linguistics related to Rvwang and Tvrung/LaPolla - 2013 - Subgrouping in Tibeto-Burman Can an individual-id.pdf	data/local/bibliography_sources/lapolla_2013_subgrouping_in_tibeto_burma-13a2ab00f267/LaPolla - 2013 - Subgrouping in Tibeto-Burman Can an individual-id.pdf	0	.general, comparative linguistics related to Rvwang and Tvrung	pdf	medium	copied	2026-05-29T21:20:33.005993+00:00	
lapolla_1989_verb_agreement_head_marking-1e6f8b9053ca	1e6f8b9053ca91b8eb2b30400e5030b83e7aecb6b9b1ba2547e31229a7d9146e	LaPolla 1989 Verb_agreement_head-marking_vs._dependent-marking_and_the_deconstruction_of_Tibeto-Burman_Morpho-Syntax.pdf	3084636	OBI_AUTHOR_ALPHA_ROOT:LaPolla/LaPolla 1989 Verb_agreement_head-marking_vs._dependent-marking_and_the_deconstruction_of_Tibeto-Burman_Morpho-Syntax.pdf	OBI_AUTHOR_ALPHA_ROOT:LaPolla/LaPolla 1989 Verb_agreement_head-marking_vs._dependent-marking_and_the_deconstruction_of_Tibeto-Burman_Morpho-Syntax.pdf | OBI_LIBRARY_ROOT:Authors alphabetical/LaPolla/LaPolla 1989 Verb_agreement_head-marking_vs._dependent-marking_and_the_deconstruction_of_Tibeto-Burman_Morpho-Syntax.pdf	data/local/bibliography_sources/lapolla_1989_verb_agreement_head_marking-1e6f8b9053ca/LaPolla 1989 Verb_agreement_head-marking_vs._dependent-marking_and_the_deconstruction_of_Tibeto-Burman_Morpho-Syntax.pdf	1	LaPolla	pdf	medium	reused_existing	2026-05-29T22:23:00.462818+00:00	
lapolla_1992_verb_agreement_in_tibeto_bu-63e8fecffdc2	63e8fecffdc24d40a73589cf154e2e7128c95c2d3d036ae76c600026dc54cff4	LaPolla 1992 Verb agreement in Tibeto-Burman.pdf	672230	OBI_AUTHOR_ALPHA_ROOT:LaPolla/LaPolla 1992 Verb agreement in Tibeto-Burman.pdf	OBI_AUTHOR_ALPHA_ROOT:LaPolla/LaPolla 1992 Verb agreement in Tibeto-Burman.pdf | OBI_LIBRARY_ROOT:Authors alphabetical/LaPolla/LaPolla 1992 Verb agreement in Tibeto-Burman.pdf	data/local/bibliography_sources/lapolla_1992_verb_agreement_in_tibeto_bu-63e8fecffdc2/LaPolla 1992 Verb agreement in Tibeto-Burman.pdf	1	LaPolla	pdf	medium	reused_existing	2026-05-29T22:23:00.462758+00:00	
lapolla_1992_anti_ergative_in_tibeto_bur-2642d00f447f	2642d00f447f3acd15dc6c7c53ff573dfd982fbbc4dc5ea05ebcf18fbd5588e7	LaPolla 1992 anti ergative in Tibeto-Burman.pdf	791610	OBI_AUTHOR_ALPHA_ROOT:LaPolla/LaPolla 1992 anti ergative in Tibeto-Burman.pdf	OBI_AUTHOR_ALPHA_ROOT:LaPolla/LaPolla 1992 anti ergative in Tibeto-Burman.pdf | OBI_LIBRARY_ROOT:Authors alphabetical/LaPolla/LaPolla 1992 anti ergative in Tibeto-Burman.pdf	data/local/bibliography_sources/lapolla_1992_anti_ergative_in_tibeto_bur-2642d00f447f/LaPolla 1992 anti ergative in Tibeto-Burman.pdf	1	LaPolla	pdf	medium	reused_existing	2026-05-29T22:23:00.462700+00:00	
lapolla_1996_middle_voice_marking_in_tib-c07ef6b76c4b	c07ef6b76c4b52d63a1f3bdf07ef6d1e2d449e56ca8edeff2b22499a68341086	LaPolla 1996_Middle voice marking in Tibeto-Burman languages.pdf	61986	OBI_LIBRARY_ROOT:Thematic/Nungish/.general, comparative linguistics related to Rvwang and Tvrung/LaPolla 1996_Middle voice marking in Tibeto-Burman languages.pdf	OBI_LIBRARY_ROOT:Thematic/Nungish/.general, comparative linguistics related to Rvwang and Tvrung/LaPolla 1996_Middle voice marking in Tibeto-Burman languages.pdf	data/local/bibliography_sources/lapolla_1996_middle_voice_marking_in_tib-c07ef6b76c4b/LaPolla 1996_Middle voice marking in Tibeto-Burman languages.pdf	0	.general, comparative linguistics related to Rvwang and Tvrung	pdf	medium	copied	2026-05-29T21:20:33.057376+00:00	
lapolla_2000_subgrouping_in_tibeto_burma-1728ac8805b0	1728ac8805b09cfae833dc12706ff6e74ef1b9a7483383e595c67741fdb1ede5	LaPolla 2000_Subgrouping in Tibeto-Burman.pdf	452197	OBI_LIBRARY_ROOT:Thematic/Nungish/.general, comparative linguistics related to Rvwang and Tvrung/LaPolla 2000_Subgrouping in Tibeto-Burman.pdf	OBI_LIBRARY_ROOT:Thematic/Nungish/.general, comparative linguistics related to Rvwang and Tvrung/LaPolla 2000_Subgrouping in Tibeto-Burman.pdf	data/local/bibliography_sources/lapolla_2000_subgrouping_in_tibeto_burma-1728ac8805b0/LaPolla 2000_Subgrouping in Tibeto-Burman.pdf	0	.general, comparative linguistics related to Rvwang and Tvrung	pdf	medium	copied	2026-05-29T21:20:33.067629+00:00	
lapolla_2001_dulong_texts_seven_fully_an-8764fc2a3a8f	8764fc2a3a8fc3c8ca2eaa7bb515c5c1a0fb6b1a88a0f987d4397591329b1b9b	LaPolla 2001_Dulong texts. Seven fully analyzed narrative and procedural texts (Ling of the Tibeto-Burman Area).pdf	11608312	OBI_LIBRARY_ROOT:Thematic/Nungish/Tvrung-Dulong (central, with some Gongshan Anu comparison)/LaPolla 2001_Dulong texts. Seven fully analyzed narrative and procedural texts (Ling of the Tibeto-Burman Area).pdf	OBI_LIBRARY_ROOT:Thematic/Nungish/Tvrung-Dulong (central, with some Gongshan Anu comparison)/LaPolla 2001_Dulong texts. Seven fully analyzed narrative and procedural texts (Ling of the Tibeto-Burman Area).pdf	data/local/bibliography_sources/lapolla_2001_dulong_texts_seven_fully_an-8764fc2a3a8f/LaPolla 2001_Dulong texts. Seven fully analyzed narrative and procedural texts (Ling of the Tibeto-Burman Area).pdf	0	Tvrung-Dulong (central, with some Gongshan Anu comparison)	pdf	medium	copied	2026-05-29T21:20:32.997500+00:00	
lapolla_2005_the_inclusive_exclusive_dis-8eda60807d92	8eda60807d92ac523c56e9433388f77501d2271ab356aa3430b3d0d9349f103f	LaPolla 2005_The inclusive-exclusive distinction in Tibeto-Burman languages.pdf	214672	OBI_LIBRARY_ROOT:Thematic/Nungish/.general, comparative linguistics related to Rvwang and Tvrung/LaPolla 2005_The inclusive-exclusive distinction in Tibeto-Burman languages.pdf	OBI_LIBRARY_ROOT:Thematic/Nungish/.general, comparative linguistics related to Rvwang and Tvrung/LaPolla 2005_The inclusive-exclusive distinction in Tibeto-Burman languages.pdf	data/local/bibliography_sources/lapolla_2005_the_inclusive_exclusive_dis-8eda60807d92/LaPolla 2005_The inclusive-exclusive distinction in Tibeto-Burman languages.pdf	0	.general, comparative linguistics related to Rvwang and Tvrung	pdf	medium	copied	2026-05-29T21:20:33.053716+00:00	
lapolla_2008_transitivity_harmony_in_the-ea87da5d5824	ea87da5d582463081d1e3ebc95127d38c3c3d6e83d9af8540b53ab3d3d4075f7	LaPolla 2008__Transitivity harmony_ in the Rawang language of northern Myanmar.pdf	202123	OBI_LIBRARY_ROOT:Thematic/Nungish/Rvwang-Mvtwang/LaPolla 2008__Transitivity harmony_ in the Rawang language of northern Myanmar.pdf	OBI_LIBRARY_ROOT:Thematic/Nungish/Rvwang-Mvtwang/LaPolla 2008__Transitivity harmony_ in the Rawang language of northern Myanmar.pdf	data/local/bibliography_sources/lapolla_2008_transitivity_harmony_in_the-ea87da5d5824/LaPolla 2008__Transitivity harmony_ in the Rawang language of northern Myanmar.pdf	0	Rvwang-Mvtwang	pdf	medium	copied	2026-05-29T21:20:33.161958+00:00	
lapolla_2011_transitivity_in_two_tibeto_-2bfd8cf33cb0	2bfd8cf33cb0b414640cb9bc9fd0fe130e1b8fbf89866bf5845837d84eaa9083	LaPolla 2011 Transitivity_in_two_Tibeto-Burman_languages.pdf	197819	OBI_AUTHOR_ALPHA_ROOT:LaPolla/LaPolla 2011 Transitivity_in_two_Tibeto-Burman_languages.pdf	OBI_AUTHOR_ALPHA_ROOT:LaPolla/LaPolla 2011 Transitivity_in_two_Tibeto-Burman_languages.pdf | OBI_LIBRARY_ROOT:Authors alphabetical/LaPolla/LaPolla 2011 Transitivity_in_two_Tibeto-Burman_languages.pdf	data/local/bibliography_sources/lapolla_2011_transitivity_in_two_tibeto_-2bfd8cf33cb0/LaPolla 2011 Transitivity_in_two_Tibeto-Burman_languages.pdf	1	LaPolla	pdf	medium	reused_existing	2026-05-29T22:23:00.462641+00:00	
lapolla_2011_on_transitivity_in_two_tibe-9cc3a7a0a497	9cc3a7a0a4977c155d37e49f136a10c977db1b3e678626e30f5502346e3f7cf2	LaPolla 2011_On transitivity in two Tibeto-Burman languages.pdf	191583	OBI_LIBRARY_ROOT:Thematic/Nungish/Rvwang-Mvtwang/LaPolla 2011_On transitivity in two Tibeto-Burman languages.pdf	OBI_LIBRARY_ROOT:Thematic/Nungish/Rvwang-Mvtwang/LaPolla 2011_On transitivity in two Tibeto-Burman languages.pdf	data/local/bibliography_sources/lapolla_2011_on_transitivity_in_two_tibe-9cc3a7a0a497/LaPolla 2011_On transitivity in two Tibeto-Burman languages.pdf	0	Rvwang-Mvtwang	pdf	medium	copied	2026-05-29T21:20:33.159659+00:00	
lapolla_2013_subgrouping_in_tibeto_burma-496d14e14133	496d14e14133fddce7660ac47198d943b619308f591177803ee87e0455974fd6	LaPolla 2013 Subgrouping_in_Tibeto-Burman.pdf	326004	OBI_AUTHOR_ALPHA_ROOT:LaPolla/LaPolla 2013 Subgrouping_in_Tibeto-Burman.pdf	OBI_AUTHOR_ALPHA_ROOT:LaPolla/LaPolla 2013 Subgrouping_in_Tibeto-Burman.pdf | OBI_LIBRARY_ROOT:Authors alphabetical/LaPolla/LaPolla 2013 Subgrouping_in_Tibeto-Burman.pdf	data/local/bibliography_sources/lapolla_2013_subgrouping_in_tibeto_burma-496d14e14133/LaPolla 2013 Subgrouping_in_Tibeto-Burman.pdf	1	LaPolla	pdf	medium	reused_existing	2026-05-29T22:23:00.462583+00:00	
lapolla_subgrouping_in_tibeto_burman-f3b8a5703c6e	f3b8a5703c6e1ce90c7a4001d712fb257172c264b6bb09e59f017437d6d87ba4	LaPolla-Subgrouping-in-Tibeto-Burman.pdf	283671	OBI_AUTHOR_ALPHA_ROOT:LaPolla/LaPolla-Subgrouping-in-Tibeto-Burman.pdf	OBI_AUTHOR_ALPHA_ROOT:LaPolla/LaPolla-Subgrouping-in-Tibeto-Burman.pdf | OBI_LIBRARY_ROOT:Authors alphabetical/LaPolla/LaPolla-Subgrouping-in-Tibeto-Burman.pdf	data/local/bibliography_sources/lapolla_subgrouping_in_tibeto_burman-f3b8a5703c6e/LaPolla-Subgrouping-in-Tibeto-Burman.pdf	1	LaPolla	pdf	medium	reused_existing	2026-05-29T22:23:00.462523+00:00	
lapolla_2018_stl4_tibeto_burman-da7db67ffd13	da7db67ffd13e6440175c6964fbd7e117ab19fd7081a2e2d400004e290e2893b	LaPolla_2018_STL4-Tibeto-Burman.pdf	31940949	OBI_AUTHOR_ALPHA_ROOT:LaPolla/LaPolla 2018 critical concepts/LaPolla_2018_STL4-Tibeto-Burman.pdf	OBI_AUTHOR_ALPHA_ROOT:LaPolla/LaPolla 2018 critical concepts/LaPolla_2018_STL4-Tibeto-Burman.pdf | OBI_LIBRARY_ROOT:Authors alphabetical/LaPolla/LaPolla 2018 critical concepts/LaPolla_2018_STL4-Tibeto-Burman.pdf	data/local/bibliography_sources/lapolla_2018_stl4_tibeto_burman-da7db67ffd13/LaPolla_2018_STL4-Tibeto-Burman.pdf	1	LaPolla 2018 critical concepts	pdf	medium	reused_existing	2026-05-29T22:23:00.462463+00:00	
ladakhi_histories_local_and_regional_per-10e5c675096e	10e5c675096e0c74d4ff469c95ebb149f9a8dd489fabf8987a1d807d2a6baf0b	Ladakhi histories. Local and regional perspectives.(ed.J.Bray)(Brill,2005).pdf	8749135	OBI_LIBRARY_ROOT:Thematic/Tibetan/TibetanStudiesBooks/Brill TibLib/Ladakhi histories. Local and regional perspectives.(ed.J.Bray)(Brill,2005).pdf	OBI_LIBRARY_ROOT:Thematic/Tibetan/TibetanStudiesBooks/Brill TibLib/Ladakhi histories. Local and regional perspectives.(ed.J.Bray)(Brill,2005).pdf	data/local/bibliography_sources/ladakhi_histories_local_and_regional_per-10e5c675096e/Ladakhi histories. Local and regional perspectives.(ed.J.Bray)(Brill,2005).pdf	0	Brill TibLib	pdf	medium	copied	2026-05-29T20:58:58.648592+00:00	
large_a_rti-8f8ac2cd98e8	8f8ac2cd98e848cc22f120aee67dd4328301d5d74e56e23cf86a8a7bedecf43e	Large_a_RTI.xml	86197	OBI_LIBRARY_ROOT:Thematic/Pyu/Burma_2016 copy/Zenodo ready/JM 2016 11 17 PYU039/PYU039_a_RTI/Large_a_RTI.xml	OBI_LIBRARY_ROOT:Thematic/Pyu/Burma_2016 copy/Zenodo ready/JM 2016 11 17 PYU039/PYU039_a_RTI/Large_a_RTI.xml	data/local/bibliography_sources/large_a_rti-8f8ac2cd98e8/Large_a_RTI.xml	0	PYU039_a_RTI	xml	medium	copied	2026-05-29T21:20:35.661189+00:00	
large_b_rti-5e0d09ccc5d1	5e0d09ccc5d13693bfabbdc5c6bdff14944dbc9f5562a920cff78e5b1e4b8603	Large_b_RTI.xml	76203	OBI_LIBRARY_ROOT:Thematic/Pyu/Burma_2016 copy/Zenodo unready/JM 2016 11 17 PYU32?b_RTI/Large_b_RTI.xml	OBI_LIBRARY_ROOT:Thematic/Pyu/Burma_2016 copy/Zenodo ready/JM 2016 11 17 PYU039/JM 2016 11 17 PYU039 Large_b_RTI/Large_b_RTI.xml | OBI_LIBRARY_ROOT:Thematic/Pyu/Burma_2016 copy/Zenodo unready/JM 2016 11 17 PYU32?b_RTI/Large_b_RTI.xml	data/local/bibliography_sources/large_b_rti-5e0d09ccc5d1/Large_b_RTI.xml	1	JM 2016 11 17 PYU039 Large_b_RTI | JM 2016 11 17 PYU32?b_RTI	xml	medium	copied	2026-05-29T21:20:35.778760+00:00	
large_b_rti_small1-92b837186295	92b83718629520185de927d2748068fc0da89effcb901721526b9c628b79b873	Large_b_RTI_small1.xml	76571	OBI_LIBRARY_ROOT:Thematic/Pyu/Burma_2016 copy/Zenodo ready/JM 2016 11 17 PYU039/PYU039_b_RTI_small1/Large_b_RTI_small1.xml	OBI_LIBRARY_ROOT:Thematic/Pyu/Burma_2016 copy/Zenodo ready/JM 2016 11 17 PYU039/PYU039_b_RTI_small1/Large_b_RTI_small1.xml	data/local/bibliography_sources/large_b_rti_small1-92b837186295/Large_b_RTI_small1.xml	0	PYU039_b_RTI_small1	xml	medium	copied	2026-05-29T21:20:35.656439+00:00	
large_b_rti_small2-47a34798ec12	47a34798ec1221613b35b7b5841a9ee4bc322912b6f2731f51d868f17985b277	Large_b_RTI_small2.xml	55393	OBI_LIBRARY_ROOT:Thematic/Pyu/Burma_2016 copy/Zenodo ready/JM 2016 11 17 PYU039/PYU039_b_RTI_small2/Large_b_RTI_small2.xml	OBI_LIBRARY_ROOT:Thematic/Pyu/Burma_2016 copy/Zenodo ready/JM 2016 11 17 PYU039/PYU039_b_RTI_small2/Large_b_RTI_small2.xml	data/local/bibliography_sources/large_b_rti_small2-47a34798ec12/Large_b_RTI_small2.xml	0	PYU039_b_RTI_small2	xml	medium	copied	2026-05-29T21:20:35.663340+00:00	
large_b_rti_small3-181b90149268	181b901492682bc17c23e7c813322eab153d9d073080ce09db110cc45d14db1c	Large_b_RTI_small3.xml	59210	OBI_LIBRARY_ROOT:Thematic/Pyu/Burma_2016 copy/Zenodo ready/JM 2016 11 17 PYU039/PYU039_b_RTI_small3/Large_b_RTI_small3.xml	OBI_LIBRARY_ROOT:Thematic/Pyu/Burma_2016 copy/Zenodo ready/JM 2016 11 17 PYU039/PYU039_b_RTI_small3/Large_b_RTI_small3.xml	data/local/bibliography_sources/large_b_rti_small3-181b90149268/Large_b_RTI_small3.xml	0	PYU039_b_RTI_small3	xml	medium	copied	2026-05-29T21:20:35.665252+00:00	
large_b_rti_small4-ffc1ed714753	ffc1ed714753ce0fd429ff11069200805f99b03019cc34b7361a284535e791cb	Large_b_RTI_small4.xml	65084	OBI_LIBRARY_ROOT:Thematic/Pyu/Burma_2016 copy/Zenodo ready/JM 2016 11 17 PYU039/PYU039_b_RTI_small4/Large_b_RTI_small4.xml	OBI_LIBRARY_ROOT:Thematic/Pyu/Burma_2016 copy/Zenodo ready/JM 2016 11 17 PYU039/PYU039_b_RTI_small4/Large_b_RTI_small4.xml	data/local/bibliography_sources/large_b_rti_small4-ffc1ed714753/Large_b_RTI_small4.xml	0	PYU039_b_RTI_small4	xml	medium	copied	2026-05-29T21:20:35.668771+00:00	
lawscustonsvietnam_ba-5708319c10d2	5708319c10d28e717ee70e77dd30ee60b404524bbd34e471155a9f6fadbe0bb1	LawsCustonsVietnam_Ba.pdf	1177986	OBI_LIBRARY_ROOT:Thematic/Burmese/Burma JBRS/1966/LawsCustonsVietnam_Ba.pdf	OBI_LIBRARY_ROOT:Thematic/Burmese/Burma JBRS/1966/LawsCustonsVietnam_Ba.pdf	data/local/bibliography_sources/lawscustonsvietnam_ba-5708319c10d2/LawsCustonsVietnam_Ba.pdf	0	1966	pdf	medium	reused_existing	2026-05-29T22:23:00.462398+00:00	
lha_mchog_bell_images-b17bade212ef	b17bade212ef61bf2fec313aa6036464e251e32edf90df4fdb8bce2ec9f35001	Lha mchog bell images.docx	12458449	OBI_LIBRARY_ROOT:Thematic/Tibetan/Tib texts/inscriptions/Lha mchog 2011 bell inscription/Lha mchog bell images.docx	OBI_LIBRARY_ROOT:Thematic/Tibetan/Tib texts/inscriptions/Lha mchog 2011 bell inscription/Lha mchog bell images.docx	data/local/bibliography_sources/lha_mchog_bell_images-b17bade212ef/Lha mchog bell images.docx	0	Lha mchog 2011 bell inscription	docx	medium	copied	2026-05-29T20:58:58.544910+00:00	
lha_mchog_rgyal_2011_bell_inscription-7ee0f036dea1	7ee0f036dea11ddde59318f7b91544c050d6c0f53fe9d28939023f74366fde11	Lha mchog rgyal 2011 bell inscription.pdf	14031257	OBI_LIBRARY_ROOT:Thematic/Tibetan/Tib texts/inscriptions/Lha mchog 2011 bell inscription/Lha mchog rgyal 2011 bell inscription.pdf	OBI_LIBRARY_ROOT:Thematic/Tibetan/Tib texts/inscriptions/Lha mchog 2011 bell inscription/Lha mchog rgyal 2011 bell inscription.pdf	data/local/bibliography_sources/lha_mchog_rgyal_2011_bell_inscription-7ee0f036dea1/Lha mchog rgyal 2011 bell inscription.pdf	0	Lha mchog 2011 bell inscription	pdf	medium	copied	2026-05-29T20:58:58.506011+00:00	
li_1956_sino_tibetan_inscription-ed09d1527d5f	ed09d1527d5fc303514a8b38df2d6cd7f748f652712f1d98387b057af3bfbf6f	Li 1956 Sino-Tibetan inscription.pdf	4528774	OBI_LIBRARY_ROOT:Authors alphabetical/Li fang kuei/Li 1956 Sino-Tibetan inscription.pdf	OBI_LIBRARY_ROOT:Authors alphabetical/Li fang kuei/Li 1956 Sino-Tibetan inscription.pdf	data/local/bibliography_sources/li_1956_sino_tibetan_inscription-ed09d1527d5f/Li 1956 Sino-Tibetan inscription.pdf	0	Li fang kuei	pdf	medium	copied	2026-05-29T20:59:09.091870+00:00	
li_1980_problem_in_the_treaty_inscriptio-f1ecc4f07259	f1ecc4f07259c23257d5ed21e657890a9843b302e01b5343c3fdf9e9f55b6e93	Li 1980 problem in the treaty inscription.pdf	309841	OBI_LIBRARY_ROOT:Authors alphabetical/Li fang kuei/Li 1980 problem in the treaty inscription.pdf	OBI_LIBRARY_ROOT:Authors alphabetical/Li fang kuei/Li 1980 problem in the treaty inscription.pdf	data/local/bibliography_sources/li_1980_problem_in_the_treaty_inscriptio-f1ecc4f07259/Li 1980 problem in the treaty inscription.pdf	0	Li fang kuei	pdf	medium	copied	2026-05-29T20:59:09.076205+00:00	
li_and_coblin_1987_old_tibetan_inscripti-19c676786c12	19c676786c12fc078885855fc6cd9880edd914d735720d803b393466992482c5	Li and Coblin 1987 Old Tibetan Inscriptions.pdf	13671415	OBI_LIBRARY_ROOT:Authors alphabetical/Li fang kuei/Li and Coblin 1987 Old Tibetan Inscriptions.pdf	OBI_LIBRARY_ROOT:Authors alphabetical/Li fang kuei/Li and Coblin 1987 Old Tibetan Inscriptions.pdf	data/local/bibliography_sources/li_and_coblin_1987_old_tibetan_inscripti-19c676786c12/Li and Coblin 1987 Old Tibetan Inscriptions.pdf	0	Li fang kuei	pdf	medium	copied	2026-05-29T20:59:09.134513+00:00	
light_on_arakanese_history_stuart1923-b6232e055864	b6232e0558643cb8f8c68c96ed08e2ac92423d32dbe298fb716381e88a19f050	Light-on-Arakanese-History-Stuart1923.pdf	292782	OBI_LIBRARY_ROOT:Thematic/Burmese/Burma JBRS/1923/Light-on-Arakanese-History-Stuart1923.pdf	OBI_LIBRARY_ROOT:Thematic/Burmese/Burma JBRS/1923/Light-on-Arakanese-History-Stuart1923.pdf	data/local/bibliography_sources/light_on_arakanese_history_stuart1923-b6232e055864/Light-on-Arakanese-History-Stuart1923.pdf	0	1923	pdf	medium	reused_existing	2026-05-29T22:23:00.462176+00:00	
list_of_uray_s_works_from_tibetan_histor-bfdb28e94078	bfdb28e94078d42d7320ca059221daa1f4f5df52c2a0f0d57686bebf3e65d08a	List of Uray's works from Tibetan History and Language.pdf	1763384	OBI_LIBRARY_ROOT:Authors alphabetical/Uray/List of Uray's works from Tibetan History and Language.pdf	OBI_LIBRARY_ROOT:Authors alphabetical/Uray/List of Uray's works from Tibetan History and Language.pdf	data/local/bibliography_sources/list_of_uray_s_works_from_tibetan_histor-bfdb28e94078/List of Uray's works from Tibetan History and Language.pdf	0	Uray	pdf	medium	copied	2026-05-29T20:59:08.574839+00:00	
list_of_stuff-561321db9e94	561321db9e9402c9cbc48f215b0f141b39149ceecd36bf91a09f907c6ab2ea24	List of stuff.txt	2842	OBI_LIBRARY_ROOT:Thematic/Burmese/DownloadsFromBurmeseInscriptionsFacebookGroup/List of stuff.txt	OBI_LIBRARY_ROOT:Thematic/Burmese/DownloadsFromBurmeseInscriptionsFacebookGroup/List of stuff.txt	data/local/bibliography_sources/list_of_stuff-561321db9e94/List of stuff.txt	0	DownloadsFromBurmeseInscriptionsFacebookGroup	txt	medium	reused_existing	2026-05-29T22:23:00.461932+00:00	
listarchaeologicalphotonegativesburma_19-881098403043	8810984030430e38f517d8d6296194f1afb54a2f704e647d09521d3bf5396dfd	ListArchaeologicalPhotoNegativesBurma-1935.pdf	23101596	OBI_LIBRARY_ROOT:Thematic/Pyu/ListArchaeologicalPhotoNegativesBurma-1935.pdf	OBI_LIBRARY_ROOT:Thematic/Pyu/ListArchaeologicalPhotoNegativesBurma-1935.pdf	data/local/bibliography_sources/listarchaeologicalphotonegativesburma_19-881098403043/ListArchaeologicalPhotoNegativesBurma-1935.pdf	0	Pyu	pdf	medium	copied	2026-05-29T21:20:36.348850+00:00	
liu_1991_dulong_in_dai_et_al_ed_15_tibet-878c7496d450	878c7496d450a42722f18044f3ad5c261c02c51e5d2e3170c0345c883529f840	Liu 1991_Dulong (in Dai et al ed, 15 Tibeto-Burman Languages).pdf	297481	OBI_LIBRARY_ROOT:Thematic/Nungish/Jerwang (southern Tvrung, Zewang)/Liu 1991_Dulong (in Dai et al ed, 15 Tibeto-Burman Languages).pdf	OBI_LIBRARY_ROOT:Thematic/Nungish/Jerwang (southern Tvrung, Zewang)/Liu 1991_Dulong (in Dai et al ed, 15 Tibeto-Burman Languages).pdf	data/local/bibliography_sources/liu_1991_dulong_in_dai_et_al_ed_15_tibet-878c7496d450/Liu 1991_Dulong (in Dai et al ed, 15 Tibeto-Burman Languages).pdf	0	Jerwang (southern Tvrung, Zewang)	pdf	medium	copied	2026-05-29T21:20:33.001890+00:00	
luce_1924_countries_neighbouring_burma_j-056f581dfe61	056f581dfe6130cb581a581162cf48d1ce34d7758e0bbb31df1005d08f3dd5be	Luce 1924 Countries Neighbouring Burma (JBRS).pdf	7429500	OBI_AUTHOR_ALPHA_ROOT:Luce/Luce 1924 Countries Neighbouring Burma (JBRS).pdf	OBI_AUTHOR_ALPHA_ROOT:Luce/Luce 1924 Countries Neighbouring Burma (JBRS).pdf | OBI_LIBRARY_ROOT:Authors alphabetical/Luce/Luce 1924 Countries Neighbouring Burma (JBRS).pdf | OBI_LIBRARY_ROOT:Thematic/Pyu/Luce 1924 Countries Neighbouring Burma (JBRS).pdf	data/local/bibliography_sources/luce_1924_countries_neighbouring_burma_j-056f581dfe61/Luce 1924 Countries Neighbouring Burma (JBRS).pdf	2	Luce | Pyu	pdf	high	reused_existing	2026-05-29T22:23:00.433027+00:00	
luce_pemaungtin_1928_inscriptions_of_pag-da9f6d6d89b3	da9f6d6d89b31f17d3a9352ded473db8f6b3d3ceb1090430ab7ccd972d295722	Luce 1928 inscriptions of Pagan.pdf	33420688	OBI_AUTHOR_ALPHA_ROOT:Luce/Luce 1928 inscriptions of Pagan.pdf	OBI_AUTHOR_ALPHA_ROOT:Luce/Luce 1928 inscriptions of Pagan.pdf | OBI_AUTHOR_ALPHA_ROOT:Luce/Luce&PeMaungTin 1928 inscriptions of Pagan.pdf | OBI_AUTHOR_ALPHA_ROOT:Pe Maung Tin/Luce&PeMaungTin 1928 inscriptions of Pagan.pdf | OBI_LIBRARY_ROOT:Authors alphabetical/Luce/Luce 1928 inscriptions of Pagan.pdf | OBI_LIBRARY_ROOT:Authors alphabetical/Luce/Luce&PeMaungTin 1928 inscriptions of Pagan.pdf | OBI_LIBRARY_ROOT:Authors alphabetical/Pe Maung Tin/Luce&PeMaungTin 1928 inscriptions of Pagan.pdf	data/local/bibliography_sources/luce_pemaungtin_1928_inscriptions_of_pag-da9f6d6d89b3/Luce&PeMaungTin 1928 inscriptions of Pagan.pdf	5	Luce | Pe Maung Tin	pdf	high	reused_existing	2026-05-29T22:23:00.432965+00:00	
luce_1932_names_of_pyu-95a665d52663	95a665d526638e0e29cd53b1e5b8e2271e0dc13202d054771e4e65c63691bc32	Luce 1932 Names of Pyu.pdf	76582	OBI_AUTHOR_ALPHA_ROOT:Luce/Luce 1932 Names of Pyu.pdf	OBI_AUTHOR_ALPHA_ROOT:Luce/Luce 1932 Names of Pyu.pdf | OBI_LIBRARY_ROOT:Authors alphabetical/Luce/Luce 1932 Names of Pyu.pdf | OBI_LIBRARY_ROOT:Thematic/Burmese/Burma JBRS/1932/NamesOfPyu-Luce1932.pdf | OBI_LIBRARY_ROOT:Thematic/Burmese/Burma JBRS/JBRS Originals/222090.pdf | OBI_LIBRARY_ROOT:Thematic/Pyu/Luce 1932 Names of Pyu.pdf	data/local/bibliography_sources/luce_1932_names_of_pyu-95a665d52663/Luce 1932 Names of Pyu.pdf	4	JBRS Originals | Luce | Pyu	pdf	medium	reused_existing	2026-05-29T22:23:00.461706+00:00	
luce_1937_ancient_pyu-6a948eb3f6cc	6a948eb3f6cc8ec05ef0bc187ee0c83ff62d6664b4c4ac25d360c5d851a312cb	Luce 1937 Ancient Pyu.pdf	981875	OBI_AUTHOR_ALPHA_ROOT:Luce/Luce 1937 Ancient Pyu.pdf	OBI_AUTHOR_ALPHA_ROOT:Luce/Luce 1937 Ancient Pyu.pdf | OBI_LIBRARY_ROOT:Authors alphabetical/Luce/Luce 1937 Ancient Pyu.pdf | OBI_LIBRARY_ROOT:Thematic/Burmese/Burma JBRS/JBRS Originals/273239.pdf | OBI_LIBRARY_ROOT:Thematic/Pyu/Luce 1937 Ancient Pyu.pdf	data/local/bibliography_sources/luce_1937_ancient_pyu-6a948eb3f6cc/Luce 1937 Ancient Pyu.pdf	3	JBRS Originals | Luce | Pyu	pdf	medium	reused_existing	2026-05-29T22:23:00.461644+00:00	
luce_1959_chin-a957a41dee46	a957a41dee46cd090881d97090f8680ab82a4cd7c30b57d44c7de9d64c69261a	Luce 1959 chin.pdf	705241	OBI_AUTHOR_ALPHA_ROOT:Luce/Luce 1959 chin.pdf	OBI_AUTHOR_ALPHA_ROOT:Luce/Luce 1959 chin.pdf | OBI_LIBRARY_ROOT:Authors alphabetical/Luce/Luce 1959 chin.pdf	data/local/bibliography_sources/luce_1959_chin-a957a41dee46/Luce 1959 chin.pdf	1	Luce	pdf	medium	reused_existing	2026-05-29T22:23:00.461587+00:00	
luce_1959_karen-00e75cf093fa	00e75cf093fa36d8c313376abfd2dd43448f27e189462068009d16a95031c99f	Luce 1959 karen.pdf	636270	OBI_AUTHOR_ALPHA_ROOT:Luce/Luce 1959 karen.pdf	OBI_AUTHOR_ALPHA_ROOT:Luce/Luce 1959 karen.pdf | OBI_LIBRARY_ROOT:Authors alphabetical/Luce/Luce 1959 karen.pdf	data/local/bibliography_sources/luce_1959_karen-00e75cf093fa/Luce 1959 karen.pdf	1	Luce	pdf	medium	reused_existing	2026-05-29T22:23:00.461530+00:00	
luce_1969_old_burma-f0a43b744f81	f0a43b744f81b7e3ebc60b46465e2bacbe206375d446db8fbfe4bdffc12d0bfa	Luce 1969 Old Burma.pdf	73418277	OBI_LIBRARY_ROOT:Thematic/lg families/Trans-Himalyan/Pyu/Luce 1969 Old Burma.pdf	OBI_LIBRARY_ROOT:Thematic/lg families/Trans-Himalyan/Pyu/Luce 1969 Old Burma.pdf	data/local/bibliography_sources/luce_1969_old_burma-f0a43b744f81/Luce 1969 Old Burma.pdf	0	Pyu	pdf	medium	copied	2026-05-29T21:20:38.006427+00:00	
luce_1970_old_burma_vol_2-b9ac44830c38	b9ac44830c38bd4381901625b18ddcf372458dfc9de7a586fe5de5df39d18cb6	Luce 1970 Old Burma vol 2.pdf	56170166	OBI_LIBRARY_ROOT:Thematic/lg families/Trans-Himalyan/Pyu/Luce 1970 Old Burma vol 2.pdf	OBI_LIBRARY_ROOT:Thematic/lg families/Trans-Himalyan/Pyu/Luce 1970 Old Burma vol 2.pdf	data/local/bibliography_sources/luce_1970_old_burma_vol_2-b9ac44830c38/Luce 1970 Old Burma vol 2.pdf	0	Pyu	pdf	medium	copied	2026-05-29T21:20:36.746881+00:00	
luce_1970_old_burma_volume_3-d01e4b5af2d2	d01e4b5af2d2fc8bda5c8313a2c693ad9ce173e1082ed437da6d6996ed8e948d	Luce 1970 Old Burma volume 3.pdf	375059452	OBI_LIBRARY_ROOT:Thematic/lg families/Trans-Himalyan/Pyu/Luce 1970 Old Burma volume 3.pdf	OBI_LIBRARY_ROOT:Thematic/lg families/Trans-Himalyan/Pyu/Luce 1970 Old Burma volume 3.pdf	data/local/bibliography_sources/luce_1970_old_burma_volume_3-d01e4b5af2d2/Luce 1970 Old Burma volume 3.pdf	0	Pyu	pdf	medium	copied	2026-05-29T21:20:37.790970+00:00	
luce_1974_advent_of_buddhism-162815c03f4f	162815c03f4f3e0b47ef5ccfdc1532a17d4d81f6dc5a402fa2aa087df5839936	Luce 1974 Advent of Buddhism.pdf	1237999	OBI_AUTHOR_ALPHA_ROOT:Luce/Luce 1974 Advent of Buddhism.pdf	OBI_AUTHOR_ALPHA_ROOT:Luce/Luce 1974 Advent of Buddhism.pdf | OBI_LIBRARY_ROOT:Authors alphabetical/Luce/Luce 1974 Advent of Buddhism.pdf	data/local/bibliography_sources/luce_1974_advent_of_buddhism-162815c03f4f/Luce 1974 Advent of Buddhism.pdf	1	Luce	pdf	medium	reused_existing	2026-05-29T22:23:00.461472+00:00	
luce_1975_glosses-19ebf33fb0f1	19ebf33fb0f104563b85f21ea8270541b4b0a321980d5303d1bc6eccf4a6bb7a	Luce 1975 glosses.pdf	8615628	OBI_AUTHOR_ALPHA_ROOT:Luce/Luce 1975 glosses.pdf	OBI_AUTHOR_ALPHA_ROOT:Luce/Luce 1975 glosses.pdf | OBI_LIBRARY_ROOT:Authors alphabetical/Luce/Luce 1975 glosses.pdf	data/local/bibliography_sources/luce_1975_glosses-19ebf33fb0f1/Luce 1975 glosses.pdf	1	Luce	pdf	medium	reused_existing	2026-05-29T22:23:00.461413+00:00	
luce_1976_sources_of_early_burma_history-4e7c374ffbe5	4e7c374ffbe5040884e5d1706807ab75e60ac36bae1f88c73202a7ed666d8563	Luce 1976 Sources of Early Burma History.pdf	5048749	OBI_AUTHOR_ALPHA_ROOT:Luce/Luce 1976 Sources of Early Burma History.pdf	OBI_AUTHOR_ALPHA_ROOT:Luce/Luce 1976 Sources of Early Burma History.pdf | OBI_AUTHOR_ALPHA_ROOT:Luce/Luce 1976 Sources of Early Burmese History.pdf | OBI_LIBRARY_ROOT:Authors alphabetical/Luce/Luce 1976 Sources of Early Burma History.pdf | OBI_LIBRARY_ROOT:Authors alphabetical/Luce/Luce 1976 Sources of Early Burmese History.pdf | OBI_LIBRARY_ROOT:Thematic/Pyu/Luce 1976 Sources of Early Burma History.pdf	data/local/bibliography_sources/luce_1976_sources_of_early_burma_history-4e7c374ffbe5/Luce 1976 Sources of Early Burma History.pdf	4	Luce | Pyu	pdf	medium	reused_existing	2026-05-29T22:23:00.461349+00:00	
luce_1981_comparative_wordlist-d75732c21114	d75732c21114567514b742224b76bebcff6bd1d7a86046ad42ba1d64de396117	Luce 1981 comparative wordlist.pdf	58097530	OBI_AUTHOR_ALPHA_ROOT:Luce/Luce 1981 comparative wordlist.pdf	OBI_AUTHOR_ALPHA_ROOT:Luce/Luce 1981 comparative wordlist.pdf | OBI_LIBRARY_ROOT:Authors alphabetical/Luce/Luce 1981 comparative wordlist.pdf	data/local/bibliography_sources/luce_1981_comparative_wordlist-d75732c21114/Luce 1981 comparative wordlist.pdf	1	Luce	pdf	medium	reused_existing	2026-05-29T22:23:00.461291+00:00	
luce_1985_phases_of_pre_pagan_burma_1_te-415a01b3fd89	415a01b3fd895d7aab82f2d12e612b79bbddbcf05f5098991b421440113fae1b	Luce 1985 Phases of Pre Pagan Burma - 1 Text.PDF	52068386	OBI_AUTHOR_ALPHA_ROOT:Luce/Luce 1985 Phases of Pre Pagan Burma - 1 Text.PDF	OBI_AUTHOR_ALPHA_ROOT:Luce/Luce 1985 Phases of Pre Pagan Burma - 1 Text.PDF | OBI_LIBRARY_ROOT:Authors alphabetical/Luce/Luce 1985 Phases of Pre Pagan Burma - 1 Text.PDF	data/local/bibliography_sources/luce_1985_phases_of_pre_pagan_burma_1_te-415a01b3fd89/Luce 1985 Phases of Pre Pagan Burma - 1 Text.PDF	1	Luce	pdf	medium	reused_existing	2026-05-29T22:23:00.461231+00:00	
luce_1985_phases_of_pre_pagan_burma_2_pl-dccd1e43c654	dccd1e43c65435ae66ea750e9f00491c24fd77624a3bff9b3842af3cbc0054d4	Luce 1985 Phases of Pre Pagan Burma - 2 Plates.PDF	70933108	OBI_AUTHOR_ALPHA_ROOT:Luce/Luce 1985 Phases of Pre Pagan Burma - 2 Plates.PDF	OBI_AUTHOR_ALPHA_ROOT:Luce/Luce 1985 Phases of Pre Pagan Burma - 2 Plates.PDF | OBI_AUTHOR_ALPHA_ROOT:Luce/Luce PPB/Luce 1985 Phases of Pre Pagan Burma - Plates.PDF | OBI_LIBRARY_ROOT:Authors alphabetical/Luce/Luce 1985 Phases of Pre Pagan Burma - 2 Plates.PDF | OBI_LIBRARY_ROOT:Authors alphabetical/Luce/Luce PPB/Luce 1985 Phases of Pre Pagan Burma - Plates.PDF | OBI_LIBRARY_ROOT:Thematic/Pyu/Luce 1985 Phases of Pre Pagan Burma - 2 Plates.PDF	data/local/bibliography_sources/luce_1985_phases_of_pre_pagan_burma_2_pl-dccd1e43c654/Luce 1985 Phases of Pre Pagan Burma - 2 Plates.PDF	4	Luce | Luce PPB | Pyu	pdf	medium	reused_existing	2026-05-29T22:23:00.461172+00:00	
luce_1985_phases_of_pre_pagan_burma-4edad79c6036	4edad79c60364bf47397afdd222158811dd9514ee2068b82f4f9f5f20384ac28	Luce 1985 Phases of Pre Pagan Burma.PDF	49075107	OBI_AUTHOR_ALPHA_ROOT:Luce/Luce PPB/Luce 1985 Phases of Pre Pagan Burma.PDF	OBI_AUTHOR_ALPHA_ROOT:Luce/Luce PPB/Luce 1985 Phases of Pre Pagan Burma.PDF | OBI_LIBRARY_ROOT:Authors alphabetical/Luce/Luce PPB/Luce 1985 Phases of Pre Pagan Burma.PDF	data/local/bibliography_sources/luce_1985_phases_of_pre_pagan_burma-4edad79c6036/Luce 1985 Phases of Pre Pagan Burma.PDF	1	Luce PPB	pdf	medium	reused_existing	2026-05-29T22:23:00.461113+00:00	
luce_burmish_comparisons-455dc3921565	455dc392156512bcfc8a06b27a7b85d4573d9b89ea17699d996906c9d4e95e1d	Luce Burmish comparisons.djvu	4962797	OBI_AUTHOR_ALPHA_ROOT:Luce/Luce Burmish comparisons.djvu	OBI_AUTHOR_ALPHA_ROOT:Luce/Luce Burmish comparisons.djvu | OBI_LIBRARY_ROOT:Authors alphabetical/Luce/Luce Burmish comparisons.djvu	data/local/bibliography_sources/luce_burmish_comparisons-455dc3921565/Luce Burmish comparisons.djvu	1	Luce	djvu	medium	reused_existing	2026-05-29T22:23:00.461049+00:00	
luce_ob_wordlist-a620a49780fb	a620a49780fba6fd5675e7ee384910fa43f7a68f4bc894bfbf7e8f5c4474a1fd	Luce OB wordlist.djvu	6405397	OBI_AUTHOR_ALPHA_ROOT:Luce/Luce OB wordlist.djvu	OBI_AUTHOR_ALPHA_ROOT:Luce/Luce OB wordlist.djvu | OBI_LIBRARY_ROOT:Authors alphabetical/Luce/Luce OB wordlist.djvu	data/local/bibliography_sources/luce_ob_wordlist-a620a49780fb/Luce OB wordlist.djvu	1	Luce	djvu	medium	reused_existing	2026-05-29T22:23:00.460978+00:00	
luce_and_tin_htway_1976_15th_century_ins-ff06c93703ea	ff06c93703ea1baec738064007758abecc438eb354dcb17a08262ae48af686a7	Luce and Tin Htway 1976 15th Century Inscription and Library at Pagan.pdf	2199182	OBI_AUTHOR_ALPHA_ROOT:Luce/Luce and Tin Htway 1976 15th Century Inscription and Library at Pagan.pdf	OBI_AUTHOR_ALPHA_ROOT:Luce/Luce and Tin Htway 1976 15th Century Inscription and Library at Pagan.pdf | OBI_LIBRARY_ROOT:Authors alphabetical/Luce/Luce and Tin Htway 1976 15th Century Inscription and Library at Pagan.pdf	data/local/bibliography_sources/luce_and_tin_htway_1976_15th_century_ins-ff06c93703ea/Luce and Tin Htway 1976 15th Century Inscription and Library at Pagan.pdf	1	Luce	pdf	high	reused_existing	2026-05-29T22:23:00.432906+00:00	
luce_bibliography-d5eaedc7dee6	d5eaedc7dee6be2d37d860309ac0f240e68b6b4c1307e63a279b57f1840b5f6a	Luce bibliography.pdf	618194	OBI_LIBRARY_ROOT:Thematic/lg families/Trans-Himalyan/Pyu/Luce bibliography.pdf	OBI_LIBRARY_ROOT:Thematic/lg families/Trans-Himalyan/Pyu/Luce bibliography.pdf	data/local/bibliography_sources/luce_bibliography-d5eaedc7dee6/Luce bibliography.pdf	0	Pyu	pdf	medium	reused_existing	2026-05-29T22:23:00.460832+00:00	
293264-36fe582c909b	36fe582c909b12d110640166d8057ddd5371ce1f2f85dc746901f1f2dd9f67d0	Luce&PeMaungTin_BurmaDownToFallOfPagan_1939.pdf	784602	OBI_AUTHOR_ALPHA_ROOT:Luce/Luce&PeMaungTin_BurmaDownToFallOfPagan_1939.pdf	OBI_AUTHOR_ALPHA_ROOT:Luce/Luce&PeMaungTin_BurmaDownToFallOfPagan_1939.pdf | OBI_AUTHOR_ALPHA_ROOT:Pe Maung Tin/Luce&PeMaungTin_BurmaDownToFallOfPagan_1939.pdf | OBI_LIBRARY_ROOT:Authors alphabetical/Luce/Luce&PeMaungTin_BurmaDownToFallOfPagan_1939.pdf | OBI_LIBRARY_ROOT:Authors alphabetical/Pe Maung Tin/Luce&PeMaungTin_BurmaDownToFallOfPagan_1939.pdf | OBI_LIBRARY_ROOT:Thematic/Burmese/Burma JBRS/JBRS Originals/293264.pdf	data/local/bibliography_sources/293264-36fe582c909b/293264.pdf	4	JBRS Originals | Luce | Pe Maung Tin	pdf	medium	reused_existing	2026-05-29T22:23:00.460736+00:00	
luce_pemaungtin_inscriptionsofburma_plat-c593ec5e62b9	c593ec5e62b93063d510e6a3c70dc2d2ad4b07ee98ebcf17a5cd6f311ee8480e	Luce&PeMaungTin_InscriptionsOfBurma(Plates3,4,5)_1960.pdf	6314059	OBI_AUTHOR_ALPHA_ROOT:Luce/Luce&PeMaungTin_InscriptionsOfBurma(Plates3,4,5)_1960.pdf	OBI_AUTHOR_ALPHA_ROOT:Luce/Luce&PeMaungTin_InscriptionsOfBurma(Plates3,4,5)_1960.pdf | OBI_AUTHOR_ALPHA_ROOT:Pe Maung Tin/Luce&PeMaungTin_InscriptionsOfBurma(Plates3,4,5)_1960.pdf | OBI_LIBRARY_ROOT:Authors alphabetical/Luce/Luce&PeMaungTin_InscriptionsOfBurma(Plates3,4,5)_1960.pdf | OBI_LIBRARY_ROOT:Authors alphabetical/Pe Maung Tin/Luce&PeMaungTin_InscriptionsOfBurma(Plates3,4,5)_1960.pdf	data/local/bibliography_sources/luce_pemaungtin_inscriptionsofburma_plat-c593ec5e62b9/Luce&PeMaungTin_InscriptionsOfBurma(Plates3,4,5)_1960.pdf	3	Luce | Pe Maung Tin	pdf	high	reused_existing	2026-05-29T22:23:00.432847+00:00	
luce_pemaungtin_inscriptionsofburma_plat-d8ad72be3c44	d8ad72be3c448b229fdd7b02c86af715bd71bf07081c6cf4e9d70dfa8790bbb5	Luce&PeMaungTin_InscriptionsOfBurma(Plates6-20)_1963.pdf	11339454	OBI_AUTHOR_ALPHA_ROOT:Luce/Luce&PeMaungTin_InscriptionsOfBurma(Plates6-20)_1963.pdf	OBI_AUTHOR_ALPHA_ROOT:Luce/Luce&PeMaungTin_InscriptionsOfBurma(Plates6-20)_1963.pdf | OBI_AUTHOR_ALPHA_ROOT:Pe Maung Tin/Luce&PeMaungTin_InscriptionsOfBurma(Plates6-20)_1963.pdf | OBI_LIBRARY_ROOT:Authors alphabetical/Luce/Luce&PeMaungTin_InscriptionsOfBurma(Plates6-20)_1963.pdf | OBI_LIBRARY_ROOT:Authors alphabetical/Pe Maung Tin/Luce&PeMaungTin_InscriptionsOfBurma(Plates6-20)_1963.pdf	data/local/bibliography_sources/luce_pemaungtin_inscriptionsofburma_plat-d8ad72be3c44/Luce&PeMaungTin_InscriptionsOfBurma(Plates6-20)_1963.pdf	3	Luce | Pe Maung Tin	pdf	high	reused_existing	2026-05-29T22:23:00.432787+00:00	
luce_1959_oldkyaukseandthecomingofthebur-3515dbea8f5e	3515dbea8f5ec5a048b002c62f45a778d743e8761233ff395dc49dc65f02921f	Luce-1959-OldKyaukseAndTheComingOfTheBurmans.pdf	2092939	OBI_LIBRARY_ROOT:Thematic/Burmese/Burma JBRS/1959/Luce-1959-OldKyaukseAndTheComingOfTheBurmans.pdf	OBI_LIBRARY_ROOT:Thematic/Burmese/Burma JBRS/1959/Luce-1959-OldKyaukseAndTheComingOfTheBurmans.pdf	data/local/bibliography_sources/luce_1959_oldkyaukseandthecomingofthebur-3515dbea8f5e/Luce-1959-OldKyaukseAndTheComingOfTheBurmans.pdf	0	1959	pdf	medium	reused_existing	2026-05-29T22:23:00.460665+00:00	
luceobep1-90cea6ffa882	90cea6ffa8820577e57e46dc90dc6f775a6924500f76b67b37d4649561e60511	LuceOBEP1.pdf	96366666	OBI_AUTHOR_ALPHA_ROOT:Luce/Luce OBEP/LuceOBEP1.pdf	OBI_AUTHOR_ALPHA_ROOT:Luce/Luce OBEP/LuceOBEP1.pdf | OBI_LIBRARY_ROOT:Authors alphabetical/Luce/Luce OBEP/LuceOBEP1.pdf	data/local/bibliography_sources/luceobep1-90cea6ffa882/LuceOBEP1.pdf	1	Luce OBEP	pdf	medium	reused_existing	2026-05-29T22:23:00.460383+00:00	
luceobep2-33d17bc909a6	33d17bc909a6b4ab3851acc9d2462a85075b8bd933c4f6f4c99970d03a556a9b	LuceOBEP2.pdf	82441439	OBI_AUTHOR_ALPHA_ROOT:Luce/Luce OBEP/LuceOBEP2.pdf	OBI_AUTHOR_ALPHA_ROOT:Luce/Luce OBEP/LuceOBEP2.pdf | OBI_LIBRARY_ROOT:Authors alphabetical/Luce/Luce OBEP/LuceOBEP2.pdf	data/local/bibliography_sources/luceobep2-33d17bc909a6/LuceOBEP2.pdf	1	Luce OBEP	pdf	medium	reused_existing	2026-05-29T22:23:00.460326+00:00	
luceobep3-3b344ca36718	3b344ca36718fe9fe610c7f0fda5727477554bf973fb094f30788127da0e29bb	LuceOBEP3.pdf	375462415	OBI_AUTHOR_ALPHA_ROOT:Luce/Luce OBEP/LuceOBEP3.pdf	OBI_AUTHOR_ALPHA_ROOT:Luce/Luce OBEP/LuceOBEP3.pdf | OBI_LIBRARY_ROOT:Authors alphabetical/Luce/Luce OBEP/LuceOBEP3.pdf	data/local/bibliography_sources/luceobep3-3b344ca36718/LuceOBEP3.pdf	1	Luce OBEP	pdf	medium	reused_existing	2026-05-29T22:23:00.460267+00:00	
luce_collection-b951e346a053	b951e346a053548d39ee01a07962e9a6259247fe69dcda4cca5a0ddc4406dc7b	Luce_collection.doc	288768	OBI_AUTHOR_ALPHA_ROOT:Luce/LUCE_TB notes/Luce_collection.doc	OBI_AUTHOR_ALPHA_ROOT:Luce/LUCE_TB notes/Luce_collection.doc | OBI_LIBRARY_ROOT:Authors alphabetical/Luce/LUCE_TB notes/Luce_collection.doc	data/local/bibliography_sources/luce_collection-b951e346a053/Luce_collection.doc	1	LUCE_TB notes	doc	high	reused_existing	2026-05-29T22:23:00.432728+00:00	
mkh-f9e0941a9708	f9e0941a9708ec4e1898bababae380bd8a444a2e1ccdf41f586f616823213201	MKH.pdf	2046021	OBI_LIBRARY_ROOT:Thematic/Burmese/DownloadsFromBurmeseInscriptionsFacebookGroup/MKH.pdf	OBI_LIBRARY_ROOT:Thematic/Burmese/DownloadsFromBurmeseInscriptionsFacebookGroup/MKH.pdf	data/local/bibliography_sources/mkh-f9e0941a9708/MKH.pdf	0	DownloadsFromBurmeseInscriptionsFacebookGroup	pdf	medium	reused_existing	2026-05-29T22:23:00.460199+00:00	
matisoff_1976_lahu_causative_constructio-ee662c46474f	ee662c46474f6ad11cdb45beb5e9e96c119c4e64026594f2c24403570f119098	Matisoff 1976 Lahu_causative_constructions_case_hierarchies_and_the_morphology_syntax_cyclein_a_Tibeto-Burman_perspective.pdf	2357145	OBI_AUTHOR_ALPHA_ROOT:Matisoff/Matisoff 1976 Lahu_causative_constructions_case_hierarchies_and_the_morphology_syntax_cyclein_a_Tibeto-Burman_perspective.pdf	OBI_AUTHOR_ALPHA_ROOT:Matisoff/Matisoff 1976 Lahu_causative_constructions_case_hierarchies_and_the_morphology_syntax_cyclein_a_Tibeto-Burman_perspective.pdf | OBI_LIBRARY_ROOT:Authors alphabetical/Matisoff/Matisoff 1976 Lahu_causative_constructions_case_hierarchies_and_the_morphology_syntax_cyclein_a_Tibeto-Burman_perspective.pdf	data/local/bibliography_sources/matisoff_1976_lahu_causative_constructio-ee662c46474f/Matisoff 1976 Lahu_causative_constructions_case_hierarchies_and_the_morphology_syntax_cyclein_a_Tibeto-Burman_perspective.pdf	1	Matisoff	pdf	medium	reused_existing	2026-05-29T22:23:00.459980+00:00	
matisoff_1983_rv_luce-a94e04151543	a94e0415154374a5afb70e877397cfc5f77737913a02018d22ea499137644286	Matisoff 1983 rv Luce.pdf	2225632	OBI_AUTHOR_ALPHA_ROOT:Matisoff/Matisoff 1983 rv Luce.pdf	OBI_AUTHOR_ALPHA_ROOT:Matisoff/Matisoff 1983 rv Luce.pdf | OBI_LIBRARY_ROOT:Authors alphabetical/Matisoff/Matisoff 1983 rv Luce.pdf	data/local/bibliography_sources/matisoff_1983_rv_luce-a94e04151543/Matisoff 1983 rv Luce.pdf	1	Matisoff	pdf	medium	reused_existing	2026-05-29T22:23:00.459919+00:00	
matisoff_1986_the_lgs_dialects_of_tibeto-b75f3e19f923	b75f3e19f9234cc0eb817e6070f7a821b367ea1f846c0b610b0ad91bdd57c86e	Matisoff 1986 The lgs & dialects of Tibeto-Burma.pdf	28596639	OBI_AUTHOR_ALPHA_ROOT:Matisoff/Matisoff 1986 The lgs & dialects of Tibeto-Burma.pdf	OBI_AUTHOR_ALPHA_ROOT:Matisoff/Matisoff 1986 The lgs & dialects of Tibeto-Burma.pdf | OBI_LIBRARY_ROOT:Authors alphabetical/Matisoff/Matisoff 1986 The lgs & dialects of Tibeto-Burma.pdf	data/local/bibliography_sources/matisoff_1986_the_lgs_dialects_of_tibeto-b75f3e19f923/Matisoff 1986 The lgs & dialects of Tibeto-Burma.pdf	1	Matisoff	pdf	medium	reused_existing	2026-05-29T22:23:00.459860+00:00	
matisoff_2003_handbook_of_proto_tibeto_b-9e768372f866	9e768372f866182ce3cc87fa7e4b43e94c2d333151bb716db9f585efd12826f1	Matisoff 2003 Handbook of Proto Tibeto Burman.pdf	3359594	OBI_AUTHOR_ALPHA_ROOT:Matisoff/Matisoff 2003 Handbook of Proto Tibeto Burman.pdf	OBI_AUTHOR_ALPHA_ROOT:Matisoff/Matisoff 2003 Handbook of Proto Tibeto Burman.pdf | OBI_LIBRARY_ROOT:Authors alphabetical/Matisoff/Matisoff 2003 Handbook of Proto Tibeto Burman.pdf	data/local/bibliography_sources/matisoff_2003_handbook_of_proto_tibeto_b-9e768372f866/Matisoff 2003 Handbook of Proto Tibeto Burman.pdf	1	Matisoff	pdf	medium	reused_existing	2026-05-29T22:23:00.459800+00:00	
maung_maung_swe_2011_konseit_pali_inscri-8443f809d69a	8443f809d69a715bdaf85dffdd268e3d54faba918ea05f68efe4c89c22e9b734	Maung Maung Swe 2011 Konseit Pali Inscription [Adobe 9.0].pdf	3643840	OBI_LIBRARY_ROOT:Thematic/Pyu/Maung Maung Swe 2011 Konseit Pali Inscription [Adobe 9.0].pdf	OBI_LIBRARY_ROOT:Thematic/Pyu/Maung Maung Swe 2011 Konseit Pali Inscription [Adobe 9.0].pdf	data/local/bibliography_sources/maung_maung_swe_2011_konseit_pali_inscri-8443f809d69a/Maung Maung Swe 2011 Konseit Pali Inscription [Adobe 9.0].pdf	0	Pyu	pdf	medium	copied	2026-05-29T20:59:03.760129+00:00	
mei_2002_the_expression_of_time_in_tibet-e36ca6d3de02	e36ca6d3de021577deedee64071dd2c91a1db627210890de185b152e3810634e	Mei - 2002 - The expression of time in Tibeto-Burman. Paper pre.pdf	629664	OBI_LIBRARY_ROOT:Thematic/Nungish/.general, comparative linguistics related to Rvwang and Tvrung/Mei - 2002 - The expression of time in Tibeto-Burman. Paper pre.pdf	OBI_LIBRARY_ROOT:Thematic/Nungish/.general, comparative linguistics related to Rvwang and Tvrung/Mei - 2002 - The expression of time in Tibeto-Burman. Paper pre.pdf	data/local/bibliography_sources/mei_2002_the_expression_of_time_in_tibet-e36ca6d3de02/Mei - 2002 - The expression of time in Tibeto-Burman. Paper pre.pdf	0	.general, comparative linguistics related to Rvwang and Tvrung	pdf	medium	copied	2026-05-29T21:20:33.062768+00:00	
mei_2002_the_expression_of_time_in_tibet-a343b4205a35	a343b4205a35ff6013ddf5ccbf5a34f8efd5226fd5bd3c4987ff030afc28a824	Mei - 2002 - The expression of time in Tibeto-Burman. Paper pre.pdf	662278	OBI_LIBRARY_ROOT:Thematic/Nungish/Anung/Mei - 2002 - The expression of time in Tibeto-Burman. Paper pre.pdf	OBI_LIBRARY_ROOT:Thematic/Nungish/Anung/Mei - 2002 - The expression of time in Tibeto-Burman. Paper pre.pdf	data/local/bibliography_sources/mei_2002_the_expression_of_time_in_tibet-a343b4205a35/Mei - 2002 - The expression of time in Tibeto-Burman. Paper pre.pdf	0	Anung	pdf	medium	copied	2026-05-29T21:20:33.145671+00:00	
michailovsky_2010_tibeto_burman-d5ecffa157ef	d5ecffa157efe945dce647ee01d5a601644d891e321731d3e0c758fec2c1a0ee	Michailovsky 2010 Tibeto-Burman.pdf	816801	OBI_AUTHOR_ALPHA_ROOT:Michailovsky/Michailovsky 2010 Tibeto-Burman.pdf	OBI_AUTHOR_ALPHA_ROOT:Michailovsky/Michailovsky 2010 Tibeto-Burman.pdf | OBI_LIBRARY_ROOT:Authors alphabetical/Michailovsky/Michailovsky 2010 Tibeto-Burman.pdf	data/local/bibliography_sources/michailovsky_2010_tibeto_burman-d5ecffa157ef/Michailovsky 2010 Tibeto-Burman.pdf	1	Michailovsky	pdf	medium	reused_existing	2026-05-29T22:23:00.459740+00:00	
middleton_2005_objects_burma_and_java_ex-f24419816827	f2441981682782c245f796d783f591313a4f8f189b872a15ba415bf0d72541c8	Middleton 2005  Objects Burma and Java (extracts).pdf	2677312	OBI_LIBRARY_ROOT:Thematic/Pyu/Middleton 2005  Objects Burma and Java (extracts).pdf	OBI_LIBRARY_ROOT:Thematic/Pyu/Middleton 2005  Objects Burma and Java (extracts).pdf	data/local/bibliography_sources/middleton_2005_objects_burma_and_java_ex-f24419816827/Middleton 2005  Objects Burma and Java (extracts).pdf	0	Pyu	pdf	medium	copied	2026-05-29T21:20:36.250695+00:00	
miller_1956_the_tibeto_burman_ablaut_sys-95ae33db40cb	95ae33db40cb571b3f3d3f858efe1760bec4585e51849017ee51c50d0be91fb2	Miller 1956 The Tibeto-Burman Ablaut System.pdf	11982894	OBI_AUTHOR_ALPHA_ROOT:Miller R. A/Miller 1956 The Tibeto-Burman Ablaut System.pdf	OBI_AUTHOR_ALPHA_ROOT:Miller R. A/Miller 1956 The Tibeto-Burman Ablaut System.pdf | OBI_LIBRARY_ROOT:Authors alphabetical/Miller R. A/Miller 1956 The Tibeto-Burman Ablaut System.pdf	data/local/bibliography_sources/miller_1956_the_tibeto_burman_ablaut_sys-95ae33db40cb/Miller 1956 The Tibeto-Burman Ablaut System.pdf	1	Miller R. A	pdf	medium	reused_existing	2026-05-29T22:23:00.459678+00:00	
miller_1957_the_phonology_of_the_old_bur-84bc4ff6103b	84bc4ff6103bef2e460eb734d0f247e5953af317db4d72d43d45dab8fb13ff19	Miller 1957 The Phonology of the Old Burmese Vowel System as Seen in the Myazedi Inscription.pdf	270513	OBI_AUTHOR_ALPHA_ROOT:Miller R. A/Miller 1957 The Phonology of the Old Burmese Vowel System as Seen in the Myazedi Inscription.pdf	OBI_AUTHOR_ALPHA_ROOT:Miller R. A/Miller 1957 The Phonology of the Old Burmese Vowel System as Seen in the Myazedi Inscription.pdf | OBI_LIBRARY_ROOT:Authors alphabetical/Miller R. A/Miller 1957 The Phonology of the Old Burmese Vowel System as Seen in the Myazedi Inscription.pdf	data/local/bibliography_sources/miller_1957_the_phonology_of_the_old_bur-84bc4ff6103b/Miller 1957 The Phonology of the Old Burmese Vowel System as Seen in the Myazedi Inscription.pdf	1	Miller R. A	pdf	high	reused_existing	2026-05-29T22:23:00.432669+00:00	
miller_1958_tibeto_burman_infix-85fff31669ba	85fff31669ba71f6a608480efd801806b5e646fedcd967d9d379a740fa225405	Miller 1958 Tibeto-Burman Infix.pdf	2188645	OBI_AUTHOR_ALPHA_ROOT:Miller R. A/Miller 1958 Tibeto-Burman Infix.pdf	OBI_AUTHOR_ALPHA_ROOT:Miller R. A/Miller 1958 Tibeto-Burman Infix.pdf | OBI_LIBRARY_ROOT:Authors alphabetical/Miller R. A/Miller 1958 Tibeto-Burman Infix.pdf	data/local/bibliography_sources/miller_1958_tibeto_burman_infix-85fff31669ba/Miller 1958 Tibeto-Burman Infix.pdf	1	Miller R. A	pdf	medium	reused_existing	2026-05-29T22:23:00.459615+00:00	
minbu_ba_shin1936-4839b22ac3ed	4839b22ac3eda88e765b089a6de1e2965ba91a2eda01d6531345a2b7c9de851c	Minbu_Ba-Shin1936.pdf	813154	OBI_LIBRARY_ROOT:Thematic/Burmese/Burma JBRS/1936/Minbu_Ba-Shin1936.pdf	OBI_LIBRARY_ROOT:Thematic/Burmese/Burma JBRS/1936/Minbu_Ba-Shin1936.pdf	data/local/bibliography_sources/minbu_ba_shin1936-4839b22ac3ed/Minbu_Ba-Shin1936.pdf	0	1936	pdf	medium	reused_existing	2026-05-29T22:23:00.459547+00:00	
minnswe_oldbagan-2652ff2ca685	2652ff2ca685b576e35634bc2d8d4274fd12c442ee6db9c6c0e5faac5c5c4c5e	MinnSwe_OldBagan.pdf	3513936	OBI_LIBRARY_ROOT:Thematic/Burmese/DownloadsFromBurmeseInscriptionsFacebookGroup/MinnSwe_OldBagan.pdf	OBI_LIBRARY_ROOT:Thematic/Burmese/DownloadsFromBurmeseInscriptionsFacebookGroup/MinnSwe_OldBagan.pdf	data/local/bibliography_sources/minnswe_oldbagan-2652ff2ca685/MinnSwe_OldBagan.pdf	0	DownloadsFromBurmeseInscriptionsFacebookGroup	pdf	medium	reused_existing	2026-05-29T22:23:00.459305+00:00	
moore_2011_early_buddhist_archaeology_my-13b32528cd12	13b32528cd1215830d519d8190e458c2bdad5e7b92e55bd32f4947cdf53f0f38	Moore 2011 Early Buddhist Archaeology Myanmar.pdf	5491768	OBI_LIBRARY_ROOT:Thematic/Pyu/Moore 2011 Early Buddhist Archaeology Myanmar.pdf	OBI_LIBRARY_ROOT:Thematic/Pyu/Moore 2011 Early Buddhist Archaeology Myanmar.pdf	data/local/bibliography_sources/moore_2011_early_buddhist_archaeology_my-13b32528cd12/Moore 2011 Early Buddhist Archaeology Myanmar.pdf	0	Pyu	pdf	medium	copied	2026-05-29T21:20:36.369648+00:00	
312058-f37a832c648d	f37a832c648d6af4eb6679ca9eb29f5f5ed01b76afb6f528206a388822364419	Mru-Shafer1941.pdf	1225419	OBI_LIBRARY_ROOT:Thematic/Burmese/Burma JBRS/1941/Mru-Shafer1941.pdf	OBI_LIBRARY_ROOT:Thematic/Burmese/Burma JBRS/1941/Mru-Shafer1941.pdf | OBI_LIBRARY_ROOT:Thematic/Burmese/Burma JBRS/JBRS Originals/312058.pdf	data/local/bibliography_sources/312058-f37a832c648d/312058.pdf	1	1941 | JBRS Originals	pdf	medium	reused_existing	2026-05-29T22:23:00.459085+00:00	
mya_1961_votive_tablets_of_burma-525b362466a9	525b362466a9a6b11349cc65b95f7b2c942b460696edb26a9923ec6bf3384954	Mya 1961 Votive tablets of Burma.pdf	23373859	OBI_LIBRARY_ROOT:Thematic/Pyu/Mya 1961 Votive tablets of Burma.pdf	OBI_LIBRARY_ROOT:Thematic/Pyu/Mya 1961 Votive tablets of Burma.pdf	data/local/bibliography_sources/mya_1961_votive_tablets_of_burma-525b362466a9/Mya 1961 Votive tablets of Burma.pdf	0	Pyu	pdf	medium	copied	2026-05-29T21:20:36.167837+00:00	
mya_kan_a_lan_book-c643f26131a2	c643f26131a24e848bf05a8b04dac3e04aa287df9160fa01015a66671fa65c6b	Mya Kan & A Lan Book.pdf	3326708	OBI_LIBRARY_ROOT:Thematic/Burmese/DownloadsFromBurmeseInscriptionsFacebookGroup/Mya Kan & A Lan Book.pdf	OBI_LIBRARY_ROOT:Thematic/Burmese/DownloadsFromBurmeseInscriptionsFacebookGroup/Mya Kan & A Lan Book.pdf	data/local/bibliography_sources/mya_kan_a_lan_book-c643f26131a2/Mya Kan & A Lan Book.pdf	0	DownloadsFromBurmeseInscriptionsFacebookGroup	pdf	medium	reused_existing	2026-05-29T22:23:00.458865+00:00	
mya_tu_et_al_1967_the_tarons_in_burma_th-cd99645b9bbf	cd99645b9bbf358c384e14c0a668ebd2526a370688cc3f54e7f68077aaddde2e	Mya-Tu et al 1967_The Tarons in Burma. The results of a scientific expedition.pdf	131635054	OBI_LIBRARY_ROOT:Thematic/Nungish/Tvluq and Tvrung (Burma side)/Mya-Tu et al 1967_The Tarons in Burma. The results of a scientific expedition.pdf	OBI_LIBRARY_ROOT:Thematic/Nungish/Tvluq and Tvrung (Burma side)/Mya-Tu et al 1967_The Tarons in Burma. The results of a scientific expedition.pdf	data/local/bibliography_sources/mya_tu_et_al_1967_the_tarons_in_burma_th-cd99645b9bbf/Mya-Tu et al 1967_The Tarons in Burma. The results of a scientific expedition.pdf	0	Tvluq and Tvrung (Burma side)	pdf	medium	copied	2026-05-29T21:20:32.907645+00:00	
myanmar_min_sat_myar-21f13e36861e	21f13e36861e4309a03c9d0389a17d91823473fbae1e74ee06bee19a505f85a7	Myanmar Min Sat Myar.pdf	2162481	OBI_LIBRARY_ROOT:Thematic/Burmese/DownloadsFromBurmeseInscriptionsFacebookGroup/Myanmar Min Sat Myar.pdf	OBI_LIBRARY_ROOT:Thematic/Burmese/DownloadsFromBurmeseInscriptionsFacebookGroup/Myanmar Min Sat Myar.pdf	data/local/bibliography_sources/myanmar_min_sat_myar-21f13e36861e/Myanmar Min Sat Myar.pdf	0	DownloadsFromBurmeseInscriptionsFacebookGroup	pdf	medium	reused_existing	2026-05-29T22:23:00.458651+00:00	
myanmar_votive_tablets_iii-ff791faf74b3	ff791faf74b378bd016c4f50815c5a88cb3478d35f243f8ac9c71896dd2fabc0	Myanmar_Votive_Tablets_III.PDF	19493808	OBI_LIBRARY_ROOT:Thematic/Pyu/Myanmar_Votive_Tablets_III.PDF	OBI_LIBRARY_ROOT:Thematic/Pyu/Myanmar_Votive_Tablets_III.PDF	data/local/bibliography_sources/myanmar_votive_tablets_iii-ff791faf74b3/Myanmar_Votive_Tablets_III.PDF	0	Pyu	pdf	medium	copied	2026-05-29T21:20:35.541618+00:00	
myat_kyaw_ancient_pay_and_parabaiks-5a2bf9496e80	5a2bf9496e80c944717b9989ca63fa355914657b7833a3e4dce01fdc5803177d	Myat-Kyaw-Ancient-Pay-and-Parabaiks.pdf	841131	OBI_LIBRARY_ROOT:Thematic/Burmese/DownloadsFromBurmeseInscriptionsFacebookGroup/Myat-Kyaw-Ancient-Pay-and-Parabaiks.pdf	OBI_LIBRARY_ROOT:Thematic/Burmese/DownloadsFromBurmeseInscriptionsFacebookGroup/Myat-Kyaw-Ancient-Pay-and-Parabaiks.pdf	data/local/bibliography_sources/myat_kyaw_ancient_pay_and_parabaiks-5a2bf9496e80/Myat-Kyaw-Ancient-Pay-and-Parabaiks.pdf	0	DownloadsFromBurmeseInscriptionsFacebookGroup	pdf	medium	reused_existing	2026-05-29T22:23:00.458420+00:00	
myazedi_in_mon-627ecd8e623c	627ecd8e623c96e4c5a8f45cd3ae610efbfa9c27d2c1e7926507d590a5ab3811	Myazedi-in-Mon.pdf	825503	OBI_LIBRARY_ROOT:Thematic/Burmese/DownloadsFromBurmeseInscriptionsFacebookGroup/Myazedi-in-Mon.pdf	OBI_LIBRARY_ROOT:Thematic/Burmese/DownloadsFromBurmeseInscriptionsFacebookGroup/Myazedi-in-Mon.pdf	data/local/bibliography_sources/myazedi_in_mon-627ecd8e623c/Myazedi-in-Mon.pdf	0	DownloadsFromBurmeseInscriptionsFacebookGroup	pdf	medium	reused_existing	2026-05-29T22:23:00.458192+00:00	
myint_tun_myanma_parabaik-1803ff1c2970	1803ff1c297082e642325445857ea396a02847bf0f8efcf213ddf17b78c98736	Myint Tun - Myanma Parabaik.pdf	626883	OBI_LIBRARY_ROOT:Thematic/Burmese/DownloadsFromBurmeseInscriptionsFacebookGroup/Myint Tun - Myanma Parabaik.pdf	OBI_LIBRARY_ROOT:Thematic/Burmese/DownloadsFromBurmeseInscriptionsFacebookGroup/Myint Tun - Myanma Parabaik.pdf	data/local/bibliography_sources/myint_tun_myanma_parabaik-1803ff1c2970/Myint Tun - Myanma Parabaik.pdf	0	DownloadsFromBurmeseInscriptionsFacebookGroup	pdf	medium	reused_existing	2026-05-29T22:23:00.457868+00:00	
myitthar_inscription_pyu_southside_dr_mg-bed9dfb2e70a	bed9dfb2e70a15d542c3b47a8896c4821474cbb458271f271966c389d5616f19	MyitThar Inscription (Pyu SouthSide) - Dr Mg Mg Swe.pdf	1556231	OBI_LIBRARY_ROOT:Thematic/Burmese/DownloadsFromBurmeseInscriptionsFacebookGroup/MyitThar Inscription (Pyu SouthSide) - Dr Mg Mg Swe.pdf	OBI_LIBRARY_ROOT:Thematic/Burmese/DownloadsFromBurmeseInscriptionsFacebookGroup/MyitThar Inscription (Pyu SouthSide) - Dr Mg Mg Swe.pdf	data/local/bibliography_sources/myitthar_inscription_pyu_southside_dr_mg-bed9dfb2e70a/MyitThar Inscription (Pyu SouthSide) - Dr Mg Mg Swe.pdf	0	DownloadsFromBurmeseInscriptionsFacebookGroup	pdf	medium	reused_existing	2026-05-29T22:23:00.457669+00:00	
myittha_report_eng_final-3a080a92d5a8	3a080a92d5a8e9ce783df0568323a0131344b9927efabf3b9075ee1e61bd4484	Myittha report eng final.pdf	1683393	OBI_LIBRARY_ROOT:Thematic/Burmese/DownloadsFromBurmeseInscriptionsFacebookGroup/Myittha report eng final.pdf	OBI_LIBRARY_ROOT:Thematic/Burmese/DownloadsFromBurmeseInscriptionsFacebookGroup/Myittha report eng final.pdf	data/local/bibliography_sources/myittha_report_eng_final-3a080a92d5a8/Myittha report eng final.pdf	0	DownloadsFromBurmeseInscriptionsFacebookGroup	pdf	medium	reused_existing	2026-05-29T22:23:00.457460+00:00	
naipanhjla_1975_a_comparative_study_of_o-b99961e719f2	b99961e719f24b387503607ef40324d20750e4784cc11767678719692374a71b	NaiPanHJla-1975-a-comparative-study-of-old-and-modern-burmese.pdf	974433	OBI_LIBRARY_ROOT:Thematic/Burmese/Burma JBRS/1975/NaiPanHJla-1975-a-comparative-study-of-old-and-modern-burmese.pdf	OBI_LIBRARY_ROOT:Thematic/Burmese/Burma JBRS/1975/NaiPanHJla-1975-a-comparative-study-of-old-and-modern-burmese.pdf	data/local/bibliography_sources/naipanhjla_1975_a_comparative_study_of_o-b99961e719f2/NaiPanHJla-1975-a-comparative-study-of-old-and-modern-burmese.pdf	0	1975	pdf	medium	reused_existing	2026-05-29T22:23:00.457240+00:00	
naito_1928_lasa_no_to_ban-602da19b0147	602da19b0147e603252298fcd726c8ef73f2e2d6770aedef65394faf6f2ec4b1	Naito 1928 Lasa no to-ban.pdf	4509803	OBI_LIBRARY_ROOT:Authors alphabetical/inscription articles/Naito 1928 Lasa no to-ban.pdf	OBI_LIBRARY_ROOT:Authors alphabetical/inscription articles/Naito 1928 Lasa no to-ban.pdf	data/local/bibliography_sources/naito_1928_lasa_no_to_ban-602da19b0147/Naito 1928 Lasa no to-ban.pdf	0	inscription articles	pdf	medium	copied	2026-05-29T20:59:16.066425+00:00	
nanfang-5e1c0f5ddb3b	5e1c0f5ddb3b4d9a931e6d92f0c9723a08108dcc698d821005c3628793e52f39	Nanfang.pdf	2479667	OBI_LIBRARY_ROOT:Authors alphabetical/inscription articles/Nanfang.pdf	OBI_LIBRARY_ROOT:Authors alphabetical/inscription articles/Nanfang.pdf	data/local/bibliography_sources/nanfang-5e1c0f5ddb3b/Nanfang.pdf	0	inscription articles	pdf	medium	copied	2026-05-29T20:59:17.223207+00:00	
nanfangplates-dc812cd468f8	dc812cd468f8884f605db04716ff9130e02aae46a9e80473d589dda1cf242316	NanfangPlates.pdf	7930324	OBI_LIBRARY_ROOT:Authors alphabetical/inscription articles/NanfangPlates.pdf	OBI_LIBRARY_ROOT:Authors alphabetical/inscription articles/NanfangPlates.pdf	data/local/bibliography_sources/nanfangplates-dc812cd468f8/NanfangPlates.pdf	0	inscription articles	pdf	medium	copied	2026-05-29T20:59:16.387279+00:00	
nathan_notes_on_bl_trip_27_7_11-6defe3726f20	6defe3726f20c90564e9f3284d433622f3bfef05558be3b20b07f9e83dbdc39e	Nathan notes on BL trip - 27-7-11.doc	27136	OBI_LIBRARY_ROOT:Thematic/Tibetan/Tib texts/inscriptions/Charles M/Rubbings - BL - Richardson & Bell re RT/Nathan notes on BL trip - 27-7-11.doc	OBI_LIBRARY_ROOT:Thematic/Tibetan/Tib texts/inscriptions/Charles M/Rubbings - BL - Richardson & Bell re RT/Nathan notes on BL trip - 27-7-11.doc	data/local/bibliography_sources/nathan_notes_on_bl_trip_27_7_11-6defe3726f20/Nathan notes on BL trip - 27-7-11.doc	0	Rubbings - BL - Richardson & Bell re RT	doc	medium	copied	2026-05-29T20:58:58.271354+00:00	
new_publications_related_to_the_burmese_-c7eee199b300	c7eee199b30010b2aaeb16109069282a842ed17573fe8af26650af579dc0f4ac	New Publications Related to the Burmese Inscriptions.pdf	85565	OBI_LIBRARY_ROOT:Thematic/Burmese/OBur/Old Burmese Inscriptions/Bibliography/New Publications Related to the Burmese Inscriptions.pdf	OBI_LIBRARY_ROOT:Thematic/Burmese/OBur/Old Burmese Inscriptions/Bibliography/New Publications Related to the Burmese Inscriptions.pdf	data/local/bibliography_sources/new_publications_related_to_the_burmese_-c7eee199b300/New Publications Related to the Burmese Inscriptions.pdf	0	Bibliography	pdf	medium	reused_existing	2026-05-29T22:23:00.457028+00:00	
newman_john_r_the_outer_wheel_of_time_va-19ca158c932f	19ca158c932f52c958ff60653e9d5bf7ef81bf406e55dc4c88bf4c14501e9196	Newman, John R.  - The Outer Wheel of Time - Vajrayana Buddhist Cosmology in the Kalacakra Tantra.pdf	24146970	OBI_LIBRARY_ROOT:Authors alphabetical/Newman, John R/Newman, John R.  - The Outer Wheel of Time - Vajrayana Buddhist Cosmology in the Kalacakra Tantra.pdf	OBI_LIBRARY_ROOT:Authors alphabetical/Newman, John R/Newman, John R.  - The Outer Wheel of Time - Vajrayana Buddhist Cosmology in the Kalacakra Tantra.pdf	data/local/bibliography_sources/newman_john_r_the_outer_wheel_of_time_va-19ca158c932f/Newman, John R.  - The Outer Wheel of Time - Vajrayana Buddhist Cosmology in the Kalacakra Tantra.pdf	0	Newman, John R	pdf	medium	copied	2026-05-29T20:59:09.332163+00:00	
ngag_dbang_bstan_1983_btsan_po_sad_na_le-4b3a6a915614	4b3a6a9156142ca35aa197f2a7e4c5578e34148fee6ad42b6217fabe3d8d59f4	Ngag Dbang Bstan 1983 Btsan po sad na legs.pdf	866954	OBI_LIBRARY_ROOT:Authors alphabetical/inscription articles/Ngag Dbang Bstan 1983 Btsan po sad na legs.pdf	OBI_LIBRARY_ROOT:Authors alphabetical/inscription articles/Ngag Dbang Bstan 1983 Btsan po sad na legs.pdf	data/local/bibliography_sources/ngag_dbang_bstan_1983_btsan_po_sad_na_le-4b3a6a915614/Ngag Dbang Bstan 1983 Btsan po sad na legs.pdf	0	inscription articles	pdf	medium	copied	2026-05-29T20:59:16.513937+00:00	
nishida_1989_tibeto_burman-10fa713db655	10fa713db65528007f26042814a5eb2f56f83c1c918a7577e946211255a42ccc	Nishida 1989 Tibeto Burman.pdf	9328324	OBI_AUTHOR_ALPHA_ROOT:Nishida, Tatsuo/Nishida 1988- 言語学大辞典/Nishida 1989 Tibeto Burman.pdf	OBI_AUTHOR_ALPHA_ROOT:Nishida, Tatsuo/Nishida 1988- 言語学大辞典/Nishida 1989 Tibeto Burman.pdf | OBI_LIBRARY_ROOT:Authors alphabetical/Nishida, Tatsuo/Nishida 1988- 言語学大辞典/Nishida 1989 Tibeto Burman.pdf	data/local/bibliography_sources/nishida_1989_tibeto_burman-10fa713db655/Nishida 1989 Tibeto Burman.pdf	1	Nishida 1988- 言語学大辞典	pdf	medium	reused_existing	2026-05-29T22:23:00.456816+00:00	
nissaya_okell_1967-466204552757	4662045527579938105171c9a511fe4ed73b9943251656f736a2637ae8d6ac34	Nissaya-Okell-1967.pdf	1418336	OBI_LIBRARY_ROOT:Thematic/Burmese/Burma JBRS/1967/Nissaya-Okell-1967.pdf	OBI_LIBRARY_ROOT:Thematic/Burmese/Burma JBRS/1967/Nissaya-Okell-1967.pdf	data/local/bibliography_sources/nissaya_okell_1967-466204552757/Nissaya-Okell-1967.pdf	0	1967	pdf	medium	reused_existing	2026-05-29T22:23:00.456753+00:00	
nivison_david_1978a_royal_virtue_in_shan-69c55c67217e	69c55c67217ef66eea19615ff466eabfd0b1950f4810bdaae68a54223fd0fc1d	Nivison, David - 1978a - Royal Virtue in Shang Oracle Inscriptions.pdf	667435	OBI_LIBRARY_ROOT:Authors alphabetical/Nivison/Nivison, David - 1978a - Royal Virtue in Shang Oracle Inscriptions.pdf	OBI_LIBRARY_ROOT:Authors alphabetical/Nivison/Nivison, David - 1978a - Royal Virtue in Shang Oracle Inscriptions.pdf	data/local/bibliography_sources/nivison_david_1978a_royal_virtue_in_shan-69c55c67217e/Nivison, David - 1978a - Royal Virtue in Shang Oracle Inscriptions.pdf	0	Nivison	pdf	medium	copied	2026-05-29T20:59:09.161586+00:00	
ohno_2005_pagan_period_burmese-9a1d416e3af3	9a1d416e3af3aa732b525fcd75ac5452d0398804b4cd3e5aab63376caa1b8079	Ohno 2005 Pagan period Burmese.pdf	2173295	OBI_AUTHOR_ALPHA_ROOT:Ono Toru/Ohno 2005 Pagan period Burmese.pdf	OBI_AUTHOR_ALPHA_ROOT:Ono Toru/Ohno 2005 Pagan period Burmese.pdf | OBI_LIBRARY_ROOT:Authors alphabetical/Ono Toru/Ohno 2005 Pagan period Burmese.pdf	data/local/bibliography_sources/ohno_2005_pagan_period_burmese-9a1d416e3af3/Ohno 2005 Pagan period Burmese.pdf	1	Ono Toru	pdf	medium	reused_existing	2026-05-29T22:23:00.456529+00:00	
originkachins_hanson1912-01914909f6c3	01914909f6c3b6864e3aa622eabddd10a9b985977da83009c810c9a4545e5d1d	OriginKachins-Hanson1912.pdf	716688	OBI_LIBRARY_ROOT:Thematic/Burmese/Burma JBRS/1912/OriginKachins-Hanson1912.pdf	OBI_LIBRARY_ROOT:Thematic/Burmese/Burma JBRS/1912/OriginKachins-Hanson1912.pdf	data/local/bibliography_sources/originkachins_hanson1912-01914909f6c3/OriginKachins-Hanson1912.pdf	0	1912	pdf	medium	reused_existing	2026-05-29T22:23:00.456466+00:00	
pyu007_a_1_rti-c38244a77699	c38244a776994fbb9c3e2907b364531423fd0d094d6d58f363955dcd8f23b959	PYU007_a_1_RTI.xml	67876	OBI_LIBRARY_ROOT:Thematic/Pyu/Burma_2016 copy/Zenodo ready/JM 2016 11 18 PYU007/PYU007_a_1_RTI/PYU007_a_1_RTI.xml	OBI_LIBRARY_ROOT:Thematic/Pyu/Burma_2016 copy/Zenodo ready/JM 2016 11 18 PYU007/PYU007_a_1_RTI/PYU007_a_1_RTI.xml	data/local/bibliography_sources/pyu007_a_1_rti-c38244a77699/PYU007_a_1_RTI.xml	0	PYU007_a_1_RTI	xml	medium	copied	2026-05-29T21:20:35.774669+00:00	
pyu007_a_2_rti-57680bb499bc	57680bb499bcee580b9f7d12d101ccbb7edebc910ade88ad0b02f7e490b8d04d	PYU007_a_2_RTI.xml	85142	OBI_LIBRARY_ROOT:Thematic/Pyu/Burma_2016 copy/Zenodo ready/JM 2016 11 18 PYU007/PYU007_a_2_RTI/PYU007_a_2_RTI.xml	OBI_LIBRARY_ROOT:Thematic/Pyu/Burma_2016 copy/Zenodo ready/JM 2016 11 18 PYU007/PYU007_a_2_RTI/PYU007_a_2_RTI.xml	data/local/bibliography_sources/pyu007_a_2_rti-57680bb499bc/PYU007_a_2_RTI.xml	0	PYU007_a_2_RTI	xml	medium	copied	2026-05-29T21:20:35.764598+00:00	
pyu007_a_3_rti-2b06f5661dc3	2b06f5661dc31715fcbb86b7daffca78406e6b3befe6d4ce2a5e64770a4c0699	PYU007_a_3_RTI.xml	73722	OBI_LIBRARY_ROOT:Thematic/Pyu/Burma_2016 copy/Zenodo ready/JM 2016 11 18 PYU007/PYU007_a_3_RTI/PYU007_a_3_RTI.xml	OBI_LIBRARY_ROOT:Thematic/Pyu/Burma_2016 copy/Zenodo ready/JM 2016 11 18 PYU007/PYU007_a_3_RTI/PYU007_a_3_RTI.xml	data/local/bibliography_sources/pyu007_a_3_rti-2b06f5661dc3/PYU007_a_3_RTI.xml	0	PYU007_a_3_RTI	xml	medium	copied	2026-05-29T21:20:35.767078+00:00	
pyu007_a_4_rti-257b32924062	257b32924062b816e3299b3ffef07af761957892063027f1f83f25b7b0549ad3	PYU007_a_4_RTI.xml	80650	OBI_LIBRARY_ROOT:Thematic/Pyu/Burma_2016 copy/Zenodo ready/JM 2016 11 18 PYU007/PYU007_a_4_RTI/PYU007_a_4_RTI.xml	OBI_LIBRARY_ROOT:Thematic/Pyu/Burma_2016 copy/Zenodo ready/JM 2016 11 18 PYU007/PYU007_a_4_RTI/PYU007_a_4_RTI.xml	data/local/bibliography_sources/pyu007_a_4_rti-257b32924062/PYU007_a_4_RTI.xml	0	PYU007_a_4_RTI	xml	medium	copied	2026-05-29T21:20:35.757812+00:00	
pyu007_b_1_rti-daca1029d454	daca1029d4548a5220fba8376f6dc15dbba3b3f1a83837a58917813bcf91df21	PYU007_b_1_RTI.xml	101763	OBI_LIBRARY_ROOT:Thematic/Pyu/Burma_2016 copy/Zenodo ready/JM 2016 11 18 PYU007/PYU007_b_1_RTI/PYU007_b_1_RTI.xml	OBI_LIBRARY_ROOT:Thematic/Pyu/Burma_2016 copy/Zenodo ready/JM 2016 11 18 PYU007/PYU007_b_1_RTI/PYU007_b_1_RTI.xml	data/local/bibliography_sources/pyu007_b_1_rti-daca1029d454/PYU007_b_1_RTI.xml	0	PYU007_b_1_RTI	xml	medium	copied	2026-05-29T21:20:35.754573+00:00	
pyu007_b_2_rti-2a51ec3c9105	2a51ec3c910599abd2d7c18b3d2384a6865f6a5cda5d503af7172f1cc863b646	PYU007_b_2_RTI.xml	99624	OBI_LIBRARY_ROOT:Thematic/Pyu/Burma_2016 copy/Zenodo ready/JM 2016 11 18 PYU007/PYU007_b_2_RTI/PYU007_b_2_RTI.xml	OBI_LIBRARY_ROOT:Thematic/Pyu/Burma_2016 copy/Zenodo ready/JM 2016 11 18 PYU007/PYU007_b_2_RTI/PYU007_b_2_RTI.xml	data/local/bibliography_sources/pyu007_b_2_rti-2a51ec3c9105/PYU007_b_2_RTI.xml	0	PYU007_b_2_RTI	xml	medium	copied	2026-05-29T21:20:35.751027+00:00	
pyu007_b_3_rti-22486c2f59cb	22486c2f59cba957ef9e4b01cc7590a469e75c2209df1409470fcdf408060ba8	PYU007_b_3_RTI.xml	100428	OBI_LIBRARY_ROOT:Thematic/Pyu/Burma_2016 copy/Zenodo ready/JM 2016 11 18 PYU007/PYU007_b_3_RTI/PYU007_b_3_RTI.xml	OBI_LIBRARY_ROOT:Thematic/Pyu/Burma_2016 copy/Zenodo ready/JM 2016 11 18 PYU007/PYU007_b_3_RTI/PYU007_b_3_RTI.xml	data/local/bibliography_sources/pyu007_b_3_rti-22486c2f59cb/PYU007_b_3_RTI.xml	0	PYU007_b_3_RTI	xml	medium	copied	2026-05-29T21:20:35.748465+00:00	
pyu007_b_4_rti-7eb439bea068	7eb439bea06812d2522fa90c18366cf788f0cbadd06cf7fbe5a505a0148d2ca8	PYU007_b_4_RTI.xml	88764	OBI_LIBRARY_ROOT:Thematic/Pyu/Burma_2016 copy/Zenodo ready/JM 2016 11 18 PYU007/PYU007_b_4_RTI/PYU007_b_4_RTI.xml	OBI_LIBRARY_ROOT:Thematic/Pyu/Burma_2016 copy/Zenodo ready/JM 2016 11 18 PYU007/PYU007_b_4_RTI/PYU007_b_4_RTI.xml	data/local/bibliography_sources/pyu007_b_4_rti-7eb439bea068/PYU007_b_4_RTI.xml	0	PYU007_b_4_RTI	xml	medium	copied	2026-05-29T21:20:35.743070+00:00	
pyu007_c_1_rti-12681beedb89	12681beedb897836da9facce1bf16a62d089078f813eff5e2346b6035647b3f5	PYU007_c_1_RTI.xml	99920	OBI_LIBRARY_ROOT:Thematic/Pyu/Burma_2016 copy/Zenodo ready/JM 2016 11 18 PYU007/PYU007_c_1_RTI/PYU007_c_1_RTI.xml	OBI_LIBRARY_ROOT:Thematic/Pyu/Burma_2016 copy/Zenodo ready/JM 2016 11 18 PYU007/PYU007_c_1_RTI/PYU007_c_1_RTI.xml	data/local/bibliography_sources/pyu007_c_1_rti-12681beedb89/PYU007_c_1_RTI.xml	0	PYU007_c_1_RTI	xml	medium	copied	2026-05-29T21:20:35.769933+00:00	
pyu007_c_2_rti-7b6ba35d48d3	7b6ba35d48d37a5bae1327390c4f293acd7b87a1a0d5b97d7913c5749bb79ee6	PYU007_c_2_RTI.xml	115405	OBI_LIBRARY_ROOT:Thematic/Pyu/Burma_2016 copy/Zenodo ready/JM 2016 11 18 PYU007/PYU007_c_2_RTI/PYU007_c_2_RTI.xml	OBI_LIBRARY_ROOT:Thematic/Pyu/Burma_2016 copy/Zenodo ready/JM 2016 11 18 PYU007/PYU007_c_2_RTI/PYU007_c_2_RTI.xml	data/local/bibliography_sources/pyu007_c_2_rti-7b6ba35d48d3/PYU007_c_2_RTI.xml	0	PYU007_c_2_RTI	xml	medium	copied	2026-05-29T21:20:35.776742+00:00	
pyu007_c_3_rti-c71a7f008848	c71a7f008848222d8eded0a6779d96749bdf26dfb3c33ee6efbdbbac39bb5e9f	PYU007_c_3_RTI.xml	102635	OBI_LIBRARY_ROOT:Thematic/Pyu/Burma_2016 copy/Zenodo ready/JM 2016 11 18 PYU007/PYU007_c_3_RTI/PYU007_c_3_RTI.xml	OBI_LIBRARY_ROOT:Thematic/Pyu/Burma_2016 copy/Zenodo ready/JM 2016 11 18 PYU007/PYU007_c_3_RTI/PYU007_c_3_RTI.xml	data/local/bibliography_sources/pyu007_c_3_rti-c71a7f008848/PYU007_c_3_RTI.xml	0	PYU007_c_3_RTI	xml	medium	copied	2026-05-29T21:20:35.772543+00:00	
pyu007_c_4_rti-32c8b7e1324b	32c8b7e1324b480f5c4a228d460ecd9449635fc068458570dcf34487ebcf0392	PYU007_c_4_RTI.xml	67143	OBI_LIBRARY_ROOT:Thematic/Pyu/Burma_2016 copy/Zenodo ready/JM 2016 11 18 PYU007/PYU007_c_4_RTI/PYU007_c_4_RTI.xml	OBI_LIBRARY_ROOT:Thematic/Pyu/Burma_2016 copy/Zenodo ready/JM 2016 11 18 PYU007/PYU007_c_4_RTI/PYU007_c_4_RTI.xml	data/local/bibliography_sources/pyu007_c_4_rti-32c8b7e1324b/PYU007_c_4_RTI.xml	0	PYU007_c_4_RTI	xml	medium	copied	2026-05-29T21:20:35.761912+00:00	
pyu007_c_5_rti-187621d41ff5	187621d41ff5c28d9434466b6c60bcbbed108257b823cb3228f8763e1bc17d73	PYU007_c_5_RTI.xml	67143	OBI_LIBRARY_ROOT:Thematic/Pyu/Burma_2016 copy/Zenodo ready/JM 2016 11 18 PYU007/PYU007_c_5_RTI/PYU007_c_5_RTI.xml	OBI_LIBRARY_ROOT:Thematic/Pyu/Burma_2016 copy/Zenodo ready/JM 2016 11 18 PYU007/PYU007_c_5_RTI/PYU007_c_5_RTI.xml	data/local/bibliography_sources/pyu007_c_5_rti-187621d41ff5/PYU007_c_5_RTI.xml	0	PYU007_c_5_RTI	xml	medium	copied	2026-05-29T21:20:35.759961+00:00	
pyu007_d_1_rti-b594dfe45b8b	b594dfe45b8b524ad8bd56675f44421c5893bd4b5563776623d52c5908f7397d	PYU007_d_1_RTI.xml	64262	OBI_LIBRARY_ROOT:Thematic/Pyu/Burma_2016 copy/Zenodo ready/JM 2016 11 18 PYU007/PYU007_d_1_RTI/PYU007_d_1_RTI.xml	OBI_LIBRARY_ROOT:Thematic/Pyu/Burma_2016 copy/Zenodo ready/JM 2016 11 18 PYU007/PYU007_d_1_RTI/PYU007_d_1_RTI.xml	data/local/bibliography_sources/pyu007_d_1_rti-b594dfe45b8b/PYU007_d_1_RTI.xml	0	PYU007_d_1_RTI	xml	medium	copied	2026-05-29T21:20:35.745211+00:00	
pyu007_d_2_rti-4ff108686034	4ff10868603434029c668c0b9d98db6d32367794a19908587b47e32174055e61	PYU007_d_2_RTI.xml	85715	OBI_LIBRARY_ROOT:Thematic/Pyu/Burma_2016 copy/Zenodo ready/JM 2016 11 18 PYU007/PYU007_d_2_RTI/PYU007_d_2_RTI.xml	OBI_LIBRARY_ROOT:Thematic/Pyu/Burma_2016 copy/Zenodo ready/JM 2016 11 18 PYU007/PYU007_d_2_RTI/PYU007_d_2_RTI.xml	data/local/bibliography_sources/pyu007_d_2_rti-4ff108686034/PYU007_d_2_RTI.xml	0	PYU007_d_2_RTI	xml	medium	copied	2026-05-29T21:20:35.740512+00:00	
pyu008_2_a_rti-61dfefc4a3c2	61dfefc4a3c2b25ac587b7122a0944d057aa364c28dd1f796a2a1e1bc5e1d16e	PYU008_2_a_RTI.xml	56774	OBI_LIBRARY_ROOT:Thematic/Pyu/Burma_2016 copy/Zenodo ready/JM 2016 11 18 PYU008/PYU008_a_RTI/PYU008_2_a_RTI.xml	OBI_LIBRARY_ROOT:Thematic/Pyu/Burma_2016 copy/Zenodo ready/JM 2016 11 18 PYU008/PYU008_a_RTI/PYU008_2_a_RTI.xml	data/local/bibliography_sources/pyu008_2_a_rti-61dfefc4a3c2/PYU008_2_a_RTI.xml	0	PYU008_a_RTI	xml	medium	copied	2026-05-29T21:20:35.733210+00:00	
pyu008_2_b_rti-67eb7a7381de	67eb7a7381de36fb813f9fbaa820f2b475e2a248e939f8b57a1ee82ccfc68efb	PYU008_2_b_RTI.xml	59212	OBI_LIBRARY_ROOT:Thematic/Pyu/Burma_2016 copy/Zenodo ready/JM 2016 11 18 PYU008/PYU008_b_RTI/PYU008_2_b_RTI.xml	OBI_LIBRARY_ROOT:Thematic/Pyu/Burma_2016 copy/Zenodo ready/JM 2016 11 18 PYU008/PYU008_b_RTI/PYU008_2_b_RTI.xml	data/local/bibliography_sources/pyu008_2_b_rti-67eb7a7381de/PYU008_2_b_RTI.xml	0	PYU008_b_RTI	xml	medium	copied	2026-05-29T21:20:35.727222+00:00	
pyu008_2_c_rti-5631950fa535	5631950fa535ddd6970c61666be2876734644dab6f37d08afabc12eab8333ae9	PYU008_2_c_RTI.xml	53918	OBI_LIBRARY_ROOT:Thematic/Pyu/Burma_2016 copy/Zenodo ready/JM 2016 11 18 PYU008/PYU008_c_RTI/PYU008_2_c_RTI.xml	OBI_LIBRARY_ROOT:Thematic/Pyu/Burma_2016 copy/Zenodo ready/JM 2016 11 18 PYU008/PYU008_c_RTI/PYU008_2_c_RTI.xml	data/local/bibliography_sources/pyu008_2_c_rti-5631950fa535/PYU008_2_c_RTI.xml	0	PYU008_c_RTI	xml	medium	copied	2026-05-29T21:20:35.730012+00:00	
pyu008_2_d_rti-de19533ae5ad	de19533ae5add90cad0719bf1bc0b3ba7da866f855bb51a1d67ca578e64881b6	PYU008_2_d_RTI.xml	66514	OBI_LIBRARY_ROOT:Thematic/Pyu/Burma_2016 copy/Zenodo ready/JM 2016 11 18 PYU008/PYU008_d_RTI/PYU008_2_d_RTI.xml	OBI_LIBRARY_ROOT:Thematic/Pyu/Burma_2016 copy/Zenodo ready/JM 2016 11 18 PYU008/PYU008_d_RTI/PYU008_2_d_RTI.xml	data/local/bibliography_sources/pyu008_2_d_rti-de19533ae5ad/PYU008_2_d_RTI.xml	0	PYU008_d_RTI	xml	medium	copied	2026-05-29T21:20:35.737128+00:00	
pyu010_rti_a-52d57e40fdb0	52d57e40fdb0b656aef446ecb10733e36f1b3ede56c385fa61c2306cb24a8fee	PYU010_RTI_a.xml	52872	OBI_LIBRARY_ROOT:Thematic/Pyu/Burma_2016 copy/Zenodo ready/JM 2016 11 20 PYU010/PYU010_RTI_a/PYU010_RTI_a.xml	OBI_LIBRARY_ROOT:Thematic/Pyu/Burma_2016 copy/Zenodo ready/JM 2016 11 20 PYU010/PYU010_RTI_a/PYU010_RTI_a.xml	data/local/bibliography_sources/pyu010_rti_a-52d57e40fdb0/PYU010_RTI_a.xml	0	PYU010_RTI_a	xml	medium	copied	2026-05-29T21:20:35.640892+00:00	
pyu010_rti_b-b0395b845eda	b0395b845edae0df450be7ae2973157b770ec560ae4f42a795370ba16ef6bf26	PYU010_RTI_b.xml	51489	OBI_LIBRARY_ROOT:Thematic/Pyu/Burma_2016 copy/Zenodo ready/JM 2016 11 20 PYU010/PYU010_RTI_b/PYU010_RTI_b.xml	OBI_LIBRARY_ROOT:Thematic/Pyu/Burma_2016 copy/Zenodo ready/JM 2016 11 20 PYU010/PYU010_RTI_b/PYU010_RTI_b.xml	data/local/bibliography_sources/pyu010_rti_b-b0395b845eda/PYU010_RTI_b.xml	0	PYU010_RTI_b	xml	medium	copied	2026-05-29T21:20:35.637777+00:00	
pyu011_1_b_rti-8e8e20bec5ea	8e8e20bec5ea8b84a386fc74aa1b03b2ba2e88d519f32a847c42b7a6b863f33c	PYU011_1_B_RTI.xml	98158	OBI_LIBRARY_ROOT:Thematic/Pyu/Burma_2016 copy/Zenodo ready/JM 2016 11 18 PYU011/PYU011_1_b_RTI/PYU011_1_B_RTI.xml	OBI_LIBRARY_ROOT:Thematic/Pyu/Burma_2016 copy/Zenodo ready/JM 2016 11 18 PYU011/PYU011_1_b_RTI/PYU011_1_B_RTI.xml	data/local/bibliography_sources/pyu011_1_b_rti-8e8e20bec5ea/PYU011_1_B_RTI.xml	0	PYU011_1_b_RTI	xml	medium	copied	2026-05-29T21:20:35.569542+00:00	
pyu011_1_a_rti-a34727ce194d	a34727ce194d69387d8660bfeaf1bb42b58148310a3cbb5c3ede97d56dfbf547	PYU011_1_a_RTI.xml	65564	OBI_LIBRARY_ROOT:Thematic/Pyu/Burma_2016 copy/Zenodo ready/JM 2016 11 18 PYU011/PYU011_1_a_RTI/PYU011_1_a_RTI.xml	OBI_LIBRARY_ROOT:Thematic/Pyu/Burma_2016 copy/Zenodo ready/JM 2016 11 18 PYU011/PYU011_1_a_RTI/PYU011_1_a_RTI.xml	data/local/bibliography_sources/pyu011_1_a_rti-a34727ce194d/PYU011_1_a_RTI.xml	0	PYU011_1_a_RTI	xml	medium	copied	2026-05-29T21:20:35.566815+00:00	
pyu012-c2bf02271cc7	c2bf02271cc7d18398b376a08c8be74f5e80bc6a2d5a32dad6665b65276d2edd	PYU012.xml	67971	OBI_LIBRARY_ROOT:Thematic/Pyu/Burma_2016 copy/Zenodo ready/JM 2016 11 14 PYU012/JM 2016 11 14 PYU012_RTI/PYU012.xml	OBI_LIBRARY_ROOT:Thematic/Pyu/Burma_2016 copy/Zenodo ready/JM 2016 11 14 PYU012/JM 2016 11 14 PYU012_RTI/PYU012.xml	data/local/bibliography_sources/pyu012-c2bf02271cc7/PYU012.xml	0	JM 2016 11 14 PYU012_RTI	xml	medium	copied	2026-05-29T21:20:35.692101+00:00	
pyu016_rti_a-fff72336ce4e	fff72336ce4ef18b2ba3827f999d2454266c80529ebdc6d791106b12ff13dd3b	PYU016_RTI_a.xml	55407	OBI_LIBRARY_ROOT:Thematic/Pyu/Burma_2016 copy/Zenodo ready/JM 2016 11 24 PYU016/PYU016_RTI_a/PYU016_RTI_a.xml	OBI_LIBRARY_ROOT:Thematic/Pyu/Burma_2016 copy/Zenodo ready/JM 2016 11 24 PYU016/PYU016_RTI_a/PYU016_RTI_a.xml	data/local/bibliography_sources/pyu016_rti_a-fff72336ce4e/PYU016_RTI_a.xml	0	PYU016_RTI_a	xml	medium	copied	2026-05-29T21:20:35.682669+00:00	
pyu016_rti_b-472d92c6ca7c	472d92c6ca7cd50244fcbbbfd789daa6638c16bb6c22f27a8b460a3d723f06f2	PYU016_RTI_b.xml	50114	OBI_LIBRARY_ROOT:Thematic/Pyu/Burma_2016 copy/Zenodo ready/JM 2016 11 24 PYU016/PYU016_RTI_b/PYU016_RTI_b.xml	OBI_LIBRARY_ROOT:Thematic/Pyu/Burma_2016 copy/Zenodo ready/JM 2016 11 24 PYU016/PYU016_RTI_b/PYU016_RTI_b.xml	data/local/bibliography_sources/pyu016_rti_b-472d92c6ca7c/PYU016_RTI_b.xml	0	PYU016_RTI_b	xml	medium	copied	2026-05-29T21:20:35.680557+00:00	
pyu016_rti_c-e00a56c11614	e00a56c1161466baa279bb377ec6ca9d8e51ea311f2650944813a4f5b5867ef5	PYU016_RTI_c.xml	51879	OBI_LIBRARY_ROOT:Thematic/Pyu/Burma_2016 copy/Zenodo ready/JM 2016 11 24 PYU016/PYU016_RTI_c/PYU016_RTI_c.xml	OBI_LIBRARY_ROOT:Thematic/Pyu/Burma_2016 copy/Zenodo ready/JM 2016 11 24 PYU016/PYU016_RTI_c/PYU016_RTI_c.xml	data/local/bibliography_sources/pyu016_rti_c-e00a56c11614/PYU016_RTI_c.xml	0	PYU016_RTI_c	xml	medium	copied	2026-05-29T21:20:35.678595+00:00	
pyu016_rti_d-413eb1ec5628	413eb1ec56286c4cf63a09f19c2727a8aefb58b69259d6571d5e2ceefb83e341	PYU016_RTI_d.xml	55736	OBI_LIBRARY_ROOT:Thematic/Pyu/Burma_2016 copy/Zenodo ready/JM 2016 11 24 PYU016/PYU016_RTI_d/PYU016_RTI_d.xml	OBI_LIBRARY_ROOT:Thematic/Pyu/Burma_2016 copy/Zenodo ready/JM 2016 11 24 PYU016/PYU016_RTI_d/PYU016_RTI_d.xml	data/local/bibliography_sources/pyu016_rti_d-413eb1ec5628/PYU016_RTI_d.xml	0	PYU016_RTI_d	xml	medium	copied	2026-05-29T21:20:35.676784+00:00	
pyu017-9a325b8de1d9	9a325b8de1d9035a546df04f79c73303d108615f2457a58640320fc0da4ff74a	PYU017.xml	94988	OBI_LIBRARY_ROOT:Thematic/Pyu/Burma_2016 copy/Zenodo ready/JM 2016 11 16 PYU017/PYU017_RTI/PYU017.xml	OBI_LIBRARY_ROOT:Thematic/Pyu/Burma_2016 copy/Zenodo ready/JM 2016 11 16 PYU017/PYU017_RTI/PYU017.xml	data/local/bibliography_sources/pyu017-9a325b8de1d9/PYU017.xml	0	PYU017_RTI	xml	medium	copied	2026-05-29T21:20:35.643921+00:00	
pyu022_rti-f92ac5051fd6	f92ac5051fd62155d1eb4804fdadc784670c3faed1dc06138f1acd75eead2723	PYU022_RTI.xml	61213	OBI_LIBRARY_ROOT:Thematic/Pyu/Burma_2016 copy/Zenodo ready/JM 2016 11 24 PYU022/PYU022_RTI/PYU022_RTI.xml	OBI_LIBRARY_ROOT:Thematic/Pyu/Burma_2016 copy/Zenodo ready/JM 2016 11 24 PYU022/PYU022_RTI/PYU022_RTI.xml	data/local/bibliography_sources/pyu022_rti-f92ac5051fd6/PYU022_RTI.xml	0	PYU022_RTI	xml	medium	copied	2026-05-29T21:20:35.708354+00:00	
pyu023_a_rti-6df2e19f9e91	6df2e19f9e910f4b4d808a9a66ea662f6ba1ab9ceceafa3d4f7e3e5c744e1fdd	PYU023_a_RTI.xml	45779	OBI_LIBRARY_ROOT:Thematic/Pyu/Burma_2016 copy/Zenodo ready/JM 2016 11 22 PYU023/PYU023_a_RTI/PYU023_a_RTI.xml	OBI_LIBRARY_ROOT:Thematic/Pyu/Burma_2016 copy/Zenodo ready/JM 2016 11 22 PYU023/PYU023_a_RTI/PYU023_a_RTI.xml	data/local/bibliography_sources/pyu023_a_rti-6df2e19f9e91/PYU023_a_RTI.xml	0	PYU023_a_RTI	xml	medium	copied	2026-05-29T21:20:35.698203+00:00	
pyu023_b_rti-dc1d80970ecc	dc1d80970ecc134523f52eb27885fef0a8b82d7e65ae92e4bd97eb25206f9cdb	PYU023_b_RTI.xml	31308	OBI_LIBRARY_ROOT:Thematic/Pyu/Burma_2016 copy/Zenodo ready/JM 2016 11 22 PYU023/PYU023_b_RTI/PYU023_b_RTI.xml	OBI_LIBRARY_ROOT:Thematic/Pyu/Burma_2016 copy/Zenodo ready/JM 2016 11 22 PYU023/PYU023_b_RTI/PYU023_b_RTI.xml	data/local/bibliography_sources/pyu023_b_rti-dc1d80970ecc/PYU023_b_RTI.xml	0	PYU023_b_RTI	xml	medium	copied	2026-05-29T21:20:35.703670+00:00	
pyu023_c_rti-5cd4374ce930	5cd4374ce93024dde957550c7c4cfb7d65ebb3b4224f863b171b2d032b98cce3	PYU023_c_RTI.xml	39870	OBI_LIBRARY_ROOT:Thematic/Pyu/Burma_2016 copy/Zenodo ready/JM 2016 11 22 PYU023/PYU023_c_RTI/PYU023_c_RTI.xml	OBI_LIBRARY_ROOT:Thematic/Pyu/Burma_2016 copy/Zenodo ready/JM 2016 11 22 PYU023/PYU023_c_RTI/PYU023_c_RTI.xml	data/local/bibliography_sources/pyu023_c_rti-5cd4374ce930/PYU023_c_RTI.xml	0	PYU023_c_RTI	xml	medium	copied	2026-05-29T21:20:35.701560+00:00	
pyu023_d_rti-8baf5e4a68dd	8baf5e4a68dd839b81dfc3cd1b46bb40ccd08042febbaacbfb84f8ffed49fdd9	PYU023_d_RTI.xml	35620	OBI_LIBRARY_ROOT:Thematic/Pyu/Burma_2016 copy/Zenodo ready/JM 2016 11 22 PYU023/PYU023_d_RTI/PYU023_d_RTI.xml	OBI_LIBRARY_ROOT:Thematic/Pyu/Burma_2016 copy/Zenodo ready/JM 2016 11 22 PYU023/PYU023_d_RTI/PYU023_d_RTI.xml	data/local/bibliography_sources/pyu023_d_rti-8baf5e4a68dd/PYU023_d_RTI.xml	0	PYU023_d_RTI	xml	medium	copied	2026-05-29T21:20:35.695329+00:00	
pyu025_rti-1b60b7036dd8	1b60b7036dd8ebc93426e0a62745be950f6566fe9737b168a8a6db278832e554	PYU025_RTI.xml	43201	OBI_LIBRARY_ROOT:Thematic/Pyu/Burma_2016 copy/Zenodo ready/JM 2016 11 20 PYU025/PYU025_RTI/PYU025_RTI.xml	OBI_LIBRARY_ROOT:Thematic/Pyu/Burma_2016 copy/Zenodo ready/JM 2016 11 20 PYU025/PYU025_RTI/PYU025_RTI.xml	data/local/bibliography_sources/pyu025_rti-1b60b7036dd8/PYU025_RTI.xml	0	PYU025_RTI	xml	medium	copied	2026-05-29T21:20:35.705639+00:00	
pyu027-1cfe11538a90	1cfe11538a90cf55882521cf6b9e010401cc005eb9539ab4d2a37a644bcb4661	PYU027.xml	66908	OBI_LIBRARY_ROOT:Thematic/Pyu/Burma_2016 copy/Zenodo ready/JM 2016 11 16 PYU027_RTI/PYU027.xml	OBI_LIBRARY_ROOT:Thematic/Pyu/Burma_2016 copy/Zenodo ready/JM 2016 11 16 PYU027_RTI/PYU027.xml	data/local/bibliography_sources/pyu027-1cfe11538a90/PYU027.xml	0	JM 2016 11 16 PYU027_RTI	xml	medium	copied	2026-05-29T21:20:35.686010+00:00	
pyu028_a_1_rti-22aff6984fdd	22aff6984fdd45c414ffbd9edf59a8af9d72019234719debbcb9aa506a20bb4a	PYU028_a_1_RTI.xml	61542	OBI_LIBRARY_ROOT:Thematic/Pyu/Burma_2016 copy/Zenodo ready/JM 2016 11 20 PYU028/PYU028_a_1_RTI/PYU028_a_1_RTI.xml	OBI_LIBRARY_ROOT:Thematic/Pyu/Burma_2016 copy/Zenodo ready/JM 2016 11 20 PYU028/PYU028_a_1_RTI/PYU028_a_1_RTI.xml	data/local/bibliography_sources/pyu028_a_1_rti-22aff6984fdd/PYU028_a_1_RTI.xml	0	PYU028_a_1_RTI	xml	medium	copied	2026-05-29T21:20:35.629652+00:00	
pyu028_a_2_rti-6b66113426df	6b66113426df7a7f0587a3dad41da6a43047fb700bb831c9afb264aea2619a37	PYU028_a_2_RTI.xml	57809	OBI_LIBRARY_ROOT:Thematic/Pyu/Burma_2016 copy/Zenodo ready/JM 2016 11 20 PYU028/PYU028_a_2_RTI/PYU028_a_2_RTI.xml	OBI_LIBRARY_ROOT:Thematic/Pyu/Burma_2016 copy/Zenodo ready/JM 2016 11 20 PYU028/PYU028_a_2_RTI/PYU028_a_2_RTI.xml	data/local/bibliography_sources/pyu028_a_2_rti-6b66113426df/PYU028_a_2_RTI.xml	0	PYU028_a_2_RTI	xml	medium	copied	2026-05-29T21:20:35.624471+00:00	
pyu028_a_3_rti-a8f5d3e94bf9	a8f5d3e94bf901252afa28281489ab9ba5ae63a0b4df9244f3e49be5f89259e4	PYU028_a_3_RTI.xml	46582	OBI_LIBRARY_ROOT:Thematic/Pyu/Burma_2016 copy/Zenodo ready/JM 2016 11 20 PYU028/PYU028_a_3_RTI/PYU028_a_3_RTI.xml	OBI_LIBRARY_ROOT:Thematic/Pyu/Burma_2016 copy/Zenodo ready/JM 2016 11 20 PYU028/PYU028_a_3_RTI/PYU028_a_3_RTI.xml	data/local/bibliography_sources/pyu028_a_3_rti-a8f5d3e94bf9/PYU028_a_3_RTI.xml	0	PYU028_a_3_RTI	xml	medium	copied	2026-05-29T21:20:35.622275+00:00	
pyu028_a_4_rti-9f88a650af60	9f88a650af6033cb4b032d7d26bd4127d37a42d804c2100216eea7a1bc5fe0c1	PYU028_a_4_RTI.xml	52409	OBI_LIBRARY_ROOT:Thematic/Pyu/Burma_2016 copy/Zenodo ready/JM 2016 11 20 PYU028/PYU028_a_4_RTI/PYU028_a_4_RTI.xml	OBI_LIBRARY_ROOT:Thematic/Pyu/Burma_2016 copy/Zenodo ready/JM 2016 11 20 PYU028/PYU028_a_4_RTI/PYU028_a_4_RTI.xml	data/local/bibliography_sources/pyu028_a_4_rti-9f88a650af60/PYU028_a_4_RTI.xml	0	PYU028_a_4_RTI	xml	medium	copied	2026-05-29T21:20:35.610918+00:00	
pyu028_a_5_rti-4d4a4d100ff2	4d4a4d100ff29abc61031fcd23e600bf7f287f16017386ebf6f6515638f6ed46	PYU028_a_5_RTI.xml	52947	OBI_LIBRARY_ROOT:Thematic/Pyu/Burma_2016 copy/Zenodo ready/JM 2016 11 20 PYU028/PYU028_a_5_RTI/PYU028_a_5_RTI.xml	OBI_LIBRARY_ROOT:Thematic/Pyu/Burma_2016 copy/Zenodo ready/JM 2016 11 20 PYU028/PYU028_a_5_RTI/PYU028_a_5_RTI.xml	data/local/bibliography_sources/pyu028_a_5_rti-4d4a4d100ff2/PYU028_a_5_RTI.xml	0	PYU028_a_5_RTI	xml	medium	copied	2026-05-29T21:20:35.605886+00:00	
pyu028_b_1_rti-c314493f9063	c314493f9063a0977a10c355c8c9837fe0586b179c892c8c90213ded3eef60d1	PYU028_b_1_RTI.xml	55654	OBI_LIBRARY_ROOT:Thematic/Pyu/Burma_2016 copy/Zenodo ready/JM 2016 11 20 PYU028/PYU028_b_1_RTI/PYU028_b_1_RTI.xml	OBI_LIBRARY_ROOT:Thematic/Pyu/Burma_2016 copy/Zenodo ready/JM 2016 11 20 PYU028/PYU028_b_1_RTI/PYU028_b_1_RTI.xml	data/local/bibliography_sources/pyu028_b_1_rti-c314493f9063/PYU028_b_1_RTI.xml	0	PYU028_b_1_RTI	xml	medium	copied	2026-05-29T21:20:35.603361+00:00	
pyu028_b_2_rti-3f8822162620	3f88221626204f0937cd927e38f080c07d0ca88796724e321f1313cec6c8e95c	PYU028_b_2_RTI.xml	54556	OBI_LIBRARY_ROOT:Thematic/Pyu/Burma_2016 copy/Zenodo ready/JM 2016 11 20 PYU028/PYU028_b_2_RTI/PYU028_b_2_RTI.xml	OBI_LIBRARY_ROOT:Thematic/Pyu/Burma_2016 copy/Zenodo ready/JM 2016 11 20 PYU028/PYU028_b_2_RTI/PYU028_b_2_RTI.xml	data/local/bibliography_sources/pyu028_b_2_rti-3f8822162620/PYU028_b_2_RTI.xml	0	PYU028_b_2_RTI	xml	medium	copied	2026-05-29T21:20:35.595613+00:00	
pyu028_b_3_rti-6f52362aa5c6	6f52362aa5c65f3ff442c438880d27486751201170d291679b93a9ada2e2897b	PYU028_b_3_RTI.xml	57604	OBI_LIBRARY_ROOT:Thematic/Pyu/Burma_2016 copy/Zenodo ready/JM 2016 11 20 PYU028/PYU028_b_3_RTI/PYU028_b_3_RTI.xml	OBI_LIBRARY_ROOT:Thematic/Pyu/Burma_2016 copy/Zenodo ready/JM 2016 11 20 PYU028/PYU028_b_3_RTI/PYU028_b_3_RTI.xml	data/local/bibliography_sources/pyu028_b_3_rti-6f52362aa5c6/PYU028_b_3_RTI.xml	0	PYU028_b_3_RTI	xml	medium	copied	2026-05-29T21:20:35.600016+00:00	
pyu028_c_1_rti-47fca6df0147	47fca6df0147d63d6cb6d035fc2c22e18c747ad8f229d709de80f57843cabfad	PYU028_c_1_RTI.xml	65646	OBI_LIBRARY_ROOT:Thematic/Pyu/Burma_2016 copy/Zenodo ready/JM 2016 11 20 PYU028/PYU028_c_1_RTI/PYU028_c_1_RTI.xml	OBI_LIBRARY_ROOT:Thematic/Pyu/Burma_2016 copy/Zenodo ready/JM 2016 11 20 PYU028/PYU028_c_1_RTI/PYU028_c_1_RTI.xml	data/local/bibliography_sources/pyu028_c_1_rti-47fca6df0147/PYU028_c_1_RTI.xml	0	PYU028_c_1_RTI	xml	medium	copied	2026-05-29T21:20:35.620054+00:00	
pyu028_c_2_rti-67956869cb25	67956869cb25153486c257694f3bd877b1f23c0abcf8007cad46523ec2c6195d	PYU028_c_2_RTI.xml	70783	OBI_LIBRARY_ROOT:Thematic/Pyu/Burma_2016 copy/Zenodo ready/JM 2016 11 20 PYU028/PYU028_c_2_RTI/PYU028_c_2_RTI.xml	OBI_LIBRARY_ROOT:Thematic/Pyu/Burma_2016 copy/Zenodo ready/JM 2016 11 20 PYU028/PYU028_c_2_RTI/PYU028_c_2_RTI.xml	data/local/bibliography_sources/pyu028_c_2_rti-67956869cb25/PYU028_c_2_RTI.xml	0	PYU028_c_2_RTI	xml	medium	copied	2026-05-29T21:20:35.626485+00:00	
pyu028_c_3_rti-c667a308791f	c667a308791f757b6c27986b5af137d266efff95d2868036820b051db69850c2	PYU028_c_3_RTI.xml	40131	OBI_LIBRARY_ROOT:Thematic/Pyu/Burma_2016 copy/Zenodo ready/JM 2016 11 20 PYU028/PYU028_c_3_RTI/PYU028_c_3_RTI.xml	OBI_LIBRARY_ROOT:Thematic/Pyu/Burma_2016 copy/Zenodo ready/JM 2016 11 20 PYU028/PYU028_c_3_RTI/PYU028_c_3_RTI.xml	data/local/bibliography_sources/pyu028_c_3_rti-c667a308791f/PYU028_c_3_RTI.xml	0	PYU028_c_3_RTI	xml	medium	copied	2026-05-29T21:20:35.634781+00:00	
pyu028_d_1_rti-794905b7e27f	794905b7e27f121ca3d303000e1896afc21601c329a753530baa56159d91fe59	PYU028_d_1_RTI.xml	46370	OBI_LIBRARY_ROOT:Thematic/Pyu/Burma_2016 copy/Zenodo ready/JM 2016 11 20 PYU028/PYU028_d_1_RTI/PYU028_d_1_RTI.xml	OBI_LIBRARY_ROOT:Thematic/Pyu/Burma_2016 copy/Zenodo ready/JM 2016 11 20 PYU028/PYU028_d_1_RTI/PYU028_d_1_RTI.xml	data/local/bibliography_sources/pyu028_d_1_rti-794905b7e27f/PYU028_d_1_RTI.xml	0	PYU028_d_1_RTI	xml	medium	copied	2026-05-29T21:20:35.593009+00:00	
pyu028_d_2_rti-ee3f170316d1	ee3f170316d19628484088d1165376705a52dd3b9a5873d254f2b3f72c63e013	PYU028_d_2_RTI.xml	49967	OBI_LIBRARY_ROOT:Thematic/Pyu/Burma_2016 copy/Zenodo ready/JM 2016 11 20 PYU028/PYU028_d_2_RTI/PYU028_d_2_RTI.xml	OBI_LIBRARY_ROOT:Thematic/Pyu/Burma_2016 copy/Zenodo ready/JM 2016 11 20 PYU028/PYU028_d_2_RTI/PYU028_d_2_RTI.xml	data/local/bibliography_sources/pyu028_d_2_rti-ee3f170316d1/PYU028_d_2_RTI.xml	0	PYU028_d_2_RTI	xml	medium	copied	2026-05-29T21:20:35.588152+00:00	
pyu028_d_3_rti-024951e64474	024951e64474a49b15c88d29d37582faebee1a2be7958eb937b71ba6bcb06cf8	PYU028_d_3_RTI.xml	43886	OBI_LIBRARY_ROOT:Thematic/Pyu/Burma_2016 copy/Zenodo ready/JM 2016 11 20 PYU028/PYU028_d_3_RTI/PYU028_d_3_RTI.xml	OBI_LIBRARY_ROOT:Thematic/Pyu/Burma_2016 copy/Zenodo ready/JM 2016 11 20 PYU028/PYU028_d_3_RTI/PYU028_d_3_RTI.xml	data/local/bibliography_sources/pyu028_d_3_rti-024951e64474/PYU028_d_3_RTI.xml	0	PYU028_d_3_RTI	xml	medium	copied	2026-05-29T21:20:35.590380+00:00	
pyu028_e_1_rti-51c3d92669bc	51c3d92669bc045ee88c89ac0a1203b066a6220c9474cd5f9ea66d8c8d2d56f6	PYU028_e_1_RTI.xml	43681	OBI_LIBRARY_ROOT:Thematic/Pyu/Burma_2016 copy/Zenodo ready/JM 2016 11 20 PYU028/PYU028_e_1_RTI/PYU028_e_1_RTI.xml	OBI_LIBRARY_ROOT:Thematic/Pyu/Burma_2016 copy/Zenodo ready/JM 2016 11 20 PYU028/PYU028_e_1_RTI/PYU028_e_1_RTI.xml	data/local/bibliography_sources/pyu028_e_1_rti-51c3d92669bc/PYU028_e_1_RTI.xml	0	PYU028_e_1_RTI	xml	medium	copied	2026-05-29T21:20:35.608558+00:00	
pyu028_e_2_rti-3f7bad5e2730	3f7bad5e2730f65590346cb88a7c692dfd917c500b2365941ffb65fdefbc6288	PYU028_e_2_RTI.xml	53147	OBI_LIBRARY_ROOT:Thematic/Pyu/Burma_2016 copy/Zenodo ready/JM 2016 11 20 PYU028/PYU028_e_2_RTI/PYU028_e_2_RTI.xml	OBI_LIBRARY_ROOT:Thematic/Pyu/Burma_2016 copy/Zenodo ready/JM 2016 11 20 PYU028/PYU028_e_2_RTI/PYU028_e_2_RTI.xml	data/local/bibliography_sources/pyu028_e_2_rti-3f7bad5e2730/PYU028_e_2_RTI.xml	0	PYU028_e_2_RTI	xml	medium	copied	2026-05-29T21:20:35.613272+00:00	
pyu028_e_3_rti-014e4898e736	014e4898e73622fbd3adffe89750a7e7332f305daf8bc55afd9bb974a7b2c8aa	PYU028_e_3_RTI.xml	63348	OBI_LIBRARY_ROOT:Thematic/Pyu/Burma_2016 copy/Zenodo ready/JM 2016 11 20 PYU028/PYU028_e_3_RTI/PYU028_e_3_RTI.xml	OBI_LIBRARY_ROOT:Thematic/Pyu/Burma_2016 copy/Zenodo ready/JM 2016 11 20 PYU028/PYU028_e_3_RTI/PYU028_e_3_RTI.xml	data/local/bibliography_sources/pyu028_e_3_rti-014e4898e736/PYU028_e_3_RTI.xml	0	PYU028_e_3_RTI	xml	medium	copied	2026-05-29T21:20:35.616752+00:00	
pyu029_rti-d737a9371f61	d737a9371f617ba4d407d99ee64562af4dc408d982fdfeb4a878cf7c330602eb	PYU029_RTI.xml	90558	OBI_LIBRARY_ROOT:Thematic/Pyu/Burma_2016 copy/Zenodo ready/JM 2016 11 20 PYU029/PYU029_RTI/PYU029_RTI.xml	OBI_LIBRARY_ROOT:Thematic/Pyu/Burma_2016 copy/Zenodo ready/JM 2016 11 20 PYU029/PYU029_RTI/PYU029_RTI.xml	data/local/bibliography_sources/pyu029_rti-d737a9371f61/PYU029_RTI.xml	0	PYU029_RTI	xml	medium	copied	2026-05-29T21:20:35.572162+00:00	
pyu035a-6d148cbbd286	6d148cbbd286fc11f6b3dc53e8c7d54d1a44b001c1642e7967565dca1f36cd55	PYU035a.xml	79630	OBI_LIBRARY_ROOT:Thematic/Pyu/Burma_2016 copy/Zenodo ready/JM 2016 11 16 PYU035/PYU035_a_RTI/PYU035a.xml	OBI_LIBRARY_ROOT:Thematic/Pyu/Burma_2016 copy/Zenodo ready/JM 2016 11 16 PYU035/PYU035_a_RTI/PYU035a.xml	data/local/bibliography_sources/pyu035a-6d148cbbd286/PYU035a.xml	0	PYU035_a_RTI	xml	medium	copied	2026-05-29T21:20:35.674751+00:00	
pyu035b-7bcfad9f1929	7bcfad9f1929f8d06e1d5426b5b97c527058f1652a634f37d940ab44b148de16	PYU035b.xml	100293	OBI_LIBRARY_ROOT:Thematic/Pyu/Burma_2016 copy/Zenodo ready/JM 2016 11 16 PYU035/PYU035_b_RTI/PYU035b.xml	OBI_LIBRARY_ROOT:Thematic/Pyu/Burma_2016 copy/Zenodo ready/JM 2016 11 16 PYU035/PYU035_b_RTI/PYU035b.xml	data/local/bibliography_sources/pyu035b-7bcfad9f1929/PYU035b.xml	0	PYU035_b_RTI	xml	medium	copied	2026-05-29T21:20:35.672015+00:00	
pyu037-a81753bfcac2	a81753bfcac2e58e9bdd964a706afc9ded0ac1116431fcac3533972412f0d1fc	PYU037.xml	73301	OBI_LIBRARY_ROOT:Thematic/Pyu/Burma_2016 copy/Zenodo ready/JM 2016 11 13 PYU037/JM 2016 11 13 PYU037_relief/PYU037_RTI/PYU037.xml	OBI_LIBRARY_ROOT:Thematic/Pyu/Burma_2016 copy/Zenodo ready/JM 2016 11 13 PYU037/JM 2016 11 13 PYU037_RTI/PYU037.xml | OBI_LIBRARY_ROOT:Thematic/Pyu/Burma_2016 copy/Zenodo ready/JM 2016 11 13 PYU037/JM 2016 11 13 PYU037_relief/PYU037_RTI/PYU037.xml	data/local/bibliography_sources/pyu037-a81753bfcac2/PYU037.xml	1	JM 2016 11 13 PYU037_RTI | PYU037_RTI	xml	medium	copied	2026-05-29T21:20:35.582396+00:00	
pyu039_b_rti_small6-26063806c32f	26063806c32ff7a921f14a4e11e0de0163f27e1610e8efab1901ee53c6f4bce4	PYU039_b_RTI_small6.xml	57329	OBI_LIBRARY_ROOT:Thematic/Pyu/Burma_2016 copy/Zenodo ready/JM 2016 11 17 PYU039/PYU039_b_RTI_small6/PYU039_b_RTI_small6.xml	OBI_LIBRARY_ROOT:Thematic/Pyu/Burma_2016 copy/Zenodo ready/JM 2016 11 17 PYU039/PYU039_b_RTI_small6/PYU039_b_RTI_small6.xml	data/local/bibliography_sources/pyu039_b_rti_small6-26063806c32f/PYU039_b_RTI_small6.xml	0	PYU039_b_RTI_small6	xml	medium	copied	2026-05-29T21:20:35.659032+00:00	
pyu040_a-b3afa9d9bff5	b3afa9d9bff5e2fe543c2e72554601d6278d999a3f5727a02f4909ef0b82c5ad	PYU040_a.xml	101660	OBI_LIBRARY_ROOT:Thematic/Pyu/Burma_2016 copy/Zenodo ready/JM 2016 11 12 PYU040/JM 2016 11 12 PYU040_A_RTI/finished-files/PYU040_a.xml	OBI_LIBRARY_ROOT:Thematic/Pyu/Burma_2016 copy/Zenodo ready/JM 2016 11 12 PYU040/JM 2016 11 12 PYU040_A_RTI/finished-files/PYU040_a.xml	data/local/bibliography_sources/pyu040_a-b3afa9d9bff5/PYU040_a.xml	0	finished-files	xml	medium	copied	2026-05-29T21:20:35.712107+00:00	
pyu040_b-2cb89eb35774	2cb89eb357747319eb21e582d5c4db7bc9ec89630facbf955b98c511e0ae4061	PYU040_b.xml	90667	OBI_LIBRARY_ROOT:Thematic/Pyu/Burma_2016 copy/Zenodo ready/JM 2016 11 12 PYU040/JM 2016 11 12 PYU040_B_RTI/PYU040_b.xml	OBI_LIBRARY_ROOT:Thematic/Pyu/Burma_2016 copy/Zenodo ready/JM 2016 11 12 PYU040/JM 2016 11 12 PYU040_B_RTI/PYU040_b.xml	data/local/bibliography_sources/pyu040_b-2cb89eb35774/PYU040_b.xml	0	JM 2016 11 12 PYU040_B_RTI	xml	medium	copied	2026-05-29T21:20:35.716139+00:00	
pyu042_rti-fb48f970d83c	fb48f970d83ca7ce3c0ecc60e1250a96046b221f2aac13f9a162a217354be01e	PYU042_RTI.xml	40485	OBI_LIBRARY_ROOT:Thematic/Pyu/Burma_2016 copy/Zenodo ready/JM 2016 11 20 PYU042/PYU042_RTI/PYU042_RTI.xml	OBI_LIBRARY_ROOT:Thematic/Pyu/Burma_2016 copy/Zenodo ready/JM 2016 11 20 PYU042/PYU042_RTI/PYU042_RTI.xml	data/local/bibliography_sources/pyu042_rti-fb48f970d83c/PYU042_RTI.xml	0	PYU042_RTI	xml	medium	copied	2026-05-29T21:20:35.584933+00:00	
pyu060_rti-0406b2491e07	0406b2491e075180916ef15da040594b152fb928185d78ddb51ca5cfc93370d1	PYU060_RTI.xml	73868	OBI_LIBRARY_ROOT:Thematic/Pyu/Burma_2016 copy/Zenodo ready/JM 2016 11 16 PYU060/PYU060_RTI/PYU060_RTI.xml	OBI_LIBRARY_ROOT:Thematic/Pyu/Burma_2016 copy/Zenodo ready/JM 2016 11 16 PYU060/PYU060_RTI/PYU060_RTI.xml	data/local/bibliography_sources/pyu060_rti-0406b2491e07/PYU060_RTI.xml	0	PYU060_RTI	xml	medium	copied	2026-05-29T21:20:35.689332+00:00	
pyu064-4dcf5d13e007	4dcf5d13e00740af64a6c1db617208b078dc231cf6138386bb23101d0c17f117	PYU064.xml	76655	OBI_LIBRARY_ROOT:Thematic/Pyu/Burma_2016 copy/Zenodo ready/JM 2016 11 14 PYU064/JM 2016 11 14 PYU064_RTI/PYU064.xml	OBI_LIBRARY_ROOT:Thematic/Pyu/Burma_2016 copy/Zenodo ready/JM 2016 11 14 PYU064/JM 2016 11 14 PYU064_RTI/PYU064.xml	data/local/bibliography_sources/pyu064-4dcf5d13e007/PYU064.xml	0	JM 2016 11 14 PYU064_RTI	xml	medium	copied	2026-05-29T21:20:35.724081+00:00	
pyu096-9aeb0734f194	9aeb0734f194a9833035a44d702e686e9c04b35bdf1abe693dcaff4dbdae7234	PYU096.xml	94610	OBI_LIBRARY_ROOT:Thematic/Pyu/Burma_2016 copy/Zenodo ready/JM 2016 11 16 PYU001/PYU001_RTI/PYU096.xml	OBI_LIBRARY_ROOT:Thematic/Pyu/Burma_2016 copy/Zenodo ready/JM 2016 11 16 PYU001/PYU001_RTI/PYU096.xml	data/local/bibliography_sources/pyu096-9aeb0734f194/PYU096.xml	0	PYU001_RTI	xml	medium	copied	2026-05-29T21:20:35.720455+00:00	
pa_sangs_dbang_1982_gsar_du_ruyed_pai_bt-f87a4753180f	f87a4753180f8853d2a5ece88a599c8d031a82f7de18c80444e0cd849ca09cee	Pa Sangs Dbang 1982 Gsar du ruyed pai btsan.pdf	516500	OBI_LIBRARY_ROOT:Authors alphabetical/inscription articles/Pa Sangs Dbang 1982 Gsar du ruyed pai btsan.pdf	OBI_LIBRARY_ROOT:Authors alphabetical/inscription articles/Pa Sangs Dbang 1982 Gsar du ruyed pai btsan.pdf	data/local/bibliography_sources/pa_sangs_dbang_1982_gsar_du_ruyed_pai_bt-f87a4753180f/Pa Sangs Dbang 1982 Gsar du ruyed pai btsan.pdf	0	inscription articles	pdf	medium	copied	2026-05-29T20:59:16.457244+00:00	
pa_tshab_pa_1997_gsar_du_rnyed_pai_khrom-4700e973a70f	4700e973a70fbb240611d6a60da8850f150af1e1147d212cb31baf2e276711ce	Pa Tshab Pa 1997 Gsar du rnyed pai khrom chen.pdf	920613	OBI_LIBRARY_ROOT:Authors alphabetical/inscription articles/Pa Tshab Pa 1997 Gsar du rnyed pai khrom chen.pdf	OBI_LIBRARY_ROOT:Authors alphabetical/inscription articles/Pa Tshab Pa 1997 Gsar du rnyed pai khrom chen.pdf	data/local/bibliography_sources/pa_tshab_pa_1997_gsar_du_rnyed_pai_khrom-4700e973a70f/Pa Tshab Pa 1997 Gsar du rnyed pai khrom chen.pdf	0	inscription articles	pdf	medium	copied	2026-05-29T20:59:16.449647+00:00	
paganrestoration_thantun1976-a533abc3acb8	a533abc3acb8eef306aa4467d611b35895ab10d52725329d8a9f026645ee860c	PaganRestoration-ThanTun1976.pdf	3068414	OBI_LIBRARY_ROOT:Thematic/Burmese/Burma JBRS/1976/PaganRestoration-ThanTun1976.pdf	OBI_LIBRARY_ROOT:Thematic/Burmese/Burma JBRS/1976/PaganRestoration-ThanTun1976.pdf	data/local/bibliography_sources/paganrestoration_thantun1976-a533abc3acb8/PaganRestoration-ThanTun1976.pdf	0	1976	pdf	medium	reused_existing	2026-05-29T22:23:00.456233+00:00	
pali_language_practical_grammar_of_the_d-8830da8e19ab	8830da8e19ab8dcc4025f64e081bf0dce5130446d0602ccff4e4a4ebf3f91d89	Pali Language, Practical Grammar of the (Duroiselle).pdf	510022	OBI_LIBRARY_ROOT:Thematic/lg families/Indo European/Indo-Aryan/Pali Language, Practical Grammar of the (Duroiselle).pdf	OBI_LIBRARY_ROOT:Thematic/lg families/Indo European/Indo-Aryan/Pali Language, Practical Grammar of the (Duroiselle).pdf	data/local/bibliography_sources/pali_language_practical_grammar_of_the_d-8830da8e19ab/Pali Language, Practical Grammar of the (Duroiselle).pdf	0	Indo-Aryan	pdf	medium	copied	2026-05-29T21:20:36.545045+00:00	
pan_wuyun_2000_the_transliteration_of_vo-b431ac95d7ad	b431ac95d7ada28712e13d1cb23f50295aeb5d3f4feacfe2f78bd72dabf76d27	Pan Wuyun 2000 The Transliteration of Vowels of Burman Script.pdf	2994520	OBI_AUTHOR_ALPHA_ROOT:Pan Wuyun/Pan Wuyun 2000 The Transliteration of Vowels of Burman Script.pdf	OBI_AUTHOR_ALPHA_ROOT:Pan Wuyun/Pan Wuyun 2000 The Transliteration of Vowels of Burman Script.pdf | OBI_LIBRARY_ROOT:Authors alphabetical/Pan Wuyun/Pan Wuyun 2000 The Transliteration of Vowels of Burman Script.pdf	data/local/bibliography_sources/pan_wuyun_2000_the_transliteration_of_vo-b431ac95d7ad/Pan Wuyun 2000 The Transliteration of Vowels of Burman Script.pdf	1	Pan Wuyun	pdf	medium	reused_existing	2026-05-29T22:23:00.455989+00:00	
paradigms_pali_jeb_gray-e589b81ba05e	e589b81ba05e4ce41dfc065ba6db342a40973c11a5096f940f64f64279b36093	Paradigms Pali JEB Gray.pdf	97374	OBI_LIBRARY_ROOT:Thematic/Dictionaries/Pali/Learning Pali/Paradigms Pali JEB Gray.pdf	OBI_LIBRARY_ROOT:Thematic/Dictionaries/Pali/Learning Pali/Paradigms Pali JEB Gray.pdf	data/local/bibliography_sources/paradigms_pali_jeb_gray-e589b81ba05e/Paradigms Pali JEB Gray.pdf	0	Learning Pali	pdf	medium	copied	2026-05-29T20:59:02.828069+00:00	
pasang_2011_inscriptions-213ccbd485ba	213ccbd485bab0c9bb8f3dba3b6b8074cbcadfc583d5311766828cd5386ff997	Pasang 2011 inscriptions.pdf	229473466	OBI_LIBRARY_ROOT:Authors alphabetical/Pasang Wangdu/Pasang 2011 inscriptions.pdf	OBI_LIBRARY_ROOT:Authors alphabetical/Pasang Wangdu/Pasang 2011 inscriptions.pdf	data/local/bibliography_sources/pasang_2011_inscriptions-213ccbd485ba/Pasang 2011 inscriptions.pdf	0	Pasang Wangdu	pdf	medium	copied	2026-05-29T20:59:10.094895+00:00	
pasang_2011_inscriptions-25fa86400cbe	25fa86400cbe8b63ceec89903a8664622551dcc862ebc03fea323804b4d65bbe	Pasang 2011 inscriptions.pdf	224457485	OBI_LIBRARY_ROOT:Authors alphabetical/inscription articles/Pasang 2011 inscriptions.pdf	OBI_LIBRARY_ROOT:Authors alphabetical/inscription articles/Pasang 2011 inscriptions.pdf	data/local/bibliography_sources/pasang_2011_inscriptions-25fa86400cbe/Pasang 2011 inscriptions.pdf	0	inscription articles	pdf	medium	copied	2026-05-29T20:59:17.159856+00:00	
pasang_wangdu_1997_piats-d26fb2d55363	d26fb2d55363a0728c95f6bf5e9e6d26ed328dc4c66e92f0fe1162b0293ef92e	Pasang Wangdu 1997 PIATS.pdf	1814577	OBI_LIBRARY_ROOT:Authors alphabetical/inscription articles/Pasang Wangdu 1997 PIATS.pdf	OBI_LIBRARY_ROOT:Authors alphabetical/inscription articles/Pasang Wangdu 1997 PIATS.pdf	data/local/bibliography_sources/pasang_wangdu_1997_piats-d26fb2d55363/Pasang Wangdu 1997 PIATS.pdf	0	inscription articles	pdf	medium	copied	2026-05-29T20:59:17.230920+00:00	
pa_li_language_a_practical_grammar_of_th-0755bbe80569	0755bbe80569041b11701293c78e742d59877f4976cfb2a5e996b67e78c909b7	Pāli Language, A Practical Grammar of the (Duroiselle_ Mazard).pdf	852643	OBI_LIBRARY_ROOT:Thematic/lg families/Indo European/Indo-Aryan/Pāli Language, A Practical Grammar of the (Duroiselle_ Mazard).pdf	OBI_LIBRARY_ROOT:Thematic/lg families/Indo European/Indo-Aryan/Pāli Language, A Practical Grammar of the (Duroiselle_ Mazard).pdf	data/local/bibliography_sources/pa_li_language_a_practical_grammar_of_th-0755bbe80569/Pāli Language, A Practical Grammar of the (Duroiselle_ Mazard).pdf	0	Indo-Aryan	pdf	medium	copied	2026-05-29T21:20:36.540789+00:00	
pe_maung_tin_luce_1960_glass_palace_chro-3f81fffbb8f6	3f81fffbb8f6787a5ca988c39a200f5da75f6bf254c2b983aba41344e360d100	Pe Maung Tin & Luce 1960 Glass Palace Chronicles.pdf	10598863	OBI_LIBRARY_ROOT:Thematic/Pyu/Pe Maung Tin & Luce 1960 Glass Palace Chronicles.pdf	OBI_LIBRARY_ROOT:Thematic/Pyu/Pe Maung Tin & Luce 1960 Glass Palace Chronicles.pdf	data/local/bibliography_sources/pe_maung_tin_luce_1960_glass_palace_chro-3f81fffbb8f6/Pe Maung Tin & Luce 1960 Glass Palace Chronicles.pdf	0	Pyu	pdf	medium	copied	2026-05-29T21:20:36.415275+00:00	
122127-a3693f749e14	a3693f749e14dd052d5cb0313614d879ecc50f529098d72271f3be07931b0620	PeMaungTin 1922 PhoneticsInAPassport_1922.pdf	439124	OBI_AUTHOR_ALPHA_ROOT:Pe Maung Tin/PeMaungTin 1922 PhoneticsInAPassport_1922.pdf	OBI_AUTHOR_ALPHA_ROOT:Pe Maung Tin/PeMaungTin 1922 PhoneticsInAPassport_1922.pdf | OBI_LIBRARY_ROOT:Authors alphabetical/Pe Maung Tin/PeMaungTin 1922 PhoneticsInAPassport_1922.pdf | OBI_LIBRARY_ROOT:Thematic/Burmese/Burma JBRS/1922/122127.pdf | OBI_LIBRARY_ROOT:Thematic/Burmese/Burma JBRS/JBRS Originals/122127.pdf	data/local/bibliography_sources/122127-a3693f749e14/122127.pdf	3	1922 | JBRS Originals | Pe Maung Tin	pdf	medium	reused_existing	2026-05-29T22:23:00.455929+00:00	
132143-5087396f8c63	5087396f8c63026a9bdc4c9bcaf2eca1771811c14d1f2730f2026c747a57dec1	PeMaungTin 1923 EpigraphicaBurmanica(ReviewOfBlagden&Duroiselle).pdf	161268	OBI_AUTHOR_ALPHA_ROOT:Pe Maung Tin/PeMaungTin 1923 EpigraphicaBurmanica(ReviewOfBlagden&Duroiselle).pdf	OBI_AUTHOR_ALPHA_ROOT:Pe Maung Tin/PeMaungTin 1923 EpigraphicaBurmanica(ReviewOfBlagden&Duroiselle).pdf | OBI_LIBRARY_ROOT:Authors alphabetical/Pe Maung Tin/PeMaungTin 1923 EpigraphicaBurmanica(ReviewOfBlagden&Duroiselle).pdf | OBI_LIBRARY_ROOT:Thematic/Burmese/Burma JBRS/1923/132143.pdf | OBI_LIBRARY_ROOT:Thematic/Burmese/Burma JBRS/JBRS Originals/132143.pdf	data/local/bibliography_sources/132143-5087396f8c63/132143.pdf	3	1923 | JBRS Originals | Pe Maung Tin	pdf	high	reused_existing	2026-05-29T22:23:00.432608+00:00	
193078-6feeee7af9fa	6feeee7af9fa994e8cc5a3fac290619813619898c0826f7074476cc375225f73	PeMaungTin 1929 PhilologicalFeaturesOfBurmeseInscriptions_1929.pdf	112712	OBI_AUTHOR_ALPHA_ROOT:Pe Maung Tin/PeMaungTin 1929 PhilologicalFeaturesOfBurmeseInscriptions_1929.pdf	OBI_AUTHOR_ALPHA_ROOT:Pe Maung Tin/PeMaungTin 1929 PhilologicalFeaturesOfBurmeseInscriptions_1929.pdf | OBI_LIBRARY_ROOT:Authors alphabetical/Pe Maung Tin/PeMaungTin 1929 PhilologicalFeaturesOfBurmeseInscriptions_1929.pdf | OBI_LIBRARY_ROOT:Thematic/Burmese/Burma JBRS/JBRS Originals/193078.pdf	data/local/bibliography_sources/193078-6feeee7af9fa/193078.pdf	2	JBRS Originals | Pe Maung Tin	pdf	high	reused_existing	2026-05-29T22:23:00.432550+00:00	
201020-29b619f739e5	29b619f739e5590ace7b9eab4d4fed55941a6827a435f8acc19a9693b04128d0	PeMaungTin 1930 OldWordsInBurmeseInscriptions.pdf	109731	OBI_AUTHOR_ALPHA_ROOT:Pe Maung Tin/PeMaungTin 1930 OldWordsInBurmeseInscriptions.pdf	OBI_AUTHOR_ALPHA_ROOT:Pe Maung Tin/PeMaungTin 1930 OldWordsInBurmeseInscriptions.pdf | OBI_LIBRARY_ROOT:Authors alphabetical/Pe Maung Tin/PeMaungTin 1930 OldWordsInBurmeseInscriptions.pdf | OBI_LIBRARY_ROOT:Thematic/Burmese/Burma JBRS/JBRS Originals/201020.pdf	data/local/bibliography_sources/201020-29b619f739e5/201020.pdf	2	JBRS Originals | Pe Maung Tin	pdf	high	reused_existing	2026-05-29T22:23:00.432491+00:00	
231031-2521301dbc68	2521301dbc681659876de4f6481c644a0f13d89de86ca9a2510d5de0be2f7783	PeMaungTin 1933 DialectOfTavoy.pdf	966025	OBI_AUTHOR_ALPHA_ROOT:Pe Maung Tin/PeMaungTin 1933 DialectOfTavoy.pdf	OBI_AUTHOR_ALPHA_ROOT:Pe Maung Tin/PeMaungTin 1933 DialectOfTavoy.pdf | OBI_LIBRARY_ROOT:Authors alphabetical/Pe Maung Tin/PeMaungTin 1933 DialectOfTavoy.pdf | OBI_LIBRARY_ROOT:Thematic/Burmese/Burma JBRS/1933/DialectofTavoy-PeMaungTin1933.pdf | OBI_LIBRARY_ROOT:Thematic/Burmese/Burma JBRS/JBRS Originals/231031.pdf	data/local/bibliography_sources/231031-2521301dbc68/231031.pdf	3	JBRS Originals | Pe Maung Tin	pdf	medium	reused_existing	2026-05-29T22:23:00.455873+00:00	
253149-88495e2fcca1	88495e2fcca12bf215fa66322580c7f15a196bd0340057045287a72c80cb5f6a	PeMaungTin 1935 WomenInTheInscriptionsOfPagan.pdf	911828	OBI_AUTHOR_ALPHA_ROOT:Pe Maung Tin/PeMaungTin 1935 WomenInTheInscriptionsOfPagan.pdf	OBI_AUTHOR_ALPHA_ROOT:Pe Maung Tin/PeMaungTin 1935 WomenInTheInscriptionsOfPagan.pdf | OBI_LIBRARY_ROOT:Authors alphabetical/Pe Maung Tin/PeMaungTin 1935 WomenInTheInscriptionsOfPagan.pdf | OBI_LIBRARY_ROOT:Thematic/Burmese/Burma JBRS/1935/WomenInscriptionsPagan-PeMaungTin1935.pdf | OBI_LIBRARY_ROOT:Thematic/Burmese/Burma JBRS/JBRS Originals/253149.pdf	data/local/bibliography_sources/253149-88495e2fcca1/253149.pdf	3	JBRS Originals | Pe Maung Tin	pdf	high	reused_existing	2026-05-29T22:23:00.432432+00:00	
261052-0eaebe68d937	0eaebe68d9370642bddfb545b0860efe84c6479bcd3a0a1f34ba89fd14b38aa3	PeMaungTin 1936 BuddhismInTheInscriptionsOfPagan.pdf	1525056	OBI_AUTHOR_ALPHA_ROOT:Pe Maung Tin/PeMaungTin 1936 BuddhismInTheInscriptionsOfPagan.pdf	OBI_AUTHOR_ALPHA_ROOT:Pe Maung Tin/PeMaungTin 1936 BuddhismInTheInscriptionsOfPagan.pdf | OBI_LIBRARY_ROOT:Authors alphabetical/Pe Maung Tin/PeMaungTin 1936 BuddhismInTheInscriptionsOfPagan.pdf | OBI_LIBRARY_ROOT:Thematic/Burmese/Burma JBRS/1936/BuddhismPagan-PeMaungTin1936.pdf | OBI_LIBRARY_ROOT:Thematic/Burmese/Burma JBRS/JBRS Originals/261052.pdf	data/local/bibliography_sources/261052-0eaebe68d937/261052.pdf	3	JBRS Originals | Pe Maung Tin	pdf	high	reused_existing	2026-05-29T22:23:00.432372+00:00	
341044-a5bd7c42d064	a5bd7c42d06412a0c66f0ae7107520687af24e39741883a8fb154b03a2b72117	PeMaungTin 1951 DuroiselleObituary_1951.pdf	176170	OBI_AUTHOR_ALPHA_ROOT:Pe Maung Tin/PeMaungTin 1951 DuroiselleObituary_1951.pdf	OBI_AUTHOR_ALPHA_ROOT:Pe Maung Tin/PeMaungTin 1951 DuroiselleObituary_1951.pdf | OBI_LIBRARY_ROOT:Authors alphabetical/Pe Maung Tin/PeMaungTin 1951 DuroiselleObituary_1951.pdf | OBI_LIBRARY_ROOT:Thematic/Burmese/Burma JBRS/1951/ObituaryDuroiselle_PeMaungTin1951.pdf | OBI_LIBRARY_ROOT:Thematic/Burmese/Burma JBRS/JBRS Originals/341044.pdf	data/local/bibliography_sources/341044-a5bd7c42d064/341044.pdf	3	JBRS Originals | Pe Maung Tin	pdf	medium	reused_existing	2026-05-29T22:23:00.455815+00:00	
pemaungtin_1974_myazediinscription-56bbc5aae6bb	56bbc5aae6bb21ff52445715925987efd4467d8056accb904675cfb9df586428	PeMaungTin 1974 MyazediInscription.PDF	919967	OBI_AUTHOR_ALPHA_ROOT:Pe Maung Tin/PeMaungTin 1974 MyazediInscription.PDF	OBI_AUTHOR_ALPHA_ROOT:Pe Maung Tin/PeMaungTin 1974 MyazediInscription.PDF | OBI_LIBRARY_ROOT:Authors alphabetical/Pe Maung Tin/PeMaungTin 1974 MyazediInscription.PDF	data/local/bibliography_sources/pemaungtin_1974_myazediinscription-56bbc5aae6bb/PeMaungTin 1974 MyazediInscription.PDF	1	Pe Maung Tin	pdf	high	reused_existing	2026-05-29T22:23:00.432308+00:00	
162099-09fa859801f5	09fa859801f55c18866f849319aad5282b86c4872a7da2ed69dc257322631869	Pegu-Hall1926.pdf	135625	OBI_LIBRARY_ROOT:Thematic/Burmese/Burma JBRS/1926/Pegu-Hall1926.pdf	OBI_LIBRARY_ROOT:Thematic/Burmese/Burma JBRS/1926/Pegu-Hall1926.pdf | OBI_LIBRARY_ROOT:Thematic/Burmese/Burma JBRS/JBRS Originals/162099.pdf	data/local/bibliography_sources/162099-09fa859801f5/162099.pdf	1	1926 | JBRS Originals	pdf	medium	reused_existing	2026-05-29T22:23:00.455753+00:00	
pegu2_macgregor1926-625dc5cf6a01	625dc5cf6a011445ab66e8c12e65ae78f9adcb97b89877cda1228c49eeb4933b	Pegu2-Macgregor1926.pdf	2607879	OBI_LIBRARY_ROOT:Thematic/Burmese/Burma JBRS/1926/Pegu2-Macgregor1926.pdf	OBI_LIBRARY_ROOT:Thematic/Burmese/Burma JBRS/1926/Pegu2-Macgregor1926.pdf	data/local/bibliography_sources/pegu2_macgregor1926-625dc5cf6a01/Pegu2-Macgregor1926.pdf	0	1926	pdf	medium	reused_existing	2026-05-29T22:23:00.455484+00:00	
phonetic_changes_sanskrit_to_prakrit_pal-ac80df084737	ac80df084737c691e5ce75c3e7b8d4d271cc05a47a1a5c67471052dde37c57dd	Phonetic Changes Sanskrit to Prakrit:Pali by JEB Gray pp 1f missing.pdf	2893787	OBI_LIBRARY_ROOT:Thematic/Dictionaries/Pali/Learning Pali/Phonetic Changes Sanskrit to Prakrit:Pali by JEB Gray pp 1f missing.pdf	OBI_LIBRARY_ROOT:Thematic/Dictionaries/Pali/Learning Pali/Phonetic Changes Sanskrit to Prakrit:Pali by JEB Gray pp 1f missing.pdf	data/local/bibliography_sources/phonetic_changes_sanskrit_to_prakrit_pal-ac80df084737/Phonetic Changes Sanskrit to Prakrit:Pali by JEB Gray pp 1f missing.pdf	0	Learning Pali	pdf	medium	copied	2026-05-29T20:59:02.840777+00:00	
phonetic_changes_sanskrit_to_prakrit_pal-e584bf5d8239	e584bf5d8239adac53eabdf6892dc49f18be1830f0ec0baa1a2652711c4b543d	Phonetic Changes Sanskrit to Prakrit:Pali by JEB Gray.pdf	3016697	OBI_LIBRARY_ROOT:Thematic/Dictionaries/Pali/Learning Pali/Phonetic Changes Sanskrit to Prakrit:Pali by JEB Gray.pdf	OBI_LIBRARY_ROOT:Thematic/Dictionaries/Pali/Learning Pali/Phonetic Changes Sanskrit to Prakrit:Pali by JEB Gray.pdf	data/local/bibliography_sources/phonetic_changes_sanskrit_to_prakrit_pal-e584bf5d8239/Phonetic Changes Sanskrit to Prakrit:Pali by JEB Gray.pdf	0	Learning Pali	pdf	medium	copied	2026-05-29T20:59:02.825475+00:00	
phunstock_1997_the_demo_rock_inscription-6e20bd05ec43	6e20bd05ec43ca524fd270da9b204e8f6290fe6f6be9dcceca631a5f07107227	Phunstock 1997 The Demo Rock Inscription.pdf	3361639	OBI_LIBRARY_ROOT:Authors alphabetical/inscription articles/Phunstock 1997 The Demo Rock Inscription.pdf	OBI_LIBRARY_ROOT:Authors alphabetical/inscription articles/Phunstock 1997 The Demo Rock Inscription.pdf	data/local/bibliography_sources/phunstock_1997_the_demo_rock_inscription-6e20bd05ec43/Phunstock 1997 The Demo Rock Inscription.pdf	0	inscription articles	pdf	medium	copied	2026-05-29T20:59:16.401812+00:00	
phuntsokchts_xxxx_demoinscription-2bdb40427f7f	2bdb40427f7f86b7156b79b82a1b9b0f973436a55d7cab2c2aec05a90fd9116e	PhuntsokChTs_xxxx_DemoInscription.pdf	616046	OBI_LIBRARY_ROOT:Thematic/from Gergoe/PhuntsokChTs_xxxx_DemoInscription.pdf	OBI_LIBRARY_ROOT:Thematic/from Gergoe/PhuntsokChTs_xxxx_DemoInscription.pdf	data/local/bibliography_sources/phuntsokchts_xxxx_demoinscription-2bdb40427f7f/PhuntsokChTs_xxxx_DemoInscription.pdf	0	from Gergoe	pdf	medium	copied	2026-05-29T20:58:59.822274+00:00	
piquantsplendours_bahan1967-4f2fcdb639cc	4f2fcdb639cccc8b4ebaf201fe3dcdbf255b1901ec8547388af957dfc3afdc50	PiquantSplendours_BaHan1967.pdf	688265	OBI_LIBRARY_ROOT:Thematic/Burmese/Burma JBRS/1967/PiquantSplendours_BaHan1967.pdf	OBI_LIBRARY_ROOT:Thematic/Burmese/Burma JBRS/1967/PiquantSplendours_BaHan1967.pdf	data/local/bibliography_sources/piquantsplendours_bahan1967-4f2fcdb639cc/PiquantSplendours_BaHan1967.pdf	0	1967	pdf	medium	reused_existing	2026-05-29T22:23:00.455247+00:00	
populationwaves_bemardelli1941-95db8a26c61b	95db8a26c61b5a0d3de2203388be3a82875869c3bf19ad7f1afdb08c1c73cb6e	PopulationWaves-Bemardelli1941.pdf	1011738	OBI_LIBRARY_ROOT:Thematic/Burmese/Burma JBRS/1941/PopulationWaves-Bemardelli1941.pdf	OBI_LIBRARY_ROOT:Thematic/Burmese/Burma JBRS/1941/PopulationWaves-Bemardelli1941.pdf	data/local/bibliography_sources/populationwaves_bemardelli1941-95db8a26c61b/PopulationWaves-Bemardelli1941.pdf	0	1941	pdf	medium	reused_existing	2026-05-29T22:23:00.455016+00:00	
pyuinscriptions_blagden1917-61a4832bfac2	61a4832bfac248d20517e61b9299e8d184760ded3ac49a27e8e376f751d2d6aa	PyuInscriptions-Blagden1917.pdf	547181	OBI_LIBRARY_ROOT:Thematic/Burmese/Burma JBRS/1917/PyuInscriptions-Blagden1917.pdf	OBI_LIBRARY_ROOT:Thematic/Burmese/Burma JBRS/1917/PyuInscriptions-Blagden1917.pdf	data/local/bibliography_sources/pyuinscriptions_blagden1917-61a4832bfac2/PyuInscriptions-Blagden1917.pdf	0	1917	pdf	medium	reused_existing	2026-05-29T22:23:00.454780+00:00	
rw_hymnbook_1975_gvray_gvsvng_kaq_shvrin-cd63d7270bb6	cd63d7270bb6ea15a63c8f5655dde41aabdd25177d2a3d2c541e63da51248b74	RW hymnbook 1975_Gvray Gvsvng kaq shvring shvta zaywa (front and back matter).pdf	34500576	OBI_LIBRARY_ROOT:Thematic/Nungish/Rvwang-Mvtwang/RW hymnbook 1975_Gvray Gvsvng kaq shvring shvta zaywa (front and back matter).pdf	OBI_LIBRARY_ROOT:Thematic/Nungish/Rvwang-Mvtwang/RW hymnbook 1975_Gvray Gvsvng kaq shvring shvta zaywa (front and back matter).pdf	data/local/bibliography_sources/rw_hymnbook_1975_gvray_gvsvng_kaq_shvrin-cd63d7270bb6/RW hymnbook 1975_Gvray Gvsvng kaq shvring shvta zaywa (front and back matter).pdf	0	Rvwang-Mvtwang	pdf	medium	copied	2026-05-29T20:58:59.618933+00:00	
rakhaing_inscriptions_a-504e6da66994	504e6da66994c6cb6d9298263d0065ecc3de55a18b415d24fe83124c2e2184d7	Rakhaing Inscriptions A.pdf	88920330	OBI_LIBRARY_ROOT:Thematic/Burmese/Rakhaing Inscriptions/Rakhaing Inscriptions A.pdf	OBI_LIBRARY_ROOT:Thematic/Burmese/Rakhaing Inscriptions/Rakhaing Inscriptions A.pdf	data/local/bibliography_sources/rakhaing_inscriptions_a-504e6da66994/Rakhaing Inscriptions A.pdf	0	Rakhaing Inscriptions	pdf	medium	reused_existing	2026-05-29T22:23:00.454546+00:00	
rakhaing_inscriptions_b-6c6318c60c21	6c6318c60c2125160ad1e418ccfbf7cdb27211ac637a8194f0ba4bf8179290b2	Rakhaing Inscriptions B.pdf	93638465	OBI_LIBRARY_ROOT:Thematic/Burmese/Rakhaing Inscriptions/Rakhaing Inscriptions B.pdf	OBI_LIBRARY_ROOT:Thematic/Burmese/Rakhaing Inscriptions/Rakhaing Inscriptions B.pdf	data/local/bibliography_sources/rakhaing_inscriptions_b-6c6318c60c21/Rakhaing Inscriptions B.pdf	0	Rakhaing Inscriptions	pdf	medium	reused_existing	2026-05-29T22:23:00.454301+00:00	
rakhaing_kyauksa_paungyoup-60af9fd373e6	60af9fd373e6b7b5d65fff3dd932ad42bfdf3b94f838b559dfba7711e6e0eb75	Rakhaing Kyauksa Paungyoup.pdf	1241379	OBI_LIBRARY_ROOT:Thematic/Burmese/Rakhaing Inscriptions/Rakhaing Kyauksa Paungyoup.pdf	OBI_LIBRARY_ROOT:Thematic/Burmese/Rakhaing Inscriptions/Rakhaing Kyauksa Paungyoup.pdf	data/local/bibliography_sources/rakhaing_kyauksa_paungyoup-60af9fd373e6/Rakhaing Kyauksa Paungyoup.pdf	0	Rakhaing Inscriptions	pdf	medium	reused_existing	2026-05-29T22:23:00.454053+00:00	
ray_principle_of_tridosa-2efdfe8b7a82	2efdfe8b7a82ac0c69d3481c6d3ce2829fb5334b43f01eae58ba248827852893	Ray, Principle of Tridosa.docx	25170	OBI_LIBRARY_ROOT:Authors alphabetical/TibetanMedicine/ayurveda full texts/Ray, Principle of Tridosa.docx	OBI_LIBRARY_ROOT:Authors alphabetical/TibetanMedicine/ayurveda full texts/Ray, Principle of Tridosa.docx	data/local/bibliography_sources/ray_principle_of_tridosa-2efdfe8b7a82/Ray, Principle of Tridosa.docx	0	ayurveda full texts	docx	medium	copied	2026-05-29T20:59:08.784257+00:00	
ray_reginald_reading_the_vajrayana_in_co-0d31094e173e	0d31094e173e6f4095b16315f46b0b3ad881230c02fcff8a114b84f56ce1fae2	Ray, Reginald - Reading the Vajrayana in Context - A Reassessment of Bengal Blackie.pdf	2021312	OBI_LIBRARY_ROOT:Authors alphabetical/Ray, Reginald - Reading the Vajrayana in Context - A Reassessment of Bengal Blackie.pdf	OBI_LIBRARY_ROOT:Authors alphabetical/Ray, Reginald - Reading the Vajrayana in Context - A Reassessment of Bengal Blackie.pdf	data/local/bibliography_sources/ray_reginald_reading_the_vajrayana_in_co-0d31094e173e/Ray, Reginald - Reading the Vajrayana in Context - A Reassessment of Bengal Blackie.pdf	0	Authors alphabetical	pdf	medium	copied	2026-05-29T20:59:08.911296+00:00	
recently_found_burmese_inscriptions_orig-180ec2515333	180ec25153334ac5a040463f890bfabc7b09f322789f75c6e3555a512e469a10	Recently Found Burmese Inscriptions Original.pdf	66876450	OBI_LIBRARY_ROOT:Thematic/Burmese/OBur/OBICorpus_ver2/OBI_Volume7/Recently Found Burmese Inscriptions Original.pdf	OBI_LIBRARY_ROOT:Thematic/Burmese/OBur/OBICorpus_ver2/OBI_Volume7/Recently Found Burmese Inscriptions Original.pdf | OBI_LIBRARY_ROOT:Thematic/Burmese/OBur/Recently Found Burmese Inscriptions/Recently Found Burmese Inscriptions Original.pdf	data/local/bibliography_sources/recently_found_burmese_inscriptions_orig-180ec2515333/Recently Found Burmese Inscriptions Original.pdf	1	OBI_Volume7 | Recently Found Burmese Inscriptions	pdf	medium	reused_existing	2026-05-29T22:23:00.453812+00:00	
recently_found_burmese_inscriptiosn_text-5a1c957a1788	5a1c957a1788c7287c8f1c44b5a45c32a1a4964d1eb28f1dafa0ca2ee4faec37	Recently Found Burmese Inscriptiosn text.txt	195467	OBI_LIBRARY_ROOT:Thematic/Burmese/OBur/Recently Found Burmese Inscriptions/Recently Found Burmese Inscriptiosn text.txt	OBI_LIBRARY_ROOT:Thematic/Burmese/OBur/Recently Found Burmese Inscriptions/Recently Found Burmese Inscriptiosn text.txt	data/local/bibliography_sources/recently_found_burmese_inscriptiosn_text-5a1c957a1788/Recently Found Burmese Inscriptiosn text.txt	0	Recently Found Burmese Inscriptions	txt	medium	reused_existing	2026-05-29T22:23:00.453553+00:00	
richardson_1949_three_ancient_inscriptio-b6a03e446e0a	b6a03e446e0a465afeaeef244830d1eaecec3261cc32696a82bcf1cc3c8f2510	Richardson 1949 Three Ancient Inscriptions.pdf	1480978	OBI_LIBRARY_ROOT:Authors alphabetical/Richardson, Hugh/Richardson 1949 Three Ancient Inscriptions/Richardson 1949 Three Ancient Inscriptions.pdf	OBI_LIBRARY_ROOT:Authors alphabetical/Richardson, Hugh/Richardson 1949 Three Ancient Inscriptions/Richardson 1949 Three Ancient Inscriptions.pdf	data/local/bibliography_sources/richardson_1949_three_ancient_inscriptio-b6a03e446e0a/Richardson 1949 Three Ancient Inscriptions.pdf	0	Richardson 1949 Three Ancient Inscriptions	pdf	medium	copied	2026-05-29T20:59:15.579660+00:00	
richardson_1951_three_ancient_inscriptio-d9794d2adcc4	d9794d2adcc4ad1d5bcbaef552513e6bffe2c6fda3105357a888b975ef3af514	Richardson 1951 Three Ancient Inscriptions from Tibet.pdf	2099973	OBI_LIBRARY_ROOT:Authors alphabetical/Richardson, Hugh/Richardson 1951 Three Ancient Inscriptions from Tibet.pdf	OBI_LIBRARY_ROOT:Authors alphabetical/Richardson, Hugh/Richardson 1951 Three Ancient Inscriptions from Tibet.pdf	data/local/bibliography_sources/richardson_1951_three_ancient_inscriptio-d9794d2adcc4/Richardson 1951 Three Ancient Inscriptions from Tibet.pdf	0	Richardson, Hugh	pdf	medium	copied	2026-05-29T20:59:15.573064+00:00	
richardson_1952tibetan_inscriptions_at_z-2900afd196ea	2900afd196ea5968e5c25d88dabbb3f86f3677484e2a9a4dc2a100d2d6dd4f67	Richardson 1952Tibetan Inscriptions at Zva-hi Lha Khan.pdf	1501402	OBI_LIBRARY_ROOT:Authors alphabetical/Richardson, Hugh/Richardson 1952Tibetan Inscriptions at Zva-hi Lha Khan.pdf	OBI_LIBRARY_ROOT:Authors alphabetical/Richardson, Hugh/Richardson 1952Tibetan Inscriptions at Zva-hi Lha Khan.pdf	data/local/bibliography_sources/richardson_1952tibetan_inscriptions_at_z-2900afd196ea/Richardson 1952Tibetan Inscriptions at Zva-hi Lha Khan.pdf	0	Richardson, Hugh	pdf	medium	copied	2026-05-29T20:59:15.471290+00:00	
richardson_1953_tibetan_inscriptions_at_-6cdd76117f85	6cdd76117f8517aa52f54fe932211e97f3dbc354f23ff50f3b3bb01819dd8531	Richardson 1953 Tibetan Inscriptions at Zva-hi Lha Khan.pdf	2478163	OBI_LIBRARY_ROOT:Authors alphabetical/Richardson, Hugh/Richardson 1953 Tibetan Inscriptions at Zva-hi Lha Khan.pdf	OBI_LIBRARY_ROOT:Authors alphabetical/Richardson, Hugh/Richardson 1953 Tibetan Inscriptions at Zva-hi Lha Khan.pdf	data/local/bibliography_sources/richardson_1953_tibetan_inscriptions_at_-6cdd76117f85/Richardson 1953 Tibetan Inscriptions at Zva-hi Lha Khan.pdf	0	Richardson, Hugh	pdf	medium	copied	2026-05-29T20:59:15.501109+00:00	
richardson_1954_ninth_century_inscriptio-802a9d661fa9	802a9d661fa9bc0deaedd3cc0194745d36a6691a475fa2defc2b46ec625e85c1	Richardson 1954 Ninth Century Inscription from Rkon-po.pdf	1330613	OBI_LIBRARY_ROOT:Authors alphabetical/Richardson, Hugh/Richardson 1954 Ninth Century Inscription from Rkon-po.pdf	OBI_LIBRARY_ROOT:Authors alphabetical/Richardson, Hugh/Richardson 1954 Ninth Century Inscription from Rkon-po.pdf	data/local/bibliography_sources/richardson_1954_ninth_century_inscriptio-802a9d661fa9/Richardson 1954 Ninth Century Inscription from Rkon-po.pdf	0	Richardson, Hugh	pdf	medium	copied	2026-05-29T20:59:15.640367+00:00	
richardson_1957_tibetan_inscription_from-64a0ad5e0631	64a0ad5e0631b3774df1fd2797cf2dd8c6ed7ae2f036b8e17853245cb1ff4541	Richardson 1957 Tibetan Inscription from Rgyal Lha-Khan.pdf	4468396	OBI_LIBRARY_ROOT:Authors alphabetical/Richardson, Hugh/Richardson 1957 Tibetan Inscription from Rgyal Lha-Khan.pdf	OBI_LIBRARY_ROOT:Authors alphabetical/Richardson, Hugh/Richardson 1957 Tibetan Inscription from Rgyal Lha-Khan.pdf	data/local/bibliography_sources/richardson_1957_tibetan_inscription_from-64a0ad5e0631/Richardson 1957 Tibetan Inscription from Rgyal Lha-Khan.pdf	0	Richardson, Hugh	pdf	medium	copied	2026-05-29T20:59:15.634062+00:00	
richardson_1964_new_inscription_of_khri_-afa55696c1b9	afa55696c1b9ef728eb99ab0e8057220f8cbefb0a15a2cefd36e87f1c7b55961	Richardson 1964 New Inscription of Khri Srong Lde Brtsan.pdf	2476284	OBI_LIBRARY_ROOT:Authors alphabetical/Richardson, Hugh/Richardson 1964 New Inscription of Khri Srong Lde Brtsan.pdf	OBI_LIBRARY_ROOT:Authors alphabetical/Richardson, Hugh/Richardson 1964 New Inscription of Khri Srong Lde Brtsan.pdf	data/local/bibliography_sources/richardson_1964_new_inscription_of_khri_-afa55696c1b9/Richardson 1964 New Inscription of Khri Srong Lde Brtsan.pdf	0	Richardson, Hugh	pdf	medium	copied	2026-05-29T20:59:15.542679+00:00	
richardson_1969_inscription_at_the_tomb_-702c780efbf2	702c780efbf28ba77f19d5c8584d09e67ca0f2a17f8afc4c4e86d9ea8d29a8db	Richardson 1969 Inscription at the Tomb of Khri Lde Srong Brtsan.pdf	1916672	OBI_LIBRARY_ROOT:Authors alphabetical/Richardson, Hugh/Richardson 1969 Inscription at the Tomb of Khri Lde Srong Brtsan.pdf	OBI_LIBRARY_ROOT:Authors alphabetical/Richardson, Hugh/Richardson 1969 Inscription at the Tomb of Khri Lde Srong Brtsan.pdf	data/local/bibliography_sources/richardson_1969_inscription_at_the_tomb_-702c780efbf2/Richardson 1969 Inscription at the Tomb of Khri Lde Srong Brtsan.pdf	0	Richardson, Hugh	pdf	medium	copied	2026-05-29T20:59:15.487429+00:00	
richardson_1972_the_rkong_po_inscription-24e4a8e88359	24e4a8e8835961b1cc8773c48036c5f59ead84628561825dac113f2ede050505	Richardson 1972 The Rkong-Po Inscription.pdf	1099385	OBI_LIBRARY_ROOT:Authors alphabetical/Richardson, Hugh/Richardson 1972 The Rkong-Po Inscription.pdf	OBI_LIBRARY_ROOT:Authors alphabetical/Richardson, Hugh/Richardson 1972 The Rkong-Po Inscription.pdf	data/local/bibliography_sources/richardson_1972_the_rkong_po_inscription-24e4a8e88359/Richardson 1972 The Rkong-Po Inscription.pdf	0	Richardson, Hugh	pdf	medium	copied	2026-05-29T20:59:15.610376+00:00	
richardson_1973_ths_skar_cung_inscriptio-e4a90f3d067b	e4a90f3d067b9338bb07b3bbcc88ed21105da0969b9e81e939a8ea8464addac5	Richardson 1973 Ths Skar-Cung Inscription.pdf	1051047	OBI_LIBRARY_ROOT:Authors alphabetical/Richardson, Hugh/Richardson 1973 Ths Skar-Cung Inscription.pdf	OBI_LIBRARY_ROOT:Authors alphabetical/Richardson, Hugh/Richardson 1973 Ths Skar-Cung Inscription.pdf	data/local/bibliography_sources/richardson_1973_ths_skar_cung_inscriptio-e4a90f3d067b/Richardson 1973 Ths Skar-Cung Inscription.pdf	0	Richardson, Hugh	pdf	medium	copied	2026-05-29T20:59:15.646133+00:00	
richardson_1978_sino_tibetan_treaty_insc-1f4e63ee9da9	1f4e63ee9da99bdd8f29a54839eeb4bf43d7a655e4db34fd04dea41c567d39bb	Richardson 1978 Sino Tibetan Treaty Inscription of AD821-82.pdf	9638473	OBI_LIBRARY_ROOT:Authors alphabetical/Richardson, Hugh/Richardson 1978 Sino Tibetan Treaty Inscription of AD821-82.pdf	OBI_LIBRARY_ROOT:Authors alphabetical/Richardson, Hugh/Richardson 1978 Sino Tibetan Treaty Inscription of AD821-82.pdf	data/local/bibliography_sources/richardson_1978_sino_tibetan_treaty_insc-1f4e63ee9da9/Richardson 1978 Sino Tibetan Treaty Inscription of AD821-82.pdf	0	Richardson, Hugh	pdf	medium	copied	2026-05-29T20:59:15.533140+00:00	
richardson_1985_a_corpus_of_early_tibeta-c9c375c11ff6	c9c375c11ff6823517d45b42d52f1ee93f25c1e64eb7b6bf23960d0d45db47e7	Richardson 1985 A Corpus of Early Tibetan Inscriptions.pdf	7358014	OBI_LIBRARY_ROOT:Authors alphabetical/Richardson, Hugh/Richardson 1985 A Corpus of Early Tibetan Inscriptions.pdf	OBI_LIBRARY_ROOT:Authors alphabetical/Richardson, Hugh/Richardson 1985 A Corpus of Early Tibetan Inscriptions.pdf	data/local/bibliography_sources/richardson_1985_a_corpus_of_early_tibeta-c9c375c11ff6/Richardson 1985 A Corpus of Early Tibetan Inscriptions.pdf	0	Richardson, Hugh	pdf	medium	copied	2026-05-29T20:59:15.603107+00:00	
richardson_1987_early_tibetan_inscriptio-47eef6d2c806	47eef6d2c806b737fc92d418a08a876f0bc2e21ac5e90893c0402db1442ff47e	Richardson 1987 Early Tibetan Inscriptions Some Recent Disc.pdf	7000020	OBI_LIBRARY_ROOT:Authors alphabetical/Richardson, Hugh/Richardson 1987 Early Tibetan Inscriptions Some Recent Disc.pdf	OBI_LIBRARY_ROOT:Authors alphabetical/Richardson, Hugh/Richardson 1987 Early Tibetan Inscriptions Some Recent Disc.pdf	data/local/bibliography_sources/richardson_1987_early_tibetan_inscriptio-47eef6d2c806/Richardson 1987 Early Tibetan Inscriptions Some Recent Disc.pdf	0	Richardson, Hugh	pdf	medium	copied	2026-05-29T20:59:15.669889+00:00	
richardson_1988_more_early_inscriptions-1721cac09470	1721cac09470e329083921f9ce2456866aba08198d872f55a3cd6b4cef0be330	Richardson 1988 More Early Inscriptions.pdf	185658	OBI_LIBRARY_ROOT:Authors alphabetical/Richardson, Hugh/Richardson 1988 More Early Inscriptions.pdf	OBI_LIBRARY_ROOT:Authors alphabetical/Richardson, Hugh/Richardson 1988 More Early Inscriptions.pdf	data/local/bibliography_sources/richardson_1988_more_early_inscriptions-1721cac09470/Richardson 1988 More Early Inscriptions.pdf	0	Richardson, Hugh	pdf	medium	copied	2026-05-29T20:59:15.490697+00:00	
richardson_1995_tibetan_inscription_attr-f3cebdb23e27	f3cebdb23e2775b99ca1db78aca7a99f4937174b4384151eecd83d5c39a3a653	Richardson 1995 Tibetan Inscription Attributed to Ye-shes-'.pdf	157291	OBI_LIBRARY_ROOT:Authors alphabetical/Richardson, Hugh/Richardson 1995 Tibetan Inscription Attributed to Ye-shes-'.pdf	OBI_LIBRARY_ROOT:Authors alphabetical/Richardson, Hugh/Richardson 1995 Tibetan Inscription Attributed to Ye-shes-'.pdf	data/local/bibliography_sources/richardson_1995_tibetan_inscription_attr-f3cebdb23e27/Richardson 1995 Tibetan Inscription Attributed to Ye-shes-'.pdf	0	Richardson, Hugh	pdf	medium	copied	2026-05-29T20:59:15.605238+00:00	
richardson_jras_article_re_photos-8849f4c5e9df	8849f4c5e9df87f997962f7642975f86204105b4019adc0944053c595f6be963	Richardson JRAS article re photos.pdf	1544662	OBI_AUTHOR_ALPHA_ROOT:Richardson, Hugh/Richardson JRAS article re photos.pdf	OBI_AUTHOR_ALPHA_ROOT:Richardson, Hugh/Richardson JRAS article re photos.pdf | OBI_LIBRARY_ROOT:Authors alphabetical/Richardson, Hugh/Richardson JRAS article re photos.pdf	data/local/bibliography_sources/richardson_jras_article_re_photos-8849f4c5e9df/Richardson JRAS article re photos.pdf	1	Richardson, Hugh	pdf	high	reused_existing	2026-05-29T22:23:00.432234+00:00	
richardsonchinginscriptions-8af26c38626b	8af26c38626b6797f9f109b2c857c5b63f4f65b42cbc58fa6d46fad5509486ed	RichardsonChingInscriptions.pdf	4319463	OBI_LIBRARY_ROOT:Authors alphabetical/Richardson, Hugh/RichardsonChingInscriptions.pdf	OBI_LIBRARY_ROOT:Authors alphabetical/Richardson, Hugh/RichardsonChingInscriptions.pdf	data/local/bibliography_sources/richardsonchinginscriptions-8af26c38626b/RichardsonChingInscriptions.pdf	0	Richardson, Hugh	pdf	medium	copied	2026-05-29T20:59:15.557447+00:00	
san_win_1998_pyu_urn_inscriptions-707dd64cde9a	707dd64cde9a642634ac2e06ae521ae84a99eca1b0a8106a3db12716264d0f79	San Win 1998 Pyu Urn Inscriptions.pdf	649125	OBI_LIBRARY_ROOT:Thematic/Pyu/San Win 1998 Pyu Urn Inscriptions.pdf	OBI_LIBRARY_ROOT:Thematic/Pyu/San Win 1998 Pyu Urn Inscriptions.pdf	data/local/bibliography_sources/san_win_1998_pyu_urn_inscriptions-707dd64cde9a/San Win 1998 Pyu Urn Inscriptions.pdf	0	Pyu	pdf	medium	copied	2026-05-29T20:59:03.258936+00:00	
sander_1994_a_graffito_with_the_quintess-255047b60ee9	255047b60ee92da03289b23d6cc3d24c593fe3b81da52995e98fbe4d942c1850	Sander 1994 A Graffito with the Quintessence of Buddhist Do.pdf	1476970	OBI_LIBRARY_ROOT:Authors alphabetical/inscription articles/Sander 1994 A Graffito with the Quintessence of Buddhist Do.pdf	OBI_LIBRARY_ROOT:Authors alphabetical/inscription articles/Sander 1994 A Graffito with the Quintessence of Buddhist Do.pdf	data/local/bibliography_sources/sander_1994_a_graffito_with_the_quintess-255047b60ee9/Sander 1994 A Graffito with the Quintessence of Buddhist Do.pdf	0	inscription articles	pdf	medium	copied	2026-05-29T20:59:15.878839+00:00	
sanderson_alexis_vajrayana_origin_and_fu-12ef4a98b77c	12ef4a98b77ccc2d4d67f875fa5f7931af15585819b7d83626154864634914b1	Sanderson, Alexis - Vajrayana - Origin and Function.pdf	1936170	OBI_LIBRARY_ROOT:Authors alphabetical/Sanderson, Alexis/Sanderson, Alexis - Vajrayana - Origin and Function.pdf	OBI_LIBRARY_ROOT:Authors alphabetical/Sanderson, Alexis/Sanderson, Alexis - Vajrayana - Origin and Function.pdf	data/local/bibliography_sources/sanderson_alexis_vajrayana_origin_and_fu-12ef4a98b77c/Sanderson, Alexis - Vajrayana - Origin and Function.pdf	0	Sanderson, Alexis	pdf	medium	copied	2026-05-29T20:59:09.073158+00:00	
sankarnarayanan_et_al_2002_lokaprajnapti-36920b979aa3	36920b979aa38634914c644aae20214cc56871405924d1895f8a5d3105a3e27e	Sankarnarayanan et al 2002 Lokaprajnapti Buddhist Cosmology.pdf	82923165	OBI_LIBRARY_ROOT:Thematic/from Gergoe/Sankarnarayanan et al 2002 Lokaprajnapti Buddhist Cosmology.pdf	OBI_LIBRARY_ROOT:Thematic/from Gergoe/Sankarnarayanan et al 2002 Lokaprajnapti Buddhist Cosmology.pdf	data/local/bibliography_sources/sankarnarayanan_et_al_2002_lokaprajnapti-36920b979aa3/Sankarnarayanan et al 2002 Lokaprajnapti Buddhist Cosmology.pdf	0	from Gergoe	pdf	medium	copied	2026-05-29T20:59:00.064177+00:00	
sato_et_al_2007_bilingual_inscription_at-17d214bb9ccd	17d214bb9ccde7cdb87e268b538ba5fbfac5c7cdbed2a72a55660eb3c702379d	Sato et al 2007 bilingual inscription at black bridge.pdf	1264337	OBI_LIBRARY_ROOT:Authors alphabetical/inscription articles/Sato et al 2007 bilingual inscription at black bridge.pdf	OBI_LIBRARY_ROOT:Authors alphabetical/inscription articles/Sato et al 2007 bilingual inscription at black bridge.pdf	data/local/bibliography_sources/sato_et_al_2007_bilingual_inscription_at-17d214bb9ccd/Sato et al 2007 bilingual inscription at black bridge.pdf	0	inscription articles	pdf	medium	copied	2026-05-29T20:59:15.996709+00:00	
schwartz_2015_china_s_first_prayer-3af0458ec35d	3af0458ec35d34d924c39a096bd8d2ebaabe03dc7c6eca541fb81c60e5892b7b	Schwartz 2015 China's first prayer.pdf	1913210	OBI_LIBRARY_ROOT:Thematic/Chinese/Sinology/Schwartz 2015 China's first prayer.pdf	OBI_LIBRARY_ROOT:Thematic/Chinese/Sinology/Schwartz 2015 China's first prayer.pdf	data/local/bibliography_sources/schwartz_2015_china_s_first_prayer-3af0458ec35d/Schwartz 2015 China's first prayer.pdf	0	Sinology	pdf	medium	copied	2026-05-29T20:59:01.584715+00:00	
schwartz_2019_the_oracle_bone_inscriptio-616823898d43	616823898d4324999e9be7b67460eaf49e53e314082a992231ed0c48bbad35ac	Schwartz 2019 The Oracle Bone Inscriptions from Huayuanzhuang East] The Oracle Bone Inscriptions from Huayuanzhuang East.pdf	5243583	OBI_LIBRARY_ROOT:Authors alphabetical/Schwartz, Adam/Schwartz 2019 The Oracle Bone Inscriptions from Huayuanzhuang East] The Oracle Bone Inscriptions from Huayuanzhuang East.pdf	OBI_LIBRARY_ROOT:Authors alphabetical/Schwartz, Adam/Schwartz 2019 The Oracle Bone Inscriptions from Huayuanzhuang East] The Oracle Bone Inscriptions from Huayuanzhuang East.pdf	data/local/bibliography_sources/schwartz_2019_the_oracle_bone_inscriptio-616823898d43/Schwartz 2019 The Oracle Bone Inscriptions from Huayuanzhuang East] The Oracle Bone Inscriptions from Huayuanzhuang East.pdf	0	Schwartz, Adam	pdf	medium	copied	2026-05-29T20:59:10.113684+00:00	
sein_maung_oo_1989_burmese_writing_and_m-e2583b022300	e2583b0223000239094f0a3e41471b24f1ea3f412354c5a67708daa270ffac5d	Sein Maung Oo 1989 Burmese writing and monastic education Pagan.pdf	3423255	OBI_LIBRARY_ROOT:Thematic/Pyu/Sein Maung Oo 1989 Burmese writing and monastic education Pagan.pdf	OBI_LIBRARY_ROOT:Thematic/Pyu/Sein Maung Oo 1989 Burmese writing and monastic education Pagan.pdf	data/local/bibliography_sources/sein_maung_oo_1989_burmese_writing_and_m-e2583b022300/Sein Maung Oo 1989 Burmese writing and monastic education Pagan.pdf	0	Pyu	pdf	medium	copied	2026-05-29T21:20:35.555386+00:00	
selth_2009_burma_since_the_1988_uprising-f55903476124	f55903476124fb663738bca593e4a3bc947cfef478e4b5e1f0f54dbd6c07987b	Selth - 2009 - Burma since the 1988 uprising A select bibliograp.pdf	210178	OBI_LIBRARY_ROOT:Thematic/Bibliographies/Selth - 2009 - Burma since the 1988 uprising A select bibliograp.pdf	OBI_LIBRARY_ROOT:Thematic/Bibliographies/Selth - 2009 - Burma since the 1988 uprising A select bibliograp.pdf	data/local/bibliography_sources/selth_2009_burma_since_the_1988_uprising-f55903476124/Selth - 2009 - Burma since the 1988 uprising A select bibliograp.pdf	0	Bibliographies	pdf	medium	copied	2026-05-29T21:20:34.133641+00:00	
selth_2015_burma_since_the_1988_uprising-6d7bc7d125f6	6d7bc7d125f61c82d1f63bdede4777745a31ec55cfe1e81278205e87f574bb10	Selth - 2015 - Burma since the 1988 uprising A select bibliograp.pdf	836525	OBI_LIBRARY_ROOT:Thematic/Bibliographies/Selth - 2015 - Burma since the 1988 uprising A select bibliograp.pdf	OBI_LIBRARY_ROOT:Thematic/Bibliographies/Selth - 2015 - Burma since the 1988 uprising A select bibliograp.pdf	data/local/bibliography_sources/selth_2015_burma_since_the_1988_uprising-6d7bc7d125f6/Selth - 2015 - Burma since the 1988 uprising A select bibliograp.pdf	0	Bibliographies	pdf	medium	copied	2026-05-29T21:20:34.129987+00:00	
serruys_paul_1982a_towards_a_grammar_of_-775b405f99a4	775b405f99a47abb9924413033316c3a2c40ba9030bad7eb82a167cbd7365683	Serruys, Paul - 1982a - Towards a Grammar of the Language of the Shang Bone Inscriptions.pdf	4981111	OBI_LIBRARY_ROOT:Authors alphabetical/Serruys, Fr. Paul/Serruys, Paul - 1982a - Towards a Grammar of the Language of the Shang Bone Inscriptions.pdf	OBI_LIBRARY_ROOT:Authors alphabetical/Serruys, Fr. Paul/Serruys, Paul - 1982a - Towards a Grammar of the Language of the Shang Bone Inscriptions.pdf	data/local/bibliography_sources/serruys_paul_1982a_towards_a_grammar_of_-775b405f99a4/Serruys, Paul - 1982a - Towards a Grammar of the Language of the Shang Bone Inscriptions.pdf	0	Serruys, Fr. Paul	pdf	medium	copied	2026-05-29T20:59:08.203374+00:00	
serruys_paul_l_m_studies_in_the_language-164e7d3aea21	164e7d3aea21ec492f68005041ee642dad75d2c3f11a32ae17477e1587e09a1b	Serruys, Paul L.M. - Studies in the Language of the Shang Oracle Inscriptions.pdf	4019959	OBI_LIBRARY_ROOT:Authors alphabetical/Serruys, Fr. Paul/Serruys, Paul L.M. - Studies in the Language of the Shang Oracle Inscriptions.pdf	OBI_LIBRARY_ROOT:Authors alphabetical/Serruys, Fr. Paul/Serruys, Paul L.M. - Studies in the Language of the Shang Oracle Inscriptions.pdf	data/local/bibliography_sources/serruys_paul_l_m_studies_in_the_language-164e7d3aea21/Serruys, Paul L.M. - Studies in the Language of the Shang Oracle Inscriptions.pdf	0	Serruys, Fr. Paul	pdf	medium	copied	2026-05-29T20:59:08.185636+00:00	
shafer_1943_analysis_pyu_inscriptions-8c584d7973aa	8c584d7973aaadb8419e990a625f9d9e1088e9f56ba86ac7f7816885710ef606	Shafer 1943 Analysis Pyu Inscriptions.pdf	7730043	OBI_LIBRARY_ROOT:Thematic/Pyu/Shafer 1943 Analysis Pyu Inscriptions.pdf	OBI_LIBRARY_ROOT:Thematic/Pyu/Shafer 1943 Analysis Pyu Inscriptions.pdf	data/local/bibliography_sources/shafer_1943_analysis_pyu_inscriptions-8c584d7973aa/Shafer 1943 Analysis Pyu Inscriptions.pdf	0	Pyu	pdf	medium	copied	2026-05-29T20:59:03.715125+00:00	
shafer_r_1943_analysis_of_pyu_inscriptio-de10ad0d19ef	de10ad0d19ef649f000a5e930bdc4c19266b4d42ea857fc8777b1dcf949787b1	Shafer, R. 1943 - Analysis of Pyu inscriptions.pdf	8692169	OBI_LIBRARY_ROOT:Authors alphabetical/Shafer, Robert/Shafer, R. 1943 - Analysis of Pyu inscriptions.pdf	OBI_LIBRARY_ROOT:Authors alphabetical/Shafer, Robert/Shafer, R. 1943 - Analysis of Pyu inscriptions.pdf	data/local/bibliography_sources/shafer_r_1943_analysis_of_pyu_inscriptio-de10ad0d19ef/Shafer, R. 1943 - Analysis of Pyu inscriptions.pdf	0	Shafer, Robert	pdf	medium	copied	2026-05-29T20:59:10.413100+00:00	
shafer_r_1943_pyu_inscriptions-a00b2910fcda	a00b2910fcda4c1466654345a37d27203c970addbbc3de89b2aaee7257f18c9c	Shafer, R. 1943 pyu inscriptions.pdf	3017331	OBI_LIBRARY_ROOT:Authors alphabetical/Shafer, Robert/Shafer, R. 1943 pyu inscriptions.pdf	OBI_LIBRARY_ROOT:Authors alphabetical/Shafer, Robert/Shafer, R. 1943 pyu inscriptions.pdf	data/local/bibliography_sources/shafer_r_1943_pyu_inscriptions-a00b2910fcda/Shafer, R. 1943 pyu inscriptions.pdf	0	Shafer, Robert	pdf	medium	copied	2026-05-29T20:59:10.384881+00:00	
shwe_zi_gon-2ef50c8f8954	2ef50c8f8954826a90722bbc56cb6acbc7e00d6cb8fbe0ea07133c90342473be	Shwe zi gon.pdf	786640	OBI_LIBRARY_ROOT:Thematic/Burmese/DownloadsFromBurmeseInscriptionsFacebookGroup/Shwe zi gon.pdf	OBI_LIBRARY_ROOT:Thematic/Burmese/DownloadsFromBurmeseInscriptionsFacebookGroup/Shwe zi gon.pdf	data/local/bibliography_sources/shwe_zi_gon-2ef50c8f8954/Shwe zi gon.pdf	0	DownloadsFromBurmeseInscriptionsFacebookGroup	pdf	medium	reused_existing	2026-05-29T22:23:00.453272+00:00	
sims_williams_1993_sogdian_inscriptions-f7fe3cb3d358	f7fe3cb3d3580b935f01e955bc16e3bb4e274a946c9980867a30d63edcee8b65	Sims-Williams 1993 Sogdian inscriptions.pdf	579997	OBI_LIBRARY_ROOT:Authors alphabetical/inscription articles/Sims-Williams 1993 Sogdian inscriptions.pdf	OBI_LIBRARY_ROOT:Authors alphabetical/inscription articles/Sims-Williams 1993 Sogdian inscriptions.pdf	data/local/bibliography_sources/sims_williams_1993_sogdian_inscriptions-f7fe3cb3d358/Sims-Williams 1993 Sogdian inscriptions.pdf	0	inscription articles	pdf	medium	copied	2026-05-29T20:59:16.445227+00:00	
skal_bzang_phon_tshogs_1997_dbon_zhang_r-0a1198135cc9	0a1198135cc9bdfdbfaa560ba7c7310ec215d2523a3c878a3bf6fe437c84094d	Skal Bzang Phon Tshogs 1997 Dbon Zhang rdo ring gi lo.pdf	1652844	OBI_LIBRARY_ROOT:Authors alphabetical/inscription articles/Skal Bzang Phon Tshogs 1997 Dbon Zhang rdo ring gi lo.pdf	OBI_LIBRARY_ROOT:Authors alphabetical/inscription articles/Skal Bzang Phon Tshogs 1997 Dbon Zhang rdo ring gi lo.pdf	data/local/bibliography_sources/skal_bzang_phon_tshogs_1997_dbon_zhang_r-0a1198135cc9/Skal Bzang Phon Tshogs 1997 Dbon Zhang rdo ring gi lo.pdf	0	inscription articles	pdf	medium	copied	2026-05-29T20:59:16.134386+00:00	
skar_cung_3-6cb76202cbb7	6cb76202cbb78525f7a4b1f156a3792570c63cbff1b24df7fe65e32af225018c	Skar-cung 3.pdf	3401430	OBI_LIBRARY_ROOT:Thematic/Tibetan/Tib texts/inscriptions/Author Inscriptions/New InscriptionPics/Takehashi and Takeuchi/Takeuchi photos/Skarcung/Skar-cung 3.pdf	OBI_LIBRARY_ROOT:Thematic/Tibetan/Tib texts/inscriptions/Author Inscriptions/New InscriptionPics/Takehashi and Takeuchi/Takeuchi photos/Skarcung/Skar-cung 3.pdf	data/local/bibliography_sources/skar_cung_3-6cb76202cbb7/Skar-cung 3.pdf	0	Skarcung	pdf	medium	copied	2026-05-29T20:58:58.424003+00:00	
sofronov_1970_polyglot_inscription-49015d4bc27b	49015d4bc27b81107b645827b708b6f805ba1a1ce486660e581cfb8990541e6f	Sofronov 1970 polyglot inscription.pdf	2587696	OBI_LIBRARY_ROOT:Thematic/Tangut texts/Tangut misc/Sofronov 1970 polyglot inscription.pdf	OBI_LIBRARY_ROOT:Thematic/Tangut texts/Tangut misc/Sofronov 1970 polyglot inscription.pdf	data/local/bibliography_sources/sofronov_1970_polyglot_inscription-49015d4bc27b/Sofronov 1970 polyglot inscription.pdf	0	Tangut misc	pdf	medium	copied	2026-05-29T20:58:58.000350+00:00	
sprigg_on_tibeto_burman-ed8b2801f0f3	ed8b2801f0f35b664f48907e54be0cc31a0c85246bc81c341f800f41eb92ccab	Sprigg on Tibeto-Burman.pdf	58040	OBI_AUTHOR_ALPHA_ROOT:Sprigg, R. K/Sprigg on Tibeto-Burman.pdf	OBI_AUTHOR_ALPHA_ROOT:Sprigg, R. K/Sprigg 1970 on Tibeto-Burman.pdf | OBI_AUTHOR_ALPHA_ROOT:Sprigg, R. K/Sprigg on Tibeto-Burman.pdf | OBI_LIBRARY_ROOT:Authors alphabetical/Sprigg, R. K/Sprigg 1970 on Tibeto-Burman.pdf | OBI_LIBRARY_ROOT:Authors alphabetical/Sprigg, R. K/Sprigg on Tibeto-Burman.pdf	data/local/bibliography_sources/sprigg_on_tibeto_burman-ed8b2801f0f3/Sprigg on Tibeto-Burman.pdf	3	Sprigg, R. K	pdf	medium	reused_existing	2026-05-29T22:23:00.452979+00:00	
stange_kyan-4becd198e785	4becd198e785212096add0182c351daa72e7695a36d4d2dbeb76675a75962f15	Stange Kyan.pdf	9365478	OBI_LIBRARY_ROOT:Thematic/Burmese/DownloadsFromBurmeseInscriptionsFacebookGroup/Stange Kyan.pdf	OBI_LIBRARY_ROOT:Thematic/Burmese/DownloadsFromBurmeseInscriptionsFacebookGroup/Stange Kyan.pdf	data/local/bibliography_sources/stange_kyan-4becd198e785/Stange Kyan.pdf	0	DownloadsFromBurmeseInscriptionsFacebookGroup	pdf	medium	reused_existing	2026-05-29T22:23:00.452902+00:00	
stargardt_1971_burma_s_economic_and_dipl-0acaa4bd1269	0acaa4bd126969f41bc1d05897611740a8fb25487aef403428e7fee33246b984	Stargardt 1971 Burma's Economic and Diplomatic Relations with India and China.pdf	3772592	OBI_AUTHOR_ALPHA_ROOT:Stargardt, Janice/Stargardt 1971 Burma's Economic and Diplomatic Relations with India and China.pdf	OBI_AUTHOR_ALPHA_ROOT:Stargardt, Janice/Stargardt 1971 Burma's Economic and Diplomatic Relations with India and China.pdf | OBI_LIBRARY_ROOT:Authors alphabetical/Stargardt, Janice/Stargardt 1971 Burma's Economic and Diplomatic Relations with India and China.pdf | OBI_LIBRARY_ROOT:Thematic/Pyu/Stargardt 1971 Burma's Economic and Diplomatic Relations with India and China.pdf	data/local/bibliography_sources/stargardt_1971_burma_s_economic_and_dipl-0acaa4bd1269/Stargardt 1971 Burma's Economic and Diplomatic Relations with India and China.pdf	2	Pyu | Stargardt, Janice	pdf	medium	reused_existing	2026-05-29T22:23:00.452563+00:00	
statue1-084c741396bc	084c741396bccec54999eb8ac975772cbd7c87f35c86bd6951d3062fb7db0a81	Statue1.xml	55729	OBI_LIBRARY_ROOT:Thematic/Pyu/Burma_2016 copy/Zenodo ready/JM 2016 11 13 PYU036/JM 2016 11 13 PYU036_relief/PYU036_RTI/Statue1.xml	OBI_LIBRARY_ROOT:Thematic/Pyu/Burma_2016 copy/Zenodo ready/JM 2016 11 13 PYU036/JM 2016 11 13 PYU036_RTI/Statue1.xml | OBI_LIBRARY_ROOT:Thematic/Pyu/Burma_2016 copy/Zenodo ready/JM 2016 11 13 PYU036/JM 2016 11 13 PYU036_relief/PYU036_RTI/Statue1.xml	data/local/bibliography_sources/statue1-084c741396bc/Statue1.xml	1	JM 2016 11 13 PYU036_RTI | PYU036_RTI	xml	medium	copied	2026-05-29T21:20:35.649990+00:00	
statue2-93a52724dfbd	93a52724dfbd191ef59b68ae1bb370732696a578d6ec209d620a625bed82dc02	Statue2.xml	30748	OBI_LIBRARY_ROOT:Thematic/Pyu/Burma_2016 copy/Zenodo ready/JM 2016 11 13 PYU037/JM 2016 11 13 PYU037_relief/PYU037_RTI/Statue2.xml	OBI_LIBRARY_ROOT:Thematic/Pyu/Burma_2016 copy/Zenodo ready/JM 2016 11 13 PYU037/JM 2016 11 13 PYU037_RTI/Statue2.xml | OBI_LIBRARY_ROOT:Thematic/Pyu/Burma_2016 copy/Zenodo ready/JM 2016 11 13 PYU037/JM 2016 11 13 PYU037_relief/PYU037_RTI/Statue2.xml	data/local/bibliography_sources/statue2-93a52724dfbd/Statue2.xml	1	JM 2016 11 13 PYU037_RTI | PYU037_RTI	xml	medium	copied	2026-05-29T21:20:35.579420+00:00	
stein_1907_ancient_khotan_appendix_b-bfaed5e6ab56	bfaed5e6ab56daf300e649ddc1e9d15786414e5dc1ccb9d2c53395f39a75dedf	Stein 1907 Ancient Khotan Appendix B.pdf	438489	OBI_LIBRARY_ROOT:Authors alphabetical/inscription articles/Stein 1907 Ancient Khotan Appendix B.pdf	OBI_LIBRARY_ROOT:Authors alphabetical/inscription articles/Stein 1907 Ancient Khotan Appendix B.pdf	data/local/bibliography_sources/stein_1907_ancient_khotan_appendix_b-bfaed5e6ab56/Stein 1907 Ancient Khotan Appendix B.pdf	0	inscription articles	pdf	medium	copied	2026-05-29T20:59:17.248451+00:00	
stein_1907_plates-64bb1bd08b05	64bb1bd08b0548aa3a539ec3f265ae673e484dd9c94ffda653db2036efdf2027	Stein 1907 Plates.pdf	6932593	OBI_LIBRARY_ROOT:Thematic/Tibetan/Tib texts/inscriptions/Author Inscriptions/New InscriptionPics/Stein 1907 Plates.pdf	OBI_LIBRARY_ROOT:Thematic/Tibetan/Tib texts/inscriptions/Author Inscriptions/New InscriptionPics/Stein 1907 Plates.pdf	data/local/bibliography_sources/stein_1907_plates-64bb1bd08b05/Stein 1907 Plates.pdf	0	New InscriptionPics	pdf	medium	copied	2026-05-29T20:58:58.411194+00:00	
stein_1921_serindia_appendix_k-3bc8d9e0acd2	3bc8d9e0acd2347a232e692b32c4e1316384c463310d22e4fdc991eaedc7e184	Stein 1921 Serindia Appendix K.pdf	317239	OBI_LIBRARY_ROOT:Authors alphabetical/inscription articles/Stein 1921 Serindia Appendix K.pdf	OBI_LIBRARY_ROOT:Authors alphabetical/inscription articles/Stein 1921 Serindia Appendix K.pdf	data/local/bibliography_sources/stein_1921_serindia_appendix_k-3bc8d9e0acd2/Stein 1921 Serindia Appendix K.pdf	0	inscription articles	pdf	medium	copied	2026-05-29T20:59:17.198578+00:00	
stein_1928_innermost_asia_appendix_l-1b972eb7e6f4	1b972eb7e6f439d1a2997024316f92870c02a65984d060ca183196ae400868fc	Stein 1928 Innermost Asia Appendix L.pdf	107908	OBI_LIBRARY_ROOT:Authors alphabetical/inscription articles/Stein 1928 Innermost Asia Appendix L.pdf	OBI_LIBRARY_ROOT:Authors alphabetical/inscription articles/Stein 1928 Innermost Asia Appendix L.pdf	data/local/bibliography_sources/stein_1928_innermost_asia_appendix_l-1b972eb7e6f4/Stein 1928 Innermost Asia Appendix L.pdf	0	inscription articles	pdf	medium	copied	2026-05-29T20:59:15.975093+00:00	
steinkellner_uray_festschrift-cb142d67c0ae	cb142d67c0ae17d148c2fa7a5c2664c4e43367c767691680cf898243bd6f9aed	Steinkellner_Uray-festschrift.pdf	30548320	OBI_LIBRARY_ROOT:Thematic/Tibetan/TibetanStudiesBooks/TibetanCongresses/Steinkellner_Uray-festschrift.pdf	OBI_LIBRARY_ROOT:Thematic/Tibetan/TibetanStudiesBooks/TibetanCongresses/Steinkellner_Uray-festschrift.pdf	data/local/bibliography_sources/steinkellner_uray_festschrift-cb142d67c0ae/Steinkellner_Uray-festschrift.pdf	0	TibetanCongresses	pdf	medium	copied	2026-05-29T20:58:58.737857+00:00	
stoneinscriptionssale_swere1965-1c981765c5c3	1c981765c5c33ace9b65cf03baa88a0290fb0a54e1b727f62b44988524d54ffb	StoneInscriptionsSale-Swere1965.pdf	624241	OBI_LIBRARY_ROOT:Thematic/Burmese/Burma JBRS/1965/StoneInscriptionsSale-Swere1965.pdf	OBI_LIBRARY_ROOT:Thematic/Burmese/Burma JBRS/1965/StoneInscriptionsSale-Swere1965.pdf	data/local/bibliography_sources/stoneinscriptionssale_swere1965-1c981765c5c3/StoneInscriptionsSale-Swere1965.pdf	0	1965	pdf	medium	reused_existing	2026-05-29T22:23:00.452468+00:00	
sun_hongkai_1988_notes_on_anong_a_new_la-de2dfd9f24fe	de2dfd9f24fe0ee92dc71708803d577701aea76f9bfb39f348e098be53d0c182	Sun Hongkai 1988_Notes on Anong, a new language (Ling of the Tibeto-Burman Area).pdf	13002145	OBI_LIBRARY_ROOT:Thematic/Nungish/Anung/Sun Hongkai 1988_Notes on Anong, a new language (Ling of the Tibeto-Burman Area).pdf	OBI_LIBRARY_ROOT:Thematic/Nungish/Anung/Sun Hongkai 1988_Notes on Anong, a new language (Ling of the Tibeto-Burman Area).pdf	data/local/bibliography_sources/sun_hongkai_1988_notes_on_anong_a_new_la-de2dfd9f24fe/Sun Hongkai 1988_Notes on Anong, a new language (Ling of the Tibeto-Burman Area).pdf	0	Anung	pdf	medium	copied	2026-05-29T21:20:33.108515+00:00	
sun_hongkai_1992_on_nationality_and_the_-038d7cfc9d5c	038d7cfc9d5c5148166db61f31407363e2927b5363f8ad15d03cdd478d47494c	Sun Hongkai 1992_On nationality and the recognition of Tibeto-Burman languages.pdf	8210139	OBI_LIBRARY_ROOT:Thematic/Nungish/.general, comparative linguistics related to Rvwang and Tvrung/Sun Hongkai 1992_On nationality and the recognition of Tibeto-Burman languages.pdf	OBI_LIBRARY_ROOT:Thematic/Nungish/.general, comparative linguistics related to Rvwang and Tvrung/Sun Hongkai 1992_On nationality and the recognition of Tibeto-Burman languages.pdf	data/local/bibliography_sources/sun_hongkai_1992_on_nationality_and_the_-038d7cfc9d5c/Sun Hongkai 1992_On nationality and the recognition of Tibeto-Burman languages.pdf	0	.general, comparative linguistics related to Rvwang and Tvrung	pdf	medium	copied	2026-05-29T21:20:33.049825+00:00	
sun_hongkai_1999_on_the_category_of_caus-46a97aecf454	46a97aecf4548668930165cae9d59ddbb92d996278acfd80a642ae7839d081af	Sun Hongkai 1999_On the category of causative verbs in Tibeto-Burman languages.pdf	5089603	OBI_LIBRARY_ROOT:Thematic/Nungish/.general, comparative linguistics related to Rvwang and Tvrung/Sun Hongkai 1999_On the category of causative verbs in Tibeto-Burman languages.pdf	OBI_LIBRARY_ROOT:Thematic/Nungish/.general, comparative linguistics related to Rvwang and Tvrung/Sun Hongkai 1999_On the category of causative verbs in Tibeto-Burman languages.pdf	data/local/bibliography_sources/sun_hongkai_1999_on_the_category_of_caus-46a97aecf454/Sun Hongkai 1999_On the category of causative verbs in Tibeto-Burman languages.pdf	0	.general, comparative linguistics related to Rvwang and Tvrung	pdf	medium	copied	2026-05-29T21:20:33.023515+00:00	
sun_laichen_1997_chinese_historical_sour-ecc3e9a7a113	ecc3e9a7a1133e93da4847263fb490ab620090166a627f99cabcceec1a09ca5c	Sun Laichen - 1997 - Chinese historical sources on Burma A bibliograph.pdf	5631855	OBI_LIBRARY_ROOT:Thematic/Bibliographies/Sun Laichen - 1997 - Chinese historical sources on Burma A bibliograph.pdf	OBI_LIBRARY_ROOT:Thematic/Bibliographies/Sun Laichen - 1997 - Chinese historical sources on Burma A bibliograph.pdf	data/local/bibliography_sources/sun_laichen_1997_chinese_historical_sour-ecc3e9a7a113/Sun Laichen - 1997 - Chinese historical sources on Burma A bibliograph.pdf	0	Bibliographies	pdf	medium	copied	2026-05-29T21:20:34.022518+00:00	
suwa_1950_date_of_the_lhasa_treaty_edict-32a6bff6e56c	32a6bff6e56c031bbdcedb38d0a9a742c2bf742e424e9d7cb5b3aaef458cdd6c	Suwa 1950 Date of the Lhasa treaty edict.pdf	4422064	OBI_LIBRARY_ROOT:Authors alphabetical/inscription articles/Suwa 1950 Date of the Lhasa treaty edict.pdf	OBI_LIBRARY_ROOT:Authors alphabetical/inscription articles/Suwa 1950 Date of the Lhasa treaty edict.pdf	data/local/bibliography_sources/suwa_1950_date_of_the_lhasa_treaty_edict-32a6bff6e56c/Suwa 1950 Date of the Lhasa treaty edict.pdf	0	inscription articles	pdf	medium	copied	2026-05-29T20:59:15.855353+00:00	
takasaki_1977_some_newly_found_tibetan_m-bf0692914551	bf0692914551d70a32852c59156c9d2ea3abc1c910da4b69c053311e57c265c6	Takasaki 1977 Some Newly Found Tibetan Manuscript.pdf	4316844	OBI_LIBRARY_ROOT:Authors alphabetical/inscription articles/Takasaki 1977 Some Newly Found Tibetan Manuscript.pdf	OBI_LIBRARY_ROOT:Authors alphabetical/inscription articles/Takasaki 1977 Some Newly Found Tibetan Manuscript.pdf	data/local/bibliography_sources/takasaki_1977_some_newly_found_tibetan_m-bf0692914551/Takasaki 1977 Some Newly Found Tibetan Manuscript.pdf	0	inscription articles	pdf	medium	copied	2026-05-29T20:59:16.225282+00:00	
takashima_ken_1973_negatives_in_the_king-fd7ab7437604	fd7ab7437604a182f2d03d62eae7ea368577198d494e34a9f7691b88f2c364d6	Takashima, Ken 1973 Negatives in the King Wu-ting bone inscriptions - Ph.D Diss, 1973.pdf	18753795	OBI_LIBRARY_ROOT:Authors alphabetical/Takashima, Kenichi/Takashima, Ken 1973 Negatives in the King Wu-ting bone inscriptions - Ph.D Diss, 1973.pdf	OBI_LIBRARY_ROOT:Authors alphabetical/Takashima, Kenichi/Takashima, Ken 1973 Negatives in the King Wu-ting bone inscriptions - Ph.D Diss, 1973.pdf	data/local/bibliography_sources/takashima_ken_1973_negatives_in_the_king-fd7ab7437604/Takashima, Ken 1973 Negatives in the King Wu-ting bone inscriptions - Ph.D Diss, 1973.pdf	0	Takashima, Kenichi	pdf	medium	copied	2026-05-29T20:59:07.983293+00:00	
takashima_ken_1979_decipherment_of_the_w-60548bd5d3c2	60548bd5d3c2dd9ce1d93170257b79ce28c14ab77912dcf142c3753dc51f1706	Takashima, Ken 1979 Decipherment of the Word 'Yu' in the Shang Oracle-Bone Inscriptions and in Pre-Classical Chinese.pdf	2230107	OBI_LIBRARY_ROOT:Authors alphabetical/Takashima, Kenichi/Takashima, Ken 1979 Decipherment of the Word 'Yu' in the Shang Oracle-Bone Inscriptions and in Pre-Classical Chinese.pdf	OBI_LIBRARY_ROOT:Authors alphabetical/Takashima, Kenichi/Takashima, Ken 1979 Decipherment of the Word 'Yu' in the Shang Oracle-Bone Inscriptions and in Pre-Classical Chinese.pdf	data/local/bibliography_sources/takashima_ken_1979_decipherment_of_the_w-60548bd5d3c2/Takashima, Ken 1979 Decipherment of the Word 'Yu' in the Shang Oracle-Bone Inscriptions and in Pre-Classical Chinese.pdf	0	Takashima, Kenichi	pdf	medium	copied	2026-05-29T20:59:07.994742+00:00	
takashima_ken_2014_two_competing_interpr-74d4ea801c2b	74d4ea801c2be9edb3c99d212885e4e1fa80c6a914a26c7f85450bc826684de2	Takashima, Ken 2014 Two Competing Interpretations- Cong 从 or Bi 比 in Oracle-Bone Inscriptions.pdf	470311	OBI_LIBRARY_ROOT:Authors alphabetical/Takashima, Kenichi/Takashima, Ken 2014 Two Competing Interpretations- Cong 从 or Bi 比 in Oracle-Bone Inscriptions.pdf	OBI_LIBRARY_ROOT:Authors alphabetical/Takashima, Kenichi/Takashima, Ken 2014 Two Competing Interpretations- Cong 从 or Bi 比 in Oracle-Bone Inscriptions.pdf	data/local/bibliography_sources/takashima_ken_2014_two_competing_interpr-74d4ea801c2b/Takashima, Ken 2014 Two Competing Interpretations- Cong 从 or Bi 比 in Oracle-Bone Inscriptions.pdf	0	Takashima, Kenichi	pdf	medium	copied	2026-05-29T20:59:07.998534+00:00	
takasuki_1976_some_newly_found-b515e7da7dd5	b515e7da7dd59718e6d5c6daad4f49791e8dda96b24dffa9f974b788b2fa0d38	Takasuki 1976 Some Newly Found.pdf	4119302	OBI_LIBRARY_ROOT:Authors alphabetical/inscription articles/Takasuki 1976 Some Newly Found.pdf	OBI_LIBRARY_ROOT:Authors alphabetical/inscription articles/Takasuki 1976 Some Newly Found.pdf	data/local/bibliography_sources/takasuki_1976_some_newly_found-b515e7da7dd5/Takasuki 1976 Some Newly Found.pdf	0	inscription articles	pdf	medium	copied	2026-05-29T20:59:16.051909+00:00	
takata_2006_lijian_08_am_vol19-fa32ea1c31b9	fa32ea1c31b992479264afad85efe3a62444fa45a226c1006b18dc4a515ea3dc	Takata 2006 Lijian 08 AM vol19.pdf	6521916	OBI_LIBRARY_ROOT:Authors alphabetical/inscription articles/Takata 2006 Lijian 08 AM vol19.pdf	OBI_LIBRARY_ROOT:Authors alphabetical/inscription articles/Takata 2006 Lijian 08 AM vol19.pdf	data/local/bibliography_sources/takata_2006_lijian_08_am_vol19-fa32ea1c31b9/Takata 2006 Lijian 08 AM vol19.pdf	0	inscription articles	pdf	medium	copied	2026-05-29T20:59:16.509479+00:00	
takeuchi_1996_memo-e87300d03e1b	e87300d03e1b0eba00fa3e10537f746ce982bcc4b52796618608b4ba5249bca8	Takeuchi 1996 Memo.pdf	7318882	OBI_LIBRARY_ROOT:Thematic/Tibetan/Tib texts/inscriptions/Author Inscriptions/New InscriptionPics/Takehashi and Takeuchi/Takeuchi 1996 Memo.pdf	OBI_LIBRARY_ROOT:Thematic/Tibetan/Tib texts/inscriptions/Author Inscriptions/New InscriptionPics/Takehashi and Takeuchi/Takeuchi 1996 Memo.pdf	data/local/bibliography_sources/takeuchi_1996_memo-e87300d03e1b/Takeuchi 1996 Memo.pdf	0	Takehashi and Takeuchi	pdf	medium	copied	2026-05-29T20:58:58.455825+00:00	
takeuchi_1999-e5a47a698f95	e5a47a698f958402a41a228ab7566dada3a50e7a8cd63bbaa982981c1a316905	Takeuchi 1999.PDF	1629742	OBI_LIBRARY_ROOT:Thematic/Tibetan/Tib texts/inscriptions/Author Inscriptions/New InscriptionPics/Takehashi and Takeuchi/Takeuchi 1999.PDF	OBI_LIBRARY_ROOT:Thematic/Tibetan/Tib texts/inscriptions/Author Inscriptions/New InscriptionPics/Takehashi and Takeuchi/Takeuchi 1999.PDF	data/local/bibliography_sources/takeuchi_1999-e5a47a698f95/Takeuchi 1999.PDF	0	Takehashi and Takeuchi	pdf	medium	copied	2026-05-29T20:58:58.431972+00:00	
takeuchi_2013_oldtibetanrockinscriptions-9cf926f23011	9cf926f23011187d3d661570c1f6a985dbd4910c7abc99a84c7b60ec2607b1d5	Takeuchi 2013 OldTibetanRockInscriptionsNearAlchi.pdf	2342257	OBI_LIBRARY_ROOT:Authors alphabetical/Takeuchi/Takeuchi 2013 OldTibetanRockInscriptionsNearAlchi.pdf	OBI_LIBRARY_ROOT:Authors alphabetical/Takeuchi/Takeuchi 2013 OldTibetanRockInscriptionsNearAlchi.pdf	data/local/bibliography_sources/takeuchi_2013_oldtibetanrockinscriptions-9cf926f23011/Takeuchi 2013 OldTibetanRockInscriptionsNearAlchi.pdf	0	Takeuchi	pdf	medium	copied	2026-05-29T20:59:08.236874+00:00	
takeuchi_2013_rock_inscriptions-3718060f28bd	3718060f28bd29031786b64255e11bd7e180fe161b1bbbfd52bb380bfa51d766	Takeuchi 2013 rock inscriptions.pdf	6653919	OBI_LIBRARY_ROOT:Authors alphabetical/Takeuchi/Takeuchi 2013 rock inscriptions.pdf	OBI_LIBRARY_ROOT:Authors alphabetical/Takeuchi/Takeuchi 2013 rock inscriptions.pdf	data/local/bibliography_sources/takeuchi_2013_rock_inscriptions-3718060f28bd/Takeuchi 2013 rock inscriptions.pdf	0	Takeuchi	pdf	medium	copied	2026-05-29T20:59:08.226680+00:00	
taungthas_thantin1928-8a181c04fc05	8a181c04fc05cc45b042c8d759c3cb951f2fa714c8d32a70f231a568556b3749	Taungthas-ThanTin1928.pdf	398020	OBI_LIBRARY_ROOT:Thematic/Burmese/Burma JBRS/1928/Taungthas-ThanTin1928.pdf	OBI_LIBRARY_ROOT:Thematic/Burmese/Burma JBRS/1928/Taungthas-ThanTin1928.pdf	data/local/bibliography_sources/taungthas_thantin1928-8a181c04fc05/Taungthas-ThanTin1928.pdf	0	1928	pdf	medium	reused_existing	2026-05-29T22:23:00.452205+00:00	
taw_sein_ko_1899_inscriptions_of_pagan-254902496aa8	254902496aa8813e90e214417d74c654f4ff0c4393f6c5b8c2ed86dc589236d9	Taw Sein Ko 1899 Inscriptions of Pagan.pdf	6179630	OBI_LIBRARY_ROOT:Thematic/Pyu/Taw Sein Ko 1899 Inscriptions of Pagan.pdf	OBI_LIBRARY_ROOT:Thematic/Burmese/DownloadsFromBurmeseInscriptionsFacebookGroup/93_TawSeinKo_Inscriptions_of_Pagan.pdf | OBI_LIBRARY_ROOT:Thematic/Pyu/Taw Sein Ko 1899 Inscriptions of Pagan.pdf	data/local/bibliography_sources/taw_sein_ko_1899_inscriptions_of_pagan-254902496aa8/Taw Sein Ko 1899 Inscriptions of Pagan.pdf	1	DownloadsFromBurmeseInscriptionsFacebookGroup | Pyu	pdf	medium	reused_existing	2026-05-29T22:23:00.451931+00:00	
tehuelche_el_fernandez_garay-bdfc18288a00	bdfc18288a00bdea25107042557d4f8f2401be69f8d901b9440c9e9c7494225f	Tehuelche, El (Fernandez Garay).pdf	46389790	OBI_LIBRARY_ROOT:Thematic/lg families/South American/Other/Tehuelche, El (Fernandez Garay).pdf	OBI_LIBRARY_ROOT:Thematic/lg families/South American/Other/Tehuelche, El (Fernandez Garay).pdf	data/local/bibliography_sources/tehuelche_el_fernandez_garay-bdfc18288a00/Tehuelche, El (Fernandez Garay).pdf	0	Other	pdf	medium	copied	2026-05-29T20:59:04.239732+00:00	
teramoto_1929_to_ban_kaimei_hibun-9198299cba3e	9198299cba3ead818365d479776d75a78de868081c7199eee8cc1e45b44fad60	Teramoto 1929 To-Ban kaimei hibun.pdf	4005336	OBI_LIBRARY_ROOT:Authors alphabetical/inscription articles/Teramoto 1929 To-Ban kaimei hibun.pdf	OBI_LIBRARY_ROOT:Authors alphabetical/inscription articles/Teramoto 1929 To-Ban kaimei hibun.pdf	data/local/bibliography_sources/teramoto_1929_to_ban_kaimei_hibun-9198299cba3e/Teramoto 1929 To-Ban kaimei hibun.pdf	0	inscription articles	pdf	medium	copied	2026-05-29T20:59:16.148954+00:00	
thakur_1994_a_tibetan_inscription_by_iha-8135d8a14e1e	8135d8a14e1edfcf452513ac5c46249a1894dc7da1469fe68c239d62daec8e8d	Thakur 1994 A Tibetan Inscription By IHa Bla-ma Ye-shes-od.pdf	5916117	OBI_LIBRARY_ROOT:Authors alphabetical/inscription articles/Thakur 1994 A Tibetan Inscription By IHa Bla-ma Ye-shes-od.pdf	OBI_LIBRARY_ROOT:Authors alphabetical/inscription articles/Thakur 1994 A Tibetan Inscription By IHa Bla-ma Ye-shes-od.pdf	data/local/bibliography_sources/thakur_1994_a_tibetan_inscription_by_iha-8135d8a14e1e/Thakur 1994 A Tibetan Inscription By IHa Bla-ma Ye-shes-od.pdf	0	inscription articles	pdf	medium	copied	2026-05-29T20:59:16.015546+00:00	
thakur_1997_tibetan_historical_inscripti-bbfc33636ff8	bbfc33636ff85fd5d3e7bd51f09803607fc29e84424f745c53f822085686a45a	Thakur 1997 Tibetan Historical Inscriptions From Kinnaur.pdf	1574236	OBI_LIBRARY_ROOT:Authors alphabetical/inscription articles/Thakur 1997 Tibetan Historical Inscriptions From Kinnaur.pdf	OBI_LIBRARY_ROOT:Authors alphabetical/inscription articles/Thakur 1997 Tibetan Historical Inscriptions From Kinnaur.pdf	data/local/bibliography_sources/thakur_1997_tibetan_historical_inscripti-bbfc33636ff8/Thakur 1997 Tibetan Historical Inscriptions From Kinnaur.pdf	0	inscription articles	pdf	medium	copied	2026-05-29T20:59:16.023511+00:00	
thakur_laxman_2000_earliest_inscriptions-be482a9b4dfb	be482a9b4dfb10d64311fd1571d69e40adedbcdab8f1cd4e00c0e3a41e537bb5	Thakur Laxman 2000 earliest inscriptions from Tabo.pdf	1708323	OBI_LIBRARY_ROOT:Thematic/Tibetan/Tib texts/inscriptions/Author Inscriptions/Thakur 2000/Thakur Laxman 2000 earliest inscriptions from Tabo.pdf	OBI_LIBRARY_ROOT:Thematic/Tibetan/Tib texts/inscriptions/Author Inscriptions/Thakur 2000/Thakur Laxman 2000 earliest inscriptions from Tabo.pdf	data/local/bibliography_sources/thakur_laxman_2000_earliest_inscriptions-be482a9b4dfb/Thakur Laxman 2000 earliest inscriptions from Tabo.pdf	0	Thakur 2000	pdf	medium	copied	2026-05-29T20:58:58.463748+00:00	
the_inscription_at_ra_tsag_dgon_pa-dc8c470e70e6	dc8c470e70e61ceb2941ee9d3c717d047de9c22c5b2083ff1a53c69b8c1f4b7c	The Inscription at Ra tsag dgon pa.pdf	274880	OBI_LIBRARY_ROOT:Authors alphabetical/Richardson, Hugh/The Inscription at Ra tsag dgon pa.pdf	OBI_LIBRARY_ROOT:Authors alphabetical/Richardson, Hugh/The Inscription at Ra tsag dgon pa.pdf	data/local/bibliography_sources/the_inscription_at_ra_tsag_dgon_pa-dc8c470e70e6/The Inscription at Ra tsag dgon pa.pdf	0	Richardson, Hugh	pdf	medium	copied	2026-05-29T20:59:15.612828+00:00	
the_lord_s_prayer_in_three_hundred_langu-a9e70b502c53	a9e70b502c53868821f95f9b15a8e9b687cfa993a225a7cee20cd9e6933a8888	The_Lord_s_Prayer_in_Three_Hundred_Langu.pdf	5215836	OBI_LIBRARY_ROOT:Thematic/Grammars/lords_prayer_300/The_Lord_s_Prayer_in_Three_Hundred_Langu.pdf	OBI_LIBRARY_ROOT:Thematic/Grammars/lords_prayer_300/The_Lord_s_Prayer_in_Three_Hundred_Langu.pdf	data/local/bibliography_sources/the_lord_s_prayer_in_three_hundred_langu-a9e70b502c53/The_Lord_s_Prayer_in_Three_Hundred_Langu.pdf	0	lords_prayer_300	pdf	medium	copied	2026-05-29T20:59:00.487658+00:00	
theinlwin_2016_handwritingfrombaganregio-07bf076556e2	07bf076556e239505142b79c4caeb58f44d1651ab2504b225e2d18c814c82d34	TheinLwin-2016-HandwritingFromBaganRegion-PhD.pdf	835769	OBI_LIBRARY_ROOT:Thematic/Burmese/TheinLwinPhD jpg/TheinLwin-2016-HandwritingFromBaganRegion-PhD.pdf	OBI_LIBRARY_ROOT:Thematic/Burmese/TheinLwinPhD jpg/TheinLwin-2016-HandwritingFromBaganRegion-PhD.pdf	data/local/bibliography_sources/theinlwin_2016_handwritingfrombaganregio-07bf076556e2/TheinLwin-2016-HandwritingFromBaganRegion-PhD.pdf	0	TheinLwinPhD jpg	pdf	medium	copied	2026-05-29T21:20:29.572730+00:00	
432097-cd71b0e9e12b	cd71b0e9e12b9ef5e11115598e9d4984938157c7e9b881e1b8bb13630d0dbffc	Thrones-YiYi1960.pdf	1563112	OBI_LIBRARY_ROOT:Thematic/Burmese/Burma JBRS/1960/Thrones-YiYi1960.pdf	OBI_LIBRARY_ROOT:Thematic/Burmese/Burma JBRS/1960/Thrones-YiYi1960.pdf | OBI_LIBRARY_ROOT:Thematic/Burmese/Burma JBRS/JBRS Originals/432097.pdf	data/local/bibliography_sources/432097-cd71b0e9e12b/432097.pdf	1	1960 | JBRS Originals	pdf	medium	reused_existing	2026-05-29T22:23:00.451867+00:00	
thub_bstan_skal_ldan_1995_rgyal_khab_kyi-217c96cb5297	217c96cb529709377eda5b9c0b7df5e0efd3b9eb900db38e9a23ee0edf5a6396	Thub Bstan Skal Ldan 1995 Rgyal Khab Kyis Ma Duguz.pdf	365353	OBI_LIBRARY_ROOT:Authors alphabetical/inscription articles/Thub Bstan Skal Ldan 1995 Rgyal Khab Kyis Ma Duguz.pdf	OBI_LIBRARY_ROOT:Authors alphabetical/inscription articles/Thub Bstan Skal Ldan 1995 Rgyal Khab Kyis Ma Duguz.pdf	data/local/bibliography_sources/thub_bstan_skal_ldan_1995_rgyal_khab_kyi-217c96cb5297/Thub Bstan Skal Ldan 1995 Rgyal Khab Kyis Ma Duguz.pdf	0	inscription articles	pdf	medium	copied	2026-05-29T20:59:17.263386+00:00	
thurgood_g_1985_pronouns_verbs_subgroupi-afe96e121f08	afe96e121f0883300265e821e0ca94458d0c41d6462c98ffdfd6a458eb88b60d	Thurgood, G. 1985 Pronouns, verbs, subgrouping of Tibeto-Burman.pdf	3469332	OBI_AUTHOR_ALPHA_ROOT:Thurgood, G/Thurgood, G. 1985 Pronouns, verbs, subgrouping of Tibeto-Burman.pdf	OBI_AUTHOR_ALPHA_ROOT:Thurgood, G/Thurgood, G. 1985 Pronouns, verbs, subgrouping of Tibeto-Burman.pdf | OBI_LIBRARY_ROOT:Authors alphabetical/Thurgood, G/Thurgood, G. 1985 Pronouns, verbs, subgrouping of Tibeto-Burman.pdf	data/local/bibliography_sources/thurgood_g_1985_pronouns_verbs_subgroupi-afe96e121f08/Thurgood, G. 1985 Pronouns, verbs, subgrouping of Tibeto-Burman.pdf	1	Thurgood, G	pdf	medium	reused_existing	2026-05-29T22:23:00.451517+00:00	
tibeto_burman_questionnaire_2020_anung_2-d5b1a9bab881	d5b1a9bab8817ed1e5fad096308377188c8dd61257dc5bce6a0847082529ee7a	Tibeto-Burman-questionnaire-2020_Anung (2020.08.10).doc	115712	OBI_LIBRARY_ROOT:Thematic/Nungish/Tibeto-Burman-questionnaire-2020_Anung (2020.08.10).doc	OBI_LIBRARY_ROOT:Thematic/Nungish/Anung/Tibeto-Burman-questionnaire-2020_Anung (2020.08.10) [numerals and orthography].doc | OBI_LIBRARY_ROOT:Thematic/Nungish/Tibeto-Burman-questionnaire-2020_Anung (2020.08.10).doc	data/local/bibliography_sources/tibeto_burman_questionnaire_2020_anung_2-d5b1a9bab881/Tibeto-Burman-questionnaire-2020_Anung (2020.08.10).doc	1	Anung | Nungish	doc	medium	reused_existing	2026-05-29T22:23:00.451454+00:00	
tin_htway_1974_oldest_burmese_inscriptio-026cc9578084	026cc9578084b587608792f1bdf1f0a10949b2ed6afc34284e5403bea5cd2aca	Tin Htway 1974 Oldest Burmese Inscription.pdf	2018914	OBI_LIBRARY_ROOT:Thematic/Pyu/Tin Htway 1974 Oldest Burmese Inscription.pdf	OBI_LIBRARY_ROOT:Thematic/Pyu/Tin Htway 1974 Oldest Burmese Inscription.pdf	data/local/bibliography_sources/tin_htway_1974_oldest_burmese_inscriptio-026cc9578084/Tin Htway 1974 Oldest Burmese Inscription.pdf	0	Pyu	pdf	medium	reused_existing	2026-05-29T22:23:00.451113+00:00	
tropper_2007_wanla_inscription-7fa5aff57d7e	7fa5aff57d7e3fb0c6cbb9abb9b469085b28abc5f4db570283016ebfcdfc6551	Tropper 2007 Wanla inscription.pdf	2248782	OBI_LIBRARY_ROOT:Authors alphabetical/Tropper, Kurt/Tropper 2007 Wanla inscription.pdf	OBI_LIBRARY_ROOT:Authors alphabetical/Tropper, Kurt/Tropper 2007 Wanla inscription.pdf	data/local/bibliography_sources/tropper_2007_wanla_inscription-7fa5aff57d7e/Tropper 2007 Wanla inscription.pdf	0	Tropper, Kurt	pdf	medium	copied	2026-05-29T20:59:15.827959+00:00	
tropper_2010_the_caityapradaks_in_agatha-e287c084187a	e287c084187afb21522dbc04f83423ec5b322440cc7a420eae16d497972c9902	Tropper_2010_-_The_Caityapradakṣiṇagatha_inscription_in_Alchi._A_valuable_witness_for_Kanjur_Studies._With_an_appendix_b-libre.pdf	693448	OBI_LIBRARY_ROOT:Authors alphabetical/Tropper, Kurt/Tropper_2010_-_The_Caityapradakṣiṇagatha_inscription_in_Alchi._A_valuable_witness_for_Kanjur_Studies._With_an_appendix_b-libre.pdf	OBI_LIBRARY_ROOT:Authors alphabetical/Tropper, Kurt/Tropper_2010_-_The_Caityapradakṣiṇagatha_inscription_in_Alchi._A_valuable_witness_for_Kanjur_Studies._With_an_appendix_b-libre.pdf	data/local/bibliography_sources/tropper_2010_the_caityapradaks_in_agatha-e287c084187a/Tropper_2010_-_The_Caityapradakṣiṇagatha_inscription_in_Alchi._A_valuable_witness_for_Kanjur_Studies._With_an_appendix_b-libre.pdf	0	Tropper, Kurt	pdf	medium	copied	2026-05-29T20:59:15.832054+00:00	
tsering_1982_epenkundliche_und_historisc-cefa1df0b781	cefa1df0b7810952322f22ba61986893d925fdeb34a2978d235f896381f3839a	Tsering 1982 Epenkundliche und historische Ergebnisse.pdf	949189	OBI_LIBRARY_ROOT:Authors alphabetical/inscription articles/Tsering 1982 Epenkundliche und historische Ergebnisse.pdf	OBI_LIBRARY_ROOT:Authors alphabetical/inscription articles/Tsering 1982 Epenkundliche und historische Ergebnisse.pdf	data/local/bibliography_sources/tsering_1982_epenkundliche_und_historisc-cefa1df0b781/Tsering 1982 Epenkundliche und historische Ergebnisse.pdf	0	inscription articles	pdf	medium	copied	2026-05-29T20:59:16.091951+00:00	
tsetam_puntsok_1988_analysis_and_explora-4ea7f0559ab4	4ea7f0559ab4359ba01675d4e14fe13df8e884264bffdc60a12a6b2c32707310	Tsetam-Puntsok 1988 Analysis and Exploration of Carving.pdf	2777996	OBI_LIBRARY_ROOT:Authors alphabetical/inscription articles/Tsetam-Puntsok 1988 Analysis and Exploration of Carving.pdf	OBI_LIBRARY_ROOT:Authors alphabetical/inscription articles/Tsetam-Puntsok 1988 Analysis and Exploration of Carving.pdf	data/local/bibliography_sources/tsetam_puntsok_1988_analysis_and_explora-4ea7f0559ab4/Tsetam-Puntsok 1988 Analysis and Exploration of Carving.pdf	0	inscription articles	pdf	medium	copied	2026-05-29T20:59:17.170587+00:00	
tshe_dbang_rin_chen_1985_bod_rgyal_khri_-47356630b4f6	47356630b4f63777fb61cb9aed30f4efa6d9f0a23d5dc6f50be25e67b3d209b8	Tshe Dbang Rin Chen 1985 Bod Rgyal Khri Srong.pdf	195125	OBI_LIBRARY_ROOT:Authors alphabetical/inscription articles/Tshe Dbang Rin Chen 1985 Bod Rgyal Khri Srong.pdf	OBI_LIBRARY_ROOT:Authors alphabetical/inscription articles/Tshe Dbang Rin Chen 1985 Bod Rgyal Khri Srong.pdf	data/local/bibliography_sources/tshe_dbang_rin_chen_1985_bod_rgyal_khri_-47356630b4f6/Tshe Dbang Rin Chen 1985 Bod Rgyal Khri Srong.pdf	0	inscription articles	pdf	medium	copied	2026-05-29T20:59:15.972345+00:00	
tshe_dbang_rin_chen_1988_bsam_yas_gtsug_-505b3384d776	505b3384d7763d099d3d9fb4b1f26598ec0d536c3e922ff3462f26970ae6103e	Tshe Dbang Rin Chen 1988 Bsam Yas Gtsug Lag.pdf	727034	OBI_LIBRARY_ROOT:Authors alphabetical/inscription articles/Tshe Dbang Rin Chen 1988 Bsam Yas Gtsug Lag.pdf	OBI_LIBRARY_ROOT:Authors alphabetical/inscription articles/Tshe Dbang Rin Chen 1988 Bsam Yas Gtsug Lag.pdf	data/local/bibliography_sources/tshe_dbang_rin_chen_1988_bsam_yas_gtsug_-505b3384d776/Tshe Dbang Rin Chen 1988 Bsam Yas Gtsug Lag.pdf	0	inscription articles	pdf	medium	copied	2026-05-29T20:59:15.882469+00:00	
tshe_ring_chos_rgya_and_zla_ba_tshe_ring-e65d678f4241	e65d678f42410202915e504dc9fda25846fb403cec1f4b8516b83dc04c16b6da	Tshe ring Chos rgya and Zla ba Tshe ring 1994 gangs ljongs 22_2.pdf	4871553	OBI_LIBRARY_ROOT:Authors alphabetical/inscription articles/Tshe ring Chos rgya and Zla ba Tshe ring 1994 gangs ljongs 22_2.pdf	OBI_LIBRARY_ROOT:Authors alphabetical/inscription articles/Tshe ring Chos rgya and Zla ba Tshe ring 1994 gangs ljongs 22_2.pdf	data/local/bibliography_sources/tshe_ring_chos_rgya_and_zla_ba_tshe_ring-e65d678f4241/Tshe ring Chos rgya and Zla ba Tshe ring 1994 gangs ljongs 22_2.pdf	0	inscription articles	pdf	medium	copied	2026-05-29T20:59:15.990986+00:00	
tun_aung_chain_san_win_2003_hpayahtaung_-6bd3dc7c88b4	6bd3dc7c88b46a08634e13809f66e796bc09a333a508223888e03e3ca820f869	Tun Aung Chain & San Win 2003 Hpayahtaung Urn Inscription.pdf	3632299	OBI_LIBRARY_ROOT:Thematic/Pyu/Tun Aung Chain & San Win 2003 Hpayahtaung Urn Inscription.pdf	OBI_LIBRARY_ROOT:Thematic/Pyu/Tun Aung Chain & San Win 2003 Hpayahtaung Urn Inscription.pdf	data/local/bibliography_sources/tun_aung_chain_san_win_2003_hpayahtaung_-6bd3dc7c88b4/Tun Aung Chain & San Win 2003 Hpayahtaung Urn Inscription.pdf	0	Pyu	pdf	medium	copied	2026-05-29T20:59:02.928920+00:00	
tun_aung_chain_2001_rajakumar_inscriptio-d55d64ebc41c	d55d64ebc41cd4f63565ec62b1b5f445bb68e2367439ad7e8229116da0c5db4e	Tun Aung Chain 2001 Rajakumar Inscription.pdf	716536	OBI_LIBRARY_ROOT:Thematic/Pyu/Tun Aung Chain 2001 Rajakumar Inscription.pdf	OBI_LIBRARY_ROOT:Thematic/Pyu/Tun Aung Chain 2001 Rajakumar Inscription.pdf	data/local/bibliography_sources/tun_aung_chain_2001_rajakumar_inscriptio-d55d64ebc41c/Tun Aung Chain 2001 Rajakumar Inscription.pdf	0	Pyu	pdf	medium	copied	2026-05-29T20:59:02.914979+00:00	
tun_aung_chain_2011_rajakumar_inscriptio-566bbe68122e	566bbe68122ef3d456a31e72e75e0641a416228c5acc763fecadeea42b4554f6	Tun Aung Chain 2011 Rajakumar Inscription (reprint).pdf	1237698	OBI_LIBRARY_ROOT:Thematic/Pyu/Tun Aung Chain 2011 Rajakumar Inscription (reprint).pdf	OBI_LIBRARY_ROOT:Thematic/Pyu/Tun Aung Chain 2011 Rajakumar Inscription (reprint).pdf	data/local/bibliography_sources/tun_aung_chain_2011_rajakumar_inscriptio-566bbe68122e/Tun Aung Chain 2011 Rajakumar Inscription (reprint).pdf	0	Pyu	pdf	medium	copied	2026-05-29T20:59:02.847791+00:00	
turin_2020_tibeto_burman_time-971e6af61cfa	971e6af61cfa5a5ff11b74021ab70eb4c1f1257716e0afff13849bae6daac5db	Turin 2020 Tibeto_Burman_time.pdf	1213259	OBI_AUTHOR_ALPHA_ROOT:Turin, Mark/Turin 2020 Tibeto_Burman_time.pdf	OBI_AUTHOR_ALPHA_ROOT:Turin, Mark/Turin 2020 Tibeto_Burman_time.pdf | OBI_LIBRARY_ROOT:Authors alphabetical/Turin, Mark/Turin 2020 Tibeto_Burman_time.pdf	data/local/bibliography_sources/turin_2020_tibeto_burman_time-971e6af61cfa/Turin 2020 Tibeto_Burman_time.pdf	1	Turin, Mark	pdf	medium	reused_existing	2026-05-29T22:23:00.451052+00:00	
u_lu_pe_win_1966_jatakas_in_burma-de80973bd581	de80973bd5813130f284371276fd9384f5cad4ba9472bdd1597ae0d039daf143	U Lu Pe Win 1966 Jatakas in Burma.pdf	7022512	OBI_LIBRARY_ROOT:Thematic/lg families/Trans-Himalyan/Burmese/U Lu Pe Win 1966 Jatakas in Burma.pdf	OBI_LIBRARY_ROOT:Thematic/lg families/Trans-Himalyan/Burmese/U Lu Pe Win 1966 Jatakas in Burma.pdf	data/local/bibliography_sources/u_lu_pe_win_1966_jatakas_in_burma-de80973bd581/U Lu Pe Win 1966 Jatakas in Burma.pdf	0	Burmese	pdf	medium	copied	2026-05-29T21:20:36.575466+00:00	
u_tin_htway_2001_burmese_epigraphy_g_h_l-cc78c5fabb4b	cc78c5fabb4b2013c6796487daecf8207000d2b1fd9240a1fa8100fa57933aa1	U Tin Htway 2001 Burmese epigraphy G H Luce legacy.pdf	4699790	OBI_AUTHOR_ALPHA_ROOT:Luce/U Tin Htway 2001 Burmese epigraphy G H Luce legacy.pdf	OBI_AUTHOR_ALPHA_ROOT:Luce/U Tin Htway 2001 Burmese epigraphy G H Luce legacy.pdf | OBI_LIBRARY_ROOT:Authors alphabetical/Luce/U Tin Htway 2001 Burmese epigraphy G H Luce legacy.pdf	data/local/bibliography_sources/u_tin_htway_2001_burmese_epigraphy_g_h_l-cc78c5fabb4b/U Tin Htway 2001 Burmese epigraphy G H Luce legacy.pdf	1	Luce	pdf	high	reused_existing	2026-05-29T22:23:00.431256+00:00	
u_tun_aung_kyaw-51be96692fd6	51be96692fd67eae70862c6837d0abe562ce6df98b474439ed33b61ba929260a	U tun aung kyaw.pdf	8143071	OBI_LIBRARY_ROOT:Thematic/Burmese/DownloadsFromBurmeseInscriptionsFacebookGroup/U tun aung kyaw.pdf	OBI_LIBRARY_ROOT:Thematic/Burmese/DownloadsFromBurmeseInscriptionsFacebookGroup/U tun aung kyaw.pdf	data/local/bibliography_sources/u_tun_aung_kyaw-51be96692fd6/U tun aung kyaw.pdf	0	DownloadsFromBurmeseInscriptionsFacebookGroup	pdf	medium	reused_existing	2026-05-29T22:23:00.450989+00:00	
umya_i-a2af88589578	a2af885895781a876cbb004c30be4f7d378e3000920e18a99b5ab8945e14d80a	UMYA I.pdf	13679723	OBI_LIBRARY_ROOT:Thematic/Burmese/DownloadsFromBurmeseInscriptionsFacebookGroup/UMYA I.pdf	OBI_LIBRARY_ROOT:Thematic/Burmese/DownloadsFromBurmeseInscriptionsFacebookGroup/UMYA I.pdf	data/local/bibliography_sources/umya_i-a2af88589578/UMYA I.pdf	0	DownloadsFromBurmeseInscriptionsFacebookGroup	pdf	medium	reused_existing	2026-05-29T22:23:00.450502+00:00	
umya_ii-b2dcd40f1627	b2dcd40f1627bc90fd895974f3e8868ced9b1e500ac7623ff1eb21a603ba0934	UMYA II.pdf	9959011	OBI_LIBRARY_ROOT:Thematic/Burmese/DownloadsFromBurmeseInscriptionsFacebookGroup/UMYA II.pdf	OBI_LIBRARY_ROOT:Thematic/Burmese/DownloadsFromBurmeseInscriptionsFacebookGroup/UMYA II.pdf	data/local/bibliography_sources/umya_ii-b2dcd40f1627/UMYA II.pdf	0	DownloadsFromBurmeseInscriptionsFacebookGroup	pdf	medium	reused_existing	2026-05-29T22:23:00.450202+00:00	
uebach_1985_ein_beitrag_zur_dokumentatio-0227c4f5f8d9	0227c4f5f8d991a1116369b13218347fe2d0deab0f7f5697c0b3927913f5e895	Uebach 1985 Ein Beitrag zur Dokumentation.pdf	3585581	OBI_LIBRARY_ROOT:Thematic/Tibetan/Tib texts/inscriptions/Author Inscriptions/Uebach 1985/Uebach 1985 Ein Beitrag zur Dokumentation.pdf	OBI_LIBRARY_ROOT:Thematic/Tibetan/Tib texts/inscriptions/Author Inscriptions/Uebach 1985/Uebach 1985 Ein Beitrag zur Dokumentation.pdf	data/local/bibliography_sources/uebach_1985_ein_beitrag_zur_dokumentatio-0227c4f5f8d9/Uebach 1985 Ein Beitrag zur Dokumentation.pdf	0	Uebach 1985	pdf	medium	copied	2026-05-29T20:58:58.370570+00:00	
uebach_1985_ein_beitrag_zur_dokumentatio-ea4cdf1427bb	ea4cdf1427bb7795e027d3b3c7e0fe88b5040aaba149456e7abd6b72f9d2aaac	Uebach 1985 Ein Beitrag zur Dokumentation.rtf	442454	OBI_LIBRARY_ROOT:Thematic/Tibetan/Tib texts/inscriptions/Author Inscriptions/Uebach 1985/Uebach 1985 Ein Beitrag zur Dokumentation.rtf	OBI_LIBRARY_ROOT:Thematic/Tibetan/Tib texts/inscriptions/Author Inscriptions/Uebach 1985/Uebach 1985 Ein Beitrag zur Dokumentation.rtf	data/local/bibliography_sources/uebach_1985_ein_beitrag_zur_dokumentatio-ea4cdf1427bb/Uebach 1985 Ein Beitrag zur Dokumentation.rtf	0	Uebach 1985	rtf	medium	copied	2026-05-29T20:58:58.374308+00:00	
unicodedatamyanmar-54ab3280abe5	54ab3280abe5c27783b954d46566e85679843cc9c4743e6720580a68dd91c0c4	UnicodeDataMyanmar.txt	9471	OBI_LIBRARY_ROOT:Thematic/Burmese/OBur/OBICorpus_ver2/Useful_Stuff/UnicodeDataMyanmar.txt	OBI_LIBRARY_ROOT:Thematic/Burmese/OBur/OBICorpus_ver2/Useful_Stuff/UnicodeDataMyanmar.txt	data/local/bibliography_sources/unicodedatamyanmar-54ab3280abe5/UnicodeDataMyanmar.txt	0	Useful_Stuff	txt	medium	copied	2026-05-29T21:20:17.311928+00:00	
uray_1952_a_tibetan_diminutive_suffix-d85c5f8d5a87	d85c5f8d5a8755e883b89ef45c3ece57de35578edd830fd94b3f1a06b588c50d	Uray 1952 A Tibetan Diminutive Suffix.pdf	3355878	OBI_LIBRARY_ROOT:Authors alphabetical/Uray/Uray 1952 A Tibetan Diminutive Suffix/Uray 1952 A Tibetan Diminutive Suffix.pdf	OBI_LIBRARY_ROOT:Authors alphabetical/Uray/Uray 1952 A Tibetan Diminutive Suffix/Uray 1952 A Tibetan Diminutive Suffix.pdf	data/local/bibliography_sources/uray_1952_a_tibetan_diminutive_suffix-d85c5f8d5a87/Uray 1952 A Tibetan Diminutive Suffix.pdf	0	Uray 1952 A Tibetan Diminutive Suffix	pdf	medium	copied	2026-05-29T20:59:08.672004+00:00	
uray_1952_a_tibetan_diminutive_suffix-5086c8b531d7	5086c8b531d7fbe037ea4635bc954c8e4c733f7e24b195a7083fa71d50fefd25	Uray 1952 A Tibetan Diminutive suffix.doc	287232	OBI_LIBRARY_ROOT:Authors alphabetical/Uray/Uray 1952 A Tibetan Diminutive Suffix/Uray 1952 A Tibetan Diminutive suffix.doc	OBI_LIBRARY_ROOT:Authors alphabetical/Uray/Uray 1952 A Tibetan Diminutive Suffix/Uray 1952 A Tibetan Diminutive suffix.doc	data/local/bibliography_sources/uray_1952_a_tibetan_diminutive_suffix-5086c8b531d7/Uray 1952 A Tibetan Diminutive suffix.doc	0	Uray 1952 A Tibetan Diminutive Suffix	doc	medium	copied	2026-05-29T20:59:08.675722+00:00	
uray_1953_some_problems_of_the_ancient_t-f718019ee236	f718019ee236aa1336bf39391123ffea89d40952096f4dc37edfacef12e7bed3	Uray 1953 Some Problems of the Ancient Tibetan.doc	269824	OBI_LIBRARY_ROOT:Authors alphabetical/Uray/Uray 1953 Some Problems of the Ancient Tibetan/Uray 1953 Some Problems of the Ancient Tibetan.doc	OBI_LIBRARY_ROOT:Authors alphabetical/Uray/Uray 1953 Some Problems of the Ancient Tibetan/Uray 1953 Some Problems of the Ancient Tibetan.doc	data/local/bibliography_sources/uray_1953_some_problems_of_the_ancient_t-f718019ee236/Uray 1953 Some Problems of the Ancient Tibetan.doc	0	Uray 1953 Some Problems of the Ancient Tibetan	doc	medium	copied	2026-05-29T20:59:08.439971+00:00	
uray_1953_some_problems_of_the_ancient_t-e828b06f86a3	e828b06f86a343e5258af50537a40e2363e840efce8e279919e673714822229c	Uray 1953 Some Problems of the Ancient Tibetan.pdf	1115521	OBI_LIBRARY_ROOT:Authors alphabetical/Uray/Uray 1953 Some Problems of the Ancient Tibetan/Uray 1953 Some Problems of the Ancient Tibetan.pdf	OBI_LIBRARY_ROOT:Authors alphabetical/Uray/Uray 1953 Some Problems of the Ancient Tibetan/Uray 1953 Some Problems of the Ancient Tibetan.pdf	data/local/bibliography_sources/uray_1953_some_problems_of_the_ancient_t-e828b06f86a3/Uray 1953 Some Problems of the Ancient Tibetan.pdf	0	Uray 1953 Some Problems of the Ancient Tibetan	pdf	medium	copied	2026-05-29T20:59:08.437174+00:00	
uray_1953_the_suffix_e_in_tibetan-2a8e2fac6ec5	2a8e2fac6ec573ab497de7f4e04075ccdd4d58934cb81e64991b8b19f1c92bd2	Uray 1953 The Suffix -e in Tibetan.doc	146432	OBI_LIBRARY_ROOT:Authors alphabetical/Uray/Uray 1953 The Suffix -e in Tibetan/Uray 1953 The Suffix -e in Tibetan.doc	OBI_LIBRARY_ROOT:Authors alphabetical/Uray/Uray 1953 The Suffix -e in Tibetan/Uray 1953 The Suffix -e in Tibetan.doc	data/local/bibliography_sources/uray_1953_the_suffix_e_in_tibetan-2a8e2fac6ec5/Uray 1953 The Suffix -e in Tibetan.doc	0	Uray 1953 The Suffix -e in Tibetan	doc	medium	copied	2026-05-29T20:59:08.272032+00:00	
uray_1953_the_suffix_e_in_tibetan-fd362c0827a3	fd362c0827a3d21f7609066713eef52d7927041a3304fc15447be5fd24f3cbd0	Uray 1953 The Suffix -e in Tibetan.pdf	1565661	OBI_LIBRARY_ROOT:Authors alphabetical/Uray/Uray 1953 The Suffix -e in Tibetan/Uray 1953 The Suffix -e in Tibetan.pdf	OBI_LIBRARY_ROOT:Authors alphabetical/Uray/Uray 1953 The Suffix -e in Tibetan/Uray 1953 The Suffix -e in Tibetan.pdf	data/local/bibliography_sources/uray_1953_the_suffix_e_in_tibetan-fd362c0827a3/Uray 1953 The Suffix -e in Tibetan.pdf	0	Uray 1953 The Suffix -e in Tibetan	pdf	medium	copied	2026-05-29T20:59:08.279060+00:00	
uray_1955_duplication_gemination_triplic-913c713ed20b	913c713ed20b1a2c7b7d16e515cce5d4fc08b48553398780bcaf3fc3ff6bf27e	Uray 1955 Duplication Gemination Triplication in Tibetan.doc	544256	OBI_LIBRARY_ROOT:Authors alphabetical/Uray/Uray 1953 Duplication Germination and Triplication/Uray 1955 Duplication Gemination Triplication in Tibetan.doc	OBI_LIBRARY_ROOT:Authors alphabetical/Uray/Uray 1953 Duplication Germination and Triplication/Uray 1955 Duplication Gemination Triplication in Tibetan.doc	data/local/bibliography_sources/uray_1955_duplication_gemination_triplic-913c713ed20b/Uray 1955 Duplication Gemination Triplication in Tibetan.doc	0	Uray 1953 Duplication Germination and Triplication	doc	medium	copied	2026-05-29T20:59:08.367523+00:00	
uray_1955_duplication_gemination_triplic-cef04d00d048	cef04d00d0483bf6906dcb18ec0ac386c01c21acc2009e8cf7eedbfc3af04004	Uray 1955 Duplication Gemination Triplication in Tibetan.pdf	25135583	OBI_LIBRARY_ROOT:Authors alphabetical/Uray/Uray 1953 Duplication Germination and Triplication/Uray 1955 Duplication Gemination Triplication in Tibetan.pdf	OBI_LIBRARY_ROOT:Authors alphabetical/Uray/Uray 1953 Duplication Germination and Triplication/Uray 1955 Duplication Gemination Triplication in Tibetan.pdf	data/local/bibliography_sources/uray_1955_duplication_gemination_triplic-cef04d00d048/Uray 1955 Duplication Gemination Triplication in Tibetan.pdf	0	Uray 1953 Duplication Germination and Triplication	pdf	medium	copied	2026-05-29T20:59:08.363602+00:00	
uray_1955_on_the_tibetan_letters_ba_and_-b85c574318ef	b85c574318ef47be72ada003837023abb9a3327f282c29ca9ba5c1ca08f1fbbb	Uray 1955 On the Tibetan Letters ba and wa.doc	289280	OBI_LIBRARY_ROOT:Authors alphabetical/Uray/Uray 1955 On the Tibetan Letters ba and wa/Uray 1955 On the Tibetan Letters ba and wa.doc	OBI_LIBRARY_ROOT:Authors alphabetical/Uray/Uray 1955 On the Tibetan Letters ba and wa/Uray 1955 On the Tibetan Letters ba and wa.doc	data/local/bibliography_sources/uray_1955_on_the_tibetan_letters_ba_and_-b85c574318ef/Uray 1955 On the Tibetan Letters ba and wa.doc	0	Uray 1955 On the Tibetan Letters ba and wa	doc	medium	copied	2026-05-29T20:59:08.690752+00:00	
uray_1955_on_the_tibetan_letters_ba_and_-e3d502d6adeb	e3d502d6adebd8f91a502263b77b3eb562b3e8a1e9fb3697e0bad1a4aeb090a2	Uray 1955 On the Tibetan Letters ba and wa.pdf	1503262	OBI_LIBRARY_ROOT:Authors alphabetical/Uray/Uray 1955 On the Tibetan Letters ba and wa/Uray 1955 On the Tibetan Letters ba and wa.pdf	OBI_LIBRARY_ROOT:Authors alphabetical/Uray/Uray 1955 On the Tibetan Letters ba and wa/Uray 1955 On the Tibetan Letters ba and wa.pdf	data/local/bibliography_sources/uray_1955_on_the_tibetan_letters_ba_and_-e3d502d6adeb/Uray 1955 On the Tibetan Letters ba and wa.pdf	0	Uray 1955 On the Tibetan Letters ba and wa	pdf	medium	copied	2026-05-29T20:59:08.697680+00:00	
uray_1955_review_of_vorob_ev_desjatovski-4d0fc7984180	4d0fc798418077e5696599cf275416c4c0a3f97981f759508038ed0e7a236e21	Uray 1955 Review of Vorob'ev-Desjatovskij.doc	58368	OBI_LIBRARY_ROOT:Authors alphabetical/Uray/Uray 1955 Review of Vorob'ev-Desjatovskij/Uray 1955 Review of Vorob'ev-Desjatovskij.doc	OBI_LIBRARY_ROOT:Authors alphabetical/Uray/Uray 1955 Review of Vorob'ev-Desjatovskij/Uray 1955 Review of Vorob'ev-Desjatovskij.doc	data/local/bibliography_sources/uray_1955_review_of_vorob_ev_desjatovski-4d0fc7984180/Uray 1955 Review of Vorob'ev-Desjatovskij.doc	0	Uray 1955 Review of Vorob'ev-Desjatovskij	doc	medium	copied	2026-05-29T20:59:08.601045+00:00	
uray_1955_review_of_vorob_ev_desjatovski-f7c861ffbfd6	f7c861ffbfd6003acb9a60cad7e7cbc0d270191e5c791304cea88fcefa06b790	Uray 1955 Review of Vorob'ev-Desjatovskij.pdf	303758	OBI_LIBRARY_ROOT:Authors alphabetical/Uray/Uray 1955 Review of Vorob'ev-Desjatovskij/Uray 1955 Review of Vorob'ev-Desjatovskij.pdf	OBI_LIBRARY_ROOT:Authors alphabetical/Uray/Uray 1955 Review of Vorob'ev-Desjatovskij/Uray 1955 Review of Vorob'ev-Desjatovskij.pdf	data/local/bibliography_sources/uray_1955_review_of_vorob_ev_desjatovski-f7c861ffbfd6/Uray 1955 Review of Vorob'ev-Desjatovskij.pdf	0	Uray 1955 Review of Vorob'ev-Desjatovskij	pdf	medium	copied	2026-05-29T20:59:08.598818+00:00	
uray_1955_review_of_hermanns-3d83ca8a4887	3d83ca8a488776409cb2a6e293a6c62bc84d634ada7f936b3ce46d82e3a5a290	Uray 1955 review of Hermanns.pdf	909993	OBI_LIBRARY_ROOT:Authors alphabetical/Uray/Uray 1955 review of Hermanns.pdf	OBI_LIBRARY_ROOT:Authors alphabetical/Uray/Uray 1955 review of Hermanns.pdf	data/local/bibliography_sources/uray_1955_review_of_hermanns-3d83ca8a4887/Uray 1955 review of Hermanns.pdf	0	Uray	pdf	medium	copied	2026-05-29T20:59:08.269298+00:00	
uray_1960_the_four_horns_of_tibet-66f878cfa2e6	66f878cfa2e6e5b725eca91aff4a1bae36a2a288c297cb333de906f2abea70c4	Uray 1960 The Four Horns of Tibet.doc	290816	OBI_LIBRARY_ROOT:Authors alphabetical/Uray/Uray 1960 The Four Horns of Tibet/Uray 1960 The Four Horns of Tibet.doc	OBI_LIBRARY_ROOT:Authors alphabetical/Uray/Uray 1960 The Four Horns of Tibet/Uray 1960 The Four Horns of Tibet.doc	data/local/bibliography_sources/uray_1960_the_four_horns_of_tibet-66f878cfa2e6/Uray 1960 The Four Horns of Tibet.doc	0	Uray 1960 The Four Horns of Tibet	doc	medium	copied	2026-05-29T20:59:08.565732+00:00	
uray_1960_the_four_horns_of_tibet-d5ee72bd333c	d5ee72bd333ceda3b3b8c901437778fa177be059809eac826b21201353c98d8e	Uray 1960 The Four Horns of Tibet.pdf	1720269	OBI_LIBRARY_ROOT:Authors alphabetical/Uray/Uray 1960 The Four Horns of Tibet/Uray 1960 The Four Horns of Tibet.pdf	OBI_LIBRARY_ROOT:Authors alphabetical/Uray/Uray 1960 The Four Horns of Tibet/Uray 1960 The Four Horns of Tibet.pdf	data/local/bibliography_sources/uray_1960_the_four_horns_of_tibet-d5ee72bd333c/Uray 1960 The Four Horns of Tibet.pdf	0	Uray 1960 The Four Horns of Tibet	pdf	medium	copied	2026-05-29T20:59:08.563004+00:00	
uray_1961_notes_on_a_tibetan_military_do-1b2bf35eed15	1b2bf35eed1572c3e636cad6fc5e542ea7fc6192dff8ad8bcb8b58a98c14cc11	Uray 1961 Notes on a Tibetan Military Document.doc	76800	OBI_LIBRARY_ROOT:Authors alphabetical/Uray/Uray 1961 Notes on a Tibetan Military Document/Uray 1961 Notes on a Tibetan Military Document.doc	OBI_LIBRARY_ROOT:Authors alphabetical/Uray/Uray 1961 Notes on a Tibetan Military Document/Uray 1961 Notes on a Tibetan Military Document.doc	data/local/bibliography_sources/uray_1961_notes_on_a_tibetan_military_do-1b2bf35eed15/Uray 1961 Notes on a Tibetan Military Document.doc	0	Uray 1961 Notes on a Tibetan Military Document	doc	medium	copied	2026-05-29T20:59:08.288118+00:00	
uray_1961_notes_on_a_tibetan_military_do-e4c434d382ef	e4c434d382eff3b238a9c4dfc35f99ca43f747722ffb233a803e12e328caa9b7	Uray 1961 Notes on a Tibetan Military Document.pdf	490623	OBI_LIBRARY_ROOT:Authors alphabetical/Uray/Uray 1961 Notes on a Tibetan Military Document/Uray 1961 Notes on a Tibetan Military Document.pdf	OBI_LIBRARY_ROOT:Authors alphabetical/Uray/Uray 1961 Notes on a Tibetan Military Document/Uray 1961 Notes on a Tibetan Military Document.pdf	data/local/bibliography_sources/uray_1961_notes_on_a_tibetan_military_do-e4c434d382ef/Uray 1961 Notes on a Tibetan Military Document.pdf	0	Uray 1961 Notes on a Tibetan Military Document	pdf	medium	copied	2026-05-29T20:59:08.284724+00:00	
uray_1962_the_offices_of_the_brun_pas_gr-09896e82ae6d	09896e82ae6da2a7f3c87e796b2c1245f8c24c33531e6bf039c6efe75d0bd05e	Uray 1962 The Offices of the Brun-pas Great Mnans.doc	104960	OBI_LIBRARY_ROOT:Authors alphabetical/Uray/Uray 1962 The Offices of the Brun-pas Great Mnans/Uray 1962 The Offices of the Brun-pas Great Mnans.doc	OBI_LIBRARY_ROOT:Authors alphabetical/Uray/Uray 1962 The Offices of the Brun-pas Great Mnans/Uray 1962 The Offices of the Brun-pas Great Mnans.doc	data/local/bibliography_sources/uray_1962_the_offices_of_the_brun_pas_gr-09896e82ae6d/Uray 1962 The Offices of the Brun-pas Great Mnans.doc	0	Uray 1962 The Offices of the Brun-pas Great Mnans	doc	medium	copied	2026-05-29T20:59:08.725370+00:00	
uray_1962_the_offices_of_the_brun_pas_gr-e2478896e872	e2478896e872aaeab8b99883e4246bda7c8d15ab0f11c5304568de5e54898fab	Uray 1962 The Offices of the Brun-pas Great Mnans.pdf	955125	OBI_LIBRARY_ROOT:Authors alphabetical/Uray/Uray 1962 The Offices of the Brun-pas Great Mnans/Uray 1962 The Offices of the Brun-pas Great Mnans.pdf	OBI_LIBRARY_ROOT:Authors alphabetical/Uray/Uray 1962 The Offices of the Brun-pas Great Mnans/Uray 1962 The Offices of the Brun-pas Great Mnans.pdf	data/local/bibliography_sources/uray_1962_the_offices_of_the_brun_pas_gr-e2478896e872/Uray 1962 The Offices of the Brun-pas Great Mnans.pdf	0	Uray 1962 The Offices of the Brun-pas Great Mnans	pdf	medium	copied	2026-05-29T20:59:08.723166+00:00	
uray_1962_dra_ma_drangs-871401ad24d3	871401ad24d391a646a252e46404db1dcbb59579bc1ad25c3f74e452d83c458d	Uray 1962 dra ma drangs.pdf	3146355	OBI_LIBRARY_ROOT:Authors alphabetical/Uray/Uray 1962 dra ma drangs.pdf	OBI_LIBRARY_ROOT:Authors alphabetical/Uray/Uray 1962 dra ma drangs.pdf	data/local/bibliography_sources/uray_1962_dra_ma_drangs-871401ad24d3/Uray 1962 dra ma drangs.pdf	0	Uray	pdf	medium	copied	2026-05-29T20:59:08.717443+00:00	
uray_1963_die_lehnfu_rstentu_mer_des_tib-0cd124c27560	0cd124c2756066b0bd30a6f2cc8263fe7ee90712d0e5c34b084d58a45b727a29	Uray 1963 die lehnfürstentümer des tibetischen reiches.pdf	1187312	OBI_LIBRARY_ROOT:Authors alphabetical/Uray/Uray 1963 die lehnfürstentümer des tibetischen reiches.pdf	OBI_LIBRARY_ROOT:Authors alphabetical/Uray/Uray 1963 die lehnfürstentümer des tibetischen reiches.pdf	data/local/bibliography_sources/uray_1963_die_lehnfu_rstentu_mer_des_tib-0cd124c27560/Uray 1963 die lehnfürstentümer des tibetischen reiches.pdf	0	Uray	pdf	medium	copied	2026-05-29T20:59:08.446150+00:00	
uray_1964_the_old_tibetan_verb_bon-981e0dc2d783	981e0dc2d7838aae8bb36cfc80fa58e85aa327139b46f887f500bdc402f31c38	Uray 1964 The Old Tibetan Verb bon.doc	140800	OBI_LIBRARY_ROOT:Authors alphabetical/Uray/Uray 1964 The Old Tibetan Verb bon/Uray 1964 The Old Tibetan Verb bon.doc	OBI_LIBRARY_ROOT:Authors alphabetical/Uray/Uray 1964 The Old Tibetan Verb bon/Uray 1964 The Old Tibetan Verb bon.doc	data/local/bibliography_sources/uray_1964_the_old_tibetan_verb_bon-981e0dc2d783/Uray 1964 The Old Tibetan Verb bon.doc	0	Uray 1964 The Old Tibetan Verb bon	doc	medium	copied	2026-05-29T20:59:08.646812+00:00	
uray_1964_the_old_tibetan_verb_bon-bbee9d302f97	bbee9d302f97e12db7e6a02107f5f8cd67acf428dc583ab44114edab610bc01f	Uray 1964 The Old Tibetan Verb bon.pdf	752740	OBI_LIBRARY_ROOT:Authors alphabetical/Uray/Uray 1964 The Old Tibetan Verb bon/Uray 1964 The Old Tibetan Verb bon.pdf	OBI_LIBRARY_ROOT:Authors alphabetical/Uray/Uray 1964 The Old Tibetan Verb bon/Uray 1964 The Old Tibetan Verb bon.pdf	data/local/bibliography_sources/uray_1964_the_old_tibetan_verb_bon-bbee9d302f97/Uray 1964 The Old Tibetan Verb bon.pdf	0	Uray 1964 The Old Tibetan Verb bon	pdf	medium	copied	2026-05-29T20:59:08.650960+00:00	
uray_1965_stong_bu_rje_russian-5f5228a0094c	5f5228a0094c81f9a88408477696daadb6f379a44282d36a0db7d38806385d9f	Uray 1965 stong bu rje Russian.pdf	491939	OBI_LIBRARY_ROOT:Authors alphabetical/Uray/Uray 1965 stong bu rje Russian.pdf	OBI_LIBRARY_ROOT:Authors alphabetical/Uray/Uray 1965 stong bu rje Russian.pdf	data/local/bibliography_sources/uray_1965_stong_bu_rje_russian-5f5228a0094c/Uray 1965 stong bu rje Russian.pdf	0	Uray	pdf	medium	copied	2026-05-29T20:59:08.240841+00:00	
uray_1966_gren_the_alleged_old_tibetan_e-48e2f649840f	48e2f649840f157a9d03ecf01896b267233248bca1718a9fd8e85f9680c518ee	Uray 1966 Gren, The Alleged Old Tibetan Equivalent.doc	123904	OBI_LIBRARY_ROOT:Authors alphabetical/Uray/Uray 1966 Gren, the Alleged Old Tibetan Equivalent/Uray 1966 Gren, The Alleged Old Tibetan Equivalent.doc	OBI_LIBRARY_ROOT:Authors alphabetical/Uray/Uray 1966 Gren, the Alleged Old Tibetan Equivalent/Uray 1966 Gren, The Alleged Old Tibetan Equivalent.doc	data/local/bibliography_sources/uray_1966_gren_the_alleged_old_tibetan_e-48e2f649840f/Uray 1966 Gren, The Alleged Old Tibetan Equivalent.doc	0	Uray 1966 Gren, the Alleged Old Tibetan Equivalent	doc	medium	copied	2026-05-29T20:59:08.260144+00:00	
uray_1966_gren_the_alleged_old_tibetan_e-d04aaaa9a9fb	d04aaaa9a9fbd93946a8e603a95d053aed2e73089a27c4b97880600727ca9e75	Uray 1966 Gren, The Alleged Old Tibetan Equivalent.pdf	908177	OBI_LIBRARY_ROOT:Authors alphabetical/Uray/Uray 1966 Gren, the Alleged Old Tibetan Equivalent/Uray 1966 Gren, The Alleged Old Tibetan Equivalent.pdf	OBI_LIBRARY_ROOT:Authors alphabetical/Uray/Uray 1966 Gren, the Alleged Old Tibetan Equivalent/Uray 1966 Gren, The Alleged Old Tibetan Equivalent.pdf	data/local/bibliography_sources/uray_1966_gren_the_alleged_old_tibetan_e-d04aaaa9a9fb/Uray 1966 Gren, The Alleged Old Tibetan Equivalent.pdf	0	Uray 1966 Gren, the Alleged Old Tibetan Equivalent	pdf	medium	copied	2026-05-29T20:59:08.264684+00:00	
uray_1967_traces_of_a_narrative_of_the_o-c7cc2765acf7	c7cc2765acf7ef3e9bc32fab3a64cc99d7a39238a038736754dd07a6d978d524	Uray 1967 traces of a narrative of the otc in the mkhas pa'i dga' ston.pdf	505517	OBI_LIBRARY_ROOT:Authors alphabetical/Uray/Uray 1967 traces of a narrative of the otc in the mkhas pa'i dga' ston.pdf	OBI_LIBRARY_ROOT:Authors alphabetical/Uray/Uray 1967 traces of a narrative of the otc in the mkhas pa'i dga' ston.pdf	data/local/bibliography_sources/uray_1967_traces_of_a_narrative_of_the_o-c7cc2765acf7/Uray 1967 traces of a narrative of the otc in the mkhas pa'i dga' ston.pdf	0	Uray	pdf	medium	copied	2026-05-29T20:59:08.430241+00:00	
uray_1968_notes_on_a_chronological_probl-be9a5e16dcc5	be9a5e16dcc5b0749fc28980035f047897fa76df89e8ddbe370f78b07cdfa4f9	Uray 1968 Notes on a Chronological Problem.doc	129536	OBI_LIBRARY_ROOT:Authors alphabetical/Uray/Uray 1968 Notes on a Chronological Problem/Uray 1968 Notes on a Chronological Problem.doc	OBI_LIBRARY_ROOT:Authors alphabetical/Uray/Uray 1968 Notes on a Chronological Problem/Uray 1968 Notes on a Chronological Problem.doc	data/local/bibliography_sources/uray_1968_notes_on_a_chronological_probl-be9a5e16dcc5/Uray 1968 Notes on a Chronological Problem.doc	0	Uray 1968 Notes on a Chronological Problem	doc	medium	copied	2026-05-29T20:59:08.609880+00:00	
uray_1968_notes_on_a_chronological_probl-8b50736b708e	8b50736b708ec0d04db1547898ae38b2619093d77c92747377fdd2aa681d543c	Uray 1968 Notes on a Chronological Problem.pdf	527093	OBI_LIBRARY_ROOT:Authors alphabetical/Uray/Uray 1968 Notes on a Chronological Problem/Uray 1968 Notes on a Chronological Problem.pdf	OBI_LIBRARY_ROOT:Authors alphabetical/Uray/Uray 1968 Notes on a Chronological Problem/Uray 1968 Notes on a Chronological Problem.pdf	data/local/bibliography_sources/uray_1968_notes_on_a_chronological_probl-8b50736b708e/Uray 1968 Notes on a Chronological Problem.pdf	0	Uray 1968 Notes on a Chronological Problem	pdf	medium	copied	2026-05-29T20:59:08.607133+00:00	
uray_1971_a_propos_du_tibe_tain_rgod_g_y-5c7e5d31a37a	5c7e5d31a37ad490165e742896ff2f04edd82577371ef97fc2108abbaf3c0e2d	Uray 1971 A Propos du Tibétain rgod-g-yu.doc	52224	OBI_LIBRARY_ROOT:Authors alphabetical/Uray/Uray 1971 A Propos du Tibétain rgod-g-yu/Uray 1971 A Propos du Tibétain rgod-g-yu.doc	OBI_LIBRARY_ROOT:Authors alphabetical/Uray/Uray 1971 A Propos du Tibétain rgod-g-yu/Uray 1971 A Propos du Tibétain rgod-g-yu.doc	data/local/bibliography_sources/uray_1971_a_propos_du_tibe_tain_rgod_g_y-5c7e5d31a37a/Uray 1971 A Propos du Tibétain rgod-g-yu.doc	0	Uray 1971 A Propos du Tibétain rgod-g-yu	doc	medium	copied	2026-05-29T20:59:08.704392+00:00	
uray_1971_a_propos_du_tibe_tain_rgod_g_y-2cea334f1857	2cea334f1857bc3c2ad2e42ce02b643d61e1dd1ef24d1085d15ed42517f5fd22	Uray 1971 A Propos du Tibétain rgod-g-yu.pdf	642609	OBI_LIBRARY_ROOT:Authors alphabetical/Uray/Uray 1971 A Propos du Tibétain rgod-g-yu/Uray 1971 A Propos du Tibétain rgod-g-yu.pdf	OBI_LIBRARY_ROOT:Authors alphabetical/Uray/Uray 1971 A Propos du Tibétain rgod-g-yu/Uray 1971 A Propos du Tibétain rgod-g-yu.pdf	data/local/bibliography_sources/uray_1971_a_propos_du_tibe_tain_rgod_g_y-2cea334f1857/Uray 1971 A Propos du Tibétain rgod-g-yu.pdf	0	Uray 1971 A Propos du Tibétain rgod-g-yu	pdf	medium	copied	2026-05-29T20:59:08.702091+00:00	
uray_1972_the_narrative_of_legislation-747cde076c05	747cde076c051c3019e63f6ca897334837dc1bcc70a970502a891e8ca8a57044	Uray 1972 The Narrative of Legislation.doc	539648	OBI_LIBRARY_ROOT:Authors alphabetical/Uray/Uray 1972 The Narrative of Legislation/Uray 1972 The Narrative of Legislation.doc	OBI_LIBRARY_ROOT:Authors alphabetical/Uray/Uray 1972 The Narrative of Legislation/Uray 1972 The Narrative of Legislation.doc	data/local/bibliography_sources/uray_1972_the_narrative_of_legislation-747cde076c05/Uray 1972 The Narrative of Legislation.doc	0	Uray 1972 The Narrative of Legislation	doc	medium	copied	2026-05-29T20:59:08.594906+00:00	
uray_1972_the_narrative_of_legislation-501a26645b3b	501a26645b3b55a9b0eef338e67b567d625760a2a77a771143034fe1048534e6	Uray 1972 The Narrative of Legislation.pdf	3941588	OBI_LIBRARY_ROOT:Authors alphabetical/Uray/Uray 1972 The Narrative of Legislation/Uray 1972 The Narrative of Legislation.pdf	OBI_LIBRARY_ROOT:Authors alphabetical/Uray/Uray 1972 The Narrative of Legislation/Uray 1972 The Narrative of Legislation.pdf	data/local/bibliography_sources/uray_1972_the_narrative_of_legislation-501a26645b3b/Uray 1972 The Narrative of Legislation.pdf	0	Uray 1972 The Narrative of Legislation	pdf	medium	copied	2026-05-29T20:59:08.590417+00:00	
uray_1975_l_annalistique_et_la_practique-f78c40a0eb8c	f78c40a0eb8c497997f329865986c5631bc7a86a99b8a05945e5a5423d70b739	Uray 1975 L'Annalistique et la Practique Bureaucratique.doc	94720	OBI_LIBRARY_ROOT:Authors alphabetical/Uray/Uray 1975 L'Annalistique et la Practique Bureaucratique/Uray 1975 L'Annalistique et la Practique Bureaucratique.doc	OBI_LIBRARY_ROOT:Authors alphabetical/Uray/Uray 1975 L'Annalistique et la Practique Bureaucratique/Uray 1975 L'Annalistique et la Practique Bureaucratique.doc	data/local/bibliography_sources/uray_1975_l_annalistique_et_la_practique-f78c40a0eb8c/Uray 1975 L'Annalistique et la Practique Bureaucratique.doc	0	Uray 1975 L'Annalistique et la Practique Bureaucratique	doc	medium	copied	2026-05-29T20:59:08.683411+00:00	
uray_1975_l_annalistique_et_la_practique-71961682ba64	71961682ba64e02acb26115d42efb7582399e5bbd916df741d7ea8c83823ddae	Uray 1975 L'Annalistique et la Practique Bureaucratique.pdf	470653	OBI_LIBRARY_ROOT:Authors alphabetical/Uray/Uray 1975 L'Annalistique et la Practique Bureaucratique/Uray 1975 L'Annalistique et la Practique Bureaucratique.pdf	OBI_LIBRARY_ROOT:Authors alphabetical/Uray/Uray 1975 L'Annalistique et la Practique Bureaucratique/Uray 1975 L'Annalistique et la Practique Bureaucratique.pdf	data/local/bibliography_sources/uray_1975_l_annalistique_et_la_practique-71961682ba64/Uray 1975 L'Annalistique et la Practique Bureaucratique.pdf	0	Uray 1975 L'Annalistique et la Practique Bureaucratique	pdf	medium	copied	2026-05-29T20:59:08.687684+00:00	
uray_1978_the_annals_of_a_za_principalit-cf1bc9dedee2	cf1bc9dedee296a65f99aa0c40d33a3b8b85ff58b3cab062f3eda4309239fe36	Uray 1978 The Annals of 'A-Za Principality.doc	347136	OBI_LIBRARY_ROOT:Authors alphabetical/Uray/Uray 1978 The Annals of 'A-Za Principality/Uray 1978 The Annals of 'A-Za Principality.doc	OBI_LIBRARY_ROOT:Authors alphabetical/Uray/Uray 1978 The Annals of 'A-Za Principality/Uray 1978 The Annals of 'A-Za Principality.doc	data/local/bibliography_sources/uray_1978_the_annals_of_a_za_principalit-cf1bc9dedee2/Uray 1978 The Annals of 'A-Za Principality.doc	0	Uray 1978 The Annals of 'A-Za Principality	doc	medium	copied	2026-05-29T20:59:08.421949+00:00	
uray_1978_the_annals_of_a_za_principalit-545139fdc442	545139fdc4423bca2db493d178bc9254263abd5850a333d598755d36363d15c2	Uray 1978 The Annals of 'A-Za Principality.pdf	822185	OBI_LIBRARY_ROOT:Authors alphabetical/Uray/Uray 1978 The Annals of 'A-Za Principality/Uray 1978 The Annals of 'A-Za Principality.pdf	OBI_LIBRARY_ROOT:Authors alphabetical/Uray/Uray 1978 The Annals of 'A-Za Principality/Uray 1978 The Annals of 'A-Za Principality.pdf	data/local/bibliography_sources/uray_1978_the_annals_of_a_za_principalit-545139fdc442/Uray 1978 The Annals of 'A-Za Principality.pdf	0	Uray 1978 The Annals of 'A-Za Principality	pdf	medium	copied	2026-05-29T20:59:08.426706+00:00	
uray_1981_l_emploi_du_tibe_tain_dans_les-5e7f544f81df	5e7f544f81df1eb532207527eb31f781488cd54d3dca5c37bbbf2cf296a56914	Uray 1981 L'Emploi du Tibétain dans les Chancelleries.doc	75776	OBI_LIBRARY_ROOT:Authors alphabetical/Uray/Uray 1981 L'Emploi du Tibétain dans les Chancelleries/Uray 1981 L'Emploi du Tibétain dans les Chancelleries.doc	OBI_LIBRARY_ROOT:Authors alphabetical/Uray/Uray 1981 L'Emploi du Tibétain dans les Chancelleries/Uray 1981 L'Emploi du Tibétain dans les Chancelleries.doc	data/local/bibliography_sources/uray_1981_l_emploi_du_tibe_tain_dans_les-5e7f544f81df/Uray 1981 L'Emploi du Tibétain dans les Chancelleries.doc	0	Uray 1981 L'Emploi du Tibétain dans les Chancelleries	doc	medium	copied	2026-05-29T20:59:08.680630+00:00	
uray_1981_l_emploi_du_tibe_tain_dans_les-a2bb21d419b4	a2bb21d419b45dbb177dbbf1a60152690a4d801dc5c1dbbc55c25b2b574d9dfb	Uray 1981 L'Emploi du Tibétain dans les Chancelleries.pdf	331185	OBI_LIBRARY_ROOT:Authors alphabetical/Uray/Uray 1981 L'Emploi du Tibétain dans les Chancelleries/Uray 1981 L'Emploi du Tibétain dans les Chancelleries.pdf	OBI_LIBRARY_ROOT:Authors alphabetical/Uray/Uray 1981 L'Emploi du Tibétain dans les Chancelleries/Uray 1981 L'Emploi du Tibétain dans les Chancelleries.pdf	data/local/bibliography_sources/uray_1981_l_emploi_du_tibe_tain_dans_les-a2bb21d419b4/Uray 1981 L'Emploi du Tibétain dans les Chancelleries.pdf	0	Uray 1981 L'Emploi du Tibétain dans les Chancelleries	pdf	medium	copied	2026-05-29T20:59:08.678614+00:00	
uray_1982_notes_on_the_thousand_district-643f2a8c6083	643f2a8c608378a3dc8a7c30d2a084735f8846eb2a78abb6366c98bed6441316	Uray 1982 Notes on the Thousand-Districts.doc	51712	OBI_LIBRARY_ROOT:Authors alphabetical/Uray/Uray 1982 Notes on the Thousand-Districts/Uray 1982 Notes on the Thousand-Districts.doc	OBI_LIBRARY_ROOT:Authors alphabetical/Uray/Uray 1982 Notes on the Thousand-Districts/Uray 1982 Notes on the Thousand-Districts.doc	data/local/bibliography_sources/uray_1982_notes_on_the_thousand_district-643f2a8c6083/Uray 1982 Notes on the Thousand-Districts.doc	0	Uray 1982 Notes on the Thousand-Districts	doc	medium	copied	2026-05-29T20:59:08.251666+00:00	
uray_1982_notes_on_the_thousand_district-9e7d13c37698	9e7d13c37698604c38904c6460e826db1662d23384fe247394e44d1cc3aeaffb	Uray 1982 Notes on the Thousand-Districts.pdf	894153	OBI_LIBRARY_ROOT:Authors alphabetical/Uray/Uray 1982 Notes on the Thousand-Districts/Uray 1982 Notes on the Thousand-Districts.pdf	OBI_LIBRARY_ROOT:Authors alphabetical/Uray/Uray 1982 Notes on the Thousand-Districts/Uray 1982 Notes on the Thousand-Districts.pdf	data/local/bibliography_sources/uray_1982_notes_on_the_thousand_district-9e7d13c37698/Uray 1982 Notes on the Thousand-Districts.pdf	0	Uray 1982 Notes on the Thousand-Districts	pdf	medium	copied	2026-05-29T20:59:08.258085+00:00	
uray_1983_tibet_s_connections_with_nesto-980a945688c6	980a945688c6d6ec2349a17c1f8ed0d395edb9168760bdac6b7b7298cdbff441	Uray 1983 tibet's connections with nestorianism.pdf	2956462	OBI_LIBRARY_ROOT:Authors alphabetical/Uray/Uray 1983 tibet's connections with nestorianism.pdf	OBI_LIBRARY_ROOT:Authors alphabetical/Uray/Uray 1983 tibet's connections with nestorianism.pdf	data/local/bibliography_sources/uray_1983_tibet_s_connections_with_nesto-980a945688c6/Uray 1983 tibet's connections with nestorianism.pdf	0	Uray	pdf	medium	copied	2026-05-29T20:59:08.387149+00:00	
uray_1984_the_earliest_evidence_of_the_u-e43c037e5ae0	e43c037e5ae01c4a05e772e92fcb989743ccd266dd30006ba6fb9855a987fb0f	Uray 1984 The Earliest Evidence of the use of the Chinese S.doc	175104	OBI_LIBRARY_ROOT:Authors alphabetical/Uray/Uray 1984 The Earliest Evidence of the use of the Chinese Sexage/Uray 1984 The Earliest Evidence of the use of the Chinese S.doc	OBI_LIBRARY_ROOT:Authors alphabetical/Uray/Uray 1984 The Earliest Evidence of the use of the Chinese Sexage/Uray 1984 The Earliest Evidence of the use of the Chinese S.doc	data/local/bibliography_sources/uray_1984_the_earliest_evidence_of_the_u-e43c037e5ae0/Uray 1984 The Earliest Evidence of the use of the Chinese S.doc	0	Uray 1984 The Earliest Evidence of the use of the Chinese Sexage	doc	medium	copied	2026-05-29T20:59:08.620319+00:00	
uray_1984_the_earliest_evidence_of_the_u-cd9d733e21cc	cd9d733e21ccb8e8a90c815d90642831280503e12473dc1da422d68ef7e5b30a	Uray 1984 The Earliest Evidence of the use of the Chinese S.pdf	686314	OBI_LIBRARY_ROOT:Authors alphabetical/Uray/Uray 1984 The Earliest Evidence of the use of the Chinese Sexage/Uray 1984 The Earliest Evidence of the use of the Chinese S.pdf	OBI_LIBRARY_ROOT:Authors alphabetical/Uray/Uray 1984 The Earliest Evidence of the use of the Chinese Sexage/Uray 1984 The Earliest Evidence of the use of the Chinese S.pdf	data/local/bibliography_sources/uray_1984_the_earliest_evidence_of_the_u-cd9d733e21cc/Uray 1984 The Earliest Evidence of the use of the Chinese S.pdf	0	Uray 1984 The Earliest Evidence of the use of the Chinese Sexage	pdf	medium	copied	2026-05-29T20:59:08.615460+00:00	
uray_1988_a_note_on_historical_geography-ebc6501d479b	ebc6501d479b03ee979604abb3bd1aaad6985ada972187138aea746537cb6d3b	Uray 1988 A Note on Historical Geography.doc	83456	OBI_LIBRARY_ROOT:Authors alphabetical/Uray/Uray 1988 A Note on Historical Geography/Uray 1988 A Note on Historical Geography.doc	OBI_LIBRARY_ROOT:Authors alphabetical/Uray/Uray 1988 A Note on Historical Geography/Uray 1988 A Note on Historical Geography.doc	data/local/bibliography_sources/uray_1988_a_note_on_historical_geography-ebc6501d479b/Uray 1988 A Note on Historical Geography.doc	0	Uray 1988 A Note on Historical Geography	doc	medium	copied	2026-05-29T20:59:08.389350+00:00	
uray_1988_a_note_on_historical_geography-22d85a2acb34	22d85a2acb34564f91d6f24174ea7f889bf3ba566663057296b5d8bee0c09d9c	Uray 1988 A Note on Historical Geography.pdf	294510	OBI_LIBRARY_ROOT:Authors alphabetical/Uray/Uray 1988 A Note on Historical Geography/Uray 1988 A Note on Historical Geography.pdf	OBI_LIBRARY_ROOT:Authors alphabetical/Uray/Uray 1988 A Note on Historical Geography/Uray 1988 A Note on Historical Geography.pdf	data/local/bibliography_sources/uray_1988_a_note_on_historical_geography-22d85a2acb34/Uray 1988 A Note on Historical Geography.pdf	0	Uray 1988 A Note on Historical Geography	pdf	medium	copied	2026-05-29T20:59:08.391928+00:00	
uray_1988_new_contributions_to_tibetan_d-dfebc3956f14	dfebc3956f14eadc12c73d8445ad6fa2e756cff5548ea76f4822a9709bfe4c0b	Uray 1988 New Contributions to Tibetan Documents.doc	179295	OBI_LIBRARY_ROOT:Authors alphabetical/Uray/Uray 1988 New Contributions to Tibetan Documents/Uray 1988 New Contributions to Tibetan Documents.doc	OBI_LIBRARY_ROOT:Authors alphabetical/Uray/Uray 1988 New Contributions to Tibetan Documents/Uray 1988 New Contributions to Tibetan Documents.doc	data/local/bibliography_sources/uray_1988_new_contributions_to_tibetan_d-dfebc3956f14/Uray 1988 New Contributions to Tibetan Documents.doc	0	Uray 1988 New Contributions to Tibetan Documents	doc	medium	copied	2026-05-29T20:59:08.629162+00:00	
uray_1988_new_contributions_to_tibetan_d-b39319a7f759	b39319a7f759211e08e727fc0f5a4b700ae4457d43780ce361c5a9ad126de48d	Uray 1988 New Contributions to Tibetan Documents.pdf	1341456	OBI_LIBRARY_ROOT:Authors alphabetical/Uray/Uray 1988 New Contributions to Tibetan Documents/Uray 1988 New Contributions to Tibetan Documents.pdf	OBI_LIBRARY_ROOT:Authors alphabetical/Uray/Uray 1988 New Contributions to Tibetan Documents/Uray 1988 New Contributions to Tibetan Documents.pdf	data/local/bibliography_sources/uray_1988_new_contributions_to_tibetan_d-b39319a7f759/Uray 1988 New Contributions to Tibetan Documents.pdf	0	Uray 1988 New Contributions to Tibetan Documents	pdf	medium	copied	2026-05-29T20:59:08.626893+00:00	
uray_1989_vyutpatti-c507b72d2b50	c507b72d2b503186a425853ee9d0fe364f97e93b385fd6115ed7da653910ceba	Uray 1989 Vyutpatti.pdf	1595741	OBI_LIBRARY_ROOT:Authors alphabetical/Uray/Uray 1989 Vyutpatti.pdf	OBI_LIBRARY_ROOT:Authors alphabetical/Uray/Uray 1989 Vyutpatti.pdf	data/local/bibliography_sources/uray_1989_vyutpatti-c507b72d2b50/Uray 1989 Vyutpatti.pdf	0	Uray	pdf	medium	copied	2026-05-29T20:59:08.248157+00:00	
uray_1990_the_title_dban_po_in_early_tib-1329d3dcf7f2	1329d3dcf7f22a76c3154387284534ae879915636178d758a13c7bc5f3ca7db4	Uray 1990 The Title dban-po in Early Tibetan.doc	151040	OBI_LIBRARY_ROOT:Authors alphabetical/Uray/Uray 1990 The Title dban-po in Early Tibetan/Uray 1990 The Title dban-po in Early Tibetan.doc	OBI_LIBRARY_ROOT:Authors alphabetical/Uray/Uray 1990 The Title dban-po in Early Tibetan/Uray 1990 The Title dban-po in Early Tibetan.doc	data/local/bibliography_sources/uray_1990_the_title_dban_po_in_early_tib-1329d3dcf7f2/Uray 1990 The Title dban-po in Early Tibetan.doc	0	Uray 1990 The Title dban-po in Early Tibetan	doc	medium	copied	2026-05-29T20:59:08.658025+00:00	
uray_1990_the_title_dban_po_in_early_tib-ed154f3a29de	ed154f3a29de0db4aa0b1b83e8a1cdc8e560cf66484c565ea5d07914e6b59367	Uray 1990 The Title dban-po in Early Tibetan.pdf	353860	OBI_LIBRARY_ROOT:Authors alphabetical/Uray/Uray 1990 The Title dban-po in Early Tibetan/Uray 1990 The Title dban-po in Early Tibetan.pdf	OBI_LIBRARY_ROOT:Authors alphabetical/Uray/Uray 1990 The Title dban-po in Early Tibetan/Uray 1990 The Title dban-po in Early Tibetan.pdf	data/local/bibliography_sources/uray_1990_the_title_dban_po_in_early_tib-ed154f3a29de/Uray 1990 The Title dban-po in Early Tibetan.pdf	0	Uray 1990 The Title dban-po in Early Tibetan	pdf	medium	copied	2026-05-29T20:59:08.655834+00:00	
uray_1990_the_old_name_of_ladakh-3a15fb033dc3	3a15fb033dc3eb3cd065ced7cefe12be6ff3c0d736654ba3b437886107052254	Uray 1990 the old name of ladakh.pdf	475792	OBI_LIBRARY_ROOT:Authors alphabetical/Uray/Uray 1990 the old name of ladakh.pdf	OBI_LIBRARY_ROOT:Authors alphabetical/Uray/Uray 1990 the old name of ladakh.pdf	data/local/bibliography_sources/uray_1990_the_old_name_of_ladakh-3a15fb033dc3/Uray 1990 the old name of ladakh.pdf	0	Uray	pdf	medium	copied	2026-05-29T20:59:08.395492+00:00	
uray_1991_the_location_of_khar_can_and_l-457f648c3070	457f648c30700d022587ebd7af80fa00a0ab9bf3dae9903cde499eb791caba4a	Uray 1991 the location of khar can and leng cu.pdf	5275566	OBI_LIBRARY_ROOT:Authors alphabetical/Uray/Uray 1991 the location of khar can and leng cu.pdf	OBI_LIBRARY_ROOT:Authors alphabetical/Uray/Uray 1991 the location of khar can and leng cu.pdf	data/local/bibliography_sources/uray_1991_the_location_of_khar_can_and_l-457f648c3070/Uray 1991 the location of khar can and leng cu.pdf	0	Uray	pdf	medium	copied	2026-05-29T20:59:08.463362+00:00	
uray_1992_structure_and_genesis_of_the_o-bcca4f798ab4	bcca4f798ab47a14abfd401d448e65739d84c239edeae5a306eb2f143b3fa14d	Uray 1992 Structure and Genesis of the Old Tibetan Chronicle.pdf	880513	OBI_LIBRARY_ROOT:Authors alphabetical/Uray/Uray 1992 Structure and Genesis of the Old Tibetan Chronicle.pdf	OBI_LIBRARY_ROOT:Authors alphabetical/Uray/Uray 1992 Structure and Genesis of the Old Tibetan Chronicle.pdf	data/local/bibliography_sources/uray_1992_structure_and_genesis_of_the_o-bcca4f798ab4/Uray 1992 Structure and Genesis of the Old Tibetan Chronicle.pdf	0	Uray	pdf	medium	copied	2026-05-29T20:59:08.372206+00:00	
uray_and_uebach_1994_clan_versus_thousan-ac9e96a26861	ac9e96a26861707840776ecac804709affeec790e4d073e83140af77ebb68f4a	Uray and Uebach 1994 Clan Versus Thousand-District.pdf	6432675	OBI_LIBRARY_ROOT:Authors alphabetical/Uray/Uray and Uebach 1994 Clan Versus Thousand-District/Uray and Uebach 1994 Clan Versus Thousand-District.pdf	OBI_LIBRARY_ROOT:Authors alphabetical/Uray/Uray and Uebach 1994 Clan Versus Thousand-District/Uray and Uebach 1994 Clan Versus Thousand-District.pdf	data/local/bibliography_sources/uray_and_uebach_1994_clan_versus_thousan-ac9e96a26861/Uray and Uebach 1994 Clan Versus Thousand-District.pdf	0	Uray and Uebach 1994 Clan Versus Thousand-District	pdf	medium	copied	2026-05-29T20:59:08.418703+00:00	
uray_and_uebach_1994_clan_versus_thousan-d4964745d02d	d4964745d02d466d18beb34db88fa72b9cc7260e79e66c65317fdfa2f86bfa76	Uray and Uebach 1994 Clan Versus Thousand-District.rtf	17912	OBI_LIBRARY_ROOT:Authors alphabetical/Uray/Uray and Uebach 1994 Clan Versus Thousand-District/Uray and Uebach 1994 Clan Versus Thousand-District.rtf	OBI_LIBRARY_ROOT:Authors alphabetical/Uray/Uray and Uebach 1994 Clan Versus Thousand-District/Uray and Uebach 1994 Clan Versus Thousand-District.rtf	data/local/bibliography_sources/uray_and_uebach_1994_clan_versus_thousan-d4964745d02d/Uray and Uebach 1994 Clan Versus Thousand-District.rtf	0	Uray and Uebach 1994 Clan Versus Thousand-District	rtf	medium	copied	2026-05-29T20:59:08.396981+00:00	
uray_bibliography-e1190da100ac	e1190da100acaf005a56875fc1473acef2206c3aef74753c4ef7e2491492244d	Uray bibliography.doc	80384	OBI_LIBRARY_ROOT:Authors alphabetical/Uray/Uray bibliography.doc	OBI_LIBRARY_ROOT:Authors alphabetical/Uray/Uray bibliography.doc	data/local/bibliography_sources/uray_bibliography-e1190da100ac/Uray bibliography.doc	0	Uray	doc	medium	copied	2026-05-29T20:59:08.374205+00:00	
uray_old_tibetan_sources_of_history_prol-6f7a1f28912c	6f7a1f28912c63bb174ea3a3fa1de0d87bcaa5b1c5fc3d6f330f87a8b78f78b8	Uray-Old_Tibetan_Sources_of_History_Prolegomena.rtf	430650	OBI_LIBRARY_ROOT:Authors alphabetical/Uray/Uray 1979 Old Tibetan Sources/Uray-Old_Tibetan_Sources_of_History_Prolegomena.rtf	OBI_LIBRARY_ROOT:Authors alphabetical/Uray/Uray 1979 Old Tibetan Sources/Uray-Old_Tibetan_Sources_of_History_Prolegomena.rtf	data/local/bibliography_sources/uray_old_tibetan_sources_of_history_prol-6f7a1f28912c/Uray-Old_Tibetan_Sources_of_History_Prolegomena.rtf	0	Uray 1979 Old Tibetan Sources	rtf	medium	copied	2026-05-29T20:59:08.644305+00:00	
uray_the_old_tibetan_sources_of_history_-2fdcfb498969	2fdcfb498969a643c6f2663c972eccde852d91f20d8f0e80bddb0b1aaebbe240	Uray-The_Old_Tibetan_Sources_of_History_Prolegomena.pdf	3171867	OBI_LIBRARY_ROOT:Authors alphabetical/Uray/Uray 1979 Old Tibetan Sources/Uray-The_Old_Tibetan_Sources_of_History_Prolegomena.pdf	OBI_LIBRARY_ROOT:Authors alphabetical/Uray/Uray 1979 Old Tibetan Sources/Uray-The_Old_Tibetan_Sources_of_History_Prolegomena.pdf	data/local/bibliography_sources/uray_the_old_tibetan_sources_of_history_-2fdcfb498969/Uray-The_Old_Tibetan_Sources_of_History_Prolegomena.pdf	0	Uray 1979 Old Tibetan Sources	pdf	medium	copied	2026-05-29T20:59:08.641062+00:00	
van_driem_2006_tibeto_burman-550bfb936e79	550bfb936e797115924dfdafeb18322cd4a5d005275b2e247bbd7024ccd68576	Van Driem 2006 Tibeto-Burman.pdf	6402982	OBI_AUTHOR_ALPHA_ROOT:Driem, G. van/Van Driem 2006 Tibeto-Burman.pdf	OBI_AUTHOR_ALPHA_ROOT:Driem, G. van/Van Driem 2006 Tibeto-Burman.pdf | OBI_LIBRARY_ROOT:Authors alphabetical/Driem, G. van/Van Driem 2006 Tibeto-Burman.pdf	data/local/bibliography_sources/van_driem_2006_tibeto_burman-550bfb936e79/Van Driem 2006 Tibeto-Burman.pdf	1	Driem, G. van	pdf	medium	reused_existing	2026-05-29T22:23:00.449948+00:00	
vohra_1985_ethno_historical_notes_on_nub-1b467157180d	1b467157180d5d0a7b45f50a134f19db8f9d5cbbccb256a995721ca9e1a6aa4d	Vohra 1985 Ethno Historical Notes on Nubra in Ladakh.pdf	938127	OBI_LIBRARY_ROOT:Authors alphabetical/inscription articles/Vohra 1985 Ethno Historical Notes on Nubra in Ladakh.pdf	OBI_LIBRARY_ROOT:Authors alphabetical/inscription articles/Vohra 1985 Ethno Historical Notes on Nubra in Ladakh.pdf	data/local/bibliography_sources/vohra_1985_ethno_historical_notes_on_nub-1b467157180d/Vohra 1985 Ethno Historical Notes on Nubra in Ladakh.pdf	0	inscription articles	pdf	medium	copied	2026-05-29T20:59:17.195822+00:00	
vohra_1985_historical_documents_from_the-95382a107f18	95382a107f185767039a1c658bfb2b77d175c665799c73a4d8f2728b4008a88b	Vohra 1985 Historical Documents from the Nubra Valley.pdf	4446000	OBI_LIBRARY_ROOT:Authors alphabetical/inscription articles/Vohra 1985 Historical Documents from the Nubra Valley.pdf	OBI_LIBRARY_ROOT:Authors alphabetical/inscription articles/Vohra 1985 Historical Documents from the Nubra Valley.pdf	data/local/bibliography_sources/vohra_1985_historical_documents_from_the-95382a107f18/Vohra 1985 Historical Documents from the Nubra Valley.pdf	0	inscription articles	pdf	medium	copied	2026-05-29T20:59:16.169079+00:00	
vohra_1999_tamgas_and_inscriptions_from_-10614414e6b5	10614414e6b59a0cd06e09199d3ec65c8b3717b0c2b7c217b2e676f35f73c557	Vohra 1999 Tamgas and Inscriptions from Tangtse.pdf	2205614	OBI_LIBRARY_ROOT:Authors alphabetical/inscription articles/Vohra 1999 Tamgas and Inscriptions from Tangtse.pdf	OBI_LIBRARY_ROOT:Authors alphabetical/inscription articles/Vohra 1999 Tamgas and Inscriptions from Tangtse.pdf	data/local/bibliography_sources/vohra_1999_tamgas_and_inscriptions_from_-10614414e6b5/Vohra 1999 Tamgas and Inscriptions from Tangtse.pdf	0	inscription articles	pdf	medium	copied	2026-05-29T20:59:16.428869+00:00	
wa_myanmar_wordlist-210147ebbc2d	210147ebbc2d2283cf3bc0159baad5cfe52b5c0a9b6927dfa1d1545acafc3afd	Wa (Myanmar) wordlist.txt	96844	OBI_LIBRARY_ROOT:Thematic/Autocompletion/Wa/mm/final/Wa (Myanmar) wordlist.txt	OBI_LIBRARY_ROOT:Thematic/Autocompletion/Wa/mm/final/Wa (Myanmar) wordlist.txt	data/local/bibliography_sources/wa_myanmar_wordlist-210147ebbc2d/Wa (Myanmar) wordlist.txt	0	final	txt	medium	copied	2026-05-29T21:20:38.053998+00:00	
wa_myanmar-11f2d210db61	11f2d210db6139b11ac7a5b90e44cd7e71f92b423413c5f264581d59cd3e536f	Wa (Myanmar).txt	1422141	OBI_LIBRARY_ROOT:Thematic/Autocompletion/Wa/mm/final/Wa (Myanmar).txt	OBI_LIBRARY_ROOT:Thematic/Autocompletion/Wa/mm/final/Wa (Myanmar).txt	data/local/bibliography_sources/wa_myanmar-11f2d210db61/Wa (Myanmar).txt	0	final	txt	medium	copied	2026-05-29T21:20:38.050990+00:00	
wadell_1909_ancient_historical_edicts_at-e5fde8a79300	e5fde8a793006a4fa455a30aa74fd469ace74c4121b46bcaff85021c66459b5e	Wadell 1909 ancient historical edicts at Lhasa.pdf	4231623	OBI_LIBRARY_ROOT:Authors alphabetical/inscription articles/Wadell 1909 ancient historical edicts at Lhasa.pdf	OBI_LIBRARY_ROOT:Authors alphabetical/inscription articles/Wadell 1909 ancient historical edicts at Lhasa.pdf	data/local/bibliography_sources/wadell_1909_ancient_historical_edicts_at-e5fde8a79300/Wadell 1909 ancient historical edicts at Lhasa.pdf	0	inscription articles	pdf	medium	copied	2026-05-29T20:59:16.107831+00:00	
wadell_1910_ancient_historical_edicts_at-8d6eb9f30a00	8d6eb9f30a00467ce0fb192d1ccfc93aad3043bd1edb94abe7188ad4362f4c54	Wadell 1910 ancient historical edicts at Lhasa.pdf	3904346	OBI_LIBRARY_ROOT:Authors alphabetical/inscription articles/Wadell 1910 ancient historical edicts at Lhasa.pdf	OBI_LIBRARY_ROOT:Authors alphabetical/inscription articles/Wadell 1910 ancient historical edicts at Lhasa.pdf	data/local/bibliography_sources/wadell_1910_ancient_historical_edicts_at-8d6eb9f30a00/Wadell 1910 ancient historical edicts at Lhasa.pdf	0	inscription articles	pdf	medium	copied	2026-05-29T20:59:15.897859+00:00	
wadell_1911_ancient_historical_edicts_at-187318ee8498	187318ee8498882fca4d354293a766412c153e457676c90652f430fe5e970ff7	Wadell 1911 ancient historical edicts at Lhasa.pdf	6115363	OBI_LIBRARY_ROOT:Authors alphabetical/inscription articles/Wadell 1911 ancient historical edicts at Lhasa.pdf	OBI_LIBRARY_ROOT:Authors alphabetical/inscription articles/Wadell 1911 ancient historical edicts at Lhasa.pdf	data/local/bibliography_sources/wadell_1911_ancient_historical_edicts_at-187318ee8498/Wadell 1911 ancient historical edicts at Lhasa.pdf	0	inscription articles	pdf	medium	copied	2026-05-29T20:59:17.191118+00:00	
wan_cung_1982_khri_srong_lde_btsan_rdo_r-19a627ec4da8	19a627ec4da86eea2981cbf08041538c5305e79232b5a6d81d396aab6ad46306	Wan Cung 1982 Khri srong lde btsan rdo ring brkos yig tshod.pdf	4466316	OBI_LIBRARY_ROOT:Authors alphabetical/inscription articles/Wan Cung 1982 Khri srong lde btsan rdo ring brkos yig tshod.pdf	OBI_LIBRARY_ROOT:Authors alphabetical/inscription articles/Wan Cung 1982 Khri srong lde btsan rdo ring brkos yig tshod.pdf	data/local/bibliography_sources/wan_cung_1982_khri_srong_lde_btsan_rdo_r-19a627ec4da8/Wan Cung 1982 Khri srong lde btsan rdo ring brkos yig tshod.pdf	0	inscription articles	pdf	medium	copied	2026-05-29T20:59:16.038036+00:00	
wang_yao_2001_notes_on_old_tibetan_found-49cbfde2514e	49cbfde2514e541ca7d4521e43ef722c4b9007846d32313308964e2f999d4b9c	Wang Yao 2001 Notes on Old Tibetan found in Lijia-y.pdf	2789630	OBI_LIBRARY_ROOT:Authors alphabetical/inscription articles/Wang Yao 2001 Notes on Old Tibetan found in Lijia-y.pdf	OBI_LIBRARY_ROOT:Authors alphabetical/inscription articles/Wang Yao 2001 Notes on Old Tibetan found in Lijia-y.pdf	data/local/bibliography_sources/wang_yao_2001_notes_on_old_tibetan_found-49cbfde2514e/Wang Yao 2001 Notes on Old Tibetan found in Lijia-y.pdf	0	inscription articles	pdf	medium	copied	2026-05-29T20:59:15.970083+00:00	
wedemeyer_christian_vajrayana_and_its_do-83d5efd30c87	83d5efd30c87c456696df83bfb879ab28e2a2c2c0cf17d2bbb29fe454e9138b4	Wedemeyer, Christian - Vajrayana and its Doubles - A Critical Historiography, Exposition, and Translation of the Tantric Works of Aryadeva.pdf	21442512	OBI_LIBRARY_ROOT:Authors alphabetical/Wedemeyer, Christian/Wedemeyer, Christian - Vajrayana and its Doubles - A Critical Historiography, Exposition, and Translation of the Tantric Works of Aryadeva.pdf	OBI_LIBRARY_ROOT:Authors alphabetical/Wedemeyer, Christian/Wedemeyer, Christian - Vajrayana and its Doubles - A Critical Historiography, Exposition, and Translation of the Tantric Works of Aryadeva.pdf	data/local/bibliography_sources/wedemeyer_christian_vajrayana_and_its_do-83d5efd30c87/Wedemeyer, Christian - Vajrayana and its Doubles - A Critical Historiography, Exposition, and Translation of the Tantric Works of Aryadeva.pdf	0	Wedemeyer, Christian	pdf	medium	copied	2026-05-29T20:59:09.023965+00:00	
wolfenden_1929_outlines_of_tibeto_burman-e6718cfd65b2	e6718cfd65b27df09f8d2ce11895b1f1fb789e849978d027530f838a19aa7580	Wolfenden 1929 Outlines of Tibeto-Burman Linguistic Morphology.pdf	22469353	OBI_AUTHOR_ALPHA_ROOT:Wolfenden, Stuart/Wolfenden 1929 Outlines of Tibeto-Burman Linguistic Morphology.pdf	OBI_AUTHOR_ALPHA_ROOT:Wolfenden, Stuart/Wolfenden 1929 Outlines of Tibeto-Burman Linguistic Morphology.pdf | OBI_LIBRARY_ROOT:Authors alphabetical/Wolfenden, Stuart/Wolfenden 1929 Outlines of Tibeto-Burman Linguistic Morphology.pdf	data/local/bibliography_sources/wolfenden_1929_outlines_of_tibeto_burman-e6718cfd65b2/Wolfenden 1929 Outlines of Tibeto-Burman Linguistic Morphology.pdf	1	Wolfenden, Stuart	pdf	medium	reused_existing	2026-05-29T22:23:00.449886+00:00	
xu_1982_notes_on_the_wall_paintings-c3bf865be183	c3bf865be183a300fd032792d9bb705a34369b0e58d3045e577a22e951218fd6	Xu 1982 Notes on the Wall Paintings.pdf	2645777	OBI_LIBRARY_ROOT:Authors alphabetical/inscription articles/Xu 1982 Notes on the Wall Paintings.pdf	OBI_LIBRARY_ROOT:Authors alphabetical/inscription articles/Xu 1982 Notes on the Wall Paintings.pdf	data/local/bibliography_sources/xu_1982_notes_on_the_wall_paintings-c3bf865be183/Xu 1982 Notes on the Wall Paintings.pdf	0	inscription articles	pdf	medium	copied	2026-05-29T20:59:16.257111+00:00	
yiyi_1962_judicial_system_of_king_mindon-050205a369f2	050205a369f26c6cd0bf81dec4d4a151faca84529d4d28e6d3e220d5aca81a40	YiYi-1962-judicial-system-of-king-mindon.pdf	1180704	OBI_LIBRARY_ROOT:Thematic/Burmese/Burma JBRS/1962/YiYi-1962-judicial-system-of-king-mindon.pdf	OBI_LIBRARY_ROOT:Thematic/Burmese/Burma JBRS/1962/YiYi-1962-judicial-system-of-king-mindon.pdf	data/local/bibliography_sources/yiyi_1962_judicial_system_of_king_mindon-050205a369f2/YiYi-1962-judicial-system-of-king-mindon.pdf	0	1962	pdf	medium	reused_existing	2026-05-29T22:23:00.449820+00:00	
yuwaddy_jinphomae_current_history_of_sha-47bc12f51a5b	47bc12f51a5be5b01be95bafbd9dfeff7c7c8430dff2ba58361eb383073fc8f5	Yuwaddy-Jinphomae-Current-History-of-Shan-Literature-and-NanChao-Shan-Ethnic-Groups.pdf	990524	OBI_LIBRARY_ROOT:Thematic/Burmese/DownloadsFromBurmeseInscriptionsFacebookGroup/Yuwaddy-Jinphomae-Current-History-of-Shan-Literature-and-NanChao-Shan-Ethnic-Groups.pdf	OBI_LIBRARY_ROOT:Thematic/Burmese/DownloadsFromBurmeseInscriptionsFacebookGroup/Yuwaddy-Jinphomae-Current-History-of-Shan-Literature-and-NanChao-Shan-Ethnic-Groups.pdf	data/local/bibliography_sources/yuwaddy_jinphomae_current_history_of_sha-47bc12f51a5b/Yuwaddy-Jinphomae-Current-History-of-Shan-Literature-and-NanChao-Shan-Ethnic-Groups.pdf	0	DownloadsFromBurmeseInscriptionsFacebookGroup	pdf	medium	reused_existing	2026-05-29T22:23:00.449543+00:00	
zin_myint_organization_of_king_kyansis_i-14bab2ed3c46	14bab2ed3c468357a9ec4186472cf87e93b19b0bffdf4e9825308bd4336793d7	Zin Myint - Organization of King Kyansis in Mon Inscription.pdf	123312	OBI_LIBRARY_ROOT:Thematic/Burmese/DownloadsFromBurmeseInscriptionsFacebookGroup/Zin Myint - Organization of King Kyansis in Mon Inscription.pdf	OBI_LIBRARY_ROOT:Thematic/Burmese/DownloadsFromBurmeseInscriptionsFacebookGroup/Zin Myint - Organization of King Kyansis in Mon Inscription.pdf	data/local/bibliography_sources/zin_myint_organization_of_king_kyansis_i-14bab2ed3c46/Zin Myint - Organization of King Kyansis in Mon Inscription.pdf	0	DownloadsFromBurmeseInscriptionsFacebookGroup	pdf	medium	reused_existing	2026-05-29T22:23:00.449284+00:00	
bibtex-8b31f0e0ff50	8b31f0e0ff506a48fc24fb6cd1b35244b7a548d7374c09b388fc80630d0484dd	____င___တ_႕_က__က_စ_.pdf	3805364	OBI_LIBRARY_ROOT:Thematic/Burmese/DownloadsFromBurmeseInscriptionsFacebookGroup/____င___တ_႕_က__က_စ_.pdf	OBI_LIBRARY_ROOT:Thematic/Burmese/DownloadsFromBurmeseInscriptionsFacebookGroup/____င___တ_႕_က__က_စ_.pdf	data/local/bibliography_sources/bibtex-8b31f0e0ff50/____င___တ_႕_က__က_စ_.pdf	0	DownloadsFromBurmeseInscriptionsFacebookGroup	pdf	medium	reused_existing	2026-05-29T22:23:00.449037+00:00	
bibtex-3d00910e40e4	3d00910e40e4f38235b5db4d3d76e0a8d43519c1e58158cd76b0e9b19454a44d	_ဒၚတင_အ_န__ (ပ__မ_ကၡ) - ပ_ဂ__ခတ_ _မန_မ__က__က_စ_မ___လ_ _၀_ဟ_ရမ___ _လ_လ_ခ_က_.pdf	9715882	OBI_LIBRARY_ROOT:Thematic/Burmese/DownloadsFromBurmeseInscriptionsFacebookGroup/_ဒၚတင_အ_န__ (ပ__မ_ကၡ) - ပ_ဂ__ခတ_ _မန_မ__က__က_စ_မ___လ_ _၀_ဟ_ရမ___ _လ_လ_ခ_က_.pdf	OBI_LIBRARY_ROOT:Thematic/Burmese/DownloadsFromBurmeseInscriptionsFacebookGroup/_ဒၚတင_အ_န__ (ပ__မ_ကၡ) - ပ_ဂ__ခတ_ _မန_မ__က__က_စ_မ___လ_ _၀_ဟ_ရမ___ _လ_လ_ခ_က_.pdf	data/local/bibliography_sources/bibtex-3d00910e40e4/_ဒၚတင_အ_န__ (ပ__မ_ကၡ) - ပ_ဂ__ခတ_ _မန_မ__က__က_စ_မ___လ_ _၀_ဟ_ရမ___ _လ_လ_ခ_က_.pdf	0	DownloadsFromBurmeseInscriptionsFacebookGroup	pdf	medium	reused_existing	2026-05-29T22:23:00.448784+00:00	
bibtex-a79b99ab31eb	a79b99ab31eb746da0e68759626fb3275fb8a8bbcf5efc4a64057654f04e8d77	_မ_စတ_ပ___က__က_စ_.pdf	1738825	OBI_LIBRARY_ROOT:Thematic/Burmese/DownloadsFromBurmeseInscriptionsFacebookGroup/_မ_စတ_ပ___က__က_စ_.pdf	OBI_LIBRARY_ROOT:Thematic/Burmese/DownloadsFromBurmeseInscriptionsFacebookGroup/_မ_စတ_ပ___က__က_စ_.pdf	data/local/bibliography_sources/bibtex-a79b99ab31eb/_မ_စတ_ပ___က__က_စ_.pdf	0	DownloadsFromBurmeseInscriptionsFacebookGroup	pdf	medium	reused_existing	2026-05-29T22:23:00.448500+00:00	
bibtex-1e31c750b6ed	1e31c750b6edc7d0dc4660f1e91ef968745fa36a7d937dc3582c0d03b07e473c	_မန_မ__ရ___ဟ_င__မင_စ___င___မန_မ_ယဥ__က__မ_.pdf	7188627	OBI_LIBRARY_ROOT:Thematic/Burmese/DownloadsFromBurmeseInscriptionsFacebookGroup/_မန_မ__ရ___ဟ_င__မင_စ___င___မန_မ_ယဥ__က__မ_.pdf	OBI_LIBRARY_ROOT:Thematic/Burmese/DownloadsFromBurmeseInscriptionsFacebookGroup/_မန_မ__ရ___ဟ_င__မင_စ___င___မန_မ_ယဥ__က__မ_.pdf	data/local/bibliography_sources/bibtex-1e31c750b6ed/_မန_မ__ရ___ဟ_င__မင_စ___င___မန_မ_ယဥ__က__မ_.pdf	0	DownloadsFromBurmeseInscriptionsFacebookGroup	pdf	medium	reused_existing	2026-05-29T22:23:00.448227+00:00	
inscriptions_of_burma-b7c07d9f6d02	b7c07d9f6d021d918fb0d778295edd9724adc75a4fc80306e8abe0f78d9b200a	_မန_မ_တ__င__ရင___က__က_စ_(Inscriptions of Burma).pdf	8099848	OBI_LIBRARY_ROOT:Thematic/Burmese/DownloadsFromBurmeseInscriptionsFacebookGroup/_မန_မ_တ__င__ရင___က__က_စ_(Inscriptions of Burma).pdf	OBI_LIBRARY_ROOT:Thematic/Burmese/DownloadsFromBurmeseInscriptionsFacebookGroup/_မန_မ_တ__င__ရင___က__က_စ_(Inscriptions of Burma).pdf	data/local/bibliography_sources/inscriptions_of_burma-b7c07d9f6d02/_မန_မ_တ__င__ရင___က__က_စ_(Inscriptions of Burma).pdf	0	DownloadsFromBurmeseInscriptionsFacebookGroup	pdf	medium	reused_existing	2026-05-29T22:23:00.447932+00:00	
bibtex-44c0ee1fbdd6	44c0ee1fbdd610f6161f85b78457a49446877d6865334c6d93ac0cd36c392242	_မန_မ_တ__င__ရင___က__က_စ_-၂.pdf	8852203	OBI_LIBRARY_ROOT:Thematic/Burmese/DownloadsFromBurmeseInscriptionsFacebookGroup/_မန_မ_တ__င__ရင___က__က_စ_-၂.pdf	OBI_LIBRARY_ROOT:Thematic/Burmese/DownloadsFromBurmeseInscriptionsFacebookGroup/_မန_မ_တ__င__ရင___က__က_စ_-၂.pdf	data/local/bibliography_sources/bibtex-44c0ee1fbdd6/_မန_မ_တ__င__ရင___က__က_စ_-၂.pdf	0	DownloadsFromBurmeseInscriptionsFacebookGroup	pdf	medium	reused_existing	2026-05-29T22:23:00.447662+00:00	
bibtex-6bf676a3cca2	6bf676a3cca217f9c133a431aa8ec78b518465116f65364e7a94c366bb601092	_မန_မ_တ__င__ရင___က__က_စ_-၄.pdf	9436912	OBI_LIBRARY_ROOT:Thematic/Burmese/DownloadsFromBurmeseInscriptionsFacebookGroup/_မန_မ_တ__င__ရင___က__က_စ_-၄.pdf	OBI_LIBRARY_ROOT:Thematic/Burmese/DownloadsFromBurmeseInscriptionsFacebookGroup/_မန_မ_တ__င__ရင___က__က_စ_-၄.pdf	data/local/bibliography_sources/bibtex-6bf676a3cca2/_မန_မ_တ__င__ရင___က__က_စ_-၄.pdf	0	DownloadsFromBurmeseInscriptionsFacebookGroup	pdf	medium	reused_existing	2026-05-29T22:23:00.447394+00:00	
bibtex-d1de51afd1fd	d1de51afd1fda1331bf843342896383606954c867b0a59e89c84a0ed6a74e3e5	_မန_မ_တ__င__ရင___က__က_စ_-၅.pdf	10454058	OBI_LIBRARY_ROOT:Thematic/Burmese/DownloadsFromBurmeseInscriptionsFacebookGroup/_မန_မ_တ__င__ရင___က__က_စ_-၅.pdf	OBI_LIBRARY_ROOT:Thematic/Burmese/DownloadsFromBurmeseInscriptionsFacebookGroup/_မန_မ_တ__င__ရင___က__က_စ_-၅.pdf	data/local/bibliography_sources/bibtex-d1de51afd1fd/_မန_မ_တ__င__ရင___က__က_စ_-၅.pdf	0	DownloadsFromBurmeseInscriptionsFacebookGroup	pdf	medium	reused_existing	2026-05-29T22:23:00.447051+00:00	
bibtex-ffcd681fb92b	ffcd681fb92bf4416825ed8145c69d5a001dffb61b2efc1b6cf4d7d1588fecb0	_မန_မ_တ__င__ရင___က__က_စ_-၆.pdf	11251905	OBI_LIBRARY_ROOT:Thematic/Burmese/DownloadsFromBurmeseInscriptionsFacebookGroup/_မန_မ_တ__င__ရင___က__က_စ_-၆.pdf	OBI_LIBRARY_ROOT:Thematic/Burmese/DownloadsFromBurmeseInscriptionsFacebookGroup/_မန_မ_တ__င__ရင___က__က_စ_-၆.pdf	data/local/bibliography_sources/bibtex-ffcd681fb92b/_မန_မ_တ__င__ရင___က__က_စ_-၆.pdf	0	DownloadsFromBurmeseInscriptionsFacebookGroup	pdf	medium	reused_existing	2026-05-29T22:23:00.446765+00:00	
bibtex-6ab3b54915e7	6ab3b54915e7d2a11ec173d150f161faf02652bebb681c15fd1aa22e338c0ade	_ရ_စည__ခ__မ_န__က__က_စ_-ဦ__ဖ_မ_င_တင_.pdf	4117423	OBI_LIBRARY_ROOT:Thematic/Burmese/DownloadsFromBurmeseInscriptionsFacebookGroup/_ရ_စည__ခ__မ_န__က__က_စ_-ဦ__ဖ_မ_င_တင_.pdf	OBI_LIBRARY_ROOT:Thematic/Burmese/DownloadsFromBurmeseInscriptionsFacebookGroup/_ရ_စည__ခ__မ_န__က__က_စ_-ဦ__ဖ_မ_င_တင_.pdf	data/local/bibliography_sources/bibtex-6ab3b54915e7/_ရ_စည__ခ__မ_န__က__က_စ_-ဦ__ဖ_မ_င_တင_.pdf	0	DownloadsFromBurmeseInscriptionsFacebookGroup	pdf	medium	reused_existing	2026-05-29T22:23:00.446468+00:00	
400m_7dm_3f8_265f_1b_28b_1-bae722e943a9	bae722e943a9c3ba7e40fb126ed4e5cdb958736b94691c0e3e0bcee19b0eadfb	_石渠吐蕃摩崖刻文�__%400M%7DM%3F8%265f%1B%28B(1).pdf	1913744	OBI_LIBRARY_ROOT:Thematic/Tibetan/Tib texts/inscriptions/Catalog Inscriptions/newer materials/_石渠吐蕃摩崖刻文�__%400M%7DM%3F8%265f%1B%28B(1).pdf	OBI_LIBRARY_ROOT:Thematic/Tibetan/Tib texts/inscriptions/Catalog Inscriptions/newer materials/_石渠吐蕃摩崖刻文�__%400M%7DM%3F8%265f%1B%28B(1).pdf	data/local/bibliography_sources/400m_7dm_3f8_265f_1b_28b_1-bae722e943a9/_石渠吐蕃摩崖刻文�__%400M%7DM%3F8%265f%1B%28B(1).pdf	0	newer materials	pdf	medium	copied	2026-05-29T20:58:58.299927+00:00	
a_list_of_inscriptions_found_in_burma_pa-1cabd997be83	1cabd997be838e73f1136b75e88a3fe3aad607e692e6fa38168e68548b01c758	a_list_of_inscriptions_found_in_burma_part_i.pdf	11607635	OBI_LIBRARY_ROOT:Thematic/Burmese/DownloadsFromBurmeseInscriptionsFacebookGroup/a_list_of_inscriptions_found_in_burma_part_i.pdf	OBI_LIBRARY_ROOT:Thematic/Burmese/DownloadsFromBurmeseInscriptionsFacebookGroup/a_list_of_inscriptions_found_in_burma_part_i.pdf	data/local/bibliography_sources/a_list_of_inscriptions_found_in_burma_pa-1cabd997be83/a_list_of_inscriptions_found_in_burma_part_i.pdf	0	DownloadsFromBurmeseInscriptionsFacebookGroup	pdf	medium	reused_existing	2026-05-29T22:23:00.446165+00:00	
bibliogr-a6e254ba20df	a6e254ba20df19dc8d461d89f6462ba815242644007d3c237c1051e8d279fdda	bibliogr.txt	79	OBI_LIBRARY_ROOT:Authors alphabetical/Uray/Uray 1970 A VII.-IX.sz.-i források személynévtana/bibliogr.txt	OBI_LIBRARY_ROOT:Authors alphabetical/Uray/Uray 1970 A VII.-IX.sz.-i források személynévtana/bibliogr.txt	data/local/bibliography_sources/bibliogr-a6e254ba20df/bibliogr.txt	0	Uray 1970 A VII.-IX.sz.-i források személynévtana	txt	medium	copied	2026-05-29T20:59:08.376008+00:00	
booknames-48351fb9668b	48351fb9668b2e964ebae4adb15baaa364042b43d34ead147257a4d9f8bab2a1	booknames.txt	229	OBI_LIBRARY_ROOT:paralleltext-master/bibles/crawling_scripts/myanmarbible.com/booknames.txt	OBI_LIBRARY_ROOT:paralleltext-master/bibles/crawling_scripts/myanmarbible.com/booknames.txt	data/local/bibliography_sources/booknames-48351fb9668b/booknames.txt	0	myanmarbible.com	txt	medium	copied	2026-05-29T21:20:45.513518+00:00	
bradley_tibeto_burman2002-70c8d05567bf	70c8d05567bf138871678f173e3e9ee14b9ee4b270fa6e5cd700417df06bb7fc	bradley_tibeto-burman2002.pdf	1430283	OBI_LIBRARY_ROOT:Thematic/Yi/bradley_tibeto-burman2002.pdf	OBI_LIBRARY_ROOT:Thematic/Yi/bradley_tibeto-burman2002.pdf	data/local/bibliography_sources/bradley_tibeto_burman2002-70c8d05567bf/bradley_tibeto-burman2002.pdf	0	Yi	pdf	medium	copied	2026-05-29T21:20:33.351502+00:00	
bradley_tibeto_burman2002_o-f458ccde72fc	f458ccde72fcbdffcec836bc1156013fdb12a961411bcb182c35d0bb31485e26	bradley_tibeto-burman2002_o.pdf	16641655	OBI_LIBRARY_ROOT:Thematic/Yi/bradley_tibeto-burman2002_o.pdf	OBI_LIBRARY_ROOT:Thematic/Yi/bradley_tibeto-burman2002_o.pdf	data/local/bibliography_sources/bradley_tibeto_burman2002_o-f458ccde72fc/bradley_tibeto-burman2002_o.pdf	0	Yi	pdf	medium	copied	2026-05-29T21:20:33.344038+00:00	
david_harvey_a_companion_to_marxs_capita-d1453284531c	d1453284531c84e78745b1393860fb411bbdaeaae70ef948549080100eb4b498	david-harvey-a-companion-to-marxs-capital-volume-2.pdf	2004894	OBI_LIBRARY_ROOT:Authors alphabetical/Marx, Karl/david-harvey-a-companion-to-marxs-capital-volume-2.pdf	OBI_LIBRARY_ROOT:Authors alphabetical/Marx, Karl/david-harvey-a-companion-to-marxs-capital-volume-2.pdf	data/local/bibliography_sources/david_harvey_a_companion_to_marxs_capita-d1453284531c/david-harvey-a-companion-to-marxs-capital-volume-2.pdf	0	Marx, Karl	pdf	medium	copied	2026-05-29T20:59:10.271178+00:00	
done_to-fb27771e1c3a	fb27771e1c3a621c93bbaa228156e3d19e9445218d59523831a02d9b304f7a33	done_to.txt	42	OBI_LIBRARY_ROOT:Thematic/Burmese/Burma JBRS/done_to.txt	OBI_LIBRARY_ROOT:Thematic/Burmese/Burma JBRS/done_to.txt	data/local/bibliography_sources/done_to-fb27771e1c3a/done_to.txt	0	Burma JBRS	txt	medium	reused_existing	2026-05-29T22:23:00.445836+00:00	
escholarship_uc_item_19d79619-1ffaaa8da67d	1ffaaa8da67de42bcef4c55799d69f360dcc9b855ddd0ca2660d06caa24d6d56	eScholarship UC item 19d79619.pdf	3255119	OBI_LIBRARY_ROOT:Thematic/Burmese/DownloadsFromBurmeseInscriptionsFacebookGroup/eScholarship UC item 19d79619.pdf	OBI_LIBRARY_ROOT:Thematic/Burmese/DownloadsFromBurmeseInscriptionsFacebookGroup/eScholarship UC item 19d79619.pdf	data/local/bibliography_sources/escholarship_uc_item_19d79619-1ffaaa8da67d/eScholarship UC item 19d79619.pdf	0	DownloadsFromBurmeseInscriptionsFacebookGroup	pdf	medium	reused_existing	2026-05-29T22:23:00.445534+00:00	
ebook_36-5a3ac740bce9	5a3ac740bce9a0dd8d8c2d544b8f40ede7de506e73dc6fafd86d95020555da41	ebook(36).pdf	5386652	OBI_LIBRARY_ROOT:Thematic/Burmese/DownloadsFromBurmeseInscriptionsFacebookGroup/ebook(36).pdf	OBI_LIBRARY_ROOT:Thematic/Burmese/DownloadsFromBurmeseInscriptionsFacebookGroup/ebook(36).pdf	data/local/bibliography_sources/ebook_36-5a3ac740bce9/ebook(36).pdf	0	DownloadsFromBurmeseInscriptionsFacebookGroup	pdf	medium	reused_existing	2026-05-29T22:23:00.445184+00:00	
ebook_37-d0aaa566f2b9	d0aaa566f2b93389fb25175d459d6e1c7f41dd0802fa99da89428dc589957441	ebook(37).pdf	9048717	OBI_LIBRARY_ROOT:Thematic/Burmese/DownloadsFromBurmeseInscriptionsFacebookGroup/ebook(37).pdf	OBI_LIBRARY_ROOT:Thematic/Burmese/DownloadsFromBurmeseInscriptionsFacebookGroup/ebook(37).pdf	data/local/bibliography_sources/ebook_37-d0aaa566f2b9/ebook(37).pdf	0	DownloadsFromBurmeseInscriptionsFacebookGroup	pdf	medium	reused_existing	2026-05-29T22:23:00.444720+00:00	
ebook_38-dac3d2a3b5a7	dac3d2a3b5a7458bef2a518714dbb6565cbe938e9c999e21a19f70e688786f9b	ebook(38).pdf	7731190	OBI_LIBRARY_ROOT:Thematic/Burmese/DownloadsFromBurmeseInscriptionsFacebookGroup/ebook(38).pdf	OBI_LIBRARY_ROOT:Thematic/Burmese/DownloadsFromBurmeseInscriptionsFacebookGroup/ebook(38).pdf	data/local/bibliography_sources/ebook_38-dac3d2a3b5a7/ebook(38).pdf	0	DownloadsFromBurmeseInscriptionsFacebookGroup	pdf	medium	reused_existing	2026-05-29T22:23:00.444357+00:00	
forbes_tibeto_burman1878-7612018e495e	7612018e495e8f2027efa2ad8f77835ddc542b311d8634d77ea5b0db47b0397b	forbes_tibeto-burman1878.pdf	2845574	OBI_LIBRARY_ROOT:Thematic/lg families/Trans-Himalyan/forbes_tibeto-burman1878.pdf	OBI_LIBRARY_ROOT:Thematic/lg families/Trans-Himalyan/forbes_tibeto-burman1878.pdf	data/local/bibliography_sources/forbes_tibeto_burman1878-7612018e495e/forbes_tibeto-burman1878.pdf	0	Trans-Himalyan	pdf	medium	copied	2026-05-29T21:20:36.589236+00:00	
force_download_21_php-29159069accf	29159069accfdb74fdc208641b8b73450abf7905843e7303756f21041bdd0fbb	force_download-21.php.pdf	19734016	OBI_LIBRARY_ROOT:Thematic/Burmese/DownloadsFromBurmeseInscriptionsFacebookGroup/force_download-21.php.pdf	OBI_LIBRARY_ROOT:Thematic/Burmese/DownloadsFromBurmeseInscriptionsFacebookGroup/force_download-21.php.pdf	data/local/bibliography_sources/force_download_21_php-29159069accf/force_download-21.php.pdf	0	DownloadsFromBurmeseInscriptionsFacebookGroup	pdf	medium	reused_existing	2026-05-29T22:23:00.444052+00:00	
francke_1909_ta_chao_ssu-5cd67cb25452	5cd67cb2545275f65d1bf0fffd3d224bca91af76d2cf6e79a7d230660083ece0	francke 1909  ta chao ssu.pdf	899618	OBI_LIBRARY_ROOT:Thematic/Tibetan/Tib texts/inscriptions/Author Inscriptions/Francke/francke 1909  ta chao ssu.pdf	OBI_LIBRARY_ROOT:Thematic/Tibetan/Tib texts/inscriptions/Author Inscriptions/Francke/francke 1909  ta chao ssu.pdf	data/local/bibliography_sources/francke_1909_ta_chao_ssu-5cd67cb25452/francke 1909  ta chao ssu.pdf	0	Francke	pdf	medium	copied	2026-05-29T20:58:58.356972+00:00	
grierson_3_iii_tibeto_burman1904-4b6a6a39a3ec	4b6a6a39a3ecf2bf777ea81213a43fbb36839ce8fc5e0d29d987117435be5cf0	grierson_3-iii-tibeto-burman1904.pdf	55801317	OBI_LIBRARY_ROOT:Thematic/Mru/grierson_3-iii-tibeto-burman1904.pdf	OBI_LIBRARY_ROOT:Thematic/Mru/grierson_3-iii-tibeto-burman1904.pdf	data/local/bibliography_sources/grierson_3_iii_tibeto_burman1904-4b6a6a39a3ec/grierson_3-iii-tibeto-burman1904.pdf	0	Mru	pdf	medium	copied	2026-05-29T21:20:34.796830+00:00	
grierson_3_iii_tibeto_burman1904_o-a5a940902741	a5a940902741716d3aaaf003365e677dce763b6c2a5ba12dfce6aa5473c6e3d2	grierson_3-iii-tibeto-burman1904_o.pdf	117378369	OBI_LIBRARY_ROOT:Thematic/Mru/grierson_3-iii-tibeto-burman1904_o.pdf	OBI_LIBRARY_ROOT:Thematic/Mru/grierson_3-iii-tibeto-burman1904_o.pdf	data/local/bibliography_sources/grierson_3_iii_tibeto_burman1904_o-a5a940902741/grierson_3-iii-tibeto-burman1904_o.pdf	0	Mru	pdf	medium	copied	2026-05-29T21:20:34.483823+00:00	
grierson_3_iii_tibeto_burman1904v2_o-a9906b4f1d1d	a9906b4f1d1da5fd37fb2f5ac986ca830e798f88125b0ea91f46c442e113f736	grierson_3-iii-tibeto-burman1904v2_o.pdf	28939455	OBI_LIBRARY_ROOT:Thematic/Mru/grierson_3-iii-tibeto-burman1904v2_o.pdf	OBI_LIBRARY_ROOT:Thematic/Mru/grierson_3-iii-tibeto-burman1904v2_o.pdf	data/local/bibliography_sources/grierson_3_iii_tibeto_burman1904v2_o-a9906b4f1d1d/grierson_3-iii-tibeto-burman1904v2_o.pdf	0	Mru	pdf	medium	copied	2026-05-29T21:20:34.569078+00:00	
harriden_jessica_making_a_name_for_thems-db0f9654233f	db0f9654233ff12f13244199b519b3d80ece1d4794f43dbbcf4bcb4945e687d8	harriden, jessica- making a name for themselves, karen identity and the politicization of ethnicity in burma.pdf	2803413	OBI_LIBRARY_ROOT:Thematic/SEA history/harriden, jessica- making a name for themselves, karen identity and the politicization of ethnicity in burma.pdf	OBI_LIBRARY_ROOT:Thematic/SEA history/harriden, jessica- making a name for themselves, karen identity and the politicization of ethnicity in burma.pdf	data/local/bibliography_sources/harriden_jessica_making_a_name_for_thems-db0f9654233f/harriden, jessica- making a name for themselves, karen identity and the politicization of ethnicity in burma.pdf	0	SEA history	pdf	medium	copied	2026-05-29T21:20:33.993307+00:00	
inscription_of_kathmandu-f83f6a9b6d44	f83f6a9b6d4406d3037c0547d880ab81e707d7207371847f7a681fa995252a4a	inscription of kathmandu.pdf	13458254	OBI_LIBRARY_ROOT:Thematic/misc articles/inscription of kathmandu.pdf	OBI_LIBRARY_ROOT:Thematic/misc articles/inscription of kathmandu.pdf	data/local/bibliography_sources/inscription_of_kathmandu-f83f6a9b6d44/inscription of kathmandu.pdf	0	misc articles	pdf	medium	copied	2026-05-29T20:59:05.932095+00:00	
inscriptions_draft-193f37030094	193f3703009403635c4f75a9ca7b42ff795224583f0d303d3d27b0f0d8bfbb63	inscriptions_draft.pdf	85764250	OBI_LIBRARY_ROOT:Thematic/Tibetan/Tib texts/Richardson photos/Richardson photos 3rd CD - jpeg and pdf/inscriptions_draft.pdf	OBI_LIBRARY_ROOT:Thematic/Tibetan/Tib texts/Richardson photos/Richardson photos 3rd CD - jpeg and pdf/inscriptions_draft.pdf	data/local/bibliography_sources/inscriptions_draft-193f37030094/inscriptions_draft.pdf	0	Richardson photos 3rd CD - jpeg and pdf	pdf	medium	copied	2026-05-29T20:58:58.266590+00:00	
king_asoka-609a40bdbe59	609a40bdbe59c62c2c44f2aed0ea52c76308c38b1d4cca13d14fb8ddcc07f204	king_asoka.pdf	1618155	OBI_LIBRARY_ROOT:Thematic/Burmese/DownloadsFromBurmeseInscriptionsFacebookGroup/king_asoka.pdf	OBI_LIBRARY_ROOT:Thematic/Burmese/DownloadsFromBurmeseInscriptionsFacebookGroup/king_asoka.pdf	data/local/bibliography_sources/king_asoka-609a40bdbe59/king_asoka.pdf	0	DownloadsFromBurmeseInscriptionsFacebookGroup	pdf	medium	reused_existing	2026-05-29T22:23:00.443736+00:00	
kir_x_bible_rayofhope-190c9b06681a	190c9b06681ac47d7720d7a9c45868cdc0bc326d23e96f3b04a3d15ed15b61ca	kir-x-bible-rayofhope.txt	7332524	OBI_LIBRARY_ROOT:paralleltext-master/bibles/corpus/kir-x-bible-rayofhope.txt	OBI_LIBRARY_ROOT:paralleltext-master/bibles/corpus/kir-x-bible-rayofhope.txt	data/local/bibliography_sources/kir_x_bible_rayofhope-190c9b06681a/kir-x-bible-rayofhope.txt	0	corpus	txt	medium	copied	2026-05-29T20:59:17.455306+00:00	
laos_inscription_copy-f8847ea9f81f	f8847ea9f81f0605434427169f273866ec92c86deacbd2cf1220fcaeaa248ecc	laos inscription - Copy.pdf	917048	OBI_LIBRARY_ROOT:Thematic/Burmese/DownloadsFromBurmeseInscriptionsFacebookGroup/laos inscription - Copy.pdf	OBI_LIBRARY_ROOT:Thematic/Burmese/DownloadsFromBurmeseInscriptionsFacebookGroup/laos inscription - Copy.pdf	data/local/bibliography_sources/laos_inscription_copy-f8847ea9f81f/laos inscription - Copy.pdf	0	DownloadsFromBurmeseInscriptionsFacebookGroup	pdf	medium	reused_existing	2026-05-29T22:23:00.443412+00:00	
luce_1985_phases_of_pre_pagan_burma_pp_4-8b32cf59bab3	8b32cf59bab3229dabbe3484c84204b544242acb4846b057718216acebd33d1b	luce_pagan-burma1985pages.pdf	1754758	OBI_LIBRARY_ROOT:Thematic/Mru/luce_pagan-burma1985pages.pdf	OBI_LIBRARY_ROOT:Thematic/Mru/luce_pagan-burma1985pages.pdf | OBI_LIBRARY_ROOT:Thematic/lg families/Trans-Himalyan/Pyu/Luce 1985_Phases of pre-Pagan Burma (pp.47-76).pdf	data/local/bibliography_sources/luce_1985_phases_of_pre_pagan_burma_pp_4-8b32cf59bab3/Luce 1985_Phases of pre-Pagan Burma (pp.47-76).pdf	1	Mru | Pyu	pdf	medium	reused_existing	2026-05-29T22:23:00.443054+00:00	
luce_phases_burma1985-143ccbb78ee9	143ccbb78ee9ee5724d4f8ef4b639939a1e9cc274d3cd2210dc39581fef51d65	luce_phases-burma1985.pdf	140062253	OBI_LIBRARY_ROOT:Thematic/Mru/luce_phases-burma1985.pdf	OBI_LIBRARY_ROOT:Thematic/Mru/luce_phases-burma1985.pdf	data/local/bibliography_sources/luce_phases_burma1985-143ccbb78ee9/luce_phases-burma1985.pdf	0	Mru	pdf	medium	copied	2026-05-29T21:20:35.482937+00:00	
luce_phases_burma1985_o-416c1f14ff11	416c1f14ff11868edc3fdbae31a0df9dae4d98291cf5617b6d634102c75e8192	luce_phases-burma1985_o.pdf	35858779	OBI_LIBRARY_ROOT:Thematic/Mru/luce_phases-burma1985_o.pdf	OBI_LIBRARY_ROOT:Thematic/Mru/luce_phases-burma1985_o.pdf	data/local/bibliography_sources/luce_phases_burma1985_o-416c1f14ff11/luce_phases-burma1985_o.pdf	0	Mru	pdf	medium	copied	2026-05-29T21:20:34.992458+00:00	
more_inscriptions_for_nate-268f1e5f65fc	268f1e5f65fc67544b8cf43a88b2e405a159f7a627b3b91012387ac7f87c615a	more inscriptions for nate.doc	34816	OBI_LIBRARY_ROOT:Authors alphabetical/bibliographies/more inscriptions for nate.doc	OBI_LIBRARY_ROOT:Authors alphabetical/bibliographies/more inscriptions for nate.doc	data/local/bibliography_sources/more_inscriptions_for_nate-268f1e5f65fc/more inscriptions for nate.doc	0	bibliographies	doc	medium	copied	2026-05-29T20:59:10.417363+00:00	
myanmar_w14_5503-e6aab43a076a	e6aab43a076ae87a85eafbf21af594599b05e4db9beedf99b015e52293da56d2	myanmar_W14-5503.pdf	516726	OBI_LIBRARY_ROOT:Thematic/Corpus ling/myanmar_W14-5503.pdf	OBI_LIBRARY_ROOT:Thematic/Corpus ling/myanmar_W14-5503.pdf	data/local/bibliography_sources/myanmar_w14_5503-e6aab43a076a/myanmar_W14-5503.pdf	0	Corpus ling	pdf	medium	copied	2026-05-29T21:20:32.373452+00:00	
myanmaralpha_onairmm_2-02f57d8f5279	02f57d8f52791c462e5e1660cd26f1cc659e2b174fd037aae9c7b4c9d07aa1ce	myanmaralpha (onairmm)(2).pdf	12955996	OBI_LIBRARY_ROOT:Thematic/Burmese/DownloadsFromBurmeseInscriptionsFacebookGroup/myanmaralpha (onairmm)(2).pdf	OBI_LIBRARY_ROOT:Thematic/Burmese/DownloadsFromBurmeseInscriptionsFacebookGroup/myanmaralpha (onairmm)(2).pdf	data/local/bibliography_sources/myanmaralpha_onairmm_2-02f57d8f5279/myanmaralpha (onairmm)(2).pdf	0	DownloadsFromBurmeseInscriptionsFacebookGroup	pdf	medium	reused_existing	2026-05-29T22:23:00.442981+00:00	
myatta_report4_compressed-18882b3ce7a7	18882b3ce7a71277feac0495cec409a5eae6ed34968bc0a85baf61b721598ff8	myatta-report4.compressed.pdf	1340986	OBI_LIBRARY_ROOT:Thematic/Burmese/DownloadsFromBurmeseInscriptionsFacebookGroup/myatta-report4.compressed.pdf	OBI_LIBRARY_ROOT:Thematic/Burmese/DownloadsFromBurmeseInscriptionsFacebookGroup/myatta-report4.compressed.pdf	data/local/bibliography_sources/myatta_report4_compressed-18882b3ce7a7/myatta-report4.compressed.pdf	0	DownloadsFromBurmeseInscriptionsFacebookGroup	pdf	medium	reused_existing	2026-05-29T22:23:00.442644+00:00	
namkung_phonological_tibeto_burman1996-b2e04c8056d4	b2e04c8056d48a56043a824188b88999f34be4b6826ebe03c31caf851d16bc1d	namkung_phonological-tibeto-burman1996.pdf	1199331	OBI_LIBRARY_ROOT:Thematic/Yi/namkung_phonological-tibeto-burman1996.pdf	OBI_LIBRARY_ROOT:Thematic/Mru/namkung_phonological-tibeto-burman1996.pdf | OBI_LIBRARY_ROOT:Thematic/Yi/namkung_phonological-tibeto-burman1996.pdf	data/local/bibliography_sources/namkung_phonological_tibeto_burman1996-b2e04c8056d4/namkung_phonological-tibeto-burman1996.pdf	1	Mru | Yi	pdf	medium	copied	2026-05-29T21:20:33.294771+00:00	
namkung_phonological_tibeto_burman1996_o-ed7f9b06e30b	ed7f9b06e30bd8110e07dfe25cc0da6bed4d99f346bade7ffb85e9da36d4675c	namkung_phonological-tibeto-burman1996_o.pdf	15291408	OBI_LIBRARY_ROOT:Thematic/Mru/namkung_phonological-tibeto-burman1996_o.pdf	OBI_LIBRARY_ROOT:Thematic/Mru/namkung_phonological-tibeto-burman1996_o.pdf	data/local/bibliography_sources/namkung_phonological_tibeto_burman1996_o-ed7f9b06e30b/namkung_phonological-tibeto-burman1996_o.pdf	0	Mru	pdf	medium	copied	2026-05-29T21:20:35.045593+00:00	
namkung_tibeto_burman_phonological1996pa-fef479a8dd1e	fef479a8dd1e93a6317337fe5fa027c466cd3b7d2d5488147fe7917c8189f417	namkung_tibeto-burman-phonological1996pages.pdf	2228302	OBI_LIBRARY_ROOT:Thematic/Yi/namkung_tibeto-burman-phonological1996pages.pdf	OBI_LIBRARY_ROOT:Thematic/Mru/namkung_tibeto-burman-phonological1996pages.pdf | OBI_LIBRARY_ROOT:Thematic/Yi/namkung_tibeto-burman-phonological1996pages.pdf	data/local/bibliography_sources/namkung_tibeto_burman_phonological1996pa-fef479a8dd1e/namkung_tibeto-burman-phonological1996pages.pdf	1	Mru | Yi	pdf	medium	copied	2026-05-29T21:20:33.288070+00:00	
namkung_tibeto_burman_phonological1996pa-9c730bd038a7	9c730bd038a7b2215091868d31ab0fc97223ba3bfd21c308e266e76b1141e26e	namkung_tibeto-burman-phonological1996pages_o.pdf	17142183	OBI_LIBRARY_ROOT:Thematic/Yi/namkung_tibeto-burman-phonological1996pages_o.pdf	OBI_LIBRARY_ROOT:Thematic/Mru/namkung_tibeto-burman-phonological1996pages_o.pdf | OBI_LIBRARY_ROOT:Thematic/Yi/namkung_tibeto-burman-phonological1996pages_o.pdf	data/local/bibliography_sources/namkung_tibeto_burman_phonological1996pa-9c730bd038a7/namkung_tibeto-burman-phonological1996pages_o.pdf	1	Mru | Yi	pdf	medium	copied	2026-05-29T21:20:33.278260+00:00	
nan_tee_inscription_1-3d852d71582a	3d852d71582a7586f247b16020f8483b6560e90b31da0570d247594aaf65012b	nan tee inscription 1.pdf	1684378	OBI_LIBRARY_ROOT:Thematic/Burmese/DownloadsFromBurmeseInscriptionsFacebookGroup/nan tee inscription 1.pdf	OBI_LIBRARY_ROOT:Thematic/Burmese/DownloadsFromBurmeseInscriptionsFacebookGroup/nan tee inscription 1.pdf	data/local/bibliography_sources/nan_tee_inscription_1-3d852d71582a/nan tee inscription 1.pdf	0	DownloadsFromBurmeseInscriptionsFacebookGroup	pdf	medium	reused_existing	2026-05-29T22:23:00.442281+00:00	
otdorev060801-438b9157a81e	438b9157a81e02c079e604c26ea1ede9c79384a51ed2e6d5a208ebf71625ece5	otdoRev060801.pdf	216844	OBI_LIBRARY_ROOT:Authors alphabetical/inscription articles/otdoRev060801.pdf	OBI_LIBRARY_ROOT:Authors alphabetical/inscription articles/otdoRev060801.pdf	data/local/bibliography_sources/otdorev060801-438b9157a81e/otdoRev060801.pdf	0	inscription articles	pdf	medium	copied	2026-05-29T20:59:16.153742+00:00	
pali_and_old_mon_ink-491c9413b889	491c9413b88933a03ce4483ec53a0b40e55eddd2f9e1c6a54e0b56c82d873eaa	pali and old mon ink.pdf	4514719	OBI_LIBRARY_ROOT:Thematic/Burmese/DownloadsFromBurmeseInscriptionsFacebookGroup/pali and old mon ink.pdf	OBI_LIBRARY_ROOT:Thematic/Burmese/DownloadsFromBurmeseInscriptionsFacebookGroup/pali and old mon ink.pdf	data/local/bibliography_sources/pali_and_old_mon_ink-491c9413b889/pali and old mon ink.pdf	0	DownloadsFromBurmeseInscriptionsFacebookGroup	pdf	medium	reused_existing	2026-05-29T22:23:00.441823+00:00	
review_1951_of_uray_kelet_tibet-a2abf6dd0154	a2abf6dd01549fe655245cba21ec1f72023ff09c402041f2f9d500caeedf2644	review 1951 of Uray Kelet-Tibet.pdf	296512	OBI_LIBRARY_ROOT:Authors alphabetical/Uray/review 1951 of Uray Kelet-Tibet.pdf	OBI_LIBRARY_ROOT:Authors alphabetical/Uray/review 1951 of Uray Kelet-Tibet.pdf	data/local/bibliography_sources/review_1951_of_uray_kelet_tibet-a2abf6dd0154/review 1951 of Uray Kelet-Tibet.pdf	0	Uray	pdf	medium	copied	2026-05-29T20:59:08.466179+00:00	
rtser_snyeg_1989_3_pp68_76-7a040cf425f6	7a040cf425f61fbf885f977cad4238692a0ec42c67f7a46d5d7df7b71105b59a	rtser snyeg_1989_3_pp68-76.pdf	4354083	OBI_LIBRARY_ROOT:Authors alphabetical/inscription articles/rtser snyeg_1989_3_pp68-76.pdf	OBI_LIBRARY_ROOT:Authors alphabetical/inscription articles/rtser snyeg_1989_3_pp68-76.pdf	data/local/bibliography_sources/rtser_snyeg_1989_3_pp68_76-7a040cf425f6/rtser snyeg_1989_3_pp68-76.pdf	0	inscription articles	pdf	medium	copied	2026-05-29T20:59:16.081543+00:00	
san_khao_ho-95cf3b28c7e5	95cf3b28c7e536c2afd295db054b0c9e51491dfdada586213592356f9a9fe9e3	san khao ho.pdf	1186038	OBI_LIBRARY_ROOT:Thematic/Burmese/DownloadsFromBurmeseInscriptionsFacebookGroup/san khao ho.pdf	OBI_LIBRARY_ROOT:Thematic/Burmese/DownloadsFromBurmeseInscriptionsFacebookGroup/san khao ho.pdf	data/local/bibliography_sources/san_khao_ho-95cf3b28c7e5/san khao ho.pdf	0	DownloadsFromBurmeseInscriptionsFacebookGroup	pdf	medium	reused_existing	2026-05-29T22:23:00.441521+00:00	
satterthwaite_tibeto_burman2011-527f481cc42a	527f481cc42a2591e3faa2868b0868aa1d391811c9ad3eaf623455b902a3b1c2	satterthwaite-phillips-2011-phylogenetic-inference-tibeto-burman.pdf	13292863	OBI_AUTHOR_ALPHA_ROOT:dissertations/TB ling Phds/satterthwaite-phillips-2011-phylogenetic-inference-tibeto-burman.pdf	OBI_AUTHOR_ALPHA_ROOT:dissertations/TB ling Phds/Satterthwaite-Phillips 2011 phylogenic interference in Tibeto-Burman.pdf | OBI_AUTHOR_ALPHA_ROOT:dissertations/TB ling Phds/satterthwaite-phillips-2011-phylogenetic-inference-tibeto-burman.pdf | OBI_LIBRARY_ROOT:Authors alphabetical/dissertations/TB ling Phds/Satterthwaite-Phillips 2011 phylogenic interference in Tibeto-Burman.pdf | OBI_LIBRARY_ROOT:Authors alphabetical/dissertations/TB ling Phds/satterthwaite-phillips-2011-phylogenetic-inference-tibeto-burman.pdf | OBI_LIBRARY_ROOT:Thematic/Yi/satterthwaite_tibeto-burman2011.pdf	data/local/bibliography_sources/satterthwaite_tibeto_burman2011-527f481cc42a/satterthwaite_tibeto-burman2011.pdf	4	TB ling Phds | Yi	pdf	medium	reused_existing	2026-05-29T22:23:00.441220+00:00	
tbetan_culture_1991-0224a47c028d	0224a47c028dee1e263d5e868a1853e43e8a79ff08cef0783faddcda3b351c98	tbetan culture 1991.pdf	2528188	OBI_LIBRARY_ROOT:Authors alphabetical/inscription articles/tbetan culture 1991.pdf	OBI_LIBRARY_ROOT:Authors alphabetical/inscription articles/tbetan culture 1991.pdf	data/local/bibliography_sources/tbetan_culture_1991-0224a47c028d/tbetan culture 1991.pdf	0	inscription articles	pdf	medium	copied	2026-05-29T20:59:16.126872+00:00	
u_aung_thein_pyu_description_www_monlibr-d217b26384b7	d217b26384b798555822f01b0fcdba8722f6602ec9fb2f14d097c2b065953531	u-aung-thein-pyu-description(www.monlibrary.com).pdf	15053019	OBI_LIBRARY_ROOT:Thematic/Burmese/DownloadsFromBurmeseInscriptionsFacebookGroup/u-aung-thein-pyu-description(www.monlibrary.com).pdf	OBI_LIBRARY_ROOT:Thematic/Burmese/DownloadsFromBurmeseInscriptionsFacebookGroup/u-aung-thein-pyu-description(www.monlibrary.com).pdf	data/local/bibliography_sources/u_aung_thein_pyu_description_www_monlibr-d217b26384b7/u-aung-thein-pyu-description(www.monlibrary.com).pdf	0	DownloadsFromBurmeseInscriptionsFacebookGroup	pdf	medium	reused_existing	2026-05-29T22:23:00.441149+00:00	
van_driem_1989_tibeto_burman_t_in_dumi_r-f541ea41560a	f541ea41560a9ba3de31120ba6dc523bf8c4ddfea08cbaf9885d3803615c876a	van Driem 1989 Tibeto-Burman -t in Dumi Rai.pdf	1458011	OBI_AUTHOR_ALPHA_ROOT:Driem, G. van/van Driem 1989 Tibeto-Burman -t in Dumi Rai.pdf	OBI_AUTHOR_ALPHA_ROOT:Driem, G. van/van Driem 1989 Tibeto-Burman -t in Dumi Rai.pdf | OBI_LIBRARY_ROOT:Authors alphabetical/Driem, G. van/van Driem 1989 Tibeto-Burman -t in Dumi Rai.pdf	data/local/bibliography_sources/van_driem_1989_tibeto_burman_t_in_dumi_r-f541ea41560a/van Driem 1989 Tibeto-Burman -t in Dumi Rai.pdf	1	Driem, G. van	pdf	medium	reused_existing	2026-05-29T22:23:00.440821+00:00	
van_driem_2001_lgha_tibeto_burman-e490c18155d4	e490c18155d41bb7f0f41e7f66e920a77f88c53781bbfb113cd705a7c4dc6151	van Driem 2001 LGHA Tibeto-Burman.pdf	6137200	OBI_AUTHOR_ALPHA_ROOT:Driem, G. van/van Driem 2001/van Driem 2001 LGHA Tibeto-Burman.pdf	OBI_AUTHOR_ALPHA_ROOT:Driem, G. van/van Driem 2001/van Driem 2001 LGHA Tibeto-Burman.pdf | OBI_LIBRARY_ROOT:Authors alphabetical/Driem, G. van/van Driem 2001/van Driem 2001 LGHA Tibeto-Burman.pdf	data/local/bibliography_sources/van_driem_2001_lgha_tibeto_burman-e490c18155d4/van Driem 2001 LGHA Tibeto-Burman.pdf	1	van Driem 2001	pdf	medium	reused_existing	2026-05-29T22:23:00.440756+00:00	
van_driem_2003_tibeto_burman_vs_sino_tib-fd2063955743	fd2063955743c0335def9d5359c324457a52ecafd69de127fb96c1b92f6a6893	van Driem 2003 Tibeto-Burman vs. Sino-Tibetan.pdf	512902	OBI_AUTHOR_ALPHA_ROOT:Driem, G. van/van Driem 2003 Tibeto-Burman vs. Sino-Tibetan.pdf	OBI_AUTHOR_ALPHA_ROOT:Driem, G. van/van Driem 2003 Tibeto-Burman vs. Sino-Tibetan.pdf | OBI_LIBRARY_ROOT:Authors alphabetical/Driem, G. van/van Driem 2003 Tibeto-Burman vs. Sino-Tibetan.pdf	data/local/bibliography_sources/van_driem_2003_tibeto_burman_vs_sino_tib-fd2063955743/van Driem 2003 Tibeto-Burman vs. Sino-Tibetan.pdf	1	Driem, G. van	pdf	medium	reused_existing	2026-05-29T22:23:00.440691+00:00	
weidert1987tibeto_burman-4de8c6d12282	4de8c6d12282670bffd6b8baef0fc311506570fa75f1e3f593a51304fdc4666f	weidert1987tibeto-burman.pdf	33805959	OBI_AUTHOR_ALPHA_ROOT:Weidert, A./weidert1987tibeto-burman.pdf	OBI_AUTHOR_ALPHA_ROOT:Weidert, A./weidert1987tibeto-burman.pdf | OBI_LIBRARY_ROOT:Authors alphabetical/Weidert, A./weidert1987tibeto-burman.pdf	data/local/bibliography_sources/weidert1987tibeto_burman-4de8c6d12282/weidert1987tibeto-burman.pdf	1	Weidert, A.	pdf	medium	reused_existing	2026-05-29T22:23:00.440627+00:00	
bibtex-92b851c77de3	92b851c77de39fa60eb00a141c3ceff9da7a0617827c889864d976b1162765a4	ཀོང་པོ་གླང་མཁར་རྡོ་རིང་གི་སྐོར་གླེང་བ།.pdf	1125632	OBI_LIBRARY_ROOT:Thematic/Tibetan/Tib texts/inscriptions/Catalog Inscriptions/newer materials/ཀོང་པོ་གླང་མཁར་རྡོ་རིང་གི་སྐོར་གླེང་བ།.pdf	OBI_LIBRARY_ROOT:Thematic/Tibetan/Tib texts/inscriptions/Catalog Inscriptions/newer materials/ཀོང་པོ་གླང་མཁར་རྡོ་རིང་གི་སྐོར་གླེང་བ།.pdf	data/local/bibliography_sources/bibtex-92b851c77de3/ཀོང་པོ་གླང་མཁར་རྡོ་རིང་གི་སྐོར་གླེང་བ།.pdf	0	newer materials	pdf	medium	copied	2026-05-29T20:58:58.307169+00:00	
bibtex-03905e66e9a7	03905e66e9a72f87c15f3e749771cef44875befb62f811135bbe106b0eba707c	འཕྱོངརྒྱསསྟགརྩེ.pdf	1280279	OBI_LIBRARY_ROOT:Thematic/Tibetan/Tib texts/inscriptions/Catalog Inscriptions/newer materials/འཕྱོངརྒྱསསྟགརྩེ.pdf	OBI_LIBRARY_ROOT:Thematic/Tibetan/Tib texts/inscriptions/Catalog Inscriptions/newer materials/འཕྱོངརྒྱསསྟགརྩེ.pdf	data/local/bibliography_sources/bibtex-03905e66e9a7/འཕྱོངརྒྱསསྟགརྩེ.pdf	0	newer materials	pdf	medium	copied	2026-05-29T20:58:58.313657+00:00	
bibtex-f99e1d78e0ce	f99e1d78e0ceebec37e64b2e4589fc905837530bf23d14e6ed9f0fd1d14f6981	སེར་ཤུལ་ས་ཆར་གནས་པའི་བཙན་པོའི་སྐབས་ཀྱི་བྲག་བརྐོས་ཡི་གེ.pdf	822016	OBI_LIBRARY_ROOT:Thematic/Tibetan/Tib texts/inscriptions/Catalog Inscriptions/newer materials/སེར་ཤུལ་ས་ཆར་གནས་པའི་བཙན་པོའི་སྐབས་ཀྱི་བྲག་བརྐོས་ཡི་གེ.pdf	OBI_LIBRARY_ROOT:Thematic/Tibetan/Tib texts/inscriptions/Catalog Inscriptions/newer materials/སེར་ཤུལ་ས་ཆར་གནས་པའི་བཙན་པོའི་སྐབས་ཀྱི་བྲག་བརྐོས་ཡི་གེ.pdf	data/local/bibliography_sources/bibtex-f99e1d78e0ce/སེར་ཤུལ་ས་ཆར་གནས་པའི་བཙན་པོའི་སྐབས་ཀྱི་བྲག་བརྐོས་ཡི་གེ.pdf	0	newer materials	pdf	medium	copied	2026-05-29T20:58:58.287287+00:00	
bibtex-35a95cc92101	35a95cc9210116a52cc37fdc0a7f68c72ec9743149c61f4410803437ec0e8f1a	ပ__စ_ ခင_ဘ_ရ__ပခ_ပ_မ___(သန___ဆ__ _ဒၚ).pdf	924708	OBI_LIBRARY_ROOT:Thematic/Burmese/DownloadsFromBurmeseInscriptionsFacebookGroup/ပ__စ_ ခင_ဘ_ရ__ပခ_ပ_မ___(သန___ဆ__ _ဒၚ).pdf	OBI_LIBRARY_ROOT:Thematic/Burmese/DownloadsFromBurmeseInscriptionsFacebookGroup/ပ__စ_ ခင_ဘ_ရ__ပခ_ပ_မ___(သန___ဆ__ _ဒၚ).pdf	data/local/bibliography_sources/bibtex-35a95cc92101/ပ__စ_ ခင_ဘ_ရ__ပခ_ပ_မ___(သန___ဆ__ _ဒၚ).pdf	0	DownloadsFromBurmeseInscriptionsFacebookGroup	pdf	medium	reused_existing	2026-05-29T22:23:00.440555+00:00	
bibtex-25ffdb9857f2	25ffdb9857f2abb2a4ffa99d7e4eabe68dc41832080a748390f81155b921cfdc	ပ__အကၡရ___င___ရ_ဖတ_နည__.pdf	17752844	OBI_LIBRARY_ROOT:Thematic/Burmese/DownloadsFromBurmeseInscriptionsFacebookGroup/ပ__အကၡရ___င___ရ_ဖတ_နည__.pdf	OBI_LIBRARY_ROOT:Thematic/Burmese/DownloadsFromBurmeseInscriptionsFacebookGroup/ပ__အကၡရ___င___ရ_ဖတ_နည__.pdf	data/local/bibliography_sources/bibtex-25ffdb9857f2/ပ__အကၡရ___င___ရ_ဖတ_နည__.pdf	0	DownloadsFromBurmeseInscriptionsFacebookGroup	pdf	medium	reused_existing	2026-05-29T22:23:00.440214+00:00	
bibtex-93fc4a8f107a	93fc4a8f107a92590af6a5e09bbdcc8cc0c794a6316084714bb974433f6192a4	ပ_ဂ__ခတ_ အလ__ ဆ__င_၇_ ဆ__တ_င__က__မ_စ_မ___.pdf	917724	OBI_LIBRARY_ROOT:Thematic/Burmese/DownloadsFromBurmeseInscriptionsFacebookGroup/ပ_ဂ__ခတ_ အလ__ ဆ__င_၇_ ဆ__တ_င__က__မ_စ_မ___.pdf	OBI_LIBRARY_ROOT:Thematic/Burmese/DownloadsFromBurmeseInscriptionsFacebookGroup/ပ_ဂ__ခတ_ အလ__ ဆ__င_၇_ ဆ__တ_င__က__မ_စ_မ___.pdf	data/local/bibliography_sources/bibtex-93fc4a8f107a/ပ_ဂ__ခတ_ အလ__ ဆ__င_၇_ ဆ__တ_င__က__မ_စ_မ___.pdf	0	DownloadsFromBurmeseInscriptionsFacebookGroup	pdf	medium	reused_existing	2026-05-29T22:23:00.439848+00:00	
bibtex-567b0c9d175a	567b0c9d175a73de1b11c6676e6eb0bdd783df829a03e38fd3ea4f7308c8dadb	ပ_ဂ__ခတ__မန__မ__က__က_စ_အဘ_ဓ_န_(_မတ__က___ဦ_).pdf	15024184	OBI_LIBRARY_ROOT:Thematic/Burmese/DownloadsFromBurmeseInscriptionsFacebookGroup/ပ_ဂ__ခတ__မန__မ__က__က_စ_အဘ_ဓ_န_(_မတ__က___ဦ_).pdf	OBI_LIBRARY_ROOT:Thematic/Burmese/DownloadsFromBurmeseInscriptionsFacebookGroup/ပ_ဂ__ခတ__မန__မ__က__က_စ_အဘ_ဓ_န_(_မတ__က___ဦ_).pdf	data/local/bibliography_sources/bibtex-567b0c9d175a/ပ_ဂ__ခတ__မန__မ__က__က_စ_အဘ_ဓ_န_(_မတ__က___ဦ_).pdf	0	DownloadsFromBurmeseInscriptionsFacebookGroup	pdf	medium	reused_existing	2026-05-29T22:23:00.439158+00:00	
bibtex-a77fc7725947	a77fc77259479f3a4033d8501b4a3548e3317aeed1d2d6651d0ae5acb2a73330	ပ_ဂ_မင_စ_စ_ပထမခရ__.pdf	5184237	OBI_LIBRARY_ROOT:Thematic/Burmese/DownloadsFromBurmeseInscriptionsFacebookGroup/ပ_ဂ_မင_စ_စ_ပထမခရ__.pdf	OBI_LIBRARY_ROOT:Thematic/Burmese/DownloadsFromBurmeseInscriptionsFacebookGroup/ပ_ဂ_မင_စ_စ_ပထမခရ__.pdf	data/local/bibliography_sources/bibtex-a77fc7725947/ပ_ဂ_မင_စ_စ_ပထမခရ__.pdf	0	DownloadsFromBurmeseInscriptionsFacebookGroup	pdf	medium	reused_existing	2026-05-29T22:23:00.438830+00:00	
bibtex-7dc5e01ff4e2	7dc5e01ff4e27d6e6aa50931734fe504afc770c0fe33d61f8dec3a35effa670d	မ__ရ__ခရ__င__ခ__င__ဦ_အတ_င__ရ__ _က__က_စ_မ___.pdf	3053664	OBI_LIBRARY_ROOT:Thematic/Burmese/DownloadsFromBurmeseInscriptionsFacebookGroup/မ__ရ__ခရ__င__ခ__င__ဦ_အတ_င__ရ__ _က__က_စ_မ___.pdf	OBI_LIBRARY_ROOT:Thematic/Burmese/DownloadsFromBurmeseInscriptionsFacebookGroup/မ__ရ__ခရ__င__ခ__င__ဦ_အတ_င__ရ__ _က__က_စ_မ___.pdf	data/local/bibliography_sources/bibtex-7dc5e01ff4e2/မ__ရ__ခရ__င__ခ__င__ဦ_အတ_င__ရ__ _က__က_စ_မ___.pdf	0	DownloadsFromBurmeseInscriptionsFacebookGroup	pdf	medium	reused_existing	2026-05-29T22:23:00.438593+00:00	
www_monlibrary_com-844a6b144296	844a6b144296dbf6a22b94573d001ef60fa965b4d5da48bb65a0073988db7d00	မ_န_အ_ၾက_င__သ__က_င__စရ_(www.monlibrary.com).pdf	5726705	OBI_LIBRARY_ROOT:Thematic/Burmese/DownloadsFromBurmeseInscriptionsFacebookGroup/မ_န_အ_ၾက_င__သ__က_င__စရ_(www.monlibrary.com).pdf	OBI_LIBRARY_ROOT:Thematic/Burmese/DownloadsFromBurmeseInscriptionsFacebookGroup/မ_န_အ_ၾက_င__သ__က_င__စရ_(www.monlibrary.com).pdf	data/local/bibliography_sources/www_monlibrary_com-844a6b144296/မ_န_အ_ၾက_င__သ__က_င__စရ_(www.monlibrary.com).pdf	0	DownloadsFromBurmeseInscriptionsFacebookGroup	pdf	medium	reused_existing	2026-05-29T22:23:00.438376+00:00	
www_monlibrary_com-424fc03c7150	424fc03c7150cc2d8fa19339f228fa447439798df2687c60178ee1ac408fb226	လ_က_တဿ_မန__စတ႘_မ(_မ_စတ႘မ_န__က__က_စ_)-န__ပ_န_လ_(www.monlibrary.com).pdf	6921723	OBI_LIBRARY_ROOT:Thematic/Burmese/DownloadsFromBurmeseInscriptionsFacebookGroup/လ_က_တဿ_မန__စတ႘_မ(_မ_စတ႘မ_န__က__က_စ_)-န__ပ_န_လ_(www.monlibrary.com).pdf	OBI_LIBRARY_ROOT:Thematic/Burmese/DownloadsFromBurmeseInscriptionsFacebookGroup/လ_က_တဿ_မန__စတ႘_မ(_မ_စတ႘မ_န__က__က_စ_)-န__ပ_န_လ_(www.monlibrary.com).pdf	data/local/bibliography_sources/www_monlibrary_com-424fc03c7150/လ_က_တဿ_မန__စတ႘_မ(_မ_စတ႘မ_န__က__က_စ_)-န__ပ_န_လ_(www.monlibrary.com).pdf	0	DownloadsFromBurmeseInscriptionsFacebookGroup	pdf	medium	reused_existing	2026-05-29T22:23:00.438121+00:00	
www_monlibrary_com-28a8d0462938	28a8d04629383fdc71ee710d24421ce01d95264f93eb10da7ed21a39aebaa60d	သ__တသနစ__ပမ___-___င_ပန__လ_(www.monlibrary.com).pdf	14870547	OBI_LIBRARY_ROOT:Thematic/Burmese/DownloadsFromBurmeseInscriptionsFacebookGroup/သ__တသနစ__ပမ___-___င_ပန__လ_(www.monlibrary.com).pdf	OBI_LIBRARY_ROOT:Thematic/Burmese/DownloadsFromBurmeseInscriptionsFacebookGroup/သ__တသနစ__ပမ___-___င_ပန__လ_(www.monlibrary.com).pdf	data/local/bibliography_sources/www_monlibrary_com-28a8d0462938/သ__တသနစ__ပမ___-___င_ပန__လ_(www.monlibrary.com).pdf	0	DownloadsFromBurmeseInscriptionsFacebookGroup	pdf	medium	reused_existing	2026-05-29T22:23:00.437806+00:00	
bibtex-e09e13be8386	e09e13be83866f0697f684b7b35effdd5fd6d4fb49465f5d88515ea31751e116	ဦ_စ_သ__အ_င_-_အဒ_ __ခ_က_ရ_စ___င__ ယင__မတ__င_မ_ ရခ__င__ပည_သ___အကၡရ_.pdf	6589890	OBI_LIBRARY_ROOT:Thematic/Burmese/DownloadsFromBurmeseInscriptionsFacebookGroup/ဦ_စ_သ__အ_င_-_အဒ_ __ခ_က_ရ_စ___င__ ယင__မတ__င_မ_ ရခ__င__ပည_သ___အကၡရ_.pdf	OBI_LIBRARY_ROOT:Thematic/Burmese/DownloadsFromBurmeseInscriptionsFacebookGroup/ဦ_စ_သ__အ_င_-_အဒ_ __ခ_က_ရ_စ___င__ ယင__မတ__င_မ_ ရခ__င__ပည_သ___အကၡရ_.pdf	data/local/bibliography_sources/bibtex-e09e13be8386/ဦ_စ_သ__အ_င_-_အဒ_ __ခ_က_ရ_စ___င__ ယင__မတ__င_မ_ ရခ__င__ပည_သ___အကၡရ_.pdf	0	DownloadsFromBurmeseInscriptionsFacebookGroup	pdf	medium	reused_existing	2026-05-29T22:23:00.437405+00:00	
chinese_sources_on_burma-f9cf577a3e90	f9cf577a3e90fbcc5fe692d9b59be06b8d713c0e2014015bfe9e3e5dc38bb6e3	中国古籍中有关缅甸资料汇编 Chinese Sources on Burma.pdf	28275180	OBI_LIBRARY_ROOT:Thematic/Pyu/中国古籍中有关缅甸资料汇编 Chinese Sources on Burma.pdf	OBI_LIBRARY_ROOT:Thematic/Pyu/中国古籍中有关缅甸资料汇编 Chinese Sources on Burma.pdf	data/local/bibliography_sources/chinese_sources_on_burma-f9cf577a3e90/中国古籍中有关缅甸资料汇编 Chinese Sources on Burma.pdf	0	Pyu	pdf	medium	copied	2026-05-29T21:20:36.497683+00:00	
bibtex-a9cb48060c20	a9cb48060c20da6ef81bb0dec73702e53264e302b2002bdbe7d0704de79a0d97	吐蕃朗嘎碑的考古调查与研究（文物）.pdf	1314298	OBI_LIBRARY_ROOT:Thematic/Tibetan/Tib texts/inscriptions/Catalog Inscriptions/newer materials/吐蕃朗嘎碑的考古调查与研究（文物）.pdf	OBI_LIBRARY_ROOT:Thematic/Tibetan/Tib texts/inscriptions/Catalog Inscriptions/newer materials/吐蕃朗嘎碑的考古调查与研究（文物）.pdf	data/local/bibliography_sources/bibtex-a9cb48060c20/吐蕃朗嘎碑的考古调查与研究（文物）.pdf	0	newer materials	pdf	medium	copied	2026-05-29T20:58:58.282411+00:00	
bibtex-060e65d430d6	060e65d430d66c2175e915d4afeb2502ae14372ac4b31eda25e2cbf5214fda5c	查木钦石碑与吐蕃墓群主人之新考.pdf	5069432	OBI_LIBRARY_ROOT:Thematic/Tibetan/Tib texts/inscriptions/Catalog Inscriptions/newer materials/查木钦石碑与吐蕃墓群主人之新考.pdf	OBI_LIBRARY_ROOT:Thematic/Tibetan/Tib texts/inscriptions/Catalog Inscriptions/newer materials/查木钦石碑与吐蕃墓群主人之新考.pdf	data/local/bibliography_sources/bibtex-060e65d430d6/查木钦石碑与吐蕃墓群主人之新考.pdf	0	newer materials	pdf	medium	copied	2026-05-29T20:58:58.330731+00:00	
bibtex-ab4cd19c339e	ab4cd19c339e8ec5504af6d3fa649c14151ebe76a1772ef1be507e58aa4d0b8c	石渠吐蕃摩崖刻文.pdf	997065	OBI_LIBRARY_ROOT:Thematic/Tibetan/Tib texts/inscriptions/Catalog Inscriptions/newer materials/石渠吐蕃摩崖刻文.pdf	OBI_LIBRARY_ROOT:Thematic/Tibetan/Tib texts/inscriptions/Catalog Inscriptions/newer materials/石渠吐蕃摩崖刻文.pdf	data/local/bibliography_sources/bibtex-ab4cd19c339e/石渠吐蕃摩崖刻文.pdf	0	newer materials	pdf	medium	copied	2026-05-29T20:58:58.292226+00:00	
2010_skardu-8d9dea6d0c47	8d9dea6d0c47a142558627f57107aa48159686b27233ad1aeab04bfd9acaf0a7	陳_馬2010_Skardu.pdf	10810984	OBI_LIBRARY_ROOT:Authors alphabetical/inscription articles/陳_馬2010_Skardu.pdf	OBI_LIBRARY_ROOT:Authors alphabetical/inscription articles/陳_馬2010_Skardu.pdf	data/local/bibliography_sources/2010_skardu-8d9dea6d0c47/陳_馬2010_Skardu.pdf	0	inscription articles	pdf	medium	copied	2026-05-29T20:59:15.954343+00:00	
